SCC,SCV,DVV,ICP,CCDT,CVCT,ACCV C,ACCV D,ECD,ECV,CCD,CCV,SoH
-0.028676,0.021360,0.574074,1.742181,20.012715,11.040577,3.462965,2.706052,170.930807,4.276462,1.029544,0.021147,0.933022
-0.023797,0.021776,0.580743,1.721637,20.014018,12.180540,3.459935,2.719490,170.955129,4.393795,1.031744,0.021773,0.936245
-0.028834,0.020683,0.547645,1.930006,20.015488,11.889690,3.461541,2.704195,171.239494,4.362060,1.032658,0.021516,0.937512
-0.024998,0.021505,0.553857,1.986586,20.007813,12.224110,3.460577,2.708967,171.556098,4.379141,1.033943,0.021656,0.938973
-0.031216,0.019839,0.532412,2.041760,20.008552,11.216390,3.459372,2.729627,171.886810,4.211734,1.034303,0.020670,0.939558
-0.027930,0.019974,0.514876,2.354642,20.009053,12.102453,3.456187,2.717156,171.405687,4.556624,1.034355,0.022409,0.939747
-0.033928,0.020507,0.570450,1.763260,20.009800,10.299585,3.461384,2.724738,171.793257,4.299069,1.034748,0.021202,0.940014
-0.029438,0.019843,0.476851,2.127115,20.009977,10.606273,3.455698,2.702162,172.076684,3.836178,1.035156,0.018930,0.940656
-0.025181,0.021303,0.600297,1.665875,20.010240,12.005708,3.459744,2.713061,171.556999,4.514438,1.035635,0.022383,0.941011
-0.028382,0.020154,0.514380,2.031710,20.010255,11.498132,3.457420,2.704642,172.053142,4.230240,1.035545,0.020865,0.941072
-0.035383,0.019840,0.543682,2.314106,19.860157,10.100912,3.459485,2.707564,171.917997,4.244823,1.035837,0.020904,0.941153
-0.034571,0.019801,0.477467,2.076906,19.831938,10.154205,3.455440,2.723511,171.656114,3.917387,1.035285,0.019144,0.940950
-0.030591,0.020417,0.569947,1.793866,19.803205,10.977380,3.461286,2.736214,171.886084,4.270546,1.035879,0.021168,0.941273
-0.038838,0.020124,0.503796,2.387732,19.823515,9.503670,3.457815,2.722870,172.144244,3.860162,1.035090,0.018929,0.940739
-0.031046,0.020944,0.575538,1.773971,19.942507,11.669832,3.461226,2.701459,171.548665,4.670935,1.036273,0.023043,0.941711
-0.033459,0.018919,0.484594,1.989253,19.722183,10.106073,3.454709,2.714961,171.817072,3.937031,1.035550,0.019409,0.941133
-0.033217,0.019903,0.499849,2.000491,19.746268,10.267128,3.459138,2.732630,172.013000,4.017259,1.036057,0.019886,0.941486
-0.047841,0.019711,0.507639,2.336523,19.453313,8.178455,3.459420,2.741462,172.053427,3.891007,1.035298,0.019042,0.940850
-0.036602,0.020368,0.553868,1.805784,19.607712,10.618328,3.462285,2.724937,171.511761,4.485721,1.035256,0.022092,0.940869
-0.032441,0.020183,0.526660,1.974251,19.688303,10.254237,3.459980,2.739683,172.015708,3.989765,1.035865,0.019727,0.941352
-0.032047,0.020121,0.545651,1.919491,19.802897,11.163873,3.456564,2.732355,171.730239,4.323457,1.035903,0.021223,0.941444
-0.037150,0.019499,0.564497,1.790873,19.616447,10.040847,3.461800,2.724120,171.389468,4.179072,1.035255,0.020534,0.940832
-0.031159,0.020844,0.587799,1.876066,19.517510,10.908983,3.466117,2.719454,171.759931,4.268922,1.035820,0.021119,0.941257
-0.035162,0.020107,0.504463,2.092111,19.709132,10.786650,3.456705,2.719224,171.645062,4.273295,1.035697,0.020993,0.941252
-0.032218,0.021003,0.573861,1.766748,19.653030,10.657560,3.463918,2.715624,171.363989,4.343707,1.036260,0.021482,0.941624
-0.038989,0.019868,0.527757,1.804147,19.531955,10.176892,3.456529,2.715995,171.590119,4.258173,1.035495,0.020888,0.941164
-0.031425,0.020191,0.547226,2.002831,19.693853,10.595595,3.459588,2.723762,171.782095,4.016743,1.035991,0.019834,0.941470
-0.030013,0.020315,0.576915,1.767515,19.679482,11.219332,3.461073,2.723021,171.619862,4.387234,1.036407,0.021635,0.941797
-0.027164,0.020922,0.559732,2.128130,19.592285,11.745847,3.461785,2.724615,171.402481,4.290269,1.035739,0.021214,0.941334
-0.037697,0.019598,0.547104,1.994947,19.466672,9.764797,3.459020,2.729764,171.635158,4.196545,1.035377,0.020586,0.940876
-0.029397,0.020567,0.558809,1.914567,19.633733,11.379683,3.460509,2.715450,171.380797,4.286668,1.035886,0.021190,0.941327
-0.029443,0.020837,0.560976,1.783634,19.611542,11.681528,3.462423,2.712070,171.140131,4.294459,1.035825,0.021270,0.941343
-0.036820,0.020372,0.542566,2.017046,19.377128,9.029332,3.461021,2.737278,171.472083,3.847337,1.035064,0.019000,0.940677
-0.027734,0.020415,0.586426,1.848614,19.597638,11.258487,3.458717,2.714766,171.400726,4.283595,1.035966,0.021165,0.941343
-0.048223,0.019633,0.462107,2.362341,19.417463,8.748817,3.460611,2.736265,171.468157,3.923623,1.035426,0.019208,0.941019
-0.032596,0.020279,0.580397,1.787312,19.482618,11.131185,3.459844,2.735961,171.542189,4.353700,1.036128,0.021442,0.941623
-0.032891,0.020026,0.535766,1.973108,19.526838,10.236513,3.457862,2.725266,171.770890,3.952108,1.035664,0.019535,0.941223
-0.039063,0.020469,0.570856,1.920355,19.358423,9.889050,3.464524,2.736537,171.411442,4.286224,1.036021,0.021211,0.941404
-0.031085,0.020435,0.538758,2.324673,19.552987,10.964723,3.461684,2.722984,171.382241,4.257441,1.035589,0.021006,0.941226
-0.039954,0.019443,0.533656,2.133677,19.421643,9.158955,3.456178,2.742306,171.787523,3.934853,1.035548,0.019344,0.941116
-0.030693,0.019737,0.547459,1.762875,19.689130,10.625140,3.456153,2.736320,171.727985,4.026879,1.035985,0.019845,0.941559
-0.034084,0.020446,0.556445,1.797077,19.423947,10.328320,3.463331,2.731394,171.304170,4.259143,1.035600,0.021024,0.941198
-0.050075,0.020550,0.560782,1.815533,19.389992,8.467473,3.459981,2.734028,171.699637,4.157821,1.035170,0.020384,0.940682
-0.033687,0.019676,0.526338,2.030751,19.423147,10.491008,3.458021,2.733772,172.043733,4.035385,1.036078,0.019917,0.941592
-0.030646,0.019254,0.477950,2.391589,19.576407,10.656842,3.455599,2.731725,171.336256,3.958851,1.035677,0.019510,0.941223
-0.032919,0.019778,0.544191,1.973864,19.457528,10.903702,3.461219,2.737796,171.411734,4.272581,1.035567,0.020951,0.941193
-0.033612,0.019863,0.540918,1.974935,19.520988,10.872222,3.458357,2.709364,171.495418,4.335805,1.036015,0.021283,0.941504
-0.041992,0.019477,0.472668,2.229600,19.305777,9.015025,3.458423,2.724563,171.586420,3.836767,1.035002,0.018895,0.940693
-0.031088,0.020831,0.544145,1.837993,19.459645,11.194980,3.462396,2.746387,171.361276,4.519788,1.035442,0.022260,0.941008
-0.037537,0.020554,0.544919,1.892028,19.455067,10.326112,3.461333,2.741769,171.850023,4.255434,1.035601,0.020885,0.941149
-0.029351,0.020599,0.556693,2.306523,19.509720,11.179252,3.461274,2.711721,171.836028,4.333410,1.036156,0.021367,0.941572
-0.033718,0.020467,0.547812,1.956993,19.434397,10.018742,3.459482,2.719853,171.460073,4.177002,1.035233,0.020643,0.940823
-0.039652,0.021082,0.536815,1.862756,19.429805,9.821522,3.463218,2.728100,171.630560,4.194314,1.035288,0.020594,0.940874
-0.041853,0.020258,0.553389,1.806586,19.343065,9.137305,3.460339,2.722862,171.384188,4.168722,1.035124,0.020427,0.940744
-0.042080,0.018713,0.485346,1.888417,19.272337,8.435127,3.456105,2.735094,171.135616,3.852058,1.034965,0.018799,0.940636
-0.032262,0.020140,0.584284,1.787712,19.391422,10.211568,3.462090,2.751871,171.508031,4.177675,1.035233,0.020684,0.940827
-0.030753,0.020777,0.559943,1.833389,19.480340,10.892960,3.461312,2.707195,171.568095,4.260855,1.035751,0.021055,0.941218
-0.042954,0.019400,0.501509,1.994291,19.187228,8.988697,3.459663,2.732038,171.802149,3.810917,1.034909,0.018804,0.940553
-0.033997,0.021928,0.589133,1.697788,19.273828,10.654387,3.466370,2.712123,171.186000,4.358961,1.034717,0.021613,0.940281
-0.033925,0.020975,0.512910,2.375206,19.395800,9.602662,3.459821,2.726405,171.436309,3.747246,1.034445,0.018515,0.940223
-0.027953,0.021248,0.627852,1.669328,19.457403,11.693527,3.462353,2.717596,170.988808,4.566566,1.035847,0.022568,0.941234
-0.027065,0.019180,0.479127,2.121304,19.515412,11.103785,3.456523,2.727971,170.980756,3.878522,1.035198,0.019122,0.940839
-0.042906,0.019600,0.496993,2.184371,19.272993,8.902852,3.459210,2.748556,171.677130,3.860986,1.035244,0.019046,0.940785
-0.031574,0.020152,0.528071,2.151534,19.628055,10.467742,3.457447,2.722953,171.915532,3.904414,1.035367,0.019279,0.940990
-0.032613,0.020168,0.604595,1.650221,19.452442,11.023930,3.459834,2.709663,171.561925,4.640416,1.036120,0.022847,0.941537
-0.036045,0.020073,0.545214,1.958145,19.461718,10.018135,3.458193,2.732048,171.656444,4.137263,1.035045,0.020384,0.940672
-0.036461,0.020168,0.542014,1.873135,19.419670,9.920872,3.461969,2.725569,171.567692,4.200018,1.035448,0.020670,0.940937
-0.044197,0.019309,0.509636,2.039729,19.267692,9.292263,3.456837,2.735658,171.768996,3.896554,1.035164,0.019070,0.940892
-0.030774,0.020379,0.568034,1.830860,19.457638,10.825300,3.460224,2.733982,171.332670,4.175723,1.035272,0.020637,0.940864
-0.046682,0.020302,0.530812,1.737166,19.225487,8.212872,3.460900,2.736833,171.641289,3.749494,1.034567,0.018496,0.940235
-0.035933,0.020351,0.491281,2.239853,19.341942,9.311587,3.458152,2.732792,171.886070,3.777020,1.034641,0.018631,0.940359
-0.030971,0.020338,0.584290,1.900274,19.418688,11.716583,3.458500,2.720727,171.308420,4.455665,1.035137,0.021904,0.940687
-0.039098,0.020624,0.525458,2.069098,19.355870,9.482627,3.458848,2.740063,171.456333,4.033727,1.034516,0.019872,0.940194
-0.034410,0.020532,0.569255,1.771407,19.291813,10.066053,3.463879,2.726191,171.528081,4.158056,1.035241,0.020502,0.940764
-0.037666,0.018971,0.487472,2.144575,19.425648,9.408575,3.454175,2.733161,171.406232,3.789155,1.034554,0.018486,0.940336
-0.037312,0.020646,0.580059,1.871841,19.319818,10.421565,3.463830,2.732304,171.290292,4.353130,1.034586,0.021404,0.940232
-0.027772,0.020881,0.572504,2.046525,19.424045,11.159473,3.460898,2.721583,171.407490,4.162109,1.035222,0.020614,0.940756
-0.037120,0.019377,0.531915,1.947124,19.278428,9.174723,3.457961,2.737314,171.696866,3.731565,1.034475,0.018389,0.940167
-0.035943,0.019681,0.504547,2.234864,19.311330,9.470127,3.457315,2.714762,171.184440,3.986496,1.034348,0.019682,0.939958
-0.034660,0.020796,0.559310,1.858326,19.403387,10.362793,3.459375,2.726320,171.327311,4.095190,1.034844,0.020264,0.940459
-0.036308,0.019900,0.543611,1.960582,19.250393,10.142408,3.460957,2.727472,171.541828,4.151879,1.035069,0.020377,0.940704
-0.039449,0.019548,0.535955,1.996892,19.304715,9.021968,3.453592,2.736229,171.175841,3.645108,1.033957,0.017921,0.939772
-0.041614,0.020720,0.559969,1.867542,19.329850,8.843800,3.462606,2.722232,171.275872,3.934238,1.034117,0.019457,0.939743
-0.034715,0.020348,0.547537,2.042680,19.426067,10.264685,3.460044,2.734847,171.537302,4.053155,1.034627,0.019971,0.940272
-0.035378,0.020414,0.554246,2.064555,19.364897,10.198435,3.459539,2.725707,171.470728,4.069737,1.034702,0.020088,0.940376
-0.034626,0.021360,0.595778,1.857676,19.280378,10.273157,3.465097,2.719240,170.989729,4.254209,1.034190,0.021074,0.939812
-0.040782,0.019954,0.501579,1.993663,19.205722,9.132957,3.457270,2.730925,171.336181,3.918977,1.033858,0.019212,0.939616
-0.032417,0.020696,0.551409,1.867552,19.599643,10.760183,3.456221,2.733595,171.099312,4.227260,1.033961,0.020814,0.939672
-0.038938,0.020749,0.593214,1.726113,19.393400,9.669960,3.466545,2.728608,170.684888,4.230214,1.034065,0.020845,0.939701
-0.029980,0.020715,0.544765,1.782857,19.382447,10.959723,3.462465,2.729359,171.380599,4.094953,1.034853,0.020235,0.940442
-0.039977,0.019177,0.519877,2.032465,19.416103,9.249752,3.453593,2.730183,171.518097,3.943641,1.034077,0.019324,0.939722
-0.039421,0.021031,0.571020,1.773704,19.246105,9.652817,3.464447,2.718814,171.021360,4.292123,1.034275,0.021084,0.939942
-0.033615,0.020726,0.571384,1.968711,19.390592,10.781027,3.462697,2.717401,171.085120,4.323439,1.034437,0.021242,0.940071
-0.029942,0.020412,0.532001,1.879687,19.322272,10.838225,3.462029,2.742028,171.489701,4.038041,1.034491,0.019897,0.940210
-0.025771,0.020976,0.563869,1.813390,19.577298,12.629992,3.458324,2.715861,171.031750,4.439882,1.034942,0.021810,0.940608
-0.030594,0.020312,0.531024,2.192330,19.401378,10.563875,3.458753,2.733884,171.315313,4.023068,1.034508,0.019822,0.940127
-0.035909,0.019535,0.554704,2.046813,19.367502,9.765265,3.456810,2.736458,171.512248,4.003383,1.034378,0.019735,0.940050
-0.033328,0.020268,0.564514,1.875350,19.311387,10.669683,3.461251,2.723292,170.587051,4.066651,1.034720,0.020045,0.940317
-0.032546,0.020687,0.596631,1.792967,19.420445,10.800920,3.465197,2.729809,171.143758,4.267273,1.034206,0.021096,0.939877
-0.027797,0.021064,0.574961,2.008806,19.508737,11.310167,3.463495,2.707996,171.325383,4.077578,1.034814,0.020193,0.940395
-0.043278,0.019438,0.491146,1.955568,19.233823,9.141973,3.459145,2.729451,171.587183,3.955378,1.034013,0.019345,0.939744
-0.032697,0.020757,0.542514,1.998871,19.433878,10.331085,3.457987,2.743023,170.792590,3.891538,1.033773,0.019188,0.939538
-0.031273,0.019638,0.537684,1.765676,19.460678,10.909243,3.457405,2.747454,171.330937,4.037198,1.034540,0.019893,0.940197
-0.036710,0.020311,0.521055,1.930926,19.351470,10.124170,3.461052,2.737653,171.357344,4.293752,1.034277,0.021095,0.939966
-0.035326,0.021016,0.552814,1.808911,19.389028,9.402895,3.460433,2.724449,171.423896,3.891900,1.033706,0.019137,0.939511
-0.032115,0.020397,0.590281,1.838574,19.364858,10.285157,3.459996,2.725326,171.246937,4.160388,1.033723,0.020539,0.939384
-0.035497,0.020719,0.548368,1.624152,19.335402,10.456550,3.462266,2.728262,171.318691,4.272373,1.034195,0.020980,0.939848
-0.042297,0.020190,0.516625,1.894928,19.265030,8.967480,3.458969,2.744507,171.518179,3.832957,1.033392,0.018802,0.939238
-0.031090,0.020380,0.583161,1.750554,19.330895,10.752628,3.461556,2.726520,170.964759,4.284111,1.034269,0.021175,0.939962
-0.026713,0.019778,0.524112,2.141201,19.531685,11.255048,3.456685,2.714713,171.104404,3.995885,1.034253,0.019713,0.940012
-0.044569,0.021042,0.558259,1.895905,19.243788,9.304102,3.462300,2.729897,171.116778,4.219956,1.033965,0.020713,0.939608
-0.044307,0.020075,0.499333,2.406235,19.215293,9.136215,3.458246,2.738642,171.080078,3.825513,1.033264,0.018664,0.939120
-0.035283,0.020480,0.554179,1.891817,19.296777,9.846388,3.460774,2.732459,171.099114,4.115668,1.033555,0.020342,0.939189
-0.038148,0.019919,0.554489,1.929388,19.259818,9.465933,3.457900,2.731314,171.317619,3.809151,1.033284,0.018787,0.939108
-0.024504,0.021318,0.579020,1.928479,19.525830,12.181845,3.461735,2.726626,170.688918,4.279800,1.034248,0.021146,0.939934
-0.033631,0.020391,0.574338,1.873420,19.409597,10.404765,3.461573,2.719030,170.627603,4.137833,1.033493,0.020348,0.939255
-0.035657,0.020762,0.561487,1.781291,19.319593,10.074483,3.461340,2.742244,170.966967,4.135419,1.033586,0.020368,0.939290
-0.027914,0.021215,0.548105,1.864685,19.378015,11.298088,3.460815,2.708485,171.052856,4.168310,1.033652,0.020648,0.939395
-0.029884,0.020525,0.584379,1.751054,19.333775,10.702140,3.462087,2.730126,171.296513,4.161850,1.033720,0.020571,0.939376
-0.027768,0.020369,0.556761,1.797538,19.441227,11.668632,3.458137,2.752148,171.369772,4.217847,1.033932,0.020785,0.939657
-0.038539,0.020981,0.569203,1.847182,19.413033,9.824785,3.462802,2.729724,170.980413,4.192033,1.033934,0.020646,0.939523
-0.045313,0.019545,0.505571,2.230144,19.165710,9.049785,3.461811,2.730872,170.877012,3.873056,1.033457,0.018935,0.939392
-0.029749,0.020489,0.521890,1.873154,19.400987,11.403668,3.460410,2.737315,171.138781,4.254660,1.034065,0.020892,0.939766
-0.044514,0.020119,0.522102,1.928895,19.096205,8.415740,3.459417,2.744976,171.403362,3.753619,1.033072,0.018389,0.938859
-0.023437,0.020939,0.548008,1.909110,19.654978,12.644012,3.458327,2.717644,171.431547,4.236077,1.033904,0.020779,0.939659
-0.037956,0.020701,0.579325,1.536933,19.267938,9.479740,3.461846,2.733882,171.116709,4.015084,1.032911,0.019840,0.938707
-0.027680,0.020774,0.522075,1.724564,19.540722,11.998602,3.459013,2.721338,171.037298,4.203510,1.033859,0.020777,0.939542
-0.045703,0.019834,0.557844,1.970811,19.181443,8.869318,3.460691,2.731913,170.734026,4.090447,1.033325,0.020065,0.939034
-0.033070,0.020188,0.553636,1.964092,19.335493,10.116838,3.458052,2.725182,170.636749,4.029102,1.032859,0.019829,0.938767
-0.040310,0.021132,0.538724,2.097777,19.257400,9.610243,3.462951,2.739560,171.103081,4.066153,1.033139,0.019943,0.938914
-0.033610,0.020571,0.532421,2.086617,19.363040,10.126862,3.459836,2.731979,171.398632,3.822977,1.033416,0.018867,0.939174
-0.035910,0.021587,0.576351,1.999530,19.322650,11.048632,3.461342,2.726130,170.832611,4.418387,1.033314,0.021709,0.939134
-0.029061,0.020924,0.568189,1.703016,19.430107,11.286562,3.460340,2.730016,171.046881,4.099021,1.033347,0.020251,0.939085
-0.039061,0.019783,0.576130,2.077615,19.249342,9.487945,3.459801,2.729050,171.089127,4.035036,1.033085,0.019851,0.938786
-0.032971,0.020565,0.507142,2.256025,19.328358,9.927180,3.458881,2.736167,171.359402,3.702325,1.032661,0.018249,0.938619
-0.033788,0.020796,0.603375,1.776802,19.238538,10.621785,3.462095,2.720573,170.901714,4.329813,1.033070,0.021353,0.938796
-0.025930,0.020014,0.516407,2.153315,19.406673,11.128342,3.457946,2.722887,171.238347,3.800501,1.033198,0.018740,0.939092
-0.034635,0.020858,0.609472,2.010038,19.426147,10.628595,3.462130,2.738715,170.632995,4.444154,1.033664,0.021904,0.939296
-0.036726,0.019837,0.538054,2.081574,19.303692,10.349893,3.459415,2.726569,170.816923,4.294324,1.032542,0.021037,0.938527
-0.027726,0.020845,0.526323,2.016834,19.368880,11.038357,3.461856,2.730469,171.080248,4.024192,1.033007,0.019927,0.938757
-0.041456,0.020465,0.584464,1.825275,19.217335,8.547045,3.458922,2.722664,170.967802,3.863740,1.032234,0.019082,0.938014
-0.036472,0.019728,0.511703,1.953557,19.289883,10.511612,3.457481,2.727752,170.625790,3.983062,1.032501,0.019472,0.938474
-0.037690,0.020369,0.612398,1.672855,19.259818,9.862805,3.462171,2.739745,170.677354,4.194512,1.032407,0.020692,0.938155
-0.041414,0.019628,0.537364,2.064162,19.187335,9.328962,3.456684,2.732362,170.979530,3.891122,1.032154,0.019025,0.938074
-0.025653,0.021223,0.600908,1.749908,19.530928,12.351563,3.461078,2.732170,170.658947,4.407198,1.033354,0.021695,0.939091
-0.029208,0.021891,0.594817,2.022720,19.382142,11.847012,3.464084,2.712141,170.743039,4.322070,1.032982,0.021375,0.938749
-0.032326,0.020731,0.538628,1.611258,19.296940,10.046923,3.459176,2.745874,171.163045,3.895025,1.032310,0.019180,0.938176
-0.025316,0.020884,0.562334,1.927438,19.499365,11.962125,3.460085,2.723927,170.770903,4.338552,1.033129,0.021446,0.938791
-0.034876,0.021144,0.512325,2.005099,19.268385,10.244648,3.463369,2.716954,170.823798,3.890409,1.032187,0.019170,0.938124
-0.035879,0.020516,0.579462,1.725675,19.360685,10.558258,3.460233,2.735976,170.976260,4.253656,1.032561,0.020879,0.938368
-0.044082,0.019197,0.541410,2.167218,19.215778,9.208270,3.458194,2.753971,171.069941,3.954779,1.032586,0.019368,0.938380
-0.035155,0.018881,0.499225,2.326119,19.316627,9.757198,3.453932,2.728336,170.865426,3.632566,1.032294,0.017725,0.938282
-0.040391,0.020870,0.574841,2.111605,19.246218,9.633205,3.458462,2.734600,170.939329,4.200065,1.032320,0.020588,0.938113
-0.037357,0.019834,0.522583,2.064602,19.126482,9.602008,3.458157,2.723275,171.282118,3.914485,1.032299,0.019146,0.938195
-0.030992,0.020595,0.469357,2.952312,19.400912,10.644420,3.455227,2.729363,171.257817,3.820014,1.031799,0.018779,0.937802
-0.032567,0.021810,0.593194,1.971122,19.319427,10.854025,3.465324,2.735905,170.687461,4.144299,1.032090,0.020513,0.937906
-0.028316,0.021117,0.553602,1.921901,19.420483,11.524225,3.461240,2.736787,170.782288,4.231580,1.032391,0.020777,0.938283
-0.038940,0.020586,0.571837,1.810308,19.225998,8.881343,3.461037,2.730894,170.754698,3.814464,1.031924,0.018820,0.937766
-0.032763,0.020502,0.562577,2.111675,19.377733,11.283037,3.463126,2.732755,170.644372,4.194729,1.032163,0.020630,0.938124
-0.033457,0.020360,0.559511,1.864319,19.349790,10.857882,3.458001,2.739174,170.899613,4.188281,1.032122,0.020525,0.938062
-0.038494,0.020658,0.580420,1.913591,19.174740,9.909022,3.461633,2.744661,170.929798,4.117470,1.031932,0.020250,0.937781
-0.032704,0.021229,0.546908,1.999363,19.336917,10.736432,3.459610,2.722217,170.678061,3.799351,1.031813,0.018691,0.937695
-0.032916,0.020757,0.575853,1.900448,19.242025,10.096307,3.462020,2.725474,170.803971,4.076049,1.031672,0.020064,0.937599
-0.028091,0.020550,0.582176,1.776773,19.352523,11.173780,3.460677,2.725211,170.797986,4.195698,1.032289,0.020616,0.938114
-0.050950,0.020764,0.534095,1.947888,19.176762,8.332195,3.460683,2.710303,170.776285,3.744372,1.031281,0.018234,0.937349
-0.033159,0.021050,0.597049,1.909112,19.272092,10.925457,3.463285,2.727683,170.854643,4.118133,1.031912,0.020394,0.937788
-0.030045,0.020847,0.525786,1.976962,19.275390,10.404347,3.459746,2.724863,170.990084,3.757606,1.031449,0.018562,0.937507
-0.027314,0.022426,0.609176,1.700334,19.354377,12.055563,3.465378,2.724414,170.373252,4.430505,1.032162,0.021895,0.937842
-0.030224,0.020950,0.574009,1.690609,19.261948,10.970935,3.462657,2.731810,170.538049,4.007519,1.031247,0.019805,0.937276
-0.032126,0.021796,0.568921,1.868359,19.294197,10.173847,3.466215,2.730554,170.615183,4.005766,1.031361,0.019787,0.937233
-0.038906,0.020669,0.540399,2.201930,19.182838,9.105418,3.458849,2.736025,170.713842,3.976234,1.031082,0.019466,0.937087
-0.046387,0.021433,0.557706,2.129280,19.215015,8.979187,3.459444,2.726705,170.588049,3.918644,1.030716,0.019163,0.936795
-0.031843,0.020656,0.585693,1.874037,19.219348,10.812313,3.460991,2.721407,170.679919,4.064951,1.031719,0.020128,0.937549
-0.041464,0.020258,0.516604,2.093722,19.123183,8.855670,3.460253,2.746537,170.836205,3.581835,1.030559,0.017569,0.936679
-0.031034,0.022042,0.618754,1.764285,19.324323,11.561307,3.462114,2.733236,170.554255,4.372841,1.031761,0.021649,0.937575
-0.033888,0.019962,0.607405,1.658500,19.292465,10.447813,3.458201,2.749135,170.578958,4.288245,1.031221,0.021045,0.937134
-0.045803,0.020309,0.520710,2.317416,19.164118,9.094965,3.458122,2.721803,170.682664,3.959700,1.031053,0.019384,0.937012
-0.036777,0.021038,0.515598,2.101780,19.245217,9.353267,3.456919,2.737799,171.002078,3.591209,1.030549,0.017640,0.936732
-0.030852,0.021965,0.610140,1.638815,19.215350,10.762562,3.464696,2.737513,170.371589,4.250753,1.031053,0.021025,0.937028
-0.037565,0.021278,0.561151,2.010525,19.258638,9.482248,3.459493,2.729086,170.787363,3.875352,1.030626,0.019034,0.936670
-0.032600,0.020471,0.597661,1.944509,19.313618,10.799360,3.461283,2.722745,170.534780,4.338977,1.031531,0.021305,0.937368
-0.037603,0.020498,0.512559,2.187513,19.106900,9.304895,3.462776,2.730510,170.530052,3.934081,1.030780,0.019246,0.936873
-0.037745,0.020398,0.588413,1.612547,19.237062,9.929153,3.458659,2.722855,170.690692,4.188601,1.030764,0.020602,0.936722
-0.037513,0.020461,0.567921,1.815492,19.220217,10.287057,3.461159,2.733471,170.798435,3.964682,1.031063,0.019508,0.937080
-0.035638,0.021967,0.559418,1.853529,19.253577,9.749555,3.459927,2.747999,170.867234,3.911472,1.030810,0.019241,0.936840
-0.036476,0.020793,0.583164,2.003714,19.208020,9.711652,3.460051,2.734620,170.250103,4.097009,1.030211,0.020243,0.936293
-0.034042,0.021074,0.573066,1.884986,19.182587,10.229302,3.460684,2.733016,170.577534,3.886381,1.030671,0.019171,0.936694
-0.027951,0.020820,0.568080,1.815870,19.341965,10.966770,3.461150,2.732146,170.721381,3.976796,1.031177,0.019621,0.937138
-0.031810,0.021749,0.589537,1.659333,19.351905,11.002937,3.464117,2.723931,170.181043,4.137529,1.030457,0.020488,0.936513
-0.032318,0.020755,0.580097,1.872360,19.246800,10.614298,3.460802,2.729059,170.668523,3.912352,1.030853,0.019327,0.936877
-0.032747,0.021223,0.573497,1.999490,19.388203,10.780938,3.460607,2.726571,170.460097,4.200531,1.030757,0.020626,0.936767
-0.043706,0.020787,0.586521,1.758059,19.115858,8.945355,3.463631,2.728643,170.334767,4.171212,1.030524,0.020458,0.936590
-0.037525,0.021326,0.603784,1.821341,19.220193,10.273130,3.460889,2.724670,170.516361,4.114292,1.030311,0.020325,0.936371
-0.038051,0.021203,0.545396,2.082670,19.077070,9.193885,3.463361,2.745160,170.656648,3.789166,1.030246,0.018686,0.936281
-0.030065,0.021739,0.588472,1.755352,19.414450,11.014135,3.460499,2.731569,170.450428,4.137603,1.030355,0.020300,0.936464
-0.029735,0.021682,0.581492,1.903662,19.251230,10.570955,3.462532,2.735411,170.337600,4.008221,1.029772,0.019829,0.935892
-0.043347,0.020800,0.561099,1.782300,19.082627,9.007593,3.463627,2.717030,170.261670,4.005507,1.029815,0.019618,0.935844
-0.032281,0.019930,0.533976,2.107860,19.259873,9.833588,3.457239,2.736259,170.536811,3.671162,1.029514,0.018092,0.935744
-0.031622,0.022373,0.657657,1.548658,19.264815,10.954398,3.467029,2.727624,169.972657,4.336851,1.029980,0.021447,0.936020
-0.045447,0.021305,0.571914,1.784101,19.165882,8.561987,3.462252,2.726413,170.304960,3.878602,1.029154,0.019031,0.935276
-0.035155,0.021304,0.607574,1.681503,19.213812,10.678732,3.461539,2.734812,170.208706,4.394133,1.030318,0.021592,0.936254
-0.038698,0.020124,0.505894,2.197888,19.158690,8.550952,3.457017,2.751460,169.969102,3.580976,1.029061,0.017576,0.935338
-0.037877,0.022117,0.590212,1.694125,19.120520,10.033893,3.465331,2.758005,170.263462,4.258718,1.029611,0.020897,0.935588
-0.030717,0.020610,0.545045,2.043239,19.315630,10.703650,3.456995,2.725842,170.470172,4.087257,1.030079,0.020013,0.936188
-0.028839,0.022486,0.612591,1.702262,19.248100,10.948648,3.468301,2.727828,170.275413,4.151715,1.030533,0.020524,0.936549
-0.038793,0.020399,0.515851,1.747750,19.168950,9.022560,3.460607,2.733126,170.324707,3.682106,1.029552,0.018139,0.935762
-0.030292,0.020854,0.553558,2.189171,19.260753,11.143278,3.463346,2.733413,170.507996,4.101924,1.030232,0.020176,0.936323
-0.035519,0.021534,0.575384,1.743792,19.251518,10.036432,3.464093,2.738160,170.626040,4.021512,1.029867,0.019753,0.935938
-0.031208,0.021689,0.588609,1.942158,19.278518,10.601912,3.464376,2.721134,170.185901,4.034195,1.029774,0.019759,0.935960
-0.034000,0.020615,0.580088,1.766047,19.223317,10.184107,3.461109,2.733710,170.394932,4.026733,1.029985,0.019834,0.935972
-0.038597,0.021299,0.576489,1.877981,19.175298,9.630277,3.460040,2.732247,170.486258,3.976822,1.029521,0.019443,0.935689
-0.030954,0.021996,0.616065,2.360501,19.329607,11.176542,3.465499,2.723870,170.076006,4.371611,1.030123,0.021547,0.936170
-0.033573,0.021215,0.561061,1.782300,19.220248,10.217597,3.462538,2.730376,170.288270,3.929171,1.029362,0.019417,0.935489
-0.039812,0.020482,0.598459,1.902590,19.083490,9.321688,3.460913,2.744422,170.281413,3.930607,1.029460,0.019345,0.935560
-0.038646,0.020430,0.522504,2.112391,19.133330,9.160210,3.459897,2.741729,170.503305,3.836582,1.028696,0.018748,0.935041
-0.040385,0.021314,0.620639,1.751912,19.098995,9.685580,3.464869,2.728872,169.900480,4.136255,1.029023,0.020418,0.935145
-0.035420,0.021768,0.590350,1.845240,19.218800,10.157272,3.461783,2.732672,170.141584,3.905133,1.029274,0.019291,0.935419
-0.038407,0.021505,0.584602,1.845107,19.121838,10.427200,3.463827,2.735548,170.324730,4.294410,1.029668,0.021075,0.935756
-0.030764,0.020842,0.532770,1.730359,19.242912,10.596515,3.458702,2.722524,170.247950,3.887236,1.029101,0.019111,0.935327
-0.033095,0.021448,0.568952,1.757505,19.182483,10.579308,3.464482,2.726658,170.407176,4.247330,1.029446,0.020860,0.935575
-0.035808,0.021181,0.578654,2.024327,19.271742,10.127230,3.460727,2.729958,170.430499,3.891188,1.029190,0.019208,0.935372
-0.036652,0.020736,0.621313,1.708371,19.082285,9.958778,3.458773,2.738281,170.210234,4.250111,1.029382,0.020853,0.935557
-0.027365,0.021738,0.615173,1.746526,19.354877,11.947935,3.461792,2.717582,170.160296,4.255982,1.029568,0.021051,0.935660
-0.040437,0.021055,0.524001,2.143782,19.203590,9.374628,3.463712,2.746797,170.376179,3.851625,1.028926,0.018841,0.935116
-0.028440,0.022337,0.605575,1.845446,19.380967,11.062005,3.463968,2.717808,170.062771,4.210931,1.029356,0.020756,0.935440
-0.040133,0.021309,0.589275,2.099315,19.126093,9.717638,3.462616,2.744796,169.977595,4.064915,1.028486,0.019956,0.934733
-0.033986,0.020986,0.566796,1.642394,19.274150,10.888880,3.461621,2.729449,170.237254,4.145540,1.028930,0.020358,0.935115
-0.035053,0.021170,0.568082,1.732898,19.196070,10.199342,3.460446,2.733011,170.181000,4.161647,1.029024,0.020415,0.935160
-0.041326,0.020578,0.547561,1.825597,19.119768,9.083348,3.459658,2.744701,170.042330,3.758481,1.028426,0.018417,0.934706
-0.033855,0.022597,0.620326,1.721469,19.226118,11.050588,3.465583,2.722160,169.893562,4.401121,1.028736,0.021627,0.934900
-0.038834,0.020806,0.568055,1.875371,19.060717,9.604590,3.462166,2.740044,170.118557,4.060456,1.028530,0.019891,0.934706
-0.027108,0.022440,0.570784,1.817151,19.415952,11.897140,3.461985,2.727016,170.007806,4.130943,1.028905,0.020393,0.935083
-0.034497,0.020480,0.612144,1.723296,19.214775,10.566457,3.463514,2.730844,170.186267,4.121327,1.028785,0.020199,0.934981
-0.038916,0.021010,0.611138,1.857949,19.200882,9.710602,3.461316,2.731357,170.076215,4.075127,1.028638,0.020028,0.934810
-0.039088,0.021189,0.596094,1.777749,19.072267,9.310578,3.462917,2.739385,170.186835,3.795661,1.028693,0.018733,0.934872
-0.029882,0.022092,0.606757,1.676709,19.237298,10.823470,3.461208,2.736314,169.970631,4.089088,1.028658,0.020217,0.934910
-0.038793,0.021103,0.571933,1.775072,19.093055,8.658305,3.462933,2.712410,170.231419,3.629544,1.027821,0.017896,0.934132
-0.030310,0.021848,0.652332,1.632846,19.423138,11.285183,3.458549,2.720403,169.781741,4.421193,1.028948,0.021753,0.934998
-0.045518,0.019968,0.530366,2.019168,18.949805,8.188868,3.463474,2.741161,169.955368,3.674500,1.028001,0.018039,0.934338
-0.035379,0.020979,0.623513,1.666191,19.155263,10.287693,3.460454,2.733040,170.200229,4.020931,1.028272,0.019845,0.934548
-0.041281,0.021724,0.561872,1.910373,19.133640,9.645915,3.462514,2.742832,170.319047,4.039884,1.028359,0.019750,0.934576
-0.035831,0.021353,0.569916,1.755558,19.192687,9.709972,3.459204,2.741712,170.357448,3.740858,1.028368,0.018457,0.934645
-0.033356,0.021429,0.572313,2.216064,19.221075,10.965618,3.461065,2.744268,170.187153,4.002436,1.028249,0.019716,0.934471
-0.029993,0.020752,0.618666,1.767245,19.171632,10.698670,3.460402,2.736982,170.241483,4.103551,1.028770,0.020207,0.934938
-0.039994,0.021733,0.549334,1.958015,19.104323,9.020392,3.461529,2.731874,170.437025,3.581888,1.027482,0.017633,0.933948
-0.024458,0.023238,0.619153,1.801724,19.266202,11.935045,3.465745,2.714779,169.901047,4.290000,1.028205,0.021228,0.934410
-0.029940,0.021009,0.581405,1.793800,19.272892,10.501625,3.459963,2.730517,170.157284,3.967228,1.028077,0.019536,0.934327
-0.029052,0.020950,0.616323,1.963994,19.296067,11.336317,3.459814,2.724322,170.197124,4.088870,1.028762,0.020186,0.934888
-0.035103,0.020473,0.553568,2.114571,19.176657,9.517980,3.457975,2.732179,169.656994,3.641295,1.027820,0.017866,0.934170
-0.036216,0.022128,0.616591,1.702883,19.177997,10.702228,3.465272,2.723900,170.141694,4.270720,1.028044,0.020985,0.934308
-0.038355,0.021218,0.593547,1.609559,19.157775,10.053207,3.462392,2.740388,170.224253,4.003901,1.028264,0.019668,0.934479
-0.037830,0.021226,0.547376,1.826104,18.983582,8.626263,3.462769,2.747212,170.250918,3.492436,1.027065,0.017183,0.933487
-0.036402,0.022010,0.601968,1.607071,19.140930,10.181462,3.464530,2.732044,169.579373,4.097659,1.027200,0.020224,0.933533
-0.035798,0.022024,0.537261,2.056390,19.171402,9.445597,3.464496,2.734816,169.980294,3.798675,1.027174,0.018735,0.933542
-0.035243,0.021343,0.582237,1.848832,19.315385,10.648623,3.460996,2.734542,169.843307,4.212928,1.027699,0.020631,0.933965
-0.044812,0.020582,0.598464,1.800977,19.023873,8.386902,3.463970,2.739276,169.858693,3.785777,1.026965,0.018497,0.933407
-0.036870,0.022546,0.644584,1.586962,19.100680,9.856672,3.465490,2.721169,169.672841,4.094732,1.027260,0.020233,0.933517
-0.035629,0.020817,0.534439,2.073201,18.999435,9.731745,3.461779,2.739773,170.065093,3.762613,1.026915,0.018519,0.933381
-0.023293,0.022326,0.629372,1.557033,19.467558,13.166638,3.463696,2.702825,169.485792,4.550549,1.027989,0.022402,0.934211
-0.031152,0.020947,0.580050,1.954220,19.254052,10.809343,3.462690,2.734958,169.831685,4.183665,1.027545,0.020508,0.933865
-0.035814,0.021672,0.584868,1.950639,19.161200,9.339992,3.461406,2.726860,169.841111,3.806124,1.027239,0.018782,0.933577
-0.039960,0.021909,0.585865,1.828470,19.074300,9.098053,3.465705,2.736497,170.093209,3.821570,1.027347,0.018741,0.933637
-0.037621,0.021136,0.581924,1.838391,19.160422,9.722095,3.462474,2.719883,169.821586,4.102986,1.027172,0.020123,0.933521
-0.040954,0.022339,0.582093,1.744837,19.180227,9.693240,3.462233,2.735182,170.082144,4.087787,1.027092,0.020068,0.933467
-0.033823,0.022080,0.622744,1.814563,19.128227,10.390883,3.463085,2.741947,170.192533,4.164990,1.027615,0.020496,0.933833
-0.037602,0.020743,0.531591,2.326505,18.981183,8.744147,3.458873,2.748246,169.916626,3.413243,1.026595,0.016806,0.933134
-0.026963,0.022163,0.602710,1.730719,19.270203,11.461640,3.464144,2.734042,169.874739,4.134503,1.027373,0.020411,0.933694
-0.041043,0.020473,0.588346,1.747570,19.064647,8.828320,3.460318,2.728062,169.799181,3.757201,1.027029,0.018458,0.933355
-0.038217,0.020911,0.499789,2.135431,19.017638,8.797252,3.458003,2.718355,170.374439,3.429494,1.026715,0.016876,0.933188
-0.031890,0.021841,0.632245,1.843254,19.178425,10.853648,3.463394,2.721420,169.722389,4.314112,1.026775,0.021204,0.933100
-0.033593,0.021412,0.582803,1.679446,19.159452,10.299068,3.461846,2.730880,170.260120,3.769322,1.026989,0.018574,0.933375
-0.024929,0.022560,0.611057,1.793761,19.546033,12.109748,3.464092,2.725770,169.698617,4.146633,1.027494,0.020464,0.933768
-0.032858,0.022319,0.614655,1.772787,19.275085,11.165925,3.466249,2.725624,169.537957,4.374601,1.026949,0.021523,0.933390
-0.038430,0.021420,0.621093,1.610091,19.160125,10.304505,3.463778,2.718760,169.623623,4.017195,1.026791,0.019783,0.933149
-0.044473,0.020722,0.575973,1.831396,19.065487,8.852800,3.460843,2.729853,169.832294,3.893963,1.026083,0.019052,0.932548
-0.027265,0.022623,0.616890,1.660161,19.280440,12.462218,3.463216,2.739172,169.572132,4.409446,1.027288,0.021681,0.933539
-0.033159,0.022718,0.589265,1.697022,19.210473,10.865135,3.466637,2.726097,169.777145,4.277463,1.026497,0.020999,0.932917
-0.035924,0.020965,0.617429,1.626673,19.149103,9.578800,3.461509,2.719128,170.029777,3.944491,1.026536,0.019418,0.932826
-0.037471,0.020598,0.574375,1.847667,19.053180,9.452620,3.458052,2.740039,170.029353,3.869789,1.025817,0.018909,0.932396
-0.036572,0.021256,0.620492,1.672817,19.142975,9.587577,3.458990,2.723106,169.529930,3.824632,1.025800,0.018834,0.932264
-0.036513,0.021899,0.625475,1.697501,19.115307,9.619505,3.463002,2.747263,169.523313,3.907763,1.026241,0.019251,0.932659
-0.043407,0.020756,0.605400,1.651227,19.011238,9.173747,3.460155,2.741290,169.825001,3.940369,1.026411,0.019274,0.932767
-0.039893,0.021342,0.566278,1.636561,19.066358,8.867440,3.457460,2.729964,169.560820,3.473646,1.025414,0.017081,0.931994
-0.045830,0.022299,0.631847,1.727200,19.108710,9.245592,3.464978,2.729671,169.584410,4.108239,1.025767,0.020134,0.932127
-0.038974,0.021482,0.619924,1.644714,19.106093,9.599712,3.461861,2.742100,169.690586,4.107276,1.025683,0.020162,0.932170
-0.028837,0.022751,0.588109,1.989031,19.223218,10.438173,3.466036,2.719147,169.586705,3.867237,1.025953,0.019125,0.932456
-0.037640,0.022298,0.649437,1.631189,19.051687,9.771142,3.467160,2.720790,169.428742,4.076434,1.025576,0.020109,0.932038
-0.040529,0.021004,0.604665,1.811609,19.101792,9.255622,3.460119,2.729455,169.791745,3.772724,1.025593,0.018577,0.932062
-0.032840,0.021819,0.632214,1.643623,19.357875,10.763608,3.460527,2.715382,169.540728,4.216362,1.026305,0.020721,0.932657
-0.036341,0.021673,0.608758,1.687866,19.101787,9.841088,3.467892,2.729229,169.567681,4.092833,1.025574,0.020201,0.932104
-0.037949,0.021471,0.625554,1.605589,19.138480,9.644250,3.462406,2.735698,169.874739,4.096405,1.025655,0.020077,0.932095
-0.037770,0.021354,0.583602,1.819816,19.079953,9.499335,3.461017,2.715286,170.033184,3.810443,1.025630,0.018707,0.932201
-0.033884,0.022422,0.598325,2.172385,19.141507,9.865687,3.463548,2.718058,169.344070,3.818613,1.025755,0.018808,0.932251
-0.036681,0.021702,0.569102,1.757147,19.098525,9.391742,3.461687,2.729417,169.858482,3.754146,1.025336,0.018508,0.931927
-0.025957,0.022957,0.646657,1.945404,19.392733,12.185578,3.465295,2.710679,169.519289,4.251983,1.026604,0.020987,0.932887
-0.043800,0.021479,0.565480,1.833509,18.976097,8.779307,3.466616,2.729079,169.627202,3.813201,1.025711,0.018625,0.932148
-0.035514,0.023224,0.630176,1.698521,19.185178,10.330075,3.468302,2.731545,169.604141,4.289535,1.025037,0.021059,0.931593
-0.033386,0.021843,0.632942,1.737098,19.200552,10.823653,3.463476,2.736838,169.754715,4.149275,1.025807,0.020332,0.932304
-0.038902,0.021051,0.580024,1.927624,19.081633,8.859122,3.460470,2.737092,170.004765,3.690278,1.024908,0.018008,0.931594
-0.027811,0.023081,0.648679,1.753025,19.266322,11.377312,3.463094,2.729425,169.309392,4.085725,1.025581,0.020207,0.932093
-0.034540,0.021570,0.597597,1.673382,19.102585,10.063140,3.464382,2.715860,169.649656,4.027436,1.025275,0.019748,0.931797
-0.032331,0.022606,0.635818,1.608691,19.270607,10.952637,3.463265,2.709565,169.575940,4.017912,1.025211,0.019760,0.931754
-0.032394,0.023261,0.657082,1.520414,19.158292,11.004437,3.469168,2.730592,169.288967,4.343682,1.025509,0.021451,0.931891
-0.037143,0.022673,0.591268,1.760561,19.144702,10.284638,3.464986,2.722265,169.422227,4.219481,1.024689,0.020729,0.931289
-0.029255,0.022432,0.637281,1.569205,19.149807,10.984335,3.465448,2.742273,169.447062,4.044194,1.025411,0.019993,0.931878
-0.043521,0.021651,0.585496,1.854467,18.998007,8.562492,3.461257,2.742929,169.773912,3.587186,1.024504,0.017576,0.931144
-0.039784,0.021960,0.569881,2.467350,19.105868,10.277883,3.460251,2.738361,169.238880,4.227804,1.024702,0.020760,0.931321
-0.037861,0.022509,0.633843,1.613004,19.127073,9.608962,3.467739,2.731827,169.487153,3.937017,1.024934,0.019408,0.931417
-0.041708,0.020981,0.583925,1.737082,19.020332,9.386658,3.462375,2.735006,169.703410,3.916827,1.024655,0.019163,0.931241
-0.038804,0.023044,0.610527,1.896426,19.127807,9.925680,3.460940,2.722454,169.372456,3.857318,1.024302,0.018855,0.930979
-0.035556,0.022100,0.641963,1.636989,17.968243,10.393202,3.462844,2.578751,6307.205780,4.211229,0.775017,0.020659,0.931227
-0.024172,0.023815,0.617767,1.868932,20.015482,13.175330,3.466673,2.692818,168.665873,4.457343,1.021351,0.021894,0.926804
-0.031485,0.022810,0.677413,1.520562,20.009013,10.973808,3.469548,2.700421,168.952807,4.260865,1.023037,0.021062,0.928715
-0.033485,0.022619,0.632857,1.740362,20.010435,10.924012,3.464424,2.704171,168.976211,4.384590,1.022845,0.021545,0.929264
-0.036920,0.021292,0.645586,1.583660,19.589182,10.153513,3.461209,2.716135,169.430488,4.136700,1.022840,0.020247,0.929462
-0.028277,0.022493,0.648502,1.675617,19.714330,11.135167,3.460008,2.725340,169.045425,4.177544,1.023186,0.020604,0.929749
-0.039924,0.020950,0.615520,1.624188,19.338380,9.059093,3.465581,2.712452,169.062897,3.794050,1.022553,0.018640,0.929312
-0.028975,0.022891,0.683122,1.657968,19.432562,11.454813,3.469922,2.730938,169.128794,4.238655,1.023512,0.020953,0.930046
-0.033611,0.021817,0.610592,1.755994,19.408757,9.853612,3.460806,2.721614,169.256800,3.842797,1.022681,0.018781,0.929506
-0.035048,0.023103,0.727792,1.404664,19.425085,11.170608,3.466130,2.707006,168.701101,4.556657,1.023506,0.022426,0.930043
-0.038184,0.023360,0.599951,1.755111,19.345238,9.952102,3.465731,2.730843,169.100035,4.140347,1.022792,0.020346,0.929560
-0.038115,0.021865,0.654668,1.456592,19.278793,10.227758,3.464587,2.722144,169.141992,4.203753,1.023187,0.020612,0.929799
-0.032370,0.022395,0.605308,1.652538,19.408140,10.572798,3.462783,2.729697,169.389449,3.889943,1.023084,0.019164,0.929798
-0.035357,0.022004,0.635335,1.845029,19.194757,9.894897,3.466639,2.723564,168.977900,4.108004,1.022731,0.020277,0.929435
-0.037342,0.023043,0.626820,1.514265,19.187493,9.946417,3.465642,2.715805,169.011612,4.167082,1.022966,0.020426,0.929617
-0.037658,0.022458,0.587586,1.870860,19.039743,9.577183,3.465217,2.734024,169.342300,3.874899,1.022900,0.019005,0.929707
-0.028861,0.023414,0.654845,1.683170,19.311723,12.409985,3.462459,2.720585,169.249507,4.249689,1.023269,0.020857,0.930005
-0.030577,0.022457,0.639217,1.664897,19.352128,11.249195,3.462764,2.708273,169.046031,4.179602,1.023031,0.020520,0.929708
-0.029999,0.022545,0.604575,1.507184,19.193082,10.691795,3.464756,2.707580,169.259606,3.912900,1.023208,0.019315,0.929857
-0.023784,0.023564,0.638282,1.614385,19.472975,12.024400,3.463890,2.728286,169.259302,3.871624,1.022971,0.019143,0.929727
-0.037898,0.021952,0.653272,1.716449,19.154775,10.204975,3.465164,2.728346,168.883302,4.070640,1.022429,0.020035,0.929249
-0.033930,0.023113,0.664603,1.682073,19.265273,10.204978,3.465764,2.710402,168.732027,4.093637,1.022615,0.020182,0.929373
-0.038756,0.022947,0.615896,1.728006,19.076657,9.454247,3.467717,2.721844,169.008823,3.807904,1.022685,0.018799,0.929394
-0.034402,0.022453,0.636112,1.612130,19.168177,10.447893,3.466901,2.731895,168.855323,4.106873,1.022663,0.020288,0.929438
-0.038888,0.021771,0.597738,1.599958,19.055123,9.816253,3.462553,2.728883,169.140281,4.029334,1.022266,0.019783,0.929021
-0.031411,0.023540,0.660542,1.759095,19.339898,10.991795,3.466519,2.731962,168.998519,4.109014,1.022765,0.020251,0.929406
-0.042028,0.022367,0.649936,1.580778,19.042342,9.540758,3.468517,2.737577,169.045076,4.099406,1.022557,0.020156,0.929347
-0.035183,0.022350,0.644282,1.552812,19.062640,9.901960,3.464977,2.722866,169.014841,4.017519,1.022152,0.019792,0.928976
-0.032162,0.022209,0.639006,1.603033,19.202397,10.553790,3.464239,2.734320,169.364073,3.822235,1.022709,0.018846,0.929480
-0.033746,0.022679,0.661527,1.691518,19.270088,10.266687,3.462523,2.714084,169.181315,4.096570,1.022486,0.020065,0.929278
-0.036269,0.023114,0.645904,1.721355,19.078718,9.625405,3.466107,2.741444,168.841666,3.970804,1.021937,0.019460,0.928732
-0.036089,0.022513,0.650818,1.581370,19.055668,9.689275,3.465176,2.715079,169.091652,4.007986,1.022147,0.019717,0.928965
-0.040018,0.022631,0.623481,1.701928,19.100912,9.028220,3.465095,2.744397,169.383255,3.642978,1.021797,0.017958,0.928637
-0.026282,0.021861,0.624750,1.705712,19.319372,11.982583,3.459361,2.733183,168.802957,4.107059,1.022676,0.020236,0.929428
-0.038654,0.022065,0.597024,1.692013,19.153540,9.096130,3.464309,2.719216,169.105242,3.638877,1.021737,0.017895,0.928653
-0.032749,0.023991,0.661265,1.597656,19.338220,11.057358,3.467938,2.720014,168.751569,4.349670,1.022331,0.021375,0.929093
-0.046514,0.021584,0.617473,1.838081,18.914820,8.531237,3.464295,2.726641,168.747140,3.936358,1.021746,0.019270,0.928574
-0.028942,0.022770,0.675366,1.551982,19.177500,11.880022,3.466697,2.723160,168.981125,4.323663,1.022078,0.021250,0.928969
-0.037172,0.022027,0.613275,1.902401,19.108232,9.841342,3.461130,2.722984,169.096997,3.946235,1.021816,0.019383,0.928654
-0.037863,0.021698,0.634923,1.665729,19.121748,9.603072,3.459541,2.731558,169.013785,3.941132,1.021740,0.019284,0.928557
-0.036596,0.021360,0.595916,1.765093,19.128828,10.166978,3.462902,2.723101,168.670850,3.904843,1.021465,0.019106,0.928413
-0.034072,0.023295,0.673179,1.570683,19.174362,10.959258,3.467685,2.720316,168.869348,4.299550,1.022109,0.021106,0.928844
-0.045117,0.021543,0.585377,1.468775,18.921353,8.339867,3.463405,2.747823,169.123639,3.789296,1.020951,0.018534,0.927914
-0.021850,0.022860,0.617789,1.723419,19.320137,12.685452,3.460752,2.723572,168.947965,3.985975,1.021958,0.019629,0.928827
-0.038037,0.023061,0.620219,1.681505,18.987402,8.841387,3.466883,2.724459,168.971641,3.747412,1.020755,0.018497,0.927736
-0.031517,0.023201,0.659714,1.674358,19.222555,10.585950,3.464868,2.712887,168.730774,4.161622,1.021371,0.020411,0.928213
-0.043605,0.022441,0.601232,2.021936,18.865712,8.638175,3.466596,2.733447,168.577581,3.806545,1.021026,0.018751,0.928028
-0.032264,0.023395,0.630927,1.650622,19.092025,10.497528,3.467269,2.739514,168.811556,4.184557,1.021425,0.020525,0.928322
-0.043678,0.022245,0.668420,1.496294,19.079085,8.808415,3.465484,2.734178,168.646342,3.934393,1.020234,0.019313,0.927208
-0.039499,0.022981,0.656934,1.568808,18.940558,9.590622,3.468138,2.732318,168.437918,4.028962,1.020715,0.019891,0.927626
-0.039869,0.023464,0.670518,1.588792,19.035735,9.125502,3.467691,2.705409,168.454680,3.945644,1.020283,0.019499,0.927285
-0.042577,0.023590,0.667992,1.497003,19.013302,9.383405,3.467546,2.732834,168.713266,3.996635,1.020533,0.019559,0.927464
-0.046052,0.023643,0.656177,1.802560,18.939565,9.099090,3.469911,2.725553,168.922499,3.997768,1.020543,0.019600,0.927494
-0.046094,0.023666,0.646882,1.589932,19.103228,8.854868,3.465557,2.734884,168.931533,3.870793,1.019822,0.018921,0.926874
-0.029991,0.023448,0.648176,1.685224,19.020998,10.223542,3.467382,2.718194,168.662638,3.960793,1.020383,0.019575,0.927334
-0.036184,0.022987,0.656335,1.756722,19.085362,9.738552,3.465241,2.725485,168.750492,3.975353,1.020505,0.019579,0.927437
-0.039144,0.022071,0.623286,1.715267,19.023868,9.912765,3.463458,2.720610,168.791731,4.037361,1.020754,0.019828,0.927686
-0.047975,0.021856,0.572019,1.799588,19.014475,8.022625,3.464061,2.720322,168.339508,3.593531,1.019912,0.017531,0.926977
-0.036481,0.023802,0.690271,1.585812,18.941790,9.681250,3.467726,2.724351,168.508530,3.952533,1.020303,0.019513,0.927282
-0.041356,0.022228,0.606467,1.758092,18.868952,8.862330,3.462837,2.727777,168.991039,3.550936,1.019739,0.017444,0.926844
-0.026295,0.024154,0.686689,1.475813,19.154567,12.184943,3.465689,2.717366,168.381225,4.336960,1.020715,0.021327,0.927641
-0.047135,0.023114,0.660192,1.531980,18.938708,8.371763,3.466846,2.729728,168.478364,3.729882,1.019197,0.018379,0.926311
-0.031093,0.023441,0.681207,1.565570,19.071397,11.025833,3.466691,2.740339,168.508193,4.294241,1.020537,0.021096,0.927446
-0.040916,0.022331,0.571723,1.923925,18.893333,8.953688,3.464266,2.746862,168.790315,3.581439,1.019896,0.017581,0.926990
-0.032897,0.022254,0.661484,1.654886,19.150688,10.581023,3.463026,2.734084,168.492306,4.192805,1.019994,0.020592,0.926990
-0.041044,0.022742,0.638786,1.665598,18.974688,9.085283,3.463185,2.743900,169.023005,3.850666,1.019710,0.018828,0.926790
-0.035255,0.023452,0.669894,1.591630,19.201553,9.797377,3.465084,2.721957,168.680987,3.857401,1.019837,0.019017,0.926833
-0.043728,0.022611,0.697679,1.673994,18.990805,9.229200,3.465745,2.719206,168.453943,3.798951,1.019403,0.018690,0.926594
-0.038237,0.024437,0.752390,1.455152,19.104130,9.737513,3.467796,2.711188,167.978371,4.354668,1.019421,0.021372,0.926320
-0.050083,0.021959,0.544658,1.754007,18.762593,7.981177,3.460508,2.736561,168.549923,3.641036,1.018561,0.017751,0.925808
-0.027036,0.024270,0.705924,1.733352,19.303870,12.275025,3.463998,2.721962,168.184203,4.470608,1.019891,0.021972,0.926877
-0.041966,0.022818,0.677376,1.520030,19.041942,9.145322,3.464144,2.726886,168.481566,3.992253,1.018933,0.019534,0.926044
-0.032205,0.023557,0.694609,1.435646,19.084290,10.439473,3.464739,2.731616,168.546591,4.097229,1.019613,0.020183,0.926628
-0.040257,0.022984,0.661205,1.644498,18.897567,8.814730,3.465683,2.740845,168.744077,3.729050,1.019188,0.018330,0.926272
-0.034659,0.023780,0.666825,1.515336,19.086008,10.390827,3.463264,2.720054,168.237825,4.054405,1.019207,0.019854,0.926332
-0.045459,0.022733,0.637506,1.889254,18.993370,9.021347,3.465690,2.717649,168.304796,3.881464,1.018374,0.019067,0.925604
-0.033278,0.023816,0.728897,1.381964,19.113273,10.722472,3.466461,2.721592,168.184972,4.358565,1.019324,0.021421,0.926358
-0.035951,0.022617,0.625016,1.735452,18.946953,9.349762,3.468331,2.732936,168.279947,3.669796,1.018824,0.018055,0.925960
-0.029997,0.023292,0.723927,1.479096,19.087648,11.134668,3.467034,2.727682,168.163917,4.261281,1.018846,0.020990,0.925976
-0.034780,0.021985,0.673190,1.520782,18.898103,9.789252,3.464258,2.740025,168.418829,3.966686,1.018830,0.019459,0.925937
-0.033432,0.022689,0.650110,1.730447,19.116878,10.086522,3.460706,2.715402,168.239305,3.849963,1.018120,0.018842,0.925392
-0.047208,0.022632,0.681959,1.568545,19.002083,8.637782,3.468493,2.731030,168.066115,3.846017,1.018302,0.018861,0.925407
-0.037139,0.023180,0.648092,1.549340,19.038555,9.228433,3.462906,2.713850,168.348920,3.813283,1.018106,0.018802,0.925271
-0.036837,0.022720,0.739667,1.371567,18.939510,10.177852,3.466037,2.721058,168.262119,4.274670,1.018952,0.020982,0.925954
-0.039816,0.021652,0.601861,1.661525,18.934818,8.926793,3.462909,2.733443,168.483647,3.559679,1.018264,0.017448,0.925510
-0.035130,0.023405,0.719600,1.452191,19.099707,10.884638,3.465466,2.744584,168.328075,4.237408,1.018740,0.020795,0.925803
-0.043650,0.023323,0.649116,1.629540,19.012035,8.783208,3.462361,2.720867,168.422845,3.789596,1.017831,0.018528,0.925118
-0.034134,0.024934,0.719920,1.425789,19.032718,9.697850,3.471685,2.725019,168.069780,4.154853,1.018340,0.020470,0.925440
-0.029067,0.023063,0.644293,1.633875,19.156173,11.071078,3.464595,2.708918,168.150468,3.892211,1.018434,0.019171,0.925653
-0.038777,0.022937,0.659102,1.758748,18.930363,9.645383,3.467142,2.736597,168.353511,3.879289,1.018464,0.019124,0.925592
-0.036170,0.023136,0.637858,1.676728,18.973597,9.452908,3.463710,2.722871,168.483873,3.737454,1.017420,0.018239,0.924841
-0.032645,0.024301,0.690466,1.492614,19.124258,10.546192,3.465614,2.718727,168.110724,4.114875,1.018199,0.020352,0.925291
-0.037126,0.022973,0.667286,1.541249,18.986143,9.113498,3.463610,2.731974,168.319180,3.724660,1.017588,0.018323,0.924892
-0.033245,0.024154,0.704674,1.535929,19.079707,10.132042,3.467716,2.730317,168.110235,4.125450,1.018135,0.020267,0.925295
-0.033888,0.022796,0.670757,1.720264,19.068888,10.006477,3.464907,2.707611,168.338933,3.855887,1.018243,0.018980,0.925467
-0.030005,0.023664,0.654159,1.528705,19.010583,10.684980,3.466130,2.739849,168.309418,4.074766,1.017931,0.020091,0.925094
-0.039189,0.023185,0.662796,1.737609,19.125742,9.988387,3.464629,2.723345,168.230507,3.997612,1.017458,0.019600,0.924721
-0.040973,0.024487,0.725161,1.544999,19.048490,9.880068,3.470540,2.708296,167.750503,4.356763,1.017886,0.021401,0.924952
-0.043570,0.022838,0.652604,1.547549,18.866535,9.009828,3.467626,2.743335,167.955431,3.969162,1.017173,0.019428,0.924539
-0.040723,0.023634,0.688168,1.530717,19.038972,9.714410,3.465541,2.715102,168.112064,3.975509,1.017444,0.019568,0.924656
-0.035767,0.022708,0.668608,1.604339,18.917538,9.725140,3.463094,2.741159,168.519462,3.706318,1.017501,0.018235,0.924779
-0.026695,0.023863,0.662483,1.537766,19.129765,11.711168,3.464519,2.711853,167.911352,4.030826,1.017675,0.019774,0.924858
-0.029213,0.023585,0.654202,1.583826,19.164135,11.058297,3.465614,2.725269,168.002302,3.996751,1.017405,0.019686,0.924740
-0.037803,0.023873,0.702675,1.541077,18.834858,9.834518,3.470453,2.725136,167.894837,3.973468,1.017376,0.019584,0.924645
-0.040591,0.022425,0.615917,1.678245,18.959957,9.188367,3.459855,2.748073,168.019275,3.510857,1.016409,0.017186,0.923855
-0.039704,0.024559,0.719243,1.459631,18.941708,9.992167,3.469041,2.720581,167.962768,4.139741,1.016727,0.020320,0.923972
-0.038119,0.023834,0.666014,1.501443,18.901783,9.135832,3.465393,2.725438,167.857349,3.726793,1.016122,0.018392,0.923513
-0.036245,0.024805,0.745681,1.371057,18.994708,10.317080,3.469477,2.715703,167.647760,4.126710,1.016711,0.020363,0.923926
-0.041583,0.023964,0.669196,1.569074,18.929808,8.652743,3.467245,2.703740,167.713195,3.658681,1.015727,0.017937,0.923166
-0.028745,0.023577,0.713245,1.499677,19.051437,11.116157,3.468633,2.721932,167.733412,4.096914,1.016470,0.020151,0.923803
-0.040086,0.023473,0.692466,1.485455,18.904867,9.500325,3.465452,2.740956,167.885219,3.754550,1.016309,0.018563,0.923638
-0.028616,0.024095,0.668600,1.616004,19.121060,11.600083,3.467020,2.723157,167.934706,4.179885,1.016879,0.020504,0.924161
-0.037003,0.023979,0.701812,1.443986,19.003585,9.928707,3.467839,2.736695,167.980112,4.069091,1.016278,0.019933,0.923634
-0.039929,0.023743,0.699484,1.383759,18.961915,9.735112,3.467265,2.752965,167.903451,4.092500,1.016483,0.020086,0.923777
-0.046303,0.022697,0.684154,1.502253,18.800390,8.745353,3.463414,2.731074,168.166331,3.721024,1.016048,0.018223,0.923460
-0.033398,0.024780,0.691299,1.411436,19.000752,10.390052,3.463728,2.729649,167.542617,4.048007,1.016152,0.019838,0.923545
-0.030017,0.024128,0.676670,1.638950,18.984210,10.172227,3.465832,2.730965,167.976396,3.690293,1.015771,0.018174,0.923290
-0.030255,0.024945,0.754644,1.324825,19.080550,11.161372,3.471395,2.724768,167.544428,4.362367,1.016500,0.021533,0.923651
-0.045159,0.022573,0.604795,1.664367,18.824300,8.664625,3.465184,2.713767,167.711600,3.643587,1.015586,0.017791,0.923093
-0.031440,0.024176,0.738916,1.431973,18.999062,11.299227,3.467262,2.742524,167.791202,4.330189,1.016044,0.021287,0.923443
-0.042549,0.023588,0.678825,1.473308,18.921855,8.825390,3.466579,2.731160,167.956930,3.592226,1.015423,0.017704,0.922859
-0.026649,0.023327,0.700746,1.458009,19.189903,11.252627,3.463602,2.732735,167.664169,4.018716,1.016079,0.019744,0.923478
-0.035843,0.023769,0.659370,1.516644,18.880935,9.544353,3.471625,2.720005,167.636902,3.888022,1.015346,0.019141,0.922868
-0.029372,0.024614,0.719761,1.602066,18.994127,11.241583,3.465941,2.740859,167.894046,4.040511,1.016119,0.019952,0.923464
-0.039099,0.023666,0.642510,1.569234,18.832545,8.709720,3.465341,2.746300,168.010254,3.541649,1.015151,0.017439,0.922600
-0.029665,0.024474,0.691680,1.599832,19.086835,11.387253,3.465597,2.706073,167.646467,3.929323,1.015561,0.019341,0.923025
-0.046695,0.023998,0.719882,1.558737,18.819037,8.557778,3.466297,2.728586,167.514783,4.002658,1.014423,0.019615,0.921942
-0.034499,0.025198,0.682311,1.465637,19.135792,10.657960,3.467681,2.725919,167.452277,4.187298,1.015433,0.020539,0.922801
-0.040473,0.023164,0.645752,1.548614,18.759190,9.461527,3.466397,2.729159,167.874369,3.852068,1.015138,0.018926,0.922688
-0.036170,0.024208,0.762002,1.338238,18.971338,10.458158,3.466065,2.722278,167.348036,4.210361,1.015528,0.020740,0.922944
-0.035070,0.023208,0.663774,1.570921,19.011638,10.223005,3.465441,2.731951,167.828476,3.829912,1.015029,0.018767,0.922543
-0.029429,0.024706,0.715075,1.453782,19.126843,11.594358,3.465065,2.711952,167.561563,4.226419,1.015676,0.020808,0.922993
-0.035769,0.023647,0.724988,1.379141,18.941407,10.380297,3.469066,2.731686,167.229376,4.117251,1.014918,0.020236,0.922500
-0.032025,0.024211,0.736524,1.612759,19.001463,10.175153,3.467567,2.712504,167.415954,4.044237,1.014731,0.019895,0.922178
-0.039176,0.023446,0.634559,1.753869,18.846025,9.192453,3.465935,2.742813,167.748697,3.707900,1.014485,0.018241,0.922030
-0.023456,0.024287,0.648977,1.488547,19.196668,12.204982,3.461355,2.710777,167.312201,3.789853,1.014874,0.018703,0.922366
-0.035331,0.023907,0.661475,1.519126,18.971550,10.223713,3.467189,2.705157,167.504712,3.945909,1.014179,0.019398,0.921734
-0.027568,0.024950,0.766499,1.304521,19.211880,12.405642,3.468398,2.713805,167.059951,4.414048,1.015113,0.021732,0.922471
-0.044233,0.023877,0.660323,1.513101,18.781235,8.612317,3.470214,2.733135,167.468889,3.606628,1.013913,0.017729,0.921508
-0.034034,0.024203,0.722295,1.474838,19.062480,9.957903,3.464989,2.716628,167.124621,3.910730,1.014007,0.019267,0.921568
-0.036828,0.024219,0.693249,1.442654,18.988487,10.459523,3.469826,2.722560,167.632419,4.012916,1.014524,0.019678,0.921998
-0.036453,0.024050,0.707757,1.560956,18.959183,8.978853,3.465077,2.742988,167.897916,3.588045,1.013828,0.017644,0.921425
-0.033876,0.024334,0.718883,1.400183,18.956090,10.083097,3.465200,2.726021,167.683099,3.922820,1.013981,0.019250,0.921591
-0.033911,0.024335,0.733728,1.642997,18.996853,11.031998,3.466875,2.715476,167.572831,4.303044,1.014505,0.021132,0.921947
-0.036985,0.023913,0.663857,1.572731,18.823472,9.187750,3.468920,2.733292,167.804546,3.602451,1.013870,0.017685,0.921520
-0.037488,0.024275,0.685916,1.495046,18.966570,9.337717,3.466288,2.721740,167.806469,3.760169,1.013052,0.018368,0.920809
-0.030500,0.024482,0.748260,1.336557,18.946195,10.669895,3.466145,2.700198,167.454044,4.190228,1.013808,0.020524,0.921374
-0.034839,0.023545,0.714427,1.619085,19.092450,10.005780,3.463004,2.731655,167.656272,3.848681,1.013639,0.018843,0.921257
-0.033924,0.024564,0.732911,1.422587,18.994545,10.259280,3.467529,2.708070,167.466088,4.204106,1.014000,0.020636,0.921466
-0.031901,0.025487,0.726210,1.417650,19.013963,11.059420,3.471385,2.707661,167.183093,4.193163,1.013728,0.020568,0.921431
-0.036804,0.023432,0.679757,1.591060,18.872608,9.092078,3.463352,2.723847,167.498631,3.744873,1.013084,0.018357,0.920767
-0.029777,0.024640,0.708807,1.455552,19.200035,11.145592,3.466235,2.715635,167.257490,4.176197,1.013785,0.020499,0.921365
-0.039308,0.024906,0.729252,1.518599,18.799753,9.382290,3.472976,2.726570,167.112709,4.131465,1.013519,0.020265,0.921148
-0.034434,0.024369,0.724237,1.381859,18.928790,10.261170,3.467790,2.723815,167.389541,4.028950,1.013074,0.019828,0.920737
-0.043030,0.024099,0.726787,1.476956,18.788290,8.522177,3.465589,2.730288,167.535469,3.631580,1.012593,0.017869,0.920278
-0.033114,0.025648,0.690871,1.447704,19.025848,9.920523,3.468354,2.729319,167.523697,3.673389,1.012704,0.018111,0.920452
-0.047410,0.024204,0.762111,1.535071,18.819600,8.998935,3.467550,2.732518,167.043460,3.937233,1.012581,0.019322,0.920262
-0.036442,0.024675,0.714334,1.444111,19.014350,10.109688,3.466139,2.717129,167.339295,4.001030,1.012813,0.019582,0.920512
-0.040421,0.025659,0.731833,1.386342,18.827645,9.323750,3.471246,2.728287,167.223347,3.991834,1.012906,0.019588,0.920524
-0.038655,0.024008,0.675350,1.512380,18.781320,9.210297,3.467936,2.711816,166.145591,3.597774,1.012337,0.017726,0.920103
-0.037679,0.025049,0.752267,1.329236,18.902790,9.306957,3.469590,2.730954,167.271135,3.852858,1.012179,0.018972,0.919914
-0.038429,0.024293,0.738738,1.410688,18.919073,9.951267,3.464694,2.719229,167.317681,3.897695,1.012251,0.019091,0.920092
-0.034221,0.025275,0.768106,1.366118,18.928283,10.647930,3.469684,2.717954,167.135582,3.968315,1.012818,0.019600,0.920437
-0.036994,0.024947,0.685622,1.532262,18.862410,9.159925,3.469572,2.738719,166.631996,3.741680,1.011485,0.018414,0.919380
-0.036073,0.024590,0.783368,1.363891,18.901695,10.515315,3.469088,2.709787,166.952310,4.196612,1.012359,0.020592,0.920055
-0.052055,0.023986,0.693341,1.634662,18.766187,8.298297,3.465716,2.712237,167.086045,3.651748,1.011003,0.017833,0.918951
-0.028229,0.025821,0.796500,1.266171,18.939567,11.422400,3.466307,2.716399,166.927721,4.102330,1.011974,0.020265,0.919659
-0.033780,0.024411,0.778457,1.314641,19.050318,10.433333,3.463740,2.739448,166.819610,4.064643,1.011705,0.019958,0.919457
-0.037392,0.025100,0.717651,1.425168,18.783852,9.365348,3.471062,2.734055,166.897118,3.700553,1.011303,0.018210,0.919167
-0.034373,0.026026,0.774407,1.384838,18.932940,10.597985,3.470050,2.716621,166.653975,4.011710,1.011554,0.019782,0.919240
-0.032587,0.024504,0.738855,1.451380,18.948942,9.869493,3.465569,2.723491,166.970296,3.740992,1.011563,0.018416,0.919351
-0.047000,0.025726,0.752945,1.395005,18.801990,8.185693,3.470283,2.717269,167.128035,3.908413,1.010830,0.019125,0.918718
-0.034418,0.024551,0.733430,1.392238,18.769040,9.659797,3.469103,2.729290,167.104745,3.754425,1.011651,0.018493,0.919427
-0.047255,0.023900,0.663217,1.677841,18.822295,8.051540,3.465447,2.740042,167.319149,3.557369,1.010471,0.017310,0.918471
-0.030702,0.025041,0.772952,1.362667,18.974283,11.060415,3.470341,2.724020,167.164840,4.014916,1.011502,0.019782,0.919262
-0.031002,0.024565,0.745451,1.501279,18.951462,9.878552,3.465599,2.735834,167.122376,3.653760,1.011075,0.018004,0.918956
-0.031468,0.025256,0.775904,1.444005,18.870645,10.659877,3.468318,2.725056,166.830511,4.056271,1.011578,0.020009,0.919394
-0.028452,0.025848,0.792007,1.395393,18.971162,11.115112,3.471727,2.720322,166.711438,3.983301,1.011232,0.019681,0.919086
-0.038075,0.025152,0.724331,1.494953,18.801320,9.226863,3.467958,2.732440,167.144821,3.593953,1.010756,0.017660,0.918683
-0.034220,0.026219,0.799502,1.323711,19.147122,10.986343,3.467519,2.725563,166.694946,4.244173,1.011070,0.020835,0.918879
-0.034135,0.024822,0.764376,1.355105,18.925400,10.295095,3.468962,2.718443,167.018697,3.940982,1.011005,0.019415,0.918933
-0.040213,0.025801,0.767985,1.302124,18.768425,9.160852,3.470445,2.734605,166.928716,3.790995,1.010311,0.018688,0.918191
-0.037592,0.024800,0.699905,1.460811,18.834552,9.421093,3.466408,2.725951,166.966546,3.746760,1.009953,0.018344,0.917993
-0.029885,0.025251,0.823577,1.227342,19.026407,11.199647,3.468176,2.717668,166.641813,4.191472,1.010791,0.020628,0.918687
-0.037771,0.025085,0.747403,1.374335,18.807162,8.983905,3.470581,2.743017,166.953036,3.699950,1.009820,0.018228,0.917783
-0.031773,0.025686,0.726108,1.401617,19.039845,10.576540,3.468009,2.715285,166.936264,3.779187,1.010325,0.018641,0.918189
-0.037038,0.025342,0.747792,1.470886,18.825507,9.030172,3.470797,2.720951,166.652073,3.777465,1.010346,0.018622,0.918150
-0.032940,0.024105,0.727391,1.499165,18.861388,10.382900,3.466849,2.713534,166.748050,3.763230,1.010028,0.018482,0.918092
-0.030908,0.026125,0.754866,1.265286,18.853972,9.645978,3.469385,2.721182,166.826304,3.708375,1.009915,0.018277,0.917810
-0.038795,0.025173,0.743050,1.486369,18.791522,8.703507,3.468321,2.728019,166.852712,3.649287,1.009555,0.017917,0.917561
-0.037823,0.025358,0.765859,1.447958,18.848975,9.993055,3.468973,2.724064,166.580737,4.012184,1.009886,0.019684,0.917862
-0.032757,0.025996,0.788967,1.267480,18.888595,10.165307,3.473489,2.708722,166.565331,3.923886,1.009366,0.019321,0.917391
-0.035669,0.024366,0.773170,1.343418,18.777660,9.534513,3.465773,2.726434,166.691086,3.883156,1.009187,0.019032,0.917227
-0.031391,0.025506,0.739095,1.380238,18.913517,10.918783,3.468768,2.715738,166.846361,3.961803,1.009673,0.019480,0.917653
-0.041100,0.024962,0.715131,1.439184,18.854818,9.115818,3.465647,2.723020,166.539050,3.785886,1.008741,0.018530,0.916814
-0.032943,0.026910,0.840272,1.325634,18.871192,10.538323,3.472551,2.736994,166.179963,4.152021,1.009175,0.020507,0.917112
-0.038906,0.024591,0.701743,1.440023,18.699148,8.812045,3.466799,2.741584,166.814893,3.451161,1.008458,0.016941,0.916626
-0.027572,0.025651,0.792350,1.327901,18.903887,11.571283,3.465956,2.714730,166.392738,4.115944,1.008973,0.020236,0.916925
-0.033797,0.026030,0.791818,1.307690,18.949523,10.613750,3.469853,2.724485,166.482055,4.125521,1.008963,0.020249,0.916979
-0.033624,0.026282,0.769418,1.360655,18.982088,11.004312,3.471373,2.726840,166.518768,4.164418,1.009061,0.020395,0.917100
-0.035450,0.025530,0.747040,1.403850,18.788698,9.917463,3.468259,2.732106,166.739313,3.774286,1.008626,0.018565,0.916768
-0.034765,0.025557,0.783748,1.335706,18.864623,10.071522,3.468375,2.726568,166.302366,4.037691,1.008437,0.019778,0.916526
-0.031880,0.026197,0.775107,1.410533,18.952188,9.742403,3.471433,2.726783,166.627310,3.730619,1.008422,0.018385,0.916519
-0.036159,0.026145,0.829622,1.320600,18.913495,9.868220,3.469159,2.736320,166.464876,4.022000,1.008454,0.019787,0.916514
-0.032592,0.024514,0.692921,1.443167,18.903872,10.531833,3.465277,2.725248,166.641689,3.697922,1.008183,0.018171,0.916423
-0.030383,0.025896,0.794298,1.259059,19.016068,11.238377,3.468721,2.706861,166.338538,4.021722,1.008429,0.019795,0.916507
-0.034034,0.025418,0.753022,1.327983,18.809372,9.435330,3.469256,2.729875,166.489136,3.678234,1.008137,0.018093,0.916319
-0.038490,0.026544,0.776893,1.393978,18.862400,8.802197,3.471861,2.727804,166.681189,3.544979,1.007396,0.017426,0.915689
-0.035483,0.026608,0.827472,1.296709,18.793135,10.147898,3.475237,2.728499,166.485583,4.130347,1.007620,0.020375,0.915637
-0.044404,0.024688,0.728924,1.444172,18.653875,9.022825,3.467609,2.733231,166.581311,3.792702,1.007001,0.018513,0.915372
-0.031939,0.026838,0.793850,1.403872,19.007552,10.484007,3.470434,2.727846,166.129057,4.089360,1.007210,0.020058,0.915405
-0.036791,0.026112,0.786012,1.314632,18.895063,10.852353,3.473541,2.736473,166.199919,4.216102,1.007738,0.020702,0.915990
-0.041430,0.025854,0.783094,1.276283,18.799678,8.598852,3.472912,2.722010,166.425086,3.694102,1.006667,0.018099,0.914993
-0.033730,0.026196,0.789945,1.348519,19.037303,10.780940,3.468843,2.709877,166.297995,4.088884,1.007187,0.020022,0.915384
-0.040789,0.026229,0.780058,1.358144,18.853497,8.666872,3.474818,2.712342,166.031515,3.710937,1.006874,0.018249,0.915050
-0.036015,0.026359,0.791338,1.335739,18.852642,9.765063,3.469191,2.726930,166.033604,3.696178,1.006624,0.018197,0.914976
-0.036390,0.025946,0.789133,1.277010,18.771563,9.921677,3.469168,2.737585,166.210686,4.048447,1.006908,0.019811,0.915191
-0.036240,0.025329,0.750526,1.332439,18.820455,9.595708,3.472006,2.725270,166.421433,3.656962,1.006481,0.017967,0.914850
-0.036432,0.026620,0.853742,1.241380,18.896083,10.754498,3.473714,2.729493,166.006890,4.289759,1.006644,0.021061,0.914927
-0.034740,0.025807,0.766241,1.456712,18.895500,10.378320,3.467047,2.714353,166.393157,3.979157,1.006507,0.019495,0.914891
-0.033043,0.026470,0.813394,1.393950,18.820245,10.132403,3.474165,2.730354,166.141341,3.935230,1.006412,0.019357,0.914709
-0.037114,0.026126,0.749565,1.396748,18.800603,9.030727,3.469474,2.739850,165.922604,3.482409,1.005583,0.017130,0.914012
-0.037219,0.026384,0.818980,1.255226,18.793933,10.550760,3.472451,2.720448,166.023646,4.131659,1.005766,0.020242,0.914194
-0.052297,0.026851,0.814110,1.319350,18.731187,8.232287,3.469888,2.738890,166.038573,3.633156,1.004859,0.017811,0.913343
-0.050156,0.027913,0.833998,1.230066,18.895635,8.582677,3.476175,2.717413,165.946220,3.964123,1.005043,0.019390,0.913398
-0.044518,0.025354,0.804089,1.350106,18.724820,8.903590,3.469608,2.735603,165.503769,3.949514,1.004847,0.019352,0.913360
-0.045087,0.026205,0.799151,1.248804,18.685050,8.989720,3.470735,2.716662,165.959363,3.924811,1.004783,0.019218,0.913257
-0.041838,0.026931,0.795103,1.283212,18.737627,9.173437,3.469698,2.732930,166.092566,3.904771,1.004624,0.019095,0.913161
-0.032306,0.026080,0.841914,1.195120,18.948670,10.221287,3.468493,2.709282,165.725270,3.966251,1.005047,0.019410,0.913436
-0.033298,0.026835,0.799417,1.293367,18.724635,9.438688,3.469618,2.721363,165.871446,3.587686,1.004495,0.017680,0.913082
-0.031364,0.026694,0.837067,1.436982,18.890290,10.398182,3.470519,2.721260,165.860468,3.943725,1.004906,0.019372,0.913353
-0.036089,0.026063,0.793919,1.346825,18.847608,10.156255,3.471213,2.722253,166.141137,3.952611,1.004916,0.019359,0.913363
-0.042887,0.026256,0.748812,1.389078,18.791080,8.613322,3.471559,2.711081,165.684645,3.445831,1.003856,0.016945,0.912451
-0.037827,0.026954,0.857730,1.201877,18.825722,9.891138,3.473861,2.716485,165.720599,4.110745,1.004149,0.020133,0.912685
-0.032870,0.024974,0.804588,1.350115,18.777808,9.892662,3.467068,2.734671,166.207363,3.793153,1.004023,0.018543,0.912645
-0.026879,0.026911,0.816138,1.323463,18.952993,11.290712,3.467111,2.705216,165.649331,3.783073,1.004163,0.018598,0.912655
-0.032028,0.025762,0.795303,1.463267,18.825015,9.935308,3.469983,2.706100,165.608621,3.675809,1.003501,0.018056,0.912168
-0.032602,0.025748,0.779347,1.316214,18.852440,10.682895,3.468511,2.701755,165.592192,4.037535,1.003765,0.019785,0.912351
-0.042205,0.028100,0.826216,1.210339,18.730090,9.041983,3.476996,2.736637,165.736673,3.899749,1.003058,0.019074,0.911722
-0.037320,0.026765,0.811998,1.262038,18.700190,9.193130,3.468924,2.730972,165.353694,3.786152,1.002467,0.018510,0.911210
-0.027579,0.027550,0.882921,1.132665,18.876298,11.153303,3.473553,2.706259,165.481188,3.947133,1.003429,0.019463,0.911959
-0.041276,0.026789,0.768948,1.394807,18.610042,8.736990,3.473368,2.746446,165.644177,3.768019,1.002371,0.018395,0.911104
-0.037529,0.027792,0.777717,1.429504,18.755677,10.049713,3.468635,2.716072,165.411894,3.744174,1.002324,0.018340,0.911040
-0.026703,0.028273,0.854193,1.245402,18.996590,11.710603,3.474376,2.713014,165.496438,4.143618,1.002822,0.020312,0.911470
-0.035392,0.026619,0.828363,1.274284,18.716207,9.459652,3.471093,2.733029,165.659973,3.723846,1.002257,0.018315,0.910989
-0.030639,0.027545,0.781116,1.323296,18.849765,10.240338,3.474427,2.728411,165.802467,3.701497,1.002107,0.018175,0.910874
-0.035683,0.028205,0.873272,1.145085,18.748678,9.620748,3.474827,2.718161,165.242635,3.859249,1.001429,0.018942,0.910190
-0.036484,0.026602,0.838539,1.497875,18.843338,10.002490,3.468648,2.724210,165.592632,3.950053,1.001860,0.019330,0.910579
-0.033609,0.027611,0.830291,1.255321,18.712855,9.725522,3.471175,2.735224,165.774101,3.631523,1.001748,0.017848,0.910526
-0.039299,0.026324,0.839582,1.283137,18.750948,9.233905,3.465103,2.729341,165.416211,3.540272,1.001326,0.017437,0.910140
-0.039223,0.028612,0.862394,1.210343,18.706462,8.942647,3.476614,2.712299,165.126307,3.702465,1.000545,0.018224,0.909455
-0.027973,0.027652,0.866934,1.153395,18.843462,11.149020,3.472294,2.723078,165.172984,3.861178,1.001390,0.019070,0.910181
-0.045334,0.027735,0.843694,1.315703,18.670652,8.689568,3.475768,2.726220,165.210229,3.684441,1.000534,0.018076,0.909376
-0.029568,0.028052,0.849883,1.223988,18.858290,10.426893,3.469562,2.709070,164.798786,3.689103,1.000537,0.018110,0.909415
-0.039857,0.028433,0.847007,1.319971,18.734982,9.861120,3.476502,2.724270,165.100073,3.991705,1.000536,0.019554,0.909373
-0.038507,0.027678,0.862318,1.190558,18.709393,9.234677,3.471041,2.723087,165.307068,3.610652,1.000196,0.017773,0.909049
-0.036238,0.028213,0.882727,1.132796,18.694815,10.052602,3.473722,2.718932,165.232682,3.910045,1.000128,0.019201,0.909047
-0.029588,0.028068,0.901971,1.130523,18.892575,11.447113,3.475519,2.721228,164.997769,4.240335,1.000331,0.020838,0.909180
-0.040489,0.028355,0.851851,1.193723,18.605810,8.571150,3.474390,2.716892,165.122691,3.504474,0.999607,0.017246,0.908547
-0.043394,0.028569,0.835791,1.221012,18.610480,8.649858,3.471544,2.724055,165.191315,3.445507,0.999307,0.016930,0.908294
-0.036782,0.029218,0.872767,1.231238,18.732088,9.222110,3.477125,2.727107,164.832874,3.769099,0.999359,0.018413,0.908341
-0.037204,0.028666,0.860572,1.166261,18.714812,9.645012,3.474068,2.723789,165.132378,3.768150,0.999344,0.018537,0.908381
-0.033238,0.028472,0.842234,1.214890,18.673402,9.647903,3.474750,2.720510,165.202111,3.742755,0.999268,0.018399,0.908283
-0.041397,0.027601,0.843387,1.227200,18.607158,8.825122,3.470701,2.739788,164.946326,3.648174,0.998750,0.017875,0.907840
-0.027503,0.029232,0.908975,1.382400,18.822977,11.222075,3.475054,2.711676,164.917603,4.042446,0.999286,0.019927,0.908282
-0.046835,0.028643,0.804237,1.398690,18.644445,8.435923,3.472154,2.740854,165.051607,3.566744,0.998412,0.017488,0.907475
-0.046990,0.026585,0.841920,1.264227,18.595532,8.496167,3.465921,2.741750,165.174785,3.547696,0.998180,0.017275,0.907311
-0.032900,0.027459,0.832707,1.247822,18.758105,9.953127,3.468847,2.709307,164.452590,3.564424,0.998354,0.017537,0.907494
-0.047604,0.028787,0.854935,1.291751,18.633053,8.873845,3.474035,2.726437,164.873200,3.827987,0.998146,0.018710,0.907227
-0.033069,0.028648,0.846854,1.238296,18.758415,9.614835,3.471260,2.714688,165.110428,3.541440,0.998218,0.017440,0.907328
-0.036363,0.028342,0.884974,1.129878,18.709467,9.248863,3.473283,2.741622,164.481837,3.752407,0.997781,0.018329,0.906894
-0.036596,0.028489,0.919953,1.187141,18.702927,9.359800,3.473608,2.736152,164.738033,3.686369,0.997544,0.018143,0.906643
-0.035123,0.028360,0.899464,1.133437,18.630820,9.893710,3.475454,2.723604,164.889666,3.728159,0.997692,0.018337,0.906849
-0.035026,0.029839,0.891792,1.141748,18.702067,10.224635,3.475796,2.707430,164.435617,3.984810,0.997356,0.019515,0.906577
-0.030672,0.028321,0.910570,1.213631,18.829970,10.441902,3.469747,2.707872,164.584231,3.953621,0.997272,0.019363,0.906441
-0.038560,0.029298,0.932393,1.072257,18.618435,9.136528,3.476089,2.720756,164.416187,3.698269,0.995979,0.018175,0.905277
-0.043300,0.028832,0.926458,1.198495,18.557107,8.683638,3.475170,2.726455,164.434369,3.659889,0.995777,0.017973,0.905122
-0.037074,0.028443,0.908900,1.188528,18.653713,9.192972,3.471828,2.725156,164.486818,3.655954,0.995721,0.017968,0.905096
-0.031908,0.029811,0.932110,1.095517,18.790802,11.372127,3.470908,2.709911,164.302307,4.048765,0.996230,0.019848,0.905472
-0.033790,0.030079,0.935963,1.083247,18.803470,10.553418,3.476834,2.739400,164.359373,3.901152,0.995561,0.019148,0.904841
-0.039092,0.028377,0.918093,1.148417,18.548205,8.797977,3.472741,2.733341,164.506139,3.785831,0.994920,0.018501,0.904273
-0.031198,0.030276,0.948897,1.153877,18.696528,10.630055,3.476532,2.716939,164.051441,3.878233,0.995388,0.019089,0.904738
-0.032251,0.029903,0.949939,1.148389,18.753643,9.859392,3.471956,2.713017,164.312732,3.758518,0.994814,0.018486,0.904204
-0.034119,0.029643,0.956017,1.118777,18.714653,10.234482,3.475140,2.708950,164.084515,3.835751,0.995230,0.018882,0.904546
-0.036245,0.029711,0.958484,1.116035,18.666847,9.800295,3.476137,2.725026,164.336332,3.941753,0.994191,0.019283,0.903561
-0.033230,0.031725,0.948252,1.068717,18.732840,11.093752,3.478786,2.709379,164.089697,4.071163,0.994782,0.019928,0.904168
-0.039088,0.028941,0.889816,1.130785,18.540027,9.075450,3.475995,2.720813,164.113704,3.647342,0.994293,0.017923,0.903690
-0.041987,0.029913,0.941333,1.147565,18.630563,9.373180,3.475768,2.714493,163.897733,3.854030,0.993634,0.018869,0.903198
-0.032722,0.030799,0.911931,1.123325,18.591900,9.374305,3.474011,2.732640,164.300064,3.499275,0.993437,0.017190,0.902981
-0.037466,0.029943,0.940890,1.070393,18.655037,8.888710,3.471265,2.712924,164.327263,3.388495,0.992801,0.016655,0.902439
-0.034804,0.029577,0.933362,1.092823,18.713090,10.061407,3.472993,2.725397,164.073374,3.665293,0.992798,0.018021,0.902396
-0.030892,0.031349,0.982051,1.017461,18.776188,11.066162,3.476992,2.729492,163.578630,4.032194,0.993195,0.019846,0.902676
-0.032515,0.029583,0.937562,1.144334,18.602878,9.741170,3.471740,2.727427,163.950643,3.563527,0.992306,0.017521,0.901832
-0.029531,0.030832,1.055972,0.947019,18.874925,11.092492,3.476738,2.707698,163.436434,4.172581,0.992399,0.020554,0.901954
-0.036372,0.030015,0.971294,1.192560,18.538262,9.636200,3.478941,2.729571,163.509461,3.901116,0.992399,0.019237,0.902082
-0.039555,0.030470,0.990039,1.094027,18.560718,8.913767,3.473388,2.705713,163.491912,3.724537,0.991553,0.018268,0.901257
-0.040887,0.030315,0.959224,1.082201,18.506395,9.099038,3.478834,2.713784,163.640868,3.775423,0.992143,0.018464,0.901442
-0.028692,0.033157,1.070173,1.007687,18.693708,11.856743,3.481126,2.721029,163.208532,4.343285,0.991810,0.021334,0.901257
-0.053627,0.030106,0.943528,1.084635,18.347815,7.651482,3.475701,2.709987,163.569198,3.454159,0.990391,0.016832,0.899941
-0.040824,0.030975,0.936297,1.068134,18.571703,8.801762,3.472290,2.735095,163.492960,3.438510,0.990004,0.016874,0.899892
-0.042901,0.031439,1.015375,1.043185,18.394820,8.497123,3.479201,2.733396,162.996377,3.668853,0.990160,0.018052,0.899586
-0.040776,0.030214,0.929563,1.105001,18.420378,8.481673,3.476493,2.719875,163.248607,3.333688,0.989840,0.016326,0.899398
-0.032417,0.032364,1.054915,0.976196,18.555742,10.473403,3.479675,2.737826,163.273122,3.926959,0.989844,0.019307,0.899383
-0.033760,0.031911,1.027156,1.006666,18.644615,10.173072,3.479020,2.711856,163.377046,4.031194,0.990247,0.019749,0.899809
-0.039203,0.030602,0.998113,1.049973,18.416328,8.985372,3.478120,2.738375,163.447137,3.654575,0.990126,0.017938,0.899513
-0.039948,0.032181,0.967289,1.059007,18.523507,8.970755,3.479093,2.717757,163.358931,3.615996,0.989767,0.017756,0.899352
-0.038800,0.031001,1.040952,1.019544,18.474933,9.561595,3.471667,2.738153,163.234903,3.794861,0.989225,0.018625,0.898766
-0.035851,0.031257,0.976989,1.029804,18.603407,9.333657,3.473526,2.744985,163.553021,3.453973,0.988569,0.016951,0.898601
-0.040121,0.031554,1.049092,1.001199,18.397030,8.589358,3.479718,2.725093,163.231087,3.593145,0.988226,0.017660,0.897817
-0.037893,0.031806,1.016280,1.003572,18.580220,9.692973,3.475512,2.725710,163.473695,3.624406,0.987846,0.017693,0.897953
-0.038261,0.032063,1.046699,0.975799,18.420590,9.079542,3.480230,2.720920,162.915726,3.596095,0.987847,0.017696,0.897855
-0.051250,0.031787,0.996638,1.075401,18.308590,7.866652,3.479238,2.723038,163.184402,3.371606,0.987068,0.016478,0.896795
-0.033066,0.032534,1.094246,0.913928,18.614892,10.010778,3.478413,2.732308,162.855506,3.941386,0.986956,0.019387,0.896680
-0.045767,0.031481,1.044912,0.982056,18.446795,8.659950,3.477800,2.721454,162.798706,3.752381,0.987198,0.018428,0.897200
-0.052600,0.032046,0.964366,1.079140,18.284773,8.036522,3.478441,2.725206,163.001467,3.611934,0.986610,0.017602,0.896474
-0.037262,0.032663,1.132204,0.910856,18.523608,9.714927,3.475756,2.708904,162.573889,3.940397,0.986758,0.019323,0.896634
-0.038127,0.032396,1.017564,0.997473,18.481978,9.560505,3.478565,2.719727,163.071153,3.693709,0.987014,0.018008,0.896835
-0.042447,0.031435,1.115461,0.966378,18.517248,9.408895,3.469155,2.745806,162.672604,3.839673,0.986075,0.018784,0.896154
-0.033373,0.033659,1.139364,0.906925,18.604705,10.526112,3.482108,2.724033,162.603796,3.818127,0.986277,0.018811,0.896080
-0.051778,0.031019,1.087863,0.987203,18.409072,7.490208,3.474033,2.725090,162.584243,3.596218,0.985258,0.017612,0.895080
-0.040011,0.033081,1.049449,0.990603,18.312712,8.447965,3.478837,2.745609,162.809518,3.366399,0.985449,0.016524,0.895345
-0.030994,0.031793,1.099078,0.959827,18.571200,10.466733,3.472674,2.713334,162.440997,3.705124,0.985580,0.018147,0.895559
-0.045870,0.034133,1.102095,0.914826,18.455117,8.420177,3.481512,2.728120,162.297208,3.621384,0.984961,0.017828,0.895146
-0.046019,0.032274,1.020072,1.076419,18.405945,8.787632,3.478385,2.723303,162.312605,3.549971,0.984878,0.017329,0.894825
-0.033807,0.034144,1.115822,0.896106,18.650737,10.052012,3.480883,2.711720,162.489186,3.823964,0.984828,0.018805,0.894745
-0.032807,0.033874,1.117725,0.936689,18.504253,10.095033,3.481961,2.711166,162.487548,3.909127,0.985294,0.019264,0.895139
-0.043699,0.033057,0.989568,1.039861,18.284653,8.003305,3.479361,2.740206,162.691433,3.183512,0.984606,0.015634,0.894538
-0.040217,0.032948,1.087405,0.945924,18.398310,9.202792,3.477963,2.731968,162.379503,3.745732,0.984109,0.018283,0.894313
-0.030293,0.034072,1.174326,0.868999,18.527787,9.929785,3.481283,2.740787,162.360941,3.770773,0.984598,0.018620,0.894506
-0.041506,0.032381,1.079272,0.981790,18.353007,8.362032,3.477778,2.730947,162.474805,3.403974,0.984220,0.016736,0.894159
-0.038661,0.034144,1.100705,0.995418,18.445582,9.310382,3.481977,2.725638,162.428191,3.636982,0.983880,0.017876,0.893853
-0.038549,0.033541,1.096809,0.975799,18.513705,9.731837,3.477188,2.752687,162.513671,3.657071,0.983824,0.017905,0.893956
-0.038151,0.035209,1.165102,0.883219,18.479635,9.238170,3.480894,2.748105,162.468387,3.591887,0.983501,0.017681,0.893637
-0.035400,0.033539,1.170477,0.880076,18.491138,9.364645,3.480337,2.719300,161.925347,3.771696,0.983090,0.018537,0.893101
-0.046163,0.034682,1.130426,0.904772,18.438512,9.089235,3.485630,2.727265,162.125029,3.859685,0.983417,0.018842,0.893439
-0.043861,0.032957,1.089411,0.931931,18.254417,8.180523,3.479211,2.732448,162.189389,3.447619,0.982868,0.016874,0.893000
-0.039978,0.033286,1.139955,0.877260,18.390020,9.629690,3.480643,2.734547,162.066552,3.664539,0.982417,0.018008,0.892599
-0.028484,0.034529,1.169889,0.919310,18.579852,10.730563,3.481987,2.716936,162.062408,3.792183,0.983018,0.018622,0.893196
-0.033063,0.033187,1.152693,0.942906,18.509880,10.171595,3.479034,2.719894,161.869437,3.773671,0.983005,0.018537,0.893090
-0.053210,0.032997,1.105816,0.988880,18.291748,8.033315,3.477742,2.719911,162.014262,3.633537,0.982312,0.017730,0.892418
-0.035052,0.034226,1.157544,0.918296,18.474752,9.902345,3.478032,2.725300,162.165546,3.599449,0.982067,0.017682,0.892306
-0.036300,0.033562,1.181495,0.859419,18.526113,9.761230,3.477112,2.709404,161.979656,3.901371,0.982224,0.019101,0.892288
-0.040804,0.032873,1.096340,0.964360,18.379513,8.951737,3.480877,2.732064,161.836002,3.588218,0.981889,0.017527,0.892235
-0.035399,0.034822,1.209895,0.856394,18.366633,9.552157,3.486469,2.722732,161.725077,3.746326,0.981368,0.018453,0.891627
-0.038144,0.033730,1.170103,0.854851,18.303040,9.073068,3.479447,2.739074,161.815207,3.716280,0.981186,0.018228,0.891469
-0.036750,0.034104,1.177777,0.909545,18.377397,9.107850,3.475648,2.714408,161.825380,3.624467,0.980709,0.017827,0.891031
-0.026932,0.033789,1.146427,0.872291,18.528065,10.973652,3.479621,2.731320,161.893842,3.731545,0.981229,0.018325,0.891539
-0.036358,0.035549,1.178996,0.917825,18.550718,10.147735,3.485476,2.704786,161.767772,3.989514,0.981130,0.019581,0.891326
-0.033115,0.034388,1.193731,0.873291,18.458795,9.498112,3.480985,2.705979,161.826199,3.617334,0.980752,0.017785,0.891007
-0.042107,0.034669,1.151103,0.927533,18.334408,8.226625,3.482688,2.714700,161.861597,3.517142,0.980277,0.017244,0.890546
-0.040885,0.035022,1.177649,0.889073,18.384658,8.299177,3.480512,2.735730,161.330316,3.423700,0.979538,0.016760,0.890100
-0.029639,0.037611,1.267827,0.803423,18.559637,10.609470,3.488281,2.715146,161.385301,3.832749,0.980403,0.018887,0.890590
-0.039667,0.033026,1.160239,0.930824,18.212093,8.346117,3.474715,2.729369,161.637527,3.465378,0.979842,0.017041,0.890272
-0.045920,0.034131,1.151327,0.893943,18.358542,8.391173,3.474436,2.729664,161.381819,3.355372,0.979464,0.016423,0.889770
-0.037778,0.034697,1.186127,0.843059,18.412107,9.710227,3.483890,2.729746,161.726173,3.764749,0.979869,0.018419,0.890263
-0.030843,0.034914,1.174869,0.851653,18.467095,10.198702,3.479830,2.719700,161.931803,3.492913,0.980057,0.017196,0.890458
-0.030984,0.035794,1.240329,0.847832,18.598005,9.855015,3.483493,2.709229,161.708990,3.704526,0.979665,0.018186,0.890035
-0.048216,0.035365,1.228702,0.819068,18.294693,8.441230,3.479512,2.729132,161.264884,3.869696,0.978862,0.018922,0.889333
-0.036304,0.035350,1.167482,0.903503,18.445707,9.588457,3.479153,2.717405,161.855850,3.447051,0.979405,0.016964,0.890203
-0.031515,0.035853,1.181497,0.920609,18.518975,10.234918,3.479936,2.727995,161.824721,3.678338,0.979510,0.018029,0.889888
-0.042252,0.037243,1.222865,0.847965,18.391997,8.474465,3.483924,2.726779,161.783122,3.520464,0.978704,0.017339,0.889173
-0.033226,0.037136,1.280838,0.792200,18.415295,10.039387,3.484407,2.724990,161.174729,3.806402,0.978638,0.018679,0.889106
-0.036989,0.035158,1.236078,0.865689,18.335293,9.373247,3.475468,2.717384,161.599639,3.563076,0.978894,0.017449,0.889351
-0.046849,0.033901,1.153255,0.901990,18.223020,8.013377,3.477027,2.757829,161.579281,3.431190,0.978189,0.016722,0.888711
-0.050792,0.035134,1.179397,0.864090,18.250870,7.768340,3.480267,2.739510,161.415695,3.325044,0.977694,0.016196,0.888242
-0.032194,0.035590,1.251906,0.833321,18.487627,10.401225,3.480029,2.723249,161.319173,3.715543,0.978039,0.018322,0.888702
-0.032905,0.036649,1.226251,0.824973,18.359350,9.537408,3.486747,2.724237,161.193891,3.700310,0.978040,0.018177,0.888596
-0.046141,0.035836,1.227474,0.841898,18.247377,8.358188,3.481797,2.733500,161.203104,3.588736,0.977475,0.017536,0.888066
-0.036049,0.034866,1.197874,0.863612,18.413227,10.090167,3.482271,2.728029,161.076874,3.802940,0.978048,0.018626,0.889070
-0.042547,0.036875,1.256947,0.801054,18.270453,8.876107,3.483364,2.718892,161.290685,3.512240,0.977132,0.017286,0.887730
-0.039267,0.035338,1.202111,0.841546,18.317205,8.815202,3.478691,2.747336,161.324188,3.481107,0.977015,0.017028,0.887601
-0.039770,0.032856,1.080261,0.983535,18.408977,8.878417,3.478371,2.718358,161.279205,3.714109,0.976824,0.018109,0.887890
-0.036246,0.037358,1.241141,0.810168,18.444060,9.866468,3.485751,2.707120,161.218694,3.543322,0.977349,0.017441,0.887895
-0.038997,0.036096,1.286018,0.793832,18.361375,9.187118,3.479414,2.737744,161.141661,3.738370,0.976707,0.018334,0.887400
-0.042554,0.036510,1.263600,0.791374,18.270840,8.563792,3.483106,2.711948,160.932648,3.622799,0.976148,0.017756,0.886870
-0.045498,0.035683,1.241430,0.805528,18.156635,8.277542,3.480077,2.743524,160.996158,3.575869,0.975819,0.017464,0.886614
-0.036623,0.037767,1.307938,0.781681,18.426380,9.944472,3.484639,2.722190,160.808237,3.875669,0.975895,0.019021,0.886633
-0.038419,0.036544,1.323409,0.755637,18.408433,9.615407,3.488220,2.718656,160.650555,3.905056,0.976109,0.019158,0.886765
-0.035637,0.036590,1.253740,0.844561,18.348085,9.209327,3.486178,2.733614,160.751278,3.568398,0.975766,0.017523,0.886607
-0.035501,0.036718,1.298276,0.770295,18.278203,10.105708,3.482678,2.717183,160.667763,3.815406,0.975509,0.018713,0.886352
-0.037926,0.037939,1.254451,0.824472,18.249335,9.364972,3.486085,2.733781,160.860286,3.685827,0.974810,0.018065,0.885752
-0.030387,0.036600,1.379872,0.744165,18.463403,11.017638,3.484726,2.717922,160.398162,4.103758,0.975614,0.020153,0.886286
-0.040182,0.036890,1.233083,0.841314,18.386943,9.034940,3.487052,2.722557,160.560467,3.447652,0.975125,0.016920,0.886023
-0.042067,0.038835,1.366849,0.750088,18.402940,10.043512,3.480102,2.715566,160.258763,3.921402,0.974593,0.019183,0.885420
-0.043245,0.037220,1.309779,0.768140,18.233440,9.017485,3.485367,2.728221,160.388747,3.644665,0.974695,0.017912,0.885566
-0.050539,0.038296,1.267360,0.839267,18.116918,8.397003,3.489316,2.723132,160.641402,3.605013,0.974430,0.017573,0.885334
-0.048601,0.036810,1.177066,0.849561,18.113678,7.542927,3.479744,2.732343,160.494849,3.146352,0.973684,0.015366,0.884671
-0.040716,0.038783,1.331085,0.775047,18.207342,9.200970,3.484967,2.711196,160.068319,3.753986,0.973736,0.018347,0.884644
-0.036821,0.037444,1.306956,0.779049,18.293723,9.679142,3.483474,2.715492,160.605671,3.536709,0.974118,0.017398,0.885072
-0.041894,0.038240,1.309704,0.763631,18.196952,7.946168,3.484047,2.740794,160.409304,3.352014,0.973228,0.016473,0.884191
-0.042350,0.037781,1.351515,0.739911,18.182353,8.912947,3.486147,2.734420,159.895197,3.788465,0.973434,0.018614,0.884853
-0.042574,0.038310,1.286394,0.837429,18.090752,8.161773,3.486251,2.721261,160.441061,3.529917,0.972493,0.017260,0.883650
-0.035907,0.039288,1.343017,0.744610,18.371140,9.544038,3.484574,2.710702,160.501703,3.561196,0.972842,0.017424,0.883783
-0.037426,0.038975,1.360748,0.734883,18.452865,9.725737,3.488186,2.711652,160.425261,3.719275,0.973198,0.018323,0.884558
-0.036420,0.039892,1.372654,0.761659,18.290753,9.874532,3.488213,2.716338,160.025301,3.880175,0.972822,0.019001,0.883862
-0.057195,0.037315,1.324819,0.754830,18.099312,7.071545,3.483328,2.724414,160.216496,3.409550,0.972058,0.016644,0.883096
-0.060649,0.037328,1.296673,0.803602,18.046158,6.983980,3.484694,2.715562,160.212416,3.370379,0.971731,0.016388,0.882867
-0.046492,0.036944,1.287630,0.806095,18.115058,8.011053,3.481498,2.724048,160.077567,3.444970,0.972073,0.016765,0.883219
-0.036976,0.039193,1.379750,0.750311,18.234723,9.547395,3.487682,2.727452,160.087030,3.728674,0.972040,0.018297,0.883204
-0.040265,0.037807,1.376052,0.726717,18.274123,9.133975,3.482909,2.732519,160.329508,3.701837,0.971980,0.018132,0.883047
-0.039413,0.038659,1.346821,0.816046,18.220527,9.342698,3.485680,2.722596,160.301713,3.748143,0.972107,0.018312,0.883230
-0.039345,0.038461,1.393952,0.732156,18.251717,9.324580,3.483748,2.709552,160.175053,3.623508,0.971470,0.017827,0.882716
-0.037209,0.037958,1.382690,0.746907,18.187028,8.916343,3.483299,2.728172,160.132370,3.586208,0.971336,0.017612,0.882536
-0.048030,0.039130,1.344842,0.743577,18.098080,7.962152,3.485576,2.746610,160.137475,3.521084,0.970959,0.017149,0.882166
-0.036495,0.037726,1.264956,0.842130,18.202565,8.574053,3.480884,2.757186,160.369964,3.207642,0.970952,0.015714,0.882130
-0.040630,0.039752,1.342269,0.764596,18.185115,9.092883,3.486471,2.733772,159.904596,3.509912,0.970891,0.017100,0.882129
-0.036595,0.039953,1.367624,0.753795,18.228237,9.296517,3.486386,2.720313,159.935635,3.767594,0.970766,0.018405,0.881928
-0.034822,0.039188,1.370831,0.748193,18.253143,9.130128,3.488009,2.711187,160.092569,3.435793,0.970587,0.016897,0.881827
-0.040590,0.040254,1.398119,0.735136,18.242155,8.119885,3.485687,2.730697,159.995470,3.310703,0.969974,0.016261,0.881226
-0.037783,0.041235,1.497699,0.697704,18.137078,9.585088,3.491949,2.736259,159.581282,3.901939,0.969906,0.019144,0.881187
-0.043773,0.039305,1.407523,0.720170,18.244602,8.924083,3.483788,2.702894,159.941157,3.590354,0.969790,0.017540,0.881126
-0.034048,0.040871,1.441125,0.720537,18.300843,9.488865,3.486608,2.713465,159.761463,3.589706,0.969844,0.017679,0.881151
-0.041827,0.039774,1.420478,0.703984,18.128695,8.803987,3.487882,2.722275,159.644466,3.537028,0.969411,0.017371,0.880867
-0.033724,0.042537,1.538597,0.649913,18.211543,9.591687,3.491520,2.715577,159.455247,3.760506,0.969319,0.018491,0.880584
-0.039947,0.040523,1.393470,0.723506,18.155588,8.879745,3.489747,2.714454,159.682948,3.529449,0.969599,0.017338,0.880870
-0.045641,0.039363,1.338858,0.746908,18.042237,7.805438,3.486691,2.745262,159.786598,3.473834,0.969167,0.016908,0.880568
-0.041425,0.039449,1.473668,0.693019,18.205720,9.070777,3.486034,2.728584,159.772898,3.683289,0.968702,0.018071,0.880191
-0.038574,0.040676,1.460547,0.685718,18.143810,8.848010,3.487763,2.748647,159.836770,3.671599,0.968634,0.017921,0.880084
-0.037047,0.040473,1.513282,0.660816,18.225327,9.351298,3.486405,2.721449,159.875087,3.701622,0.968904,0.018096,0.880253
-0.046062,0.041183,1.431230,0.719417,18.082998,8.564920,3.488098,2.715258,159.814020,3.666831,0.968615,0.017908,0.880090
-0.042135,0.042694,1.469818,0.690093,18.126037,8.368063,3.489858,2.710130,159.309361,3.503316,0.967857,0.017188,0.879381
-0.042415,0.040067,1.435459,0.732958,18.032328,8.780015,3.484313,2.740420,159.499898,3.503483,0.967677,0.017126,0.879342
-0.030511,0.041097,1.449132,0.716214,18.278395,10.241637,3.484027,2.724427,159.361757,3.506944,0.967843,0.017224,0.879407
-0.032643,0.043112,1.573109,0.645551,18.347597,10.518692,3.494249,2.707218,158.954101,3.840332,0.968129,0.018901,0.879525
-0.045220,0.039693,1.476360,0.684567,18.164540,8.793347,3.486005,2.717856,158.952697,3.675748,0.967119,0.017982,0.878752
-0.033449,0.041224,1.500581,0.687130,18.316747,10.152825,3.486472,2.706427,159.293319,3.795461,0.967780,0.018559,0.879274
-0.040842,0.041071,1.511418,0.688816,18.309617,9.001645,3.486958,2.705338,159.197181,3.676720,0.967256,0.018085,0.878818
-0.044250,0.043014,1.554457,0.643320,18.210992,9.176933,3.492004,2.723191,159.113881,3.941424,0.966889,0.019292,0.878562
-0.038786,0.043126,1.505222,0.669121,18.148277,9.358435,3.492366,2.719577,158.994848,3.599128,0.966711,0.017708,0.878409
-0.039978,0.040956,1.496204,0.684529,18.191357,8.988760,3.487843,2.731255,159.033685,3.538555,0.966434,0.017368,0.878145
-0.029564,0.041638,1.494961,0.673153,18.210653,10.411400,3.488759,2.710435,159.142008,3.599204,0.966694,0.017709,0.878398
-0.032103,0.044349,1.580774,0.633734,18.195028,10.316917,3.493050,2.716252,158.671876,3.750470,0.965997,0.018456,0.877712
-0.039154,0.041984,1.577662,0.664984,18.058002,9.503570,3.490415,2.709397,158.709727,3.750227,0.965976,0.018426,0.877722
-0.038965,0.042163,1.495359,0.675719,17.957925,8.236037,3.488623,2.735748,158.956710,3.308691,0.965232,0.016245,0.877024
-0.034243,0.043712,1.526164,0.655261,18.277073,9.967510,3.493684,2.704959,158.571529,3.671476,0.965717,0.017917,0.877320
-0.043583,0.042645,1.536214,0.654253,18.016135,8.410567,3.492269,2.718505,158.600218,3.517027,0.964773,0.017296,0.876647
-0.027513,0.043488,1.604283,0.635405,18.252485,10.699650,3.491165,2.705478,158.567305,3.673049,0.965575,0.018061,0.877326
-0.039806,0.041998,1.567428,0.655376,18.081052,9.045735,3.489626,2.720298,158.660316,3.644495,0.965056,0.017883,0.877243
-0.038513,0.041276,1.499945,0.666688,18.117263,8.882847,3.485203,2.701395,158.579212,3.440907,0.964353,0.016806,0.876292
-0.041371,0.042595,1.598858,0.625448,18.021612,9.228372,3.495348,2.722242,158.497996,3.721179,0.964388,0.018286,0.876232
-0.040181,0.045076,1.557893,0.644835,18.096557,9.586182,3.496532,2.725684,158.650903,3.744745,0.964448,0.018334,0.876309
-0.047583,0.042941,1.571253,0.675262,18.049448,8.325870,3.484138,2.729290,158.757850,3.553620,0.963447,0.017342,0.875408
-0.037381,0.043918,1.584859,0.668937,18.045698,9.479628,3.492234,2.736975,158.252905,3.641595,0.963941,0.017860,0.875832
-0.040802,0.042989,1.574590,0.636123,18.062635,8.816465,3.489946,2.740681,158.504577,3.558212,0.963512,0.017443,0.875460
-0.040901,0.043651,1.571602,0.661463,18.039583,8.767530,3.490847,2.714236,158.508153,3.509677,0.963287,0.017163,0.875232
-0.030273,0.044069,1.601804,0.637140,18.287400,10.512528,3.487163,2.721329,158.416966,3.885076,0.963727,0.019009,0.875531
-0.034613,0.044506,1.645073,0.615037,18.144498,10.416360,3.493026,2.708944,158.443275,3.881963,0.963627,0.019056,0.875561
-0.040365,0.043384,1.588201,0.641615,18.146670,9.362657,3.490535,2.711377,158.668082,3.556096,0.963545,0.017480,0.875465
-0.033830,0.044039,1.565014,0.638972,18.182027,9.426910,3.491382,2.715259,158.689630,3.547780,0.963427,0.017468,0.875395
-0.041460,0.044688,1.641219,0.609306,18.055527,9.363653,3.491737,2.715941,158.439323,3.817090,0.963193,0.018673,0.875222
-0.031837,0.045106,1.653087,0.604943,18.174882,10.205200,3.492653,2.705758,158.360314,3.714094,0.962717,0.018176,0.874758
-0.034935,0.044052,1.681873,0.594575,18.133117,9.603605,3.491273,2.721426,158.421487,3.673380,0.962654,0.018008,0.874606
-0.031751,0.044518,1.650970,0.642620,18.178580,10.330498,3.490611,2.729902,158.332513,3.729746,0.962878,0.018316,0.874854
-0.045252,0.045181,1.621767,0.628845,17.979990,8.389930,3.496584,2.721409,157.823665,3.571174,0.961928,0.017556,0.874112
-0.039333,0.042745,1.663294,0.619799,18.084022,9.117892,3.484967,2.729793,158.425753,3.553443,0.961906,0.017374,0.874023
-0.033038,0.046585,1.683605,0.597398,18.154797,9.857438,3.495107,2.728990,158.247863,3.531556,0.961848,0.017344,0.873926
-0.035879,0.046080,1.689946,0.621179,18.116298,9.995872,3.493242,2.744600,158.258580,3.847940,0.961805,0.018794,0.873954
-0.043055,0.046832,1.658510,0.636902,18.129228,8.926768,3.493360,2.702305,157.845822,3.700564,0.961192,0.018082,0.873296
-0.039140,0.043602,1.655832,0.605148,18.152768,9.343315,3.490764,2.713685,158.061733,3.753093,0.961384,0.018326,0.873505
-0.051417,0.045682,1.673204,0.646939,18.063622,8.325803,3.496810,2.726168,158.021445,3.674234,0.960985,0.017937,0.873169
-0.036743,0.044393,1.632415,0.647542,18.003343,9.257928,3.489846,2.722893,157.869543,3.723706,0.961145,0.018185,0.873388
-0.038499,0.046961,1.746761,0.582070,18.101663,9.637300,3.497995,2.730021,157.904369,3.592666,0.960555,0.017671,0.872810
-0.034177,0.045327,1.701708,0.594563,18.176823,9.972920,3.491340,2.702583,158.035666,3.605083,0.960691,0.017697,0.872886
-0.041399,0.046396,1.647310,0.607063,18.083072,9.222973,3.497636,2.722998,158.118954,3.545522,0.960358,0.017397,0.872610
-0.041298,0.045119,1.650523,0.608098,18.034945,8.636228,3.492957,2.714609,157.590423,3.420539,0.959681,0.016745,0.872033
-0.034461,0.046817,1.757162,0.569109,18.048503,9.911217,3.496601,2.701014,157.707200,3.777814,0.960009,0.018531,0.872291
-0.059056,0.046647,1.709775,0.608868,17.966765,7.685365,3.492268,2.724070,157.648274,3.614178,0.959210,0.017632,0.871515
-0.040879,0.047968,1.722614,0.580512,17.973302,9.453180,3.499572,2.713230,157.900361,3.713432,0.959548,0.018139,0.871962
-0.043586,0.046894,1.787110,0.578805,17.942530,8.117983,3.492563,2.715306,157.166766,3.513349,0.958658,0.017243,0.871097
-0.039977,0.046148,1.777441,0.570345,18.002683,8.764787,3.492383,2.728992,157.608946,3.536299,0.958735,0.017331,0.871179
-0.038400,0.047322,1.778710,0.564784,18.075562,8.895670,3.498155,2.712666,157.487832,3.498671,0.958633,0.017202,0.871018
-0.036899,0.046732,1.802037,0.566311,18.023433,9.610432,3.494938,2.711264,157.366727,3.842128,0.958768,0.018787,0.871177
-0.041848,0.046878,1.781110,0.585671,18.000450,9.050685,3.492035,2.720038,156.947354,3.388664,0.957953,0.016618,0.870483
-0.041802,0.047158,1.882769,0.531132,17.901787,9.245818,3.494199,2.713739,157.297355,3.952055,0.957793,0.019344,0.870295
-0.037205,0.047206,1.793311,0.562647,18.066078,9.428055,3.493952,2.715413,157.553980,3.655806,0.957866,0.017823,0.870287
-0.029087,0.048737,1.807105,0.553370,18.232560,11.310260,3.495189,2.701542,157.151373,3.727999,0.958268,0.018231,0.870653
-0.034953,0.048611,1.880175,0.537617,18.043422,10.113477,3.496684,2.723363,157.191803,3.915893,0.957595,0.019226,0.870143
-0.038063,0.047768,1.813363,0.584180,17.984573,9.084885,3.494680,2.704502,157.542890,3.534697,0.957235,0.017302,0.869764
-0.047144,0.047885,1.784725,0.567958,17.966173,8.258460,3.493197,2.716394,157.640173,3.471152,0.956923,0.016890,0.869421
-0.045431,0.046188,1.754185,0.585713,17.935708,8.552465,3.490294,2.709179,157.366074,3.443246,0.956727,0.016768,0.869322
-0.036115,0.049036,1.817760,0.550128,18.023038,9.362403,3.493375,2.712782,157.284731,3.477541,0.956950,0.017090,0.869487
-0.038346,0.047467,1.812823,0.561994,18.016325,8.915622,3.491958,2.708023,157.451673,3.428992,0.956697,0.016804,0.869301
-0.033172,0.049130,1.805146,0.553968,18.060812,9.856178,3.496088,2.704748,157.311573,3.451819,0.956839,0.016984,0.869419
-0.038976,0.048645,1.829701,0.564840,17.967930,9.036708,3.498183,2.728851,157.019521,3.690826,0.956413,0.018108,0.869094
-0.046106,0.047843,1.847950,0.544192,18.020327,8.685232,3.493604,2.713845,157.286570,3.612861,0.956111,0.017642,0.868732
-0.038620,0.051872,2.024594,0.509282,18.030595,8.887847,3.496965,2.730057,157.344290,3.589329,0.955838,0.017532,0.868612
-0.059196,0.048590,1.846894,0.541454,17.836697,6.989887,3.494528,2.716262,157.314915,3.371689,0.954888,0.016389,0.867590
-0.039543,0.049695,1.818041,0.571718,18.018943,9.564937,3.492960,2.721619,157.066852,3.614553,0.955650,0.017656,0.868750
-0.037085,0.049013,1.892174,0.533275,18.075637,9.121398,3.494386,2.714538,157.187800,3.495894,0.955484,0.017158,0.868200
-0.047394,0.048947,1.858768,0.559206,17.898693,7.617028,3.494332,2.727011,157.100305,3.363485,0.954802,0.016457,0.867598
-0.048918,0.050586,1.875392,0.539594,17.899768,7.430732,3.500746,2.726260,156.901266,3.326381,0.954636,0.016340,0.867448
-0.038427,0.051819,1.953971,0.515165,17.946188,8.904048,3.500889,2.706586,156.837820,3.600710,0.954487,0.017624,0.867309
-0.040096,0.050092,1.917857,0.526903,17.931575,8.657478,3.497472,2.722391,156.899489,3.606732,0.954500,0.017577,0.867274
-0.039200,0.051816,1.929418,0.518296,18.023660,9.894983,3.502445,2.710130,156.877173,3.652561,0.954741,0.017912,0.867550
-0.044381,0.049675,1.925893,0.525607,17.839292,8.686188,3.498275,2.711535,156.679746,3.562129,0.954302,0.017468,0.867154
-0.042392,0.051933,1.963532,0.516624,17.882133,8.810333,3.502607,2.714621,156.742878,3.709463,0.953449,0.018108,0.866377
-0.039600,0.051654,1.954175,0.514678,17.981788,8.745303,3.496772,2.703704,156.815223,3.420399,0.953662,0.016822,0.866479
-0.032200,0.051142,1.958669,0.510584,18.060633,9.530713,3.501408,2.717754,157.040681,3.485448,0.953990,0.017116,0.866792
-0.035147,0.051407,1.899815,0.529850,17.965548,9.402297,3.499286,2.719856,156.755077,3.468228,0.953768,0.017037,0.866658
-0.042629,0.050402,1.938508,0.515861,17.920373,8.558098,3.496088,2.729507,156.824977,3.637307,0.953069,0.017728,0.866038
-0.035898,0.051668,1.970446,0.508977,18.044688,9.786348,3.496484,2.727333,156.736140,3.693068,0.953341,0.018005,0.866285
-0.043436,0.051549,1.932767,0.517391,17.977700,8.517555,3.502464,2.694361,156.653484,3.584672,0.952885,0.017495,0.865821
-0.037609,0.051126,2.017442,0.508897,17.874037,9.205368,3.498605,2.713814,156.215163,3.583063,0.952730,0.017608,0.865809
-0.041979,0.051609,1.992658,0.523556,17.892020,8.944590,3.498976,2.707901,156.532410,3.472617,0.952269,0.017020,0.865345
-0.042540,0.051896,2.045212,0.488948,17.949210,8.669562,3.495442,2.709317,156.417869,3.680029,0.951751,0.017943,0.864838
-0.034594,0.053179,2.101521,0.495368,17.982420,10.577043,3.502354,2.715265,156.146635,3.768355,0.952354,0.018517,0.865317
-0.036894,0.050837,1.970232,0.507555,17.914793,9.157178,3.492783,2.729005,156.028356,3.409609,0.951563,0.016696,0.865054
-0.039727,0.054169,2.104373,0.497479,17.885203,8.720125,3.504850,2.718890,155.856276,3.529620,0.951084,0.017357,0.864193
-0.040515,0.053051,2.075420,0.495476,17.859622,8.624590,3.503400,2.714880,156.083644,3.537892,0.951101,0.017353,0.864250
-0.038058,0.051914,2.056202,0.509218,17.900617,9.312960,3.500774,2.717882,156.083015,3.535374,0.951057,0.017293,0.864241
-0.038950,0.052112,2.070319,0.493016,17.929423,9.195867,3.501486,2.707826,156.292585,3.599981,0.951441,0.017616,0.864514
-0.036588,0.051006,1.997810,0.500704,17.930703,9.282110,3.495474,2.720955,156.336883,3.523948,0.950942,0.017151,0.864120
-0.033618,0.053276,2.080585,0.480636,17.970172,9.749903,3.498626,2.740650,156.227874,3.480759,0.950836,0.017045,0.863965
-0.041075,0.052833,2.127381,0.481403,17.827460,8.774322,3.495665,2.718873,156.241658,3.474143,0.950444,0.017065,0.863902
-0.046114,0.052558,2.052853,0.487984,17.759512,8.101338,3.500211,2.713823,156.047004,3.271457,0.949725,0.016071,0.863039
-0.041838,0.053702,2.100646,0.476051,17.850742,8.064038,3.500913,2.729422,156.313966,3.234486,0.949586,0.015855,0.862836
-0.043116,0.055345,2.099989,0.477760,17.778805,7.826577,3.499358,2.728012,156.288094,3.176145,0.949199,0.015536,0.862520
-0.045104,0.052709,2.084806,0.486259,17.813197,7.722507,3.492164,2.727947,156.287541,3.100014,0.948996,0.015177,0.862227
-0.037487,0.055714,2.265515,0.454693,17.948848,9.102500,3.498759,2.724771,155.962330,3.460472,0.949338,0.017014,0.862475
-0.038571,0.055379,2.170456,0.460742,17.873723,9.023200,3.503112,2.731448,155.855627,3.459544,0.949113,0.016993,0.862489
-0.049597,0.052245,2.077086,0.481437,17.861032,8.007943,3.496451,2.725942,155.661727,3.426557,0.948648,0.016750,0.862351
-0.044207,0.054350,2.235357,0.470457,17.838115,8.842920,3.499849,2.714474,155.881126,3.603910,0.948321,0.017650,0.861780
-0.044064,0.056166,2.187181,0.459667,17.874035,9.076910,3.500777,2.716408,155.913714,3.653101,0.948539,0.017834,0.861952
-0.037167,0.055286,2.132834,0.471340,17.939142,9.596817,3.499471,2.698139,155.805125,3.645391,0.948483,0.017784,0.861928
-0.033900,0.055980,2.244136,0.445715,17.974128,9.612793,3.505410,2.714104,155.665288,3.581791,0.948272,0.017520,0.861661
-0.047049,0.053294,2.182958,0.471212,17.777935,8.206810,3.496251,2.706945,155.212922,3.450735,0.947461,0.016822,0.861039
-0.041311,0.057259,2.296390,0.449189,17.873152,8.627368,3.504340,2.713490,155.341357,3.404910,0.947398,0.016772,0.860856
-0.045611,0.057281,2.214318,0.451598,17.797588,8.742040,3.503471,2.712088,155.473608,3.695105,0.947280,0.018044,0.860762
-0.037416,0.055968,2.202781,0.458060,17.742818,8.342050,3.498672,2.712212,155.506959,3.327876,0.946956,0.016316,0.860487
-0.035947,0.056900,2.289718,0.440073,17.794810,9.578268,3.504035,2.729369,155.312688,3.625028,0.946840,0.017725,0.860459
-0.040328,0.055687,2.276153,0.450699,17.757370,8.842843,3.502175,2.707971,155.486931,3.589153,0.946686,0.017493,0.860244
-0.047720,0.058506,2.272470,0.440050,17.812548,8.693863,3.506549,2.705313,155.582801,3.534034,0.946431,0.017189,0.859992
-0.037774,0.057671,2.306116,0.437944,17.985225,9.438490,3.501894,2.719566,155.596175,3.530047,0.946527,0.017258,0.860019
-0.040262,0.058162,2.329632,0.434649,17.796920,8.689860,3.503879,2.708354,155.319954,3.480046,0.946167,0.017072,0.859826
-0.048705,0.057196,2.268506,0.440824,17.687120,7.905725,3.503227,2.707274,155.213751,3.355708,0.945528,0.016433,0.859250
-0.040031,0.059465,2.276012,0.439367,17.900072,9.479857,3.508776,2.726262,155.279831,3.694631,0.945713,0.018045,0.859391
-0.045741,0.057965,2.369110,0.422096,17.782765,8.866675,3.500589,2.715581,154.806411,3.613963,0.945307,0.017648,0.858999
-0.036242,0.058278,2.393016,0.417893,17.827567,9.825315,3.502863,2.729988,155.169325,3.622009,0.945362,0.017811,0.859067
-0.037377,0.057850,2.360072,0.446184,17.789467,9.158790,3.502546,2.697767,155.037319,3.546782,0.945009,0.017380,0.858730
-0.044579,0.057803,2.365533,0.436805,17.738388,8.674258,3.504718,2.728985,155.069705,3.477385,0.944636,0.016973,0.858375
-0.051951,0.059157,2.386507,0.421126,17.589680,7.474953,3.500503,2.720699,155.029032,3.319708,0.943897,0.016229,0.857694
-0.041168,0.058297,2.449289,0.408283,17.749550,8.830513,3.499843,2.708236,154.690551,3.610246,0.943728,0.017619,0.857591
-0.040893,0.060256,2.412118,0.414556,17.808507,9.028870,3.512155,2.693806,154.767169,3.680527,0.944218,0.018029,0.857966
-0.051452,0.060748,2.387334,0.433736,17.644152,7.841957,3.510226,2.730912,154.914673,3.564838,0.943496,0.017364,0.857373
-0.045385,0.058115,2.228865,0.454291,17.647663,7.485072,3.498211,2.703975,155.339203,2.988162,0.943276,0.014611,0.857500
-0.035678,0.060845,2.448490,0.408411,17.879213,9.740155,3.505624,2.698653,154.897940,3.576379,0.943573,0.017405,0.857403
-0.039801,0.059794,2.450269,0.413354,17.834385,8.846242,3.505200,2.725763,154.904815,3.570271,0.943631,0.017523,0.857443
-0.034432,0.060991,2.502862,0.401100,17.828552,9.711988,3.506069,2.726074,154.781776,3.575906,0.943576,0.017576,0.857490
-0.042581,0.061990,2.546663,0.394132,17.777228,8.970977,3.509602,2.718307,154.696689,3.753677,0.943031,0.018375,0.856900
-0.038698,0.060427,2.444077,0.409159,17.838510,9.300652,3.503610,2.706249,154.692341,3.453371,0.942961,0.016902,0.856890
-0.044443,0.061631,2.474405,0.405649,17.772483,8.663615,3.504247,2.719611,154.742374,3.351448,0.942465,0.016422,0.856392
-0.048438,0.061423,2.480543,0.403136,17.648323,7.782785,3.510341,2.719463,154.740569,3.234727,0.941858,0.015858,0.855910
-0.037858,0.062049,2.508856,0.398590,17.783247,9.240470,3.509322,2.706459,154.330313,3.622471,0.942253,0.017733,0.856307
-0.051573,0.064035,2.531695,0.405336,17.697653,7.996443,3.510612,2.713439,154.641337,3.446108,0.941324,0.016740,0.855417
-0.038283,0.062265,2.575573,0.390539,17.778278,9.175137,3.507417,2.711651,154.427030,3.554137,0.941603,0.017357,0.855960
-0.041314,0.062403,2.578879,0.387765,17.804845,8.740152,3.509097,2.716044,154.449973,3.448250,0.941425,0.016888,0.855482
-0.045311,0.061139,2.549252,0.396003,17.691812,8.015313,3.499971,2.716040,154.226157,3.334754,0.940758,0.016229,0.854948
-0.037568,0.063241,2.630438,0.388219,17.720950,8.793493,3.504410,2.708075,154.360996,3.316304,0.940731,0.016258,0.854868
-0.040964,0.063776,2.602903,0.384173,17.670667,8.487878,3.509814,2.722113,154.331818,3.602625,0.940226,0.017605,0.854820
-0.046631,0.066715,2.662777,0.381203,17.669038,8.438058,3.510841,2.708013,154.352916,3.489107,0.940061,0.016991,0.854249
-0.044057,0.063776,2.683237,0.374587,17.700633,8.543442,3.503657,2.718233,153.985992,3.410046,0.939718,0.016617,0.853893
-0.040240,0.064025,2.652819,0.377957,17.694232,8.894895,3.507425,2.732135,154.306023,3.435959,0.939850,0.016797,0.854054
-0.037452,0.065220,2.722110,0.373987,17.795120,9.531593,3.513452,2.698950,154.288744,3.465764,0.940025,0.017007,0.854199
-0.047984,0.067859,2.788616,0.358607,17.704480,8.137082,3.515266,2.705639,154.199144,3.645904,0.939466,0.017770,0.853576
-0.038274,0.067038,2.716062,0.373019,17.742783,9.622427,3.511063,2.707536,154.200823,3.395563,0.939615,0.016666,0.853854
-0.043228,0.065604,2.711414,0.373295,17.735813,8.320045,3.508786,2.696122,154.171371,3.285676,0.939121,0.016128,0.853372
-0.036267,0.067101,2.708205,0.370866,17.866617,9.214838,3.512721,2.703343,154.169578,3.304122,0.939118,0.016208,0.853414
-0.039850,0.064403,2.790399,0.365279,17.737508,8.681690,3.503016,2.727140,153.706723,3.497064,0.938524,0.017049,0.852901
-0.059342,0.066403,2.826184,0.360396,17.489835,6.895650,3.510787,2.698345,153.600119,3.550526,0.937261,0.017308,0.851757
-0.039730,0.066683,2.797537,0.359393,17.621122,8.784478,3.509552,2.711209,153.917482,3.383174,0.937970,0.016518,0.852403
-0.050432,0.065197,2.775521,0.360461,17.549543,7.814858,3.501556,2.710636,153.981516,3.281317,0.937559,0.015998,0.851934
-0.063363,0.066092,2.699808,0.376654,17.543158,6.734692,3.505643,2.723470,153.506261,3.168934,0.936941,0.015369,0.851374
-0.036144,0.070720,2.978949,0.337724,17.611418,8.803178,3.519239,2.723706,153.346198,3.490532,0.936981,0.017172,0.851525
-0.046539,0.068721,2.897142,0.345177,17.651412,8.368043,3.511280,2.720552,153.705775,3.466118,0.936938,0.016926,0.851393
-0.049592,0.067644,2.881476,0.359788,17.590330,8.230960,3.510811,2.725508,153.717251,3.435155,0.936728,0.016758,0.851242
-0.039144,0.067634,2.884669,0.348109,17.612132,8.671812,3.507353,2.707902,153.480470,3.455369,0.936839,0.016849,0.851325
-0.037590,0.069616,2.991136,0.334326,17.630445,9.273927,3.511679,2.718453,153.678053,3.677757,0.936395,0.017963,0.850964
-0.039248,0.068193,2.887668,0.350973,17.691600,8.951085,3.508719,2.704885,153.944309,3.391113,0.936577,0.016499,0.851022
-0.051248,0.068723,2.836122,0.356236,17.566212,7.818682,3.512435,2.712495,153.912967,3.306509,0.936083,0.016050,0.850613
-0.048543,0.067852,2.881879,0.354108,17.633872,7.982892,3.507035,2.713701,153.499865,3.288575,0.936045,0.015957,0.850529
-0.037436,0.072110,3.081895,0.331152,17.703298,9.806625,3.517474,2.718221,153.371300,3.601815,0.936013,0.017723,0.850650
-0.044320,0.068653,2.927854,0.344179,17.542017,8.002485,3.509565,2.717500,153.552714,3.213277,0.935617,0.015740,0.850253
-0.051615,0.070142,2.945132,0.345765,17.551808,7.974730,3.515503,2.726527,153.448080,3.471833,0.935300,0.016892,0.849988
-0.045840,0.070371,2.991935,0.334235,17.579345,8.722213,3.515793,2.711624,153.382147,3.487069,0.935322,0.016979,0.850058
-0.047339,0.072579,3.088012,0.324636,17.492063,7.967475,3.513109,2.728074,153.377594,3.252553,0.934263,0.015922,0.849055
-0.048671,0.071299,3.048137,0.333926,17.574292,7.827215,3.509608,2.728207,153.333898,3.216957,0.934158,0.015755,0.848892
-0.036522,0.072679,3.164873,0.319542,17.799965,8.869102,3.511138,2.714064,153.376183,3.570305,0.934396,0.017406,0.849073
-0.051136,0.073524,3.167812,0.330240,17.443888,7.539348,3.512550,2.701000,153.042997,3.405922,0.933473,0.016646,0.848367
-0.039745,0.074476,3.238377,0.309715,17.696467,8.761687,3.514408,2.724376,153.085341,3.382075,0.933604,0.016607,0.848254
-0.047069,0.071869,3.205942,0.311918,17.533413,7.970905,3.506851,2.701990,153.084222,3.353674,0.933261,0.016389,0.848100
-0.040950,0.073078,3.184051,0.314068,17.557798,8.103850,3.515569,2.704343,153.081150,3.355330,0.933310,0.016405,0.848116
-0.042041,0.073717,3.197729,0.317843,17.554368,8.731308,3.513378,2.714033,153.119387,3.357564,0.933219,0.016416,0.848127
-0.045769,0.073442,3.184254,0.314985,17.579185,8.356587,3.514530,2.734909,152.928248,3.312978,0.932681,0.016208,0.847936
-0.039289,0.075755,3.269286,0.305877,17.597385,8.571297,3.520099,2.719372,152.997836,3.254516,0.932760,0.015995,0.847640
-0.051003,0.075748,3.333548,0.304233,17.588807,8.161850,3.516621,2.700314,152.903966,3.493570,0.932383,0.017010,0.847317
-0.051362,0.075001,3.290672,0.304028,17.444893,8.025858,3.516189,2.698142,153.153477,3.407775,0.931877,0.016553,0.846912
-0.041645,0.075519,3.265708,0.306209,17.553052,8.323882,3.518673,2.733778,152.758589,3.333707,0.931580,0.016249,0.846596
-0.039940,0.075858,3.397988,0.303044,17.527382,8.316953,3.509512,2.716581,152.693496,3.303471,0.931424,0.016161,0.846494
-0.033390,0.076264,3.352912,0.306076,17.642495,9.285503,3.510478,2.711730,152.773401,3.334278,0.931683,0.016334,0.846638
-0.041734,0.077639,3.363590,0.298139,17.569272,8.060277,3.517349,2.723714,152.927474,3.196911,0.930934,0.015632,0.846000
-0.046330,0.078192,3.471361,0.288075,17.603850,8.313628,3.518877,2.717786,152.997609,3.474240,0.930670,0.016933,0.845861
-0.038322,0.079019,3.525663,0.283630,17.583250,8.522003,3.514328,2.717017,152.619755,3.387023,0.930377,0.016556,0.845495
-0.047320,0.078506,3.547051,0.281933,17.499390,7.676020,3.513806,2.729299,152.530208,3.276668,0.929783,0.016023,0.844993
-0.043756,0.080368,3.610641,0.279923,17.545255,8.076177,3.512596,2.698129,152.045197,3.205774,0.929470,0.015693,0.844646
-0.047972,0.079847,3.608858,0.277095,17.467098,8.504610,3.518889,2.716514,152.098825,3.546825,0.929548,0.017288,0.844783
-0.048662,0.078527,3.527041,0.284070,17.363445,7.932583,3.515177,2.714972,152.211001,3.196898,0.929383,0.015637,0.844623
-0.045369,0.081920,3.609857,0.278885,17.465848,8.138083,3.517734,2.712533,152.181462,3.431678,0.928939,0.016680,0.844245
-0.041748,0.081386,3.479541,0.287392,17.478888,8.530393,3.520258,2.711916,152.385556,3.092342,0.928882,0.015123,0.844130
-0.040239,0.083974,3.843259,0.263842,17.542105,8.967707,3.522478,2.702646,151.859736,3.653026,0.928627,0.017838,0.843913
-0.049192,0.081822,3.682208,0.272602,17.460163,7.987913,3.515903,2.696710,152.020299,3.304085,0.928431,0.016151,0.843733
-0.047987,0.081447,3.697653,0.275644,17.501920,7.984528,3.514282,2.706062,152.165629,3.293900,0.928399,0.016065,0.843669
-0.045282,0.081832,3.571853,0.280603,17.398172,8.021417,3.517379,2.711039,152.457035,3.222957,0.927863,0.015628,0.843283
-0.034416,0.084739,3.917745,0.255418,17.580303,9.563588,3.517801,2.701763,152.131715,3.474230,0.927730,0.016991,0.843107
-0.039516,0.084403,3.947263,0.253391,17.490907,9.008397,3.516320,2.714138,151.884033,3.445064,0.927602,0.016864,0.842995
-0.043549,0.085638,3.812078,0.263896,17.493687,9.063000,3.522747,2.720759,151.979333,3.485889,0.927741,0.016987,0.843133
-0.034925,0.084401,3.923364,0.254884,17.509862,8.784597,3.520731,2.706536,152.037130,3.337654,0.926993,0.016323,0.842484
-0.037342,0.086057,3.919212,0.256071,17.492958,8.854738,3.520234,2.701245,151.761789,3.295215,0.926844,0.016144,0.842327
-0.043144,0.087653,3.950956,0.255874,17.409973,7.914968,3.517120,2.713304,151.663800,3.209157,0.926417,0.015746,0.841889
-0.039412,0.089325,4.076270,0.245323,17.543303,9.482402,3.524396,2.709828,151.747274,3.595055,0.926719,0.017541,0.842251
-0.039566,0.089072,4.144301,0.246125,17.528605,9.084907,3.525888,2.722404,152.039251,3.473114,0.926058,0.016907,0.841658
-0.050783,0.089108,3.982001,0.254772,17.385857,7.501615,3.524260,2.707803,151.771875,3.333472,0.925451,0.016202,0.841032
-0.035247,0.089581,4.155277,0.240660,17.543750,9.528780,3.521285,2.713269,151.592366,3.390440,0.925836,0.016645,0.841363
-0.040291,0.087036,4.090693,0.249220,17.376363,8.574882,3.518661,2.703803,151.542606,3.331303,0.925384,0.016231,0.841042
-0.050311,0.090486,4.227277,0.000000,17.311193,7.336498,3.523540,2.713673,151.453771,3.136990,0.924443,0.015366,0.840158
-0.031655,0.091100,4.247942,0.000000,17.426055,9.103635,3.521896,2.713948,151.457608,3.218585,0.924844,0.015799,0.840517
-0.043903,0.092472,4.248996,0.237232,17.445580,8.432338,3.529728,2.697508,151.364167,3.146984,0.924549,0.015420,0.840195
-0.059716,0.090991,4.280111,0.000000,17.323525,7.342152,3.527010,2.705154,151.333643,3.313723,0.923774,0.016092,0.839537
-0.031865,0.096947,4.494289,0.224909,17.533905,9.833200,3.532129,2.711673,151.445015,3.383896,0.924229,0.016628,0.839936
-0.043037,0.091581,4.273915,0.235974,17.352355,8.369027,3.517655,2.717082,151.235798,3.344693,0.923907,0.016245,0.839687
-0.040834,0.092577,4.230382,0.000000,17.422205,8.716973,3.525236,2.703066,151.338147,3.302031,0.923684,0.016031,0.839477
-0.042209,0.093100,4.301574,0.233700,17.351380,8.267262,3.520287,2.711917,151.321444,3.185855,0.923195,0.015539,0.839011
-0.041391,0.096672,4.569264,0.000000,17.426170,8.416330,3.518820,2.708380,151.230313,3.420253,0.922803,0.016631,0.838647
-0.041124,0.095036,4.411134,0.000000,17.410002,8.294147,3.526949,2.717342,151.189110,3.132449,0.922876,0.015331,0.838757
-0.048667,0.095690,4.450930,0.000000,17.322068,7.488135,3.520439,2.717163,151.179171,3.014331,0.922237,0.014741,0.838185
-0.051992,0.098010,4.523706,0.225314,17.261888,7.558993,3.525408,2.707130,151.015039,3.235141,0.921755,0.015696,0.837785
-0.038746,0.097807,4.602810,0.000000,17.399203,8.815017,3.525401,2.698636,151.003463,3.205628,0.921692,0.015634,0.837705
-0.041905,0.102269,4.815619,0.000000,17.350688,9.192368,3.532233,2.696164,150.500781,3.565563,0.921548,0.017379,0.837943
-0.048893,0.098177,4.644264,0.000000,17.261137,7.574638,3.528146,2.717165,150.649746,3.067037,0.921033,0.015007,0.837085
-0.043457,0.101250,4.699520,0.000000,17.234325,7.721027,3.530684,2.696880,150.555344,3.022992,0.920747,0.014813,0.836864
-0.046103,0.100115,4.720421,0.000000,17.232923,7.213855,3.522103,2.709740,150.958013,2.869447,0.919973,0.013992,0.836127
-0.036439,0.106445,5.068219,0.000000,17.375913,9.196727,3.527021,2.698741,150.384360,3.491933,0.920014,0.017005,0.836205
-0.042336,0.107003,5.174054,0.000000,17.386982,8.433622,3.534484,2.694610,150.103487,3.425931,0.919834,0.016699,0.835929
-0.041464,0.105471,5.183843,0.000000,17.300460,8.204472,3.530336,2.699418,150.251098,3.441899,0.919769,0.016729,0.835947
-0.058402,0.103305,4.963307,0.000000,17.117922,6.528987,3.526735,2.704468,150.121582,2.903712,0.918548,0.014161,0.834892
-0.038204,0.105405,5.098455,0.000000,17.310263,8.704002,3.527003,2.702807,150.449646,3.283668,0.919022,0.015940,0.835224
-0.043497,0.105572,5.167940,0.000000,17.297325,7.952430,3.522419,2.704132,150.310683,3.213475,0.918669,0.015585,0.834900
-0.039096,0.105377,5.063669,0.000000,17.231218,8.215458,3.531214,2.713824,149.654643,2.939252,0.918736,0.014376,0.835023
-0.042680,0.116869,5.844256,0.000000,17.119258,8.531328,3.536480,2.676795,148.425639,3.604788,0.916962,0.017582,0.833942
-0.041274,0.119386,6.004605,0.000000,17.105928,8.668347,3.533804,2.701250,148.344744,3.494681,0.916490,0.017103,0.833489
-0.038561,0.120880,6.016705,0.000000,17.160940,9.373160,3.539594,2.688402,148.444884,3.485166,0.916455,0.017077,0.833451
-0.043841,0.120720,6.055982,0.000000,17.168485,8.649353,3.535178,2.686819,148.497467,3.384164,0.916002,0.016554,0.832955
-0.040218,0.121178,6.109236,0.000000,17.100925,8.183227,3.537193,2.703920,148.527055,3.293041,0.915524,0.016142,0.832555
-0.042738,0.123879,6.242885,0.000000,17.132927,8.213845,3.536827,2.696258,148.566755,3.470122,0.915278,0.016895,0.831934
-0.045024,0.125715,6.231979,0.000000,17.142528,8.271593,3.537540,2.692068,148.602647,3.429929,0.915025,0.016689,0.831743
-0.045587,0.123075,6.227681,0.000000,17.119390,8.537758,3.537767,2.688313,148.665877,3.403004,0.914886,0.016532,0.831601
-0.046173,0.124858,6.328129,0.000000,17.150343,7.782945,3.536106,2.691097,148.656354,3.295514,0.914361,0.015992,0.831115
-0.042615,0.125594,6.339236,0.000000,17.126245,8.098640,3.526738,2.694758,148.629722,3.247651,0.914182,0.015851,0.830964
-0.035592,0.125088,6.368812,0.000000,17.149813,9.212798,3.533952,2.700656,148.619585,3.347137,0.914267,0.016325,0.831400
-0.039829,0.129287,6.538532,0.000000,17.154817,8.531805,3.542083,2.686661,148.584620,3.175585,0.913899,0.015527,0.830617
-0.044089,0.129199,6.488651,0.000000,17.066680,7.571975,3.541123,2.714144,148.510427,3.122052,0.913154,0.015245,0.830380
-0.044459,0.131413,6.638691,0.000000,17.096657,7.898880,3.536817,2.706268,148.466537,3.024181,0.913006,0.014798,0.829858
-0.035045,0.198078,10.638672,0.000000,17.273940,8.898138,3.556663,2.669509,144.139040,3.305275,0.904484,0.016045,0.822814
