Battery,Cycle,SCC,SCV,DVV,ICP,CCDT,CVCT,ACCV_C,ACCV_D,ECD,ECV,CCD,CCV,SoH,_parsed_date
CS2_36_8_17_10,1,-0.000384671678420855,5.8986119550211e-05,0.118279684543021,8.19050980041589,3746.55434375057,2277.97976318671,3.96026619921055,3.65249054355824,4.18276701631196,11.1619910638102,1.14482045315397,0.11116719921714,1.0,2010-08-17
CS2_36_8_18_10,1,-0.000397743754379368,6.0048391663466e-05,0.138879105963427,7.51869004487959,3712.77301359156,2212.99863543215,3.95479436750923,3.6438220455533,4.14137362052718,10.843925375134,1.13445117378633,0.10748747684047,1.0,2010-08-18
CS2_36_8_19_10,1,-0.000356695940267981,6.0448596011324e-05,0.138116753020623,7.65777222253427,3711.25763150313,2204.3736261602,3.95312764814922,3.64586597586435,4.14236138882173,10.801597771414,1.13395786167908,0.106911068413714,1.0,2010-08-19
CS2_36_8_30_10,1,-0.000359709892361058,6.03800172409156e-05,0.139477608658271,7.61889116809008,3707.7102354256,2201.18607601445,3.95259564232933,3.64472445230635,4.13826519455548,10.7854145709045,1.13288590737274,0.107069401647356,1.0,2010-08-30
CS2_36_8_30_10,2,-0.000366553199587857,6.46956648050159e-05,0.147787596163732,8.93492856503972,3698.15306137218,2225.59259736535,3.94353536212391,3.65822715568542,4.13704995710923,10.9056441343155,1.12997488922096,0.108166831379538,1.0,2010-08-30
CS2_36_8_30_10,3,-0.000429535510118088,6.51050373227208e-05,0.148944971707922,6.80321609313688,3697.0632224282,2052.84915323074,3.94091954655117,3.66398820495605,4.14262893538189,10.0599420247991,1.12963802560247,0.100248541077944,1.0,2010-08-30
CS2_36_8_30_10,4,-0.000394885742029396,6.53488906859879e-05,0.157277820091939,6.54731963595192,3683.31194236712,2016.77250999029,3.93837946759803,3.66040278053284,4.12710381402166,9.88348135797508,1.12543556097724,0.0989867955228843,1.0,2010-08-30
CS2_36_8_30_10,5,-0.000411450981984835,6.52761696466747e-05,0.158938731115519,6.97682517816068,3651.75861263572,2133.39068516534,3.94346702850617,3.64957977302613,4.080092336666,10.4533121300316,1.11577531286943,0.104009230177386,1.0,2010-08-30
CS2_36_8_30_10,6,-0.000373153337122912,6.45874843482447e-05,0.159042916310059,6.522141187561,3641.07103574563,2132.39033863397,3.94469569379633,3.65457390382038,4.06821522510023,10.4487873895637,1.11250392575798,0.104021534882212,1.0,2010-08-30
CS2_36_8_30_10,7,-0.000378202468125327,6.46546212580046e-05,0.162026778162958,6.28031597016713,3633.02433327214,2121.5779619845,3.94584201465953,3.65338874057056,4.06011194372942,10.3955394198518,1.11005152235704,0.103705472641273,1.0,2010-08-30
CS2_36_8_30_10,8,-0.000416471496441391,6.46878455538716e-05,0.165678793990461,6.69338584184723,3621.35180368688,2116.18720080392,3.94547781770088,3.64872709522402,4.0453050623303,10.3689067981831,1.10647378013938,0.103269693013158,1.0,2010-08-30
CS2_36_8_30_10,9,-0.000385611692940404,6.43798655297295e-05,0.165720899036592,6.7020623430424,3638.32652542143,2067.80017349357,3.9470997651418,3.66316634852712,4.07549770218777,10.1330817245504,1.11167635068664,0.101780073216969,1.0,2010-08-30
CS2_36_8_30_10,10,-0.000404541113098882,6.55281072273032e-05,0.16671583179145,6.17822817728445,3642.93857734391,1995.52153872112,3.9411348552186,3.66011450752135,4.08471114827391,9.77914811776731,1.11308969992286,0.0984686300207701,1.0,2010-08-30
CS2_36_8_30_10,11,-0.000401490050917684,6.57988268457376e-05,0.172402220971147,6.16020642150094,3643.28407611317,1962.41344464358,3.9391831240503,3.66203466730733,4.0872110961603,9.61694783167823,1.113212492194,0.0966254918803718,1.0,2010-08-30
CS2_36_8_30_10,12,-0.000412896066054477,6.62242421907432e-05,0.172495452463416,6.53439412336051,3642.69389254914,1943.82077983205,3.93936957969322,3.66330170823682,4.08814375695552,9.52631201632369,1.11303669976958,0.0963175246957862,1.0,2010-08-30
CS2_36_8_30_10,13,-0.000417462985343152,6.64242106278347e-05,0.170221552965171,6.45134477557581,3641.30178782079,1929.74340759893,3.93859472360697,3.6638189842624,4.08754446119681,9.45731147760335,1.11260601789421,0.0958167372488077,1.0,2010-08-30
CS2_36_8_30_10,14,-0.000417699635404214,6.65434442594718e-05,0.174602661145381,6.02993196826609,3640.33426950246,1913.93195398146,3.93782572381131,3.66468761620983,4.08766032528773,9.38021407460561,1.11230007757947,0.0949383580795689,1.0,2010-08-30
CS2_36_8_30_10,15,-0.000425719940746398,6.66701972574424e-05,0.172977701367478,7.03126273325655,3639.61696067816,1898.74509469522,3.93736459650435,3.6655562635391,4.08806485680125,9.3059318477186,1.11208909817248,0.094481140385567,1.0,2010-08-30
CS2_36_8_30_10,16,-0.000426663258232232,6.6898000437695e-05,0.175406691887709,6.44041859193753,3637.47619064056,1892.01045723649,3.93686920458132,3.67340484285742,4.08627495006958,9.27285036164026,1.11144229769976,0.0941968989386297,1.0,2010-08-30
CS2_36_8_30_10,17,-0.000428406759744193,6.70488864177401e-05,0.17628428163243,6.00832112847887,3634.99215275879,1886.5553298255,3.93679185493572,3.67310856028301,4.08383294092893,9.2461365736529,1.11068574668409,0.094038085081898,1.0,2010-08-30
CS2_36_8_30_10,18,-0.000427821630519646,6.71328264621049e-05,0.174061407734602,6.34245538010199,3632.86788613777,1879.68325112591,3.93663937444085,3.67305062844501,4.08195961277865,9.21264067464658,1.11003150289181,0.0935612229628604,1.0,2010-08-30
CS2_36_8_30_10,19,-0.000433666355922069,6.72397259415262e-05,0.178945892421789,5.9962580929759,3630.74064380029,1871.35540587309,3.93653723141095,3.67289786028668,4.08000376464687,9.17163309264781,1.10938305104674,0.0933754108464616,1.0,2010-08-30
CS2_36_8_30_10,20,-0.000433298817564937,6.71814763028664e-05,0.179815931555347,5.71967275727314,3629.38459655838,1866.35588168551,3.93538153657007,3.67323235186135,4.0791828398197,9.14712580054574,1.10895465620489,0.0931930513292506,1.0,2010-08-30
CS2_36_8_30_10,21,-0.000438457051051812,6.72876031370694e-05,0.177071492562573,5.76664795071816,3628.4168991787,1860.02814282323,3.93518952330852,3.67357868101539,4.07882020074521,9.11643647493357,1.1086734365129,0.0930115194576674,1.0,2010-08-30
CS2_36_8_30_10,22,-0.00043866188035723,6.75204955868329e-05,0.179808977387928,5.84850375308759,3625.7138143747,1854.29404309741,3.9347549099728,3.67293343892912,4.07587503078958,9.08816185136509,1.10785070115709,0.0927467335947183,1.0,2010-08-30
CS2_36_8_30_10,23,-0.000476628868126397,6.75274125813465e-05,0.181132960955374,6.33260400173189,3623.51091358304,1850.29419046396,3.93492787132436,3.67240010238275,4.07350355396403,9.06871611172499,1.10718133561951,0.091995376845473,1.0,2010-08-30
CS2_36_8_30_10,24,-0.000430173763267723,6.76359261664003e-05,0.182416030981435,5.59341753898009,3621.58901715086,1847.34107066074,3.93510010123792,3.6722657758046,4.0718354358216,9.0542770182794,1.10660424409926,0.0921539017468602,1.0,2010-08-30
CS2_36_8_30_10,25,-0.000453904624766319,6.81084317762973e-05,0.181108319969986,5.72700005378876,3587.68442054396,1935.11701527267,3.93476383360949,3.65934056336762,4.02066441973169,9.48302180654651,1.09620127651097,0.0952879737838406,1.0,2010-08-30
CS2_36_8_30_10,26,-0.000403561011483137,6.6498903717295e-05,0.181739908322962,5.85833208435346,3574.69811962126,2001.90856263996,3.9424277153982,3.66100817081357,4.00283821371908,9.80968745823506,1.09223672198303,0.0990514807375813,1.0,2010-08-30
CS2_36_8_30_10,27,-0.000407144036407502,6.61897072304662e-05,0.178551505263455,5.92397353232355,3567.1505356697,2014.50182640809,3.943455412432,3.6578262719241,3.99305867652257,9.87145348678252,1.08992333488958,0.0998626723665057,1.0,2010-08-30
CS2_36_8_30_10,28,-0.00039566481662114,6.62444470910317e-05,0.188583369030699,5.64146275515831,3561.75979360176,2026.29838808952,3.94521011136196,3.65576882401774,3.98639949098722,9.92908593979803,1.08826710288758,0.100058685096201,1.0,2010-08-30
CS2_36_8_30_10,29,-0.000405195085328394,6.6276081770464e-05,0.188960117505113,5.67546667604859,3554.91563819058,2046.84440805815,3.94534473308297,3.65226968063796,3.97699099450283,10.0295996144086,1.08618043258603,0.101681952478049,1.0,2010-08-30
CS2_36_8_30_10,30,-0.000424025377213101,6.58200573753388e-05,0.183356081599994,6.42648611529291,3581.31468256196,1934.64720469015,3.94339542477219,3.66276189929149,4.01912447446329,9.480914050286,1.09427415827833,0.0965989488958752,1.0,2010-08-30
CS2_36_8_30_10,31,-0.00042035321912551,6.71629934859556e-05,0.183792811030632,5.92520032318825,3585.62926412682,1895.22723950271,3.93955491004734,3.66598809351687,4.02628047260504,9.28840994477757,1.09558337176892,0.0942651297633874,1.0,2010-08-30
CS2_36_8_30_10,32,-0.000401866311619625,6.803739155816e-05,0.188002384774091,5.51500447081556,3554.38548411848,1980.73748388764,3.93810073461401,3.65480501395612,3.97929809632642,9.70585494968817,1.08601254830379,0.0977707985520761,1.0,2010-08-30
CS2_36_8_30_10,33,-0.000402759674568896,6.64226616121061e-05,0.19144179033218,5.57622749853624,3541.89951668068,2020.82904327934,3.94562873507655,3.6557400683562,3.96113644181426,9.90222380373504,1.08220211152167,0.100333552224599,1.0,2010-08-30
CS2_36_8_30_10,34,-0.000392122147158009,6.62054733883826e-05,0.188623378380139,5.36474222130553,3540.38468889886,2041.53161603567,3.94647059485177,3.65703450242678,3.96125562198628,10.00353357025,1.08172855491241,0.100653486413733,1.0,2010-08-30
CS2_36_8_30_10,35,-0.00039592686617578,6.63012327028597e-05,0.18574155941043,5.69141923312755,3535.46220711467,2037.45359544875,3.9466643522833,3.65493561228116,3.95494797316117,9.98334907836228,1.08023018812241,0.100674587245783,1.0,2010-08-30
CS2_36_8_30_10,36,-0.00039460711342737,6.62415794647428e-05,0.190781793028601,5.58112688035471,3537.47807366948,2052.531656401,3.94681617463698,3.65648784240087,3.95824701476633,10.0574148177011,1.08084341084041,0.101551810023133,1.0,2010-08-30
CS2_36_8_30_10,37,-0.000417591309205521,6.63943129576078e-05,0.191076722327923,5.29688711331142,3560.22040453058,1939.03768765956,3.94369033547335,3.66451666965957,3.99480557622797,9.50244295322966,1.08782399401414,0.0965315533597075,1.0,2010-08-30
CS2_36_8_30_10,38,-0.000420098414656893,6.7251048182266e-05,0.193457631505967,5.46456276100619,3563.45612191397,1915.99168712017,3.94008173214065,3.66717383093085,4.00028309358026,9.38986169272036,1.08880536295236,0.0952584922100874,1.0,2010-08-30
CS2_36_8_30_10,39,-0.000399005734267562,6.81893462657108e-05,0.189582070698388,5.48620724071924,3530.60317091126,2012.61058544373,3.93922819980355,3.65439570744832,3.95046883991898,9.86193671472277,1.0787479434657,0.0993370256695493,1.0,2010-08-30
CS2_36_8_30_10,40,-0.000399976828442495,6.64631808578537e-05,0.193502071475091,5.23840583561441,3525.11841317243,2052.20329764491,3.94678805131867,3.65208625396093,3.94339345564866,10.055796602091,1.07705771939953,0.101769045131632,1.0,2010-08-30
CS2_36_8_30_10,41,-0.000406938447152346,6.64047728359895e-05,0.189329094584143,5.57871291161893,3523.82175249007,2044.06291380862,3.94695077367792,3.65239939490954,3.94266080996903,10.0156018090929,1.0766676700695,0.101364414155219,1.0,2010-08-30
CS2_36_8_30_10,42,-0.000396328007468376,6.65899430302004e-05,0.192987682569613,5.261505823232,3521.61899230879,2044.98500272306,3.94716065702304,3.66020659639054,3.94057307548188,10.0205708239295,1.07598234790167,0.10125386285999,1.0,2010-08-30
CS2_36_8_30_10,43,-0.000398888388828667,6.67784169641541e-05,0.195265215010785,5.49136250677532,3517.35282703745,2069.87472596171,3.94701527986886,3.65740678290359,3.93399663470145,10.1423014271618,1.07470307356483,0.10273827232861,1.0,2010-08-30
CS2_36_8_30_10,44,-0.000419962380312809,6.65566383516628e-05,0.191166027424063,5.31332819530738,3542.79749124974,1959.75511689298,3.94598241498537,3.66748443643252,3.97469842271081,9.60364959705523,1.08248652013981,0.097859202442421,1.0,2010-08-30
CS2_36_8_30_10,45,-0.000430450434677809,6.76367015845915e-05,0.194590333918119,5.5030563761983,3547.28397013561,1924.03832933854,3.94128411315208,3.67050250967344,3.98180811154603,9.42890303464651,1.083864785509,0.0962291382965023,1.0,2010-08-30
CS2_36_8_30_10,46,-0.000401488855682835,6.84181426098943e-05,0.194043867724222,5.69107130157082,3519.88516502292,2004.78296236345,3.93969197585204,3.66131999312329,3.94032693551295,9.82358067244272,1.07546470428705,0.0990056161389948,1.0,2010-08-30
CS2_36_8_30_10,47,-0.000399775336353244,6.69602925847033e-05,0.197835449514241,5.11275321215352,3515.29103232548,2043.26623234339,3.94636585914864,3.65966214853175,3.93468295577508,10.0121449933329,1.07407060151882,0.101427671479194,1.0,2010-08-30
CS2_36_8_30_10,48,-0.000389811036515501,6.69324545892185e-05,0.197838419421713,5.11286546698274,3511.74408699141,2039.73502649693,3.94664015072697,3.6582425041359,3.93014271426053,9.99485980064706,1.07297962388916,0.100785364780906,1.0,2010-08-30
CS2_36_8_30_10,49,-0.00039397763860895,6.69881459336597e-05,0.198353218057915,5.4450916791143,3508.24421097361,2038.48506396555,3.94716885404767,3.65691408189405,3.92581942733441,9.98885476931981,1.07191137494277,0.100962280025657,1.0,2010-08-30
CS2_36_8_30_10,50,-0.000382568763934339,6.70858976187992e-05,0.19899937100984,5.27935205363118,3500.72772929841,2073.68710620632,3.94745193160541,3.65177857775648,3.91461532306455,10.1606132364956,1.06972810971614,0.102136873919815,1.0,2010-08-30
CS2_36_9_7_10,1,-0.000379780413052248,6.02738445904906e-05,0.164221117135832,6.75038021539627,3616.77375596332,2087.34357245712,3.95928130895606,3.65436847810823,4.04799039613505,10.2279544542238,1.10508656797401,0.10172191164359,1.0,2010-09-07
CS2_36_9_7_10,2,-0.000387935918671012,6.7701494807976e-05,0.176932006749401,5.97793561142211,3608.52413300457,2113.51448431206,3.94110554730127,3.65998050033069,4.0385748301773,10.3561522365622,1.10258254215502,0.103719397975951,1.0,2010-09-07
CS2_36_9_7_10,3,-0.000400602214175574,6.76796741579965e-05,0.179096408071912,5.7568238579142,3619.35638828774,1987.86404748682,3.93844717604929,3.66486246023721,4.06180285291627,9.74141788512454,1.10591275666429,0.0979777608384682,1.0,2010-09-07
CS2_36_9_7_10,4,-0.000449248200682871,6.86054123652516e-05,0.180320362247689,6.11251094149255,3618.0951120693,1958.70971469894,3.93659927303141,3.66663493761202,4.06284206055749,9.59884773401157,1.10554859924569,0.0964865931109426,1.0,2010-09-07
CS2_36_9_7_10,5,-0.000431026352438368,6.97364540387306e-05,0.18982953293175,5.42619907578845,3590.80596532898,2042.26687837572,3.93693616292248,3.6563878977885,4.01994253031633,10.0074778552149,1.09716654321107,0.100087724147501,1.0,2010-09-07
CS2_36_9_7_10,7,-0.000390835348710039,6.7802475926478e-05,0.182931150513464,6.34305742569859,3577.82083258274,2078.28130899317,3.94334506109563,3.66030673350184,4.00472204917991,10.1838079835572,1.09318576981085,0.102710283471217,1.0,2010-09-07
CS2_36_9_7_10,8,-0.000389717239160045,6.76865630009177e-05,0.181761525038372,5.92031422215259,3570.75870549909,2073.51573967811,3.94312096525122,3.65786107906625,3.99615969550451,10.1599845499791,1.09104297493601,0.102257423799062,1.0,2010-09-07
CS2_36_9_7_10,9,-0.000362639915993865,6.83302307113164e-05,0.1874018560106,5.40599871235802,3548.41268882486,2165.88763644198,3.94391612583232,3.6510374724865,3.96149112217099,10.611530558934,1.08418385404527,0.105846008342709,1.0,2010-09-07
CS2_36_9_7_10,10,-0.000382467804441442,6.69011296120309e-05,0.187096664699533,5.7989234081623,3555.08903582585,2098.14121832298,3.94698981592588,3.65121349224374,3.976040757888,10.2807860382095,1.08623723561581,0.103763944260324,1.0,2010-09-07
CS2_36_9_7_10,11,-0.000386465449161778,6.75868405606487e-05,0.187769732873407,5.74423833407813,3549.22917835799,2103.90667177197,3.94542533103551,3.65752986272176,3.96927861101127,10.3087572720594,1.08443763827295,0.104048068879025,1.0,2010-09-07
CS2_36_9_7_10,12,-0.000405164708758166,6.79078393627542e-05,0.19468411525149,5.5801107828638,3528.9909069936,2165.07523495253,3.94629834067654,3.64471515417099,3.93867983148806,10.6077193764717,1.07825233779603,0.106239408390325,1.0,2010-09-07
CS2_36_9_7_10,13,-0.000371369206900885,6.68370728748698e-05,0.188597161210074,5.77789025876127,3524.5689466628,2170.3248236478,3.95061152273754,3.65213656425476,3.93442331778627,10.6332595954851,1.07689379214274,0.107103642706621,1.0,2010-09-07
CS2_36_9_7_10,14,-0.000367780539823475,6.69570301477303e-05,0.194015058594949,5.54602343782315,3519.47520648499,2155.59080968142,3.95040678190735,3.65107625672797,3.92883994970677,10.561185208182,1.075311090079,0.106071484167985,1.0,2010-09-07
CS2_36_9_7_10,15,-0.00037912267630511,6.67288970863954e-05,0.191285600473293,5.30223212095192,3516.28793821175,2153.40343933148,3.94969191483412,3.65079178329275,3.92575609103642,10.5506464027235,1.07431433148214,0.106609199772111,1.0,2010-09-07
CS2_36_9_7_10,16,-0.000368779887923446,6.70913468724105e-05,0.195739567203597,5.65422548490866,3505.36603540942,2196.57425687212,3.95038017886025,3.64421624295852,3.90952004212526,10.7619235533002,1.07095011544368,0.108218488293722,1.0,2010-09-07
CS2_36_9_7_10,17,-0.000390554705519716,6.67456021224562e-05,0.196432093471261,5.20596373595711,3510.58466729074,2158.26407917659,3.95076351619902,3.65039026035982,3.92047664005961,10.5748568696287,1.07255218166549,0.106993986158741,1.0,2010-09-07
CS2_36_9_7_10,18,-0.000378219406128977,6.72398333910933e-05,0.200665871057584,5.06023304725576,3508.66576889058,2144.04578391492,3.95039201573738,3.65056447622155,3.91915182467926,10.5052524986743,1.07198556763057,0.105860909427584,1.0,2010-09-07
CS2_36_9_7_10,19,-0.000376996540498442,6.75063158733124e-05,0.198526532343453,5.15316226507842,3493.95986438164,2177.09041706327,3.94990043299539,3.64956734746189,3.89739727654501,10.6666898569058,1.0674743439578,0.107441347334221,1.0,2010-09-07
CS2_36_9_7_10,20,-0.000374285662982406,6.66862309685501e-05,0.202317888187053,5.05389274552145,3491.6318430712,2187.4964303252,3.95278854461378,3.64985834339918,3.89565240023236,10.7178427632393,1.06674251369096,0.108014272957613,1.0,2010-09-07
CS2_36_9_7_10,21,-0.000370869205613937,6.68533323433869e-05,0.201203720788217,5.34297025104094,3489.36654461542,2177.80922562539,3.95199030324032,3.64969499434455,3.89353525493806,10.6700940097276,1.06604759839854,0.107267981179939,0.999664344498584,2010-09-07
CS2_36_9_7_10,22,-0.000372403836420168,6.68773441080131e-05,0.202191396908995,5.79663372683239,3486.64515406277,2169.40298747341,3.95206159381775,3.64942594503952,3.89099830236657,10.6291289079103,1.06522859030399,0.106839232572663,0.99897967014598,2010-09-07
CS2_36_9_7_10,23,-0.000365453892945426,6.70207732009199e-05,0.20504244327615,5.05982934328147,3481.24159619398,2204.16785517556,3.95277567093189,3.64592297602508,3.88269354924925,10.7991706046805,1.06356930234509,0.108578726260127,0.9976329648229,2010-09-07
CS2_36_9_7_10,24,-0.000378789318657275,6.69826522842246e-05,0.197560026587992,5.4239567047542,3488.7750685651,2150.09179653367,3.95220652835791,3.65305936942666,3.89664254767421,10.5348294396976,1.06586563571711,0.106317509605423,0.997366118749011,2010-09-07
CS2_36_9_7_10,25,-0.000377245917257179,6.73269953075736e-05,0.200228033664529,5.06147919461881,3486.54108231404,2144.48313093826,3.95055424653742,3.65260363433321,3.89427141492321,10.5072522544822,1.06518672933813,0.105923602820156,0.998639998282024,2010-09-07
CS2_36_9_7_10,26,-0.000377997687023802,6.73169483072027e-05,0.205353435255421,5.01579602595742,3483.99407802062,2140.21756129118,3.95097429558421,3.65166886378143,3.89118662934761,10.4867213690518,1.06442612122403,0.105820509307475,0.997921308798341,2010-09-07
CS2_36_9_7_10,27,-0.000380497005070204,6.74213025930903e-05,0.207037793495224,5.22501357539667,3482.32222525414,2150.65486307879,3.95152298913618,3.65159200409711,3.8897331022905,10.5377923816938,1.06392286408424,0.106262190401608,0.997214301370443,2010-09-07
CS2_36_9_7_10,28,-0.000376645788555933,6.74740846127242e-05,0.208102523379803,5.31250924516351,3480.99444394954,2149.4205526975,3.95167178514471,3.65145336975486,3.8884497482555,10.5315330682188,1.06350853222992,0.106080498367187,0.996725459521885,2010-09-07
CS2_36_9_7_10,31,-0.000373064903278227,6.77735725030463e-05,0.20763669093851,5.28673905538476,3475.24438054732,2161.06101820426,3.95121066650135,3.64976637848353,3.88187887221783,10.5888336852532,1.06174141907314,0.106747837074875,0.997987273505077,2010-09-07
CS2_36_9_7_10,32,-0.000374120888052626,6.75107143852701e-05,0.205646941810906,5.23161473936602,3472.58780526923,2154.02996805386,3.95128364746387,3.64867924431623,3.87866889543355,10.5540825452785,1.06095442527943,0.106288156972072,0.994854119885774,2010-09-07
CS2_36_9_7_10,33,-0.000377138674820762,6.75334589151281e-05,0.205111238535691,5.06426397948261,3470.77537174727,2159.71726963925,3.95188949199823,3.64811233544754,3.87653149404033,10.5822125738299,1.06037876500587,0.106483591276581,0.994159495035765,2010-09-07
CS2_36_9_7_10,34,-0.000376263290321276,6.76284549192776e-05,0.210356850368711,4.94577212305447,3468.83800663229,2160.87344961043,3.95229286757799,3.64736835229195,3.8743414738224,10.587628444272,1.0598247688174,0.106659269065011,0.993455827811693,2010-09-07
CS2_36_9_7_10,36,-0.000387706564903974,6.77597497736207e-05,0.209730956364309,4.93501971832585,3465.16635025997,2169.57649414043,3.95172595863159,3.64638828221014,3.87016040625181,10.6300797856185,1.05868175152791,0.10739613178637,0.994817098489002,2010-09-07
CS2_36_9_7_10,37,-0.000382514438110502,6.76878669806956e-05,0.211997696538826,5.22319545885861,3465.9636926775,2151.29606659518,3.95269467738958,3.64787899235548,3.87248011513426,10.5407647251926,1.05893900926817,0.106485156418428,0.992107002831553,2010-09-07
CS2_36_9_7_10,38,-0.000384333108677619,6.77125540565402e-05,0.208148077167242,4.95459029387027,3461.68194943591,2161.76397642743,3.95151618137452,3.65341649707566,3.86616610112012,10.5916237168499,1.05763169291737,0.107093999026572,0.992067715269363,2010-09-07
CS2_36_9_7_10,39,-0.000379556271462925,6.76926989028185e-05,0.210248672320085,5.11269486832982,3459.46312996501,2164.31081933365,3.95212809014436,3.6526717039255,3.86341833376175,10.6045412825872,1.05693736643519,0.107085726506689,0.991019697445545,2010-09-07
CS2_36_9_7_10,40,-0.000380742473734967,6.7691870883576e-05,0.211462490920892,5.0338638258626,3455.7764121198,2167.15472001908,3.95254201128863,3.65164449887398,3.85921443220338,10.6182564207476,1.05581689190624,0.106930160370919,0.990480386966507,2010-09-07
CS2_36_9_7_10,41,-0.000361127129746462,6.78111857106778e-05,0.21258967564032,5.25228651987329,3434.91360147134,2239.24515238323,3.95535682590262,3.64470513730214,3.82611594888685,10.9706194959893,1.04942057632239,0.110339233793222,0.988294973722962,2010-09-07
CS2_36_9_7_10,42,-0.000353527371152161,6.71443439321811e-05,0.210398197149074,4.87893446532289,3430.16325751756,2277.47876901506,3.95740104890337,3.64256458857964,3.81986722072095,11.1578066445605,1.04798136129702,0.11151054786943,0.98370232180681,2010-09-07
CS2_36_9_7_10,43,-0.000368635523065013,6.71371208182618e-05,0.213612290710317,4.78823806718681,3426.30403047631,2276.40059370547,3.95814500719893,3.64086667011524,3.81475961323437,11.1527566261524,1.04678741682017,0.112554171211904,0.982595162719161,2010-09-07
CS2_36_9_7_10,44,-0.000351037494941093,6.71387303719348e-05,0.212194188124911,4.83444249485201,300.151513556135,2278.44741620205,3.95889057598862,3.94505574486472,0.361072182644234,11.1621939016625,0.09169776356416,0.112133771162702,0.981615299210876,2010-09-07
CS2_36_9_14_10,2,-0.000374783511259036,6.78799646622609e-05,0.21182327355595,5.17451219315255,3451.27116620063,2184.56971810404,3.95250266038098,3.64860300324921,3.85220211681819,10.703210524088,1.05442580654711,0.107833782377377,0.988935519952092,2010-09-14
CS2_36_9_14_10,3,-0.000376198899861152,6.78975871980778e-05,0.208996696474597,4.95527477446119,3449.05239005402,2163.84903047492,3.95296924356101,3.64805063223227,3.84977260209894,10.6017033124374,1.05374791537572,0.106685323213268,0.98849718009017,2010-09-14
CS2_36_9_14_10,4,-0.000383754028381819,6.72606609557923e-05,0.205452817653375,5.38465437432036,3466.63437842691,2105.13312488134,3.95335969372072,3.65338055360115,3.87894837589291,10.3146735226165,1.059152226791,0.104198074205202,0.988727096250279,2010-09-14
CS2_36_9_14_10,5,-0.000387119158479995,6.87015647086558e-05,0.209295120181197,5.15186382005158,3470.26094194238,2058.0565591808,3.94852222894367,3.65651843507411,3.88520190321339,10.0846074677972,1.06025363060898,0.10165204493988,0.99265365629633,2010-09-14
CS2_36_9_14_10,6,-0.000411341878715119,6.88281316050359e-05,0.211505997916454,5.2182454685317,3453.41275032407,2023.47889882592,3.94739850172015,3.65336249628638,3.8590417140181,9.91538601764451,1.05509073351638,0.101401124542759,0.992777499019562,2010-09-14
CS2_36_9_14_10,7,-0.000378766402915516,6.82256457816284e-05,0.209804263631323,5.18117887097027,3443.67749065823,2171.3178232858,3.95191530695239,3.64725738712865,3.8446471274154,10.638704897841,1.05213911671675,0.107450363891975,0.987616693730625,2010-09-14
CS2_36_9_14_10,8,-0.000374630629931146,6.79678023204678e-05,0.202927893363386,5.12044976150841,3443.08407293129,2158.99000901982,3.95219521615112,3.64759932012639,3.84473208111497,10.5780069887184,1.05201544627795,0.106511934076078,0.986281927661588,2010-09-14
CS2_36_9_14_10,9,-0.000379811852942887,6.79141558088722e-05,0.211148377481679,5.13381433552923,3441.69338732606,2118.94409848623,3.95177456476156,3.64733075891804,3.84326843399062,10.3822287416479,1.05157165654419,0.104903127533806,0.985733147572011,2010-09-14
CS2_36_9_14_10,10,-0.000376744852749926,6.81699918472733e-05,0.214124264538768,4.85412472283758,3432.86112884009,2154.25547609726,3.95299015230345,3.64966345655507,3.82986832519128,10.5548750776412,1.04886463902236,0.106303635431937,0.984621623745791,2010-09-14
CS2_36_9_14_10,11,-0.000384693597728717,6.76678482957668e-05,0.212700481397701,4.80066883098004,3454.57237758212,2121.9141241873,3.95554081444601,3.6581898367303,3.86539317626453,10.3973214706493,1.0555103884459,0.105629363664364,0.9840127843764,2010-09-14
CS2_36_9_14_10,12,-0.000391550584958376,6.87367666979161e-05,0.21475557924441,5.10802256324148,3459.54282081311,2053.16630849271,3.94899033927,3.65365372067791,3.87346748136216,10.0608151414362,1.05703339218735,0.101875970246863,0.988863372555124,2010-09-14
CS2_36_9_14_10,14,-0.000369096725588009,6.90165510150941e-05,0.214703709129961,5.31278650135913,3427.25516366854,2184.80178526437,3.95064154759194,3.64781473833939,3.82312096074847,10.7046300157521,1.04714356431352,0.107684006484977,0.988968500625582,2010-09-14
CS2_36_9_14_10,15,-0.000366829325043833,6.79548671391441e-05,0.212372184848865,5.70026237707709,3427.11468916255,2185.6301249126,3.9551445460901,3.64887453975349,3.8241936721121,10.7086819785989,1.04712058816874,0.107664013646664,0.981366758968436,2010-09-14
CS2_36_9_14_10,16,-0.00039006994988666,6.79366014294275e-05,0.213100894146153,4.92168648189574,3426.44361273257,2193.26708137081,3.95403376981324,3.6501144417401,3.82486740504508,10.745748491231,1.04689648296874,0.109160548005073,0.981424489470004,2010-09-14
CS2_36_9_14_10,17,-0.000373417009916146,6.79553827428704e-05,0.214893923684177,5.09310319956538,3417.82155511022,2203.67638210684,3.95459274334066,3.64395950169399,3.81120102829664,10.7969941115614,1.04425885764204,0.108769697826916,0.980705591262258,2010-09-14
CS2_36_9_14_10,18,-0.000377403649771046,6.78340705429197e-05,0.213204033539003,5.18461991416417,3428.74186084841,2258.70672181094,3.95666774975255,3.65146050782039,3.82820220297312,11.0661450943507,1.04758562707028,0.111265451985144,0.978235673650115,2010-09-14
CS2_36_9_14_10,19,-0.000386244934779542,6.84121377140485e-05,0.216738904433451,5.22344932438507,3443.99468321964,2091.97776908442,3.95120843984548,3.65520371738662,3.85349022145274,10.2506212525536,1.05228691749616,0.103613836106927,0.983250466815797,2010-09-14
CS2_36_9_14_10,21,-0.000373506762365288,7.00028046084774e-05,0.213485441384265,4.75630322633774,3414.78691751297,2183.5834305085,3.94854060770238,3.64344706206486,3.80824648412124,10.6983211680209,1.04334442367699,0.107729817920548,0.986489831989667,2010-09-14
CS2_36_9_14_10,22,-0.000370367082083255,6.76772633510821e-05,0.214186012482261,5.51001206409376,3410.6770227032,2217.16032142891,3.95618980858713,3.6408303729419,3.80219221199236,10.8627827437363,1.04209235036997,0.109610090895894,0.977503173342321,2010-09-14
CS2_36_9_14_10,23,-0.000364841534265837,6.78318055298408e-05,0.210265372162817,4.99338804395421,3411.61497558787,2218.22292616882,3.95615709943724,3.64253945391754,3.80465361393076,10.8680500538811,1.04235485415978,0.109238038359353,0.976944616234129,2010-09-14
CS2_36_9_14_10,24,-0.000370256539588564,6.78424001128264e-05,0.212500183620995,5.81962251750016,3405.44311886898,2196.25810232933,3.95560735317287,3.64722823474718,3.79602240759979,10.7607176216496,1.04047430262942,0.108514462319744,0.977052282192053,2010-09-14
CS2_36_9_14_10,25,-0.000357072722856561,6.8065197447904e-05,0.215745618623805,4.76427245123354,3398.98968479474,2266.06585042324,3.95728390051587,3.64285076597462,3.78595783384153,11.1024664400604,1.03850406833117,0.111890379589879,0.974898562381954,2010-09-14
CS2_36_9_14_10,26,-0.000383182669422729,6.73520382154142e-05,0.208226118842148,4.91393400087163,3427.35327624762,2127.2577295333,3.95568445617077,3.65586169218195,3.83172449022141,10.423126950249,1.04718805986443,0.10538527135311,0.975433481373304,2010-09-14
CS2_36_9_14_10,27,-0.000388066897417782,6.88258577813826e-05,0.217265813176696,4.69768483528511,3430.60409759288,2097.44625329727,3.95173524537133,3.65005522100334,3.83703739548802,10.2772878619378,1.04819081587523,0.103915797060574,0.981531331605121,2010-09-14
CS2_36_9_14_10,28,-0.000392731380699921,6.88724891275545e-05,0.212511873456714,4.86252285348419,3436.33929632622,2080.40004696371,3.95063996893688,3.65418345296485,3.84629660123918,10.1940632551284,1.04996229266396,0.103243483183745,0.982355868999037,2010-09-14
CS2_36_9_14_10,29,-0.000397435722532422,6.91640571478913e-05,0.217213689316041,4.89214890389001,3440.46889699984,2047.61988331721,3.94916953787136,3.65746165137006,3.85302811846724,10.0337305971019,1.05120147840171,0.101576432832276,0.983853141543854,2010-09-14
CS2_36_9_14_10,30,-0.000393317878997002,6.92802871873839e-05,0.215272101332131,4.66008644612785,3443.21636135352,2033.51118238404,3.94778455513111,3.65960329618209,3.85759244074187,9.96488685914812,1.05207254888572,0.100582833805217,0.984824641330093,2010-09-14
CS2_36_9_14_10,31,-0.000398767949047276,6.93454124192219e-05,0.21912018321921,4.72031311183274,3445.12343300268,2017.38731652434,3.94671960268619,3.66116901951977,3.86080867683126,9.88608534097533,1.05265757790344,0.100072825016428,0.985419249808805,2010-09-14
CS2_36_9_14_10,32,-0.000408275260889262,6.95827886027764e-05,0.216832695028454,4.72340079730914,3446.89007756946,2009.30941794679,3.94704899764978,3.66253680449266,3.86358826815262,9.84638490708197,1.053161962284,0.0999726031027938,0.985956563218017,2010-09-14
CS2_36_9_14_10,33,-0.000402295799590539,6.96419214404802e-05,0.217606833138799,4.70674310589333,3449.46901047771,1994.61918516061,3.94617061775464,3.6643143311525,3.86771954239434,9.77481258121767,1.05398331959941,0.0988885178891716,0.986381494349314,2010-09-14
CS2_36_9_14_10,34,-0.000410556429997811,6.97750331029354e-05,0.219097107754191,4.87838428931286,3449.67582531442,1991.29468365846,3.94548068482142,3.66458429026807,3.86821361519643,9.75868843372404,1.05405626610334,0.0989416142916472,0.986896734667695,2010-09-14
CS2_36_9_14_10,35,-0.000401483466165992,6.97766759092448e-05,0.212389545057592,4.91761922970088,3450.40729000769,1983.32627520507,3.9451886587418,3.66526125027583,3.86944428983524,9.71964030972022,1.05424984093341,0.0982826636161775,0.986951086090787,2010-09-14
CS2_36_9_14_10,36,-0.000408156327896123,6.9834315723419e-05,0.216607315646459,4.71399756932301,3451.15764799179,1980.47071999992,3.94474478868338,3.6658412921123,3.87079635228372,9.70582877032476,1.05450989603867,0.0983115876701831,0.987162693957657,2010-09-14
CS2_36_9_14_10,37,-0.000407163656884182,6.98792719889259e-05,0.216102618247255,4.73519393391162,3451.59547783749,1977.35804009705,3.94440526916431,3.66631337108775,3.87166136170158,9.69031329137064,1.05464423071385,0.0981597441681428,0.987320477076742,2010-09-14
CS2_36_9_14_10,38,-0.00041944250174333,6.99179331862503e-05,0.21702920428406,4.72817557647928,3451.92401133751,1971.96792768216,3.94413195091944,3.66672731057191,3.87235464010941,9.66406545089866,1.05473845961032,0.0983041787209286,0.987408795961659,2010-09-14
CS2_36_9_14_10,39,-0.00041351076682081,6.99583858678511e-05,0.218453565609574,4.99067539099037,3452.3774782457,1970.57725545549,3.94385939378005,3.66713432165293,3.87324618080918,9.65758936070615,1.05489883555329,0.0981289138298711,0.987540062707218,2010-09-14
CS2_36_9_14_10,40,-0.000407525087072757,7.01900999217646e-05,0.21685920036393,4.73913665393932,3452.40889077628,1968.10507797496,3.94483484719929,3.66730737482381,3.87339288980604,9.64513997609497,1.05488917410718,0.0976234442407627,0.987610418759321,2010-09-14
CS2_36_9_14_10,41,-0.000421502447200656,7.02107224604947e-05,0.218420605469191,4.77118360451387,3452.37784311653,1964.09314630128,3.9447348596947,3.66745827340672,3.87349512640308,9.62560717136313,1.05487009493425,0.0979873576573359,0.987554832664489,2010-09-14
CS2_36_9_14_10,42,-0.000409303427184944,7.02766850997592e-05,0.215353608338808,4.89262353829478,3429.55798643845,1961.76521290146,3.94462714925337,3.66003946189223,3.83809252121889,9.61425678533288,1.04789502240994,0.0976098081421533,0.987475176223987,2010-09-14
CS2_36_9_14_10,43,-0.000374977081296968,6.92721661354343e-05,0.21994438030686,4.77193221583299,3404.88177475269,2183.95888470992,3.95191781544218,3.64236770005062,3.79912757556168,10.701010572928,1.04032852339923,0.107791428010807,0.978760781564824,2010-09-14
CS2_36_9_14_10,44,-0.000386535745307569,6.85038889623783e-05,0.215886777290394,4.68505498079421,3403.28799971507,2177.27115217567,3.95418948610428,3.65036768291307,3.79759087581372,10.668381852436,1.03985136292566,0.108000808532282,0.975204555092641,2010-09-14
CS2_36_9_14_10,45,-0.000369757971124284,6.87003031059701e-05,0.2141260752113,4.86601487143673,3401.05354095728,2181.28668428655,3.95415676873306,3.64915782057721,3.79443782555562,10.6878522064945,1.03917453452784,0.107480896503437,0.974653278306844,2010-09-14
CS2_36_9_14_10,46,-0.000372081615142873,6.87051132367745e-05,0.220022496952582,5.72591442211701,3393.92832212488,2174.42728049948,3.95468817673293,3.64475217487501,3.7837720775941,10.6542082006856,1.03698548147586,0.107658775612765,0.973935246452947,2010-09-14
CS2_36_9_14_10,47,-0.000378386440174083,6.84744321721273e-05,0.217141678643534,4.7146096836049,3418.99520875525,2202.78819231363,3.95673303674943,3.65553075691749,3.82449100311327,10.7938252226376,1.04466577120465,0.110686136257581,0.973287983939152,2010-09-14
CS2_36_9_14_10,48,-0.000405218397628751,6.96033594523848e-05,0.218266849853761,4.69667687337328,3428.16945398285,2053.9639497631,3.94994019304664,3.66220933815529,3.83919655019015,10.0652785176902,1.047458374467,0.102310408321738,0.979593235350152,2010-09-14
CS2_36_9_14_10,49,-0.000396250944855103,6.98145406615432e-05,0.218305986466284,4.87369038239312,3420.79431749252,2029.26197042724,3.94746263860499,3.65982582651336,3.83071987274919,9.94415957614151,1.04526603954418,0.100769082668435,0.981344858915396,2010-09-14
CS2_36_9_14_10,50,-0.000389919520603018,6.9410781865291e-05,0.216445012411249,4.78959859542302,3388.9595099953,2175.56807901291,3.95328346186993,3.64229020035785,3.77729822449157,10.6594284034958,1.03552440046574,0.107718838863316,0.976701682246348,2010-09-14
CS2_36_9_21_10,1,-0.000361680684217963,6.41054881068938e-05,0.204632359661536,5.17150255432241,3417.27186239768,2256.7855470031,3.9625477838279,3.6441144984344,3.81076581281779,11.0573945965559,1.04404726506508,0.110630239242263,0.970617148083295,2010-09-21
CS2_36_9_21_10,2,-0.000360019020895359,6.83671669136355e-05,0.214825015525821,4.73552227405591,3422.58525656697,2279.34742036506,3.95553792991074,3.64737907565873,3.81873881951205,11.1676803280002,1.04571718321354,0.111711738700179,0.978854837326284,2010-09-21
CS2_36_9_21_10,3,-0.000386157411820785,6.88809671864986e-05,0.213892677456162,4.68830053184973,3440.99570742468,2105.80627954394,3.95117621282929,3.65538785600255,3.85110405482627,10.319184977465,1.05132073632049,0.104090855858558,0.982210988610359,2010-09-21
CS2_36_9_21_10,4,-0.000385813940748292,6.96856506285266e-05,0.221207594276718,4.65063160111252,3443.41933374384,2073.4955275561,3.94830960927954,3.65837534268697,3.85627780415585,10.1611269111722,1.05208023367199,0.102373449748087,0.985248443339978,2010-09-21
CS2_36_9_21_10,5,-0.000379252129365646,7.12956035109901e-05,0.220282470459476,4.63294078465751,3402.28754692096,2215.34882380712,3.94820659916575,3.64554936782174,3.7914926347058,10.8548316542814,1.03949109373966,0.109328938599246,0.983383545439443,2010-09-21
CS2_36_9_21_10,6,-0.000361910143651387,6.82603952547103e-05,0.213473276470717,5.05555478154418,3402.27140346442,2245.80342459603,3.95609797227501,3.64617895043415,3.79206927447508,11.0034580199705,1.03946424771621,0.110276420528846,0.974110093454863,2010-09-21
CS2_36_9_21_10,7,-0.000376956358755413,6.84310906854808e-05,0.212139106200841,4.85301066246902,3403.50620452284,2192.13009845153,3.95539716800841,3.64890712447788,3.79602481743729,10.7406998604051,1.03985444817122,0.108512105792706,0.972927678976201,2010-09-21
CS2_36_9_21_10,8,-0.000364148949045605,6.87641799992052e-05,0.215312681435438,4.75339407038627,3399.55367982811,2189.17699874534,3.95507964285293,3.64593387894008,3.78954447990996,10.7261227550034,1.03864908424942,0.108374001273164,0.972408716529157,2010-09-21
CS2_36_9_21_10,9,-0.000370334660847486,6.91882182221504e-05,0.219933716840697,4.69655766979871,3398.33405899689,2235.08223798984,3.95653949092277,3.64421977374865,3.78676062999358,10.950873479277,1.03828681316196,0.11109811160918,0.969655176659203,2010-09-21
CS2_36_9_21_10,10,-0.0003890458866543,6.88423992989928e-05,0.218046133214969,4.69888280319137,3424.51095171832,2094.24332137144,3.95311153933332,3.65791147947311,3.83137983643759,10.2624063386788,1.04628576756117,0.104289572483356,0.971932022424863,2010-09-21
CS2_36_9_21_10,11,-0.000407562742132667,7.00348047048744e-05,0.223192179739619,4.60168484086993,3428.74708633708,2052.9011573497,3.94937358367734,3.66148884131991,3.83879944157338,10.0601409827035,1.04759873598386,0.102755007645179,0.977405178640973,2010-09-21
CS2_36_9_21_10,12,-0.000391539782020478,7.08958414281077e-05,0.218259891028701,4.85343580894864,3397.63434117852,2150.63110996177,3.94794154868406,3.64722401992134,3.78927225220705,10.5375766770449,1.03806088385085,0.106676204638346,0.976202289143184,2010-09-21
CS2_36_9_21_10,13,-0.000360675257439677,6.90944520073903e-05,0.220527178981371,4.64696194622737,3391.44351401148,2211.77017903418,3.95620506201217,3.64349020460378,3.7802474629744,10.8370444204406,1.03618226014761,0.109335779484048,0.969265652222546,2010-09-21
CS2_36_9_21_10,14,-0.000365673930195603,6.89597695427451e-05,0.217736854691503,4.70164111886147,3391.021840264,2206.87963717934,3.95593108822457,3.64343807178995,3.77979565967807,10.8129767123136,1.03604390672173,0.108880059401697,0.968205186671281,2010-09-21
CS2_36_9_21_10,15,-0.000374064096771671,6.91075722193214e-05,0.21977597192798,4.58869396913117,3390.08433888628,2199.97379218778,3.9560866106802,3.64329159778097,3.77882590111979,10.7793765934981,1.03574837779058,0.109379036512941,0.968222135181756,2010-09-21
CS2_36_9_21_10,16,-0.000367192576770593,6.94073352123306e-05,0.215826947306955,4.73851685716807,3380.2245884173,2229.78557830741,3.95635012489053,3.63645636517069,3.76393722007646,10.9251547331192,1.03279361177207,0.11036013257864,0.967442830265021,2010-09-21
CS2_36_9_21_10,17,-0.000382848970085377,6.79903604009144e-05,0.208560825187129,4.96521755006357,3411.12020904449,2121.07108361836,3.95831506795222,3.65248819877361,3.81492866270947,10.3933734920825,1.04226960309055,0.105674517542257,0.966644756787286,2010-09-21
CS2_36_9_21_10,18,-0.00039639499484549,7.01074346218421e-05,0.225843590737822,4.57353957678125,3417.59086843079,2060.97935744494,3.95033301559149,3.65759870718265,3.8255446036293,10.0992778458155,1.04424672532962,0.102868385339707,0.973941868161472,2010-09-21
CS2_36_9_21_10,19,-0.000393806574252836,7.04565808345798e-05,0.221008241837246,4.55507519008882,3390.89783720329,2031.79075420069,3.94953792734844,3.64597892968551,3.78257073842205,9.95566080008274,1.0360696829014,0.100121608654482,0.973761268783419,2010-09-21
CS2_36_9_21_10,20,-0.000356648806263583,6.95310752297828e-05,0.22156595478062,4.67822601177037,3378.9123799731,2246.45716254652,3.95580059170723,3.63735918584077,3.76392509902875,11.0063702038538,1.03241399016923,0.110630557473283,0.966771243024343,2010-09-21
CS2_36_9_21_10,21,-0.000371233908833258,6.89285156876848e-05,0.215786954063733,4.857145376346,3383.06920054174,2218.83233149323,3.95696760177612,3.64188314935435,3.77168135045924,10.870946900043,1.03362176074357,0.110189897080216,0.965144540550168,2010-09-21
CS2_36_9_21_10,22,-0.000386269845824879,6.93104517917619e-05,0.221561314200336,4.63673847196447,3380.10025178391,2213.16097076933,3.95593502759933,3.63952820404716,3.76676582387968,10.8435743088434,1.03268351331429,0.110160229602901,0.965958850888618,2010-09-21
CS2_36_9_21_10,23,-0.00036449133415358,6.90155326280531e-05,0.221102488955684,4.55813559011399,3372.14650564484,2203.95755866682,3.95649464011192,3.64168704183478,3.75380030066101,10.7978132996202,1.03023758391984,0.108086832020955,0.964404805908831,2010-09-21
CS2_36_9_21_10,24,-0.000383196006183189,6.86734332194109e-05,0.218994885861226,4.81981341842178,3399.63508470223,2165.25695685583,3.95869990468025,3.65558460899021,3.7996860706563,10.609988461762,1.03866485325109,0.108367589231267,0.964143618203512,2010-09-21
CS2_36_9_21_10,25,-0.000382614592602341,7.01818530244529e-05,0.22500914390463,4.6156197798886,3406.90252074064,2085.50954029523,3.95136653261232,3.65269624775854,3.81144995252083,10.2193674460307,1.0408891752327,0.103472845476575,0.970830703373756,2010-09-21
CS2_36_9_21_10,27,-0.000382776828573987,7.075503258209e-05,0.227943276749598,4.56580347129549,3410.51273920632,2062.93226153398,3.9487919047767,3.65587565816682,3.81767404400544,10.1090791834811,1.04199602571203,0.102335889821864,0.975138179161845,2010-09-21
CS2_36_9_21_10,28,-0.000397264203186353,7.06268148264768e-05,0.227896514797126,4.59141214295845,3412.02893431258,2047.8390109234,3.94895784995135,3.6570681025242,3.82018036415759,10.0353301870164,1.04246665513592,0.101938155845143,0.973419611137306,2010-09-21
CS2_36_9_21_10,29,-0.00040462838353511,7.06507702803382e-05,0.228502626901383,4.57208535092003,3413.90493648761,2038.68334378972,3.9483147205091,3.65867665923875,3.82342130549766,9.99052246488203,1.04305318135564,0.10169034756041,0.973753783138768,2010-09-21
CS2_36_9_21_10,30,-0.000394613340873518,7.08806041812929e-05,0.226136644479032,4.73562102216014,3415.56198869983,2026.44993694918,3.94863484545452,3.66010369925663,3.82623633883058,9.93053298277808,1.04354945498132,0.100674038536198,0.974196624254331,2010-09-21
CS2_36_9_21_10,31,-0.000393056858296974,7.09685108696522e-05,0.228525247283479,4.57758459914382,3416.73462209821,2019.40331888635,3.94788582383133,3.66113556664565,3.82825626908567,9.89631215311873,1.04390309504238,0.100299015603854,0.974658458049988,2010-09-21
CS2_36_9_21_10,32,-0.000399685191527496,7.09802143125304e-05,0.22801120020325,4.45019779265884,3416.79708209797,2012.07557267451,3.94724740865754,3.66135898335227,3.82862986328671,9.8604072296392,1.04394467689974,0.100026936444681,0.974918573808166,2010-09-21
CS2_36_9_21_10,33,-0.000438211363445121,7.10066846649356e-05,0.226940184847275,4.45225421025233,3416.64106198784,2011.05992974842,3.94725687329362,3.66148744163842,3.8285741246584,9.85565880451473,1.04387970963913,0.0996695408187637,0.974909904060799,2010-09-21
CS2_36_9_21_10,34,-0.000409916670068017,7.10396215448711e-05,0.22583504381061,4.63434547736616,3416.40670918213,2003.91946729075,3.94711702625926,3.66163126559093,3.82859629008734,9.82042822288641,1.04382665578758,0.100259972471571,0.974840379156042,2010-09-21
CS2_36_9_21_10,35,-0.000393791550621026,7.1066170986078e-05,0.223500103790255,4.60394422879091,3416.54774178116,2006.45070343552,3.94695112065571,3.66175553921995,3.82881353142944,9.83273258429742,1.04385939606808,0.0995217641229117,0.974892501447913,2010-09-21
CS2_36_9_21_10,36,-0.000439116898552789,7.1118841303771e-05,0.223139870792048,4.51729997322585,3416.90757793258,2003.48222208937,3.94675673740666,3.66219538244708,3.82960618652806,9.81877660682239,1.043982077418,0.0993807333387196,0.974889197487786,2010-09-21
CS2_36_9_21_10,37,-0.000439551019222269,7.1141255087336e-05,0.225819680780204,4.60760038763385,3417.3926970496,1996.88883738668,3.94647942054562,3.66269385609133,3.8306131568318,9.78632935463197,1.04415070101407,0.0991888904855106,0.974889319269857,2010-09-21
CS2_36_9_21_10,38,-0.000399961185744004,7.11911725070831e-05,0.223011916500114,4.80575281266958,3417.75219035515,1993.34230210417,3.94616495109186,3.66320490426031,3.83143640335126,9.7686682189765,1.04425561641106,0.0991323945360213,0.975134742203961,2010-09-21
CS2_36_9_21_10,39,-0.000444678302177169,7.10634491579101e-05,0.226359144860522,4.60984317338009,3421.30000466044,1974.04601433116,3.94560634217611,3.66604362479572,3.83728743519703,9.67404786692572,1.04531994348592,0.0981955756633708,0.975403831436748,2010-09-21
CS2_36_9_21_10,40,-0.000415510585787308,7.14489488028029e-05,0.227347500909573,4.4855951320817,3421.83190519101,1965.04666071502,3.94526343553969,3.66656444196043,3.83830537607255,9.63046173083412,1.04548749321201,0.0981562134188079,0.97630166521515,2010-09-21
CS2_36_9_21_10,41,-0.000423004476222215,7.1661760244136e-05,0.225434402840546,4.62382428484394,3387.80582506029,2061.77447234909,3.94374058059618,3.64966628033182,3.78372045900122,10.1031209794213,1.03508505924749,0.101380767011426,0.97391296824685,2010-09-21
CS2_36_9_21_10,42,-0.000387412007401404,7.02442411333235e-05,0.225588772504933,4.73062909306139,3379.80412912124,2175.61513693188,3.95419855022905,3.64412400618843,3.77141653503041,10.6601814559586,1.03261741346065,0.108395987765436,0.966277850511193,2010-09-21
CS2_36_9_21_10,43,-0.000372654244906639,6.99527137052485e-05,0.220779860514661,4.69731171485011,3378.21041784267,2170.36520154041,3.95452168569043,3.6431380852409,3.76909016570674,10.6348780664084,1.03212053260694,0.107561787879199,0.965006453799855,2010-09-21
CS2_36_9_21_10,44,-0.000368135675768345,7.00736530636725e-05,0.227946176479605,4.56469515301926,3375.16342003725,2182.16181696235,3.95463035583496,3.64121976520704,3.76456532811456,10.6922052701151,1.03119346023778,0.108278093690863,0.963976896394121,2010-09-21
CS2_36_9_21_10,45,-0.000360082997030903,7.02772406865783e-05,0.225582871187604,4.60606448823084,3365.30290660378,2213.72335245553,3.95550499558449,3.64282654461108,3.74928479645681,10.8462072938254,1.02817095912482,0.10923246414158,0.962855364308241,2010-09-21
CS2_36_9_21_10,46,-0.000389097508219921,6.90134402279231e-05,0.222685816238444,4.63534299814529,3393.19942799793,2124.91486932884,3.95798919449991,3.65659166418988,3.79538970890036,10.4128654992848,1.03672487868553,0.10599233825089,0.962560772713031,2010-09-21
CS2_36_9_21_10,47,-0.00042749043206105,7.09334179717373e-05,0.230291468825766,4.47665925821679,3398.52922881581,2059.6983488003,3.95040268851031,3.6607423948205,3.8043100605197,10.093197525075,1.03837677000179,0.102054448859704,0.968803472241636,2010-09-21
CS2_36_9_21_10,48,-0.000397099303012547,7.10134916681156e-05,0.225717895306048,4.69191420156479,3376.05449254625,1998.99570486718,3.94854119141114,3.64324794230254,3.76742220509819,9.7957186361963,1.03146494164889,0.10065279849145,0.969014835540973,2010-09-21
CS2_36_9_21_10,49,-0.000349282205316912,7.0390740587127e-05,0.228440844191596,4.73349316491925,3362.27167052717,2255.81626395346,3.95641028222127,3.64225821327745,3.74645064877189,11.0527215816799,1.02732070511522,0.110899305696622,0.96188681829055,2010-09-21
CS2_36_9_21_10,50,-0.000374038191162705,6.99024157839148e-05,0.224808470821762,4.58714751948603,3364.2565163878,2235.06677140784,3.95740898649896,3.64443205113996,3.75051755503222,10.9504416171021,1.02797309749935,0.110884792576119,0.960436901826904,2010-09-21
CS2_36_9_30_10,1,-0.000347952035004129,6.51174553581465e-05,0.216926199714409,4.74747841513218,3375.61535703159,2301.1906364078,3.9648597276572,3.64325561648921,3.75866159989503,11.2747406897986,1.03137324095736,0.112593231594571,0.960080399073724,2010-09-30
CS2_36_9_30_10,2,-0.000371057070724939,6.88269314730972e-05,0.225131331478472,4.56535498994227,3400.94837541286,2187.60120994906,3.95876762404371,3.65574799827907,3.80110814746768,10.7197325999608,1.03910269736735,0.108589690214278,0.9660387536268,2010-09-30
CS2_36_9_30_10,3,-0.000376293278918873,7.0568810240101e-05,0.225953480447132,4.61535936954005,3406.34086275087,2108.43152265964,3.95110324333454,3.65253008028557,3.81084752916117,10.3321873374646,1.0407310598753,0.104349427292333,0.971301262722893,2010-09-30
CS2_36_9_30_10,4,-0.000399415912300046,7.08323976979603e-05,0.229570240220554,4.57434528122705,3387.44595980621,2061.24554495992,3.94889625305025,3.64759162197942,3.78117846533173,10.1012020288869,1.03495290308463,0.103455684926244,0.972017392248894,2010-09-30
CS2_36_9_30_10,5,-0.000350538906960252,7.0292239484898e-05,0.222349601322408,4.6399253966612,3372.05332579862,2260.4261438028,3.95607838392258,3.64510409664689,3.75735563185533,11.0753258096984,1.0302342257476,0.110870161059739,0.964861186380261,2010-09-30
CS2_36_9_30_10,6,-0.000359646658145688,6.98716224914507e-05,0.226906511044408,4.61334874781133,3376.71041054865,2225.17658294589,3.9572607922554,3.64125497030175,3.7659512297624,10.9028939218125,1.03167595637802,0.109807235093399,0.963026745350328,2010-09-30
CS2_36_9_30_10,7,-0.000358115187502334,7.0435687373297e-05,0.230607578234224,4.71606440609318,3374.66345563425,2209.81815259089,3.9552191221714,3.64924433984254,3.76388870578847,10.8281556559816,1.03103387698346,0.109173945543642,0.963961359659963,2010-09-30
CS2_36_9_30_10,9,-0.000358661181898269,7.03927268639485e-05,0.22588550831673,4.55028914856239,3379.5727958076,2238.78632461988,3.95545236110687,3.64585359407508,3.7731006345112,10.9697090828913,1.03256642657631,0.110492764336394,0.965532193821862,2010-09-30
CS2_36_9_30_10,10,-0.000386656576267,7.06606804496561e-05,0.22566565937312,4.92862950093935,3393.24771697468,2102.55763093222,3.95191795991199,3.65728883328645,3.7961285588381,10.3032785945993,1.03673417015725,0.104578898821058,0.967026352860415,2010-09-30
CS2_36_9_30_10,11,-0.000386615207633611,7.11491493738628e-05,0.227853634433845,4.56361773011999,3397.01521102946,2066.98055533812,3.94989443295108,3.66051138172979,3.80268342537932,10.1292695493684,1.03788868714204,0.102630535324852,0.969228490025757,2010-09-30
CS2_36_9_30_10,12,-0.000363559613232019,7.25632261921142e-05,0.24851501513029,4.10042503517849,3365.58539426647,2198.55254667538,3.94996309280395,3.64487533192885,3.75159508929355,10.7724900245745,1.02824361672636,0.108431439828633,0.967968176922525,2010-09-30
CS2_36_9_30_10,13,-0.000356761160601974,7.00153947638638e-05,0.229298487820861,4.56058689630374,3365.94485182784,2214.708110037,3.95618888720795,3.64603329959669,3.75308268897514,10.8515409678346,1.02835311763606,0.10906655413285,0.961453964696384,2010-09-30
CS2_36_9_30_10,14,-0.000367162888576688,7.02890838995183e-05,0.224929956321182,4.58277202779156,3364.17915911719,2188.41199433661,3.95611967921257,3.64551472873018,3.75108946923293,10.7234496264711,1.02781955142908,0.108390371185771,0.961748274109568,2010-09-30
CS2_36_9_30_10,15,-0.000370355176551715,7.02179110358518e-05,0.228447907080043,4.56189964551893,3363.47656284377,2198.67748408837,3.95565657400007,3.64514103897831,3.75014784946666,10.773338788626,1.02761144935213,0.109226162992051,0.960932280455261,2010-09-30
CS2_36_9_30_10,16,-0.000364937786578281,7.04559803308892e-05,0.226850450697229,4.58121235109154,3364.11701753223,2199.55226022418,3.95570623934568,3.64485971760331,3.75043787509861,10.7776802282321,1.02782229138964,0.108977888722956,0.960010505988223,2010-09-30
CS2_36_9_30_10,17,-0.00039064127243263,7.01789429834789e-05,0.225110683546396,4.56061000077447,3388.7326929952,2072.72948411884,3.95288826102641,3.65758181654889,3.79257437387444,10.1573992948785,1.03532783098737,0.103353553989219,0.962672685938507,2010-09-30
CS2_36_9_30_10,18,-0.000388858859189316,7.13733386011266e-05,0.232021603300358,4.54361692198594,3392.71899010608,2031.51260363398,3.94909413812196,3.66057336641395,3.79903056944829,9.95547253075349,1.03654985759855,0.10100914328548,0.967750248483098,2010-09-30
CS2_36_9_30_10,19,-0.000371567782638915,7.21186347417649e-05,0.23126227628891,4.60242575029993,3365.11788438988,2133.60109272372,3.94813647010539,3.64773402088567,3.75415075647546,10.4548478000608,1.0280987466435,0.105114507829551,0.966416994245883,2010-09-30
CS2_36_9_30_10,20,-0.000366599123646641,7.06145418854882e-05,0.229723779348396,4.85406421480804,3363.6332220092,2204.25546616979,3.95569157480594,3.64713301156696,3.75226652195363,10.8002827894321,1.02763998298771,0.109316837350868,0.960598815190067,2010-09-30
CS2_36_9_30_10,21,-0.000368638274367743,7.06734104936046e-05,0.235107843833,4.43033873552156,3365.27398677546,2156.10126017826,3.95502311587334,3.64868026867247,3.75535960454129,10.5650818642007,1.02817478222718,0.106758906881577,0.960910572474709,2010-09-30
CS2_36_9_30_10,22,-0.000385759012727478,6.97984241262646e-05,0.215437938617627,4.84858666582758,3390.07908799424,2051.49667168237,3.9532234846656,3.66006068146747,3.79646575944688,10.05336612431,1.03578975497757,0.10200866040412,0.962403077491268,2010-09-30
CS2_36_9_30_10,23,-0.000397010041699411,7.16057142453052e-05,0.227672789835893,4.44576638192747,3393.65898989519,2006.76465007965,3.94754223048393,3.66297056571297,3.8024301979767,9.83456345650925,1.03686630812181,0.0999580157629506,0.967745200431727,2010-09-30
CS2_36_9_30_10,24,-0.000436586263947377,7.17482625391784e-05,0.228544390138791,4.52266610447831,3393.59681773884,2013.74889190175,3.94725498072619,3.66297479090483,3.80235201745532,9.86874222375183,1.03684134127009,0.100167109082819,0.968150542574462,2010-09-30
CS2_36_9_30_10,25,-0.000436791881223135,7.18156341092309e-05,0.232318708868784,4.48205238456244,3394.11285242083,2009.29606007348,3.94701881831503,3.66307760736217,3.80295345338554,9.84683229011524,1.03701459408854,0.100013936290488,0.968302013331218,2010-09-30
CS2_36_9_30_10,26,-0.000435753350768144,7.1878332755965e-05,0.228704533518465,4.42126461883084,3394.59769821051,2006.59349013807,3.94673556412382,3.66363253800765,3.80402605000176,9.83394102439248,1.03718291113255,0.100028259361583,0.968186583977801,2010-09-30
CS2_36_9_30_10,27,-0.000399034081373718,7.1888868312688e-05,0.230205434439278,4.40917657936049,3394.94197009108,1999.37469879934,3.94639645186551,3.66401845890543,3.80460842729053,9.79884556633411,1.0372598074668,0.0997374512689112,0.968416938142538,2010-09-30
CS2_36_9_30_10,28,-0.000436609814114634,7.19443816136202e-05,0.233488193915567,4.6341370047115,3395.66117921268,2001.98446000979,3.9460366077611,3.66464099262072,3.80589383437812,9.81147876584839,1.03748676973839,0.0997362998102227,0.968553763014072,2010-09-30
CS2_36_9_30_10,29,-0.000402284783286406,7.21321098406051e-05,0.232589823121719,4.51339209383743,3398.5999285783,1994.93820710358,3.94685379547231,3.66680718712185,3.81064150845064,9.77736628366948,1.03838257157169,0.0996718144299348,0.969023312147532,2010-09-30
CS2_36_9_30_10,30,-0.000443515022399942,7.23296808631972e-05,0.230257672397704,4.56524119533341,3398.06919819355,1982.79811987805,3.94573506888221,3.66627762006677,3.80972903613865,9.71775475099005,1.03824255442453,0.0986831295680926,0.969440039563569,2010-09-30
CS2_36_9_30_10,31,-0.0004448960622826,7.22511600277628e-05,0.233283150465863,4.36592365769409,3398.27249104378,1981.75154666032,3.94585655834161,3.66665507606838,3.81023777095752,9.71241475398642,1.03829225066677,0.0985310304295829,0.969376028358624,2010-09-30
CS2_36_9_30_10,33,-0.000439838486851524,7.2368575738804e-05,0.23108908643788,4.51986872380508,3397.30381388159,1992.82950753998,3.94536348417693,3.66641565613125,3.8091346000078,9.76675758442225,1.03798596031034,0.099243363040128,0.970951077367686,2010-09-30
CS2_36_9_30_10,34,-0.000441587299459941,7.22423363693588e-05,0.233420470702314,4.45436001555422,3397.3039578108,1978.98587527405,3.94580651264565,3.66663677796074,3.80941772900298,9.69872697629087,1.03800145167332,0.0986050445063673,0.969192224421393,2010-09-30
CS2_36_9_30_10,35,-0.000444082740968893,7.2282420043035e-05,0.231087488186206,4.44112925114639,3397.44504249486,1977.15804844705,3.94563661486495,3.6666226843129,3.80954864212913,9.68994948204072,1.03805307284327,0.0982779511925133,0.969304549457408,2010-09-30
CS2_36_9_30_10,36,-0.000445190038763999,7.22790375879151e-05,0.233742089848449,4.4933237216752,3397.07025325828,1972.95514617639,3.94550085301493,3.66665085502293,3.80930410168664,9.66949928650789,1.037948238787,0.0981729853935375,0.969150313694266,2010-09-30
CS2_36_9_30_10,37,-0.000445145602260125,7.22876966522882e-05,0.233265850855178,4.32189943633079,3397.32047238865,1965.68937768042,3.94534125865674,3.66711847263834,3.80996968251651,9.63406994957532,1.03801531722472,0.0979874793971826,0.969031158526157,2010-09-30
CS2_36_9_30_10,38,-0.000444700503915096,7.2340220753873e-05,0.229923858067932,4.39680622144175,3397.1176361884,1968.89323070052,3.94528170426687,3.6670916971953,3.81001996925254,9.64946173617288,1.03801977446663,0.0980816176520562,0.969052622119327,2010-09-30
CS2_36_9_30_10,39,-0.000447817558756816,7.23740867591216e-05,0.23287693918863,4.50540455023508,3396.77390254632,1966.87732064375,3.94521660197015,3.66703255280204,3.80965759358093,9.63951805765498,1.03791474420136,0.0978168861487138,0.969024381992743,2010-09-30
CS2_36_9_30_10,40,-0.000445671355450895,7.23945023107554e-05,0.230920085923876,4.50860481180819,3396.46167635173,1964.42429929011,3.94515068975149,3.66693396568298,3.80930523434143,9.62779714177785,1.03782209557685,0.0979946882983738,0.968826847619353,2010-09-30
CS2_36_9_30_10,41,-0.000423585754433637,7.28694554478008e-05,0.231703653496163,4.3684205903554,3367.66745586251,2050.18243035884,3.94477035494273,3.65384492748662,3.76313120554897,10.0466156410063,1.02901624829814,0.101324046631749,0.96658470644549,2010-09-30
CS2_36_9_30_10,42,-0.000402503683052692,7.13965380215084e-05,0.228239215993732,4.41750713701589,3365.12002785032,2168.99188261997,3.95343499302864,3.6522649777563,3.75930106777132,10.6281693919446,1.02822294994237,0.107159213753344,0.960600596888484,2010-09-30
CS2_36_9_30_10,43,-0.000406571132649638,7.14958387753831e-05,0.233032350689735,4.44515636425925,3362.01088224957,2156.32030909311,3.95261540293694,3.65058132640102,3.75485200302003,10.5664282867073,1.02724403421761,0.106481001340049,0.960426601378967,2010-09-30
CS2_36_9_30_10,44,-0.000374106115769807,7.14241132710559e-05,0.233048469919861,4.35371578260141,3353.44639917719,2177.74134820222,3.95308699320309,3.64413083645335,3.74093959024263,10.6712212415491,1.02456152512613,0.108042225165073,0.959313065147117,2010-09-30
CS2_36_9_30_10,45,-0.000362642489875528,7.10876495100866e-05,0.229944660979307,4.39133110744038,3345.97709098482,2203.39684816718,3.95459163188934,3.64666484942478,3.72892853328677,10.7965159356935,1.0222740623725,0.108856768747928,0.956859341559917,2010-09-30
CS2_36_9_30_10,46,-0.00041360747240128,6.98461771619972e-05,0.232597811845444,4.50707368522006,3371.39060470986,2111.12053160462,3.95632481934437,3.65871829944744,3.7710729694021,10.345663589751,1.03007774076671,0.105198008020074,0.957162311288551,2010-09-30
CS2_36_9_30_10,47,-0.000389742574642018,7.18299227352241e-05,0.236223331549055,4.43041210892839,3377.69004864606,2059.54480592371,3.94934661471428,3.65495644859646,3.78120147892337,10.0933225115405,1.03201853757716,0.102753425923517,0.962876017868284,2010-09-30
CS2_36_9_30_10,48,-0.000437200102869412,7.20970969350419e-05,0.231755431759527,4.41886134965111,3360.55804823234,2005.18599071784,3.9487378538245,3.6502005489249,3.75306063119107,9.82675496724777,1.02675465480713,0.10073236026966,0.963462974621219,2010-09-30
CS2_36_9_30_10,49,-0.000391354425893437,7.14844698967519e-05,0.234223821077705,4.69034106990123,3345.13335358142,2216.66206753033,3.95459081187393,3.64669638186429,3.72848168368559,10.8614422634752,1.02208442176428,0.109773353142989,0.95718368662329,2010-09-30
CS2_36_9_30_10,50,-0.000387367665116699,7.09300980346102e-05,0.23231781831254,4.58038473671258,3346.18149922439,2235.05281369737,3.95658439337605,3.64089423313475,3.73188883315632,10.9514553272246,1.02238121278808,0.109979801739668,0.95565051821376,2010-09-30
CS2_36_10_04_10,1,-0.000371653393562991,6.42513243229741e-05,0.219603843373004,4.79602026192183,3394.85115876206,2347.25409023023,3.96942371644344,3.64331978507664,3.7830306404371,11.5011183797281,1.03725026493076,0.113873019419886,0.957296044342793,2010-10-04
CS2_36_10_04_10,2,-0.000386691706764998,7.00744865182463e-05,0.219315702910009,4.98190347216172,3411.2306471901,2263.86638326977,3.95501869857901,3.64892061825456,3.81130040915577,11.0932614824974,1.0422948682293,0.111122034052054,0.974403197631741,2010-10-04
CS2_36_10_04_10,3,-0.000403070505559295,7.07578852810755e-05,0.222984662352959,4.63495003281198,3419.54582957961,2139.97948453101,3.94882524948494,3.65612978359749,3.8255622194062,10.4868190477404,1.04481937398647,0.105473669893439,0.977441956636017,2010-10-04
CS2_36_10_04_10,4,-0.000407232774938084,7.14756711960763e-05,0.225224362278084,4.56076923584054,3405.51271484628,2135.90217557056,3.94835040627456,3.65557194170744,3.80498904945238,10.4669689241845,1.04054555633893,0.104981070016596,0.978458899016361,2010-10-04
CS2_36_10_04_10,5,-0.00037335046223766,7.07112993607303e-05,0.223471967550707,4.52822398264414,3380.36589578717,2312.67559114674,3.95406640702812,3.63553664787956,3.76314778119069,11.3312522699024,1.03284070217378,0.113104913577766,0.97188407257622,2010-10-04
CS2_36_10_04_10,6,-0.000378524598916617,7.00149314077241e-05,0.220597835312331,4.73571269739094,3379.16351866889,2311.67636032288,3.9563804602623,3.63613665622214,3.76275921462757,11.3264029420202,1.03245795304262,0.113147818033775,0.968364397068015,2010-10-04
CS2_36_10_04_10,7,-0.0003722929748614,7.02064595390915e-05,0.220070434362002,5.14091455736805,3376.72571726658,2325.90974349201,3.9571109521389,3.64221558445378,3.7585157048084,11.3961436252518,1.03170945067646,0.113986134201574,0.967396183352547,2010-10-04
CS2_36_10_04_10,8,-0.00037679562063543,7.03136359266411e-05,0.222622725141762,4.71614098974083,451.432173275607,2306.9420212492,3.95649465203285,3.9278195053339,0.540858992348109,11.3032212910249,0.137923934517477,0.113036541645614,0.96711553617772,2010-10-04
CS2_36_10_05_10,2,-0.000363502488689738,7.1060645374489e-05,0.22610982329943,4.47178540319861,3343.66658153058,2343.76513893844,3.95768792460663,3.63347913311646,3.71354934218119,11.4830235654234,1.02160541295445,0.114900541731779,0.959160728859819,2010-10-05
CS2_36_10_05_10,3,-0.000381594926494202,6.96844061089061e-05,0.228054530794585,4.45861588122615,3372.79678705163,2247.55162035797,3.96035704540847,3.6503355105718,3.76367700228424,11.0130676612678,1.03052864332238,0.111268996846815,0.959969875562664,2010-10-05
CS2_36_10_05_10,4,-0.00038889108345188,7.17860576899626e-05,0.226610444024382,4.65479914350596,3378.70413430807,2191.67899762525,3.95238783822131,3.64612541613371,3.77287107180785,10.7396887189816,1.03233896215286,0.108425661674296,0.965897160004911,2010-10-05
CS2_36_10_05_10,5,-0.000394498200098512,7.18280846677973e-05,0.227881433949886,4.51801314282931,3362.60640829602,2144.80455513296,3.95110818046835,3.64008863557849,3.74445087138236,10.5099138436026,1.02741195527028,0.107551023045407,0.966303927866016,2010-10-05
CS2_36_10_05_10,6,-0.000357728416993868,7.13069882886381e-05,0.229896418604274,4.38867680225172,3343.43298328031,2392.76473621665,3.95782829299191,3.63203571960989,3.71182397809226,11.7227481766744,1.02152555115965,0.11752708495713,0.960551356922356,2010-10-05
CS2_36_10_05_10,7,-0.000358051890702833,7.04365749956608e-05,0.225895780228451,4.57220944951739,3344.33918342955,2398.1550138803,3.96125601632946,3.63402670463629,3.71466622929515,11.7496005549711,1.02180770877324,0.117584457243304,0.958009380192752,2010-10-05
CS2_36_10_05_10,8,-0.000332220383587179,7.0633414777929e-05,0.227412104622731,4.57023493776373,3346.51096492929,2391.98336938536,3.9611458536332,3.63670568972562,3.71925307757149,11.7191203135904,1.02246216996565,0.117325399803815,0.958335308404507,2010-10-05
CS2_36_10_14_10,2,-0.00036873785872982,7.14977153227385e-05,0.233580140596785,4.44332586911048,3338.6492639675,2365.77274596302,3.95954091173743,3.63306632717099,3.7091445656464,11.5898702787133,1.02014114447355,0.115408437381672,0.958174546099281,2010-10-14
CS2_36_10_14_10,3,-0.000359797152208372,7.09554735650667e-05,0.228146634514944,4.71770633959264,3339.61813292706,2391.13157078217,3.96006581126427,3.63447247775255,3.71143867782067,11.7145212587784,1.02044706883602,0.117548126514375,0.956981507735392,2010-10-14
CS2_36_10_14_10,4,-0.000362399243177372,7.09765909216346e-05,0.230145389518688,4.47397044359479,3362.74534189788,2381.61913391761,3.96057112446896,3.64665846239056,3.75160228747324,11.6686417628463,1.02751398505896,0.117788729563917,0.958480857399184,2010-10-14
CS2_36_10_14_10,5,-0.000381941519592429,7.19806305197861e-05,0.233399791048592,4.46014410384019,3372.90476863529,2211.8094234951,3.95286484956741,3.65441040616286,3.76822208521289,10.8376990380141,1.0306177679112,0.109477628775792,0.963993403311342,2010-10-14
CS2_36_10_14_10,6,-0.000394698591714527,7.23733224502751e-05,0.232237398425088,4.56819475798149,3371.59087124871,2182.48486338837,3.95138216255909,3.65490767830296,3.76763910219006,10.6944179374817,1.03022758477015,0.107841105838504,0.96602197003473,2010-10-14
CS2_36_10_14_10,7,-0.000360834134582073,7.23972812127177e-05,0.240416302194431,4.18833454101093,3339.47698232633,2350.25951430642,3.955684534227,3.63436354578069,3.7111206671134,11.5147674941003,1.02038191882921,0.115611290434244,0.962492987952085,2010-10-14
CS2_36_10_14_10,8,-0.000359625868713069,7.07225392235393e-05,0.231845906145559,4.39509528359812,3342.58887779234,2397.49241272247,3.96102112531662,3.63712710194883,3.71664508876936,11.7460192704414,1.02134707798173,0.117720915104318,0.956936166255315,2010-10-14
CS2_36_10_14_10,9,-0.000355895894301065,7.16590631007598e-05,0.238715813272046,4.67344215477244,3336.13347842585,2403.59997280645,3.95894357744528,3.63273951015641,3.7066462978672,11.775657270776,1.01936109511303,0.118355807820418,0.957652487472415,2010-10-14
CS2_36_10_14_10,10,-0.000368346761034736,7.07457508583771e-05,0.235733571695587,4.41804924015089,3331.86795648267,2370.25874898284,3.96029306552848,3.63038876204364,3.70064098141983,11.6121324258052,1.01804485536168,0.115872289958716,0.956082517102659,2010-10-14
CS2_36_10_14_10,11,-0.000328762496482659,7.09337850695156e-05,0.226961615063537,4.55142951921845,3339.9942900664,2450.4285024912,3.96203639079363,3.63839564914197,3.71571043428343,12.0045787231153,1.02053300086868,0.12005144911503,0.954375855484203,2010-10-14
CS2_36_10_14_10,12,-0.000375839198415767,7.14453958207255e-05,0.239129119981679,4.34817483953919,3356.27851384258,2277.66909777792,3.95688542813966,3.64432548640067,3.74375250341448,11.1600372273713,1.02551179997205,0.112469368374543,0.959250843381954,2010-10-14
CS2_36_10_14_10,13,-0.000382623897473235,7.19732255278005e-05,0.241154840781689,4.40390905920444,3359.54516591466,2240.51445197337,3.95466440167259,3.64740438001198,3.7496896286454,10.9785219338362,1.02653355153022,0.110909759736044,0.961458363147845,2010-10-14
CS2_36_10_14_10,14,-0.000356944617969692,7.35556948879919e-05,0.259771242974782,4.03405305811313,3323.72678184049,2394.50804041346,3.95530169385339,3.62563566612986,3.68913791498051,11.7312305817767,1.01556244886366,0.117765978731555,0.959740876912088,2010-10-14
CS2_36_10_14_10,15,-0.000320325813665916,7.05861364680756e-05,0.236780455574049,4.31512935958085,3324.49225175707,2454.9282397159,3.96441033558968,3.62770402115003,3.69188945840488,12.026502700589,1.01579746996289,0.120064877798234,0.95276138274522,2010-10-14
CS2_36_10_14_10,16,-0.000355766939622609,7.087877129571e-05,0.235744166062939,4.32320191848975,3323.33600803697,2424.66325915203,3.96223242344,3.62759940181158,3.69074513793168,11.8790148015596,1.01542181927434,0.119081533831087,0.95298194030793,2010-10-14
CS2_36_10_14_10,17,-0.00035612330070947,7.08129553447306e-05,0.236787371413808,4.29542948644171,3323.53974773898,2410.30469608487,3.96214354221637,3.6292377509902,3.69241055113752,11.8087762285426,1.01543497023785,0.118733857143224,0.952696190081081,2010-10-14
CS2_36_10_14_10,18,-0.000354984012225663,7.11315589429523e-05,0.242337047195665,4.20281800600231,3322.41478671494,2449.959876496,3.96259540626683,3.62718801582809,3.68943756919718,12.002921128181,1.01510106149514,0.120437280855905,0.952376949039514,2010-10-14
CS2_36_10_14_10,19,-0.000374798471383663,7.09004247600586e-05,0.240653441403399,4.22364078366726,3341.98174226878,2297.18441324378,3.96004081377523,3.64584065538592,3.72488344534832,11.2557802565518,1.02110642690371,0.113699813085928,0.954042865640145,2010-10-14
CS2_36_10_14_10,20,-0.000381719984985724,7.16961352526013e-05,0.235879343372441,4.72958238403857,3345.96679092123,2254.45137805145,3.95635697817562,3.64110449531622,3.73192879606356,11.0463240946548,1.02231632371486,0.111582473371165,0.957662868336984,2010-10-14
CS2_36_10_14_10,21,-0.000384543281324122,7.19610555959267e-05,0.237455339345186,4.47999546050823,3347.81111967596,2231.78028636525,3.95606762080935,3.64295440389399,3.7353763719852,10.9355839922937,1.02287687475426,0.110612886238739,0.958459717272444,2010-10-14
CS2_36_10_14_10,22,-0.000386643760002313,7.20286162677951e-05,0.238012094943532,4.262885077763,3349.01468974288,2219.62465299669,3.95510962380836,3.64433402136752,3.73777109673224,10.8762395372488,1.02324846216152,0.110107504146578,0.958837546409623,2010-10-14
CS2_36_10_14_10,23,-0.000387613376520783,7.20361252358904e-05,0.236576389112008,4.43345214414955,3350.35890480049,2207.71894220711,3.95437788843509,3.64568804858024,3.7402685842405,10.8180938328223,1.02367192796807,0.109629079792623,0.959069722119842,2010-10-14
CS2_36_10_14_10,24,-0.000393921644718403,7.2065091385403e-05,0.238624787120985,4.30325445464537,3351.60962005769,2190.37568089354,3.95342153400632,3.64728077880123,3.74288194806791,10.7332343506251,1.02404412519298,0.108656193310932,0.959486763755236,2010-10-14
CS2_36_10_14_10,25,-0.000396779647716389,7.20703368733742e-05,0.231834655307626,4.49590657805634,3353.86048829387,2175.50144217396,3.95257992480867,3.64938926487638,3.74689609931563,10.6604986224711,1.0247441389552,0.107906858165306,0.959845992438679,2010-10-14
CS2_36_10_14_10,26,-0.000401952825326131,7.2345669675147e-05,0.238669157956593,4.24959112821748,3353.6262370327,2165.58000376169,3.95299685716629,3.64977286573042,3.74715340083899,10.6120353441578,1.02468144623782,0.107175670244996,0.960357043586991,2010-10-14
CS2_36_10_14_10,27,-0.000400381763175123,7.22878598971954e-05,0.238963962518633,4.25238997074487,3354.82990804122,2152.90910223132,3.95257086157799,3.65106298421559,3.74942952333507,10.5497837094749,1.02504668670462,0.10686047291653,0.960266808172288,2010-10-14
CS2_36_10_14_10,28,-0.000400393800042779,7.24157639910745e-05,0.242504861014983,4.2106051269976,3352.97052841506,2155.73652920435,3.95234572529793,3.65001299715879,3.74689650877687,10.5640320420546,1.02449130017246,0.106889671356323,0.960274879772657,2010-10-14
CS2_36_10_14_10,29,-0.000397880047859658,7.23758884921879e-05,0.241197470616514,4.27864035480508,3351.81389015663,2155.97110522492,3.95257977247238,3.64949866972472,3.74540295471696,10.5646429015808,1.02412809847306,0.107021189005738,0.959854634520907,2010-10-14
CS2_36_10_14_10,30,-0.000405087807700833,7.20730594842483e-05,0.232423005782342,4.50737765790467,3355.47142230213,2129.33120317216,3.95201125383377,3.65314871595617,3.75219328659874,10.4346681942642,1.02526395063625,0.105838948742525,0.95998587911336,2010-10-14
CS2_36_10_14_10,31,-0.000403673174038571,7.24769342293362e-05,0.237666396752593,4.30225881131949,3353.67450174823,2139.78321043024,3.95153829574585,3.65174780184762,3.74933906905843,10.4857513845899,1.02472916321704,0.106291110268174,0.960374861471411,2010-10-14
CS2_36_10_14_10,32,-0.000402095046013214,7.24431593751916e-05,0.241448791246129,4.19683420684399,3354.83143199433,2134.95823222498,3.95137631654739,3.65294270975548,3.75141208109842,10.4622852771815,1.02505963266617,0.10611699371057,0.96012819165982,2010-10-14
CS2_36_10_14_10,33,-0.000405939672201973,7.24902776012835e-05,0.238666507727919,4.3905655399101,3355.2071069419,2122.95708757976,3.95061829209328,3.65351955932483,3.75234151318643,10.4035665502173,1.02517895988038,0.105453625232307,0.960444680768237,2010-10-14
CS2_36_10_14_10,34,-0.000408136778093595,7.24544251133921e-05,0.241418629771053,4.17746781258998,3356.84847132704,2108.12954600394,3.94988860845566,3.65530693321897,3.7555141233019,10.3313268914913,1.02567622918372,0.104784942317646,0.960561437471975,2010-10-14
CS2_36_10_14_10,35,-0.000411160980227817,7.26606153033252e-05,0.238344970932618,4.27084241175043,3344.70541110454,2111.55131197762,3.94957438230514,3.65654947061454,3.73831627611065,10.3478472374868,1.0219733707865,0.104747718913082,0.960670293285486,2010-10-14
CS2_36_10_14_10,36,-0.000377569342338504,7.23029592636488e-05,0.240786866831447,4.21977508597864,3308.41671750444,2318.38572766777,3.95742705751797,3.6349500396422,3.67735506876861,11.3589492233607,1.01085426999239,0.113518347193843,0.954786105115636,2010-10-14
CS2_36_10_14_10,37,-0.000369529947007875,7.10223678580664e-05,0.24201513431664,4.20367862242519,3313.13623831736,2363.41378542758,3.96229058412405,3.64013749786786,3.68654932332646,11.5798559778427,1.01227426407239,0.116377100678963,0.948512636330751,2010-10-14
CS2_36_10_14_10,38,-0.000376492929893129,7.14335454450618e-05,0.243052352062052,4.16293258120864,3306.54192255845,2322.29225493083,3.95974634732955,3.63617349948202,3.67696919853401,11.3783785287637,1.01026777376347,0.114259779459737,0.949900877324423,2010-10-14
CS2_36_10_14_10,39,-0.000369117256094406,7.0911369659225e-05,0.239117839795835,4.21385097754101,3300.44610827375,2360.27537968475,3.96113767206054,3.6322326702731,3.66792152116,11.5644268777783,1.00840901947453,0.116056240424112,0.947551322873152,2010-10-14
CS2_36_10_14_10,40,-0.000332615916844408,7.10405625269856e-05,0.241925362098155,4.29871803597404,3313.84129337157,2392.10308942554,3.96340110498605,3.64329884946346,3.69052444399995,11.7200872608399,1.01252538377341,0.117851059646826,0.946163764240559,2010-10-14
CS2_36_10_14_10,41,-0.000396482592316563,7.16755303260402e-05,0.241727711161945,4.16917571859269,3330.01619750459,2207.14072591416,3.95661801977206,3.64867015011543,3.71771382565533,10.8153572712499,1.01745065214744,0.109298657980193,0.951853598059374,2010-10-14
CS2_36_10_14_10,42,-0.000362386331099209,7.22134774276189e-05,0.245120267427988,4.4027833733748,3332.68670611375,2180.29825029569,3.95443865626749,3.65090194001662,3.72233724480941,10.683878256622,1.01830102170725,0.10777376382816,0.954299066196121,2010-10-14
CS2_36_10_14_10,43,-0.000372077996812364,7.38485102425583e-05,0.267299444851272,3.77492930144996,3294.510606497,2335.08849344438,3.95514878813101,3.62971196004323,3.66048388183476,11.4412511494541,1.00658460145662,0.114853404583257,0.952201655712915,2010-10-14
CS2_36_10_14_10,44,-0.000365227996760197,7.08926479772677e-05,0.239657069568691,4.27019014471615,3292.57102687278,2399.85245941987,3.96328612559818,3.62914650355067,3.65837898233306,11.7576088332973,1.00599959478518,0.117713875324221,0.944365528587553,2010-10-14
CS2_36_10_14_10,45,-0.000361102413138529,7.10510455740632e-05,0.245733187651593,4.32195761434299,3293.3076444905,2355.05704158056,3.96360899984222,3.63104822167328,3.66090773513857,11.5383353567687,1.00622370228266,0.116967493638998,0.944412293606767,2010-10-14
CS2_36_10_14_10,46,-0.000366421809134817,7.11168621038729e-05,0.241133295320406,4.17639927071259,3292.26106570428,2367.83820732322,3.96344535866963,3.63071127661637,3.65973243586234,11.6010758131623,1.00590733872432,0.116405138624372,0.944205954670717,2010-10-14
CS2_36_10_14_10,47,-0.000361878334331653,7.14191950689917e-05,0.254664944029905,4.21597555619328,3283.35391803656,2398.47756941104,3.96277922669841,3.63196911468162,3.6451442418987,11.7506990930056,1.00318272279487,0.117811498363529,0.943179162522751,2010-10-14
CS2_36_10_14_10,48,-0.000359661442635284,7.05231914070925e-05,0.240410858929512,4.25977657596654,3310.60837511951,2263.38895533409,3.96140150433963,3.64669158841882,3.69115937256585,11.0904761742327,1.01152759381132,0.112547306015193,0.943596171588926,2010-10-14
CS2_36_10_14_10,49,-0.000395050505804774,7.19540638764297e-05,0.244676776185504,4.27516841895684,3314.98426432197,2221.952724437,3.95710155671957,3.65010169148445,3.69859522616715,10.8873439296295,1.01292703984753,0.10978789625103,0.948950444909331,2010-10-14
CS2_36_10_21_10,1,-0.000312283819037802,6.49786889889092e-05,0.23708728720846,4.47609728676655,3320.97857525409,2548.78759297403,3.9753566843768,3.62595674210945,3.68715256378633,12.4872652539265,1.01468488455127,0.122509816714055,0.945693986402931,2010-10-21
CS2_36_10_21_10,2,-0.000352258142460392,7.06929718577777e-05,0.244666078675754,4.18459384349485,3317.7123305924,2475.53866607005,3.96261451060955,3.63296009174415,3.68310616742433,12.1284325426161,1.01367109375375,0.119801772830252,0.953918794067007,2010-10-21
CS2_36_10_21_10,3,-0.000319698858534012,7.05557345706232e-05,0.242527468972832,4.34703385865308,3334.54343638685,2516.25711155495,3.96348708929475,3.63951943405962,3.71211531325294,12.3285685069429,1.01883080496477,0.121413557441717,0.952498920443797,2010-10-21
CS2_36_10_21_10,4,-0.000372104031684025,7.12630939099243e-05,0.242449827222459,4.21883751552388,3342.27876123146,2329.19998925513,3.95797545534705,3.64598972185523,3.7252857433903,11.4125414276158,1.02120324012864,0.114097496849947,0.956884289720673,2010-10-21
CS2_36_10_21_10,5,-0.000379165374588577,7.15794712803406e-05,0.242870673083547,4.69397722261823,3343.63930003279,2299.90421398407,3.95723065101739,3.64786746438626,3.72835647241229,11.2693500168993,1.02161727513899,0.112620754751302,0.957835345426238,2010-10-21
CS2_36_10_21_10,6,-0.000357517781065252,7.2227630573503e-05,0.252978505871303,4.1093989239949,3302.41574564108,2455.77327001643,3.95952956493084,3.62562504410744,3.66269984916504,12.0311716790458,1.00896834806646,0.119480776662993,0.955579842612835,2010-10-21
CS2_36_10_21_10,7,-0.000331744783127282,7.02493268321166e-05,0.242652907350265,4.33587842796507,3301.88458943636,2499.14727002529,3.96626877043531,3.62741541223867,3.66428899172189,12.2439362330702,1.00886332317494,0.1226498867914,0.947191259434404,2010-10-21
CS2_36_10_21_10,8,-0.000353887896550165,7.05577866266008e-05,0.248053909687565,4.12498908314868,3298.22811841551,2479.52258478635,3.96480512371953,3.6256684341601,3.65957556108682,12.1480479216258,1.00776438110645,0.120525877795727,0.946903833496687,2010-10-21
CS2_36_10_21_10,9,-0.000342841233601021,7.06841215035607e-05,0.246593708090182,4.1080098531214,3295.91624267981,2480.60099052521,3.96570648554076,3.62566553269114,3.65766993451634,12.1529884842787,1.00705472554478,0.122200758207608,0.946015246434944,2010-10-21
CS2_36_10_21_10,10,-0.00034009961023209,7.08377025335804e-05,0.245875816789945,4.12128043726456,3299.16639660347,2521.8502545683,3.96682443593939,3.62801847713334,3.66248799652423,12.3550643773996,1.00798734588975,0.124321798975734,0.944922780271654,2010-10-21
CS2_36_10_21_10,11,-0.000341332148151047,7.09947290227896e-05,0.241437351150005,4.16985486722856,3316.54398969737,2347.65207506555,3.96238524974921,3.64361700628485,3.6930432802942,11.5032634331086,1.01333071507214,0.115676136900002,0.948005519880675,2010-10-21
CS2_36_10_21_10,12,-0.000349169866052172,7.15210963174697e-05,0.247964990326112,4.34666057383575,3319.66962510257,2308.57491709912,3.95952948745416,3.63847161816285,3.69891184085042,11.3116572274153,1.01428412089718,0.113891091742969,0.950996366653287,2010-10-21
CS2_36_10_21_10,13,-0.000382520889552111,7.16548497194797e-05,0.245315378351387,4.27835811842572,3320.67015006865,2286.70099486949,3.9581097267112,3.64011141262223,3.70142103314356,11.204489723722,1.01459823487819,0.112607206254359,0.95154040554683,2010-10-21
CS2_36_10_21_10,14,-0.000363760598223642,7.17130005754045e-05,0.241431269803948,4.1954712653767,3321.24865842945,2269.10775496738,3.95722715708674,3.64131545598528,3.70304571734215,11.11843919034,1.01475764402958,0.112523254068076,0.951725119856387,2010-10-21
CS2_36_10_21_10,15,-0.000352035698514887,7.18747141949112e-05,0.244273151087091,4.15358630561322,3323.43669114023,2256.48331604112,3.95762685470775,3.64374074471735,3.70734082166686,11.0569213806337,1.0154436847936,0.111231187253912,0.952059734983585,2010-10-21
CS2_36_10_21_10,16,-0.000351854201663066,7.19958494460496e-05,0.244209521545644,4.28503211893926,3323.31211148942,2235.78046288597,3.9564914025631,3.6442725215338,3.70782242131225,10.955389637629,1.0154177560251,0.110246749774091,0.952384818247991,2010-10-21
CS2_36_10_21_10,17,-0.000355816882112797,7.20097601208363e-05,0.249761176175047,4.07838692482171,3322.85944956655,2226.26552640661,3.95599479965752,3.64446603302407,3.70761948468578,10.9090907439779,1.01526882576542,0.109806613750733,0.952400710746069,2010-10-21
CS2_36_10_21_10,18,-0.000362699844695242,7.20749343506213e-05,0.245414269399731,4.21204978525221,3321.73467225043,2228.15631225673,3.95608277490296,3.644347064263,3.70666036062327,10.9183338950906,1.01493965451665,0.110360565599458,0.952094012141363,2010-10-21
CS2_36_10_21_10,19,-0.000356432046671679,7.20593861641518e-05,0.244252978513869,4.20120479727913,3321.00055987152,2222.39099420019,3.95593806329717,3.64428971931998,3.70603083647928,10.8899913880324,1.01472108495008,0.10960410100094,0.951798915939916,2010-10-21
CS2_36_10_21_10,20,-0.000393797557903823,7.20737668911804e-05,0.250715213859736,4.0899649281076,3319.92268476009,2219.65646117245,3.95589036989938,3.64405895334429,3.70478284532294,10.8767087367269,1.01434872206208,0.109570581582227,0.951438514375311,2010-10-21
CS2_36_10_21_10,22,-0.000353731679263272,7.2247991046702e-05,0.245989309344211,4.17787575324701,3318.20378292285,2232.45343758521,3.95506653204787,3.64385827663725,3.70331952895242,10.9396912053483,1.01386070014248,0.109976287128173,0.953853823532671,2010-10-21
CS2_36_10_21_10,23,-0.000365728362096967,7.2119504918254e-05,0.245645583653607,4.21320928005699,3318.26703547261,2206.81369008526,3.95573990841202,3.64436712729192,3.70391876395167,10.8138784561948,1.01388443337017,0.109256412726851,0.950978129593416,2010-10-21
CS2_36_10_21_10,24,-0.000374494958079191,7.21864146373452e-05,0.242198958373824,4.20570857543721,3318.04869528167,2196.81387516961,3.9554389878578,3.64494049443608,3.70430558725659,10.7649872981367,1.0138148260931,0.109288791062389,0.950839617073641,2010-10-21
CS2_36_10_21_10,26,-0.00036138497517886,7.23628826405639e-05,0.247577592392863,4.41172925041402,3317.04930917407,2209.20464078512,3.95427640803574,3.64506661364462,3.70364370810947,10.8260067972209,1.01352226235076,0.109253003894175,0.953340924081394,2010-10-21
CS2_36_10_21_10,27,-0.00036290056753175,7.22472253687439e-05,0.247837387852617,4.18741250496545,3316.2366208547,2189.79874265095,3.95496130110649,3.64503652859578,3.70280414241023,10.7309621191836,1.01323912840798,0.108135243206422,0.950578518984303,2010-10-21
CS2_36_10_21_10,28,-0.000343532026424007,7.34216096735428e-05,0.250320662583754,4.06450142435434,3276.30790389126,2328.58883490047,3.95469197493333,3.63372892302436,3.64091947376983,11.409061700119,1.00101283761847,0.114300332658468,0.947696149414245,2010-10-21
CS2_36_10_21_10,29,-0.000359794704101055,7.12280390077303e-05,0.246139066137268,4.17409259400637,3266.65111182409,2426.0863727039,3.96579271554947,3.62715663566246,3.62629082490441,11.8862504039015,0.99804656986676,0.120266878145785,0.939277713816315,2010-10-21
CS2_36_10_21_10,30,-0.00033427626236273,7.10274541312039e-05,0.250743099362169,4.03618885753819,3263.4013278826,2419.11791316356,3.96542445776974,3.62564489218566,3.62231878937257,11.85214684887,0.997101168608962,0.119608192357837,0.937139012392399,2010-10-21
CS2_36_10_21_10,31,-0.000353754424005446,7.11684675626245e-05,0.255378021039689,3.99949980446091,3257.33863143768,2432.08618568396,3.96630725935492,3.63055962432514,3.61387085661834,11.9157019291262,0.995252581656551,0.120459322846062,0.936118992418702,2010-10-21
CS2_36_10_21_10,32,-0.000349279636090949,7.12590925932668e-05,0.255949665055416,4.17804527189567,3248.93221482582,2472.39778001059,3.96715456937489,3.62516150908037,3.60131340056457,12.1124345349841,0.992668356601062,0.122316712828904,0.93403160459656,2010-10-21
CS2_36_10_21_10,33,-0.000349829479085178,6.97083290752392e-05,0.239746515950678,4.26535028969709,3282.52957188222,2332.34025759506,3.96689916905308,3.64343997594472,3.65610949355406,11.4281189726915,1.00295881136087,0.115812015913023,0.934430587064089,2010-10-21
CS2_36_10_21_10,34,-0.000357313403210873,7.20237456936309e-05,0.251973624027131,4.03676591220686,3287.70282912109,2269.73282022734,3.9600481040699,3.63898778174605,3.66457321761384,11.1218558576572,1.00454865754322,0.112667223868665,0.941614844274546,2010-10-21
CS2_36_10_21_10,35,-0.000367551713852453,7.21114796450439e-05,0.251044428286507,4.19082722503723,3264.07417565619,2211.76437027368,3.95826891279712,3.6303099812688,3.6274661772721,10.8373539537623,0.997288691799665,0.110427007627645,0.941539364540714,2010-10-21
CS2_36_10_21_10,36,-0.0003288098331166,7.1775951115744e-05,0.256486868025216,3.98026637426067,3246.19797269307,2459.19511463115,3.96555359740006,3.62581086158752,3.59966488504796,12.0484951310108,0.991829944019827,0.121210605308437,0.934581660089799,2010-10-21
CS2_36_10_21_10,37,-0.000332011856699577,7.11554355350046e-05,0.257876233045409,3.96546989454418,3246.88561820728,2465.74198298145,3.96732439692058,3.62815504507585,3.60255668296561,12.0809241713483,0.992032184580062,0.121540374074613,0.9317703035025,2010-10-21
CS2_36_10_21_10,38,-0.000326364061653088,7.14211711566191e-05,0.2569938944043,3.9228151604141,3240.9321308349,2474.83527413075,3.96740751291709,3.62433985580097,3.59380202441959,12.1249566333742,0.990209317110052,0.121951762422833,0.931415301167936,2010-10-21
CS2_36_10_21_10,39,-0.000346711068666415,7.1343759577488e-05,0.259527377833567,4.13914828581599,3242.13590704056,2465.85144262353,3.96784972135352,3.62643373879519,3.59689556342777,12.0810027224994,0.990579806087182,0.122256517241081,0.93030101148325,2010-10-21
CS2_36_10_21_10,40,-0.000331987218341528,7.17502004059233e-05,0.2626986999523,3.89150986843313,3260.5444067411,2485.33640729584,3.96846762914506,3.63231056660145,3.62672638704159,12.177375997387,0.996223757348512,0.124455894032466,0.931409266834661,2010-10-21
CS2_36_10_21_10,41,-0.000354161034131454,7.18893346622596e-05,0.258480819296098,3.9683896102093,3266.24797676748,2292.80973428779,3.96217871457338,3.63660063829508,3.63559819674059,11.2345707856697,0.99796385272153,0.113978831194674,0.935801373295852,2010-10-21
CS2_36_10_21_10,42,-0.000361653263521154,7.22164953729184e-05,0.257651195522207,3.95544308065279,3268.48382392654,2283.85756863153,3.96139364786099,3.64091845675632,3.64172438998926,11.1906859575786,0.998631249271698,0.11344814556717,0.937204157059622,2010-10-21
CS2_36_10_21_10,43,-0.000336081819216327,7.25737193931778e-05,0.269513453552927,3.87335896094841,3232.04171000066,2436.41434230696,3.96353746087928,3.62145087285475,3.58375607501642,11.9366884785784,0.987504329367829,0.120294913512997,0.935023237940586,2010-10-21
CS2_36_10_21_10,44,-0.000328949347922909,7.11617236629271e-05,0.262003165627869,3.95696953628625,3230.27614590677,2496.72546224011,3.97025388225596,3.62865913242375,3.58097884167732,12.2323488276722,0.986932060316273,0.123434456282049,0.927305868190504,2010-10-21
CS2_36_10_21_10,45,-0.000353564403069257,7.14914710943049e-05,0.25978838589058,3.92760780783452,3223.86991512845,2475.08507059049,3.96862381316246,3.62540333205407,3.57245086536348,12.12579427616,0.985002094914655,0.122891786873861,0.927071874340371,2010-10-21
CS2_36_10_21_10,46,-0.000334271800737815,7.12354758620177e-05,0.260595491062826,3.91242251296765,3225.6199186357,2501.44397429901,3.96967293999412,3.62779428105835,3.57629810263479,12.2550906242099,0.985535250127468,0.123773574466446,0.925603094526931,2010-10-21
CS2_36_10_21_10,47,-0.000326284422808033,7.16993695372423e-05,0.262401435328496,3.84070873554821,3230.99534908228,2509.83448378043,3.96921905986765,3.62206782427701,3.58345103988398,12.2958240173785,0.98716392744458,0.123951528183565,0.925579929136399,2010-10-21
CS2_36_10_21_10,48,-0.00034793993934171,7.16846445459816e-05,0.263724051822642,3.82348584228298,3252.34212000866,2343.71505553648,3.96546323550375,3.64055036848242,3.61955627698485,11.483720733808,0.993710170145489,0.116272444032369,0.929187389512213,2010-10-21
CS2_36_10_21_10,49,-0.000345300644021083,7.23067958969804e-05,0.260766268966067,4.02119727527134,3255.3432658175,2307.12254159746,3.96188905351449,3.64276203025471,3.62461953547598,11.3047364940042,0.994708277250832,0.114129715307459,0.933105350346107,2010-10-21
CS2_36_10_21_10,50,-0.000345649620857357,7.31676463184961e-05,0.261563333988908,4.10323972241716,3223.82320280699,2411.61792958179,3.96072511045556,3.62881962093738,3.57603635701773,11.814790039594,0.985053663176325,0.118745919613805,0.931355813407542,2010-10-21
CS2_36_10_28_10,1,-0.000331133211716787,6.60317392745683e-05,0.243219831217666,4.35123072811714,3236.30735815841,2575.13066914541,3.9784965209145,3.62151418165727,3.58714736045169,12.6157572069195,0.988779296538668,0.126083568983395,0.925441430571525,2010-10-28
CS2_36_10_28_10,2,-0.000322847192094383,7.13410911416544e-05,0.26014297894466,4.08007072459811,3230.99509474343,2531.94378929254,3.96894861916278,3.61969714381478,3.58106562362397,12.4046055764526,0.987157240028512,0.124004330377346,0.929374883973387,2010-10-28
CS2_36_10_28_10,3,-0.000330127900802181,7.15499725034411e-05,0.263724966316094,3.86495737219792,3217.76055605085,2548.36501377163,3.96881801941815,3.62042230641076,3.56223494071704,12.4849463035043,0.983094808812055,0.125536013838014,0.926883154036037,2010-10-28
CS2_36_10_28_10,4,-0.000340770172435907,7.01678937871668e-05,0.251355020357283,4.08093075054669,3247.93517829398,2416.83804988279,3.96971539867685,3.63621833974665,3.6114926422225,11.8416208365248,0.992357670060429,0.119927530567958,0.925580782501818,2010-10-28
CS2_36_10_28_10,5,-0.000357416037845458,7.21823413207408e-05,0.263038906191275,3.97396291440092,3252.70142015022,2350.19929668058,3.96415327481574,3.64030888080597,3.61961588972067,11.5155465533711,0.993819780092002,0.116854264790552,0.932293266920288,2010-10-28
CS2_36_10_28_10,6,-0.000347096074145684,7.22304420568335e-05,0.261795254332882,3.86024562396121,3223.74548829855,2319.26074062433,3.96225963213057,3.62814348334566,3.57495052209391,11.3628645175962,0.984937497733489,0.113286607861743,0.931671324836328,2010-10-28
CS2_36_10_28_10,7,-0.000325949998698493,7.20481577155204e-05,0.269060714943138,3.75153498988886,3209.54171049384,2553.11477628628,3.97038144861313,3.6190106212546,3.55411212635375,12.5080383249282,0.980600489174684,0.125800506745295,0.924212519186985,2010-10-28
CS2_36_10_28_10,8,-0.000349874548530789,7.13364645313533e-05,0.265114873975348,3.81426172740551,3210.16703890965,2518.31853275589,3.97052868335478,3.62075664581509,3.55647342902956,12.3378214939041,0.980827582246453,0.124372637055378,0.922051351299357,2010-10-28
CS2_36_10_28_10,9,-0.000321244218907804,7.15285450635091e-05,0.267055992945129,3.86641933857404,3207.18222691475,2526.00631520018,3.97061055450029,3.61961690438997,3.55280631770755,12.3752259515714,0.979884088960627,0.124318552958586,0.921632263352682,2010-10-28
CS2_36_10_28_10,10,-0.000327172514260403,7.17148524167451e-05,0.267519076142342,3.76353346092892,3199.77542500038,2521.7400500347,3.97116263194751,3.62292910725982,3.54162074220161,12.3541274622202,0.977604222109908,0.124821064960727,0.920581790642026,2010-10-28
CS2_36_10_28_10,11,-0.000348944126544004,7.16842549736894e-05,0.266049182830932,3.88602411831025,3224.12139113908,2509.07011354953,3.97312287233209,3.63398935379238,3.58121305459036,12.2932149712211,0.985090299744661,0.125605143572526,0.920404886570743,2010-10-28
CS2_36_10_28_10,12,-0.000349055063152768,7.22017577421118e-05,0.265143364945076,3.91060418333603,3231.45084847699,2380.66665350838,3.96603547959101,3.63141070279208,3.59323821625184,11.6642377792518,0.987329791827399,0.118275136334315,0.926016801469362,2010-10-28
CS2_36_10_28_10,13,-0.000367942263671191,7.25361514232222e-05,0.269343289461273,3.75997310850002,3233.38565331593,2353.16757711873,3.96508729332372,3.63314086740667,3.59645280825241,11.5300761404974,0.987904841708544,0.11709648531546,0.927577074556371,2010-10-28
CS2_36_10_28_10,14,-0.000360743448715105,7.25587876646307e-05,0.267330670354297,3.78562669347629,3233.93591293725,2336.16825104257,3.96424503451899,3.63415392095392,3.59796635933798,11.4468936845477,0.988090592284279,0.116433897164022,0.92777416804538,2010-10-28
CS2_36_10_28_10,15,-0.000360294535679681,7.2542924068881e-05,0.266964131394184,3.91875809555994,3234.92067264646,2333.63717636577,3.96372074829905,3.63528184674003,3.59991977195929,11.4344938813349,0.988401130582402,0.116046936070275,0.927966981480513,2010-10-28
CS2_36_10_28_10,16,-0.000360604270377052,7.25303060885686e-05,0.267137609355769,3.82547929566385,3239.89002720706,2314.48164547372,3.96300552518744,3.63941361037168,3.60804454773703,11.3409693516943,0.989911721120993,0.115351201154031,0.928398670818694,2010-10-28
CS2_36_10_28_10,17,-0.000360542211145997,7.2780411206605e-05,0.265626507823617,3.88374117356182,3241.49982060754,2283.90431402036,3.96173810459556,3.64092731692574,3.6108585795974,11.1913300671074,0.990397568100568,0.113444356078304,0.929474662805672,2010-10-28
CS2_36_10_28_10,18,-0.00037002761371094,7.27981361243318e-05,0.264914888437275,3.9010961662925,3242.62542217798,2271.5922284798,3.96117162829294,3.64216272614219,3.61301905307932,11.1311060957755,0.990741474584507,0.113128207080226,0.929918589743502,2010-10-28
CS2_36_10_28_10,19,-0.000370357786452467,7.28295563765772e-05,0.265884441335593,3.84973569561765,3243.3911477417,2263.45176939599,3.9605195072933,3.64279589653015,3.6143376941656,11.0913053361025,0.990991080398183,0.112666700139863,0.93013815938386,2010-10-28
CS2_36_10_28_10,20,-0.000364750168776847,7.28660542567676e-05,0.264921969058777,3.87994777697996,3243.68840390054,2256.79600396066,3.96014298568845,3.6434555682269,3.61525105211449,11.0587188552105,0.991085957944192,0.112159381901581,0.930233715224277,2010-10-28
CS2_36_10_28_10,21,-0.000384082273534481,7.28684080776881e-05,0.261543675943685,3.85838637431875,3243.65741807932,2249.24967592425,3.9597749248225,3.64374857599085,3.61555900147364,11.0216461107592,0.99108609471294,0.112019228621334,0.930338610112377,2010-10-28
CS2_36_10_28_10,22,-0.000372018538383811,7.28648304527775e-05,0.263606620752698,3.91476383590255,3243.61074908078,2243.40602990033,3.95953747240037,3.64408873427998,3.61583607591642,10.9931017742859,0.991064868308756,0.111567388466875,0.930245266121386,2010-10-28
CS2_36_10_28_10,23,-0.000368702941558922,7.30762026924024e-05,0.265422451824855,3.81990496904059,3243.65783569514,2239.42180816882,3.96048558751742,3.64441857988184,3.61610805772769,10.9738366641685,0.99105701149035,0.111342996820142,0.930216231564468,2010-10-28
CS2_36_10_28_10,24,-0.000376527622063909,7.30643506240444e-05,0.263811417514492,3.82340844080791,3243.99949298526,2231.70329427725,3.96024937927723,3.64512240669944,3.6172241394733,10.9362018530168,0.991193259233713,0.111141182689253,0.93024974920702,2010-10-28
CS2_36_10_28_10,25,-0.000384270480288783,7.31056045201087e-05,0.261330809927431,3.9556864606533,3245.56504209025,2227.26626385225,3.95981577038765,3.6465713262558,3.61991232019143,10.9142271650642,0.991653808303587,0.11104733060939,0.9304461391471,2010-10-28
CS2_36_10_28_10,27,-0.000369570262642389,7.32051416098169e-05,0.269669281505337,3.78006449265642,3243.72141071362,2239.89088474202,3.9586692986389,3.64584392851049,3.61765842656938,10.9764260846171,0.991092611617644,0.111407198868754,0.933570200484381,2010-10-28
CS2_36_10_28_10,28,-0.00037104652686162,7.31895688448744e-05,0.268381749940191,3.89326003910217,3241.87777217413,2217.51684910583,3.95938805118203,3.64577324390411,3.61605165636627,10.866765670239,0.990528214920314,0.110329937430812,0.930427242521595,2010-10-28
CS2_36_10_28_10,29,-0.00033498615062494,7.37375773575621e-05,0.279164653842435,3.67858855886768,3193.02722911991,2446.19551452773,3.96404290579735,3.62724685668945,3.5403424718368,11.9850753909388,0.975589495921036,0.12066128083151,0.926586039770451,2010-10-28
CS2_36_10_28_10,30,-0.000339720705814571,7.20343525013131e-05,0.274687335962119,3.66644404132816,3187.43610215612,2491.19438219676,3.96954109733169,3.62470780478583,3.53313812677531,12.2052850850106,0.97387314232219,0.123250147360722,0.916585558942023,2010-10-28
CS2_36_10_28_10,31,-0.000332868329270842,7.21595711341186e-05,0.271037685935887,3.80170710528765,3184.91762933694,2490.53840952605,3.97071516836012,3.62392943435245,3.5302296814698,12.2016957974854,0.973092092151103,0.123019378106161,0.915220503081291,2010-10-28
CS2_36_10_28_10,32,-0.000351543655253608,7.22917928779497e-05,0.276831631070326,3.65196990148327,3181.13668914069,2503.69437200751,3.97090866243517,3.62225420828219,3.52549027946231,12.2670335404996,0.971939953337119,0.123661120811072,0.914590657340351,2010-10-28
CS2_36_10_28_10,33,-0.000342254912430829,7.24868087967947e-05,0.278189387493303,3.63081988218419,3178.183456456,2541.52160280582,3.97179893566214,3.61862482185717,3.51958463788112,12.4518748277595,0.971057132344903,0.1255543589429,0.912939821614269,2010-10-28
CS2_36_10_28_10,34,-0.00036289108362561,7.20194397122253e-05,0.276821636196413,3.65314699167775,3207.17177347664,2366.262199572,3.96785788510435,3.63396261372697,3.56707165938966,11.5942059131652,0.979909213584586,0.117922757359584,0.914936023704582,2010-10-28
CS2_36_10_28_10,35,-0.000373172843600115,7.28412912985873e-05,0.273980812792745,3.69553344116489,3212.95385185996,2322.23198913987,3.96399465139876,3.63822293062822,3.57610574795203,11.3792708894288,0.981701916507772,0.115475946436981,0.920924868897013,2010-10-28
CS2_36_10_28_10,36,-0.00036640578628229,7.31131044878874e-05,0.273723034245395,3.71694037398808,3181.05907779926,2359.90056617913,3.96231635073398,3.62423238047847,3.52738350517466,11.562346455241,0.971922307788617,0.115742967823956,0.920173775112493,2010-10-28
CS2_36_10_28_10,37,-0.000331819058705127,7.28462119123391e-05,0.280806591830341,3.6251171455145,3169.62107028521,2541.61560994561,3.97135615996692,3.6248908711371,3.51026939217822,12.4520761868841,0.968414059510958,0.12537962737354,0.91255614206237,2010-10-28
CS2_36_10_28_10,38,-0.000354308776854833,7.23963606714073e-05,0.274330254845833,3.68262276537261,3173.18420799065,2496.60116320365,3.97156389251999,3.62012157175276,3.51682296860307,12.2319112812435,0.969492143876188,0.123650197326252,0.911008560384765,2010-10-28
CS2_36_10_28_10,39,-0.000338022524356792,7.25170591877065e-05,0.276544765197386,3.68235839632688,3164.46540703101,2504.632217101,3.97118888989739,3.62419755659371,3.50520032418008,12.2715012401816,0.966823706976281,0.123743322682744,0.910915449868601,2010-10-28
CS2_36_10_28_10,40,-0.000338386635601208,7.20859151539476e-05,0.277179353971722,3.72191159010513,3155.04336134903,2512.2411860429,3.97210325699686,3.61747798295779,3.49081815448222,12.3079890391395,0.963954841411882,0.12423516555221,0.908198901574433,2010-10-28
CS2_36_10_28_10,41,-0.000339771679223741,7.19480489783322e-05,0.280988328214623,3.58389836424181,3187.9373250127,2490.02474776289,3.97480102836109,3.63334333234363,3.54202826453709,12.2003444208032,0.974028933119494,0.124410333559706,0.907538824829416,2010-10-28
CS2_36_10_28_10,42,-0.000356592661001524,7.30565095098189e-05,0.279635177001062,3.68771898930796,3198.9385280807,2353.35669353011,3.96627152284836,3.64084506476367,3.5587321551229,11.5315597870073,0.977399468179565,0.116695128976343,0.915813312530993,2010-10-28
CS2_36_10_28_10,43,-0.000368860479278461,7.32764251793894e-05,0.275001916884647,3.69993456457223,3191.62663736928,2316.23315423244,3.96442457716516,3.63915935269108,3.55085433451451,11.3498113472283,0.975162263696111,0.115106164802706,0.9181957078506,2010-10-28
CS2_36_10_28_10,44,-0.000335073097168176,7.30826996069018e-05,0.276651578691714,3.77563718849748,3154.94994997908,2472.07021337876,3.96887307424803,3.61919456776057,3.49247307912449,12.1117364132962,0.963942281841189,0.121929290129298,0.913322395753266,2010-10-28
CS2_36_10_28_10,45,-0.000338105495284747,7.2105193379634e-05,0.268518886498615,3.82642229332294,3156.450172365,2507.17910346552,3.97342559939525,3.6217073970866,3.49616317562255,12.2838319130778,0.964402672532929,0.12412172100472,0.906169489227865,2010-10-28
CS2_36_10_28_10,46,-0.000333010851898332,7.23528061850109e-05,0.277832720365627,3.67625269022671,3161.543938683,2492.86696413555,3.97221123846502,3.6255841656266,3.50414438359155,12.2133108726107,0.965947972763836,0.122888487158927,0.906431288083109,2010-10-28
CS2_36_10_28_10,47,-0.00033402301717453,7.29640083549423e-05,0.281939343563698,3.7294764792105,3156.13743058627,2505.9914006046,3.97101990772727,3.62248852319806,3.49640333753643,12.2780701021972,0.964238617320203,0.123589817173212,0.90717801333515,2010-10-28
CS2_36_10_28_10,48,-0.000337748460986336,7.29504663477185e-05,0.280026356691756,3.63207299212108,3161.15357074095,2514.77262204548,3.97208113748519,3.6247273694689,3.5027038247857,12.3210061207251,0.965760289997173,0.124174100512533,0.905863608216437,2010-10-28
CS2_36_10_28_10,49,-0.000372432840169967,7.27129539003599e-05,0.281397916995667,3.58756958544424,3188.50178343186,2360.20022619422,3.96818840181505,3.63789205418693,3.5467091630394,11.565136573136,0.974146192297482,0.117142195919858,0.909488025480517,2010-10-28
CS2_36_10_28_10,50,-0.000376355132637877,7.35165216485361e-05,0.280561546284432,3.60980098553946,3192.75225254358,2317.4202491733,3.96473146887387,3.64065009576303,3.55324964009283,11.3556810271441,0.975516668521674,0.11496100914594,0.914868888328969,2010-10-28
CS2_36_11_01_10,1,-0.000307008234624762,6.69305881749037e-05,0.258057647362781,4.00041796349535,3175.84001497386,2695.81625873369,3.98193225183122,3.61633770774912,3.51517412493927,13.2075347200598,0.970267483500579,0.129906607229346,0.913581053182015,2010-11-01
CS2_36_11_01_10,2,-0.000318753170696691,7.24150272442971e-05,0.27858261764781,3.62261107083408,3175.51164937075,2630.28588056811,3.97259715476323,3.61510341255753,3.51364845730037,12.8860383302854,0.970155706176588,0.12813521005223,0.912219786201841,2010-11-01
CS2_36_11_01_10,3,-0.000359867590601736,7.2171662544047e-05,0.278593455599585,3.62418709285966,3165.76164754118,2416.05649596996,3.96882141216381,3.62114884697388,3.50318478036925,11.8375090283137,0.967184098874324,0.118761465357173,0.912219473915873,2010-11-01
CS2_36_11_01_10,4,-0.000334644626551297,7.25418318060243e-05,0.282754306055984,3.57689628143406,3153.16786365171,2632.01976064576,3.97424158945188,3.6142052200353,3.48590200213455,12.8945223924073,0.963325878798007,0.128948869752054,0.90788010453602,2010-11-01
CS2_36_11_01_10,5,-0.000329496293403429,7.24567229325437e-05,0.280132014412755,3.62247040575859,3145.12107865258,2648.70687968089,3.97535205282559,3.61018163244301,3.47563937156988,12.9759321255182,0.960930212476749,0.12986864046633,0.905074779270603,2010-11-01
CS2_36_11_01_10,6,-0.000323975007912634,7.22972472089099e-05,0.276873043104543,3.70858641292844,3145.83987054814,2634.75415415574,3.97642681216667,3.61193003387095,3.47791093219924,12.9075879612331,0.961145271345234,0.129373340678269,0.903114915793277,2010-11-01
CS2_36_11_01_10,7,-0.00031769293022794,7.2434572392029e-05,0.277563823639403,3.93865099515911,3144.82395162058,2612.97343457578,3.97501645957567,3.61278681665937,3.47775081823495,12.8016177935768,0.960787865494407,0.128480089415207,0.903454475500509,2010-11-01
CS2_36_11_01_10,8,-0.000325399533952506,7.25835655714346e-05,0.282305398503953,3.56307979612266,3141.04327455506,2609.17671385456,3.97491804934338,3.61973534440095,3.47314380354199,12.7832722345117,0.959658556756793,0.128324048407314,0.902951022381776,2010-11-01
CS2_36_11_01_10,9,-0.000326532563279797,7.26766084962488e-05,0.280921025932014,3.77029514323578,3132.88662656352,2610.95769753889,3.9757261184039,3.61489909549929,3.46157906561885,12.7912687332066,0.957141565112792,0.12826897552302,0.901540952596819,2010-11-01
CS2_36_11_01_10,10,-0.000342128538711541,7.25521771583397e-05,0.282562746126784,3.6015442892021,3162.41975121727,2575.35019651016,3.97761161156122,3.62847846022276,3.50761811361128,12.6185524881996,0.966192640819891,0.127880533258836,0.901415816305426,2010-11-01
CS2_36_11_01_10,11,-0.000354818551094742,7.32460509537262e-05,0.283420600107477,3.66785147618377,3169.68642312456,2456.93148303464,3.96984206593555,3.63384173963671,3.51898815739154,12.0387544908928,0.968415825097098,0.121502747582501,0.908478288688954,2010-11-01
CS2_36_11_01_10,12,-0.000350237674655829,7.32822007161727e-05,0.287569155309854,3.54939571615678,3172.32746633189,2430.38546093454,3.96754892623943,3.62752132283317,3.52339631186577,11.9086938544194,0.969214609895804,0.12017624916004,0.909847327614363,2010-11-01
CS2_36_11_01_10,13,-0.000348588574827604,7.34303295670996e-05,0.283389844401148,3.66787724684231,3173.62501141345,2411.51104903259,3.96775677784069,3.62890557668827,3.52573747944144,11.8162340929576,0.969599445815343,0.119130421416653,0.910440157616022,2010-11-01
CS2_36_11_01_10,14,-0.000354898601611032,7.34255788154959e-05,0.280039029578827,3.63599111771855,3174.21894790593,2395.49581547783,3.96712377264693,3.62977842931394,3.52713727275259,11.7382133210256,0.969800254146072,0.118649703853738,0.910618115193489,2010-11-01
CS2_36_11_01_10,15,-0.000350204614205638,7.35284452488906e-05,0.27977396802101,3.60103162922675,3174.9224520096,2388.96506373503,3.96657918466104,3.63071126849563,3.52860706875295,11.7062832309408,0.970009496613376,0.118076135842632,0.91073012249303,2010-11-01
CS2_36_11_01_10,16,-0.000354688748837726,7.3502701222606e-05,0.282584364800815,3.62112594033897,3175.57902952781,2376.29380841792,3.96600310351397,3.63172211911943,3.53014621984341,11.6441089062164,0.970216669150433,0.117716187333425,0.9109645105706,2010-11-01
CS2_36_11_15_10,1,-0.000333611633102077,6.91139586047498e-05,0.273196775198352,3.73770732059139,3127.68454320708,2559.90831311659,3.97625943705522,3.62753447946512,3.46974372791232,12.5440023859694,0.95565782351114,0.124446687474592,0.900804585540138,2010-11-15
CS2_36_11_15_10,2,-0.00035510555858347,7.3695641789458e-05,0.282425427452526,3.64496685624814,3118.95020422825,2430.56731649039,3.96822722403558,3.62452117002235,3.45959107274962,11.9102892365268,0.952972138150708,0.119425977273094,0.899049800147361,2010-11-15
CS2_36_11_15_10,3,-0.000346728748992309,7.37476228859279e-05,0.2856831210308,3.53761229681692,3135.37528982884,2482.25435027858,3.97038012841788,3.63596469051433,3.48434861975451,12.1636153990896,0.958014092994582,0.121599367662974,0.895368854381518,2010-11-15
CS2_36_11_15_10,4,-0.000374497615658724,7.4418571702286e-05,0.292579952384173,3.51664737556003,3141.09602905907,2350.82202464845,3.96525173890786,3.64076731789787,3.49379766960318,11.520373021759,0.959763635789447,0.115817305118593,0.900885474005683,2010-11-15
CS2_36_11_15_10,5,-0.00037384196073406,7.46458285342739e-05,0.290704225568383,3.49864573311822,3141.33121400187,2326.97909646155,3.96504979418672,3.64187668404489,3.49504654442505,11.4036255064455,0.959829431460481,0.114875747456172,0.901397551539425,2010-11-15
CS2_36_11_15_10,6,-0.000362029941843519,7.58499874288357e-05,0.292075039279497,3.5130910471069,3095.38742576315,2437.50450647887,3.96475372078654,3.62306617101033,3.43032120448662,11.9441152641612,0.945784276047996,0.119718225829779,0.899611911602953,2010-11-15
CS2_36_11_15_10,7,-0.000358290992407849,7.33885119152538e-05,0.282675322405324,3.56978960376056,3092.10662453857,2442.91040031155,3.97113764352639,3.62346725463867,3.42797966709847,11.9703488380753,0.944782701690572,0.120265428886028,0.888860448643128,2010-11-15
CS2_36_11_15_10,8,-0.000349212687703063,7.35471945650189e-05,0.283902391668175,3.76186561113042,3097.60778735729,2443.89564710912,3.97024813710644,3.62745794114612,3.43637892464715,11.9759469227339,0.94647316678773,0.120109638991064,0.888286084496107,2010-11-15
CS2_36_11_15_10,9,-0.000364252036223857,7.40363192726662e-05,0.28721150116564,3.50006575806426,3092.84214179276,2406.27128109819,3.96941735612022,3.62605879647391,3.43108280838041,11.7914657828944,0.945009597053999,0.118418770918974,0.889495362626537,2010-11-15
CS2_36_11_15_10,10,-0.00036130794364313,7.39736471347815e-05,0.289449402014089,3.50813813250452,3085.21648880976,2422.98944465649,3.96936409300266,3.62096052396865,3.41994385738388,11.8731486270474,0.942664309168064,0.118989572887822,0.887507483236289,2010-11-15
CS2_36_11_15_10,11,-0.000365813967930331,7.35859974072332e-05,0.290895455200172,3.53568476039858,3113.72155076476,2368.10283893952,3.97147889931997,3.63106730299176,3.46178078159392,11.60506109719,0.951403674127554,0.116690358172859,0.887246040141865,2010-11-15
CS2_36_11_15_10,12,-0.000371356518190945,7.48527473739143e-05,0.287528264694637,3.54244581354689,3116.12892740729,2333.74497908552,3.96590087963985,3.63296514187219,3.46558965125844,11.4370123126922,0.952151422777806,0.114640192279371,0.894071654471869,2010-11-15
CS2_36_11_15_10,13,-0.000368362435235218,7.48789622543186e-05,0.296584015093537,3.42546783653809,3093.87725641814,2315.33952798796,3.96515154314565,3.63067733673822,3.43637648539531,11.3469877184197,0.945336511916108,0.113909552491698,0.894287153160027,2010-11-15
CS2_36_11_15_10,14,-0.000361122656792346,7.43869913663389e-05,0.290702233948477,3.633205667821,3071.32585962731,2435.59869132106,3.97004274416236,3.62368727418093,3.40264308765985,11.9352901476609,0.938437499035121,0.119147925458523,0.886322234155119,2010-11-15
CS2_36_11_15_10,15,-0.000361339422788183,7.41356104083374e-05,0.291264738371738,3.45224713261711,3069.0297439844,2435.80155824812,3.97139766778839,3.62338045468697,3.40046464211518,11.9364826537339,0.937745940717474,0.119349358997873,0.88245298478213,2010-11-15
CS2_36_11_15_10,16,-0.000371077644573514,7.40478951569681e-05,0.292787509269462,3.43221555607275,3073.84268533147,2407.67770856252,3.97051136011488,3.62778798433451,3.40867427630977,11.7985092114474,0.939221130485708,0.117904929532367,0.882067299348927,2010-11-15
CS2_36_11_15_10,17,-0.000362525701981155,7.43796065787902e-05,0.288476662228615,3.55086620812106,3074.01463651311,2399.1781528639,3.9708553186342,3.6287504526285,3.4098900691623,11.7564820595689,0.9393190791118,0.118062987979376,0.882762978825095,2010-11-15
CS2_36_11_15_10,18,-0.000357224753461689,7.46783794887895e-05,0.290709462292432,3.49218158188439,3072.96723074711,2454.33317169626,3.97113922740636,3.6244582098264,3.40485035861558,12.0266838855703,0.938975356358841,0.11999049973136,0.882366230539286,2010-11-15
CS2_36_11_15_10,19,-0.000369058266965824,7.49124788374567e-05,0.304405393272399,3.32816142894052,3100.72281727116,2347.10397699958,3.96903132597605,3.63760049456642,3.44886152049719,11.5019533439215,0.94748420278555,0.114792520288905,0.88418291559343,2010-11-15
CS2_36_11_15_10,20,-0.000383983522606158,7.53228581373751e-05,0.297221474804374,3.42612967959478,3104.16112341228,2331.74562515048,3.96535449792008,3.63988201277597,3.45387778617576,11.4268885102969,0.948524247421187,0.11383987647871,0.8905729393179,2010-11-15
CS2_36_11_15_10,21,-0.000366989065363493,7.54901610055967e-05,0.296316911787143,3.50984091381045,3063.37411838278,2319.80543329465,3.96580299178323,3.62337423517154,3.39590243017125,11.3677589308372,0.936050114552429,0.111809363349292,0.889530178082178,2010-11-15
CS2_36_11_15_10,22,-0.000351295623695118,7.4927881533324e-05,0.295782511435883,3.39865144457324,3039.10700458841,2492.26931872059,3.97244760545634,3.61811987867633,3.36249364124045,12.2122676359715,0.928627203761341,0.121457367579829,0.878677929106995,2010-11-15
CS2_36_11_15_10,23,-0.000351225175706476,7.39578741856316e-05,0.284048631557891,3.58262135892565,3049.43604123293,2466.37968531257,3.97359874709086,3.62572157498702,3.3781064319395,12.0858706308802,0.93174608280638,0.120124265114806,0.873735602490963,2010-11-15
CS2_36_11_15_10,24,-0.000354101996906005,7.44361849435758e-05,0.296099981969287,3.44327465817165,3055.10762058757,2457.37949317333,3.97208119522441,3.62088702275203,3.38664620486047,12.0414373092294,0.933481928884793,0.119917640942642,0.876384329231509,2010-11-15
CS2_36_11_15_10,25,-0.000360329698934722,7.49521617606834e-05,0.299166797460814,3.40380189717867,3041.34155501501,2465.27023527457,3.97194431326484,3.62212830376856,3.36793786522919,12.0806341218776,0.929265008766515,0.120060423102593,0.877763957690646,2010-11-15
CS2_36_11_15_10,26,-0.000346826550092615,7.47073691377227e-05,0.302259075848972,3.41772693166623,3070.04809251399,2531.3007442485,3.97313316753932,3.63125171340429,3.40873661199908,12.4041665125114,0.938047043337464,0.12225491728182,0.874155559814205,2010-11-15
CS2_36_11_15_10,27,-0.000372052313576726,7.54572900728877e-05,0.30328289586037,3.31993838049107,3081.58163212327,2374.38462472823,3.96823209357661,3.63854046968313,3.42530721073879,11.6356890755374,0.941572929139981,0.115674691413226,0.883407358374236,2010-11-15
CS2_36_11_15_10,28,-0.000375851982501471,7.56804645476089e-05,0.301164821267535,3.3561396126709,3084.45756750548,2358.21373404726,3.9671353313658,3.63162295477731,3.42961163308154,11.556496626675,0.942462284822117,0.114871519974604,0.8853560507083,2010-11-15
CS2_36_11_15_10,29,-0.000354378271610148,7.69742628582215e-05,0.303666920395627,3.347681004221,3034.12261272944,2475.92612955108,3.96659217121896,3.61915932812737,3.35913990137635,12.1324264366385,0.927049577714695,0.120152819648154,0.883461900275629,2010-11-15
CS2_36_11_15_10,30,-0.000350709862591445,7.49258150082558e-05,0.305559342734277,3.29168915539559,3023.02870726469,2526.36227990681,3.97531469890049,3.6215518876618,3.3439021592216,12.3791014963351,0.923663897714995,0.122664858244672,0.871639654481254,2010-11-15
CS2_36_11_15_10,31,-0.000354070322525758,7.45609419616745e-05,0.300583670983976,3.48203520340046,3030.16966167052,2492.81611172005,3.97459377502573,3.61819536477617,3.35501923169172,12.2151544581889,0.925849101395814,0.121256451712118,0.869416197563591,2010-11-15
CS2_36_11_15_10,32,-0.000361060964190458,7.48728040344645e-05,0.30011888073288,3.35800507134485,3041.20140658802,2462.56709498557,3.97316093036107,3.62569169396336,3.37115395813481,12.0669321442366,0.92922309902828,0.119664224052328,0.871705563545386,2010-11-15
CS2_36_11_15_10,33,-0.000359478780187674,7.54929338206195e-05,0.305322572240648,3.32341465996762,3028.80989599618,2474.22270443488,3.97196062721989,3.61852873644782,3.35423716832854,12.1239687705452,0.925439588594978,0.119766062472834,0.873776513754861,2010-11-15
CS2_36_11_15_10,34,-0.000363265147389836,7.5091017716794e-05,0.303830742732895,3.45596867304609,3062.28337073897,2456.9446880378,3.97524425251917,3.63055084760372,3.4016591969952,12.0399203304806,0.935678885655249,0.119362394103488,0.872179539930237,2010-11-15
CS2_36_11_15_10,35,-0.000363256187116656,7.59954218003218e-05,0.311431971082733,3.26062733012586,3068.98807810503,2392.52513601526,3.96762225199281,3.63492723382436,3.41131180833847,11.7249630204448,0.937724040713814,0.11612779645532,0.88033904839657,2010-11-15
CS2_36_11_15_10,36,-0.000372886149248659,7.61068313394463e-05,0.312843695550053,3.44099552050851,3071.34810600261,2368.33844640211,3.96741136092713,3.63643481868964,3.41475591624178,11.6065630245839,0.938460302187987,0.114894716084304,0.88198262635536,2010-11-15
CS2_36_11_15_10,37,-0.000372786016241452,7.61130070302051e-05,0.309448068974992,3.25909074755471,3072.77025138628,2363.635761126,3.96683406297055,3.63723688859206,3.41672558354762,11.5833543342668,0.938900897013711,0.114717457415759,0.882346013885855,2010-11-15
CS2_36_11_15_10,38,-0.000378265366228165,7.62182626444182e-05,0.309078121825975,3.2603498409377,3072.98972825438,2360.94856618403,3.96630198063131,3.63760444751153,3.41728093202802,11.5705400725834,0.938973239631096,0.11446173685109,0.88277807482684,2010-11-15
CS2_36_11_15_10,39,-0.000377253803083604,7.61047576132205e-05,0.307470944513342,3.29308105885211,3074.2247354975,2343.76150291495,3.96588123177683,3.63843455452185,3.41903490838778,11.4861245629688,0.93933394306293,0.113825073385155,0.8828001630974,2010-11-15
CS2_36_11_15_10,40,-0.000372905111993751,7.63030118841926e-05,0.310036701159922,3.26482575381167,3077.13171765721,2337.69988200674,3.96662602954441,3.64056977171164,3.4234797664669,11.4566291432057,0.940214661105478,0.113621381869394,0.883039250542766,2010-11-15
CS2_36_11_15_10,41,-0.000377734550234889,7.63542920112554e-05,0.308499383837956,3.28870822126359,3076.2412311408,2327.13795439544,3.9657765812344,3.64038913066571,3.42258239324232,11.4047930025438,0.939947187281058,0.113117468869622,0.883768139774642,2010-11-15
CS2_36_11_15_10,42,-0.000375414059643892,7.63038975373193e-05,0.307156774794317,3.2929702438946,3075.08525462059,2329.18470698479,3.96574687427945,3.63990788276379,3.42120253499094,11.4149559341894,0.939611379279726,0.112976260435216,0.883442581736719,2010-11-15
CS2_36_11_15_10,43,-0.000378250833535388,7.63411722739374e-05,0.309273138907822,3.25902454892039,3074.55396773171,2326.8097226785,3.9659448477957,3.63992657798987,3.42078700379421,11.4032129881538,0.939449099993265,0.112957449351483,0.883227018107724,2010-11-15
CS2_36_11_15_10,44,-0.000380907725603136,7.64512182897123e-05,0.310708710262959,3.28891367152174,3072.81961513584,2330.63790361205,3.96612752146191,3.63918367486734,3.41855511491273,11.4223058011834,0.938903053538261,0.113108697369162,0.883006543052214,2010-11-15
CS2_36_11_15_10,45,-0.000383316756422238,7.64284077226356e-05,0.308337238810991,3.26725133202879,3071.63209937885,2325.73173018842,3.96630478037728,3.63872423309546,3.41711871164077,11.3978239958758,0.938536638557796,0.112819043707016,0.882627851603735,2010-11-15
CS2_36_11_15_10,46,-0.000382596844540999,7.63113665651445e-05,0.309501088900037,3.26188286116798,3069.97588942398,2331.04403297353,3.96538626015519,3.63813552948145,3.41525156718467,11.4238358453972,0.938050345733747,0.11306252398924,0.882150276919506,2010-11-15
CS2_36_11_15_10,47,-0.000375239847877995,7.63854384486599e-05,0.305766004718381,3.29999581087105,3069.57029400533,2330.0287765371,3.96533649460563,3.63809036979308,3.41484181173354,11.4192813837397,0.937920759359418,0.113151703824816,0.881716508837172,2010-11-15
CS2_36_11_15_10,48,-0.000378342959002519,7.63857668689385e-05,0.313285020861831,3.24132081414068,3069.13275872508,2328.48224935238,3.96522338430309,3.63810594723775,3.41444938836427,11.4116345378516,0.93777544445101,0.112969534376529,0.881667827131973,2010-11-15
CS2_36_11_15_10,49,-0.00038944769031623,7.64441072990773e-05,0.31142817615807,3.25042567765148,3068.30496980657,2328.12308034114,3.96525597305937,3.63802027702331,3.41373020673858,11.4099349892898,0.937533767580484,0.112574329054435,0.881678903057538,2010-11-15
CS2_36_11_15_10,50,-0.000373681543431743,7.64645914213711e-05,0.313554083782808,3.28317899943196,3066.97705150826,2322.74820586282,3.96523876962715,3.63756863658245,3.4123137387031,11.3833839113535,0.937159203765764,0.112738332004689,0.880941366705741,2010-11-15
CS2_36_11_22_10,1,-0.000330081048477291,7.07086441380108e-05,0.291732315369438,3.48535540968509,3046.1869228586,2606.050659507,3.98033718629317,3.62601879268017,3.37564810905326,12.7705305931014,0.930748071545241,0.125251666757118,0.878864126713095,2010-11-22
CS2_36_11_22_10,2,-0.000347605820189531,7.52243116557651e-05,0.306549441065263,3.30134766818662,3032.92057357481,2485.39559613651,3.97136610746384,3.61937791166954,3.35843020940642,12.1790496629695,0.926701973921115,0.121182732623654,0.876456969828815,2010-11-22
CS2_36_11_22_10,3,-0.000338859463701157,7.5498807885283e-05,0.309481907722198,3.25689295316692,3060.08119942048,2567.58274480877,3.97307830843432,3.62797020261104,3.39747073071713,12.5821026935254,0.935018088795129,0.12393089347289,0.871943227513433,2010-11-22
CS2_36_11_22_10,4,-0.000371626502584729,7.61369917867311e-05,0.314332849572589,3.21219961895063,3067.66191443141,2380.93305089242,3.96747392081143,3.63377786370424,3.40920523062216,11.6682193938439,0.937337607620918,0.116246946004042,0.880376100303778,2010-11-22
CS2_36_11_22_10,5,-0.000374553672112514,7.63580059681083e-05,0.31414695266723,3.27663252991235,3068.06909467594,2369.44941533133,3.96749824784987,3.63479952170299,3.4104730497845,11.6124055202439,0.937455963645383,0.11542325437041,0.881242209772254,2010-11-22
CS2_36_11_22_10,6,-0.000344699233315754,7.79737340203509e-05,0.311114836358806,3.27018811574652,3008.99923300856,2509.64550207248,3.96771197265151,3.61767249013863,3.32873572042535,12.297809783366,0.919404131999459,0.121828296392497,0.878488217036676,2010-11-22
CS2_36_11_22_10,7,-0.000343369654742484,7.58362004715802e-05,0.31156523173202,3.25283666893056,3003.79583189385,2551.94082982752,3.97566119783876,3.61546679805307,3.32233341303796,12.5051034950685,0.917797418202044,0.12390142710192,0.864384327507901,2010-11-22
CS2_36_11_22_10,8,-0.000346037207681051,7.59361126428794e-05,0.31489037661326,3.19553582366492,3004.92113917394,2521.89478728789,3.97488127967526,3.61788845529743,3.32535607496677,12.3580888094651,0.918099304585897,0.122426077613871,0.863917355112416,2010-11-22
CS2_36_11_22_10,9,-0.000361223278333229,7.59571276051696e-05,0.316641466048203,3.17705720623661,3003.9683493289,2506.86389017124,3.97418939033685,3.61863481063469,3.32530399413472,12.2843209713687,0.91781949769233,0.121106086013742,0.864447221633404,2010-11-22
CS2_36_11_22_10,10,-0.000361850987909219,7.61315112148952e-05,0.318764513409291,3.18005723358176,2992.7800191555,2510.066778398,3.97413695754343,3.62151090933545,3.31033765730518,12.3001045382064,0.914390299472194,0.120778713730539,0.86356455466992,2010-11-22
CS2_36_11_22_10,11,-0.000364559352233632,7.58416819739558e-05,0.318581729868745,3.1624111634709,3029.31731912236,2460.040412352,3.976197671339,3.62667926306863,3.36221431237234,12.0560892813073,0.925570488973828,0.11981072946357,0.862161722402793,2010-11-22
CS2_36_11_22_10,12,-0.000368442036209654,7.6797487527923e-05,0.322946695830525,3.15714146445173,3038.52261025022,2397.37094988722,3.96901935338974,3.6326627985945,3.37541569875999,11.7492542672793,0.928390520433611,0.116144795249053,0.871516482512002,2010-11-22
CS2_36_11_22_10,13,-0.000373468254348169,7.69364772914551e-05,0.320383375980466,3.23173268411088,3027.49175768011,2380.62214851726,3.96830220545753,3.63010426863883,3.36392825117924,11.6670358145144,0.925009699541885,0.115106765332866,0.87335887000872,2010-11-22
CS2_36_11_22_10,14,-0.000353774155251351,7.65174798014757e-05,0.313201318604102,3.21484465481778,2984.98434711376,2492.64619014968,3.97172759182152,3.61946300940938,3.30194282672063,12.2147721981298,0.911994483432135,0.120593379312175,0.867664682272763,2010-11-22
CS2_36_11_22_10,15,-0.000351589484637912,7.63501756061003e-05,0.321921203638756,3.16475923547184,2989.82876695096,2524.817021875,3.97631631479707,3.6230151747713,3.30921858152928,12.372013518695,0.913473893566689,0.122199545577659,0.858377613043981,2010-11-22
CS2_36_11_22_10,16,-0.000351566898650313,7.65743501060837e-05,0.320820130839883,3.16433845388492,2985.48464936015,2507.20818935495,3.97358540324278,3.62182684227972,3.30451415407503,12.2861813675957,0.912141295972389,0.120926723043815,0.860028820620105,2010-11-22
CS2_36_11_22_10,17,-0.00035215142480728,7.65522740309652e-05,0.320676940840541,3.12872905000689,2979.37482993584,2500.45783035541,3.97422856369684,3.6191727383302,3.29706124264467,12.2528353225893,0.910293602660002,0.120458620135224,0.858513409509785,2010-11-22
CS2_36_11_22_10,18,-0.000362194845393368,7.67534209346807e-05,0.326331974951138,3.0760885036088,2968.29629305343,2538.69167806141,3.97488103972541,3.61284137716388,3.28205498435526,12.4403086393577,0.906893662314414,0.121207803427657,0.856804305654871,2010-11-22
CS2_36_11_22_10,19,-0.000362500056033386,7.55903511864481e-05,0.319560762545061,3.21140256519502,3011.98928498826,2438.96255271157,3.97598765755809,3.63108921752256,3.3434907855064,11.9524388675796,0.92026473368426,0.11775117089342,0.855847522279177,2010-11-22
CS2_36_11_22_10,20,-0.000369796384676944,7.73866100858668e-05,0.32708801858441,3.12808606044457,3018.00639971739,2411.21411715244,3.96962621280125,3.63451921472362,3.3516923780716,11.8166623358838,0.922098041788842,0.116040179331134,0.866370771576375,2010-11-22
CS2_36_11_22_10,21,-0.000370361209505797,7.733007954137e-05,0.32583679202932,3.07864274667616,2989.56534210706,2389.19951620163,3.96798798288618,3.62847733733678,3.31410663203,11.7084861895532,0.913420709576238,0.115172408201025,0.867643997348089,2010-11-22
CS2_36_11_22_10,22,-0.000351141924796327,7.70257564716909e-05,0.323598109948764,3.21103033877872,2954.95187893783,2540.00367958404,3.97407685525236,3.61566726922989,3.26536254426212,12.446591256815,0.902840039664683,0.121758915222266,0.856678877182387,2010-11-22
CS2_36_11_22_10,23,-0.000348323083268623,7.67532588450622e-05,0.331174026677538,3.07111369808741,2959.71843810281,2572.86283191349,3.97747425214779,3.61959186792374,3.27293877125786,12.6078805897565,0.904310235340111,0.123536941412581,0.850525269680192,2010-11-22
CS2_36_11_22_10,24,-0.000354292375173681,7.67863086814794e-05,0.324085542237964,3.1223827184463,2960.21889063931,2527.89541593517,3.97513816496905,3.62058799505234,3.2742187420902,12.3876866630285,0.904454633228201,0.120922004312642,0.852045530668546,2010-11-22
CS2_36_11_22_10,25,-0.000336544191851174,7.79169212795168e-05,0.327657314269943,3.0886835786706,2910.90352797211,2628.04796173255,3.97448535476412,3.60898877893175,3.20617817955831,12.8769674975919,0.889354180678111,0.125581206147428,0.849293931782695,2010-11-22
CS2_36_11_22_10,26,-0.000332754761046815,7.77059214824624e-05,0.344151999008454,2.93770892114586,2890.41834631207,2776.76348108816,3.98404931585963,3.5970491049241,3.17853699407285,13.6050060966995,0.883077243739719,0.131294583793452,0.837262072022249,2010-11-22
CS2_36_11_22_10,27,-0.000349259685468751,7.65368166767981e-05,0.335905635710308,3.00411847198106,2963.97057157214,2566.42729416618,3.9817056713334,3.62584399700165,3.28211342746554,12.5766746576468,0.905594797997286,0.122622726334894,0.836738736343859,2010-11-22
CS2_36_11_22_10,28,-0.000353293128770609,7.78449404824617e-05,0.339156380551905,3.08643927481197,2974.11299313168,2505.55455236265,3.97382774548224,3.62289649661225,3.29618893027295,12.278661207873,0.908698111735725,0.120064521930792,0.853608647111297,2010-11-22
CS2_36_11_22_10,29,-0.000368221400432847,7.79829177024797e-05,0.333977749042351,3.03536331282336,2925.34172519867,2410.9927778354,3.97294408776039,3.61176866955227,3.22887247136859,11.8147559526654,0.893758529643775,0.117616182105849,0.854455329360269,2010-11-22
CS2_36_11_22_10,30,-0.00032031058676776,7.81392794305218e-05,0.346624204968581,2.90680304590827,2873.43400931399,2776.85699460725,3.98096100440839,3.59897301614899,3.1580899097537,13.6051914041373,0.877910448636495,0.131547357311934,0.838164821829843,2010-11-22
CS2_36_11_22_10,31,-0.000316505975325429,7.76836356337641e-05,0.344868872285826,2.94634173031518,2874.07447314024,2807.09097162035,3.98733971001189,3.60132912016406,3.16061010401357,13.7534627427721,0.878075823778118,0.133258050388236,0.828298630571375,2010-11-22
CS2_36_11_22_10,32,-0.000311121334707369,7.81443654781718e-05,0.35210258074875,2.9324630615789,2863.68372808211,2813.7335330706,3.98538576445964,3.59614601331888,3.14748285113537,13.7859591344882,0.874910662101071,0.133373067114465,0.827727608450001,2010-11-22
CS2_36_11_22_10,33,-0.000326858425739025,7.84324023624274e-05,0.354544908194692,2.85786034641671,2858.40242924757,2840.40279417427,3.98748839567907,3.59387171637152,3.14120748194095,13.9163140773633,0.873326261762659,0.133015563666853,0.826255660093225,2010-11-22
CS2_36_11_22_10,34,-0.000313836263855807,7.86565939254887e-05,0.358993946747704,2.80590399758807,2870.21478845354,2873.90180514927,3.98829996734858,3.59727647869857,3.15391864244817,14.0802044481196,0.876913647970496,0.135533976501991,0.823863719512145,2010-11-22
CS2_36_11_22_10,35,-0.000335067731566837,7.80909975643282e-05,0.352481959166808,2.86537078747285,2927.87570241053,2652.53419113328,3.9817718412818,3.6190983406221,3.23766443292817,12.997707175343,0.894541951318649,0.125920600120089,0.831573315707273,2010-11-22
CS2_36_11_22_10,36,-0.000349136936994041,7.86249699525271e-05,0.346376450647503,2.94107751389635,2940.81442937366,2588.25497746689,3.97659581473895,3.61746030569076,3.2553170721641,12.6831813640839,0.89852013578084,0.122723962830549,0.844249396161064,2010-11-22
CS2_36_11_22_10,37,-0.000347196420336833,7.86142090450533e-05,0.345869183422057,2.96588733995729,2947.56514242711,2547.39684304246,3.97484913239112,3.6218270778656,3.26477766527495,12.4832835722622,0.900563220265899,0.12128988084038,0.847029782790109,2010-11-22
CS2_36_11_22_10,38,-0.000356089494173386,7.86480071625396e-05,0.344939281250252,2.96639708266104,2951.58416314603,2526.21322167449,3.97441025341258,3.6243830037117,3.27044973505333,12.3796312807763,0.901795270998974,0.119947388394785,0.848828913352952,2010-11-22
CS2_36_11_22_10,39,-0.000359024555305558,7.85794547002581e-05,0.340624964305324,2.99501469992226,2954.3788938488,2507.03896431823,3.97323640655069,3.62606427192688,3.27440458720478,12.2857517519239,0.902674937711723,0.119289839302799,0.849633203339871,2010-11-22
CS2_36_11_22_10,40,-0.000371512853255559,7.85572023883678e-05,0.341228352867085,3.01948235076834,2962.58328107663,2482.66738626506,3.97345264473854,3.63125388145447,3.28600467672414,12.1660406167874,0.905204312295702,0.117657701228638,0.85096433899075,2010-11-22
CS2_36_11_22_10,41,-0.000364391667933864,7.85495382998777e-05,0.339327269328954,3.01417111128717,2964.20889057813,2453.94568363135,3.97088097689445,3.6321431016922,3.28816099172482,12.0257782158763,0.905700980459078,0.11688906613157,0.852509498219188,2010-11-22
CS2_36_11_22_10,42,-0.000365450178529603,7.84999905004947e-05,0.340090134475293,3.07653958172477,2965.8188427714,2445.76049498626,3.97050588312205,3.63325909852982,3.29047339918404,11.985797407672,0.906184987502101,0.116687486622862,0.852851733566304,2010-11-22
CS2_36_11_22_10,43,-0.0003678464649427,7.86463394572664e-05,0.336029385032888,3.02610676432239,2961.49052803189,2428.94879927242,3.97113979417224,3.63086676359177,3.28474816746793,11.9032083244454,0.904873484032353,0.11591518829564,0.852947937115134,2010-11-22
CS2_36_11_22_10,44,-0.000364921620393806,7.87303577487861e-05,0.343345840687674,2.95118681801757,2958.17814046296,2467.18236771133,3.97170693693105,3.62915957689285,3.28040811415071,12.0908356761628,0.903850175750131,0.117448484892807,0.851649013527938,2010-11-22
CS2_36_11_22_10,45,-0.000364972683792091,7.87788288153868e-05,0.341134667288511,3.05455561538177,2956.55307521002,2466.74463329895,3.97202899023803,3.62834808111191,3.27846716164854,12.0887619814622,0.903391515350033,0.117481883116732,0.850918998638292,2010-11-22
CS2_36_11_22_10,46,-0.000363228267333323,7.88100569225692e-05,0.342810259194148,2.95384269930125,2955.00608575134,2463.90095194272,3.97226579286899,3.6276921081543,3.27653837048986,12.0744888207067,0.902901417357566,0.117473284989641,0.850466900542122,2010-11-22
CS2_36_11_22_10,47,-0.000368898810249758,7.88615842313274e-05,0.338544369651296,2.9679143009302,2952.92786106293,2463.8384857325,3.97246661102563,3.62691624879837,3.27404337072694,12.0742381583276,0.902251919658223,0.117208491823302,0.850193971753392,2010-11-22
CS2_36_11_22_10,48,-0.000361729469738955,7.88513748746197e-05,0.344037130208817,2.96788482796048,2953.44397403009,2456.16706725163,3.97255657709133,3.62757710695267,3.27519380086977,12.0367378051213,0.902445371594449,0.117210782929464,0.849555162226727,2010-11-22
CS2_36_11_22_10,49,-0.000375380977133102,7.89111679221172e-05,0.342194070285786,2.94595523494298,2953.64745548612,2458.16724278755,3.97213603878579,3.62818773031235,3.27583099005456,12.0466697190603,0.902483271494599,0.116404396935382,0.850219719500612,2010-11-22
CS2_36_11_22_10,50,-0.000373643920982283,7.89021789138999e-05,0.343311958289369,2.99106516596924,2952.97589046659,2447.62060417514,3.97196079276459,3.62798527002335,3.27533044671191,11.9948198603966,0.90234244133049,0.116324128551286,0.849800444751004,2010-11-22
CS2_36_11_24_10,1,-0.000294262545987142,7.22924482299097e-05,0.320415077034296,3.17795881105056,2889.88732461529,2953.32410460765,3.99313757186983,3.60184215282907,3.18242427645628,14.4699611382868,0.882938184471434,0.138725866354335,0.843474826787949,2010-11-24
CS2_36_11_24_10,2,-0.000308542218364628,7.83387534614337e-05,0.348527340991942,2.97690386567045,2864.30917534461,2802.35685173877,3.98420978031275,3.59786258038786,3.14951857545344,13.7306739251585,0.87510998641993,0.133745062484779,0.834030296234275,2010-11-24
CS2_36_11_24_10,3,-0.000320256101311814,7.83594321082675e-05,0.349914085760176,2.90613789696494,2913.81305545033,2844.20155861978,3.98699743851371,3.61038289648114,3.21823880750749,13.935852567605,0.890264348579712,0.134690476810114,0.828006826246528,2010-11-24
CS2_36_11_24_10,5,-0.000338179434719636,7.85443089653138e-05,0.346109679616736,2.92453437667537,2934.81515951317,2616.3493377072,3.97578935228156,3.62463975675178,3.24860974475509,12.8212468286966,0.896724666111103,0.124787188041212,0.850298256005302,2010-11-24
CS2_36_11_24_10,6,-0.000338895507099224,7.89033194247972e-05,0.34612955603759,2.94845311463376,2868.04452100705,2557.58063841744,3.97356462194806,3.6035650218885,3.15788999129639,12.5316584535396,0.876318153911144,0.120218262026134,0.842455087592564,2010-11-24
CS2_36_11_24_10,7,-0.000315842558719374,7.95462545115869e-05,0.363295021957675,2.7857892305694,2829.76271857365,2829.09078208685,3.98414741307497,3.59219218542178,3.10803125032957,13.8609753952882,0.864613675445805,0.134354000625007,0.824499344634375,2010-11-24
CS2_36_11_24_10,8,-0.000321327590615104,7.87876603818253e-05,0.355472087697182,2.86428753866641,2828.91943756453,2781.4979106377,3.98830375431469,3.59278608858585,3.10771327810912,13.6282588767951,0.86431394350965,0.132337124460476,0.816021191972244,2010-11-24
CS2_36_11_24_10,9,-0.000311860757804761,7.93555018024536e-05,0.365093956435803,2.81977752689289,2824.65317606948,2822.30957860468,3.98694004589998,3.5918766806523,3.10339603475914,13.8276109829998,0.863010276893158,0.133851227926195,0.815510352793496,2010-11-24
CS2_36_11_24_10,10,-0.00032055116127116,7.9422535849844e-05,0.365295051087671,2.74653033072987,2817.07524423578,2806.10689917406,3.98730498929567,3.598118990346,3.09434803855518,13.7484596826029,0.860679698544758,0.132914518586354,0.814926376285674,2010-11-24
CS2_36_11_24_10,11,-0.000303547235473373,8.0247357962218e-05,0.370485209493451,2.71642665415865,2836.51364673396,2897.85478746833,3.98932456059061,3.59886005769173,3.11930133605382,14.1973986576753,0.866619380875524,0.136717462195645,0.811532932714564,2010-11-24
CS2_36_11_24_10,12,-0.000338474617111511,7.97505465485741e-05,0.363861238919609,2.82076217034923,2876.04842314818,2678.51889015463,3.98225796889074,3.61610035060607,3.17548410913182,13.1250608778402,0.878732099659558,0.126852548471137,0.821806389776042,2010-11-24
CS2_36_11_24_10,13,-0.000336893687476472,7.98783059035769e-05,0.361668612905782,2.79604409655883,2885.70564918008,2616.61419736265,3.97894719170361,3.61268108474965,3.18873615671915,12.8219034589932,0.881673795528351,0.124265499642113,0.829440338235269,2010-11-24
CS2_36_11_24_10,14,-0.000332531847749245,7.978208356166e-05,0.358994550321489,2.82948659033515,2826.3097868198,2601.57920114402,3.97672500842955,3.59646083414555,3.10872803569348,12.7466168959482,0.863507150409073,0.121547868567708,0.828419384424341,2010-11-24
CS2_36_11_24_10,15,-0.000302731876221221,8.08240189077892e-05,0.374597410348119,2.7753627903107,2792.18413139376,2897.4796053711,3.98665665820905,3.58650985015066,3.06366797975875,14.1957135748442,0.853056598048228,0.136125967287615,0.812775949505542,2010-11-24
CS2_36_11_24_10,16,-0.000320784687648714,8.02654067715873e-05,0.373452607581587,2.69152547645692,2780.3092257774,2880.96437368201,3.99013137663564,3.59069717184026,3.04940017542603,14.1145032548784,0.849440689273177,0.135095013463738,0.806038757144547,2010-11-24
CS2_36_11_24_10,17,-0.000304444525663058,8.037333791341e-05,0.37642257614746,2.69563808139752,870.428692759247,2922.52603683234,3.99044481810037,3.80495586395264,1.01010681134065,14.3184068942512,0.26592570652397,0.136824734678964,0.802279838224031,2010-11-24
CS2_36_12_06_10,2,-0.000295594804024176,8.00721512732043e-05,0.33290051974313,3.02142456329799,2839.08301572413,2747.69458104938,3.98198962358781,3.59915532420079,3.12181979757314,13.4609757486158,0.867452160352342,0.12887148270277,0.827528652377121,2010-12-06
CS2_36_12_06_10,3,-0.000298288136093227,7.91987596737095e-05,0.335067120221974,3.00197690442661,2836.56757349289,2814.83342719074,3.9880633354187,3.59448510656754,3.11565953084127,13.7897606042405,0.866683629656311,0.133339395311217,0.816947538107246,2010-12-06
CS2_36_12_06_10,4,-0.000290882351579225,8.06480929879368e-05,0.36107080159645,2.79832278019234,2847.50549495476,2890.58166488686,3.98884065241753,3.5989444181323,3.12858008721533,14.1613100633379,0.870011593447993,0.137251230317269,0.816065295610315,2010-12-06
CS2_36_12_06_10,5,-0.000305095439853021,8.0389385855865e-05,0.354415151398497,2.92695377906555,2887.53905780616,2708.91887336217,3.98337537712521,3.61087295230554,3.18865666706438,13.2732983894364,0.882244257122484,0.128514878758658,0.824082413045577,2010-12-06
CS2_36_12_06_10,6,-0.000313920374193339,8.08091128350751e-05,0.360020425161053,2.8044149239884,2893.991954341,2668.38709347684,3.9789748526201,3.61482143888668,3.19762515732795,13.0750748447101,0.884240353578948,0.126857313813106,0.831880517284302,2010-12-06
CS2_36_12_06_10,7,-0.000345689347661966,8.08805571012956e-05,0.355680149146628,2.83312338221438,2835.27083905911,2599.65240025139,3.97860463604783,3.59567965318759,3.11549916373524,12.7370857335376,0.86625781192175,0.122775061207589,0.830349482267469,2010-12-06
CS2_36_12_06_10,8,-0.000290778553377225,8.11708805096208e-05,0.363167842957559,2.77905098315762,2801.11507588615,2910.65951089442,3.98720240592956,3.58462242829172,3.06951132669781,14.260350707552,0.855814084284203,0.138121655258786,0.814775412450934,2010-12-06
CS2_36_12_06_10,9,-0.000299905843046359,8.07727614450208e-05,0.372700812656485,2.72215355969884,2802.33173100061,2911.55028678596,3.99096716367281,3.58905876310248,3.07427495721009,14.2646871346403,0.85616208789673,0.138272894881002,0.808152655486997,2010-12-06
CS2_36_12_06_10,10,-0.000301465065818569,8.09778180138973e-05,0.369818110032716,2.77171994661285,2784.8027546321,2906.1441040832,3.9889662327305,3.58865528411054,3.05141475275915,14.2381361886484,0.850830259039676,0.137729804128659,0.807451592018179,2010-12-06
CS2_36_12_06_10,11,-0.00030343639750586,8.12785096581126e-05,0.375614072935164,2.67591197523775,2780.23855806449,2957.75237848917,3.99132618966041,3.58871733381393,3.04767727303395,14.4912038096356,0.849428762556434,0.139309083210829,0.803375962075983,2010-12-06
CS2_36_12_06_10,12,-0.000288000468104236,8.16334130186741e-05,0.38271981059089,2.66482281715992,2791.39709012736,2982.59527735748,3.99155423687954,3.5831459221087,3.0601653072864,14.6128715967935,0.852831346705747,0.140910231243058,0.801144403766063,2010-12-06
CS2_36_12_06_10,13,-0.000314056915751971,8.1323366379151e-05,0.380734001864687,2.64223153541355,2835.30677874366,2786.915281514,3.98662879056991,3.60686082889636,3.12531599866932,13.6558777443089,0.866263540653994,0.13198767350456,0.808871013033028,2010-12-06
CS2_36_12_06_10,14,-0.000334420713643516,8.16146175165978e-05,0.370759090597839,2.70869798306112,2846.16711283234,2721.6835870262,3.98191824704409,3.61387288322051,3.14046962563252,13.3364793391737,0.869596812966094,0.128445972854566,0.81833906592357,2010-12-06
CS2_36_12_06_10,15,-0.000340339330155596,8.15369189891659e-05,0.369708912865649,2.7167456364511,2795.94340440555,2612.71574285702,3.98020766684728,3.59245336683173,3.07198538101858,12.8015064479178,0.854230974135616,0.124799598509744,0.818320372874932,2010-12-06
CS2_36_12_06_10,16,-0.000311959514487892,8.21226563282216e-05,0.379843628955833,2.69632462886528,2760.31854468235,2924.92470154772,3.98892441872627,3.59027736417709,3.02438024892815,14.3302902114337,0.843331516971788,0.136947167530455,0.804452653773251,2010-12-06
CS2_36_12_06_10,17,-0.000301829368057302,8.14701921683987e-05,0.382672132175964,2.62268886125753,2759.13124058174,2905.23813068832,3.99233443440955,3.59229244211669,3.02511752089873,14.2337794677783,0.842970282356019,0.137115413594258,0.796478375382659,2010-12-06
CS2_36_12_06_10,18,-0.000301118239942179,8.21397933262226e-05,0.382967370649402,2.62657679779284,2743.86576517834,2927.3463205685,3.99182735237421,3.58430876526781,3.00572758347517,14.3420614105437,0.838304147496746,0.137533778646326,0.795575467751559,2010-12-06
CS2_36_12_06_10,19,-0.000290547220178964,8.21049298355755e-05,0.386411979765745,2.69337210586795,2736.44361400564,2948.45531649792,3.99233792949196,3.58128528441152,2.99696634198834,14.4449719309483,0.836017408567348,0.138938601481956,0.79162457616566,2010-12-06
CS2_36_12_06_10,20,-0.000295244590606213,8.25304870836337e-05,0.385323638710283,2.64536032599451,2738.55094220579,2968.12657883269,3.99407027730879,3.58039531400127,2.99799613302166,14.5411176125009,0.836674900742463,0.139971917426164,0.789458824891151,2010-12-06
CS2_36_12_06_10,21,-0.000319746392075461,8.19331795017958e-05,0.386134274078284,2.62805614283468,2792.13334435262,2794.5531132445,3.99020290529573,3.59874642773678,3.07431366343397,13.6924767643767,0.853069938817261,0.131143657717955,0.794314187792362,2010-12-06
CS2_36_12_06_10,22,-0.00032480357540628,8.20718545526975e-05,0.38347196473789,2.62768148720007,2804.13363908455,2728.93351093293,3.98394131508602,3.60666090814691,3.09109296157841,13.3711455735551,0.856739362973437,0.128387609117462,0.806357573323455,2010-12-06
CS2_36_12_06_10,23,-0.00033037619850511,8.20988436227118e-05,0.384791033619814,2.6583257755031,2757.74116695699,2639.29309323625,3.98257704173462,3.59803287957304,3.0288049136168,12.9320027318935,0.842550130482917,0.12651872911036,0.807988047797432,2010-12-06
CS2_36_12_06_10,24,-0.000313230302840145,8.26036649455088e-05,0.391526015876745,2.5717734034014,2733.225855342,2938.03371017647,3.99134834973436,3.58380892199855,2.99649974723373,14.3938126126608,0.835055537436322,0.136783135237501,0.793835660038761,2010-12-06
CS2_36_12_06_10,25,-0.000304425422492183,8.22288914320527e-05,0.385837402508736,2.6522412583267,2746.30411849183,2879.30127448923,3.99211453136645,3.5940427882697,3.01602182772484,14.1067915954382,0.839058857832143,0.135270285840377,0.789946389270841,2010-12-06
CS2_36_12_06_10,26,-0.000318350947048468,8.22200631276274e-05,0.383358325986039,2.61784443252788,2737.1638465767,2832.72440958233,3.98902831825555,3.59014848227142,3.00515360337555,13.8790531695912,0.836265981766945,0.132541163189821,0.793242106973468,2010-12-06
CS2_36_12_06_10,27,-0.000311101358178196,8.18646274644023e-05,0.380065537532145,2.6420564740501,2732.15026860073,2813.70913446148,3.99058345408221,3.58790699384546,2.9990427875963,13.7861392481236,0.834719374573601,0.131752196803255,0.790403778229551,2010-12-06
CS2_36_12_06_10,28,-0.000318588819245862,8.183383146588e-05,0.37990434121087,2.66120775663743,2722.77291363356,2791.22526540817,3.98954108200575,3.59239773128344,2.98700671779747,13.6755291244095,0.83186385089469,0.131061239986298,0.788379755527057,2010-12-06
CS2_36_12_06_10,29,-0.000329034944739036,8.07391924108457e-05,0.368311297274649,2.75793597860048,2781.69921457709,2724.91616456106,3.99095609920477,3.60929644361455,3.06654495865692,13.3517898471914,0.849885082741014,0.127562623658148,0.788664647604197,2010-12-06
CS2_36_12_06_10,30,-0.000330620558603614,8.24308553684573e-05,0.383724822673164,2.6677448867452,2789.77580069593,2676.13784870313,3.98287145043634,3.61424866635749,3.07736329814597,13.1136725495766,0.852325382196462,0.125485659423282,0.802770339916008,2010-12-06
CS2_36_12_06_10,31,-0.000336563497369684,8.2348095580221e-05,0.383180743355357,2.6694675811084,2768.88585972629,2656.10768325179,3.98230948025667,3.60652051327076,3.05346188968123,13.0155740375829,0.845942980278209,0.124404743567196,0.805092797119079,2010-12-06
CS2_36_12_06_10,32,-0.000323738858019761,8.23533668102304e-05,0.382204440869586,2.67775622609154,2726.17930000502,2765.19434701896,3.98723363722524,3.59677275367405,2.99348199232153,13.5485841099231,0.832905928125456,0.129506085340239,0.796185408506471,2010-12-06
CS2_36_12_06_10,33,-0.000316864590819049,8.20466805313306e-05,0.384445206153234,2.65819042914667,2731.02328656428,2789.1155004442,3.98984052005567,3.60103685700375,3.00103003696586,13.6652339740139,0.834371979415803,0.130766232248641,0.787162897488472,2010-12-06
CS2_36_12_06_10,34,-0.000324032274679371,8.24987412826606e-05,0.386280555016547,2.62176432762626,2725.33576234401,2771.63147295424,3.98910242591808,3.59947347640991,2.99510381917361,13.5802753283139,0.832658565833084,0.129560761180786,0.788589871609421,2010-12-06
CS2_36_12_06_10,35,-0.000326527030155834,8.2468470382509e-05,0.382758625643754,2.74694102753303,2723.71063425532,2764.9286631248,3.98979583285213,3.59910199434861,2.99345705700922,13.547528608891,0.832163564241064,0.12907580141968,0.787141623720569,2010-12-06
CS2_36_12_06_10,36,-0.000329707230866873,8.22920957313176e-05,0.385754138832597,2.61636888239306,2712.41369129723,2755.85047088255,3.98898378014564,3.59256498969119,2.97862911673094,13.5027098589217,0.828710548432888,0.128321866656116,0.785798802418961,2010-12-06
CS2_36_12_06_10,37,-0.000331926538550606,8.24809911825612e-05,0.391772288589377,2.60439900839825,2760.09096001164,2739.15083384304,3.99135475252804,3.6116542431616,3.04241302479673,13.4217983101467,0.843287832921802,0.128802123961352,0.785327795076641,2010-12-06
CS2_36_12_06_10,38,-0.000349034178549546,8.2681919662238e-05,0.387385196477466,2.61694447540762,2770.43357639975,2642.60727754637,3.98348632225623,3.60866578842731,3.05672849094427,12.9485830820633,0.846454221529052,0.122992583801959,0.797695431071474,2010-12-06
CS2_36_12_06_10,39,-0.000339538698030523,8.27164719740876e-05,0.385695294518451,2.69884116143036,2776.69923316059,2626.06150255178,3.98269297059175,3.6125996467915,3.06523601987954,12.8680414095762,0.848359011861463,0.123088826961462,0.799538611065799,2010-12-06
CS2_36_12_06_10,40,-0.000351209529233033,8.28378247910546e-05,0.388056134308185,2.60066437226382,2778.8086854766,2612.1580797038,3.98259549653983,3.61401778332731,3.0681736924575,12.8002788175946,0.848995886513285,0.12191784696306,0.801373220807268,2010-12-06
CS2_36_12_06_10,41,-0.000347751207330203,8.27339989661907e-05,0.387516493442872,2.63298664954123,2779.82462717348,2603.06230209599,3.98201935804343,3.61470874573322,3.06963233422786,12.7555378487735,0.84931538311888,0.121831361707491,0.80172209162616,2010-12-06
CS2_36_12_06_10,42,-0.000349506684240408,8.27293328045272e-05,0.388472560117074,2.63018977343463,2779.87174711464,2597.03140966216,3.98158161398731,3.61483280202176,3.06972409963173,12.7264162335274,0.849314611788289,0.121624790010981,0.802020842026554,2010-12-06
CS2_36_12_06_10,43,-0.000352285550608075,8.2695393997625e-05,0.382659075399848,2.68221540557004,2778.7939419027,2586.81295695557,3.98121460932719,3.61469839481597,3.06874734502503,12.6763080367579,0.848993778328899,0.121135064106186,0.801973834232959,2010-12-06
CS2_36_12_06_10,44,-0.00034746546479419,8.27227944529844e-05,0.384887663324805,2.6245544334492,2781.54444798641,2580.73506953154,3.98112029214449,3.61700736208165,3.07300578779955,12.6460482699787,0.849834764022054,0.121159953048627,0.801507482405448,2010-12-06
CS2_36_12_06_10,45,-0.000356401376203337,8.27262143106093e-05,0.381764994274131,2.64015205206185,2781.74781377928,2557.82977461105,3.981011952994,3.61789475856943,3.07401576111874,12.5345556396637,0.849924198765993,0.119768354314009,0.802778870102774,2010-12-06
CS2_36_12_06_10,46,-0.000354277330531765,8.27288020400477e-05,0.380515558735036,2.69669128916807,2781.18527669733,2547.73640607676,3.98078172161894,3.61812911135085,3.07368737485413,12.484806277823,0.849732096092951,0.119490638397558,0.802478631043549,2010-12-06
CS2_36_12_06_10,47,-0.000354495340698973,8.27466883275113e-05,0.383665416805639,2.64894790497368,2780.45103178208,2537.54916925961,3.98064418858702,3.61829452565376,3.07326078181684,12.4349272553939,0.849518346451473,0.11920132834712,0.802180474901948,2010-12-06
CS2_36_12_06_10,48,-0.000358336305267334,8.26735788563436e-05,0.384406087151369,2.71464963165974,2781.15432417829,2531.03364830645,3.98060242185053,3.6188424851032,3.07427522592158,12.4030904407172,0.849721120740497,0.118653968105996,0.802125709344618,2010-12-06
CS2_36_12_06_10,49,-0.000355959559220411,8.27605168057674e-05,0.384307135173377,2.66144283344484,2782.21689444344,2530.5674356441,3.98047610798722,3.61936285394303,3.07561729287845,12.4007673109282,0.850054917462692,0.118898559700338,0.80218752994294,2010-12-06
CS2_36_12_06_10,50,-0.000359311014695254,8.28505682693805e-05,0.384671098532484,2.62620673229887,2780.21698936157,2528.29935729835,3.98020411137515,3.61891658255394,3.07367809002652,12.3892151040937,0.849468627409403,0.118746215764957,0.802585903375495,2010-12-06
CS2_36_12_13_10,1,-0.000306860740053768,7.54006566608722e-05,0.357065719757433,2.86909311699334,2760.35180058338,2847.27193952605,3.99726343774176,3.60706503416902,3.03867482190237,13.950809356327,0.843362859400038,0.133582599238865,0.799224441976252,2010-12-13
CS2_36_12_13_10,2,-0.000333797436209329,8.19442790765628e-05,0.379121430397885,2.65196983136922,2730.41488065455,2678.11921463604,3.98652955507621,3.60324636749599,3.00245196075426,13.1216435465483,0.834213348614014,0.127445858732762,0.798476837783613,2010-12-13
CS2_36_12_13_10,3,-0.000320266019141234,8.25545538824421e-05,0.388903276782818,2.61315202419885,2728.32112469337,2722.63328854187,3.98958726022758,3.5990632513295,2.99717062791199,13.3393742949081,0.833556864673051,0.129634581274163,0.787792380935506,2010-12-13
CS2_36_12_13_10,4,-0.00034004334972348,8.26545809731372e-05,0.388833627095222,2.58873616355571,2762.51139142212,2582.51445218177,3.98689086514134,3.60653255848174,3.04832972257194,12.654374456396,0.844033337707349,0.123540722092229,0.790056695899125,2010-12-13
CS2_36_12_13_10,5,-0.00034793832716705,8.2736432283139e-05,0.389577502914878,2.58346263343617,2762.91839230315,2556.68753620471,3.98349251413042,3.60773874850983,3.04965905800592,12.52815112126,0.844147070648874,0.121945231595075,0.797532809652645,2010-12-13
CS2_36_12_13_10,6,-0.000355231725073578,8.29025597048596e-05,0.387013144328773,2.60434604602699,2706.05711074596,2511.28251535166,3.98306437358735,3.59585902483567,2.97609752282694,12.3054236271354,0.826768690112672,0.120964037758239,0.796371641625418,2010-12-13
CS2_36_12_13_10,7,-0.000326791414491103,8.28852916808878e-05,0.393259847400431,2.56962039680631,2680.54075577803,2695.52513666854,3.99038353345252,3.59157445142557,2.94328935493642,13.2072526996833,0.818964981172091,0.127974510692745,0.779076952710002,2010-12-13
CS2_36_12_13_10,8,-0.000328527585956529,8.32173011694277e-05,0.395370819053109,2.55143787832017,2679.07216661036,2725.6491316715,3.99269496440887,3.5925338111081,2.94295010925634,13.3546085338738,0.818537133613069,0.128832742943573,0.774433449256257,2010-12-13
CS2_36_12_13_10,9,-0.000328618100033677,8.35718113804627e-05,0.401075370595023,2.52216019163696,2671.91590548982,2717.68021600136,3.99183110078176,3.59047445884118,2.93528738591479,13.3152898337793,0.81633897305409,0.128382594504703,0.774386557866689,2010-12-13
CS2_36_12_13_10,10,-0.000322958797375188,8.37071182974098e-05,0.396029983323692,2.55853810244365,2660.91577340421,2711.46191364511,3.9915598910927,3.59453922907511,2.92138754945767,13.2851415879569,0.812973079407575,0.12859206148529,0.77189981511831,2010-12-13
CS2_36_12_13_10,11,-0.000326817654232013,8.37885427646219e-05,0.399850700109222,2.51454295815054,2652.24416670443,2731.47697963202,3.99221090368322,3.59068427350786,2.91105018119796,13.3832179401746,0.81031966224372,0.128751287915893,0.769122694005727,2010-12-13
CS2_36_12_13_10,12,-0.000334493818928661,8.31504236000369e-05,0.398869031626222,2.53185441820953,2696.7930336414,2659.85588996005,3.99411993218748,3.6079230098934,2.9703414867293,13.0331782146735,0.823942595335068,0.12561100552396,0.768620205264905,2010-12-13
CS2_36_12_13_10,13,-0.000345168552356759,8.39993373423521e-05,0.400228107710057,2.52835265177263,2706.62171822999,2621.98264726724,3.9867865019723,3.6047991954762,2.98411494812294,12.8477178937248,0.826950120975441,0.123155462091332,0.780052562118617,2010-12-13
CS2_36_12_13_10,14,-0.000349106578385499,8.40499151164501e-05,0.397045832860018,2.54983582970438,2709.27863071952,2611.82961631019,3.98643145685882,3.60663546686587,2.98785236780366,12.7988920470581,0.827763274344194,0.122589066233557,0.782405586405824,2010-12-13
CS2_36_12_13_10,15,-0.000334187007683883,8.57588782289639e-05,0.41741657125842,2.42965566020819,2642.80738846475,2746.43046590246,3.98734788073609,3.58732963932885,2.9005545586352,13.4565283062469,0.807454689639416,0.128490459792022,0.780138550282203,2010-12-13
CS2_36_12_13_10,16,-0.000325329766381409,8.462150433351e-05,0.4089980606688,2.47745155714055,2636.43211905705,2785.25680646262,3.99511411887448,3.59378700042039,2.89246346057681,13.6462853674256,0.805514221954207,0.130859065094636,0.763866587223219,2010-12-13
CS2_36_12_13_10,17,-0.000324984734055775,8.44550586059989e-05,0.405941467075342,2.51047206558868,2638.46367213375,2744.83623886982,3.99439021032684,3.59678439076027,2.89659843026005,13.4486230600625,0.806144258203537,0.129592119643542,0.763310826611023,2010-12-13
CS2_36_12_13_10,18,-0.000325228655115226,8.4670704242239e-05,0.40440955931076,2.50897402474268,2625.58842846507,2752.10165894823,3.9937202752042,3.59014718452196,2.88056251982579,13.4845014990129,0.802205998450701,0.129250813061065,0.763180935737762,2010-12-13
CS2_36_12_13_10,19,-0.000318977343764365,8.47605368215307e-05,0.4052291101213,2.49670895476725,2626.35410110696,2772.2886783045,3.9952103961004,3.59097159578559,2.88185761242561,13.5828482716025,0.80243765748675,0.13027826000228,0.759714335419779,2010-12-13
CS2_36_12_13_10,20,-0.000319069244415079,8.50377944249475e-05,0.409958267837639,2.47293813655421,2650.01125138052,2782.97247609438,3.99486760080677,3.5937797387441,2.91191543141627,13.6351856627212,0.809674291486223,0.130203685332049,0.759419855124819,2010-12-13
CS2_36_12_13_10,22,-0.000331353744197395,8.45536315321001e-05,0.406988208764787,2.47746630666783,2673.12166789814,2770.04182377341,3.98822293312926,3.60044731936612,2.94463837398329,13.5732420876786,0.816733148650245,0.127682536578155,0.782770077080855,2010-12-13
CS2_36_12_13_10,23,-0.000347322979887916,8.51707211026595e-05,0.408778515742613,2.45786459010601,2646.90302537967,2674.41928385061,3.98876380604624,3.5979514254464,2.91267944367085,13.1048055883151,0.808716908437972,0.123841548945037,0.774678921159198,2010-12-13
CS2_36_12_13_10,24,-0.000323091380214509,8.53164002576015e-05,0.409660233912248,2.45261266787059,2610.40117330474,2787.39792660772,3.99399025586187,3.59245262904601,2.86171606724607,13.6569482265735,0.797558326745945,0.130286330604409,0.763235638921798,2010-12-13
CS2_36_12_13_10,25,-0.000323325100851959,8.5760873229166e-05,0.416374219304748,2.48112530454734,2591.48278359955,2832.69244245833,3.99594912264082,3.58509576862509,2.84022327631811,13.8782433746311,0.791787385713557,0.131772733886613,0.75524871845904,2010-12-13
CS2_36_12_13_10,26,-0.000319291895535296,8.48509035582002e-05,0.404106306829413,2.49702480370626,2612.99526007488,2779.7729236311,3.99764420588811,3.58662381868684,2.86726085506361,13.6197095814445,0.798347851794782,0.13013367091429,0.751334813789702,2010-12-13
CS2_36_12_13_10,27,-0.000329765286519915,8.55730100715195e-05,0.412673919156086,2.45566206926549,2602.01047812746,2757.19550821121,3.99434957668699,3.59198880737478,2.85441496228467,13.5087967628707,0.79499732301583,0.128827909289495,0.756420491287195,2010-12-13
CS2_36_12_13_10,29,-0.000306434834069888,8.55704210861123e-05,0.416051753538717,2.426315962097,2602.21382730908,2983.39281973103,3.99677359726694,3.58936594562097,2.85254853416756,14.6166036142421,0.795069021009925,0.136707178855643,0.760011124211274,2010-12-13
CS2_36_12_13_10,30,-0.00032930912278042,8.61571426695584e-05,0.417233338995415,2.40485753734462,2635.27794225246,2757.04113124008,3.99447597216253,3.60200390922889,2.8982891113054,13.5086516511212,0.805190351147029,0.128270877895574,0.757085438837667,2010-12-13
CS2_36_12_13_10,31,-0.000328253763936195,8.5896056090986e-05,0.412365088324567,2.44005812721699,2660.62201405037,2709.83976188285,3.99043564893761,3.60390301545461,2.92897164293389,13.2783304077036,0.812922747693796,0.126723226756677,0.763013255482012,2010-12-13
CS2_36_12_13_10,33,-0.000309377936673366,8.54442542358468e-05,0.414080906333774,2.43434588382893,2597.1822115017,2944.48834883654,3.9916461818927,3.5862516652454,2.84583873094222,14.4263156101627,0.793527185807752,0.135377526468968,0.775420773651711,2010-12-13
CS2_36_12_13_10,34,-0.000312121560360453,8.61856342140487e-05,0.420288079976962,2.41366351887483,2607.94765937974,2901.17597351642,3.99782703973197,3.59078504822471,2.85840018656986,14.2139573697117,0.796822369463352,0.134973046563477,0.753114714639061,2010-12-13
CS2_36_12_13_10,35,-0.000313989184767884,8.65316136852817e-05,0.418373239283119,2.39701344748416,2606.66693608399,2846.59956860694,3.99495029118326,3.59240477464416,2.85863256846046,13.9467502747201,0.796425242283046,0.132348203021213,0.756082062701354,2010-12-13
CS2_36_12_13_10,36,-0.000315478749164194,8.62762074969926e-05,0.420093931019089,2.42613569786336,2607.44819793908,2845.3497278663,3.99537884857919,3.5933029895479,2.86001830367656,13.9409461685363,0.796669768534342,0.13249968006331,0.755049594977569,2010-12-13
CS2_36_12_13_10,37,-0.000318917226823095,8.63514158415472e-05,0.420186084088115,2.42474608588022,2597.54003909184,2832.11886181496,3.99501890771919,3.58792844685641,2.8474176995785,13.875937390951,0.793616098649359,0.131716014531914,0.754865096520758,2010-12-13
CS2_36_12_13_10,38,-0.000308439745272193,8.66311518716815e-05,0.422124499225926,2.39187239099372,2629.10402772855,2915.27034189517,3.99706020555296,3.5962548148766,2.88852407820181,14.2835327264053,0.803296168818681,0.134617948147549,0.75250518870907,2010-12-13
CS2_36_12_13_10,39,-0.000327437599182436,8.64835944892355e-05,0.4161623142716,2.41592326547389,2642.79395796847,2750.60425394849,3.99176338902947,3.59478577507867,2.90674831984314,13.478074920681,0.807468787178858,0.128158474425326,0.762302657799478,2010-12-13
CS2_36_12_13_10,40,-0.000331289892066557,8.63786798068893e-05,0.418328504084889,2.40268283664281,2645.76314047998,2725.44888115075,3.99077175597887,3.59682301415337,2.91096215210829,13.3542314709547,0.808401954974841,0.12713006704034,0.764927026901861,2010-12-13
CS2_36_12_13_10,41,-0.000327620678492954,8.61956961978795e-05,0.41732553146448,2.44413903313438,2649.84355710982,2716.5412365197,3.99007461522077,3.59924720923106,2.91632042066478,13.3109200810717,0.809651867139335,0.126923650351382,0.765542894838205,2010-12-13
CS2_36_12_13_10,42,-0.000335807142642028,8.6128280729536e-05,0.413542860152926,2.42794968080701,2649.96678432095,2696.16875766462,3.98912904874698,3.59947577582465,2.91650838262472,13.2111948542635,0.80965918635917,0.126024555769673,0.766651709127993,2010-12-13
CS2_36_12_13_10,43,-0.000334758910395125,8.6119545629201e-05,0.416149194280127,2.44418810406076,2654.34172644612,2689.65391814703,3.98884669349,3.60211412906647,2.92237071877253,13.179461307831,0.811016637281565,0.125947749959869,0.766685429645459,2010-12-13
CS2_36_12_13_10,44,-0.000335710420345141,8.62066757146828e-05,0.413220962157583,2.43006765275892,2656.23261226289,2673.04471201642,3.98912596382551,3.60356828106774,2.92510527025364,13.0982704238912,0.811592071950299,0.125472420735058,0.767655585904334,2010-12-13
CS2_36_12_13_10,45,-0.000337964668558572,8.61205261680494e-05,0.41655738261752,2.43988390718545,2659.71731435484,2661.77974026755,3.98835740473446,3.60594027572208,2.92993591940011,13.0431615387631,0.812655981187131,0.125002910757544,0.768387625547986,2010-12-13
CS2_36_12_13_10,46,-0.000335246711867269,8.61101298922199e-05,0.415160682660362,2.43122709203242,2657.9365937502,2654.26434071484,3.98766930151306,3.60470209121704,2.92748631830713,13.0064221154094,0.812123386269733,0.124770154393098,0.768926889989569,2010-12-13
CS2_36_12_13_10,47,-0.000346633450081281,8.60591405533138e-05,0.415051550656813,2.42772503129334,2657.84302471735,2636.54622110562,3.98740406484412,3.60495586130354,2.92758678387781,12.9196145771156,0.812085690142107,0.123640384115496,0.768853109240202,2010-12-13
CS2_36_12_13_10,48,-0.000342519734594533,8.6036473542349e-05,0.412238381254779,2.43385337762113,2658.936718432,2632.98419007339,3.98716272443733,3.60593848228455,2.92929117509055,12.9020538658964,0.812418382428484,0.123727889131001,0.768575490643663,2010-12-13
CS2_36_12_13_10,49,-0.000338264521987999,8.60988149254256e-05,0.411492262544726,2.44514897214173,2661.57994934556,2623.89311594499,3.98820616563161,3.60754380491045,2.9327281365601,12.8575580588057,0.813209403040197,0.123606655301561,0.768705900934471,2010-12-13
CS2_36_12_13_10,50,-0.000342530484423261,8.60052744103147e-05,0.414153356608617,2.44076829969109,2663.17176410533,2612.09432566434,3.98743301550547,3.60853544076284,2.93488682482163,12.8001965187703,0.813706441965166,0.122937084099486,0.769603208906221,2010-12-13
CS2_36_12_20_10,1,-0.000276400226010634,7.7207844311862e-05,0.383546688199567,2.66248967040757,2604.53970311159,3095.12307363555,4.00987302339994,3.58271220326424,2.84884354575304,15.1629805204329,0.795712898967983,0.144388276368393,0.764199005536764,2010-12-20
CS2_36_12_20_10,2,-0.000292826677351461,8.62455050645601e-05,0.421126388222201,2.48222960362293,2569.07159283833,2920.11127908102,3.99886341361733,3.57473766392675,2.80520617288523,14.3060921688147,0.784884982666305,0.138276559995274,0.75568825780239,2010-12-20
CS2_36_12_20_10,3,-0.000289340912481068,8.69495914389926e-05,0.42734608520732,2.34208527477388,2552.36871506942,2911.45480943425,4.00174396548952,3.56363976960895,2.78258426786442,14.2634264553027,0.779779417821559,0.138323317019295,0.743501338930795,2010-12-20
CS2_36_12_20_10,4,-0.000320202668528649,8.68857568428049e-05,0.433274490569329,2.32977981188533,2599.16735635832,2788.97541669115,4.00034399911867,3.58920029889453,2.84968099929354,13.6648565804705,0.794083645461099,0.132537829127066,0.741831350525283,2010-12-20
CS2_36_12_20_10,5,-0.000310611217928449,8.70275788911806e-05,0.427526738927737,2.35441062554273,2603.80963691495,2755.83792668178,3.9953237225612,3.59337661754001,2.85692207693134,13.5028463482092,0.795518283752013,0.130841177083699,0.752598708984845,2010-12-20
CS2_36_12_20_10,6,-0.00032135632500984,8.71283376320038e-05,0.428454671990097,2.38582616519595,2577.05911428324,2731.01034324029,3.9946355293537,3.59212084748279,2.8255733780065,13.3813656935385,0.787322741286946,0.129257284359439,0.753679903082858,2010-12-20
CS2_36_12_20_10,7,-0.000301683779100812,8.74943890341177e-05,0.432261250223717,2.32730299409321,2535.74408371371,2842.19089507736,3.9998213179568,3.57446915604347,2.76948362171662,13.9248619280378,0.774703208602473,0.135015173923161,0.743268220020031,2010-12-20
CS2_36_12_20_10,8,-0.000307837565785586,8.77022283533539e-05,0.432146357160735,2.34488157578236,2539.11922685761,2848.76907924567,4.00235191009028,3.57765775225883,2.77479454578038,13.9570256940053,0.775738949679273,0.134638796605191,0.734526125015395,2010-12-20
CS2_36_12_20_10,9,-0.000307812942641907,8.81946811477158e-05,0.432684822743411,2.36255581669855,2534.82234473672,2868.33117991581,4.0007182093833,3.57696089633675,2.77068502568478,14.0535086630972,0.774423110793464,0.13483983260881,0.735588489602697,2010-12-20
CS2_36_12_20_10,10,-0.000311815069026708,8.7920296438718e-05,0.432872306398272,2.33185907921146,2534.80747475835,2836.05118839339,4.00035464849403,3.57935281132543,2.77257273049662,13.8954613231045,0.774429870562354,0.133409606365116,0.735162731745984,2010-12-20
CS2_36_12_20_10,11,-0.000302538437553991,8.80324577913316e-05,0.433313793412438,2.32485872937155,2531.27590328356,2840.1755125956,4.00044785815177,3.57739595202512,2.76813808279972,13.9151270529385,0.773353234208298,0.133507308108268,0.734276594288767,2010-12-20
CS2_36_12_20_10,12,-0.000308410853613215,8.84381788037796e-05,0.432672204189197,2.32478557225734,2559.10638632518,2880.26907397098,4.00093147222944,3.58379324003198,2.80426352148348,14.1126923261857,0.781865245513659,0.133917759143146,0.733835246412954,2010-12-20
CS2_36_12_20_10,13,-0.0003281368710672,8.85069608222521e-05,0.437938764544522,2.30599634780494,2572.1540037393,2769.47828220688,3.99652044873842,3.59273339688093,2.82210415111241,13.5694960489375,0.785847071860159,0.129489241368158,0.742613996545691,2010-12-20
CS2_36_12_20_10,14,-0.000317005980778234,8.85368307519799e-05,0.435346562524974,2.32743346453366,2575.56056722655,2758.72880651007,3.99547332150119,3.59525232753534,2.82696937064318,13.5171641783945,0.786901513337508,0.129324511109301,0.744970646475533,2010-12-20
CS2_36_12_20_10,15,-0.000322128082871883,8.84093197356228e-05,0.436687689375857,2.31558868815157,2522.66731743878,2721.58695186328,3.99446411733027,3.57372333282648,2.75815292110156,13.3347413147163,0.770726199320295,0.127036918168629,0.74410442996444,2010-12-20
CS2_36_12_20_10,16,-0.000307127495299815,8.86299289642463e-05,0.439532074793842,2.2969432026417,2510.51105056121,2871.76917792158,4.00138298324917,3.57830460492302,2.74371083796645,14.0702302833048,0.767016633381244,0.134396306487282,0.73068516799732,2010-12-20
CS2_36_12_20_10,17,-0.00031080259540386,8.8735500495918e-05,0.437017656432892,2.30782454293885,2511.93343730594,2874.48808186452,4.00185528462821,3.58025016223683,2.74635283675036,14.0833540956197,0.767439074591017,0.134411599075027,0.727932293950866,2010-12-20
CS2_36_12_20_10,18,-0.000312797700395475,8.891002754101e-05,0.440007305682671,2.28986609725877,2516.44929995143,2844.69223108081,4.00171866797019,3.58339624404907,2.75253229432291,13.9380696929237,0.768821816898138,0.132936738235153,0.728515185496694,2010-12-20
CS2_36_12_20_10,19,-0.00031262723691665,8.88352407542739e-05,0.43682050049839,2.29765494412661,2510.48008653842,2826.81850009871,4.00046278773875,3.58097237979664,2.74567768049411,13.8504683705633,0.766988972799079,0.132523187778754,0.729538572058868,2010-12-20
CS2_36_12_20_10,20,-0.000307112195879662,8.88001997652641e-05,0.44060012507465,2.27917672115252,2508.51418314842,2839.83357944305,4.00070137525127,3.58064461315379,2.74385992973297,13.9141574761829,0.766401991203161,0.133112902997859,0.727504286951696,2010-12-20
CS2_36_12_20_10,21,-0.000321964584879036,8.89293192205576e-05,0.442201282498532,2.27033513876398,2538.81101341531,2824.53956517178,4.0023125703784,3.58861160555551,2.78321755765308,13.8398984705567,0.77566904995248,0.132088956389508,0.728535920519319,2010-12-20
CS2_36_12_20_10,22,-0.000316199856438337,8.90306812686526e-05,0.436701920929797,2.30794468653014,2545.93622709552,2779.69748809771,3.99684084483555,3.59291518843451,2.79251049622195,13.6200705739777,0.777855081609711,0.129967654021632,0.735983307609468,2010-12-20
CS2_36_12_20_10,23,-0.000315969755938889,8.91632915776842e-05,0.439391918762777,2.2951964710492,2547.71776692389,2769.4169619387,3.99689546882683,3.59410926075869,2.79490235642827,13.5697242901857,0.778394836958936,0.129754539360532,0.737558182308447,2010-12-20
CS2_36_12_20_10,24,-0.000305728495731585,9.03582005274639e-05,0.435791509625573,2.31368184996672,2486.40350707649,2863.36500171732,3.99490351471112,3.57833052249182,2.71571723124919,14.0293513004321,0.75963169940144,0.133670224882535,0.735771882120375,2010-12-20
CS2_36_12_20_10,25,-0.000304753365866819,8.93718706270238e-05,0.438869416615666,2.28364789509375,2477.71626926932,2898.08100437469,4.0036883354187,3.57326310873032,2.70469043274647,14.1988456608047,0.756983353087621,0.135438077570315,0.72064948141837,2010-12-20
CS2_36_12_20_10,26,-0.000305033565748648,8.9373904725755e-05,0.442816887446814,2.26871289509856,2485.16767897076,2875.50341928759,4.00448378810176,3.57847321317309,2.71481973298507,14.0881814286048,0.759252362796114,0.134539978301742,0.71896139060567,2010-12-20
CS2_36_12_20_10,27,-0.000307547575054233,8.98147364948485e-05,0.444999391910478,2.26223605179371,2481.41811433335,2885.64435427927,4.00239373489662,3.57739147685823,2.71095865533561,14.1382411140368,0.758126494430123,0.134657247171094,0.720977724955649,2010-12-20
CS2_36_12_20_10,28,-0.000299147042668787,8.98403442090907e-05,0.445015959229845,2.28119874881698,2472.36937843711,2892.75332898443,4.00345197783576,3.57194997015453,2.69925988750563,14.1729911799012,0.755347664161767,0.135192223086504,0.719651836788612,2010-12-20
CS2_36_12_20_10,29,-0.000306390852172516,8.97491066420039e-05,0.448566782449501,2.25572923040518,2475.04332740122,2902.86050645675,4.00402645388646,3.5744277607827,2.70336710301749,14.2228332371419,0.756166702815663,0.135293001241333,0.717648474897049,2010-12-20
CS2_36_12_20_10,30,-0.000312029836044115,8.83902093534852e-05,0.431955496740606,2.35063521803777,2525.4523904458,2773.41604335909,4.0026156130959,3.58526292235352,2.76955904199996,13.5894481104994,0.77159068851205,0.129880840840483,0.719898027268854,2010-12-20
CS2_36_12_20_10,33,-0.000304804517820031,8.84720073590687e-05,0.439584771687339,2.28601142960132,2496.46718992415,2838.60329078708,3.99408059053018,3.57966326825759,2.73312511671225,13.9087521541116,0.762726144992215,0.132203807699466,0.747813503855813,2010-12-20
CS2_36_12_20_10,34,-0.000311285401628152,8.90873624572079e-05,0.441404544338063,2.28432743251949,2489.35733680817,2811.71081190772,4.00068011075041,3.58548044590723,2.72367165473135,13.7769709968215,0.760547575479455,0.13124583598262,0.724618656067408,2010-12-20
CS2_36_12_20_10,35,-0.000314181573979363,8.93743355848558e-05,0.442353138100476,2.28625920091914,2492.63849874848,2821.88225149887,4.00124241148724,3.57698214474846,2.72793626979437,13.8268818718692,0.761565219927299,0.131913575825431,0.722171780632531,2010-12-20
CS2_36_12_20_10,36,-0.000320087219528263,8.93001819601033e-05,0.443353088987032,2.26590389383466,2503.40493930661,2784.50873747171,4.0005429469756,3.5850445691277,2.74300949460736,13.6434363450625,0.76483553502331,0.129997324377286,0.723670176824066,2010-12-20
CS2_36_12_20_10,37,-0.000314596173401835,8.93197899808982e-05,0.438652853993756,2.29833968273442,2505.87398565857,2754.11868227815,3.99938765816067,3.58610596095814,2.74583245462848,13.494999022496,0.765578659598466,0.129054405853259,0.725813566961357,2010-12-20
CS2_36_12_20_10,38,-0.000324976283918241,8.92921958315198e-05,0.439665302554207,2.29247476981077,2501.531361731,2744.80634693487,3.99878552685613,3.58382500480203,2.74053245038113,13.4492116884716,0.764270079853324,0.128527150990474,0.72639658863981,2010-12-20
CS2_36_12_20_10,39,-0.000317055728170656,8.92253820277416e-05,0.441209067981778,2.32803247053966,2537.25053080439,2754.97655114182,3.9995472776717,3.59525059267532,2.78714891395384,13.4993395773355,0.775199157941037,0.129063001838011,0.726042493170525,2010-12-20
CS2_36_12_20_10,40,-0.000330348963203177,8.93408478682522e-05,0.441368148060997,2.27451746871165,2548.32903712627,2659.43628417212,3.99409139071796,3.60201201328011,2.80158471733564,13.0319376494539,0.778578562017008,0.124944589286832,0.735646808701264,2010-12-20
CS2_36_12_20_10,41,-0.000332328579294747,8.92234387246224e-05,0.437382252157219,2.30611187025953,2553.25165310688,2635.84348278335,3.99299469632162,3.59485577166766,2.80818694077418,12.9165597896991,0.780088713464188,0.12404751319701,0.738286995886161,2010-12-20
CS2_36_12_20_10,42,-0.000331726790544229,8.92511730272887e-05,0.434710268797114,2.31892768333424,2557.14179399266,2619.03172720608,3.99336542449631,3.59729467863324,2.81334838505588,12.8341463787712,0.781281993830194,0.123450862408537,0.739469822931969,2010-12-20
CS2_36_12_20_10,43,-0.000345209635784449,8.91854422205421e-05,0.43854787725884,2.28808763273794,2558.23634613864,2606.79839405214,3.99245814176706,3.5980542637836,2.81482352157187,12.7742795771981,0.781610397233766,0.122744044081144,0.74064689426038,2010-12-20
CS2_36_12_20_10,44,-0.000340028266950686,8.90858851910991e-05,0.433443827570574,2.34412799118927,2558.59623308346,2588.92342147033,3.99188501518089,3.59837820886195,2.81538814941117,12.6865315358621,0.781720466317947,0.122376826753114,0.740569567297007,2010-12-20
CS2_36_12_20_10,45,-0.000338239553841406,8.90607231331182e-05,0.435746757668256,2.30093587687121,2560.45555789681,2586.00181172189,3.99173777420204,3.59999607623309,2.81821068496709,12.6721646018309,0.782290222561417,0.12252490314639,0.740953005121698,2010-12-20
CS2_36_12_20_10,46,-0.000336827095203859,8.90115036911259e-05,0.437816002106429,2.30156100792238,2561.72204010899,2577.83024648612,3.99114086411216,3.60084131668354,2.8199456212828,12.6324822330061,0.78268259648729,0.12215792862178,0.741352283373603,2010-12-20
CS2_36_12_20_10,47,-0.000334044371988299,8.91142863779581e-05,0.436113932946081,2.30849749845796,2562.50306402706,2568.89332154708,3.99201905065113,3.60134399074247,2.82092344598607,12.5886044865773,0.782901568299215,0.121770905053473,0.741572934349313,2010-12-20
CS2_36_12_20_10,48,-0.000335835002229377,8.90974759912289e-05,0.436103129466021,2.31002662297947,2562.67505753611,2566.41128448339,3.9917592075136,3.60190064331581,2.82151575762712,12.5767228766061,0.782957082111274,0.121628770789338,0.741728941490611,2010-12-20
CS2_36_12_20_10,49,-0.0003349473456011,8.91351621400689e-05,0.437676087293332,2.29481902087059,2561.8314479313,2552.84714120952,3.99158936904536,3.60112058157208,2.82018180416886,12.5102669554165,0.782694179512564,0.121101073557712,0.741621414804558,2010-12-20
CS2_36_12_20_10,50,-0.000356691879781927,8.90169085001646e-05,0.435354418601542,2.3474003193167,2561.05046994257,2546.00379866984,3.99154549340407,3.6011522282129,2.81954538548391,12.4766598853591,0.782453725852174,0.120348501858116,0.741809615679285,2010-12-20
CS2_36_12_23_10,1,-0.000300729690836821,7.99646642599099e-05,0.39073771614228,2.63004645655601,2572.46747521101,2775.35432353973,4.00731341213199,3.60007427752703,2.82815127512611,13.5992327419372,0.785949982245061,0.130316182376768,0.73924726930082,2010-12-23
CS2_36_12_23_10,2,-0.000306734582059288,8.76314823692925e-05,0.427527492767686,2.35996061989639,2541.66691298655,2638.57486588009,3.99402681820922,3.59347454891648,2.78933328084973,12.929448242932,0.776542630980019,0.125433078122845,0.746694492533225,2010-12-23
CS2_36_12_23_10,3,-0.000316449595821211,8.82647799036065e-05,0.434212958332034,2.31741104826438,2518.4989200923,2644.99665222843,3.9965267249033,3.59081079258638,2.75997492518026,12.9603251401932,0.769461816538581,0.126649423722729,0.735713155375108,2010-12-23
CS2_36_12_23_10,4,-0.000318339102606493,8.78317633066639e-05,0.438094837853717,2.28937182620279,2562.18950382451,2593.95396859339,3.99834487097604,3.59827580671201,2.81830968031321,12.7110370318882,0.782828451177805,0.124297966459,0.730915448512427,2010-12-23
CS2_36_12_23_10,5,-0.000318252748411743,8.91122530569581e-05,0.437728635760542,2.29304212284941,2563.64337704711,2576.47132687186,3.99194958660152,3.5999439529989,2.82083052094415,12.6258336024248,0.783271128140114,0.122765236955059,0.74161116185246,2010-12-23
CS2_36_12_23_10,6,-0.000321518287623219,8.92367729797451e-05,0.43792967989854,2.29928483211131,2561.81561889625,2559.70667898539,3.99258820381429,3.59961068219152,2.81894527960685,12.5438412645635,0.782686314608919,0.121960352977599,0.741663820290877,2010-12-23
CS2_36_12_23_10,7,-0.000309356697863474,9.04399422301908e-05,0.450678967141206,2.2340859695136,2506.81318097998,2653.12298379198,3.99179814567029,3.58815061625312,2.74822378814415,13.0006464354384,0.76588150405092,0.12584760848697,0.739765123973262,2010-12-23
CS2_36_12_23_10,8,-0.000314044452104824,8.94502321297543e-05,0.440559766688126,2.29884107456646,2479.85923708229,2694.83989602356,3.99865408738454,3.58223714431127,2.7132957840554,13.2051322772823,0.757639025602924,0.128130427253465,0.725179973768475,2010-12-23
CS2_36_12_23_10,9,-0.000310340954816929,8.9889886558291e-05,0.446825952216451,2.28368710591348,2484.00044633723,2695.98264625858,4.0016850468016,3.58648506800334,2.7200610540312,13.2105236578444,0.758926078823168,0.12812979558246,0.718668097141804,2010-12-23
CS2_36_12_23_10,10,-0.000313673164034865,8.98973004772597e-05,0.446259459264086,2.2627615267696,2469.65741512571,2682.65318936275,4.0000073579106,3.5795588124366,2.70294334183962,13.1456533635148,0.754560605183307,0.127411954142499,0.719972620590627,2010-12-23
CS2_36_12_23_10,11,-0.000309957241724497,8.98089438463078e-05,0.439860874256071,2.29341043067498,2466.65705222805,2680.57516183118,4.00124001678298,3.57818783748717,2.69943090673116,13.1352291467967,0.753645714135086,0.127043510726592,0.715514926248664,2010-12-23
CS2_36_12_23_10,12,-0.000311463174011737,9.04097597528119e-05,0.44506042942085,2.26898158137461,2460.92267794318,2708.21512392374,4.00216780164663,3.57493295272191,2.69217556836093,13.2706729091942,0.751888934183501,0.128464738438139,0.714841749653976,2010-12-23
CS2_36_12_23_10,13,-0.000318425721995165,8.91020717777913e-05,0.433447292096131,2.32452271853924,2516.89452024001,2601.8767184968,4.00181034011562,3.60028331139508,2.76614480464366,12.7503528477466,0.769009414354305,0.123535401811545,0.715281316483478,2010-12-23
CS2_36_12_23_10,14,-0.000326927779994607,9.03516849189284e-05,0.448257270103109,2.2417337289619,2521.28614346549,2587.47230761434,3.99376451969147,3.59322782449944,2.77239166137142,12.6803232800439,0.770343752158143,0.122826641815959,0.729076879561052,2010-12-23
CS2_36_12_23_10,15,-0.000329242784228742,9.03989290434625e-05,0.449023533935753,2.26978652973112,2521.94304324532,2577.00421091836,3.9942706037075,3.59416199284931,2.77370110630972,12.6289150698356,0.770554930352819,0.122325586059397,0.730109388284157,2010-12-23
CS2_36_12_23_10,16,-0.000316151677885822,9.17176715704599e-05,0.455454835928414,2.25953976312699,2461.9521933677,2681.6699862947,3.99409483834136,3.57952795993714,2.69658328345177,13.1411938474569,0.752215489801583,0.126894464800357,0.72858110854197,2010-12-23
CS2_36_12_23_10,17,-0.000324785646391667,9.07549760049123e-05,0.454921860086971,2.20236266832094,2440.98595464908,2707.79358692019,4.00087960737723,3.57825169793094,2.67037731074675,13.2685125539188,0.745837155186188,0.128250695494377,0.713005019500125,2010-12-23
CS2_36_12_23_10,18,-0.000306670912927863,9.11732973366638e-05,0.457310503416351,2.20399235671009,2441.01758168673,2711.62183850701,4.00294218312449,3.57892496040068,2.67091997439331,13.2875000528078,0.745846291827053,0.128349587239574,0.707637921338729,2010-12-23
CS2_36_12_23_10,19,-0.000303095811431704,9.13890069304739e-05,0.457530077483717,2.19143238104335,2426.92380992777,2710.1063399972,4.00250341998997,3.58340543653907,2.6545899988089,13.2797648587559,0.741536268498174,0.128108275093917,0.707764248274697,2010-12-23
CS2_36_12_23_10,20,-0.000306721721143812,9.13728447349029e-05,0.457363820875941,2.2702706370733,2418.87675954236,2726.49642765499,4.00440737717134,3.57840205692663,2.64417599114938,13.3601665973872,0.739070107744271,0.128940413456184,0.703594682191551,2010-12-23
CS2_36_12_23_10,21,-0.000321145602843494,9.17799964450672e-05,0.458219912829205,2.19974824581816,2416.42412805324,2743.63641683882,4.00443089369572,3.57762181758881,2.64158722222454,13.4438368332611,0.738326085410931,0.129737069216867,0.701711961786036,2010-12-23
CS2_36_12_23_10,22,-0.000320250392512351,9.05245530532085e-05,0.444712245594099,2.2783870864181,2472.8645918215,2632.40843414684,4.00456433331788,3.59119384345554,2.71471902764113,12.899489801532,0.755595667679663,0.124752532683133,0.70277075821292,2010-12-23
CS2_36_12_23_10,23,-0.000313352962417913,9.155758784502e-05,0.455666912396327,2.23018912839104,2477.92483542315,2607.98793630727,3.99685540686559,3.59465309267952,2.72154411242768,12.7802580142249,0.757136562092298,0.123177335196185,0.716774273111264,2010-12-23
CS2_36_12_23_10,24,-0.000314405790650443,9.15810132366448e-05,0.456745723944822,2.19750814890955,2477.77174922902,2613.72223698895,3.99600656189188,3.59480543647494,2.72156887662051,12.8086106499334,0.757098212550736,0.12342176421946,0.717866178303022,2010-12-23
CS2_36_12_23_10,25,-0.000311411503355588,9.30903662725976e-05,0.472922806013327,2.12249592862242,2414.90926720027,2710.24818997545,3.99680006679367,3.57932845848363,2.64165692538511,13.2809552621186,0.737880690323653,0.128074471642824,0.716184264786551,2010-12-23
CS2_36_12_23_10,26,-0.00031095165851568,9.22370873662252e-05,0.462662435177738,2.17161433875552,2390.64297010322,2739.48056145251,4.00479409730796,3.57569461398654,2.61085258366082,13.4239815691613,0.730449506555451,0.129634303901994,0.699692954033407,2010-12-23
CS2_36_12_23_10,27,-0.000301615732143404,9.26010067516994e-05,0.464491033154857,2.16536571382787,2379.72118726178,2757.9484284292,4.00648744839888,3.56991159474408,2.59754364095252,13.5136797215754,0.727110128878071,0.130293173062194,0.693478307044245,2010-12-23
CS2_36_1_10_11,1,-0.000295200348330119,8.64664680040468e-05,0.405423972061729,2.50330329619085,2451.78418970588,2893.66906766634,4.02405742406845,3.60765458302325,2.70157770652678,14.1809992488016,0.749159042399227,0.131570273136523,0.654104528720183,2011-01-10
CS2_36_1_10_11,2,-0.00032584008340706,9.35031721694621e-05,0.45184932596279,2.24798935646238,2399.61091160855,2650.25090517251,3.9941621888293,3.58927595033878,2.63634493675724,12.9879759286197,0.733200591836181,0.123137655908292,0.71411083035426,2011-01-10
CS2_36_1_10_11,3,-0.000281864820619977,9.49474604367388e-05,0.476720016830223,2.12201325290203,2275.30682801983,2883.23572754249,4.00338089093566,3.56084223846336,2.47303871231149,14.1273935237607,0.695189200389835,0.134562302176601,0.69207198011909,2011-01-10
CS2_36_1_10_11,4,-0.000285092174446697,9.71554374358752e-05,0.500882752524565,2.00534505352348,2236.61757872621,2993.49797084966,4.0155687212944,3.54778775415922,2.42417325866399,14.6662881882199,0.683373212143741,0.13985919824118,0.660890670033345,2011-01-10
CS2_36_1_10_11,5,-0.000281554514960881,9.62400100658175e-05,0.487814143839117,2.05356455066814,2315.54655035433,2799.25804722886,4.0153527657191,3.57011100008518,2.52878776120328,13.7168413935177,0.707515274606267,0.130555426915387,0.654473220347392,2011-01-10
CS2_36_1_10_11,6,-0.000290374881273366,9.63164405626239e-05,0.486571758633989,2.05910256774005,2325.09470830186,2754.88746520096,4.00675828361511,3.57718244685402,2.54171051403992,13.4997304191808,0.710411969300991,0.128829216617193,0.673901088276361,2011-01-10
CS2_36_1_10_11,7,-0.000299945455997164,9.63221421432201e-05,0.485853344211194,2.07385652099232,2325.18942669924,2746.19679125242,4.00632291369968,3.5780353515963,2.5424633706846,13.4575576604846,0.710457596970316,0.128889159488369,0.676073162911329,2011-01-10
CS2_36_1_10_11,8,-0.000278267665528206,9.98318739901563e-05,0.526218290814823,1.90770180293771,2203.2449861069,2956.95251398138,4.00642688293767,3.54458295186361,2.38668509595707,14.488323369906,0.673183728276045,0.13756459703969,0.671740478299178,2011-01-10
CS2_36_1_10_11,9,-0.000267197631828106,0.000100364503916541,0.524326508850613,1.91868183177413,2156.9490248666,3062.91836682655,4.02231103286408,3.53718215798678,2.32798622207019,15.0062449261545,0.659020125099943,0.143195386782999,0.639958429065624,2011-01-10
CS2_36_1_10_11,10,-0.000270650665896572,0.000101874289135657,0.536653662241201,1.89088508367186,2132.12098122745,3111.26094736688,4.02579311240803,3.52300399623505,2.29798610726904,15.2432106627681,0.651427212572982,0.145127306784253,0.627171219921362,2011-01-10
CS2_36_1_10_11,11,-0.000278784081250082,0.000103579798240396,0.545272019407246,1.84733727640224,2102.24627223544,3178.98028936387,4.02851721975538,3.51824163066016,2.26264725518597,15.57477453415,0.642295134720209,0.147981076056797,0.620105264627036,2011-01-10
CS2_36_1_10_11,13,-0.000255888549039745,0.000101071672143348,0.538825741520895,1.88268917390824,2081.32496761696,3399.59965471525,4.02946081292739,3.51985136891755,2.23890031809587,16.656266759677,0.635895046504066,0.156015859490638,0.632585067110371,2011-01-10
CS2_36_1_10_11,14,-0.000273145596709708,0.000106207621805777,0.564125214081826,1.77642935423824,2078.90283058626,3262.94554999884,4.03239683004526,3.51271318381941,2.23224921592589,15.9857321948811,0.635152508958961,0.150871805071574,0.607018340944285,2011-01-10
CS2_36_1_10_11,15,-0.000282669525626744,0.000104829558951816,0.554287938697681,1.8094957607522,2150.21665269865,3066.10818099495,4.03047454245737,3.54600631700803,2.32830925489103,15.0235938753331,0.656954324936611,0.143058602978127,0.608945989836631,2011-01-10
CS2_36_1_10_11,16,-0.000278365877459932,0.000103152300801815,0.539232143553708,1.85691197494219,2170.50003282298,2997.54972576461,4.02242438920907,3.54882323419726,2.35469379594347,14.6879951684796,0.663148373681299,0.139723668271256,0.627634292938031,2011-01-10
CS2_36_1_10_11,17,-0.000272642600321484,0.00010254644509753,0.534062131554954,1.88973402338924,2182.03152390689,2967.37938102731,4.02055348220624,3.55661104498683,2.36949446677971,14.5408702497705,0.666670017610582,0.137458936370119,0.633244730651864,2011-01-10
CS2_36_1_10_11,18,-0.000257393188404609,0.000105319231832007,0.539406267182692,1.86937136273697,2074.76252791306,3127.49549728053,4.01744372929846,3.5179670226406,2.23224861826213,15.3229191063742,0.633885837654715,0.14335826817712,0.632213281292016,2011-01-10
CS2_36_1_10_11,19,-0.000265825590670533,0.000107138015190225,0.571718627806268,1.76019866292203,2046.79384432276,3251.64659171819,4.0327238712496,3.51062255246299,2.19698281939898,15.9304621373363,0.625347249050798,0.151339402315759,0.603266826784087,2011-01-10
CS2_36_1_10_11,20,-0.000258567440273435,0.000108044110637686,0.576040414500455,1.74269317526245,2041.93231776272,3238.25832902308,4.03420401799797,3.51033795220511,2.19278886218922,15.8647831097764,0.623861683919576,0.151059770469162,0.59628344655882,2011-01-10
CS2_36_1_10_11,21,-0.000245226212372221,0.000108811531041628,0.584001066762585,1.71616413831616,2020.7473079398,3256.086013794,4.03536344990872,3.50903471310933,2.16705494476382,15.9519536282817,0.617387569542014,0.150651516868051,0.594610956722809,2011-01-10
CS2_36_1_10_11,22,-0.000257772049270166,0.000109330234531085,0.583801466097095,1.72728182058392,2012.65354274656,3274.88261107798,4.03673705428538,3.50455112042634,2.15759155837245,16.0443414031353,0.614929970009146,0.15296054175211,0.588751861774234,2011-01-10
CS2_36_1_10_11,23,-0.000255887373765347,0.000110021334543107,0.59059582233023,1.70630633809588,1987.84165658176,3272.00963924819,4.03738127435957,3.4990061766961,2.12624328624879,16.0297091528471,0.607337446295443,0.153287725740585,0.585818819990727,2011-01-10
CS2_36_1_10_11,24,-0.000249500057492768,0.000111058013225515,0.591977811473331,1.69450263546053,2028.21629485834,3321.92814657805,4.04055399199327,3.51295962541,2.17567184274067,16.2742090052194,0.619661948298851,0.154780337860731,0.579062354509853,2011-01-10
CS2_36_1_10_11,25,-0.00025283623539355,0.000108453806934549,0.582333218813289,1.73331950752159,2079.38743043816,3141.60648753008,4.03339711591309,3.52993927875035,2.24389054233106,15.3931741954826,0.635309667738221,0.145274975838594,0.593899025861186,2011-01-10
CS2_36_1_10_11,26,-0.000257179694189714,0.000106637229918844,0.568493394848082,1.7600218577728,2094.71740223482,3089.87351778167,4.02876172650535,3.54104694514207,2.2637653970369,15.1403447469684,0.639993358126914,0.142563702342782,0.607137925503261,2011-01-10
CS2_36_1_10_11,27,-0.000273095191084408,0.000105631503281706,0.561392475125892,1.78694739715323,2106.17178331688,3053.9230436534,4.02643731821363,3.53691121273571,2.27820509658064,14.9638026552085,0.643494734087711,0.14200095325631,0.611091269688079,2011-01-10
CS2_36_1_10_11,28,-0.00025580843833315,0.000109693618672336,0.603618818286434,1.66179469421367,2002.70086341232,3243.78987303781,4.0255894115993,3.51117318868637,2.14609517789486,15.8925767891153,0.611876959663144,0.150058406779378,0.61014973082602,2011-01-10
CS2_36_1_10_11,29,-0.000239569927218949,0.000111290318101684,0.603507348589889,1.67574766784429,1964.95108268844,3329.78770952221,4.03976030448048,3.49973353699072,2.10049005605093,16.3128452425417,0.600344263871484,0.154298464436214,0.582645226529356,2011-01-10
CS2_36_1_10_11,30,-0.00024654008119604,0.000111642330032509,0.599450995208276,1.67871475914922,1977.10745679308,3304.27257286079,4.04272156514619,3.50749854899164,2.11530759101365,16.1878598649239,0.604065114471532,0.153974733246333,0.573165026895743,2011-01-10
CS2_36_1_10_11,31,-0.000243781155296625,0.000112301839775573,0.603934404190858,1.66521502305637,1966.41963547375,3301.67866740027,4.0405641173323,3.50178599713454,2.10295059705449,16.1750478103106,0.600790616309424,0.153251930675681,0.576119974649381,2011-01-10
CS2_36_1_10_11,32,-0.000264159686578589,0.000112908180908983,0.614347168825123,1.63116198051334,1960.95330003893,3309.08488670265,4.04131493819387,3.49945069426921,2.0970101799188,16.2114361329443,0.599122030001304,0.155124414241771,0.573348438617594,2011-01-10
CS2_36_1_10_11,33,-0.00024076283072075,0.000113327166879364,0.618435644554353,1.6293583938898,1938.76606302749,3294.14754274546,4.04248796513206,3.49587161613233,2.06920846838793,16.1376779445403,0.592341754715422,0.153083334716966,0.571012793727967,2011-01-10
CS2_36_1_10_11,34,-0.00023379462403613,0.000115304381460249,0.62584194667918,1.61307515060774,1921.24899323966,3366.89600589464,4.04342071388079,3.48476179802056,2.0480385288303,16.4944742529319,0.586989849786276,0.156061950781538,0.565036477108753,2011-01-10
CS2_36_1_10_11,35,-0.000246716653118141,0.000116336871671974,0.636358129135449,1.57474315585397,1912.43626772606,3375.80210577598,4.04504047383319,3.49194322365981,2.03779602411703,16.5375995866437,0.584280225700469,0.157762427091884,0.559980867294857,2011-01-10
CS2_36_1_10_11,37,-0.000238276728025812,0.000112932892430775,0.629981000071056,1.59115760244024,1890.38976724335,3655.09426840127,4.04349816363791,3.49255885928869,2.01269957396405,17.9059639805364,0.57754335212623,0.167871598359208,0.576023338832027,2011-01-10
CS2_36_1_10_11,38,-0.000231274956589208,0.000118355465320775,0.644720992528607,1.55740086672464,1882.85864397191,3426.98878576217,4.04710797245583,3.48819319158792,2.00391761965927,16.7882784447805,0.575239399151008,0.158275620360226,0.553081864820279,2011-01-10
CS2_36_1_10_11,39,-0.000238641359600814,0.000118979764632661,0.651053026361082,1.54289241002575,1866.46794249053,3405.89524384047,4.04708180373365,3.47927205264568,1.98522485847677,16.6851042937439,0.570249828520542,0.158395917173425,0.549780287734509,2011-01-10
CS2_36_1_10_11,40,-0.000241909069964075,0.000119819114180374,0.656693416374093,1.53648917057771,1869.81197538937,3400.69225412409,4.04815350455799,3.48167381435633,1.98936552540212,16.6592973707641,0.571264998020137,0.158175933376957,0.545122077421103,2011-01-10
CS2_36_1_10_11,41,-0.000243767523174813,0.000118859870220729,0.650151500781374,1.54029978081223,1873.73382106062,3331.11547143845,4.04689775271849,3.48765664920211,1.99610178903769,16.3184888487143,0.572459766688957,0.155404977555851,0.546854047751086,2011-01-10
CS2_36_1_10_11,42,-0.000260938533411308,0.00011736682876515,0.640160882485073,1.56597594418857,1932.20264379214,3292.39838402363,4.04701880390724,3.50796312274355,2.07111407919434,16.1306884230486,0.590338551565971,0.154928564224318,0.549703900416275,2011-01-10
CS2_36_1_10_11,43,-0.000260572202777257,0.000113831691221423,0.618139434962244,1.62010150187942,1932.7188290247,3160.02673573635,4.04048804232949,3.50785515163884,2.07148529308479,15.4828045915455,0.590498723660883,0.147201264308948,0.565326286811322,2011-01-10
CS2_36_1_10_11,44,-0.000264893954359258,0.000113606459099499,0.621419042314685,1.61482030726648,1928.21852915268,3143.13604501798,4.04000553833811,3.50644402070479,2.06692032495106,15.4002734575213,0.589124134677934,0.146513334668845,0.564570087272491,2011-01-10
CS2_36_1_10_11,45,-0.000250388464670698,0.000113505043789437,0.618431671500094,1.62293009350074,1925.89037803368,3152.55783948884,4.04031904707564,3.50492491144122,2.064069538852,15.4456633760638,0.588411191729427,0.146196619858262,0.563543350296851,2011-01-10
CS2_36_1_10_11,46,-0.000255996942123369,0.000113774652215397,0.619110842827733,1.62329092064438,1923.28098266257,3143.91727822664,4.04046378744409,3.50355058727842,2.06106136475902,15.4035744452478,0.58760775782667,0.146748593094818,0.562746240799868,2011-01-10
CS2_36_1_10_11,47,-0.000258457484794556,0.000113570947001875,0.613322068074361,1.63704912253331,1921.34374501527,3127.44889457227,4.04057233130678,3.50283400217692,2.05901301718407,15.3233134849196,0.587008181784082,0.146149496565239,0.562207620251971,2011-01-10
CS2_36_1_10_11,48,-0.000257746262778354,0.000113579900012058,0.618735913975299,1.6271666271847,1924.96884328558,3113.93368839991,4.0405240921264,3.50668695478728,2.06437660026615,15.256921767764,0.588127874131989,0.145539406665873,0.561743416174059,2011-01-10
CS2_36_1_10_11,49,-0.000266272916367223,0.000113361235570598,0.613138230674082,1.63618646630548,1925.20309259201,3101.44980973308,4.04118365739521,3.50713117556139,2.06486041672195,15.1962261798929,0.588207026460239,0.145751117309205,0.562666010468611,2011-01-10
CS2_36_1_10_11,50,-0.000269858724258568,0.00011317862044319,0.609875021039273,1.64567130437217,1923.5626234932,3089.99467088253,4.04062101464523,3.50696429339322,2.06333857456175,15.1397425027825,0.587687621669079,0.145336231114635,0.56267728715416,2011-01-10
CS2_36_1_18_11,1,-0.000271275934332651,0.000100748387822583,0.5653442112393,1.77506088169155,2042.49966754295,3321.36928276242,4.04914023030189,3.53232223646981,2.20737641166007,16.2742966703493,0.62403952827538,0.151094156821137,0.562899691329876,2011-01-18
CS2_36_1_18_11,2,-0.00026981855522131,0.000106012496336913,0.566800081029454,1.77412049099891,2002.42202858509,3001.32837298112,4.02787401108515,3.53061227938708,2.15799287050116,14.7063059637754,0.611799351330822,0.139316538809517,0.600806166253109,2011-01-18
CS2_36_1_18_11,3,-0.00029440335142579,0.000108062511534717,0.580417932299836,1.72772450964376,1964.71914830154,2966.36033847474,4.0324840335285,3.51883661924903,2.11209218465706,14.5347908412894,0.600293002523406,0.138499849447586,0.586147399503114,2011-01-18
CS2_36_1_18_11,4,-0.00028723599426489,0.000110410046020168,0.593182791240077,1.6929705484851,1934.76603980883,3010.37372086123,4.03645565052225,3.51229711012407,2.07587525131448,14.7502827198482,0.591129444632312,0.141169827264221,0.574111622911754,2011-01-18
CS2_36_1_18_11,5,-0.000269737734946417,0.00011138095770364,0.604866600693196,1.66755622346316,1910.7787814503,3021.26149473379,4.03903550157944,3.51013895181509,2.04733549018896,14.8034705384471,0.583797004114332,0.142402984146037,0.565804499044986,2011-01-18
CS2_36_1_18_11,6,-0.000259666802432168,0.00011240822678244,0.61271263008797,1.64032039218534,1894.76582780275,3034.56034983266,4.04107203382127,3.50062493911156,2.02841337720786,14.8679363634503,0.578890993865597,0.142215934157796,0.558998879467486,2011-01-18
CS2_36_1_18_11,7,-0.000257009055441419,0.000113349961322003,0.613777210096733,1.63915003577816,1881.07870208404,3045.95049389633,4.04272401204673,3.50623288750648,2.01305513714013,14.9241844064208,0.57470619999345,0.14249282926229,0.554525305063647,2011-01-18
CS2_36_1_18_11,8,-0.00025985387860334,0.000114025150129629,0.624728590092962,1.60355122357932,1875.40739309201,3046.01294755004,4.04352635663489,3.5041297711432,2.00722362099391,14.9242981447734,0.572996223232731,0.142831810011361,0.550690506710736,2011-01-18
CS2_36_1_18_11,9,-0.000288536731142266,0.00011450676981275,0.623120050816953,1.61437677269134,1866.12607357802,3039.98177192964,4.04404219855433,3.49980967491865,1.99698190125328,14.8950897084557,0.570145117179447,0.142575139231603,0.548971056192957,2011-01-18
CS2_36_1_18_11,10,-0.000295436903581032,0.000113233939339897,0.612858680025496,1.64310609100265,1916.65755954417,2964.56288596503,4.04419713175815,3.52142967810998,2.05890955754834,14.5259617504222,0.585592901037222,0.1393282516351,0.547128965214056,2011-01-18
CS2_36_1_18_11,11,-0.000277419123322899,0.000114487578111288,0.630716860570432,1.58998540866391,1894.69124155089,3011.51814248705,4.03706107641521,3.50946614192082,2.03367945070612,14.7558184479458,0.578884889669254,0.141542006805096,0.560648667083045,2011-01-18
CS2_36_1_18_11,12,-0.000273287996417132,0.000113540581788634,0.622333792853812,1.61299216357472,1891.47099459461,2979.20392163085,4.04064126217619,3.50821769787715,2.03027926218072,14.5976390578186,0.577901049999042,0.140027359492178,0.554936572569255,2011-01-18
CS2_36_1_18_11,13,-0.000300414374536196,0.000113671729141751,0.623292086549102,1.61735716488371,1878.67432057047,2947.14273921928,4.04038450565744,3.51425558701158,2.01575190309503,14.4407574079142,0.573962500099558,0.138479043054535,0.554055565811718,2011-01-18
CS2_36_1_18_11,14,-0.000293424265854313,0.000114371731124646,0.615333285270422,1.63411188394536,1858.2054760719,2990.15656689288,4.04222938578616,3.51063309018574,1.98936391623669,14.6510600420288,0.567725437617603,0.139875055160806,0.549769730855085,2011-01-18
CS2_36_1_18_11,15,-0.000265045769816545,0.000115953672854545,0.63731023610147,1.57745285958515,1835.33050636895,3002.96876821079,4.0431395310622,3.49837203252883,1.96335893271271,14.7137406817776,0.560719875538487,0.140753862260693,0.543978872395274,2011-01-18
CS2_36_1_18_11,16,-0.000292553252667549,0.000116242756123253,0.637353151368584,1.57586491869584,1824.22127612396,3009.63998280522,4.04700397385491,3.50552484296983,1.95092103229188,14.7460570314349,0.557321515140524,0.140945967436635,0.53798189792703,2011-01-18
CS2_36_1_18_11,17,-0.000266395650720637,0.000116939202545058,0.644455689092509,1.55312082192093,1815.4716321991,3003.45293571518,4.04736641283785,3.50157999992371,1.94152959480235,14.7162125954004,0.554669174586102,0.141382093175193,0.534842504096112,2011-01-18
CS2_36_1_18_11,18,-0.000292653317782349,0.000117461383255957,0.646556161892239,1.55477810055609,1811.08101640354,3002.89025792395,4.04707261107185,3.49903548532917,1.9364292367402,14.7136984313305,0.553317113960413,0.141013492526087,0.53231448706891,2011-01-18
CS2_36_1_18_11,19,-0.000293563049152479,0.00011785145263934,0.650065262571271,1.54008111225478,1803.03414628728,2995.18747643742,4.04779229380868,3.49453681515109,1.92734359364395,14.6755160435742,0.550890551097218,0.140882220529701,0.53096441661961,2011-01-18
CS2_36_1_18_11,20,-0.000268115566275338,0.000118347474233051,0.657102892861279,1.52332958182749,1795.58115931053,2997.29666037276,4.04934759573503,3.50366112052417,1.91900718888054,14.6852092109878,0.548611584066164,0.141310007920732,0.52882574360225,2011-01-18
CS2_36_1_18_11,21,-0.000294788978958918,0.000118425135067511,0.655031339211518,1.53468289761012,1808.64363370091,2988.78134573862,4.04890748550152,3.50093733110735,1.93558851636346,14.6440119762744,0.552598216252731,0.140750743068005,0.527108404609255,2011-01-18
CS2_36_1_18_11,22,-0.000293306761072611,0.000117470230275671,0.651675292397776,1.53693260554152,1915.58563115878,2976.253587746,4.04747743285104,3.53535931660579,2.06635287682911,14.583794426715,0.585273201685065,0.139337579938651,0.532320871384589,2011-01-18
CS2_36_1_18_11,23,-0.000270281892341446,0.000115167746238399,0.62889205621225,1.59657237576102,1823.31505016002,2897.81526113625,4.03219383209944,3.51173724666718,1.9537734126779,14.1986124397008,0.557064018816926,0.1345245227471,0.559515794853902,2011-01-18
CS2_36_1_18_11,24,-0.000289125546207925,0.000118941250297738,0.655196620983512,1.52950698777753,1798.657510399,3015.98109381497,4.0465419694279,3.50675187736261,1.92318702094467,14.7768350681944,0.549527488219975,0.141793993364721,0.533398583281426,2011-01-18
CS2_36_1_18_11,25,-0.000293161040185285,0.000120407504954741,0.669724438674068,1.49797049345466,1772.76712667648,3005.73089123124,4.04746836903452,3.48819937862334,1.89147461504629,14.7261373891035,0.541621969500567,0.140920813858007,0.526634662275063,2011-01-18
CS2_36_1_18_11,26,-0.000287104737046104,0.000122603904728537,0.685927385390047,1.45922721279819,1753.86118964918,3042.57395950367,4.05034388654372,3.48929039637248,1.86920995885668,14.9060699410763,0.53583284602069,0.143405833400962,0.519229258890299,2011-01-18
CS2_36_1_18_11,27,-0.000284923982562583,0.000123935282790782,0.691040699217636,1.45579430843644,1738.56485667583,3055.88611903129,4.05083478789732,3.49241144778365,1.85106447130335,14.9719715104055,0.531167554669028,0.14439038709153,0.514116879052819,2011-01-18
CS2_36_1_18_11,29,-0.000264076768595187,0.000118574679985926,0.671890134113961,1.49491056298409,1720.89288920042,3304.64751010982,4.04944183360571,3.48310767189931,1.83141944640864,16.1901312262573,0.525757824504281,0.15394104845859,0.536983790666758,2011-01-18
CS2_36_1_18_11,30,-0.000254995926338643,0.000126514816370698,0.70076213849288,1.43577792466678,1713.3929854476,3111.47871935167,4.05397340103432,3.47747982962657,1.82223209199701,15.2439142680239,0.523478550510076,0.14582947693373,0.50620043738608,2011-01-18
CS2_36_1_18_11,31,-0.000255720469722508,0.000127406832527243,0.711872044623961,1.40827431218254,1701.19019182114,3103.16641523724,4.05400413870811,3.48224114960638,1.80761127137422,15.2029490095881,0.519763938548621,0.145714617175193,0.503247350701023,2011-01-18
CS2_36_1_18_11,32,-0.000257902820557527,0.000128269120266861,0.719727579164135,1.39486114902633,1693.36203209843,3101.88496949509,4.05508947674232,3.47683182667042,1.79820998124543,15.1973307544662,0.517351005816371,0.146079779504767,0.499465752486917,2011-01-18
CS2_36_1_18_11,33,-0.000258265679498171,0.000128529505571141,0.716520726744545,1.40190461264685,1706.78381554261,3071.72990371776,4.0561474093908,3.49009402044888,1.81633221721425,15.0495560840408,0.521453008480305,0.14557167883758,0.4982909295186,2011-01-18
CS2_36_1_18_11,34,-0.000270596530600396,0.000127093721436939,0.705363849755246,1.4248723066404,1697.89348497329,3037.43335565718,4.05370650887489,3.48381618795724,1.80565122331163,14.8813478513835,0.518733961827985,0.144000816096222,0.501129024907619,2011-01-18
CS2_36_1_18_11,35,-0.000282563855750658,0.00012762747516427,0.71458317965471,1.40319579444281,1705.22138135083,3058.93358944025,4.05635269582272,3.48961927150858,1.8148111147643,14.9869645679671,0.520980401823623,0.1449777981289,0.498602340385997,2011-01-18
CS2_36_1_18_11,36,-0.000258735935987483,0.000127102267860781,0.7007445784634,1.4331623046,1694.94026998791,3038.07405683165,4.05426125526428,3.48411219695519,1.80343032952095,14.8852061469497,0.517847559794385,0.142841331188346,0.500993584785508,2011-01-18
CS2_36_1_18_11,37,-0.000284647933621356,0.000128471469648175,0.721835267274495,1.39135200208405,1669.92517663829,3074.60459802044,4.05598542660098,3.47677770832129,1.77174223430481,15.0636289826137,0.510197488895581,0.14526278655466,0.497165454743542,2011-01-18
CS2_36_1_18_11,38,-0.00028168953102891,0.000130517882880775,0.727195249924726,1.37828015362649,1662.39345378254,3078.1829913627,4.05726059071429,3.47141275071261,1.76271140183746,15.0807406245466,0.507893877980034,0.145901986416071,0.490131411709298,2011-01-18
CS2_36_1_18_11,39,-0.000281406228862945,0.000131299975463414,0.736519958035059,1.3606913101719,1651.56576160202,3088.83804320032,4.0589959931064,3.46388812232436,1.74981784970199,15.1336871605877,0.504573611221804,0.146296480217132,0.488060364354835,2011-01-18
CS2_36_1_18_11,40,-0.000264154786544102,0.000133785338146252,0.747822825220764,1.34096417102745,1608.53286576964,3146.39990607399,4.05866419156392,3.4582783092152,1.69748296640197,15.4150201288885,0.491426876257331,0.14907008000412,0.484306396601224,2011-01-18
CS2_36_1_18_11,41,-0.000275886851329473,0.00013683536716594,0.760801767960403,1.316189052552,1597.51979967533,3175.53981460218,4.06379647718536,3.4502856948159,1.6843782237443,15.557253986435,0.488065761795205,0.150102479478717,0.47259452388457,2011-01-18
CS2_36_1_18_11,42,-0.000255735997824412,0.00013789814275986,0.763323003584649,1.3140158999266,1581.5355486786,3176.82086717436,4.06405157102665,3.45360934292829,1.66596474137836,15.5631741372267,0.483184737332157,0.150663682447455,0.469606711343126,2011-01-18
CS2_36_1_18_11,43,-0.000271839576634883,0.000139802712376117,0.775516720196089,1.29463158271851,1575.9106961604,3180.89911096776,4.06546628815787,3.44886715765353,1.65894847465204,15.5827365959674,0.481459088238301,0.151082364560234,0.464957180739727,2011-01-18
CS2_36_1_18_11,44,-0.000274876549407665,0.000140284485600288,0.781155067175955,1.2810660262117,1579.8325397314,3185.00829526433,4.06641493524824,3.45517807095139,1.66532628417901,15.6035365687475,0.482660342800862,0.151013577964247,0.464016847101507,2011-01-18
CS2_36_1_18_11,45,-0.000263318943570839,0.000139136399941455,0.765210786410545,1.3124996625018,1589.26996591617,3159.4934252876,4.0644111088344,3.46275778611501,1.67690008702165,15.4789728382253,0.485554253108581,0.149959411738463,0.46510694197169,2011-01-18
CS2_36_1_18_11,46,-0.00027498734472564,0.00013858624393995,0.772824877306857,1.29735201988582,1586.92373176379,3150.66534981725,4.06386907335738,3.46060115761227,1.67385922574447,15.435362175818,0.484826684338129,0.149436808093479,0.467587570284575,2011-01-18
CS2_36_1_18_11,47,-0.000273054701154514,0.000139284310598923,0.779452911285723,1.28500703593203,1575.80138932407,3143.44654973631,4.06414736492533,3.45503709051344,1.66197517060747,15.3998111686583,0.481442375220611,0.149657559131601,0.466606417104849,2011-01-18
CS2_36_1_18_11,48,-0.000255543875703722,0.000139397358514591,0.768975761240061,1.3069209029552,1563.56506088859,3123.25942359661,4.06394368921007,3.44524677594503,1.64699839072338,15.3009144152317,0.477693110467891,0.148004844810916,0.463914266499094,2011-01-18
CS2_36_1_18_11,49,-0.000272225315682641,0.000141668086238732,0.7840397979053,1.27607689522323,1545.52060401504,3149.29017188575,4.06573652530062,3.44521303896634,1.62525831945081,15.4288316040208,0.472177955435038,0.150273897914448,0.459454828688155,2011-01-18
CS2_36_1_18_11,50,-0.000270156096029431,0.000143267784225039,0.796374561832103,1.25710082690682,1531.20803208684,3166.91487767053,4.06783929291893,3.43384134544516,1.60797246856572,15.5147977422316,0.467819500730025,0.150553886586515,0.454450772507202,2011-01-18
CS2_36_1_24_11,1,-0.000249186511001751,0.000122572396815925,0.738882941435952,1.35716502489721,1623.53519307042,3656.70452963771,4.08174811469184,3.46111739533288,1.71826003360692,17.9152922157391,0.496009568111534,0.166738364720935,0.454580753876335,2011-01-24
CS2_36_1_24_11,2,-0.000255613606293862,0.0001321651354838,0.735481659166045,1.36888185439867,1576.37983292359,3152.80638613352,4.0597116279602,3.45568199952443,1.66275584138168,15.4463397346298,0.481616070310342,0.146444427476551,0.481837548923464,2011-01-24
CS2_36_1_24_11,3,-0.000259420199213246,0.000137323897071708,0.760891339393044,1.32114430879034,1536.13022351746,3099.32260177635,4.06348124356337,3.43735890118581,1.61369938355793,15.1845256789895,0.469311220126072,0.145356103253675,0.464889332923512,2011-01-24
CS2_36_1_24_11,4,-0.000272538733996192,0.000142688025918965,0.794233541550721,1.26247144383748,1508.55250510271,3134.38458561337,4.06805366277695,3.43078115353217,1.58100239593967,15.3559867059262,0.460873400508395,0.148366599826452,0.452424712187892,2011-01-24
CS2_36_1_24_11,5,-0.000270548647569712,0.000146092299873732,0.806219287778039,1.24596234261558,1490.83428009925,3148.21241443752,4.0702285080245,3.43450543459724,1.56144972180488,15.4231933533427,0.455466104157607,0.149428266791971,0.444600962156715,2011-01-24
CS2_36_1_24_11,6,-0.000267192605296534,0.000148667743579352,0.818190570610926,1.2244768345795,1475.17839308161,3145.57180545745,4.06993258371949,3.42329755483889,1.54330951537577,15.4104559857975,0.450685646391331,0.14994439043337,0.439336558314523,2011-01-24
CS2_36_1_24_11,7,-0.0002754099080303,0.00015010732002989,0.829077749654309,1.21504819541301,1462.30528462939,3135.85311581249,4.07080340763879,3.4294118642807,1.52885433343243,15.3630581004983,0.446752813296274,0.148766882436729,0.43535746899871,2011-01-24
CS2_36_1_24_11,9,-0.000257675266478123,0.00013943259918737,0.80686972487023,1.24098880740346,1444.89740497702,3406.11415505453,4.06715462812737,3.41897757530212,1.50970715899709,16.6867528815785,0.44143296299764,0.158171134448098,0.463680765723927,2011-01-24
CS2_36_1_24_11,10,-0.000272461233339713,0.000154324655641579,0.844106635168186,1.18678241664888,1438.19444252715,3182.79212254003,4.07291479970588,3.42917452053148,1.50216420236606,15.592061065478,0.439384699806449,0.150074787078309,0.428040106843946,2011-01-24
CS2_36_1_24_11,11,-0.00027860986139753,0.000154520025533964,0.84271056431527,1.18722548305058,1441.6630555631,3151.97795397067,4.07408308591999,3.41799279212952,1.50663198491273,15.4416840804348,0.440456662665876,0.148427654184167,0.425836816534913,2011-01-24
CS2_36_1_24_11,12,-0.000270420599872624,0.000153102634998927,0.837201231661437,1.19603382971425,1452.55382475091,3117.80733419715,4.07440618545778,3.43005975723267,1.52110607618524,15.2747537602862,0.443771979761951,0.148480167338953,0.426324786971634,2011-01-24
CS2_36_1_24_11,13,-0.000277993352702751,0.000151237476166384,0.835059952063228,1.20151769042068,1477.58518071192,3074.5746720407,4.07255938318041,3.44298196306416,1.55453574501591,15.0637296065054,0.45143333839084,0.14701192786676,0.430323236787152,2011-01-24
CS2_36_1_24_11,14,-0.000274572735253008,0.000150030433304192,0.829390676848533,1.21130369800002,1409.24213188561,3095.44817519316,4.07025146856904,3.42967979609966,1.47185878701888,15.165331415068,0.430551302985272,0.147433181413568,0.435412664408415,2011-01-24
CS2_36_1_24_11,15,-0.000274986412042102,0.000156776661779854,0.84844535149831,1.18007853284335,1392.74220024911,3125.85206971838,4.07709648649571,3.41946878532569,1.45373195312424,15.3142449087005,0.425502575805378,0.149057278177978,0.416900289143752,2011-01-24
CS2_36_1_24_11,16,-0.000266392377749565,0.000158562242464059,0.857654165283538,1.16786730406324,1367.492537345,3113.85379882056,4.0783641502775,3.41355784395908,1.42377291072298,15.2556578865108,0.417792719080338,0.149260775329828,0.411459278076359,2011-01-24
CS2_36_1_24_11,17,-0.00026583320821932,0.00016252386600127,0.868566603883231,1.15276656729947,1368.50823297605,3147.91553918304,4.08052624123437,3.41115928710775,1.42355433465774,15.4219394879589,0.418097874619222,0.150268128172302,0.404511930381855,2011-01-24
CS2_36_1_24_11,18,-0.000259534894305582,0.000163556645778307,0.88470848684137,1.13554326600831,1309.82158010465,3165.7117591289,4.07971930503845,3.40049437416924,1.3577121974889,15.5084655192111,0.400168242122767,0.149948309588134,0.404184959774733,2011-01-24
CS2_36_1_24_11,19,-0.000254285766529905,0.000170440043245339,0.899010325722874,1.11472139861699,1297.8371825334,3183.6802155661,4.08550821817838,3.39012454350789,1.34355725453703,15.5966015665119,0.39650974117762,0.150990965471524,0.388068374595987,2011-01-24
CS2_36_1_24_11,20,-0.000253869516105502,0.000173954924535544,0.914897570686606,1.09391464425994,1276.19695278231,3197.7579626635,4.08587940066468,3.39083737676794,1.31966742295407,15.6650826046127,0.38989962381872,0.151668002836888,0.384581357680682,2011-01-24
CS2_36_1_24_11,21,-0.00025962956120509,0.000175994467988886,0.920738167659821,1.09444491269393,1272.37114560365,3187.335984848,4.08824791908264,3.38563950495286,1.31439293813703,15.6139597714338,0.3887237529312,0.150939946510228,0.378672671852719,2011-01-24
CS2_36_1_24_11,22,-0.000245015855633421,0.000178170982948154,0.925751986396269,1.0813641552627,1264.50962024857,3192.66585066856,4.08677620303874,3.38062205639752,1.30589153749095,15.6402707458136,0.386324299530531,0.150733867389176,0.377391963593398,2011-01-24
CS2_36_1_24_11,23,-0.000249453872608966,0.000179197192463579,0.935822244241879,1.06969895574899,1256.08779387092,3194.17953126639,4.08825379001851,3.38779018091601,1.29551129398081,15.6479067138643,0.383746670430706,0.150933889788215,0.375268625202424,2011-01-24
CS2_36_1_24_11,24,-0.000266639767574709,0.00018004715596071,0.93045745004851,1.07878481434348,1262.18108356869,3173.88317289631,4.08722401161988,3.37520333311774,1.30173462922048,15.548321103787,0.385597784655615,0.149800626631661,0.373237474092435,2011-01-24
CS2_36_1_24_11,25,-0.000269165276319282,0.000179364592593652,0.936238464855539,1.06905930026844,1300.32166600067,3164.97707511531,4.08699440956116,3.39279889000787,1.3466455052192,15.5048906331744,0.397250123526148,0.149665321826879,0.375701903043799,2011-01-24
CS2_36_1_24_11,26,-0.000270633947391878,0.000172724820462851,0.910495304473643,1.10170905176426,1292.43119944015,3132.10297599013,4.08404111403685,3.38872796164619,1.33847347722202,15.3440426547358,0.394844427943302,0.148034817747388,0.386045247663555,2011-01-24
CS2_36_1_24_11,27,-0.000259885914113211,0.00017398518926243,0.919689548637306,1.08855951611257,1297.80602770095,3129.39988825383,4.08383407779768,3.39257570902506,1.34449212533748,15.3310928327614,0.396485416863021,0.148846128655133,0.383627584650856,2011-01-24
CS2_36_1_24_11,28,-0.000267126195506833,0.000173358105187159,0.916049562355095,1.09473942375368,1312.93054056069,3147.61850337338,4.08491953061177,3.40276198916965,1.36116020676674,15.4199954902143,0.401104457337006,0.148939702268152,0.385257652638765,2011-01-24
CS2_36_1_24_11,29,-0.000277536867036162,0.00017072960473283,0.904561214104718,1.10637946914012,1307.44438297293,3114.83801578704,4.08265426023951,3.40538953675164,1.357697575086,15.2593146480033,0.399422231827179,0.147292076486737,0.390118321434717,2011-01-24
CS2_36_1_24_11,30,-0.000252586657391008,0.000173628644569962,0.920095038809726,1.08884600786187,1259.6191894302,3172.57305025257,4.0837701192269,3.39188846321993,1.30002507728912,15.541916948951,0.384821050254936,0.150014302462386,0.386751939155775,2011-01-24
CS2_36_1_24_11,31,-0.000257709956134609,0.000180514376979406,0.944673255828806,1.06090402979826,1246.21315414534,3164.60199416813,4.08744724429384,3.38044116108916,1.28439917905975,15.5025896077833,0.380710003142342,0.149547017987574,0.373533634522765,2011-01-24
CS2_36_1_24_11,32,-0.000253746210245041,0.000183056743196538,0.951309565097678,1.05499574217893,1252.05660023601,3170.19593923551,4.08786514401436,3.38009839279707,1.28908175027701,15.530046766154,0.382493805348238,0.149447483578385,0.370080229395989,2011-01-24
CS2_36_1_24_11,33,-0.000254916881974547,0.000183829111856683,0.955131530206225,1.04990677046093,1228.35400520102,3189.75788808108,4.08668073018392,3.38137388797033,1.26378815984611,15.626106574578,0.375253469032805,0.149978402501389,0.371549166360682,2011-01-24
CS2_36_1_24_11,34,-0.000271995687010269,0.000185415268592125,0.955289801302321,1.0514953358511,1223.77592684614,3162.55295213492,4.08956213200346,3.37988144443149,1.25951811646905,15.4929472354586,0.373877962018845,0.147849143326086,0.365618440505675,2011-01-24
CS2_36_1_24_11,35,-0.000250698230276123,0.000185710736592865,0.957374575172185,1.04631374344942,1230.6976105216,3149.28980872562,4.08963446921491,3.36682794814886,1.26627618263041,15.4280302986094,0.375981751357842,0.147689384278066,0.363857229279547,2011-01-24
CS2_36_1_24_11,36,-0.00024857458611899,0.000186010910201039,0.960662657784398,1.04318681395796,1217.83857421653,3164.05494274272,4.08826635746246,3.37469446659088,1.25266496736992,15.5002556242621,0.372077255423467,0.148162475139198,0.365554485659291,2011-01-24
CS2_36_1_24_11,37,-0.000252893436476415,0.000188224244290026,0.967643481142357,1.03464228068282,1221.10394023333,3152.74293700376,4.08861807118291,3.37727059636797,1.25633966909292,15.4444802326366,0.373068841041332,0.14785985275327,0.362008648173113,2011-01-24
CS2_36_1_24_11,38,-0.000261668041659168,0.000186785909176573,0.966363189505293,1.03736240722135,1235.91648279212,3162.41470237903,4.08975509379773,3.37277572654014,1.27302518472695,15.4912940449498,0.377605329105446,0.147962944144985,0.363342555076682,2011-01-24
CS2_36_1_24_11,39,-0.000256784286847463,0.000183110290059047,0.945901305756517,1.0577615078994,1251.45062820218,3122.24359997144,4.08764918148518,3.38833637570226,1.29193063561763,15.2951861289675,0.382338999555954,0.146482262399496,0.367566403218665,2011-01-24
CS2_36_1_24_11,40,-0.000261810985112905,0.000180614681818592,0.941079784438193,1.06384149160417,1242.33826193164,3104.22828833168,4.08603577224576,3.38008330589117,1.28113882061092,15.2069127552754,0.379547359423692,0.146353058371527,0.371832096490533,2011-01-24
CS2_36_1_24_11,41,-0.000277367097215805,0.000182407654536169,0.946435673264139,1.05935069897629,1238.46321996476,3096.6190335775,4.08580672740936,3.38038842068162,1.27813131715423,15.1695858104364,0.378384670634916,0.145471404909004,0.369684122300965,2011-01-24
CS2_36_1_24_11,42,-0.000262451703319784,0.000182484055373859,0.943127985968827,1.06154151431266,1221.63544631004,3114.80632782093,4.08707551161448,3.38549264272054,1.25992960889168,15.2585804909518,0.373228649923736,0.146359988544483,0.368221552601276,2011-01-24
CS2_36_1_24_11,43,-0.000254666038067721,0.000184349805642603,0.950295786282591,1.05329288422741,1203.49280671985,3079.54105093505,4.08859030236589,3.36843539419628,1.23841975196897,15.0860406476659,0.367694263731676,0.145147408665494,0.363190865758473,2011-01-24
CS2_36_1_24_11,44,-0.000267672353103618,0.000189486458751772,0.975532340550431,1.02750795673976,1185.85482212517,3122.36833497952,4.09124839824179,3.37016469094811,1.21835357567199,15.2947604409751,0.362293282410893,0.146707364042281,0.357785279845695,2011-01-24
CS2_36_1_24_11,45,-0.000242182402248901,0.000191819860197068,0.979812996021083,1.02126045867857,1175.66731197521,3118.52452758374,4.09256683455573,3.36180927695298,1.20684998007242,15.2760102504475,0.359193132330747,0.145088035367662,0.353200986260147,2011-01-24
CS2_36_1_24_11,46,-0.000254447514456578,0.000194107796006893,0.989252129194282,1.01194616480043,1164.52683616162,3118.13400930201,4.09210832010616,3.36914595961571,1.19423945811,15.2742205247454,0.355777353106412,0.145709200485778,0.350195103356277,2011-01-24
CS2_36_1_24_11,47,-0.000240694048957462,0.000196705757871577,0.996228771193214,1.00564357483535,1157.12075632694,3115.32146466541,4.09234036955723,3.36318130493164,1.18596781804808,15.2606971436255,0.353521050363015,0.144230186155152,0.347145787349429,2011-01-24
CS2_36_1_24_11,48,-0.000243222306627471,0.00019722562014824,1.00386106519555,1.00023676792458,1149.91770930239,3112.89959892078,4.09393374864445,3.35814394950867,1.17817354996326,15.2487499927234,0.351318613502778,0.144329515992448,0.345087928295509,2011-01-24
CS2_36_1_24_11,49,-0.000255863039077794,0.000199457157311014,1.00186454543427,0.998726719024247,1143.91786168102,3105.60293364577,4.09292676902953,3.35405820608139,1.17175517192517,15.2126571136362,0.349494307305007,0.144709528751619,0.342985737117203,2011-01-24
CS2_36_1_24_11,50,-0.000249399802178533,0.000200248926606159,1.00670603110393,0.995661163821815,1144.24581869581,3099.05612862326,4.09392946107047,3.35235750079155,1.1713733805308,15.180686565964,0.34958675308397,0.144146785790453,0.341407095743878,2011-01-24
CS2_36_1_28_11,1,-0.000253872677102607,0.000152570361310506,0.921852985223317,1.08716547705277,1324.10204669137,3590.4695319986,4.1175466195131,3.38274546809818,1.36839493054849,17.5888292750604,0.404523700205707,0.162257284451011,0.346909029822908,2011-01-28
CS2_36_1_28_11,2,-0.000258872317351485,0.000165073058247956,0.892202233348746,1.12371686813316,1270.58765067052,3241.85065396719,4.08459719905147,3.37574817375703,1.30893647323274,15.8812063673974,0.388182807594808,0.150490274060818,0.395381775192809,2011-01-28
CS2_36_1_28_11,3,-0.000248864304342904,0.000174514954016137,0.910960917887343,1.09974446561171,1230.76015830492,3185.24225852779,4.08774582386017,3.36419870687086,1.2653079294463,15.6038959004436,0.376006924335375,0.148613103601136,0.377894470661007,2011-01-28
CS2_36_1_28_11,4,-0.000263875725234668,0.000181631876197369,0.937187088597244,1.06769683048052,1197.66716017613,3159.89907533738,4.08911066359662,3.37181603036276,1.22869765076306,15.4798977264248,0.365897846974575,0.147401553646714,0.366331682785986,2011-01-28
CS2_36_1_28_11,5,-0.000254278761689743,0.000187845584276555,0.953826784489934,1.04998843172974,1179.88583696251,3148.72928822604,4.09227889378866,3.36006708261443,1.20963063605248,15.4253322081692,0.360469607322149,0.146924774440151,0.356428520225137,2011-01-28
CS2_36_1_28_11,6,-0.000251978318136513,0.00019116136446927,0.970672537728886,1.0308756984895,1155.30815246538,3132.52432216447,4.09297343817624,3.35886878371239,1.18284155446222,15.3456293212909,0.352953695868093,0.146036261138276,0.351515313369704,2011-01-28
CS2_36_1_28_11,7,-0.000252466182010493,0.00019504569516223,0.982683027991417,1.01848926056366,1134.55855122962,3106.83698847512,4.0952597052552,3.36441189814836,1.16167669013009,15.2197552332176,0.346617949218814,0.144663513290715,0.344530415915477,2011-01-28
CS2_36_1_28_11,8,-0.000242791955262937,0.000198205480709505,0.994030076152384,1.01104379729632,1132.96487212591,3090.35314921574,4.0969375371933,3.35902526439764,1.15844942111674,15.1389654648638,0.346136723136378,0.142743178131244,0.339010043404842,2011-01-28
CS2_36_1_28_11,9,-0.000256952049736311,0.000198898628000035,0.994910146780769,1.00632464881895,1125.76201573153,3089.72804210147,4.09717664264497,3.35305303182357,1.15034494977661,15.1356944509486,0.343925836284657,0.143546020942593,0.338313960140953,2011-01-28
CS2_36_1_28_11,10,-0.000267959065373891,0.000201608327431932,1.00398527833343,0.996610871546279,1116.41834248279,3087.07165882199,4.09598713967858,3.34767471826993,1.14070282455146,15.1226222518691,0.341069296626591,0.143410517258034,0.336349544485863,2011-01-28
CS2_36_1_28_11,11,-0.000248599470410515,0.000202306582518288,1.00289519212518,0.999212182075558,1108.7466387566,3074.21267779968,4.09775695568178,3.35935194241373,1.13254592728481,15.0605092261909,0.33873934453851,0.142157812410479,0.333781972902693,2011-01-28
CS2_36_1_28_11,12,-0.000257207429939321,0.000205123746854771,1.01029046509621,0.991091938800471,1099.04358860505,3062.54105830264,4.09685597419739,3.35286876402403,1.1222197348213,15.0023679577506,0.335753585281018,0.142325266876195,0.331465271215122,2011-01-28
CS2_36_1_28_11,13,-0.000261234046132017,0.000206196772326891,1.01682792151596,0.986028758244782,1097.87185775625,3055.60367038734,4.09866601228714,3.35249794156928,1.12114575466541,14.9679514526533,0.335401658792043,0.141847485196962,0.328833306664721,2011-01-28
CS2_36_1_28_11,14,-0.000270849781059293,0.000204689922427843,1.0064236836215,0.995824983013749,1110.91836449536,3034.22896348593,4.09788046479225,3.34551092905876,1.13545354826622,14.8640935543884,0.339405894955008,0.139965320545985,0.329106635604646,2011-01-28
CS2_36_1_28_11,15,-0.000250910629727362,0.000202534738717408,1.01038711185134,0.991872747023296,1087.30953510827,3032.07309469253,4.09723152765414,3.35028149579701,1.11166917868324,14.8539444256481,0.332177637241937,0.1405494369007,0.332639325191222,2011-01-28
CS2_36_1_28_11,16,-0.00027344049762452,0.000204613698753524,1.00978970847183,0.994165379566241,1071.20026587765,3005.41726143427,4.09980791211128,3.3588207347973,1.09534676085179,14.7231295754464,0.327266467549813,0.138334119097683,0.3258019069855,2011-01-28
CS2_36_1_28_11,17,-0.000275414161950098,0.000209543821397337,1.02634377814867,0.978497798810539,1028.26362494218,3006.62046851656,4.10132855635423,3.35147968265745,1.05145433953544,14.7289243227121,0.314144819733637,0.138282116853043,0.321431339757501,2011-01-28
CS2_36_1_28_11,18,-0.000275975034416973,0.000217565501928705,1.03904306523044,0.963548151185022,1083.96586925915,2966.16795859486,4.10291957855225,3.34745121002197,1.10797897882072,14.5313312267674,0.331172747143096,0.136901950153698,0.309948280702328,2011-01-28
CS2_36_1_28_11,19,-0.000265004329855844,0.000205898957797382,1.01221633404605,0.989492693630395,1092.60643119816,2988.30858053724,4.09994964003563,3.35627020032782,1.11814407229594,14.6398445822673,0.333802648313815,0.139209687746779,0.325142200972536,2011-01-28
CS2_36_1_28_11,20,-0.000252389383267022,0.000205997419931719,1.01338763097647,0.987934621462874,1067.07568083762,2991.08955114168,4.09805052876473,3.35128683012885,1.08941646911399,14.6530139601346,0.326013886694598,0.138451714738065,0.327090678000537,2011-01-28
CS2_36_1_28_11,21,-0.000270143741838107,0.000214542600264656,1.04968165574991,0.953172959406112,996.295327012325,3024.1826068841,4.09908454669149,3.33519015993391,1.0139101797488,14.8148995738235,0.30438567631038,0.138463932471097,0.319106287644762,2011-01-28
CS2_36_1_28_11,22,-0.000273484809481243,0.000227741202601299,1.0857593139886,0.921429107204943,989.717366966928,2960.01177206384,4.10479044914246,3.34753096804899,1.00646336362462,14.5006299615827,0.302363810701682,0.135710311125886,0.299796442725187,2011-01-28
CS2_36_1_28_11,23,-0.000258572932631458,0.000228302545753913,1.08097791086501,0.926245837933011,984.608074317541,2940.27754279744,4.1056860965841,3.34290520583882,1.00088145142311,14.4037098795678,0.300825840976401,0.134255816608707,0.298292838662641,2011-01-28
CS2_36_1_28_11,24,-0.000272994076577269,0.00022870323901086,1.08613736494329,0.921354234236878,1008.9669150186,2939.63710680889,4.10641497022965,3.33863784926278,1.02547183142082,14.4005712334802,0.308258681630574,0.134168112026528,0.29647811429313,2011-01-28
CS2_36_1_28_11,25,-0.000277315921282913,0.000223502005204951,1.05978379130318,0.944619401211598,1035.1541040763,2930.73101582483,4.10249546595982,3.34149139457279,1.05387240315738,14.3575556199059,0.316261042785276,0.134437704099153,0.303785326161677,2011-01-28
CS2_36_1_28_11,26,-0.000252318034103255,0.00021675081259607,1.04271842940348,0.960434497171202,1043.74780715362,2936.38716132479,4.10137269303605,3.34559469090568,1.06231761076579,14.3847812080395,0.318886635061813,0.134172943208446,0.31138813106711,2011-01-28
CS2_36_1_28_11,27,-0.000282006921723578,0.000216686099622317,1.04541195861539,0.959182617250802,1046.63834625643,2947.44980535257,4.09927143277349,3.34966649611791,1.06603510541281,14.4397240142132,0.319766537384204,0.13465653177202,0.313725121232282,2011-01-28
CS2_36_1_28_11,28,-0.000255397664485448,0.000213751000381225,1.03586074608109,0.966540912199053,1041.3571556645,2938.93413444544,4.10093447409178,3.34644056691064,1.06060432671459,14.3978720279983,0.318150164832084,0.13478630879288,0.314537109199162,2011-01-28
CS2_36_1_28_11,29,-0.000281501689871026,0.00021663887521244,1.04405725192111,0.958671536142875,1046.37280893573,2935.57500384847,4.09952097970086,3.35037288400862,1.06599806611264,14.3814944875248,0.319669131882842,0.134664558330977,0.313072108371991,2011-01-28
CS2_36_1_28_11,30,-0.000283024161647212,0.000213629563031653,1.0431009628842,0.960755640530499,1057.76346939141,2929.85638765231,4.10040163993835,3.34230832151464,1.07867529228659,14.353522578351,0.323167255339702,0.134113936781438,0.3147810686375,2011-01-28
CS2_36_1_28_11,31,-0.000257535526392,0.000210316508276977,1.03129008165611,0.970114444090223,1072.81001899773,2924.05992204649,4.10015324445871,3.35598841229001,1.09575682319083,14.3249503455418,0.327770421257559,0.134732991426511,0.318130193059119,2011-01-28
CS2_36_1_28_11,32,-0.000284312109869719,0.000207327418574551,1.01531080138478,0.98600583081163,1069.63906884429,2915.32594594569,4.09887254834175,3.35565132708163,1.09297007759597,14.2828958625463,0.326785483462544,0.134530063122463,0.322256269108446,2011-01-28
CS2_36_1_28_11,33,-0.000285381572621387,0.000206749470543675,1.02235936749076,0.980899709386828,1061.56033144993,2910.93532669151,4.0993827521801,3.34897980174503,1.08409166875951,14.2614195988506,0.324331842169059,0.13384603303814,0.321224304242781,2011-01-28
CS2_36_1_28_11,34,-0.000286802986007803,0.000209543390944423,1.02746082516102,0.974186331945729,1043.68548446629,2891.51367745575,4.09847954603342,3.34963949521383,1.06361129561607,14.1657378633469,0.318869111626282,0.133457613605621,0.318817274713412,2011-01-28
CS2_36_1_28_11,35,-0.000276806793751631,0.000214024498943937,1.04597293372674,0.956840901980137,1027.8107508205,2908.01334094902,4.10103681840395,3.33731610245175,1.04642966160521,14.2463610053313,0.314014430296366,0.135029928447521,0.313333906647877,2011-01-28
CS2_36_1_28_11,36,-0.000259786063326395,0.00021669288319795,1.05097609655747,0.952382513187875,1020.7327287416,2891.43551248458,4.10114943014609,3.33213297526042,1.03885873563337,14.1649679795216,0.311845850004698,0.13269984537284,0.309382758824745,2011-01-28
CS2_36_1_28_11,37,-0.000266751860945585,0.000217430927994828,1.05060284907808,0.954382148611951,1017.57637529267,2884.24812424157,4.10267725506344,3.34563504627773,1.03477688412899,14.1299388352581,0.310875437722763,0.132547156117063,0.307167029601754,2011-01-28
CS2_36_1_28_11,38,-0.000287828456914961,0.000217731806083316,1.0553982265557,0.949449640929618,1009.2328288827,2879.51377915687,4.10339952159572,3.33661088262285,1.02502647887545,14.1070711806262,0.308336891672292,0.131348907156659,0.306190457378403,2011-01-28
CS2_36_1_28_11,39,-0.000282307085016588,0.000221194873496273,1.05943816600833,0.945475913620036,1002.06114738079,2878.82609790863,4.10269014040629,3.33633317947388,1.01903558492569,14.1032448684919,0.306149380454978,0.132066324693221,0.303565280700568,2011-01-28
CS2_36_1_28_11,40,-0.000283615823225659,0.000221329373225195,1.06632280178626,0.940569060597921,943.436815908499,2860.51383114033,4.10416585206985,3.33035046404058,0.957210987710132,14.0137542382709,0.288243001395485,0.131110704503702,0.301087862870559,2011-01-28
CS2_36_1_28_11,41,-0.00028606870363765,0.000238659205324607,1.10981389082995,0.902314146641795,922.593666983099,2853.65440296472,4.1083175316453,3.33194288611412,0.934671347740399,13.9794151762118,0.281864933706568,0.129831578366557,0.284934161803833,2011-01-28
CS2_36_1_28_11,42,-0.000277000576721978,0.000243219043693132,1.12647860655144,0.888657689079667,913.826088564994,2830.3576389004,4.11015505944529,3.32356587052345,0.924991146717834,13.8652282744384,0.279188575866229,0.129226039021448,0.278711823917641,2011-01-28
CS2_36_1_28_11,43,-0.000263527555357797,0.000244674274741995,1.14319926564014,0.878211062024659,907.437878289318,2819.71735422205,4.11181137638707,3.31857004016638,0.918238659729494,13.8128215965332,0.27723142610819,0.127266686534764,0.276949877213742,2011-01-28
CS2_36_1_28_11,44,-0.00028329184534713,0.000247453576129092,1.13134886094714,0.884370557891398,928.421656180406,2798.00112941296,4.10982054869334,3.33210993558168,0.939528931703451,13.7073488619845,0.283645530854301,0.12762459059375,0.274826851263185,2011-01-28
CS2_36_1_28_11,45,-0.000288701078234706,0.000239453962121474,1.12350246998215,0.893794146751353,923.077833329618,2811.6550164606,4.11025611311197,3.33014600723982,0.934524793792209,13.7736385803546,0.282007164749561,0.127786606170126,0.28067508456328,2011-01-28
CS2_36_1_28_11,46,-0.000277593225539309,0.000243020337902966,1.12217619293327,0.891643936023132,917.046815632784,2810.84235440174,4.10867118835449,3.3256563320756,0.928208516588184,13.7699642537738,0.280157419337142,0.128164034284087,0.278876038014051,2011-01-28
CS2_36_1_28_11,47,-0.000282070966817975,0.000244238566068028,1.14095262056659,0.878075624726486,906.296964034962,2807.82683012239,4.11006103023406,3.31726918369532,0.91694978472201,13.7550065195813,0.276893464861155,0.127982178339257,0.277247342531852,2011-01-28
CS2_36_1_28_11,48,-0.00028214887096948,0.000248665255784632,1.14110163431103,0.876637278711605,894.640898422978,2803.57918991602,4.10995548566182,3.33056057653119,0.905412564791639,13.7342157017865,0.273320110339903,0.127538984432106,0.274186191757409,2011-01-28
CS2_36_1_28_11,49,-0.000285242709975253,0.000249680036492326,1.15353910950137,0.867977725819319,893.90659925848,2787.93655013957,4.11250928243001,3.32479226973749,0.90316380966259,13.6576853492402,0.273095763502712,0.126670417582526,0.271053839219326,2011-01-28
CS2_36_1_28_11,50,-0.000277608770468208,0.000250025631609436,1.15874783572329,0.865794407493737,884.703514143708,2783.5768790578,4.11254161993662,3.32176703022372,0.894733726827007,13.6360240341231,0.27029005663761,0.126628579427915,0.27052397016509,2011-01-28
CS2_36_2_3_11,1,-0.00338564313033437,0.000189271870823093,1.11383290864761,0.898600123114362,679.504424078087,308.104186619344,4.14374855290288,3.34530898928642,0.691613351727929,1.50885683557009,0.207617811680952,0.0430354157412223,0.147909980108132,2011-02-03
CS2_36_2_3_11,2,-0.00023646950239925,0.000194808543558638,1.10901164397774,0.902977200694681,700.44126472709,3403.41171319288,4.1020906809214,3.3557791519165,0.7163609538679,16.6714986964613,0.214005442357565,0.152122668583378,0.331647882987498,2011-02-03
CS2_36_2_3_11,3,-0.000292263589144028,0.000298457296629259,1.33622049974401,0.752702059693321,682.691647208814,2651.89276268662,4.13169214725494,3.36246454715729,0.69719710819844,12.9903135391179,0.208590071718961,0.116154014945852,0.220635092003242,2011-02-03
CS2_36_2_3_11,4,-0.000288554695232515,0.000312072505696894,1.30049372084378,0.770775935937451,674.16049179455,2554.0662204529,4.13266405306364,3.35319165388743,0.688093368305952,12.5109527018981,0.2059767046537,0.113788651923229,0.212572616407583,2011-02-03
CS2_36_2_3_11,5,-0.000292977745215161,0.0003146493906172,1.38151544769255,0.728151836097078,670.691796669005,2497.59616077878,4.13444579275031,3.35100502769152,0.68477307674927,12.2343424736836,0.204922822555065,0.112348408844135,0.209512818318527,2011-02-03
CS2_36_2_3_11,6,-0.000288861109318999,0.00031630230738729,1.4038110034824,0.716067109803628,658.285805055679,2474.73934125166,4.13490606609144,3.36618202665578,0.671739658284647,12.1227524833269,0.20112437416874,0.111519814492792,0.208137899684634,2011-02-03
CS2_36_2_3_11,7,-0.000292968451492236,0.000326422474481439,1.4010105617212,0.716907162435085,642.267996327773,2441.49002593733,4.13432876269023,3.3478509446849,0.654654271157263,11.9599550297884,0.19622749669145,0.110185825295581,0.204298941403432,2011-02-03
CS2_36_2_3_11,8,-0.000293219455227774,0.000338294553978216,1.39596093281378,0.718127090102727,629.300078742021,2423.06840652857,4.13500791437486,3.36105652288957,0.640673918664635,11.8694412174457,0.192263955284174,0.108818118548024,0.199605925928332,2011-02-03
CS2_36_2_3_11,9,-0.000307710514156742,0.000342742291253383,1.65164269642291,0.628074892627356,622.116824321769,2405.05302024777,4.1383521416608,3.3526854948564,0.633048013774794,11.7810589581273,0.190065154900643,0.107903645094382,0.19602108166476,2011-02-03
CS2_36_2_3_11,10,-0.000285352405576906,0.000352926769166711,1.44778055420307,0.691399848865309,615.489665552988,2389.1650144086,4.1362881064415,3.34503596479242,0.62605087692063,11.7031985103484,0.188044509067983,0.106618048261168,0.1938875013951,2011-02-03
CS2_36_2_3_11,11,-0.000291292731174903,0.000355601449608616,1.4289565435879,0.701076796493452,608.427204787702,2379.96160230884,4.13794842362404,3.33685636520386,0.618575872260282,11.6584142896035,0.185886768512339,0.106282541140778,0.191971370540177,2011-02-03
CS2_36_2_3_11,12,-0.000303955548816494,0.000357727006641269,1.6901534704414,0.607960224166441,605.2553528016,2368.4261267644,4.13973009586334,3.33226957104423,0.615019393679038,11.6016241615893,0.184913137210482,0.106018121874893,0.190019562491191,2011-02-03
CS2_36_2_3_11,13,-0.000280936333566902,0.000368479684950036,1.48718664937178,0.674208222417253,601.161911125411,2358.56918447129,4.13640019098918,3.32720429247076,0.610642183056707,11.5533552349915,0.183668554619857,0.10443009203375,0.189065656495588,2011-02-03
CS2_36_2_3_11,14,-0.000310847225221266,0.000369917368477579,1.49261212003918,0.671741153888235,597.052363538351,2356.30369423756,4.13740447362264,3.35204143751235,0.606283397625699,11.5420565889695,0.182413149020926,0.105139295910897,0.187946773004913,2011-02-03
CS2_36_2_3_11,15,-0.000291081979351099,0.000371335618273088,1.49767689021612,0.669129038108032,595.222282317853,2347.30390499861,4.13832225799561,3.34997435978481,0.604351264318018,11.4983104646988,0.181846521865436,0.104191176393321,0.186733223362814,2011-02-03
CS2_36_2_3_11,16,-0.000314590561574118,0.000372070751276993,1.52119992201869,0.658613470972481,592.677134426187,2343.3821746499,4.13870016733805,3.34737509772891,0.601755721359877,11.4792839655708,0.181071306962386,0.103150418878943,0.186308681299615,2011-02-03
CS2_36_2_3_11,18,-0.000279794709453711,0.000249007585173071,1.2522572534437,0.802650907088892,571.380947626007,2831.33993344565,4.12415423760047,3.32097358930679,0.579118841168188,13.8691926224481,0.174568205353365,0.129909477273103,0.25686714962669,2011-02-03
CS2_36_2_3_11,19,-0.000310265939318132,0.000386361536167851,1.52592133559508,0.659021232414036,574.990198564876,2342.11649310205,4.14159570421491,3.32341088567461,0.582582768169138,11.4727610711572,0.17567570992855,0.10206027112074,0.179941510956143,2011-02-03
CS2_36_2_3_11,20,-0.000284358709747221,0.00038833167278028,1.5711525213945,0.63882314225156,574.568353331779,2320.64809076274,4.14011481830052,3.32289411908104,0.582099751969257,11.3680555915809,0.175535970898052,0.101455209170731,0.180707075363905,2011-02-03
CS2_36_2_3_11,21,-0.000317836533833591,0.000388079031150466,1.56229588430653,0.641997425070046,578.115106752579,2307.14826494802,4.14001062938145,3.32826236316136,0.586062853960573,11.3015504478842,0.176621110018963,0.101403384244023,0.180458533597236,2011-02-03
CS2_36_2_3_11,22,-0.000317537913434464,0.000388283431972362,1.58017108336008,0.634664391680134,584.677549890112,2313.72636590464,4.13872643879482,3.33341462271554,0.592487892870013,11.3333916585866,0.178632895646602,0.101650624015436,0.181527558843868,2011-02-03
CS2_36_2_3_11,23,-0.000289755199185294,0.000374817131105171,1.65117907097718,0.610711217045586,591.974175706782,2305.91667717734,4.14034153620402,3.34422821090335,0.600580420841686,11.2958034079364,0.180861050757523,0.102136770466514,0.183566984652905,2011-02-03
CS2_36_2_3_11,24,-0.000302890560615532,0.000373568732821888,1.50110419183744,0.667283047567714,604.802151694996,2308.64841620153,4.137965965271,3.32955287803303,0.614103649406269,11.3090067935025,0.184777707074682,0.103250859792121,0.185543949057831,2011-02-03
CS2_36_2_3_11,25,-0.00030569301697888,0.000362014731423688,1.53412578042324,0.654178422311421,599.958610259418,2326.69500478807,4.13833302259445,3.35572822888692,0.609358682733013,11.397816912312,0.183293332660717,0.104503919605929,0.189047030311354,2011-02-03
CS2_36_2_3_11,26,-0.000315171765545693,0.000362190057569654,1.66169222981372,0.611125642320926,602.083563576918,2314.60148053958,4.13953778147697,3.32597473534671,0.611154099811146,11.3384209749719,0.183950142742187,0.104060028575045,0.187775970451779,2011-02-03
CS2_36_2_3_11,27,-0.000309861625485281,0.000364305549595267,1.71569851821325,0.597227040691434,594.021258592198,2326.77333068532,4.13926440477371,3.35101562454587,0.603537758673713,11.3978924045981,0.181473255235368,0.104585235876005,0.188315880360368,2011-02-03
CS2_36_2_3_11,28,-0.000314405484169809,0.000375148375440375,1.51742408287989,0.660449090864922,597.614849782156,2313.77344409298,4.13743683497111,3.35285132271903,0.606878880467879,11.3348971141676,0.18257877164702,0.103934643838436,0.186172681620433,2011-02-03
CS2_36_2_3_11,29,-0.000312658268714218,0.00037406413077615,1.49001916821197,0.672759008745959,588.896306765339,2306.42998735925,4.13596824010213,3.34449045998709,0.598108971009348,11.2987594034677,0.179924137797609,0.103758635433472,0.18699735573344,2011-02-03
CS2_36_2_3_11,30,-0.000326602054296711,0.000378072042262945,1.53747215759553,0.651428592540411,586.896369421098,2316.99206344271,4.13893779118856,3.34243107977368,0.596057541638897,11.3506500763993,0.179311589981335,0.103384855652352,0.185074989777222,2011-02-03
CS2_36_2_3_11,31,-0.000321165347861282,0.000378689626537672,1.53207294568204,0.653730396966781,568.92795086831,2304.11730426642,4.13935890197754,3.34957563877106,0.576653298270685,11.2871629136659,0.173821786429181,0.102884381772314,0.183834130767843,2011-02-03
CS2_36_2_3_11,32,-0.000295438406949896,0.000393130888930976,1.56239737766364,0.642209873064879,567.237972803006,2283.35190879653,4.14040402003697,3.34690304994583,0.574756871769171,11.185391781614,0.173301059605808,0.100691260163089,0.178840322954531,2011-02-03
CS2_36_2_3_11,33,-0.000311836687568882,0.000393032062131316,1.59137765491159,0.629969428914799,560.068664250124,2275.75831476375,4.14061229569571,3.33887733221054,0.567357094018703,11.1481501745007,0.171107468415453,0.100989764109872,0.178268780841809,2011-02-03
CS2_36_2_3_11,35,-0.00027871025756132,0.000263033521860575,1.3011335846414,0.770039779939526,549.897171330085,2765.23437191117,4.12531445423762,3.32609770298004,0.556670156109867,13.5456379124717,0.168012985500422,0.126546295129222,0.245810341445923,2011-02-03
CS2_36_2_3_11,36,-0.000321920858290774,0.000409618317754861,1.66459908562727,0.603613944070292,546.209449036454,2289.89872235032,4.14180928010207,3.32136000394821,0.552728106150241,11.2173131412162,0.166877679793999,0.099099735842153,0.174255698239664,2011-02-03
CS2_36_2_3_11,37,-0.000297865902556858,0.000411676647313195,1.65907406517408,0.605131685260226,546.412457521074,2258.43043423377,4.14260666186993,3.32108466625214,0.552858709029363,11.0630483003097,0.166942427366177,0.098583332258811,0.172591476893762,2011-02-03
CS2_36_2_3_11,38,-0.00032614230461274,0.000411314730866413,1.63196493666109,0.61642924643605,545.506511840678,2248.36811594051,4.14222046045157,3.3201776266098,0.551914745140265,11.01377111728,0.166658364926119,0.0979529532416369,0.172473330825413,2011-02-03
CS2_36_2_3_11,39,-0.000327388167694885,0.000411872574212469,1.6746011747627,0.599433499083727,541.568892035546,2248.28749472761,4.14254434292133,3.31526985168457,0.547794366892449,11.0135705304275,0.165462906520093,0.0977824431376002,0.172298328548196,2011-02-03
CS2_36_2_3_11,40,-0.000327486079649596,0.000413235372927803,1.69447947056858,0.592490604247229,539.709623932344,2239.67899400004,4.14351624708909,3.34479572898463,0.54575150574697,10.9709277382317,0.164890303012661,0.0973976521498732,0.171100333266551,2011-02-03
CS2_36_2_3_11,41,-0.000293358639362552,0.000413887949065484,1.73786930439475,0.577058876237684,537.20951431492,2236.1496127861,4.1439398252047,3.34191432752107,0.543190221598367,10.9540657165979,0.16412797353344,0.0970568613961291,0.170630874531166,2011-02-03
CS2_36_2_3_11,42,-0.000328247570560094,0.000415979725962768,1.84386733681739,0.545619012152671,534.334705827612,2230.4309559587,4.14469983027532,3.33884535337749,0.540266904721602,10.9259981651894,0.163245097054774,0.0970542465020343,0.169749435647975,2011-02-03
CS2_36_2_3_11,43,-0.000325517228289157,0.00041588445964783,1.81232768626383,0.55495744880023,531.928481516225,2227.02478719808,4.14544751093938,3.33593840348093,0.537762460661785,10.9091237822261,0.162505806767665,0.0969189116588441,0.168817461256576,2011-02-03
CS2_36_2_3_11,44,-0.00032653181929476,0.000429503200715172,1.77158652568479,0.568676011599611,530.365800780011,2220.68132102856,4.14153206348419,3.33362813999778,0.536086706255025,10.8782265000647,0.162032497054655,0.0967725908574633,0.168104588129193,2011-02-03
CS2_36_2_3_11,45,-0.000302910822576989,0.000430548923334179,1.76399871833318,0.57093346410616,526.39749086072,2214.05624761214,4.14182897408803,3.32930606289914,0.532072968720551,10.8459379781661,0.160825444377496,0.0963742312259882,0.1678386850536,2011-02-03
CS2_36_2_3_11,46,-0.000331367453490049,0.000431935828586551,1.77224830309894,0.567396777632354,528.006814119406,2210.29072324678,4.14305726687113,3.33182086442646,0.533822915897313,10.8272792647226,0.161311767319371,0.0958552795561814,0.166862027789702,2011-02-03
CS2_36_2_3_11,47,-0.000317720260858818,0.000430522662574833,1.77342431595655,0.567464711887769,537.928288165509,2211.85303407608,4.14238242308299,3.34300553171258,0.543980733052898,10.8352380254747,0.164350610535297,0.096828632151,0.167379802602956,2011-02-03
CS2_36_2_3_11,48,-0.000296706806397983,0.000414860075100082,1.73644647674936,0.577584913181088,545.415276398882,2210.93126862793,4.14335426917443,3.32055824995041,0.551917784398898,10.8311461563235,0.166632006880926,0.0965647933001415,0.170318165389351,2011-02-03
CS2_36_2_3_11,49,-0.000310207286038224,0.000412859249425301,1.66982555162748,0.601124619167358,539.741080787499,2213.00947875704,4.14108661504892,3.34886210843136,0.546471802698458,10.8410420553484,0.164896907520986,0.0979379855739913,0.172155486017603,2011-02-03
CS2_36_2_3_11,50,-0.000309972145734107,0.000413078239868886,1.65289927123504,0.608050769137551,556.943811335223,2213.22836241248,4.14224532934336,3.33562979698181,0.564185649465631,10.8420417857589,0.170152747204527,0.0973932236789048,0.171056974557327,2011-02-03
