SCC,SCV,DVV,ICP,CCDT,CVCT,ACCV_C,ACCV_D,ECD,ECV,CCD,CCV,SoH
-0.0003708386622214,5.86362460157013e-05,0.130112173619267,8.25044228258403,3714.91429338467,2329.5751689985,3.96356732408265,3.64969137398871,4.14391869359456,11.4162439207149,1.1349380964438,0.113934147219086,1.0
-0.0003898062340714,5.91058322973508e-05,0.137959150700458,8.6540829001086,3681.85188755629,2250.46682002684,3.95902592779824,3.64088991165161,4.10313099613909,11.0283421534517,1.12480033023872,0.109663386321613,1.0
-0.0003917545884511,5.95906309931337e-05,0.143251942231802,8.61102408925673,3680.97659443151,2239.49818088814,3.95716803106247,3.64311607170105,4.10472693252683,10.9747384731626,1.12447400991945,0.108911348271982,1.0
-0.0003903101234802,5.96668844634709e-05,0.14114473122861,7.38349498388382,3678.60147989027,2230.98286683542,3.95755839455721,3.64203541946411,4.10165708102147,10.9326647323562,1.12375852548927,0.10891686117092,1.0
-0.0003861937951429,6.4494602486508e-05,0.149892904122675,7.71860695787383,3665.91923431706,2257.12324681051,3.94798644743354,3.65742640726028,4.09973417288007,11.0613113101725,1.1198546749788,0.109336226408582,1.0
-0.0004246990529167,6.50359711233999e-05,0.16211179637153,6.27615611233391,3662.0947662559,2078.30163912212,3.94379602251826,3.66241811552355,4.10202663259507,10.1865971687571,1.11867386713756,0.101866303184302,1.0
-0.0003918311352173,6.53653147675694e-05,0.164920864522086,6.6903031640653,3641.95394747332,2038.22531497115,3.94265796794548,3.6635950580845,4.07822118819933,9.99028045278643,1.11253733741259,0.100469999380855,1.0
-0.000407856974,6.4841568086697e-05,0.168228631631523,6.78415187225573,3602.14991272132,2156.12415059611,3.94689384403579,3.6494470795647,4.02082849082039,10.56600197957,1.10042600182153,0.105470347750656,1.0
-0.0003689412639292,6.4346248785367e-05,0.16779772484391,6.17099573233237,3588.27492417062,2149.43681901316,3.94909124683451,3.6456455715367,4.00521157125644,10.5330030185145,1.0961592713673,0.105291026356443,1.0
-0.0003768248632979,6.42866965688563e-05,0.169849085019646,6.45073290820358,3577.54062428746,2138.98390812795,3.94939183412596,3.65156149864197,3.9941194506246,10.4819509577408,1.09288930205143,0.105246596742812,1.0
-0.0003739788139625,6.4530207733675e-05,0.17125936208162,6.16853307110904,3563.72795430379,2133.780599572,3.95046815650408,3.64654118364507,3.97710709149742,10.4562960674706,1.08865410547126,0.104852953334378,1.0
-0.0003892662309123,6.43025257262065e-05,0.173367955894631,6.06305676545552,3584.31148572247,2100.97085648694,3.95160329119067,3.65485556790086,4.01194949510978,10.2969216378811,1.09491908355774,0.104481974076932,1.0
-0.0003976641347017,6.52404598041445e-05,0.178945367757514,5.75836225782239,3591.01718975022,2013.8491718321,3.94587378128333,3.66092598242838,4.02414326682154,9.87051742834714,1.09698483370619,0.0995837080575051,1.0
-0.0004109249572622,6.54915200553847e-05,0.182156993714889,6.10023953502784,3591.61276051582,1980.36624056997,3.94340025664474,3.66310320916723,4.02691752303018,9.70654369116768,1.0971366176685,0.0985230109814734,1.0
-0.0004173138781438,6.58224245582321e-05,0.181506571304457,7.94245627177303,3590.36365782758,1957.85170222286,3.94346612637196,3.66394326335094,4.02676343964077,9.59649610895669,1.09673549798841,0.0976421116396382,1.0
-0.0004142203007312,6.59456749769258e-05,0.187406153462047,5.57637531305478,3588.94297371566,1946.22736485742,3.94281822060226,3.66448955262294,4.02619971667648,9.53977636124121,1.09629100747969,0.0968214355826092,1.0
-0.0004240975809718,6.60392963978003e-05,0.184885956191984,5.81099673158312,3586.11731909993,1932.22881453275,3.94098759025609,3.66512890331081,4.02454923915772,9.47181924734957,1.0954083329719,0.096460567921514,1.0
-0.0004235002122126,6.62166928641e-05,0.187285141681484,5.53334147240656,3584.55519045467,1912.97934957317,3.94141454652909,3.66549973995959,4.02362217141653,9.37738585297024,1.09493172259617,0.0954775808460511,1.0
-0.0004379009385088,6.63510646086388e-05,0.186736325669289,5.58200755686786,3581.85225876726,1907.43243272463,3.94127024423092,3.66517010477723,4.02100379031882,9.34991370764451,1.09411160617628,0.0956800843882727,1.0
-0.0004363790061958,6.64393038350689e-05,0.189665994684884,5.52908321895679,3579.4773305303,1899.68278597546,3.94120032306111,3.66496409158238,4.01875706732996,9.31225225055093,1.09337865434631,0.0951882061356707,1.0
-0.000439021396411,6.65321775050048e-05,0.18999676115554,5.61467919390456,3577.30622046604,1892.15202187412,3.94116758644034,3.66480723560834,4.01682143672776,9.2754835011328,1.09272635685138,0.0949504888670477,1.0
-0.0004401347880714,6.66440109128404e-05,0.190633768100633,5.32970365244479,3575.15065058763,1889.02728875272,3.94108428320753,3.67259293548332,4.01482411946501,9.26007899885631,1.09206973817776,0.0948357446094389,1.0
-0.0004348789816823,6.65575195413749e-05,0.192669018973868,5.45372905848883,3573.60488144527,1883.34014212343,3.93981998087624,3.67271757125854,4.0136029874714,9.23260151827656,1.09158752288622,0.0943053285583634,1.0
-0.0004429418844057,6.66539188997837e-05,0.18879488627322,5.36816513468987,3572.10516418843,1873.01310908451,3.93951284940342,3.67285694957765,4.01238962729696,9.18198512786465,1.09110076995886,0.0941108284567726,1.0
-0.000440548706082,6.67796776423898e-05,0.18985735512623,5.86094045505362,3569.33969218133,1867.99697651377,3.93947249074136,3.6722712910865,4.00953624752697,9.15720244443816,1.09028610503575,0.0938927260013224,1.0
-0.0004409488317639,6.68698108645749e-05,0.189349649879741,5.3795589961308,3567.07390872674,1868.59090313665,3.93958533414498,3.6718558319344,4.00709523770144,9.16035713200867,1.08956595133163,0.0938449624289897,1.0
-0.000443931459621,6.69690836410348e-05,0.193049864241665,5.31728943578246,3546.38213533582,1862.1378155268,3.93971834973805,3.6710881392161,3.98064540362677,9.12857899765922,1.08330685462849,0.0936601436106164,1.0
-0.0004126349640641,6.61594538064793e-05,0.188870690053837,5.37310451898459,3508.63727982202,2004.3311862133,3.94535285654202,3.65751041284128,3.9259455232783,9.82297169554661,1.07179834322472,0.100100124621934,1.0
-0.0003993723324191,6.55695688934401e-05,0.194840429855696,5.61575166382792,3497.79290795559,2027.61154192797,3.94875590835137,3.65287721457602,3.91218676566967,9.93695980866744,1.06849168841959,0.100509782951966,1.0
-0.0004062699678071,6.54940201225141e-05,0.196047970832703,5.60340726029108,3488.8390861667,2037.51697606762,3.94967595622653,3.6575865967799,3.90105313445566,9.98494531676548,1.06575400973207,0.101473518469995,0.998529294081683
-0.0004087627150756,6.55815102756521e-05,0.189607490466497,5.52057327158157,3479.33859872882,2040.51660418382,3.95092615059444,3.65387062703149,3.8891234382379,9.99978423750415,1.06285325429733,0.101626713344499,0.996260770764298
-0.0004150876033346,6.54876918084611e-05,0.200097759259851,5.33067935963018,3508.6257274801,2061.93981517747,3.95197736475456,3.66331688295893,3.93205458068716,10.1055815665063,1.07176429407025,0.103776241140922,0.994754863150091
-0.0004332167392867,6.65399552671896e-05,0.199801572842178,5.2804614833171,3519.92582662398,1931.8198817966,3.9460037773204,3.6621327539285,3.94883327026698,9.46912104048039,1.07518521474665,0.0968890072529302,1.0
-0.000443524690051,6.69408240161518e-05,0.201049034209375,5.24531185954709,3509.64500479779,1911.50869912468,3.94452500454733,3.66758078887683,3.93749512935812,9.36986297129292,1.07206701285218,0.095940862844653,1.0
-0.0004151185411364,6.64811958996301e-05,0.202040359822729,5.26021004042638,3473.02673656121,2036.610793542,3.9488842555132,3.65356279833842,3.88358680677344,9.98061342501145,1.06090805586814,0.101545677918816,0.99999727110563
-0.0004168793944757,6.60021180301845e-05,0.201348017830303,5.33395897797491,3462.16641621612,2059.67218636873,3.9513648301363,3.64881200103436,3.86968031087096,10.0933318331892,1.05761892320783,0.102976847143121,0.991688449751912
-0.0003996706181138,6.57289233969462e-05,0.204253397599713,5.16155676103263,3458.5728889606,2056.29715037055,3.95258806072749,3.65611178039486,3.86569098249246,10.0768048638456,1.05649807655755,0.102246315435221,0.98898851693573
-0.0004067987659236,6.59992963374605e-05,0.201574085998598,5.13203714945342,3450.29150195606,2062.87475414301,3.95298567185035,3.65285330144768,3.85538151195798,10.1091119262107,1.05399243599149,0.102740755293149,0.987927993329522
-0.0004071314742308,6.56367429912612e-05,0.200257405318428,5.27440048942619,3481.79661895649,2089.28158435912,3.95306836349377,3.66327737751654,3.90113216056542,10.2387125274601,1.06358597567985,0.103220102518812,0.986808476429607
-0.0004287752526292,6.67854119975776e-05,0.207249703019156,5.20536972894876,3492.48729890032,1944.64832212706,3.94721421020291,3.66132461924513,3.91659514258979,9.53143772241718,1.06682332877007,0.0973100508246929,0.996022721361754
-0.0004287789970375,6.71559520755594e-05,0.208383857414603,4.90707244325104,3494.84807062487,1923.52300994395,3.94606840610504,3.66351583024033,3.92092983605198,9.42831780313376,1.0675424065697,0.0964114387438892,0.998121909861967
-0.0004052036627353,6.74370447559791e-05,0.210254785047261,4.82456469748645,3446.10416461795,2059.53140530887,3.94918096519652,3.65272993919177,3.85177320607273,10.092703371705,1.05270219768432,0.102482472850009,0.995946360451356
-0.0004042996591095,6.6073868596538e-05,0.203603046801007,5.18465534209941,3442.90159846767,2065.29686152493,3.95349608066577,3.65181795756022,3.84821720555237,10.1206895157652,1.05174047836048,0.102777064780619,0.984565658074972
-0.0004107371735658,6.64080771348797e-05,0.206044521559541,4.99900702447386,3438.37010883121,2061.62503890815,3.95308246128801,3.6504305835463,3.84313882110515,10.1028589514317,1.05034577163555,0.102728782351995,0.98382781422208
-0.0004116036932218,6.60929174724207e-05,0.208283847745662,5.07217595396928,3433.27228265477,2051.03152110218,3.9526315128919,3.64902103049123,3.8373166696759,10.0507548248655,1.0487829752689,0.102225862480866,0.982386103182305
-0.0003975785102319,6.63557592878976e-05,0.211470556990813,4.85976857869009,3447.54404840141,2079.8901409274,3.95460264543885,3.65648877315032,3.85688924117741,10.1924126174106,1.05314055329351,0.103386813507066,0.980646967735205
-0.0004189928523697,6.66637490518554e-05,0.208355883447185,4.90204602207313,3467.29893537308,1962.14616932126,3.94866500909512,3.66083258087352,3.88664253045909,9.61694733444988,1.05914490746336,0.0980215176383083,0.987228451441977
-0.0004360005760031,6.72667883155665e-05,0.209153509279893,5.20102435465273,3473.62895893958,1938.39824925247,3.94723503362565,3.66494709152286,3.89607394369293,9.50103486582915,1.06106556708145,0.0970678872356511,0.991338481028958
-0.000414938669543,6.83493940738479e-05,0.223901164904127,4.6986121022517,3431.19884310046,2037.95371450914,3.94634796793644,3.6496960036775,3.83636087686617,9.9868492650959,1.04816046168711,0.101649250476459,0.990503329773905
-0.0004074643270843,6.64806223750098e-05,0.213562991398495,4.92786904023183,3426.16740532441,2055.92230776255,3.95353520726695,3.65614230468355,3.83020504060935,10.0750702297174,1.04660676931373,0.102420987264262,0.980337815334021
-0.0004058884332037,6.65887260149391e-05,0.210190783747345,4.94998921609263,3421.41723930906,2055.65687051113,3.95381230058022,3.65417958333574,3.82431210340713,10.0736755415908,1.0451999886368,0.102233210384857,0.979029832274497
-0.0004075626142878,6.64691624714599e-05,0.207953083750311,5.13927697863322,3416.47956896026,2055.26597451814,3.95312303450049,3.65252161848134,3.81837073177099,10.0718446714493,1.04365761209163,0.102069665002661,0.977763686213763
-0.000422041070168,6.07443135196261e-05,0.171126509539804,6.14705421418215,3565.05536729541,2073.70329987083,3.96484086814436,3.65593449340379,3.98854042112244,10.1620975611207,1.08907044906108,0.101796684643999,0.979418182362218
-0.0003782231606128,6.7171666720556e-05,0.189678403202634,5.62823079802561,3552.94637452458,2104.45210433272,3.94535778393255,3.65194344520569,3.97429114895778,10.3122610675821,1.08538152128727,0.103607097821851,1.0
-0.0004031166368964,6.73903005011083e-05,0.188491917939144,5.64129299995501,3566.84389333763,1995.75464015662,3.94292270970899,3.66638120934983,4.00126000972327,9.78151775121096,1.08958097262396,0.0989634404035687,1.0
-0.0004115175693196,6.82372226143713e-05,0.18787743670505,5.52721130909574,3564.98669015585,1964.61569285873,3.94059202075005,3.66748282732057,4.0009641002649,9.62932188599414,1.08902177889383,0.0977521713861571,1.0
-0.0003950266980164,6.93847996087047e-05,0.193131756378354,5.48866623475119,3530.69799028541,2042.82965055214,3.940607213974,3.65474765300751,3.95016248502153,10.0110271802171,1.07856854182181,0.101184872353638,1.0
-0.0003769633643819,6.73250237336727e-05,0.193207149516438,5.71369905527003,3515.75930435353,2087.71865274762,3.94734275341034,3.65606322809428,3.93048045920299,10.2306144912909,1.07400853193769,0.102853192797929,1.0
-0.0003934005419418,6.71367350140272e-05,0.191722159501352,5.5301069201375,3510.10342486158,2071.06272192311,3.94757081999033,3.65562170894206,3.92524836964182,10.1491243912134,1.07227386019921,0.1028621179764,1.0
-0.0003821348242718,6.77445201931678e-05,0.196655684831171,5.20450106302414,3473.91371653313,2166.93730013688,3.94795472621918,3.64433056217129,3.87472049853872,10.6176622573008,1.06124797587219,0.107119950655924,1.0
-0.0003960207507392,6.61255318155843e-05,0.195053691780469,5.54835123422083,3487.83983034371,2106.51603077748,3.95284378070098,3.65629617238449,3.89896234161805,10.3227696349055,1.06547670642063,0.10498536082472,0.993211094211991
-0.0003847660678976,6.74721593345076e-05,0.209739419346943,4.86676886977856,3479.33954581417,2103.78182885498,3.9498979646053,3.65307080947747,3.88834149590344,10.309149591456,1.0628736321369,0.104277594180399,0.995962244737357
-0.0003809189502877,6.74073514955861e-05,0.20475105222854,5.36476577762766,3451.00766231801,2134.9196193247,3.95054778685936,3.64498916242877,3.84789263317026,10.4609070075694,1.05427040421709,0.105509936055305,0.992678653377021
-0.0003891348169583,6.66008976292121e-05,0.20467501392498,5.01970769643269,3446.30452257165,2180.34094632239,3.95485776342997,3.64464682187789,3.84356345278952,10.6830316358648,1.05281005757212,0.108950540757535,0.985531354495863
-0.0003723287282336,6.67298807142291e-05,0.206581844978686,5.03864348467618,3439.72645161476,2169.34061791428,3.95440766171711,3.64281036711147,3.83631892425958,10.6293599047058,1.05080141840618,0.107411402147984,0.984431827151933
-0.0003878507134617,6.67618263600112e-05,0.201961539238756,5.39840258333481,3433.72691778545,2154.26317514267,3.95552698926228,3.64913020257292,3.82917062516557,10.5558517832799,1.0488917320274,0.107677031346942,0.982746605898376
-0.0003755397581826,6.68423863235156e-05,0.212303077373665,4.83949486732613,3419.2427231959,2189.18380322767,3.95534908771515,3.64186786783153,3.80942761756693,10.7265218240307,1.04448388689611,0.108615082774955,0.980274792551132
-0.0003743623655234,6.63378566450209e-05,0.207390528243404,5.13887803844604,3429.65110385304,2166.07623093246,3.95833635563944,3.65028350106601,3.82690099033911,10.6141741994876,1.04764316840572,0.107579846521232,0.977362737642953
-0.0003821663350077,6.72073881241899e-05,0.214798646111489,4.85666228969706,3427.69834524277,2145.31135675686,3.95565116812543,3.65050158212925,3.82544632305229,10.5123021997618,1.04703615793307,0.106755573728908,0.980022037414015
-0.0004022456875243,6.73038522870404e-05,0.213877538395084,4.9436422071171,3406.93048793726,2131.49838138203,3.95539409358327,3.63886647799919,3.79627263907849,10.4446287635466,1.04071818570972,0.106447543228087,0.97899198978054
-0.0003724718174833,6.67713340324182e-05,0.213518012786944,4.72058829796722,3401.18033248058,2212.83962155067,3.95781544293507,3.64557922612066,3.78987175706412,10.8423215932993,1.0389586926354,0.10962598964245,0.973037495664848
-0.0003775837733877,6.67762226011682e-05,0.214048295912173,4.76990827690651,3400.0554395412,2189.30871415912,3.9576259698018,3.64658040793046,3.7900099051708,10.7272075137604,1.03862624681067,0.10847572453971,0.972178509025183
-0.0003740020532937,6.69135240110026e-05,0.217877982990413,4.82866964828651,3396.54001364828,2180.79346200568,3.9575119809349,3.64586691027102,3.78623932197878,10.6852854993797,1.03753848880107,0.107877060050702,0.971631229610329
-0.0003751860432704,6.71271721587404e-05,0.217140981772646,4.71396155357986,3382.21156308573,2201.10550157813,3.95782908236626,3.63820157465727,3.7665479611679,10.7848106478231,1.03318466248883,0.108746193176668,0.970219646174831
-0.0003961529407621,6.65113970202512e-05,0.219187369030741,4.66278908159603,3400.88556879875,2171.76371990505,3.95979148238452,3.65114348660345,3.79533352100281,10.6417679782397,1.03884068233289,0.108130121464925,0.967475889710676
-0.0003917356288752,6.75455560107688e-05,0.221174382063025,4.71338594746791,3399.85490361898,2150.63897077023,3.95646915059959,3.65154113976852,3.79487684726196,10.5383854454263,1.03852517175757,0.106925704381523,0.972093567066294
-0.0003825788094524,6.76763618754988e-05,0.220341884716197,4.74927021415443,3396.77668427426,2152.6704896153,3.95645318242717,3.6505272678707,3.791254049711,10.5482082627452,1.03759696590705,0.106649292391239,0.971610269398038
-0.000379948586387,6.75156744120688e-05,0.219874348565303,4.83234109433907,3393.01102860668,2153.63928785355,3.95577074867664,3.64934560319652,3.78683664969988,10.5531189697346,1.03644249222597,0.106742250427577,0.970762774107998
-0.0003826526870859,6.76021461534147e-05,0.220954976971485,4.76221281639368,3389.72988306743,2157.24850060232,3.95627810695384,3.64843890977942,3.78322141802013,10.5704205579241,1.03546027024604,0.106789555059699,0.969762158445525
-0.0003941593391922,6.77662595904283e-05,0.224062239572779,4.63625231895796,3388.13692587294,2156.06167635607,3.95527091402138,3.64904526627582,3.78238941802892,10.5649480852558,1.03493055751056,0.106894057447602,0.97350216997083
-0.0003960016506769,6.79210844059085e-05,0.222957486269516,4.90835804891189,3382.54278805526,2151.76446207089,3.95631905711523,3.6463477300561,3.77514255010725,10.5440218931409,1.03325251912717,0.106929424038492,0.968388804590038
-0.000383532573092,6.77106807302511e-05,0.221419632267642,4.64064044382383,3378.74577686499,2152.53007529461,3.95605452025115,3.64477124214172,3.77043793818532,10.5476960776299,1.03207841077749,0.106678841131348,0.966783499552489
-0.0003827155840108,6.77878378214014e-05,0.22658878112881,4.59992152591414,3375.99572696956,2157.37371975696,3.95651679608359,3.64403374920721,3.76742200858347,10.5710339255725,1.03125338183484,0.106652736213178,0.965795231518886
-0.0003802865877336,6.78300156189427e-05,0.223461935619026,4.67194472539537,3372.74561178236,2153.85803076322,3.957002467777,3.64292540757552,3.76357088792979,10.554108305764,1.03026673195693,0.106712253279769,0.965012115890717
-0.0003775037659217,6.79374332578408e-05,0.225072564781828,4.73604392346213,3369.8553495747,2160.20145706332,3.95750104847239,3.65039269338574,3.76029118401522,10.5855775377096,1.02938233569142,0.106472079176277,0.96418442394865
-0.0003858406578192,6.8000546801944e-05,0.227226724498137,4.54789089492406,3367.37062384369,2154.32667096384,3.95788830904225,3.64968572164837,3.75741925156945,10.5566027500989,1.02861338833016,0.106854551545739,0.963292705841424
-0.0003836376209238,6.80845012069833e-05,0.224828801998211,4.49295506645522,3367.02762745105,2158.74865754496,3.95798753743148,3.65029309716141,3.75772662445122,10.5784934101137,1.02850258585832,0.106621131237807,0.962809564339992
-0.0003858686895231,6.80613068878309e-05,0.22791632672646,4.76153100193492,3360.27726961236,2171.35769029433,3.95664346396033,3.64760321064999,3.7493347734872,10.6398936934329,1.02645156756838,0.107599207599908,0.966225207515411
-0.0003858401770464,6.81058006469733e-05,0.233210819737955,4.4087067390147,3358.37075341749,2168.63893336547,3.95778760433197,3.64709113773547,3.74718999487961,10.626481740135,1.02585717376458,0.106993794843992,0.960937974586335
-0.0003614498298929,6.76154000816276e-05,0.221828419973973,4.54447271322017,3316.0243811931,2278.27575986157,3.96094919093932,3.63925579828875,3.68743417033062,11.1627865658799,1.01297377964681,0.111601342454923,0.958627193672351
-0.0003597992843534,6.73857067230521e-05,0.22225270682952,4.87663128804899,3311.05548010272,2294.13465271721,3.96363190137423,3.63757481958185,3.68149333721402,11.2399966570383,1.01145519726795,0.112941987377176,0.948079548880686
-0.0003727858837573,6.75327592328176e-05,0.228249363597501,4.52135834478383,3306.50907178427,2295.04108616826,3.96445018450419,3.63580407840865,3.67587362174175,11.2444156507065,1.01007337734315,0.112820322568147,0.946949231301643
-0.0003534564266605,6.77240087742761e-05,0.224811632349158,4.59164843681631,180.090870366548,2295.27529447735,3.96529176785396,3.95741408211844,0.217194242790584,11.2453547817543,0.055012906156627,0.112986669859224,0.945301484163633
-0.0003816697009208,6.8413092560913e-05,0.230396226665941,4.79753108993594,3358.81899161445,2168.62992137913,3.95791407108307,3.64621346247824,3.74676242903773,10.625909219433,1.02601969310405,0.107346910198277,0.961370298560791
-0.0003802673632901,6.83681441174627e-05,0.227514461911221,4.86577762494324,3354.36600519528,2146.75553127114,3.95740083098412,3.6446032252228,3.7414883745397,10.5189077121187,1.02466794212438,0.10622214203477,0.96037368459433
-0.000399231221467,6.81566729406175e-05,0.227964669011593,4.53062001554769,3374.46353176353,2114.44534559188,3.95877840280533,3.65020012440889,3.77255780553047,10.3615195255619,1.03078565540848,0.105447744455604,0.96002607098136
-0.0003976695328541,6.92073806087524e-05,0.229691081691703,4.48869689554212,3378.73033556725,2068.50946695675,3.95292730024545,3.65360975265503,3.77962721107152,10.1365945638935,1.03208118432341,0.10263653923625,0.965372727732606
-0.0003925464694875,6.92443939569436e-05,0.231520685005993,4.3681413632251,3362.50978787473,2057.63534749162,3.95171349827606,3.6539545540224,3.7577147916761,10.0838038465692,1.02712250276952,0.101644677604965,0.966295143989788
-0.0003744620408315,6.86798624934754e-05,0.225682441455944,4.55153237348552,3341.60099252981,2175.67714061253,3.95626226142423,3.64821218178335,3.72605673767413,10.6606038167086,1.02074241788528,0.107278511382295,0.95939150216022
-0.0003830648172667,6.84003021839273e-05,0.22420703543155,4.61255519140736,3341.55404411435,2163.16194883846,3.95867349634218,3.64965155272357,3.72750114092902,10.5992278592654,1.02073090486116,0.106838663846127,0.955578027410713
-0.0003815374113338,6.83924040596977e-05,0.224509791067612,4.58241982164629,3339.80463370684,2133.31897328024,3.95774209199838,3.65045232266451,3.72683690145046,10.4534181777438,1.02019824053829,0.10529760486758,0.955441210673356
-0.0003816673384311,6.83862649313474e-05,0.225071642016925,4.4873254594792,3332.13186697562,2164.31800942853,3.95780832358081,3.64591322746952,3.7157594137371,10.6046765081101,1.017866221131,0.106963213672468,0.954050487339495
-0.0003754189539224,6.84720928629503e-05,0.226168046816453,4.48902120989513,3349.68166279096,2229.42283703938,3.95935692762965,3.64881799932112,3.74191739181337,10.9239714535814,1.02319557413734,0.109290994357258,0.952311992378508
-0.0003968657281004,6.90839233837001e-05,0.230508659136394,4.49847176951166,3359.38694360497,2076.16598425186,3.95390949606895,3.65614373223823,3.75731575506035,10.1742773925664,1.02615497343478,0.102818506645721,0.95872059472651
-0.0004098926457941,6.93095735734978e-05,0.233285944620868,4.47740446853455,3360.79439641372,2056.80736164155,3.95324290095277,3.65750929974673,3.75992880358878,10.0799464058926,1.02659596320603,0.102229906116518,0.960362539845587
-0.0003884346206946,7.03277817426501e-05,0.243022135230025,4.23914434406796,3318.27253593315,2176.80216618944,3.95458848751969,3.63893023001409,3.69742565680153,10.6664016671287,1.01364691676141,0.10768557472337,0.958288455662886
-0.0003773480058059,6.8454374174485e-05,0.223508457467157,5.10448792097037,3313.18259584464,2214.83262817844,3.95894534817807,3.63636290921574,3.69040409528989,10.8522426721159,1.01206414349626,0.109355878890261,0.952520449657515
-0.0003751019027611,6.8983315471973e-05,0.233229402503432,4.49270655304268,3308.44794036614,2195.3484785383,3.95905398349373,3.64418580489499,3.68582661895243,10.7569266615018,1.01061226591907,0.108150008317104,0.947101333216084
-0.0003644791223853,6.87309483245408e-05,0.231179046319636,4.45486708465101,3296.42824377428,2238.73838337118,3.96061735886794,3.63696527055332,3.66859923856163,10.9694166851388,1.00696927524143,0.110062800819219,0.945028762808005
-0.0003846457141408,6.7358849767697e-05,0.226235700259532,4.64081163610188,3336.01056729842,2133.07018752772,3.96257851926648,3.65438438516802,3.72757677559286,10.4527469382766,1.01901825732545,0.105504841502152,0.944188310951111
-0.0003914243784155,6.93626267828726e-05,0.234919138451628,4.32975682841071,3340.10231090494,2097.55559129673,3.95537567138672,3.64902710287194,3.73410721048382,10.2794592877509,1.02025792983766,0.103524257134442,0.95405492416368
-0.0004061373476,6.95697588780432e-05,0.234052774436118,4.30608591068617,3310.91384699848,2033.60334220919,3.95528058409691,3.64765489952905,3.69147572223062,9.965312508877,1.01137661883922,0.101931193535462,0.953766914062237
-0.000374324902066,6.89966802305244e-05,0.235082206858554,4.44686521258726,3295.61597121201,2234.59767731183,3.96065644606566,3.63887211893286,3.66983079540997,10.9487613809271,1.00671236370556,0.110488707924909,0.944960574990019
-0.0003667966040269,6.86993178624275e-05,0.233908380563642,4.46501814765689,3293.69429289229,2224.56662750331,3.96242192953061,3.63861440122127,3.66804778611616,10.899610471109,1.00613462708083,0.109372260630533,0.942042585939275
-0.0003834501933478,6.87997928022983e-05,0.235130005733599,4.42232363172697,3296.53816024773,2221.62922346586,3.96229136173542,3.64101931239877,3.6727002889684,10.8850971034252,1.00697957485128,0.1097936063459,0.941571297660746
-0.0003734454421431,6.91236160859102e-05,0.235605628977328,4.46236048231729,3273.91320482816,2240.92940566491,3.96210591976459,3.63533743437346,3.63980690404256,10.9798614472487,1.0000949199834,0.110706314518276,0.942161515905971
-0.0003595254739095,6.84301405803194e-05,0.234305607635751,4.43995206168903,3313.99402289133,2262.19214319403,3.96473460617461,3.64466184430418,3.69950433118095,11.0848436274769,1.01229492368149,0.112478571266013,0.937459039881417
-0.0003872092876678,6.95554188361519e-05,0.241858233097117,4.24129637393331,3321.82375158375,2123.74242380442,3.95788286310254,3.65018682353264,3.71154624176705,10.4071333788328,1.01468744681117,0.104718085083025,0.948669390745637
-0.0003886266350649,6.96156343797323e-05,0.240842102828977,4.37795156155738,3324.35558871378,2115.3993730612,3.95627024559059,3.6518988503819,3.71534336667402,10.3668103505146,1.01546127824387,0.10420066836937,0.950164500269195
-0.0004010111081691,6.98816234922329e-05,0.239140910235485,4.33497908320593,3333.34170548874,2077.44785614638,3.95348463535309,3.65846711555413,3.72943179725496,10.1813283349787,1.01818507083996,0.102652294083028,0.956721915588359
-0.000404516059813,7.004168373877e-05,0.237669491643702,4.31374610968131,3336.8424559955,2057.18291799293,3.95406435608864,3.66071011956814,3.73476498270736,10.0821570992682,1.0192729423378,0.10166299308897,0.953725111867075
-0.000417342762625,7.00643920265213e-05,0.237621080192566,4.29537877366796,3338.51519134536,2043.2934264302,3.9530565226078,3.65342680194922,3.73734635897069,10.0140608865208,1.01977727621929,0.101316552740939,0.954449234332023
-0.0004062280044975,7.00875277330879e-05,0.236090891817463,4.31926193191038,3340.51590547047,2031.48100628215,3.95214355111122,3.65481940696114,3.74040117721906,9.95653430424626,1.02037943113105,0.100531517496482,0.954875372866084
-0.0004133610529512,7.01018290014285e-05,0.238816553838987,4.31138222672189,3343.36077790981,2021.27874508873,3.95118355870247,3.65687631096756,3.7449548383638,9.90683567660875,1.02126035263175,0.100110304963018,0.955716993810893
-0.0004060859890836,7.03694976845963e-05,0.238910811826072,4.2557146062136,3343.04832072358,2019.7319748372,3.95201821944014,3.65671556037769,3.74451486348909,9.89944789943442,1.02116505296999,0.0998539431840478,0.956035255854095
-0.0004147319069287,7.03793553736266e-05,0.234071723018231,4.3784161272478,3344.32996316033,2013.87292669155,3.95171003080719,3.65738129406645,3.74627818243878,9.87105683015709,1.02155400685541,0.0997163738716955,0.956145809769979
-0.0004166704038471,7.03748082160759e-05,0.239039984357451,4.21429898954195,3345.18999707233,2007.35793051386,3.95115657943991,3.65796022666128,3.74757431986392,9.83894470431375,1.02180771392371,0.0994377184152352,0.956495125709296
-0.0004228574565969,7.04089036695783e-05,0.237709921929657,4.29205336539249,3346.33097130456,2004.70170455024,3.9508847051592,3.65875113846963,3.74937601860453,9.82580395713795,1.02216070473605,0.0994125036420004,0.956844964525152
-0.000419281440742,7.04630200459541e-05,0.235429779857331,4.6535254101924,3347.15934175963,2004.59246535733,3.95051117204315,3.65921058780269,3.75061431782958,9.82563649510204,1.02242880015073,0.0993727629073683,0.956989445865109
-0.0004177347495326,7.05305744245316e-05,0.23380039337554,4.48510527526676,3347.59723243211,1997.35831059417,3.95009486236382,3.65961882524323,3.7513320242531,9.78990132525333,1.02254396744923,0.0990762748731761,0.957255846556051
-0.0004161966457314,7.05031281395687e-05,0.236807701945204,4.42724133662568,3347.78477887693,1989.46782709844,3.94987381750078,3.65983647212648,3.75166396526272,9.75165779641792,1.02258769682032,0.0987887539189569,0.957408639610203
-0.0004143021414412,7.05680535366584e-05,0.235177296532643,4.55791630901275,3348.42910317448,1992.06168487651,3.9497923293517,3.66029878248248,3.75270310096585,9.76426212580884,1.02280327735031,0.0987424489778098,0.957474701814806
-0.0004140281453796,7.06058999520242e-05,0.238779081957457,4.24815728428196,3325.54819548875,1994.4680132072,3.94958740798988,3.65859340988429,3.7232581355022,9.77660747260953,1.01584000549907,0.0987552003460379,0.95758329208154
-0.0003811852702053,6.98631466354408e-05,0.230558115264525,4.39612261404526,3285.55536479049,2183.52508473344,3.95777647144298,3.6366612208741,3.65955226157384,10.699771051191,1.00366625570019,0.107349700690858,0.947410089985287
-0.0003833435470226,6.93761230066278e-05,0.235482320834321,4.66450892512896,3288.19559129712,2193.30232655816,3.96122858218658,3.63850870941366,3.66351281760975,10.747783775431,1.00444498850518,0.108250862612873,0.939780210742756
-0.000382862791267,6.9355086623856e-05,0.230524279792661,4.48121566317051,3282.50809993374,2198.4585802909,3.96069719363482,3.64425924661997,3.65600940228181,10.7729402305564,1.00270535753739,0.108418951286089,0.940390663768021
-0.0003680749670889,6.91573655763155e-05,0.233290836425475,4.38899702516913,3279.25822644948,2207.10240451584,3.96084773294704,3.64306715587238,3.65199477447756,10.8153054337475,1.00170121637621,0.108316893296162,0.938834340561544
-0.0003706046287554,6.92423312791065e-05,0.235936236367275,4.53535707754336,3300.80624582584,2257.48830635357,3.96227361624723,3.64692373999527,3.68216073215055,11.0612462274749,1.00827220956949,0.111232578875167,0.937252824270951
-0.0004028170263402,7.00344002152505e-05,0.24325089376775,4.21395070110127,3322.45121885359,2087.103845431,3.95541400836809,3.6547689796549,3.71668306240921,10.2286353168016,1.01486379830502,0.103246400766226,0.946554957612913
-0.0004010784529709,7.06198847480205e-05,0.240909437645516,4.17582397858277,3326.28085723519,2065.02683128219,3.95396347381362,3.65757595754303,3.7226464755846,10.1206971275669,1.01603028847723,0.10207218222718,0.950635523018057
-0.000352222306594,6.4460554758271e-05,0.217438181996512,4.81253086245624,3317.96047407375,2294.37884432179,3.96842873947961,3.63740188041619,3.69559465111804,11.2423923693629,1.01353959092958,0.111752398260229,0.948116707191468
-0.0003611333174412,6.89675077580017e-05,0.234559743893357,4.48194930780548,3326.80473169142,2299.17517382312,3.961358998503,3.6415362801172,3.70689195468527,11.2658664950551,1.01625246563937,0.112630027423331,0.94919756539493
-0.0004013851373926,6.93784062728759e-05,0.23620993098233,4.2899520846823,3349.52823935246,2131.38407792875,3.95633967797361,3.65196167586143,3.74497468310042,10.445351497647,1.0231390609573,0.105384916012185,0.95413367711937
-0.0003925341748997,6.99313847249183e-05,0.235035076312392,4.33764957238107,3352.4359393941,2097.93237471612,3.95321544766426,3.65525895252562,3.75060946489478,10.281709297617,1.02400522705041,0.103541511110358,0.958465625084593
-0.0003720933133895,7.11727586786357e-05,0.232482225952979,4.45687533638217,3305.22624758532,2219.33313686047,3.9517567531027,3.64160568586418,3.68051268641476,10.874635603158,1.00963600246846,0.10899521640262,0.956190250476795
-0.0003824316085621,6.88874499182167e-05,0.235935917186983,4.29753694550045,3300.53808230854,2255.9102410598,3.96172920740568,3.63904297138963,3.67400291141326,11.0538142492444,1.00820730693275,0.111331691121145,0.944974138578026
-0.0003971302739438,6.9438107569065e-05,0.236866342257483,4.51764461589945,3312.33529289612,2190.92689308581,3.96214085510097,3.64517904605184,3.69018945290897,10.7356014690122,1.01181383653647,0.109590212748437,0.938017527092303
-0.0003938384375253,7.01832683850913e-05,0.243396720015937,4.15833730331094,3304.74175405492,2172.56806680097,3.96157120435666,3.64410617947578,3.68272856680787,10.6455719093245,1.00950658593666,0.109004567012976,0.939987746175087
-0.0003823021288516,6.95565062804566e-05,0.235410198069708,4.38534933611297,3294.91314452846,2241.92554473628,3.96134936500707,3.63607484102249,3.6664850627147,10.9847644044767,1.00651209709132,0.111310660517672,0.937625304263318
-0.0004029299744343,6.85059229378038e-05,0.238264226449536,4.30210117822827,3331.18308008762,2116.00820436282,3.9628285738138,3.65313156938131,3.72223464691427,10.3697911302943,1.01754473624748,0.105870628959052,0.938001656887958
-0.0004050607215395,7.05581693354913e-05,0.238953367430158,4.24449375475182,3337.81021924148,2070.79148231816,3.95605649249722,3.65785864813138,3.73271899462138,10.1483787235907,1.01958122859291,0.103329669681421,0.946844378468342
-0.0004162043688707,7.07240811490684e-05,0.241558157297346,4.21222766035153,3307.27421798452,2003.15159138926,3.95404175435654,3.64620414589133,3.68696394761887,9.81680770435493,1.01028476969653,0.101588330466481,0.947239516325824
-0.0003811238575133,6.99123969795177e-05,0.239982418647198,4.31943973880651,3292.89785929147,2220.78570854288,3.96080406836277,3.6371317761285,3.66590575368095,10.8814232204851,1.00589411425931,0.110564249788336,0.937006493270242
-0.0003903535821755,6.95352676977327e-05,0.236661289627098,4.3588233324377,3296.07003986221,2182.08340565566,3.96208035389994,3.64038224518299,3.67171327858839,10.692258504098,1.00684684539199,0.109409000294525,0.935387353440113
-0.0003867353047504,6.97962802095691e-05,0.23987403386302,4.25518346833344,3296.30484123254,2204.2861365678,3.96124602846531,3.64093388829912,3.67247164115347,10.8009854214325,1.00692220278934,0.110207305410073,0.936080605703403
-0.0003791244250067,7.00843224104585e-05,0.248545472834746,4.13624534191699,3282.7572736546,2194.23940653901,3.96105361478934,3.64080420485488,3.65270915830489,10.7517554418813,1.00277406433077,0.109592927828036,0.936113188351653
-0.0003794755821115,6.97630597939978e-05,0.236896906786983,4.32354808213808,3307.4010089192,2273.75446556445,3.96432836105426,3.64938944791044,3.69049835939724,11.1413091355,1.01035816031964,0.112963410580804,0.932551713926986
-0.0003997232725596,7.04602649679044e-05,0.241695702457215,4.16517521370465,3321.56013304126,2092.58769089807,3.95758873710827,3.65093449997691,3.71231520867169,10.2548187689003,1.01466740407645,0.104571041542653,0.941291439663109
-0.0004033996108173,7.07280223260845e-05,0.244094326428705,4.21084225212209,3326.43608510282,2058.23013496265,3.95532593751317,3.65451639943418,3.71993693341772,10.0868379687686,1.01615676735233,0.102833205792267,0.944176423333838
-0.0003837131895872,7.17684060397479e-05,0.249592485263411,4.05806102981484,3276.64830574591,2192.58355677826,3.95749969482422,3.63801384401751,3.64501800250366,10.7432925972252,1.00099068196822,0.10928613954137,0.942091834599162
-0.0003894544849131,6.9517021753704e-05,0.236922867100952,4.29535181206124,3278.99209085907,2215.66088267908,3.9644592627883,3.64030894717655,3.64924119060238,10.8559092644594,1.00169647240414,0.110773174294859,0.930430786902617
-0.0003746645216272,6.97498969985292e-05,0.234369937461744,4.48614950158616,3280.91392289253,2184.38017377222,3.96268478160103,3.64154340984585,3.65189570564234,10.7036052312808,1.00221470909202,0.108947679839568,0.930999781075669
-0.0003864353956914,7.00074609368759e-05,0.238982739874778,4.24562630135922,3279.89813498466,2198.4266323488,3.96303443362315,3.64084072585578,3.65037594414315,10.771939248975,1.00192143239414,0.110060401388714,0.930110351388386
-0.0003727541994805,7.03893450078267e-05,0.244524909871648,4.13232547554894,3275.47597203561,2244.83222832571,3.96330146140453,3.63680274422104,3.64255868166716,10.9991002700333,1.00056560645627,0.112165759642949,0.929943939548207
-0.0003979163672054,6.98722092775123e-05,0.245360015753676,4.20085572100378,3309.88613046484,2112.25832831033,3.96044025025837,3.64509810810595,3.696478095046,10.3512212837094,1.0110293412077,0.105821310686949,0.932211239002975
-0.0004103300498407,7.08518284548366e-05,0.246523249584702,4.13584393794957,3315.80977122358,2068.322495392,3.95678122797791,3.64898855918277,3.70537545958206,10.1367016167897,1.01282386155103,0.103710447169808,0.940471998745506
-0.0004098214333012,7.10368880490775e-05,0.238016113984708,4.29222577073325,3320.95094324986,2056.79176816286,3.95535322476406,3.65220308514823,3.71292640644528,10.0799703433372,1.01442457066329,0.103063364117695,0.941304208109041
-0.0004066418585054,7.12195103553712e-05,0.243710534552999,4.19748199469609,3321.9672207649,2044.77647890238,3.9556057985664,3.65294214265536,3.71442564154629,10.0210494516848,1.01471795666733,0.10246939098723,0.942136002117164
-0.0004173184489162,7.12283998941235e-05,0.243508558989924,4.21029963975145,3323.13948543795,2038.73004086781,3.95478758836156,3.65406722516085,3.71649786564012,9.99176679468997,1.01506830264995,0.102376025014851,0.942521184641849
-0.0004091318336439,7.10940261124096e-05,0.243539504323336,4.36917944831597,3327.46856303664,2028.84006279096,3.95408213925241,3.6569660532791,3.72293739489053,9.94375250531334,1.01637426197662,0.101416181118729,0.943388938991378
-0.0004208805612782,7.12603904904429e-05,0.242736897175819,4.29993965748418,3329.64131999225,2023.35718162107,3.95298323171393,3.65824180577708,3.72603523619024,9.91729436047854,1.01703361989301,0.101412162347185,0.944390286536331
-0.000413745311373,7.15137252132323e-05,0.244562482501664,4.22091172569447,3330.62641614373,2012.73183800367,3.95348729268469,3.65888329944779,3.72750781627891,9.86497256877033,1.01733301240874,0.100838629927961,0.944897064533573
-0.0004119053066467,7.14966672612313e-05,0.240600898627515,4.19855575302345,3331.64173450973,2003.27878117457,3.95284110608727,3.65924491713532,3.72873150883705,9.81873267814781,1.01764511073135,0.100157235020994,0.945179647530096
-0.0004138756352327,7.15340679202294e-05,0.244970146332145,4.1717624670737,3332.8449384016,2005.04450636136,3.95279688184912,3.66018920029159,3.73072710690122,9.82737080874958,1.01801517212759,0.100315026502154,0.945433307192076
-0.0004244705247524,7.15311193570386e-05,0.242052884327746,4.28879125497761,3333.14193457476,2004.27888708276,3.95248729412002,3.6601475740956,3.7310205557403,9.82371281773557,1.01812855566138,0.100556352593026,0.945839095559976
-0.0004131918142992,7.16206542355076e-05,0.245139260062346,4.19134432559593,3334.20492039592,2008.23202576017,3.95210319456428,3.66071586904273,3.73244491341292,9.84309539178822,1.01844071773306,0.100474678740018,0.946073842774339
-0.0004165649531394,7.15199601291498e-05,0.238464423856686,4.36339606314207,3335.83000626025,1997.07619648398,3.95186895192271,3.66156254616459,3.73464666898759,9.78869337702294,1.0189284556832,0.100067993083007,0.946396314556579
-0.0004135599929178,7.16182751541696e-05,0.242072575563412,4.24748893552171,3337.33057889028,1999.07655889634,3.95148156508051,3.66223416075242,3.73677560543601,9.79845960697693,1.01942597777342,0.100049017415412,0.946810394109273
-0.0004095063044575,7.16618015500316e-05,0.241274225101682,4.34948359532673,3338.01836194779,1995.4047291794,3.95099753322023,3.66266180983687,3.73772313430442,9.78056786683464,1.01961618878209,0.0995139364407955,0.947246486004855
-0.0004109247070906,7.15740052385683e-05,0.23953149983403,4.39501900139538,3343.2538044526,1969.29631142702,3.95099078949971,3.65760459607108,3.74558884348399,9.65297850216021,1.02121432095892,0.0981899202934536,0.947876057185203
-0.0004266883926758,7.17822281564682e-05,0.24353575217797,4.26834575591153,3344.05140862032,1959.84365314769,3.9496715008913,3.6580327811994,3.74668436165478,9.60660363235436,1.0214561377816,0.0983309676747594,0.949196174188981
-0.0003705153875711,7.10957227764041e-05,0.242411933009246,4.15751749015272,3293.68016797432,2175.1308662626,3.95924605222849,3.64101351371833,3.67046805059585,10.6586182039324,1.00613586982803,0.108117204375162,0.939924404905259
-0.0003916839389665,7.04407645506207e-05,0.242950989656855,4.40863239860108,3291.88335525338,2119.94408124208,3.96056269861988,3.64067615781512,3.66862180256178,10.3884102914706,1.00556097060984,0.106033846965992,0.934156305702773
-0.0003979598605715,7.06149418966306e-05,0.246353799489288,4.17089010068311,3289.99239016353,2169.81813816109,3.9603680007816,3.63901980221271,3.66548084941942,10.6323613860169,1.00500356613502,0.108643919906292,0.934243708816397
-0.0003736221694184,7.08238238734997e-05,0.242297525846808,4.25681948741584,3279.80421034933,2162.6304717348,3.96080911715414,3.64076328707171,3.65030687928022,10.5969609413747,1.00191122157459,0.107951450798259,0.93298463261068
-0.0003826604994016,7.04622682065167e-05,0.243580222099798,4.20428239329344,3309.98047515866,2160.75766355242,3.96426996542382,3.65336676580565,3.69652400730407,10.5891702789712,1.01108979691057,0.10904048655694,0.932667812111117
-0.0004004293964402,7.13801918238866e-05,0.248171617992253,4.2150458364287,3319.77956704458,2060.37012827513,3.95554846768476,3.6520854160849,3.71180256513165,10.0975641458647,1.01404185552842,0.10329465221754,0.940894593608657
-0.0003988787046583,7.16020821835849e-05,0.248237759869425,4.14646584754538,3310.43571725802,2038.24596255389,3.95426488164718,3.65706318616867,3.7005772924213,9.98964302203369,1.01120561310913,0.101796533667754,0.943156341168886
-0.0003725515587774,7.12852130820676e-05,0.248326290770531,4.13943882287937,3276.49136807036,2208.95755269623,3.95961433000515,3.63821253475842,3.64488055406508,10.8238531020676,1.00088820225623,0.110136552077806,0.936450047830321
-0.0003686629755945,6.51228889374256e-05,0.228935219425371,4.52909326155771,3302.03804685079,2275.70678620711,3.97167867765377,3.63733882137707,3.67375443466284,11.1508234197474,1.00872386506388,0.112779683832206,0.929556514889628
-0.0003886704897544,6.95456510519235e-05,0.244276747603242,4.3288685707973,3327.83949409757,2168.67948699253,3.96377743329757,3.64921098894777,3.71546233976179,10.6279220012427,1.01652278933126,0.108903150204452,0.940344022754078
-0.0003945506064804,7.09962927631127e-05,0.241983682170518,4.34765096042967,3334.27903304248,2104.69733562431,3.955502084064,3.65474600707535,3.7265119155066,10.3148052500427,1.01849598885423,0.105062661760407,0.946426751295904
-0.0003912754068416,7.1401098311645e-05,0.245020416522207,4.3599846659194,3313.57360710388,2071.3210954791,3.95446517611995,3.65098935791424,3.69709678827965,10.1516708724599,1.01218000099478,0.103359848094488,0.947602905335706
-0.000361847083578,7.0782987678483e-05,0.23948987455418,4.26059596088869,3293.91353957571,2217.45781383569,3.96098565686609,3.63611826513495,3.66564281121332,10.8658020753778,1.00618330092328,0.110116495555174,0.938132022286597
-0.0003754741969385,7.04191286662365e-05,0.242279552731463,4.21117811802549,3299.41411325385,2199.41150780448,3.96179383653433,3.64074276813439,3.67486624544982,10.7776186451959,1.00787787796155,0.110265523571067,0.935694799375599
-0.0003787881688537,7.11327599722138e-05,0.248135795843541,4.11172867327406,3300.82087185973,2177.89617225189,3.96028100092386,3.64307527669838,3.67832724771215,10.6720453466087,1.00828466216942,0.109011842760074,0.936535385634126
-0.0003728698776759,7.07773485884595e-05,0.242613738300004,4.15277122408898,3299.00833128963,2218.9895611727,3.96097312637211,3.64093678125313,3.67465938367284,10.8735576961805,1.00774462398927,0.110832101905964,0.939216095807378
-0.0003845593642455,7.09653483394296e-05,0.246020238476332,4.28581154020993,3318.43573824626,2094.22887354744,3.95677703099373,3.64897851184406,3.7076400516382,10.2634058761272,1.01365458550761,0.104515066021555,0.939827104499965
-0.0003916797864373,7.14626289683885e-05,0.236799709774844,4.43250045337745,3324.23394731812,2056.32385222768,3.95426981824304,3.65379027349759,3.71716128057826,10.078103060092,1.01541358755799,0.102366175822454,0.944350098953397
-0.0003889492673742,7.21053713175192e-05,0.242267720642234,4.20017440370005,3292.85248549649,2123.80424059866,3.95186261133272,3.63932964844363,3.66808667911518,10.4074697009851,1.00587423902799,0.105453443096779,0.943676276484695
-0.0003807872605168,7.09212507409269e-05,0.244620632526007,4.11899737989547,3289.57045261248,2194.30207366581,3.96090154450174,3.63742714055947,3.66345488931043,10.7521365500326,1.00484978983772,0.110199180075203,0.935537142418676
-0.0003669678403845,7.08779868944472e-05,0.2407805276056,4.1789705775171,3291.53993900353,2190.86503373538,3.95989999746412,3.6399232766458,3.66750466859741,10.7355158621095,1.00543496641435,0.108808011310866,0.935640407270674
-0.0003672896055938,7.10054068845854e-05,0.24495416331224,4.19756438986876,3287.35296262632,2197.22418339626,3.95987815560454,3.63648745417595,3.66073651684334,10.7668332355661,1.00417245720367,0.109276673247795,0.936022512902427
-0.0003920392342823,7.09417535218429e-05,0.243283817401051,4.33763456614865,3285.66435567863,2164.52182019156,3.96042513476752,3.63594885596207,3.65880829733693,10.6066351907692,1.00366266589994,0.108605246617518,0.933877326310928
-0.0003969724266096,7.04641945758905e-05,0.245439279399419,4.16871103859074,3314.21644365281,2110.04086378266,3.96161591023514,3.64873885897408,3.70378722538983,10.3408686539138,1.01233557853657,0.106380385321214,0.9356467829708
-0.0004114258187932,7.18282094297193e-05,0.242478893006841,4.1717472802543,3322.67230406631,2048.30895939207,3.95376686638382,3.65471588826813,3.71674022725199,10.0391381648959,1.01490494916396,0.102480895712778,0.943555694161974
-0.0004073723246476,7.20879836272387e-05,0.242989446082133,4.34128965186681,3305.54469616202,2035.15303283042,3.95189995451022,3.65257188464914,3.69171813159721,9.97511064789915,1.00967753332081,0.101777430030993,0.944959982477474
-0.0003744794940335,7.14510283489248e-05,0.243131356606969,4.46594472977242,3283.77437200854,2170.81827692123,3.95893606697161,3.64328045458407,3.65604545504933,10.637484607167,1.00307615628864,0.108210548767138,0.936831310073796
-0.0003841150614944,7.08837942972986e-05,0.241275463057117,4.17396812361966,3294.05660552028,2154.53794856204,3.95986050274706,3.64345028357846,3.67306111790271,10.557796740201,1.00619145983751,0.107981466768938,0.933987038066957
-0.0003873410487407,7.16719570276723e-05,0.248914527219233,4.40646658353454,3311.88972009282,2177.03898668991,3.9586368270756,3.64790651650555,3.70102162197632,10.6685468587116,1.01163255100998,0.108341933451096,0.9370185958035
-0.0004207730325036,7.19562393000027e-05,0.243915340171339,4.15718848206481,3323.23720185307,2014.60754749316,3.95259551711494,3.65668476999333,3.71919653851898,9.87423540359142,1.01507420922295,0.10115542219289,0.943259891535554
-0.0004055395625776,7.23812602684377e-05,0.242946387006669,4.16575526223126,3324.87823498918,2006.73298793106,3.95155527736201,3.65765056989889,3.72151318669591,9.83602212494087,1.01557573458658,0.100344707130281,0.94492164884192
-0.0003972277837357,7.24319997795692e-05,0.245761508277685,4.15521807885335,3325.19141379668,2005.01462238625,3.95107043271113,3.65795049203181,3.72208033759293,9.82754380166434,1.01567139152304,0.099641581094542,0.945700302406563
-0.0004119010325726,7.24554658022526e-05,0.246579367652338,4.17960543993865,3326.58250421746,2001.10867625882,3.95101882953836,3.65887037420695,3.72414923433856,9.80861579929351,1.01609443479638,0.100081473640933,0.945742277505501
-0.0004153872530541,7.24577567963562e-05,0.244001177369028,4.22480574029178,3327.50478512753,1996.23401453323,3.95063636038038,3.65955632133821,3.72563043159496,9.78485690407095,1.016381017432,0.099981087416385,0.945978932666141
-0.000414157699817,7.2450471090572e-05,0.243675424260321,4.21012386509798,3327.89580615115,1993.29682605894,3.95031940937042,3.66000981035486,3.72641224728949,9.77045631219027,1.01649648329711,0.0997354203626862,0.946286613693228
-0.000422124378254,7.24328147738494e-05,0.244665878471921,4.15811561454959,3329.443207904,1983.0315386171,3.94994841199933,3.66109901402904,3.72878396025626,9.72046099004866,1.01696803303419,0.0994952962630812,0.946426588555346
-0.0004083545645453,7.25074920845394e-05,0.241337323394715,4.16981912294314,3332.81991450809,1970.11032325582,3.95021257328628,3.66369074846791,3.73428016066848,9.65728701451095,1.01800199165141,0.0982385309152309,0.947330975531047
-0.0004153284594144,7.27641221283003e-05,0.241131436865768,4.3053265010916,3332.00715844904,1974.40742183989,3.94959733354386,3.66300190866521,3.73282181830154,9.67835233361569,1.01773469833051,0.098889417766702,0.947732187947324
-0.0004132212698279,7.27279429291309e-05,0.241925621761197,4.25380133681842,3331.63209325349,1969.73573615367,3.94955250845483,3.66275650843055,3.73232931404458,9.65551559577282,1.01763821324127,0.0983227795624819,0.947518684765393
-0.0004279465325916,7.27153506648977e-05,0.240513309453438,4.34319319471124,3332.14814938913,1965.2205250822,3.94958347771036,3.66313107034801,3.73308811865688,9.63315430320318,1.01778124788243,0.0986463768943543,0.947474365384134
-0.0004215268179841,7.27968841532256e-05,0.245471035628757,4.3569389387354,3332.36689681123,1963.84547600819,3.94929174442387,3.66331619077024,3.73344167289357,9.6265073907673,1.01784008890786,0.0985693398525459,0.947802484746775
-0.0004133655701526,7.27624676062579e-05,0.245863401378858,4.18179866100958,3332.91387105821,1965.75173060293,3.94902692847515,3.66361755396413,3.73422593293416,9.63604635640775,1.01801169113517,0.0981512462744224,0.947922134591643
-0.000415926832754,7.28031233059386e-05,0.241687664483956,4.19587026861295,3333.44530882855,1961.6581377103,3.94892995201763,3.66411695227159,3.73520185962346,9.61590227408925,1.0181804736513,0.098131160271508,0.947975809025018
-0.0004187458313452,7.28361784536934e-05,0.244975098815096,4.32502045922664,3335.05541937728,1965.58037114336,3.94875230741261,3.66512722673669,3.73759301508878,9.63566484065268,1.01867131325225,0.0982804703812029,0.948159987637064
-0.0004114933059954,7.29279556020822e-05,0.244428257104236,4.15116045294553,3333.47737360717,1958.95536220679,3.94830086123404,3.66422169820397,3.73534808889769,9.60309737216095,1.01819228422809,0.0977695938915275,0.948475808509904
-0.0004164275794591,7.28509314829693e-05,0.243588433650392,4.19868388645711,3333.00874248188,1956.86171193363,3.94837745470018,3.6641528247732,3.73506894656617,9.59229411390739,1.01810250025164,0.097783753012064,0.947975719574926
-0.0004149554387875,7.28764586891762e-05,0.241382096941987,4.1694830889041,3332.8838461063,1959.0023295345,3.94838967514996,3.66424466445383,3.73512579915575,9.60311018273357,1.01808177876515,0.0977415124596856,0.947987675056634
-0.0004127869687313,7.29304518418272e-05,0.246160229382462,4.20069200964278,3332.93065736938,1956.31504824699,3.94830248463693,3.66428628221022,3.73524164351018,9.58985148248536,1.01810419270187,0.0976410658608788,0.94795432072152
-0.0003860143034777,7.39300587667127e-05,0.249227591524176,4.07868050661963,3292.07337657578,2093.3684421684,3.95202591092453,3.64261775996004,3.67094046741643,10.259279894801,1.00566720993046,0.104390015419511,0.94425091853113
-0.0004050173919721,7.12783582815731e-05,0.243584675579188,4.1873591328737,3299.02708200441,2079.44632388418,3.95714310764037,3.64922151182379,3.68327063609829,10.1907056611757,1.00778676235634,0.104793245494505,0.93539656110395
-0.0003916830589014,7.23290493969375e-05,0.250771036643464,4.05162432629698,3294.01125705848,2102.91486836679,3.95649096660125,3.64553522425038,3.67554896811903,10.3057702530246,1.00628418836116,0.105227597992843,0.937398715897256
-0.0003781889273753,7.2322555116493e-05,0.241770109593234,4.33222248380389,3283.51248928904,2141.1319198368,3.95791712864158,3.64622565432712,3.65875815220367,10.4929446725723,1.00298722257685,0.107326487672242,0.935562740578667
-0.0003783713816956,7.20889485029216e-05,0.24744892175378,4.16917380776043,3278.25892199681,2183.70914309134,3.95992772813906,3.64119133004197,3.64923932916365,10.7012396005793,1.00138901502296,0.10939553544033,0.932223932668219
-0.0003998345063766,7.15534639557828e-05,0.238665041592978,4.27430641944961,3309.78254624782,2054.51215859654,3.9576061407725,3.65789281257561,3.70082847342025,10.0699623907816,1.01099363571459,0.103023687803383,0.934127146962166
-0.0003961464510331,7.27808884585064e-05,0.246793487789331,4.26350015944429,3314.97232081846,2017.93593976239,3.95290009866511,3.65330376667259,3.70913715683045,9.89119101013197,1.01257416564173,0.100832743755036,0.941386091030739
-0.0003954087056104,7.29146340159331e-05,0.247389635761976,4.10264699886394,3285.60467183357,2033.3851098828,3.9512224959843,3.64014336041042,3.66303032199667,9.9652288425145,1.00364975865839,0.100288981134917,0.940567393536552
-0.0003677073352317,7.21214167711612e-05,0.247655342671213,4.15141139199764,3275.16523612593,2172.17806682596,3.95951098605141,3.64175671929712,3.64741864717635,10.6444031792688,1.00050097240047,0.108125854693317,0.932433670524283
-0.0003809206167942,6.76502332453067e-05,0.231317314459142,4.58735750037038,3283.52647069377,2215.61586983509,3.96607642964378,3.6469181314245,3.6600220657939,10.8575482277557,1.00314137495876,0.110513460380754,0.933670390962117
-0.0003755857906082,7.15760720291738e-05,0.251393731319603,4.0988820216018,3280.36891178094,2180.94403587339,3.95833756382932,3.64576254449449,3.65614115815913,10.6873125568404,1.00217308363509,0.108299921551084,0.938312267292363
-0.0003550724792751,7.2030110390906e-05,0.24366347365114,4.28462310787966,3262.08613884696,2244.6923405092,3.95867580576882,3.63281151840279,3.62796279958861,10.9989434099549,0.996572560463582,0.110655429549259,0.936287775836905
-0.0003784164291412,7.02936650990558e-05,0.246561648730087,4.13516291977093,3293.9517634985,2149.38430672911,3.96269504802743,3.64906513690948,3.67910611313301,10.5338272116782,1.00627780096598,0.107207788051266,0.934322100094098
-0.000383727792853,7.23667551430647e-05,0.245245528015659,4.23933001384367,3300.34432075488,2095.19929538963,3.95411301389032,3.65414862121854,3.6894139770913,10.268668519495,1.00820693988205,0.10386639230876,0.942013854137973
-0.0003882195148364,7.26602576493463e-05,0.252006761281909,4.06188718204593,3278.4799909289,2048.90338834321,3.95331742436753,3.64674135586163,3.65536536022824,10.0419240591916,1.00155809422897,0.102348648937744,0.943178477321415
-0.0003537331207652,7.17914640952498e-05,0.248055517186227,4.08589189519461,3258.22691482508,2249.58259177872,3.95936806499958,3.63183125719294,3.62401318656571,11.0229030143529,0.995422242822535,0.110875547435252,0.93400896345533
-0.0003579257035765,7.13543908814768e-05,0.247606949526473,4.09172228394879,3264.58688342516,2242.4264710805,3.96220757812262,3.63729068824837,3.63451427122359,10.9882104014942,0.997353613338905,0.110829944670223,0.931359883125479
-0.000366344004962,7.20174244774326e-05,0.255291821059386,3.98282129568669,3255.03930963212,2243.05162502092,3.96008090053995,3.63877190676602,3.61969593669347,10.991086890888,0.994429482764501,0.111166017108061,0.932205100938914
-0.0003625885467779,7.16462639101815e-05,0.250291120940028,4.14447208742811,3257.7271169076,2262.86387875928,3.96257130263363,3.6332234949679,3.62494021621487,11.0883460178601,0.995256705749028,0.113025893096684,0.929595777397982
-0.0003569297483553,7.20042595996239e-05,0.252832278273159,4.03411604427218,3268.04251853704,2327.19109156396,3.96335580211659,3.64177131223249,3.64168161296044,11.4033547754809,0.998363731018893,0.114726582183294,0.93046415630563
-0.0003812357943122,7.20749459931569e-05,0.249499624593814,4.1517883891722,3281.68562192706,2138.83714129653,3.9578435580755,3.65205618712279,3.66343696144242,10.4819041488346,1.00252156642247,0.106513602592739,0.935179903823694
-0.0003906950093369,7.2485331777743e-05,0.246301837843984,4.16451250220806,3286.68714414095,2113.65155848712,3.95579907833002,3.64715540196214,3.67126043715721,10.3590273845281,1.00404367023269,0.105429511473342,0.937860042396005
-0.0003608071751655,7.40008603246219e-05,0.26983368947663,3.75158967435528,3250.03978111979,2242.27059114521,3.95622322102285,3.63741711052981,3.61400844168618,10.9877001393329,0.992880695124887,0.110958162315898,0.936166432604618
-0.0003589446289027,7.15293121383247e-05,0.252392833218583,4.03000932655971,3248.58640190668,2272.61371112586,3.96413266097064,3.6369232524525,3.61239464525752,11.1361245683562,0.992464233428893,0.112979863220668,0.928108804982224
-0.0003711469836624,7.15257444255941e-05,0.249990138796577,4.22107457057797,3255.57181756385,2243.14577191605,3.96257980581353,3.64256794019179,3.62393342526957,10.9915585399562,0.994583130397221,0.111489564994485,0.927820935347832
-0.0003652308317045,7.19759841812656e-05,0.250802476324451,4.05779001127758,3249.30623820884,2241.23994761537,3.96035623051109,3.63886182308197,3.61440346571213,10.9824431464104,0.99253610441691,0.111623395844843,0.930147043486997
-0.0003641137274748,7.14466261911988e-05,0.249821077663601,4.28032551939087,3247.80567020024,2243.05195121514,3.9614285411635,3.63848443248055,3.61272951424203,10.9913297394362,0.99207204592728,0.111237123819158,0.928936327621032
-0.00038029589365,7.08343408201524e-05,0.24057078340437,4.33736882626665,3278.12372024747,2141.97840986116,3.96111326884729,3.65262300688941,3.66057700783502,10.4976154760376,1.001324785988,0.10636729474648,0.930602666446222
-0.0003930984787194,7.26707271916084e-05,0.249769744906025,4.08622104429327,3282.62555392692,2100.980272543,3.95484523039598,3.64728424378804,3.66749792982631,10.2971481211248,1.00266990324912,0.104368007916019,0.93777691073647
-0.000394581774585,7.2821443568709e-05,0.252951455896955,4.10026019687965,3251.32228937766,2082.50944112113,3.9543662462479,3.6412279215726,3.61846906385343,10.2053644149442,0.993154255733567,0.102731029183098,0.936673136931064
-0.0003564298754552,7.20676167040963e-05,0.247353946521794,4.18543891836126,3240.78922214641,2279.59790468242,3.96309260423271,3.63400730219754,3.60246128745151,11.1699820387877,0.989939516130203,0.113138691573051,0.928313810115003
-0.000357702007681,7.17099108829468e-05,0.249853224262194,4.0643611173152,3237.41503072559,2253.47361516673,3.96390935263709,3.63261124004017,3.59845045483703,11.0423908604794,0.988947942621023,0.111893497493216,0.926817409762371
-0.0003546395992745,7.15948310588338e-05,0.250118091674229,4.60327351447917,3242.77474891167,2286.06666218641,3.96439490694749,3.63668001131578,3.60684136101644,11.2016883984874,0.990565179978403,0.113537813253251,0.925300861573041
-0.0003863256666966,7.21418244064046e-05,0.256596239120624,3.9929219239329,3245.80927831026,2266.90736076853,3.96210284779469,3.63329821716655,3.60618200599277,11.10672915266,0.991535761080842,0.112132607046337,0.931516316370044
-0.0003592409145914,7.15525522283628e-05,0.250048118188126,4.092692891722,3276.48345841768,2255.45691877403,3.96567530906637,3.64986041000297,3.65653780392419,11.0525007187301,1.00085658610869,0.113138896101606,0.929188955901353
-0.0003738994067206,7.31431919839793e-05,0.253553458120711,4.0368039617802,3282.9713848982,2158.56994935204,3.95612833057482,3.64586243033409,3.66653857164706,10.5782900555947,1.00282263232768,0.10773438137869,0.937005751805385
-0.0003738222611395,7.31235425872858e-05,0.253358626074654,4.07650457003546,3273.26779175486,2146.03940346053,3.9545702393522,3.64916939778371,3.65315166248637,10.5174752111342,0.999874775523644,0.106882592126035,0.938364594844506
-0.0003501951008334,7.283595975219e-05,0.249840268995393,4.14060021789098,3238.96661930651,2326.40690010873,3.96137420045144,3.62923975207589,3.59640513513522,11.3987800237956,0.989430622519649,0.115290549366441,0.932053195415487
-0.0003670090551519,7.15949079617222e-05,0.249894888695493,4.15121214397693,3238.93518779038,2348.10937245145,3.96617174527002,3.62993555935946,3.59700664596999,11.5047169822705,0.989411980977531,0.117923967209152,0.925515541542262
-0.0003494671338878,7.20946282129083e-05,0.25336523184715,4.08558638668265,3231.82584439278,2356.54639100762,3.96487875085659,3.62576062029058,3.58713219641301,11.5459779603346,0.987245982286534,0.117338586569435,0.925377754442392
-0.0003288931213237,6.53300631144388e-05,0.244841310223903,4.15932877599743,3247.99471426093,2403.52405919137,3.98085118635841,3.63236208395524,3.60730431131416,11.7756740936044,0.992267468861796,0.117215543221163,0.905028682128895
-0.000345297549188,7.14762070996132e-05,0.248675258191925,4.2365386938195,3244.17979304844,2391.27411311152,3.96496333824961,3.63094243786552,3.60265239520591,11.7153983856474,0.991088925311313,0.118073455481733,0.930077882998119
-0.0003520171740436,7.1588651519506e-05,0.24278412938151,4.21877483224088,3269.59062238386,2365.57284392563,3.96526947820374,3.64349666586867,3.64467699613264,11.5913902151001,0.998836180375782,0.118587822471972,0.934245609515119
-0.0003718188268183,7.24556839489749e-05,0.248162436171486,4.1244270805525,3278.15621496113,2200.59327357839,3.95835596630254,3.65021687799746,3.65855325419368,10.7838147028495,1.00143989323722,0.10921688917976,0.936691795659706
-0.0003779418079608,7.26192109014875e-05,0.249704717671211,4.06304374515825,3273.14104893427,2168.94018534308,3.95575720010344,3.64933301092268,3.65348133743944,10.6285795158225,0.999915431691717,0.107757471829421,0.93820226045645
-0.0003701623927517,7.2727830587313e-05,0.254345275233872,4.07340510128711,3233.54133037609,2328.74412809889,3.96078243555199,3.6259861946106,3.5889351153946,11.4095628797633,0.987827312726982,0.115772061137608,0.933192287054522
-0.0003614644975867,7.14149735674374e-05,0.249288272533419,4.0701572156242,3234.22907755367,2379.41461715853,3.96715158003348,3.62800731225447,3.59155049750303,11.657851896312,0.988047963856919,0.118639786932899,0.925004290941338
-0.0003546430296412,7.22875284946344e-05,0.255478367285231,3.93378946098068,3227.61958602209,2381.71141038899,3.96469771672809,3.63280894996923,3.58249288807161,11.6696273653524,0.986020543981216,0.118188105091236,0.925209793958579
-0.0003564050938184,7.14609725973026e-05,0.246758340385926,4.24308741137894,3224.68233967041,2339.16564683021,3.96659560178323,3.63156819343567,3.57877182966062,11.4606896462214,0.985128533462198,0.116723195921745,0.923427034361933
-0.0003482136823604,7.18759697466798e-05,0.25250080525072,4.44874337957016,3226.3228690143,2409.14796908529,3.96718772801947,3.63073060490669,3.57926830920568,11.8031469636176,0.985607082114963,0.119572887803428,0.921630555644804
-0.0003697534965529,7.20084497970379e-05,0.252929719407865,4.02867659859122,3249.48330482165,2264.48184630964,3.96309762126521,3.64398907748136,3.61993523555392,11.0959829430783,0.992664408569902,0.113088241434341,0.925500955757642
-0.0003761410050927,7.27578539157954e-05,0.257469374698033,3.99037185240759,3253.24972851836,2226.35791434074,3.96034187575181,3.64710406606848,3.62615669987103,10.909844740653,0.993790983952419,0.111175481184484,0.930085309840772
-0.0003433801168068,7.22603997221954e-05,0.251479972516873,4.06808178053747,3203.90010022014,2465.20920896466,3.96700228275137,3.62058284960755,3.55060454677833,12.0775566323505,0.978760886129722,0.122124413949945,0.924960351127278
-0.000358813715453,7.13663785514702e-05,0.255754076658431,4.04066104309119,3206.13497704084,2354.33640446112,3.9692222256074,3.62441225226866,3.55608016464927,11.535296872066,0.979413298026443,0.118237085855916,0.916774549279071
-0.0003521960398696,7.1726950143652e-05,0.254342245323139,4.18601776012403,3208.07333035878,2386.52338228357,3.96852416278207,3.62591186138468,3.55916097415212,11.6924971852353,0.980013433843744,0.119055994344871,0.917853262882363
-0.0003621980797721,7.18649769931984e-05,0.252322542888988,4.25345794694326,3201.57251457061,2360.91464877501,3.96756592663852,3.62169270559188,3.54980071795272,11.5672429800096,0.978041979362152,0.118171001105653,0.917540630816808
-0.0003431277881957,7.17666382907563e-05,0.259130224592199,3.97727538909681,3222.81012131623,2428.16434050904,3.96893423475245,3.63856791575021,3.58391280953321,11.8974089596544,0.984499228627863,0.121029743459383,0.916700830872905
-0.0003846580731393,7.24746903918298e-05,0.25695158313769,3.91406674447885,3232.62424621521,2260.45093183548,3.96321539878845,3.63777976036072,3.59967474967924,11.0764313025875,0.987479987300809,0.112785717990128,0.923201978666428
-0.0003797913124169,7.26283892928702e-05,0.255460904109812,4.05308980655387,3235.70303705928,2231.01468739705,3.96054656003651,3.64064265381206,3.60504275099687,10.9329046196055,0.988427440992467,0.111395192918392,0.924927220287898
-0.0003785457139735,7.28369812801765e-05,0.25691562768199,4.01210256259486,3236.84414436482,2212.18700317485,3.96037236558205,3.64187656099146,3.60724274806928,10.8406657102962,0.988787801272999,0.110332125300776,0.925738396903185
-0.000388753273906,7.27682035158594e-05,0.260187879039869,4.03485957850417,3238.39143947529,2196.2342956542,3.95963117839154,3.64326673854481,3.60986061626637,10.7625507669661,0.989251916179745,0.109663268592584,0.926157971204735
-0.0003863740623614,7.28443867471239e-05,0.257490880838819,3.97397066280796,3241.11072456045,2189.51598721737,3.95891291683257,3.64568146142093,3.61443154978199,10.7296992631415,0.990062470941727,0.109206854731153,0.926613329540511
-0.000384976078733,7.3059312902399e-05,0.259363866202312,4.02191337380644,3241.72079056763,2172.06348935771,3.95898884534836,3.64654386043549,3.61587244598037,10.6443757094447,0.990269320952114,0.108348882457803,0.927235924386053
-0.000388808731666,7.29968832642191e-05,0.257485414635937,3.97305005700997,3243.56491714349,2156.64234080055,3.9581298828125,3.64822150360454,3.61903175044955,10.5691281395822,0.990820094171872,0.107705820214751,0.927606815152657
-0.0004029736697102,7.30442152103156e-05,0.259011718172675,4.40837576566194,3243.97137307672,2152.33009067137,3.95761215314269,3.64883328567852,3.61998975535147,10.5479649114789,0.99094523925698,0.107578785149256,0.928147914657692
-0.0003919653436851,7.29427509246948e-05,0.252840569799836,4.01680106870135,3244.48736658134,2140.45561993163,3.95707077284654,3.64937726801092,3.62097192680124,10.4902307069344,0.991104868005179,0.106758346136027,0.928044705176038
-0.000396537489574,7.312755580369e-05,0.257601063230568,4.17162263610848,3243.1143996403,2142.43996792735,3.95673968146245,3.64876400557431,3.61917342232821,10.4996244474025,0.990676534918191,0.107061973649419,0.928049753798069
-0.0003940028990402,7.30977700820423e-05,0.258943419287013,3.95189529904678,3242.50551489712,2143.98438343604,3.95711299652855,3.64863427335566,3.61851277045444,10.5075652091586,0.990481916901688,0.107029756642698,0.927876912300011
-0.0004068453882103,7.28430626274946e-05,0.250592158118831,4.13716257008746,3246.33233706548,2121.32873190648,3.95639257629712,3.65183476101268,3.62492671619302,10.3963552009421,0.991658692483589,0.105945255277711,0.928123638008104
-0.000408525422271,7.32580877841244e-05,0.260490810874558,4.05961728563436,3243.80328179651,2131.14358895016,3.95589510351419,3.6500819422982,3.62111436868658,10.4447953563828,0.990898931108867,0.106548946005057,0.928606111917195
-0.0003983189220052,7.30488080990447e-05,0.257192298612935,3.96200405731628,3245.3777568278,2119.69135713472,3.95591198652983,3.65122591148723,3.62356844427623,10.3884758419425,0.991380588109445,0.105832552026484,0.928249747609296
-0.0003966349881102,7.33693428678375e-05,0.258470329941025,3.92076956253174,3246.36470511655,2114.19156097551,3.95646015844197,3.65237430875952,3.62548264260592,10.3621722841984,0.991663466245045,0.105500518423801,0.928622661881876
-0.0004040135477381,7.32762317191563e-05,0.25623238512004,3.97084679646776,3247.6464399994,2094.64556013228,3.95553423209512,3.65343279621818,3.62764843179082,10.266282983791,0.992062269183223,0.104668426637955,0.928992622148769
-0.0003624099058021,7.50777574464738e-05,0.253920215829412,4.15334738821881,3199.43455939338,2284.85551007366,3.95539544015655,3.62775961412202,3.55411614198488,11.1962909957832,0.977392066962152,0.1129456861882,0.928928964247935
-0.0003635093707982,7.2333018154086e-05,0.256850826083955,3.93363753715251,3191.30920656904,2347.25981776469,3.96741243734717,3.63039772378074,3.54136615231324,11.5008643084007,0.974903712025542,0.117007279095982,0.914810339730369
-0.0003866905656546,7.22683138380486e-05,0.258344657436374,3.89801320522993,3199.29406371497,2284.76132635382,3.96615676446394,3.62910302844616,3.55532018508173,11.1951848003488,0.977345248504932,0.114359319886182,0.913662690767385
-0.0003556228009038,7.31478764091489e-05,0.266475559604743,3.77859116633554,3187.30938780494,2357.82235798991,3.96569804201789,3.6299622743218,3.53745214901269,11.553287988911,0.973650236348973,0.117134317570645,0.915189350979621
-0.0003599305763805,7.22309555254852e-05,0.261809452502149,3.846292631878,3178.73070754914,2369.86873973493,3.96668404759587,3.62444578497498,3.52514347720167,11.6118328420072,0.971079300527289,0.117932510685288,0.911390797921355
-0.0003851955090618,7.11034949341531e-05,0.262291455491703,3.84189437613255,3213.21979001473,2256.32673648669,3.96873920996559,3.64165495076311,3.57875851872609,11.0572069188527,0.981534252810833,0.112904292735209,0.911921236043753
-0.0003817605978888,7.30601958120079e-05,0.261719163869782,3.92522819945597,3220.89270736574,2189.45380303526,3.96107060407337,3.64744069379404,3.59098670950577,10.7301045562034,0.983892118812107,0.109181753120201,0.920093314814608
-0.0003904524736664,7.31893694077908e-05,0.261350306788733,3.91030415595061,3200.78231493989,2178.50168093207,3.9591383281507,3.63268099356135,3.5599084888357,10.676652382769,0.977775717760296,0.108683783822843,0.921671573445459
-0.0003578908106942,7.29078275611559e-05,0.269773540619764,3.93975686955533,3173.30884567619,2379.66534411226,3.96658202268744,3.621845194587,3.51811475863605,11.6598287112458,0.969398733788629,0.118297843897414,0.912593823025847
-0.0003520316373422,7.21167972593973e-05,0.264100974565044,3.81657469263334,3175.88764865173,2369.2280988656,3.96982560286651,3.62482266293632,3.52299047470139,11.6087948076218,0.970158703573038,0.11822400143023,0.908135355464086
-0.0003630925760301,7.24813280824655e-05,0.257894347000821,3.97837794664423,3178.35649785353,2352.74423818279,3.96777710399112,3.62690073913998,3.52709076322815,11.5277418521366,0.9709269543552,0.117174805225641,0.908567133475489
-0.0003579734199174,7.28646857813639e-05,0.269309127153383,3.82971006897755,3172.91872638371,2361.02560610988,3.96737914729763,3.62356140216192,3.51942335669124,11.5685947243517,0.9692671051299,0.117574850590523,0.909561699783917
-0.0003432866656437,7.31206466276281e-05,0.272667904842614,3.71444989865792,3180.84188109322,2429.92988793145,3.96920726610267,3.62971753765036,3.53190006134815,11.9058145661637,0.971685991471613,0.120708118248173,0.907236515129981
-0.0003771455331759,7.2868483477289e-05,0.269918940276509,3.80390164785953,3199.45414348296,2266.99843935878,3.96461059065426,3.63513573375317,3.56122923953473,11.1091753019406,0.977349561214238,0.113102870646608,0.912647824603801
-0.0003362284764015,6.60059055373744e-05,0.25549296072579,4.1146743308545,3215.63640925345,2506.02256450962,3.98068957199921,3.62782507423961,3.56743900635635,12.2781342872626,0.982356183834363,0.122081255519036,0.91250094156976
-0.000326073755954,7.17892590501344e-05,0.262813231614023,4.07077269413545,3209.38603850635,2443.52345588544,3.96692508427217,3.62472466810034,3.55907227219459,11.9722430659232,0.980412934518868,0.119348118262779,0.921443221799793
-0.0003462459780887,7.18092473713505e-05,0.257176700155624,3.9725901011855,3224.37256881111,2480.62936684275,3.96824374634732,3.63643006228526,3.58327228951287,12.1540502311529,0.985012586548661,0.121647509686138,0.91848941832183
-0.000355339221117,7.23872267935721e-05,0.258460733188081,3.90747028826066,3235.37156628211,2316.12200655827,3.96283499652116,3.63627460002899,3.6004203206619,11.3497788349228,0.988320980627268,0.114583205837663,0.924270157249934
-0.0003713027259964,7.26569400298692e-05,0.255593428638038,4.14347945309088,3237.84386977813,2288.82607162466,3.96189591257196,3.63847410895608,3.60468812460285,11.2163314260653,0.98909705328288,0.113817225337065,0.925806610239052
-0.000356920107915,7.4368331608016e-05,0.264879675719329,3.90391151555431,3199.58943973287,2426.80506317669,3.96199252884439,3.62763647679929,3.54566470119685,11.8899454529137,0.977434879699918,0.120206426956234,0.923533452738218
-0.0003322220369184,7.20765111201849e-05,0.265695024240648,3.85372815904488,3195.6986528097,2489.55312316427,3.97052333548262,3.62610194859681,3.54093166381731,12.196737217365,0.976258979650959,0.123116479102968,0.914713575160186
-0.0003354608355591,7.21424873487666e-05,0.263197561078103,3.97741031917421,3192.74565998797,2450.74207112573,3.96850464923962,3.62541425228119,3.53776191754595,12.0071182494518,0.97536129772909,0.121364889309975,0.914340826759065
-0.0003472145183781,7.22575141499661e-05,0.265217822138701,3.93375640877941,3189.19901473168,2461.07023945411,3.96994392163045,3.62431814935472,3.53361047519555,12.0574532233605,0.974252412075627,0.122388234243777,0.913283072403744
-0.0003340031867049,7.25758185851242e-05,0.267837362161749,3.83222897026964,3179.46466191932,2518.36576288288,3.96969553050788,3.61803139359863,3.51941309225443,12.3381341576842,0.971288910609542,0.124320516884081,0.911779699992018
-0.0003542198119976,7.10728439898748e-05,0.249265012040104,4.10920608130906,3207.76412206152,2375.82320531516,3.96967746373769,3.63208889086312,3.56488353743189,11.6413689540948,0.979883625480981,0.118504615680516,0.912001634411291
-0.0003653953218893,7.31444095762087e-05,0.262148087032742,3.85049864170135,3214.01509324508,2345.05910198882,3.96334548728176,3.6376499823474,3.57556125279304,11.4914804443969,0.981803321508617,0.116392925185944,0.923746532411239
-0.0003644168101645,7.30571040627797e-05,0.263530500575942,3.92151486960496,3215.23457535473,2301.02854717834,3.96197699612759,3.63893984217162,3.57779453189489,11.2757812986204,0.982159471363508,0.114231572727154,0.92025291896256
-0.0003666309297504,7.32006842687893e-05,0.262468071784455,3.85495409901287,3216.20351990269,2282.40448739586,3.96260504621677,3.64014191583756,3.57985584369701,11.1845537134732,0.982472829563293,0.113502421261626,0.920278652185186
-0.0003828200241287,7.32173706026647e-05,0.264321605494258,3.8173462606373,3218.14119926083,2265.59249758435,3.96175305679362,3.6421101902603,3.58338673061953,11.1025860197114,0.983053901847672,0.112833949808268,0.920583174627104
-0.0003743660352011,7.33039727837216e-05,0.262654494917579,3.93769575572944,3218.53260487408,2253.43668091402,3.96084186261293,3.64285256884514,3.58437063436927,11.0428352234526,0.983148141888198,0.112191752010636,0.921013437480586
-0.000379448623724,7.32811395962899e-05,0.262789661365066,3.93938767786652,3218.54843215054,2239.29653874884,3.96002505443714,3.64334201812744,3.58494417228069,10.9738674818468,0.983175850280584,0.111439108728908,0.921076321760662
-0.0003782926613601,7.33435790933051e-05,0.268170346914275,3.8670534395196,3218.59563828271,2240.15592863289,3.9600919806768,3.64389692315268,3.58551893677786,10.9781115743646,0.983187876451892,0.111531267138875,0.921081187020914
-0.0003784422684502,7.3345799577332e-05,0.26522520870953,3.86109675368427,3217.75211206585,2234.25016543883,3.95976678656523,3.64366039223627,3.58465685902351,10.9496847519887,0.982951597401829,0.1111431526649,0.921081871917322
-0.0003772601383333,7.34134347570875e-05,0.262547003031945,4.16449609283076,3216.97089151383,2232.57837681723,3.95968185026179,3.64362169843201,3.58391169664449,10.9414535333047,0.982698823988192,0.111193778657101,0.920868445393846
-0.0003714307443885,7.33714123738294e-05,0.26485131074166,3.88201595708218,3216.40873074625,2228.32829773743,3.95980282687636,3.64363807494487,3.58341065019322,10.9203108412972,0.982516493164389,0.110741744947003,0.920622086485032
-0.0003758476468223,7.34788133372856e-05,0.264404996340668,3.87656022741224,3215.92442801982,2226.79724951915,3.95970759316096,3.64378090079771,3.58309678233345,10.9131820071151,0.982355928575668,0.110869649723016,0.920428942825146
-0.0003826978913053,7.34953728571867e-05,0.265615760888516,4.06826831256666,3215.73740481545,2220.87588237028,3.95936866916677,3.64404125169876,3.58325891558511,10.8840566286166,0.982313863580941,0.110594841858502,0.920351516193829
-0.0003881945527327,7.36217678305425e-05,0.264160034677703,3.82513457027129,3215.8939729213,2205.78244857921,3.9602905147954,3.6446363444722,3.58393203258914,10.8101354885053,0.982350195307895,0.110104195392986,0.920352912518578
-0.0003797891496715,7.36913663386285e-05,0.269077147669256,3.82005056485721,3216.31605493958,2210.43877732306,3.96010446422978,3.64520315292778,3.58486105540258,10.8331755188066,0.982484928760041,0.109924722741692,0.92046339810156
-0.000392457348288,7.37354347585026e-05,0.264694467456966,3.84787032367894,3215.26910918369,2205.29843905848,3.95980488501097,3.64485502243042,3.58356728679511,10.8080429316257,0.982144601488673,0.109849859095318,0.920547857970097
-0.000393868361388,7.37422170088059e-05,0.268297096464061,3.94667719990796,3201.64249270264,2203.8298155769,3.95968881782732,3.63710548243391,3.56483793799316,10.8009219681144,0.977992878745082,0.109734286683763,0.920320662460409
-0.0003659831369383,7.35104899015363e-05,0.270839005305992,3.72186395343469,3161.57482629945,2397.68084425182,3.96512554014051,3.62437234192251,3.50233659699654,11.7481007920633,0.965786094281876,0.118846971527819,0.912543481504504
-0.0003413165367871,7.25600854667387e-05,0.268734607773612,3.83751781640728,3159.24690077768,2444.71099278273,3.97036419409872,3.62371915523137,3.4998089931093,11.9781030926902,0.965092835675159,0.121221632188534,0.90476733249315
-0.0003377151665773,7.28496328094805e-05,0.272045988728919,3.70952313577169,3156.18415407045,2455.83587939327,3.97066635251697,3.62242944886751,3.49605026495117,12.0328281234984,0.96417525321879,0.121732075795943,0.904128766025284
-0.0003464394845814,7.29277149962198e-05,0.268143861864089,3.84656678816538,3149.79315885901,2467.49171187426,3.97010018013336,3.6186845547685,3.48713502524226,12.0895776685339,0.962220984849383,0.122488504292196,0.903079670160077
-0.0003471683888123,7.30088373654461e-05,0.278873529044048,3.6417998448156,3154.88755014952,2528.08416323178,3.97202829893123,3.62136857977537,3.49391420492736,12.3861893665853,0.96376959679536,0.125077952473083,0.901114506594796
-0.0003554541891111,7.36251402875017e-05,0.270031724177435,3.73444649891186,3184.20394255995,2341.69778461166,3.96476755422704,3.63698479422816,3.54175287655125,11.4751783937349,0.972705108988943,0.115841049659175,0.914547949531064
-0.0003905671612669,7.36904396353581e-05,0.272543037832965,3.78842659456402,3160.88849514088,2241.88934172672,3.96394894467318,3.62859763831736,3.505933187908,10.9855305801457,0.965602527579396,0.112611945873089,0.91093269737987
-0.0003351817409558,7.35562136102255e-05,0.277553140180207,3.70452229272693,3139.65296478535,2491.5852210524,3.96980081809746,3.62177943058734,3.47358778965334,12.2079193283636,0.959129524858278,0.123019764741108,0.902660318000343
-0.0003577496313816,7.29850849257463e-05,0.279589178282576,3.64008202550069,3141.29364577716,2487.74137023848,3.9722030017916,3.61588235881841,3.47759542694705,12.1885589494491,0.959642203724749,0.123079754607871,0.899147209690835
-0.0003428514269467,7.33302993683302e-05,0.282870382326707,3.65343126812931,3134.16839928052,2510.60026082734,3.97216357710612,3.62013181200567,3.46731213504792,12.3002781122183,0.957437425837475,0.124312362856419,0.898830639797474
-0.0003339716089673,7.30291163255875e-05,0.278045724099851,3.71412907257888,3137.23143680749,2500.19441623089,3.97309533535446,3.62269734436611,3.47236054428103,12.2495603620777,0.958367151766438,0.123452400867522,0.897375617306075
-0.000346017527053,7.34659531321186e-05,0.280803785537372,3.64339477442481,3152.98323638376,2560.63112627313,3.97135800388124,3.62646832644382,3.49728394183757,12.5463366234696,0.963185786735804,0.125412178147101,0.898623535715911
-0.0003570204553797,7.36153788882705e-05,0.274329678379066,3.89347501122203,3163.07749620511,2354.96528531076,3.96744022809941,3.63464461754416,3.51363604623015,11.5398336524115,0.966260212142728,0.116923330477368,0.904388072298968
-0.0003761639407717,7.36139783385302e-05,0.275332747638225,3.88450473483247,3169.67292726872,2327.38807245594,3.9665779809694,3.63007790954025,3.52313744852548,11.4050725387216,0.968251445404414,0.115646502154562,0.905813111949254
-0.0003470411559964,7.53840272114663e-05,0.283289877252241,3.66068543334465,3131.13750508963,2462.36714923737,3.96517589313736,3.62004767723803,3.46469602948988,12.0647094033433,0.956519729142081,0.121494172733322,0.904733024518409
-0.0003347012858432,7.36315917106503e-05,0.278064267112866,3.62034509959629,3125.87152727751,2559.4272847597,3.97435980372959,3.61702015040056,3.45738645867239,12.5394218090455,0.954911003066775,0.12664997756396,0.895636185293758
-0.000354462574502,7.33242987194165e-05,0.279136956679324,3.66828310394911,3121.48092887038,2508.53772498854,3.97322016821967,3.61495793090676,3.45182078962113,12.2906552783424,0.953582519948791,0.123800918968397,0.895263921733565
-0.0003411765374102,7.33093541941776e-05,0.283153627387662,3.70669418159839,3118.6684367446,2556.59928770596,3.97444254992394,3.6133944583389,3.4479836989701,12.5258917823862,0.952715920872132,0.126234882927076,0.89342386773326
-0.0003328585081802,7.33282951336758e-05,0.283734814787913,3.55578651018136,3117.84048536001,2525.88123071124,3.97345510275004,3.61285290403186,3.44675848196818,12.375306056946,0.952459574253133,0.12472631835934,0.8927923455377
-0.0003551612755975,7.25008434782101e-05,0.284553347395898,3.58637387793935,3147.98389514198,2443.72850333678,3.97484866163349,3.62707150762326,3.49374260933061,11.9745624522911,0.961656528362199,0.121145626815543,0.894894507650947
-0.0003643006804024,7.39384582833335e-05,0.280630221421378,3.61725733564437,3154.15664931468,2378.98067624436,3.96719804227026,3.63154232613394,3.50307942406025,11.6575093624314,0.963522703011831,0.117715933876482,0.901883845942809
-0.000319322557028,6.72134874251085e-05,0.256782991759396,3.99235636856178,3146.2619691778,2642.62971620963,3.98346156411701,3.61458657389489,3.48035517556649,12.9472840816686,0.961163441650576,0.128705265627563,0.899500751416809
-0.0003418176483805,7.30166857146926e-05,0.279467641559672,3.62844202877109,3142.55907344729,2559.17789532952,3.97294391979829,3.61352571148739,3.47632013172945,12.5382286502753,0.960027358274732,0.126109719311355,0.901668983089219
-0.0003457999507608,7.32821680991267e-05,0.279479770886481,3.61391899405574,3130.43364103882,2572.27095616575,3.97245801289876,3.61461219472705,3.45891595750421,12.6024906160641,0.956316494747027,0.126495644463073,0.899217506442817
-0.0003486635696576,7.1921466952316e-05,0.268338839448829,3.89181863696826,3160.5302212522,2462.94673126408,3.97441413521108,3.62961153894941,3.5066012231174,12.0683795123365,0.96548506550248,0.122495664420254,0.898140363843915
-0.0003650097520078,7.38151926985802e-05,0.275296490425486,3.67446338515176,3166.40593594112,2399.08899358324,3.96807478303495,3.63443396470257,3.51618700304945,11.7562164107409,0.967255055339381,0.119082680494171,0.905390019284957
-0.0003627250433887,7.38374219403025e-05,0.275565284016521,3.65164750481942,3142.18453706737,2326.66829019209,3.96609359072602,3.61729634810831,3.47966195404513,11.4011486782898,0.959912560170983,0.116858611201917,0.905440938072806
-0.0003308279295222,7.39168227182899e-05,0.282837737698819,3.57321937288685,3120.93375176671,2577.05179594952,3.97302647564146,3.61183248825793,3.44834508297797,12.625569580887,0.95341086914144,0.127136263517839,0.896820711750183
-0.0003316108275112,7.32245118631851e-05,0.279999874858251,3.59655561039538,3123.3714351287,2555.67760629221,3.97457754545372,3.61537099109506,3.45382867337395,12.5212092912555,0.954176971679125,0.126188918175696,0.893743594683323
-0.0003249927648282,7.36130702950551e-05,0.283571090239994,3.52899907216846,3120.12122470926,2567.33372872582,3.97420429117853,3.61364229220264,3.44942942863941,12.5784339956165,0.953167527234785,0.1267734531021,0.893671694640901
-0.0003321841503021,7.37699081661513e-05,0.286988501478902,3.54075179482198,3114.19921435732,2578.0205595064,3.97470798572348,3.61015274614658,3.44126665842083,12.6305363225565,0.951360871209784,0.127313953983037,0.89295922100085
-0.0003288340105789,7.36129138379591e-05,0.285298431090487,3.55881660442439,3129.48199028232,2627.95740785265,3.97583630915438,3.62198443682689,3.46519439072764,12.8755004334355,0.956014777543635,0.12877011558687,0.891670465741515
-0.0003445999968874,7.38821500663864e-05,0.283987941380008,3.58127379612538,3143.87392422502,2452.05605937375,3.96977235072225,3.62422231201814,3.48758103090255,12.0145984747738,0.960380228361069,0.121019091461259,0.897973734174231
-0.000363328928575,7.41259140848856e-05,0.282769293939136,3.57941161554763,3145.90562520397,2421.22897251302,3.96794486962832,3.6259803237202,3.49091777612164,11.8643469721847,0.961001056346836,0.119545903704613,0.900520032374943
-0.0003554335454744,7.42835776210284e-05,0.285053943993944,3.54608153141453,3147.73404901367,2407.66698204487,3.96825430562587,3.6276655887889,3.49403835387767,11.7979220667254,0.961558798172674,0.118875654444665,0.90090681084922
-0.0003520003353924,7.43058313604553e-05,0.283379763735832,3.59527479191062,3148.85937022039,2395.68312715113,3.96757375607725,3.62889014894717,3.49607574659806,11.7394366840267,0.961884117622985,0.118246354562575,0.901268038864927
-0.0003481415098389,7.42879421970754e-05,0.281857872788482,3.60318627168226,3150.84419867361,2387.13643314989,3.96682321439024,3.63059663326941,3.49935531758396,11.6978012196304,0.96249120756224,0.117727448663418,0.901623351526285
-0.0003637420259856,7.43054907934206e-05,0.280406334680234,3.63327109438094,3154.42284375327,2344.50076324688,3.96627690610678,3.63357919398869,3.50513188185215,11.4890928869583,0.963563714771846,0.115859905222588,0.90262879899538
-0.0003632777487336,7.42833534482537e-05,0.274730288572229,3.8342907617263,3157.09497979848,2327.74744736883,3.96519640476807,3.63578125918023,3.50960484479968,11.4070949868218,0.964409505363777,0.115092115477968,0.903168884703168
-0.000360792776488,7.4446274224035e-05,0.28029782553001,3.61817405490916,3158.57979039336,2327.66974506577,3.96432743253915,3.63702701408172,3.51200547851618,11.4066564466213,0.964846846751253,0.114989499173642,0.903895543086868
-0.0003714821663478,7.46412052080305e-05,0.278496386705293,3.63500290043131,3158.97058894357,2314.92001738644,3.96487748687332,3.63738468874281,3.51270884742941,11.3445667550971,0.964974907971191,0.11452925823238,0.904376608445578
-0.0003683624367128,7.45565834991799e-05,0.278544383396603,3.66779681819787,3159.81459241497,2304.10799037843,3.96442692344253,3.63836372010062,3.51434614791338,11.2919361647906,0.965225825583637,0.1138440559499,0.90448789146496
-0.0003776653988396,7.46357915720647e-05,0.278261383155152,3.68887756717823,3160.61184855248,2300.20195884092,3.96417887146408,3.63938972437493,3.51610683454713,11.2728427017736,0.965493249729974,0.113907253424869,0.904686946238971
-0.0003670954380916,7.4646196995702e-05,0.279523605361336,3.74549805545837,3160.65881742342,2301.35833821905,3.96376426284378,3.63944883212865,3.51604926229958,11.2784350211282,0.965464961949391,0.113655557230036,0.904892233201191
-0.0003726991113199,7.46796790682212e-05,0.277633814372301,3.74958421616175,3161.20588125981,2295.67077045515,3.96328128350748,3.64003535743072,3.51714234882388,11.2505247286041,0.965650023224443,0.113427979587234,0.904996653384643
-0.0003660949914367,7.46034690246629e-05,0.283975619440808,3.59375205675397,3162.08141521481,2283.53091343615,3.96305250348271,3.64082493737479,3.51860768076028,11.1910396841814,0.965905517917453,0.112783423853515,0.905106866429828
-0.000377565743921,7.45968058812142e-05,0.276672888380302,3.64257033448612,3163.28447963158,2278.71881741728,3.96235389065098,3.64194948650966,3.52080910788306,11.1676452479765,0.966295585830244,0.112738325608957,0.905401105634551
-0.0003834499055522,7.47682078170945e-05,0.284007177824018,3.6234741341794,3162.19107501581,2274.59393959248,3.96205674506522,3.64125232384584,3.51913331665919,11.1476707460832,0.965944246766032,0.112478992526643,0.905668501201316
-0.0003750191185492,7.4673615212345e-05,0.277175064137477,3.98596348279952,3162.26927815709,2263.06291791348,3.96199011416049,3.64164787363783,3.51958460481008,11.0912060634984,0.965967229766219,0.111955373651867,0.905306002042964
-0.0003657055426279,7.5529328919383e-05,0.281296909143281,3.71021177666345,3115.90374701214,2397.33760794631,3.96080550469987,3.61704308131956,3.44916266947935,11.7462969169774,0.951852622516331,0.117435369574298,0.901912266503256
-0.0003362898952273,7.40360345788544e-05,0.291856301785889,3.48339076861728,3105.51283441577,2515.30365590006,3.97268505868965,3.61918654668899,3.43433862432905,12.3239848279243,0.948678681787534,0.12412851561402,0.891241107103483
-0.000334220377682,7.39844943551129e-05,0.282094835500211,3.61411537385658,3100.91908643238,2539.84729075502,3.97298207175866,3.61680973143805,3.4282162898942,12.4443414139195,0.947279027269852,0.125091998002372,0.888939720849371
-0.0003312041363068,7.41342472639284e-05,0.293551281227383,3.4774327232146,3097.65367579431,2540.4750331773,3.97379289584213,3.61539197422209,3.42414359017009,12.4475152621169,0.946286028296025,0.125189127528623,0.887935253507069
-0.0003243097681941,7.41220473050459e-05,0.288589898641789,3.62611833440797,3089.74708433059,2555.56839427224,3.9748560377721,3.60993561063494,3.41246591860878,12.5211836624047,0.943886382517264,0.125235293479911,0.886400087907589
-0.0003316250929197,7.39564694597444e-05,0.290364571882569,3.49179238687936,3121.43825454789,2546.57074794418,3.97631955416189,3.62546784922762,3.46166060939583,12.4785494985266,0.95351072539264,0.1265238151471,0.886672928732865
-0.0003516768941645,7.46271027295491e-05,0.288966113539012,3.51871925011242,3131.00128133316,2398.04338674928,3.9681095352489,3.63237195869662,3.47634945216234,11.7511013613236,0.956453981663453,0.118309512629895,0.894914032428452
-0.000365960942658,7.48434802905818e-05,0.287728105054512,3.52104765320624,3128.68959606712,2378.68478300224,3.96673667299878,3.63302214415568,3.47503223323917,11.6566995310572,0.955744932510413,0.117222096438437,0.897108331208102
-0.0003348557605001,7.52815004370916e-05,0.296739305025507,3.43132308824487,3088.51310655329,2531.53785691922,3.97081068774175,3.61006071454003,3.41149494888252,12.4035120097444,0.943488064706194,0.1249144831541,0.892336138010404
-0.0003378453305853,7.41305546460802e-05,0.286720187784668,3.62689544031194,3093.35631301906,2571.16198181047,3.97586694275592,3.61535953340076,3.4205990554474,12.5979154306227,0.94499167847612,0.126841166958577,0.884745393628436
-0.0003347191203227,7.43669561207108e-05,0.284179488606354,3.55720860847732,3091.4974122062,2528.60023651022,3.97413269187627,3.61457808358329,3.41818151975575,12.3895001339787,0.944386450386867,0.123969346284526,0.886022493299858
-0.0003287191741144,7.44526314872722e-05,0.296167810916883,3.43524680265912,3086.96674113494,2563.72479605011,3.97428016069919,3.61187228929429,3.41200837941633,12.5608544966658,0.943028393213259,0.125523199125183,0.885217845644913
-0.0003194413543723,7.47418952725369e-05,0.298015542402133,3.44992588361829,3077.45075595175,2611.64578497945,3.97500607913191,3.6134798847712,3.3974015903939,12.7959638476217,0.940096734133175,0.128000849611336,0.883395647333313
-0.000340426773972,7.3641902088646e-05,0.288469206973025,3.57512273515008,3115.31390267855,2466.57288872922,3.97361614061206,3.62464021961644,3.45577899473639,12.0873245007763,0.951614893016029,0.121179068512335,0.884465621664129
-0.0003658117788285,7.49568351395117e-05,0.289439893318778,3.5030161388941,3122.84616588603,2407.66871874832,3.96871427673003,3.63030515976672,3.4674985231993,11.7989433282593,0.95395132196205,0.118354271935079,0.893192702416679
-0.0003590321557584,7.51974555307554e-05,0.290101241489986,3.58509192961622,3095.6393011327,2343.46557461336,3.96758757580768,3.61945991970244,3.42629203663609,11.483736434813,0.945661842892406,0.115362580971604,0.893113059949877
-0.0003285020155051,7.50588783323118e-05,0.295492240775462,3.44703044264462,3078.7636132561,2574.63069343212,3.97361868249494,3.61584057945471,3.40071184388833,12.6143446476907,0.940498451005506,0.126539223798791,0.884683768913142
-0.0003369910991329,7.43391979295414e-05,0.293736154714784,3.47048339797351,3079.3260999762,2544.17838423757,3.97539788181499,3.61738892472707,3.40269216035097,12.4654960134606,0.940684713942985,0.124824095448796,0.882355331202201
-0.000324692595903,7.46490312075106e-05,0.291503038576739,3.45784751472071,3085.16990688106,2545.70974878431,3.97532824742592,3.61350933937799,3.4117432325037,12.4734158452124,0.942378399876701,0.12510051305816,0.882085102136943
-0.0003265513422431,7.50667706577962e-05,0.302352761887272,3.41399534920262,3081.6230658167,2567.51029948948,3.97516424238345,3.61125914709909,3.406869494953,12.5803130575927,0.941329648808112,0.126112041199462,0.88299799183537
-0.0003117337453681,7.49867270284331e-05,0.301771181949444,3.45568857363374,3096.9230737742,2622.11503771867,3.9744256016883,3.62296414829436,3.43034664891647,12.8481583999753,0.945957841619206,0.126771913180629,0.882962532743846
-0.0003379082167497,7.50732145637875e-05,0.293091948375374,3.46333433707441,3113.2524786857,2437.30873503396,3.97025620539983,3.62605530585883,3.45520163438353,11.9439515592648,0.950941675066284,0.119192461495134,0.889375496249733
-0.0003238853453541,6.82291386865757e-05,0.281733384846748,3.58861551644826,3102.30997127032,2703.26939462661,3.98550143025138,3.61547382899693,3.42792021860456,13.244994518509,0.947657364164303,0.131170778642239,0.887444177391973
-0.000332360337791,7.4272574192256e-05,0.300800024512368,3.41465917372535,3098.2941165447,2633.28588295714,3.97489397808657,3.61174719220116,3.42099838971066,12.9015601579426,0.946428177621223,0.129145191043206,0.88922381703215
-0.0003483636207281,7.3824254405116e-05,0.294451233748617,3.41834346040566,3097.24734547412,2413.36926806116,3.97286353164545,3.61417961801801,3.42247273327071,11.8250732629602,0.946117957824825,0.120832201075575,0.88853913597619
-0.0003315643495535,7.45353968769859e-05,0.294044961941087,3.49651931129191,3083.65320056216,2642.64493584164,3.9762665128166,3.60522829464504,3.4028432408857,12.9470010417868,0.941970868720826,0.130076827017009,0.885191120941395
-0.0003100525463951,7.45243195413616e-05,0.301599296266731,3.34868299970198,3077.70009467057,2668.15976747779,3.97715710912432,3.61063894629478,3.39491551947231,13.0724500767623,0.940174411377789,0.130987463245548,0.882571986289161
-0.000313598244527,7.43770766249601e-05,0.298176013663812,3.38023076032134,3078.54391787764,2662.2693879546,3.97850815364293,3.61238998403916,3.39725203861064,13.0433703692994,0.940427676492902,0.130820848798815,0.881363440428759
-0.0003121719872585,7.45168228080168e-05,0.298439404964637,3.42450628975181,3079.54405024521,2646.23827705861,3.97681240354265,3.61414413039501,3.39967563109036,12.9654418017956,0.940712122388146,0.129710367070816,0.881747030151461
-0.0003205166075341,7.4741726148866e-05,0.299843351266713,3.41572549071622,3076.51286380095,2636.11381153028,3.97617581095014,3.61282032728195,3.39592879814112,12.9151378236233,0.939797378129326,0.129543626618491,0.881831398585973
-0.0003063643318394,7.47357713547789e-05,0.300849378639671,3.35157617111354,3068.95025732867,2637.25442580198,3.97692359106881,3.60824706233465,3.38521575954055,12.9215436456285,0.937484781358397,0.128953401929646,0.880888458677334
-0.0003087819209386,7.47973217797561e-05,0.301840020490461,3.37191522004168,3090.51426526147,2720.7848972034,3.97843075072628,3.61629698390052,3.41881520832803,13.3305600301411,0.944025891890344,0.132755511813831,0.879651796323339
-0.0003376567468343,7.51764660857818e-05,0.301146447714345,3.37980867145411,3100.68736051506,2531.96141853005,3.97277618927902,3.62389541353498,3.43445682903571,12.4068970369511,0.947123350096636,0.124192930995604,0.886687132203083
-0.0003408797504921,7.52953388647575e-05,0.296882157759429,3.52254705957603,3104.53154216355,2502.978069391,3.97132796548598,3.6267973332178,3.44058584894496,12.26526660383,0.948329823384546,0.122611810688592,0.888639230152455
-0.0003334655924618,7.531008570915e-05,0.299271556556955,3.40571563020211,3106.7665090888,2486.60363398469,3.97033234814692,3.62894405183338,3.44441666407009,12.1854307143647,0.94897881906123,0.121669409290922,0.889396876374676
-0.0003405887957278,7.53433467488544e-05,0.297612165124949,3.44556914955261,3107.61045693656,2477.2603299412,3.96938746201925,3.62965756825038,3.4458721315691,12.1394347641425,0.949247887460285,0.121417552191159,0.8898854098925
-0.0003376628935337,7.55031529067759e-05,0.297585086541027,3.39060063262244,3108.07956700819,2464.96384401972,3.96993458668391,3.63027842612494,3.44685737977129,12.0795063397955,0.949391159311502,0.120653570979606,0.890232185060729
-0.0003426300128724,7.53857651572451e-05,0.295324037374774,3.46411620588478,3109.59553178886,2451.38622115581,3.96957603030735,3.62282585198024,3.44934504857737,12.0131525189655,0.949837653058889,0.120195948786769,0.890395252927117
-0.0003813901967134,7.47307469830448e-05,0.291327302391478,3.50807750781253,3079.51084652883,2300.58260583495,3.96915554600721,3.62832392637546,3.41299072862576,11.2732940051676,0.940679984358165,0.112523929887021,0.881301574128033
-0.0003590188279634,7.45497213756187e-05,0.291515430326674,3.47750644891137,3103.07591177208,2312.80281764867,3.97043835517414,3.63513399986994,3.44719116444602,11.3337935445451,0.947849261795445,0.114259734657256,0.882644881548402
-0.0003530632465564,7.59354469022128e-05,0.293146081903515,3.52370429955844,3110.07581640595,2321.03762664883,3.96739638444468,3.62889466195736,3.45562816611032,11.3745646883315,0.949999371294916,0.114428476038595,0.888808467295147
-0.0003478829483424,7.59717214567842e-05,0.298597472125059,3.44385290496544,3101.01274008313,2322.42831312623,3.9664538762846,3.63208536647615,3.44266633860455,11.3815483380787,0.947254377757315,0.114471400838684,0.890579061742395
-0.000345203033357,7.54758669375186e-05,0.28895382611008,3.47144408913908,3081.07236916457,2442.45523934475,3.97129082679748,3.61375490597316,3.4088593490714,11.968017686313,0.941176008144212,0.120482165808035,0.885791398594464
-0.0003356917788306,7.50414719952688e-05,0.286943039342565,3.69062377420076,3087.16664973144,2455.43941863382,3.97312602032436,3.61981511570159,3.41943596933442,12.0318122634377,0.943008919895398,0.121468182709373,0.882475152524161
-0.0003376784163122,7.48915391793831e-05,0.284413150110943,3.51905826702087,3094.3545578309,2413.94067457924,3.97167402938757,3.62442361059643,3.42976281721469,11.8293396821496,0.945217457244251,0.119025627807511,0.884951185035247
-0.0003396015387861,7.49451955844649e-05,0.285608906616929,3.56099563131727,3100.65243332203,2389.20704733048,3.96991117133035,3.6295757202875,3.43975169059867,11.7081049753171,0.947092447069493,0.116890534580317,0.88689386415232
-0.0003445599985018,7.53080904884798e-05,0.2837300546453,3.56415196255961,3101.93355177579,2385.1136357153,3.9686165716913,3.62924368267968,3.44063842760119,11.6880821656429,0.947516734902199,0.117232548448034,0.887816392159369
-0.0003492989683809,7.55755759022129e-05,0.284598054151432,3.58687466173958,3118.71813219576,2336.491691808,3.96718852691229,3.63384212412924,3.46721958570521,11.450738679666,0.95261509716384,0.114651889138101,0.889201824223739
-0.0003557148708959,7.6078493600777e-05,0.287805643684018,3.6749855218522,3121.06279284948,2324.27416300151,3.96501348568843,3.63542243219771,3.47063623764839,11.3913818206948,0.953323281576898,0.114290995598207,0.893231453698474
-0.00036966855318,7.60102370885008e-05,0.294640145620442,3.45955839520664,3099.90168490348,2288.78759762985,3.96434968906444,3.62854406947181,3.43830146210355,11.2163575206049,0.946904436395958,0.11279957835689,0.892574370001321
-0.0003398157599631,7.56813649846295e-05,0.287955073021615,3.57619638997002,3088.29184145812,2439.54953643825,3.96967827541202,3.62069234620957,3.42115919206347,11.9544677038713,0.943346892341366,0.120163705936822,0.886592662374983
-0.0003368249022174,7.5118099662394e-05,0.286547866023346,3.49700047293718,3092.73001311734,2451.330676757,3.97065076935157,3.62416415214539,3.42811512232328,12.0124209402523,0.944707645018153,0.120210243578518,0.884354156636128
-0.0003474302113934,7.53128969614429e-05,0.283262272486417,3.5675475804033,3092.5118780988,2410.41024969562,3.96872975839583,3.62515411149888,3.42882081086533,11.8121844283393,0.944625560737514,0.118516486487218,0.886229683316373
-0.000349210264754,7.52833192351828e-05,0.287777947420054,3.55380287421436,3088.99623325339,2402.97102339726,3.96884119310858,3.62338423274812,3.42423676856563,11.7761361335035,0.943547151367762,0.118394787344931,0.885606496943912
-0.000339481009648,7.5171686374805e-05,0.287409962375092,3.59286999717276,3103.26461343045,2444.30043758845,3.96953111686064,3.63328382174174,3.44555473736397,11.9787383110103,0.947898783355057,0.11964261923016,0.884319110666513
-0.0003576698864013,7.60950818517305e-05,0.289463239378989,3.50172174463453,3109.8444433632,2364.46119154242,3.9669304960999,3.62920063621593,3.45564139444884,11.5881649593318,0.949906837926039,0.116155246493621,0.88977344448782
-0.0003577215550913,7.60392788226516e-05,0.295658391708806,3.45181612177223,3111.5950779916,2351.21166041924,3.9657667038849,3.63064632550725,3.45840287170538,11.5233753574328,0.950436362251437,0.115461121774623,0.890862157588656
-0.0003456518647312,7.7214651284332e-05,0.297002558660144,3.40575650186618,3079.63651567337,2448.58128354856,3.96494386049622,3.62560771978818,3.41036145869327,11.9989524924187,0.94068011455668,0.120073037689193,0.888914044376498
-0.0003365813692923,7.52138379116432e-05,0.286337823049904,3.69520892396019,3077.964410677,2460.42478914058,3.97236439887057,3.62524752662732,3.40875980598971,12.0571683284019,0.940203940706166,0.120688939712134,0.881787411466016
-0.0003426609495319,7.52939868895412e-05,0.29075413079369,3.52066049075384,3078.02766944063,2455.17511443989,3.97165653410922,3.62570749796354,3.4091388851641,12.0314551959406,0.940192297027742,0.120235786066055,0.881607194986486
-0.0003544068683211,7.53245394869543e-05,0.289062712847341,3.68319663195067,3076.69913655316,2462.97182198643,3.9707419239195,3.62579950690269,3.40815628440989,12.0696930530678,0.939805382786111,0.121142468925313,0.881398222235109
-0.0003425825612814,7.55199133157904e-05,0.290952619695899,3.70866194684033,3069.46447573172,2471.36202920944,3.97043225320719,3.62084421286216,3.39732603595004,12.110599509908,0.93758402193414,0.120907736199745,0.880812058272859
-0.0003364493103001,7.50323206353713e-05,0.296786453440857,3.46471226547605,3092.68751928123,2454.02129721455,3.97261089793706,3.62913246608916,3.43271249144841,12.026593364977,0.944665205989876,0.120249923807941,0.880406091642937
-0.0003492481549362,7.61952122405677e-05,0.299798779284047,3.45411524505069,3098.15695817716,2392.08566282759,3.96807154152128,3.63321586336408,3.44109286951883,11.7236659744741,0.946320267805177,0.117061301703834,0.886459459393213
-0.000356733426574,7.62380690893081e-05,0.296852237134479,3.63911435259628,3089.5471535151,2383.52388396533,3.96673999892341,3.62959732328142,3.43062100454757,11.681531021335,0.94371542383257,0.116726189757854,0.887562839211138
-0.0003488933252346,7.6023739982646e-05,0.296960125486498,3.41484425744892,3066.02704609354,2473.34649647004,3.97044033013033,3.62006146403459,3.393757270476,12.1203808016675,0.936546039203526,0.12123575868208,0.882775271025318
-0.0003341318683212,7.5425886500098e-05,0.292899553694222,3.48331709307862,3069.46474535979,2483.11218641454,3.97279138618943,3.62332186102867,3.39968262271334,12.168314021516,0.937589226416587,0.121329048913352,0.878546821418839
-0.0003335175691642,7.5524188526378e-05,0.297320176201541,3.46457846335379,3067.57449955546,2464.33139016776,3.97122014983226,3.62268100335048,3.39752898565174,12.0759664027912,0.937022557615852,0.120123785109154,0.8793257846259
-0.0003345493152367,7.54127597643879e-05,0.290529872010367,3.53446947725147,3076.06004506751,2461.06639872683,3.97132369084547,3.62888992520479,3.41053607942629,12.0602670896481,0.939610816077962,0.119961276831914,0.879026088453102
-0.0003370967880657,7.60237139698413e-05,0.297761476841888,3.41758016226921,3069.34044144308,2468.58152664726,3.96960220633254,3.62446945676437,3.40062583035082,12.0969688085997,0.937543327187966,0.120182347913147,0.880543626216468
-0.0003431202653808,7.55352278529348e-05,0.300008045694183,3.36975983933081,3091.45402857877,2391.9455114131,3.96907744112979,3.63213323638553,3.43455641076883,11.722685865468,0.944288410413721,0.11644248909862,0.880974623990765
-0.0003455186949883,7.64466706918723e-05,0.299458778595022,3.35888610642185,3094.48619988467,2376.24300311162,3.96699135435952,3.6341162272862,3.43886056169726,11.6461552853933,0.945190905469781,0.115653121321888,0.885867197347615
-0.0003513424094936,7.63822381794267e-05,0.294058511745017,3.58805434335453,3095.34587481059,2355.3685772132,3.96572828160392,3.63503053301857,3.44047989458072,11.5442009266326,0.945464036120296,0.114995772210874,0.886588748524148
-0.0003550324027936,7.62860727886751e-05,0.300350970699372,3.34877945533205,3096.78379921109,2345.32194116392,3.96524991326862,3.63606682050796,3.44266383326387,11.4949121275931,0.945903245597164,0.114232032205658,0.886904246459129
-0.0003531636336316,7.63413575305526e-05,0.299175792721472,3.43922718630013,3097.3309683596,2344.24396978656,3.96499676439497,3.6367092927297,3.44374350773197,11.4895660152514,0.946073395073325,0.114245307952069,0.88706269685685
-0.0003625661504819,7.65212576003958e-05,0.299212064620882,3.42456548728215,3099.28472635493,2336.41621879575,3.96586525769523,3.63815329869588,3.44670787339965,11.4513672091355,0.946657254798603,0.114080434590902,0.887327732809279
-0.000368252375002,7.63490740814074e-05,0.29578595929158,3.48876817198443,3102.17601887096,2301.13617407641,3.96417017931438,3.64035251481192,3.45128293557508,11.2788811365987,0.947550288129015,0.112489513274054,0.888267813922317
-0.0003646597445264,7.63792307735693e-05,0.296122728369679,3.63396436926822,3103.94196715963,2298.6832772686,3.96353855185746,3.64175019037156,3.45408995696137,11.2666374763703,0.948080657814679,0.112181651100274,0.888884631663179
-0.00036314036293,7.63997528808224e-05,0.300470958816627,3.3756552129333,3103.78603446262,2294.15230988199,3.96308432758184,3.64175018583025,3.45395467708088,11.244563067552,0.948033643038882,0.111871658360773,0.889137784673439
-0.0003689083732376,7.65634098801574e-05,0.295543063372198,3.57202899065669,3103.77061279275,2290.55868014938,3.96408862989027,3.64189845947992,3.45407288788891,11.227265051832,0.948024690627278,0.111928809157471,0.88921104352849
-0.0003683027181946,7.65248276480872e-05,0.295439091565304,3.4123343776032,3103.42697641841,2279.35583369603,3.96414120773693,3.64192780313038,3.45385371491419,11.1723926342101,0.947933900232061,0.111562740066091,0.889136715092064
-0.0003718580959004,7.65950857428564e-05,0.293154876392397,3.46053637082834,3102.55202229327,2276.99637103412,3.96414030515231,3.64159266381037,3.45284801850721,11.1610047235837,0.947680978091586,0.11175284547867,0.888843513933727
-0.0003585756320775,7.6666526416188e-05,0.296247257248617,3.39728919357888,3101.81770072377,2283.46504809737,3.9641028878453,3.64125291052319,3.45186235850863,11.1923860777012,0.947446354679704,0.111316861461495,0.88887403014143
-0.0003713274455121,7.65651695900879e-05,0.295805476444862,3.46200417314124,3102.95867111645,2275.27785624191,3.96420445808997,3.64184596197946,3.45344565327748,11.1524456700763,0.947808755326743,0.111314643732235,0.888555342176677
-0.0003729422845684,7.67057813467306e-05,0.296440339188992,3.49951248806264,3102.75580342242,2273.84078166773,3.96389261182848,3.64230464526585,3.45361146779654,11.1454845704919,0.94771834831273,0.111472412541874,0.888955499459592
-0.0003638626703403,7.6626495594437e-05,0.293232180249818,3.43815837464566,3101.70912296697,2274.18473827129,3.9637919323785,3.64164364451454,3.45216705792567,11.1470222012038,0.947418221298541,0.110875060117089,0.888832438169432
-0.000365104627945,7.66123540085989e-05,0.298171623657289,3.43456967852712,3100.72497204482,2271.76297991991,3.96379638242198,3.64154170127142,3.45120098147068,11.1349708583937,0.947108582320759,0.110869981128492,0.88848704647773
-0.0003341910885055,7.01076713760315e-05,0.280426267668602,3.5922046234045,3083.31003604536,2556.15906789872,3.97917432030715,3.6205070132301,3.41707942308425,12.5267255942112,0.941859534482836,0.124958744505334,0.884302285717655
-0.000354136672792,7.53034770414594e-05,0.294390122896978,3.46198891057849,3078.20051448346,2409.06749844188,3.97003340055157,3.62703130795405,3.41069574534446,11.8062178226123,0.940295648971401,0.11934834012765,0.884770964656705
-0.0003290250561365,7.51964838194298e-05,0.298251261605738,3.42706845430133,3092.21940949215,2462.58236216479,3.97049361972486,3.62939501716977,3.43274890986546,12.0684810843368,0.944565246489091,0.120825726701994,0.88174066083874
-0.0003496551721031,7.60171476848312e-05,0.298240792215159,3.37796931175287,3100.39369868558,2350.38456061592,3.96698684162564,3.63579500743321,3.44559485630542,11.5197044982178,0.94705151811704,0.116076337009128,0.887076238149387
-0.0003670334842763,7.62490356549971e-05,0.302374507307433,3.39112171785099,3100.3315915516,2329.71365910561,3.96646641631153,3.63645755676996,3.44616828430705,11.4185808281369,0.947027581698165,0.115272206351223,0.888284265010672
-0.0003444558126289,7.70668266579737e-05,0.295193791268447,3.56837239673413,3065.74723760849,2408.755081451,3.96496742530908,3.62335460002606,3.3967091465363,11.804403305251,0.936481662939151,0.118567480222657,0.886084721768636
-0.0003536999246936,7.53850584047584e-05,0.297587455702953,3.41222736006138,3061.5284451184,2438.19152582483,3.97221694962453,3.62164723414641,3.39162683708475,11.9487229030608,0.935194831576107,0.12047816526187,0.878187190939381
-0.0003433774506631,7.54768714071836e-05,0.304242013021648,3.309659492431,3068.90443475328,2416.55201033503,3.97047348076341,3.62723557077921,3.40295224695331,11.8429856720548,0.937431607114423,0.118732483215646,0.877439026753028
-0.0003431560194678,7.57701417429943e-05,0.296587455944603,3.44645271464891,3065.96739300522,2398.30273832953,3.96974703033319,3.62652923281376,3.39981416991665,11.7538231734451,0.936528394747084,0.117685983099772,0.879316831910799
-0.0003441562574082,7.556551772817e-05,0.296485368793392,3.43476895593137,3056.13846559529,2405.88046613894,3.96973503780904,3.61974338843272,3.38536243958855,11.7904034840331,0.933533405301174,0.118171172216972,0.877719790533292
-0.0003500287018722,7.54926091465292e-05,0.293898626366174,3.58175400400148,3080.43760743663,2404.68010756429,3.97214548466569,3.62766066505795,3.42150413003127,11.7855518264304,0.940953425179,0.118721550605201,0.876689938496923
-0.0003610531568687,7.63718383822971e-05,0.302063835484808,3.33618170716635,3083.87896619755,2339.93247724781,3.96620674506246,3.63064907618931,3.42703465857208,11.468483553628,0.941985593702568,0.114958714942359,0.882985872673153
-0.0003531982983698,7.64680748466939e-05,0.301506081942241,3.40270426170464,3081.11377987711,2322.46442873133,3.9664814485444,3.63045138631548,3.42459436844292,11.3835062895894,0.941131411388301,0.113868871335407,0.883676697638558
-0.0003443899840166,7.66587274990992e-05,0.302356107345961,3.35537808935043,3048.74813713346,2424.25537970508,3.96895354115561,3.62555058257094,3.37648828427439,11.8805838204317,0.931288098059639,0.118864834400982,0.880498148333112
-0.0003468237034086,7.55259394469917e-05,0.292336417277552,3.64667473386175,3049.21759968926,2436.83306882216,3.97167254848914,3.62743827208732,3.37858655804241,11.9422701562371,0.931414302781789,0.119294692752131,0.873741980184019
-0.0003310132179165,7.62373023249965e-05,0.294342191284666,3.46051898161146,3052.54603277528,2464.0675978816,3.97022804785311,3.62227715437229,3.38477501176745,12.0762358085169,0.932418110060242,0.119463649680809,0.880645982490583
-0.0003550293505571,7.59000960114706e-05,0.297561466444121,3.43106729810567,3043.88907023994,2427.53677937854,3.96959669617089,3.62538998566785,3.37231935182346,11.8968114271015,0.9298309204836,0.118312662305133,0.874464756530655
-0.0003545337116938,7.58659535393982e-05,0.303047592797356,3.36796390420701,3066.98770463504,2413.89905202793,3.97163568030704,3.63273659806985,3.40664880793428,11.830678624749,0.936873165957503,0.118154264011911,0.873720864562288
-0.0003716489922827,7.67655401720177e-05,0.306279768017949,3.29525104248938,3071.53593097779,2356.44827453376,3.96767978162073,3.63588315706987,3.41340005176802,11.5494094964867,0.938255301731703,0.114996027359801,0.879555583686723
-0.0003539836735507,7.67368519583896e-05,0.300619987382468,3.40200683947743,3068.192855086,2337.38643347085,3.96645949406331,3.63587223566495,3.41061056779444,11.4564865356074,0.937240475529013,0.11389656441847,0.880363327374828
-0.0003483759303556,7.69481499091771e-05,0.305501392662786,3.30910260902571,3034.93523806729,2434.73965047795,3.96914961109054,3.62106831328383,3.36094550682329,11.9317548717741,0.92713891700642,0.119000432057895,0.876572505948384
-0.0003265283775534,7.66555528167564e-05,0.30475915069154,3.37090524903532,3029.99845062135,2508.08252944733,3.97112064199014,3.61993475793635,3.35540979449395,12.2912107088838,0.92552037625386,0.121516509016763,0.87655935400613
-0.0003476524339408,7.60071681825705e-05,0.299087603072868,3.40173086694741,3033.54559488414,2449.50481643376,3.97230616297041,3.62337636253209,3.36161778452328,12.0043266549307,0.92662191528516,0.119521825206194,0.869421304851388
-0.0003404689183045,7.63364640892472e-05,0.306948365234507,3.29792411550522,3025.95093951095,2462.31650922995,3.97219589233398,3.61841545984583,3.35076577592059,12.0671100493001,0.924300354811568,0.11979258416802,0.869041906933558
-0.0003491482975921,7.62140146469723e-05,0.310639851356807,3.28427645877446,3050.81506741949,2450.1951269951,3.97444947515215,3.62579170786417,3.38672024158643,12.008640217255,0.931878792318187,0.119985172185989,0.868357430421975
-0.0003503475012913,7.68826254280935e-05,0.307187224759742,3.33716497493227,3057.12894964078,2382.90029611916,3.96765533948349,3.63058170446983,3.39628522463,11.679236783339,0.933802057058952,0.115620317981903,0.875146984325175
-0.0003579261451508,7.69712256036118e-05,0.303613110873053,3.32994807089005,3054.6136458306,2363.97938132496,3.96760067377198,3.6308093552406,3.39454725292896,11.5865303482138,0.933053112551128,0.115027786232835,0.876545354279895
-0.0003453865367285,7.72602349682575e-05,0.311412042681834,3.22415796144899,3016.99733596406,2470.8162685369,3.96964856284005,3.62209170238644,3.33855451471536,12.1084686291971,0.921580822235938,0.120480107381129,0.872254309523916
-0.0003340092941484,7.65106567800495e-05,0.310785902903824,3.23321136933059,3017.71644561732,2504.42533007509,3.97360005957543,3.62366402850432,3.34063336770282,12.2729589646442,0.921803499235913,0.122022270496184,0.864624735462935
-0.0003328406154581,7.65405741971197e-05,0.304018771971269,3.31744449552167,3020.21661996713,2478.94126183516,3.97352302348477,3.62584368154114,3.34469694669785,12.1484711501765,0.922557572561806,0.120333520929768,0.86549142088957
-0.000342868960471,7.65530684382072e-05,0.311767682721129,3.26631056327352,3020.48267628468,2465.50466312259,3.97235899273006,3.62670059765086,3.34575656704808,12.0828668402649,0.922651457674735,0.119820110741592,0.866019048632468
-0.0003414171062724,7.69772222203817e-05,0.311582027949941,3.45111562524871,3011.90386786906,2492.17546306743,3.97280634134665,3.62154003451852,3.33366938837264,12.2132087336266,0.920005143687902,0.120861005081212,0.865284185543676
-0.0003519522037407,7.5799495988752e-05,0.303862572531806,3.32457566357899,3039.09656127024,2412.6958037251,3.97410938399179,3.63116169670253,3.3733660369195,11.8249932670382,0.928275646959636,0.117338261714657,0.865435518610068
-0.0003535136937238,7.71539994773667e-05,0.306354650573939,3.36082363941772,3044.33217620553,2396.38460754993,3.96852974322709,3.6347135085504,3.38119540970044,11.745562084161,0.929904478351386,0.116378587206124,0.87184546513733
-0.0003575955833947,7.73025847230232e-05,0.315246685461306,3.20126990274883,3045.0514986451,2383.49460357195,3.96843866439862,3.63524879066689,3.38227966330284,11.6825364047503,0.930113150625432,0.11569692238038,0.872871859458544
-0.000361445125832,7.72591817210404e-05,0.312860395370504,3.28028701041134,3045.94243063847,2377.10450535873,3.96762601938625,3.63595097273299,3.38370933807762,11.6511301988665,0.930391931796479,0.115296212613558,0.873217970741093
-0.0003585794764226,7.7193564076021e-05,0.307993486455093,3.26834164038735,3047.19230036048,2367.94858341903,3.96756738592676,3.6371128744292,3.38589724161142,11.6065880594531,0.930785754859985,0.114847426497981,0.873479666326979
-0.0003542338491183,7.72714213131269e-05,0.312985557515629,3.21690839091546,3048.55295540975,2367.94926405797,3.96712213586279,3.63808111311163,3.38795935607133,11.6069115333174,0.931197714864856,0.114682064524041,0.873645632865801
-0.0003728259919151,7.73754903012987e-05,0.311901577069154,3.28844756412415,3049.91299499787,2350.02814485232,3.96610060519418,3.63913753194716,3.39010036348819,11.5193911653151,0.931612849097229,0.114291874566137,0.874361417558674
-0.000370144462521,7.74014452467479e-05,0.309249070873942,3.2620358495027,3049.33529116027,2330.82541329507,3.96684451987234,3.6390257529842,3.38947668423928,11.4250807197485,0.931427378405686,0.113532239131209,0.874538471830016
-0.0003764061830456,7.75243821416676e-05,0.30847580753859,3.2650356523047,3049.72431007633,2343.01275827328,3.96714241852921,3.6396114270664,3.39034048153805,11.4846322914732,0.931544086631028,0.113821318342626,0.874404766287482
-0.0003714257210204,7.75098790141201e-05,0.312763008686583,3.26846349246834,3047.60106184712,2335.79436140403,3.96699665637498,3.63844008121676,3.38746688697532,11.4493874795278,0.930902227040061,0.113640046971345,0.874272124120029
-0.0003626600660844,7.74198580865393e-05,0.308903089907927,3.44411709890057,3046.69456178846,2334.73170100531,3.96690008747444,3.63831727944531,3.38655007385974,11.4442498830932,0.930620996967819,0.113137642799394,0.873777530081364
-0.0003693690244097,7.73160316162067e-05,0.314257312462661,3.21384680301683,3046.11660529516,2334.24717352004,3.96606853722179,3.63846054354918,3.38619611483717,11.4420803062036,0.930441425935195,0.113554012124419,0.873613109130019
-0.0003662507900552,7.73604629863721e-05,0.313900803021645,3.23074184865093,3045.14796068921,2341.29422064888,3.96620596330718,3.63793313619002,3.38492789563382,11.4764393368335,0.930158192252831,0.113723979164112,0.873248627445543
-0.0003697848342057,7.73846300422362e-05,0.312110581518873,3.25377623753946,3044.38290282711,2335.99761595862,3.965930201913,3.63786227726242,3.38422591694584,11.4507451451432,0.929929136549267,0.113530109270188,0.873190364494911
-0.000362669440461,7.732954941499e-05,0.314256514553947,3.27196911013986,3044.55466916715,2328.15415218636,3.96596409776116,3.63827476686644,3.38470741886341,11.4122619303966,0.92997105698134,0.113010809461265,0.873077939139789
-0.0003622416062521,7.74534686685632e-05,0.314428774359995,3.21593515906208,3044.46145606297,2328.02927400114,3.96601264759646,3.63844480329347,3.3847377015708,11.4115823688201,0.929926012939445,0.113203378516445,0.872817922076597
-0.000328948202819,7.12301193317484e-05,0.299043463237756,3.43947485988831,3028.48399629537,2539.67806982198,3.98172056537935,3.62171537899277,3.35604175764228,12.4463079353601,0.925104485057282,0.123541904863632,0.86905931007245
-0.0003532294339934,7.63699686203054e-05,0.30712503502113,3.35300839108574,3018.99904965433,2428.13067628157,3.97155096462795,3.62501856158761,3.34288861581491,11.9001880134158,0.922183220776721,0.119720376740675,0.869870299106468
-0.0003359116230709,7.65288819386382e-05,0.310689690035959,3.25546500890215,3039.09704933353,2507.61587667524,3.97287362572775,3.62994155837494,3.37238968737902,12.2895255038386,0.928318863681841,0.122166669093311,0.865824533194912
-0.0003621096137915,7.70076583298941e-05,0.312368161315233,3.26760485612961,3047.39616636642,2352.32386880752,3.96863564663688,3.63569906845833,3.38471719856981,11.5297805612772,0.930837445512983,0.115504798154593,0.872897819223832
-0.0003505582504195,7.69868886843169e-05,0.310351662182745,3.30096309451995,3048.55380401309,2335.84032632455,3.9673530179902,3.63718843228609,3.38708754746421,11.4495081649152,0.93118806355013,0.114292175332535,0.873998133940104
-0.0003458959561802,7.8245875526004e-05,0.312517932681645,3.25279792271158,3006.4680799862,2436.34948082713,3.9662876524244,3.6198707187877,3.32757979018446,11.9406414406474,0.918346874651567,0.119427570299048,0.871430236485256
-0.0003402488554571,7.66984243117618e-05,0.317532203625271,3.28398031219645,3001.54589953653,2495.09782048112,3.9737402256145,3.61708537503785,3.32101939831506,12.227861817616,0.916866927468079,0.122384456819262,0.861351466914924
-0.0003323429201192,7.6865717783347e-05,0.315988305097624,3.18620247372028,2998.90553211825,2467.89553311188,3.97409311195329,3.61663385699777,3.31844199225905,12.0943245347889,0.916057988838722,0.120581684033044,0.861126107303608
-0.0003403426191128,7.66800705565373e-05,0.315354414314132,3.39403776689296,2998.35902143852,2471.87991576898,3.97364123754723,3.61763861833834,3.3188127665422,12.1141497709272,0.915859568070339,0.121116225074083,0.860080260272763
-0.0003352891836367,7.67665957124355e-05,0.313933193922109,3.25579198569931,2993.12399693696,2457.864719538,3.97340364511623,3.61416486197827,3.31139018719632,12.0455982785384,0.914270699019249,0.120021768334317,0.859502075716081
-0.0003385743718906,7.69735845989291e-05,0.319395635924572,3.19116903462341,3018.81715108252,2480.91428026767,3.97488196506057,3.63185639241162,3.34900718040385,12.1600656264257,0.922093012758025,0.121854294474352,0.859800824099862
-0.000350217628357,7.73753544521236e-05,0.321842806235892,3.12985296311476,3026.52227544335,2380.71484557837,3.96949937956674,3.62860015758033,3.36073108109798,11.6693387721444,0.92446356757101,0.116007616279938,0.866749028762488
-0.0003570811923357,7.76017754385975e-05,0.317292475557032,3.2043973404572,3028.35149998922,2364.96591896465,3.96880983764475,3.63002657195897,3.36349081193667,11.592421166103,0.925005987580362,0.115290958062353,0.868096420992878
-0.0003299784238507,7.72157307968424e-05,0.320479157486836,3.17404110958995,2987.53065077946,2552.457423174,3.97330386790237,3.62295714699396,3.30651391270428,12.5086281087411,0.912554693899363,0.123485195179088,0.864765650616474
-0.0003328881473737,7.6954340565273e-05,0.311615602809895,3.32690386923882,2986.06249349297,2476.56787172327,3.97373080392216,3.62309522439938,3.30545869644876,12.1375706212401,0.912124324770671,0.119940101196223,0.85806127224928
-0.0003425514938617,7.71096293223746e-05,0.319652876164245,3.21434874681928,2983.62524578773,2475.97417589216,3.97404852856037,3.62268741060011,3.30292917402673,12.1340521899171,0.911354960574479,0.12017735016992,0.856671973451903
-0.0003357964294868,7.71496118171805e-05,0.320821857182686,3.14054372075719,2977.6399719434,2485.47352342005,3.97361935091297,3.61879874219989,3.29437419764699,12.1807970409926,0.909532095612575,0.120327390104247,0.855436780856533
-0.0003346261210648,7.75267400747491e-05,0.325448996665896,3.1845982341305,3002.64476575068,2543.69345058009,3.9755975447203,3.62663064049739,3.3306179084638,12.4668216243251,0.917157710234052,0.123211325103895,0.855109306272357
-0.0003477711010672,7.78663822140503e-05,0.325565941595779,3.13204953471635,3010.00594733734,2400.10446403403,3.96988462716684,3.63169899875042,3.34134730228089,11.7637202657262,0.919388729362607,0.116196617427097,0.862339549071818
-0.0003557928439581,7.78943809799193e-05,0.322731626769128,3.11117634689665,3013.00708670801,2367.30899465707,3.96936871664865,3.63397561335096,3.34592207075073,11.6036177832922,0.920293460405212,0.114923217622966,0.863754423291292
-0.0003387263669979,7.93109736325134e-05,0.335862979266698,3.03477869090067,2969.67125567669,2487.67698379612,3.96938291450456,3.6157273160349,3.28494799232603,12.1919161798901,0.907085783427444,0.120421155917534,0.86147797499517
-0.000349370428857,7.75414318246005e-05,0.320572138859351,3.16534796636283,2964.40508738044,2543.95629544632,3.97636827300577,3.61271044995525,3.27800564121737,12.4668598403758,0.905505743471352,0.122877206979959,0.851209953725185
-0.0003463269090824,7.72816687064321e-05,0.321237158267353,3.17676024519102,2970.68834237155,2487.42798416468,3.97588014463235,3.61867030304257,3.28847604265844,12.190717883386,0.907396651126532,0.120245971224519,0.851733589484039
-0.000348884091113,7.75570971457034e-05,0.319771526997168,3.16559147961572,2944.43518753804,2452.7549308142,3.97544201772812,3.61112480163574,3.2516032295484,12.0198736355644,0.899394284053529,0.119679366604251,0.851049811604282
-0.0003175844983203,7.80010584785318e-05,0.335193458740785,3.05674848364402,2916.99629351729,2658.07753438584,3.97967595077423,3.60208699919961,3.2126784676455,13.0245450000828,0.891053652912049,0.128474959081865,0.841566565774196
-0.0003302940188981,7.79476005387488e-05,0.339141560124059,3.00187914161765,2962.06371177168,2686.09607880824,3.98395322741884,3.62353178977966,3.27753869700504,13.1641112392099,0.904757794492348,0.130924161175319,0.839809530345662
-0.0003459605903171,7.81541380059019e-05,0.336543309797747,3.01693940228914,2976.53448683751,2475.67942838196,3.97467294352793,3.62450168864562,3.29865503819272,12.1334423448446,0.909186387568142,0.120099295096585,0.851857347605907
-0.0003464679503706,7.81831506475382e-05,0.330862212074374,3.20285177746701,2982.08212525147,2461.07110068365,3.97197877593905,3.62816881189252,3.3066035720748,12.0625194223325,0.910867859506484,0.11907874503281,0.854461023360301
-0.0003235395168215,7.98947581953902e-05,0.353620700009444,2.84710562530702,2910.35533074749,2657.26534133701,3.9752384239719,3.59928438157746,3.20469376746416,13.0205774635616,0.889032631252872,0.128425818767061,0.850428775289693
-0.0003218575494537,7.83730323459824e-05,0.347911094725168,2.91340327394314,2903.71483475791,2754.65396290936,3.983538393594,3.60530321208798,3.19645650887272,13.4971870395515,0.887004937834859,0.132568785884287,0.83456758017259
-0.0003081046260042,7.82524605475708e-05,0.34024998021375,2.95841811005656,2895.60745992803,2728.76390902675,3.98319715078623,3.60184982601477,3.18659683562259,13.3704067246259,0.884511591234171,0.131005006111112,0.833386930349862
-0.0002978296831885,7.83434182947038e-05,0.341302878076031,2.97598564030079,2874.76134924375,2843.32449953037,3.98553307509861,3.5991201523653,3.1587335575653,13.9315066284047,0.878142349285243,0.136041886596862,0.835248892469842
-0.0002974962144647,7.86585821725989e-05,0.347688450262775,2.93617018508521,2924.01480845036,2900.26234035572,3.98712802081375,3.61409678603664,3.22923741694826,14.2114394748951,0.893168973105212,0.137006583125198,0.828381545212451
-0.0003354368092365,7.86748995511382e-05,0.345008511071123,2.97265146324967,2944.26653704559,2580.31692376849,3.97730456569238,3.61873830080032,3.25834826169345,12.6453190220764,0.89933523587923,0.123901652690332,0.842098965175656
-0.0003422819260631,7.88496498253456e-05,0.342798038928901,3.04329709988253,2951.5644494727,2534.05492235581,3.9753883435176,3.62341179132462,3.26856317139497,12.419273692318,0.901538915535147,0.121708727484008,0.845913096760395
-0.0003471449218634,7.87001932593925e-05,0.336376644773859,3.04653213733534,2956.14301314711,2500.98941221047,3.97361032215096,3.62668258905411,3.27541747913176,12.257701565385,0.902947084169774,0.120427595533888,0.847658466578675
-0.0003550882360134,7.89337590898181e-05,0.337493925681825,3.04475347152762,2958.94104594237,2493.53706765687,3.97362869206597,3.62832367420196,3.27934822431033,12.2209151416931,0.903819041664167,0.119881603075511,0.848811247951009
-0.0003477379758823,7.88388022304765e-05,0.33681863769036,3.02238046445721,2960.14503627754,2469.44602567476,3.97241724519169,3.62938907623291,3.28141074587381,12.10273022739,0.904212411366843,0.118949723024267,0.849237017026517
-0.0003527259995099,7.88114334462509e-05,0.333608663029666,3.01540617260473,2965.45857252134,2444.65048294055,3.97255724075942,3.62400398159971,3.28916396477792,11.9820627981703,0.905811315332499,0.117933414218569,0.850141756866101
-0.0003635974595506,7.8808384304619e-05,0.334665741127574,3.07324539108186,2966.83602107485,2423.80758627877,3.97115278801723,3.62531734221052,3.29146986217835,11.8795255575292,0.906228620322564,0.117025707615902,0.851344387800069
-0.0003630578722907,7.87941966682411e-05,0.336593001439706,3.07500410926916,2968.00653160433,2412.40157581697,3.97048707175673,3.62642837514972,3.29345172504293,11.8239793246138,0.906591329253514,0.116515420340282,0.851636595447614
-0.0003562642937043,7.9162273577615e-05,0.333047865458951,3.04876906740301,2960.61567685375,2424.61732943234,3.97044060383624,3.63077555894852,3.28300475502066,11.8841622858794,0.904339597133275,0.117239198634441,0.851172335735384
-0.0003570675408514,7.90217351815446e-05,0.338014650752359,3.01566789186825,2958.69162443792,2434.40133944148,3.97230784237733,3.62971500873566,3.28053543628604,11.9323197917061,0.903779001347869,0.117596425593104,0.849676979303958
-0.0003601845494213,7.90407265703617e-05,0.338473186214475,2.97002091563236,2957.58450579946,2438.1513073984,3.97268715378834,3.62948474645615,3.27929098996439,11.9503101526974,0.903415231028529,0.11769846743929,0.849231283751929
-0.0003597877126547,7.88988432937723e-05,0.336714200366004,2.99455983500563,2956.02185498259,2439.00863990228,3.971544435445,3.62884259462357,3.27743080063671,11.9541120880901,0.902952282564804,0.117597733297352,0.848810691650672
-0.0003509572746336,7.89980401944168e-05,0.337536765365841,3.01273141627633,2954.97513023164,2439.72907903918,3.9717333092409,3.62857177734375,3.27625913573974,11.9580565174093,0.902621989375413,0.117817221874469,0.848377905088635
-0.0003485847695368,7.89384410648952e-05,0.332680023703278,3.10978095507501,2955.53762039356,2430.72971042572,3.97147479898789,3.62923502683639,3.27732108345496,11.9140436449146,0.90278843608229,0.117123290918502,0.848364920293367
-0.0003595334105907,7.90864015332073e-05,0.336057240473008,3.02317340925386,2955.36633073317,2426.07367931073,3.97255628847936,3.62958692073822,3.27745253789873,11.8911841693104,0.90272263782424,0.116968187733706,0.848383831773092
-0.000299349265222,7.22449657583887e-05,0.324305610412579,3.16706407760166,2901.34033228443,2833.91917686301,3.99400379163463,3.6071912269203,3.19611104456358,13.8858417138835,0.886273735378665,0.136116159293378,0.839991159995261
-0.0003126239310598,7.85077641758746e-05,0.342279359503898,2.98288914671345,2883.87146369091,2694.20166249214,3.98419400540794,3.59720173174021,3.17271439810768,13.2011849425384,0.880932882805637,0.131233613317168,0.834234088744631
-0.0003067404394941,7.86194854660357e-05,0.346620876804933,2.97223402826668,2922.15668778027,2763.06165995967,3.9858596575113,3.61467991212402,3.22825308522387,13.5396735158955,0.892617861422857,0.133799002339167,0.829805779353496
-0.0003443198971291,7.87806898312945e-05,0.346263328143774,2.90941046459466,2936.79884554869,2520.16233316085,3.97745992323596,3.61526965618134,3.2491013433104,12.3509344369233,0.897055991543024,0.122983352338064,0.8406169546241
-0.000342377456415,7.88520718885776e-05,0.345104301003032,2.98381634786822,2942.01868421405,2481.64791503293,3.97496430079142,3.61923774719238,3.25695980626684,12.1626245610589,0.898650145913072,0.12084433163147,0.843493950987298
-0.0003204348301836,8.10274983721383e-05,0.342552434993514,2.93909045498877,2874.85624673744,2646.15652274176,3.97450630779726,3.60422741998102,3.16338819228405,12.9664343697925,0.87819394108393,0.128283626979247,0.840320820690398
-0.0003085373136892,7.91525587681781e-05,0.353905902708838,2.85536205823469,2861.13736401556,2743.93562720442,3.98660326152114,3.59558268920662,3.14441098826712,13.444684563722,0.874000852893335,0.133459517096808,0.82416828236755
-0.000307275966267,7.90260327047191e-05,0.351159678561593,2.86496970416903,2858.36913608779,2736.51396299878,3.98551158159971,3.59585519672669,3.14224468843226,13.4086808332227,0.873130130860123,0.132529796274858,0.82154438238139
-0.0003019762260607,7.94882347841948e-05,0.352600545750129,2.86053542896882,2851.96547802207,2756.82611373697,3.98693351447582,3.5931084745938,3.13459186053693,13.5080812988722,0.871194617070837,0.133397054749541,0.820538686464093
-0.0003060526749818,7.92722647519327e-05,0.351510081934543,2.88213212581577,2838.74620211565,2747.57599862656,3.98629394717186,3.59455321729183,3.11687771537383,13.4626129949758,0.867166906837923,0.132624036177753,0.818216881571399
-0.0003085652190404,7.990497015845e-05,0.361029004546965,2.87473707173766,2877.20290121304,2876.16937159408,3.98963874201231,3.60242399877431,3.1718483332772,14.0935775750573,0.878874999261922,0.137853898987474,0.816933090006329
-0.000331403187922,7.97143538610431e-05,0.355164549951556,2.86758067221067,2897.29854054042,2612.80123128772,3.98157964392406,3.61634839797506,3.20079746194459,12.8042444365179,0.884990465092529,0.125984008849944,0.82872766057465
-0.0003426437456891,7.98686442360005e-05,0.356405621105177,2.87741433281199,2902.93966681449,2583.14608592252,3.97874242031213,3.62042064569434,3.20919614773516,12.6594632992692,0.886739573335598,0.12458129010418,0.832609529844932
-0.0003100459079452,8.20211376429971e-05,0.354690091813497,2.88100542705772,2838.66846915727,2720.67045123095,3.97767470219384,3.59821876138449,3.11990141073173,13.3307121577761,0.867116041174233,0.130493833983702,0.829428206448394
-0.0003027676167546,8.02203092946196e-05,0.366797083587659,2.75319426876043,2823.84009508928,2822.96487377223,3.98921280722075,3.58904479940732,3.09969957727797,13.8312491060833,0.862611743054606,0.135940355104996,0.814135159362858
-0.0003028605592001,8.02130906089687e-05,0.364185184009933,2.77485062669164,2821.82421774932,2825.58990700904,3.98909811305392,3.58897384007772,3.09793225048866,13.8438119796006,0.86198084445345,0.135585519340309,0.811040900432875
-0.000318446859955,7.92032025943751e-05,0.348897136406713,2.89193964119993,2851.66273509194,2530.23037689134,3.98378960144373,3.59388584205785,3.13533332798278,12.3961729134036,0.871179178442933,0.125059572125363,0.822172997374351
-0.0002992047555088,7.97750795790682e-05,0.356417484424562,2.82264902954002,2843.27052091474,2647.10258343223,3.98794601410627,3.59775424003601,3.12372484527843,12.9688652331389,0.868627015234431,0.129421782738023,0.816956509242296
-0.000296970492087,8.03100711363487e-05,0.367464578898568,2.78687006339003,2833.86423680851,2743.30366016665,3.98859906649288,3.59056337674459,3.10957666173686,13.4401555845068,0.86572909059407,0.134263626209485,0.814540146570988
-0.0003155046235912,7.85470863344867e-05,0.346078826880612,2.95488868064455,2879.29076240028,2600.90339620671,3.98774939328432,3.60601471151624,3.17681005349541,12.7447158936907,0.879538129717598,0.127545161474698,0.816215240001888
-0.0003214343492545,8.02761231818549e-05,0.359590409777913,2.83658830777095,2888.69577205006,2550.13957197758,3.98048717697705,3.61247968430422,3.19024285974493,12.4963951866142,0.882394959170592,0.124848310550073,0.826846066523497
-0.0003349471976489,8.04633596539381e-05,0.356640048332178,2.89069208855146,2862.09787690098,2550.04534590462,3.9793973754092,3.60431266814163,3.15289830100929,12.4966811361281,0.874306825889392,0.124876485049299,0.829235157053451
-0.0002937302924966,8.06837964809946e-05,0.361100319333894,2.77978709292816,2824.0065808408,2778.27143331521,3.98715166925634,3.58615798006455,3.09743350486591,13.6124374992253,0.86270014007241,0.134145786043805,0.817091458946284
-0.0002907942383825,8.03620684448047e-05,0.371245307528618,2.73338366389186,2824.11450527659,2829.77028968857,3.99003597864738,3.58847892284393,3.0994766564596,13.8645473079007,0.862712453156167,0.137006528941782,0.810663135517927
-0.0003218388887085,8.09738054775159e-05,0.370284103610639,2.77212186903732,2812.47426812413,2815.84921093451,3.98963108487949,3.59111063103927,3.08402369050188,13.7961709263077,0.859138312383412,0.135803773878375,0.810838170680816
-0.0002944686921939,8.08596984413214e-05,0.367121731008994,2.75495998933336,2803.36500465237,2851.58267621852,3.9903770677505,3.58550155790229,3.07167843152516,13.9716385967409,0.85636554824406,0.137963467288428,0.806644671045626
-0.0002892254006543,8.14865784590709e-05,0.372736813617327,2.71270855182888,2794.7225605877,2873.66021403222,3.9911512667133,3.58095079723157,3.06059456549427,14.0794686688346,0.853735741120896,0.138534009379943,0.804158700299804
-0.0003056762486078,7.96043384221277e-05,0.360292628212819,2.84209091052348,2840.8985691891,2765.04040288988,3.99200064096695,3.60562077661355,3.12828507077392,13.5493676338347,0.867806371984318,0.133653516588143,0.805558586204348
-0.0003287660494644,8.14060361574593e-05,0.372618046412862,2.73242623021833,2851.54045980959,2687.089487886,3.98375717252493,3.60406691757674,3.1438092375506,13.1683239204065,0.871043328314329,0.129524020427063,0.816853473213024
-0.0003219368279455,8.12700004903122e-05,0.368571606021524,2.76891813196034,2833.29242809949,2643.79586360708,3.98174445377373,3.60482515146335,3.12128376080184,12.9563254246074,0.865491768519108,0.127272007640484,0.819192053188582
-0.0003024358896085,8.14780240101785e-05,0.372305972423569,2.71619609383192,2790.8493630696,2810.22422175528,3.98801875418159,3.58281991356297,3.05889522381892,13.7693932707555,0.852518259813844,0.135006907342384,0.809194228383124
-0.000287746115157,8.16769397985183e-05,0.381234498830878,2.68695746388475,2788.16203121268,2905.5656492055,3.99187772459798,3.58320568235297,3.05706491399792,14.2364588307129,0.851708984472253,0.138907768913281,0.80124080420995
-0.0002943895355062,8.17546179325691e-05,0.378415829846343,2.68728757750379,2772.69341449492,2862.11335711289,3.99087950006708,3.58368221242377,3.03656899916951,14.0228401521553,0.846963796661726,0.137192927818251,0.800166838973979
-0.0002895905472036,8.18305011426351e-05,0.381342683248484,2.65929167213445,2768.17588923703,2905.72159960208,3.99338423192891,3.58174661626207,3.03124535703235,14.2362672568792,0.845605927406073,0.138850957089192,0.796069242671237
-0.0002853321388596,8.20058085109214e-05,0.382981388068873,2.67608880940445,2760.64658765466,2915.3621725571,3.99270856066754,3.57736652455431,3.02121844040021,14.2830599728851,0.843292556037058,0.13878736342538,0.794550683918139
-0.0003138266187134,8.09969129337242e-05,0.382616388909736,2.63307213501218,2803.60161273243,2843.74102741203,3.99435400807,3.599121420007,3.08349288446677,13.9343418169484,0.856396512622189,0.135971594311754,0.796209596807472
-0.0003178002169519,8.19056185395609e-05,0.37791079322679,2.68481112591092,2815.69367507446,2733.25954164899,3.98577121868255,3.59801437457403,3.10065243238602,13.3937892868763,0.860073486010678,0.130727815809947,0.806809417114312
-0.0003142030807972,8.19671515273008e-05,0.378404860113464,2.68140581133787,2808.22733302452,2703.93267914961,3.98399693603757,3.60741215756065,3.09443113056525,13.2503082766842,0.857792229588268,0.129149036317212,0.809331703465063
-0.0003071870698792,8.26544897936955e-05,0.386531871564189,2.60432749902248,2759.30313556586,2914.79995607299,3.9890514828942,3.57974029601888,3.0222185846375,14.2806789517995,0.842900154750869,0.138294623347301,0.802822545216615
-0.0003163996048966,8.1760871638295e-05,0.381314146435511,2.6306370891667,2766.06920362596,2886.72255965689,3.99157662454404,3.58662009239197,3.03353495278406,14.1437978925912,0.844927825503282,0.136159597627081,0.794480963982119
-0.0003110830195635,8.19132702146224e-05,0.378399743436269,2.69260976970452,2767.83500253869,2811.52161172533,3.99057832476381,3.58948725842415,3.03745375826442,13.7760226294482,0.845470988353217,0.134044762523962,0.795803405558295
-0.0003102131902813,8.19595842439643e-05,0.377841945621236,2.74733717649465,2764.72605816013,2820.92785477941,3.99068784558928,3.58863331916484,3.03420665356253,13.8220829365915,0.844537315303799,0.134167805968486,0.795862443141685
-0.0003108188092468,8.16172550051504e-05,0.374085614190603,2.72389813303841,2757.60244698264,2806.85007650469,3.98970644146788,3.59393705347533,3.02474380008128,13.7533728240719,0.842364079985035,0.133567049969546,0.79464857362682
-0.0003172031539699,8.18827675355226e-05,0.381809321229526,2.6567493937258,2793.36792316462,2819.07042050059,3.99228619750029,3.59922725777877,3.07507306707005,13.8139609085806,0.853270682662036,0.134979684129241,0.794228142411759
-0.0003202465167549,8.22029925913213e-05,0.379387876558812,2.66775749129814,2802.29158767546,2699.10384893138,3.98513908598833,3.60573080213446,3.08806919998278,13.2267215065765,0.855993858154063,0.128472277195709,0.803873054842888
-0.0003258202249442,8.23120962754615e-05,0.378585828167722,2.67676883100787,2806.32375077333,2680.4995485855,3.98447419872767,3.60876065555372,3.09403323598756,13.1359156767417,0.85721595880012,0.127577546446906,0.805698870217784
-0.0003132647742627,8.36475198243316e-05,0.39466185741353,2.55113813125893,2757.80382082373,2781.02230073296,3.98378548255333,3.58693752136636,3.02703821536714,13.6270946857897,0.842422574625208,0.132191478288473,0.804054837952255
-0.0003085430600268,8.20778128862736e-05,0.383639157878527,2.62760077883103,2756.96006471413,2810.45898415748,3.99099738301794,3.59717680818291,3.02693804539522,13.7710238906819,0.842161810808283,0.133831258756183,0.792482236287073
-0.000318180695851,8.20836437799639e-05,0.381947439349915,2.68330560073895,2754.75694526604,2782.19384592812,3.9889592329661,3.59700243447417,3.02496705425535,13.6326961578499,0.841489093684101,0.132222259918891,0.792890025321799
-0.0003149595583446,8.22786382259075e-05,0.379049468535833,2.67302910940886,2750.78822082799,2782.03759950498,3.98929944381215,3.59528490548493,3.02022856865348,13.6321184260071,0.840273306025215,0.132199553346046,0.79213113801511
-0.0003183194413256,8.24655342807621e-05,0.382816793066501,2.65757916920999,2740.78824855661,2772.03739779256,3.99009647400551,3.58912801229826,3.00677351178376,13.583282865484,0.837229905622243,0.13208053068807,0.790634985674572
-0.0003156014009043,8.28002014445377e-05,0.386490956283748,2.61633601938454,2772.1350712342,2874.25523189624,3.99194575610914,3.60078164871703,3.05066041632556,14.0843026344107,0.846776766912228,0.135036523520109,0.78936600346177
-0.0003278118789085,8.27565778869078e-05,0.384014934785027,2.62902794339351,2781.96448736324,2695.09072643542,3.98634057625746,3.60773044190508,3.0647616184966,13.2074999421285,0.849784514737983,0.128269501139564,0.798328550616247
-0.0003322878357835,8.25099182129149e-05,0.383128924530467,2.65743612962615,2785.19913961098,2666.48248625512,3.98402455984018,3.61020254581533,3.06953134572582,13.0675442100785,0.85076499730725,0.126722288273896,0.800191505589655
-0.0003288994851516,8.2743382938253e-05,0.382726800190406,2.6374999202709,2786.90244035423,2655.52991760429,3.98444292955338,3.60240902649729,3.07247361967219,13.0137626337462,0.851286831719207,0.126582449619576,0.800927185756205
-0.0003423080449217,8.27356429544324e-05,0.382071799358305,2.63755305140542,2786.29338155489,2655.6550859157,3.98398950145503,3.60214447975159,3.07171259100745,13.0150078901166,0.851088982615133,0.125861562334338,0.801563311493311
-0.000331991805887,8.27635156981648e-05,0.381460227078624,2.64691510752734,2785.18415414006,2648.30962021183,3.98354949768941,3.61154813715752,3.07062669300568,12.9789620068741,0.850748373546577,0.126006434520323,0.801149696661653
-0.0003441474511563,8.27487485625714e-05,0.382211251872596,2.64181971094286,2785.15318268898,2636.70257037977,3.98368892548191,3.61204671352468,3.07103657696671,12.9219694162268,0.850741612775777,0.125057114674194,0.801229705595622
-0.0003410634650854,8.28286465205597e-05,0.386538624674161,2.61087657640158,2786.9033772758,2637.73386258079,3.98349785349172,3.60345711206135,3.07330870702721,12.9271202236322,0.851267413656945,0.125175851814527,0.800880456301964
-0.0003461477416089,8.27786804546125e-05,0.383321453104273,2.63939540290014,2789.45075710246,2611.81320675573,3.98191753770136,3.6063316495795,3.07789540772645,12.8005836030807,0.852052824404686,0.12401829850553,0.801886944504295
-0.0003402802099686,8.28455535540769e-05,0.381270327836022,2.67065344218095,2788.56028218492,2599.37773778947,3.98284024981004,3.60609096727873,3.07700648057971,12.7398401547228,0.851793158307518,0.123786950515447,0.802116403427064
-0.0003432642039946,8.2970622320846e-05,0.38511227151421,2.63124405868715,2787.95089296822,2601.78243413381,3.9829747073258,3.60621215418765,3.0765017002591,12.7513049995962,0.851576602239152,0.123863432276917,0.801859499210877
-0.0003437251459708,8.29724575986851e-05,0.383634510820259,2.62926755141741,2785.76375212736,2590.47016782412,3.98292339753501,3.6052528431541,3.07391898938864,12.6956645333128,0.850917590673842,0.123483350473312,0.801525860060247
-0.0003423866644759,8.28587243071644e-05,0.385756393330884,2.65278429636619,2783.95124076767,2588.97002931207,3.98161180763488,3.61435491480726,3.0719630849895,12.6886236899192,0.850359355536811,0.123413333346889,0.80099799279745
-0.0003467739084521,8.29387253234718e-05,0.383618915102146,2.61463674675178,2781.76362543099,2584.0796430842,3.98195265053184,3.61391328497136,3.06976816775812,12.6643611693947,0.849690017148152,0.123226338549368,0.80046709922154
-0.0003085705056094,7.53216527521702e-05,0.354252989698426,2.85477331659543,2779.53899659268,2858.36566400273,4.0004960243998,3.60133541644888,3.05738007208505,14.006447553866,0.849074690958331,0.135561317800666,0.79463865462337
-0.0003190379349088,8.17938954352277e-05,0.375251193838679,2.71593176373824,2759.11751514153,2694.60318959873,3.98796946268815,3.59081043334717,3.03144073468264,13.2034656683966,0.842825502812053,0.13061573331753,0.800935269943884
-0.0003218692691486,8.26672002400519e-05,0.384517153426896,2.64516251080298,2754.6956636692,2741.0861344542,3.98971385893479,3.59594403287416,3.02411390986494,13.4306052298409,0.841492637018234,0.133039009583386,0.792369960333537
-0.0003310041734476,8.25559089454204e-05,0.389656637502426,2.5915293710724,2779.57359579145,2632.81265805253,3.98733994730057,3.60709733151375,3.06228241986287,12.9020646513085,0.849061757254846,0.127484811905418,0.794768868614408
-0.000340950653109,8.28218223578231e-05,0.385710495688521,2.64927030343802,2781.4492603255,2605.34268119167,3.9851928076167,3.60932446287033,3.06576808114951,12.7678977320154,0.84964270317439,0.125584327430406,0.799658030982407
-0.0003509561279875,8.30576273554192e-05,0.387331953406362,2.59302705811293,2746.07215045324,2559.37511322676,3.98500688060833,3.59694839036593,3.01775805631336,12.5422666142618,0.838846114188348,0.12487297398804,0.798928597395318
-0.0003159819563273,8.31456158903901e-05,0.392323076208635,2.57124134569453,2720.55533914972,2752.94588784938,3.99022919567008,3.59035964374957,2.98303630754221,13.489220682541,0.831058852217124,0.132447965638453,0.787134652861393
-0.0003090461505771,8.32006616626668e-05,0.391574714608625,2.56971392405598,2719.39924209668,2780.36677232575,3.99292495866485,3.59158643691436,2.983016103337,13.6236229801096,0.830679510844533,0.133486491126195,0.78233086595807
-0.0003203222772988,8.32732604991206e-05,0.390509879894352,2.58498496647811,2711.72678768396,2782.49153002357,3.99133018493652,3.58853885661001,2.97418234802544,13.633809185071,0.828358192692528,0.133490670753665,0.782369073558763
-0.0003150712353945,8.3551857046215e-05,0.388637097054146,2.58869980424202,2704.08698164049,2781.49181230948,3.99243831157684,3.58375332148179,2.96388532179041,13.6290254805234,0.826034698312671,0.133920546888176,0.779583742800255
-0.000306985537252,8.36357082030373e-05,0.39415312808803,2.58752128756515,2699.38392997727,2805.9443906953,3.99255240363563,3.58138963709707,2.9580063120725,13.7488602888858,0.824592091063547,0.134062208128406,0.777670240705195
-0.0003263961733453,8.25859322823685e-05,0.390064345459583,2.57840592220169,2735.21439789863,2721.32384418495,3.99269236882528,3.59651419680606,3.00828884955239,13.3353437391959,0.83549609999501,0.130032888046194,0.778612223505703
-0.0003288086189411,8.38383420743775e-05,0.39476650116958,2.54959697013965,2740.9651509063,2689.37195705772,3.98758138394823,3.6009675482268,3.01686044755386,13.1793390414826,0.837264916276977,0.128248478706196,0.787490198069033
-0.0002958241438515,8.4398251236119e-05,0.391158041708554,2.58295213417966,2691.00983408678,2888.75613202352,3.98508748197867,3.58945680188609,2.9498765091239,14.1548470408582,0.822071905633007,0.135709122345409,0.795604095151807
-0.0003121966370589,8.42562711407393e-05,0.399256459035027,2.55941010410551,2680.02475174182,2886.11433606091,3.99433350079768,3.58265135314438,2.93516803076564,14.1412844317601,0.818716535945409,0.136242315966378,0.774916741934198
-0.0003192119916619,8.42758829122544e-05,0.407754972712327,2.45968601164861,2687.08781311344,2841.89681394276,3.99472574124465,3.58895248109168,2.94613295889485,13.9249866091402,0.82085513748637,0.134437142756197,0.773173495839329
-0.0003150105264245,8.41450179692123e-05,0.400995863073164,2.51588952932869,2678.4935122813,2827.24075017677,3.99309974908829,3.58383102993389,2.93479035292076,13.8534862509171,0.818228086368685,0.134095682916774,0.77388633691325
-0.0003110268445137,8.44637768386836e-05,0.403214950184391,2.51330359058161,2674.08771513461,2844.24031757144,3.99503473172317,3.58179243318327,2.92941110932268,13.9363679829119,0.81686986704737,0.134863902331542,0.771422939915747
-0.0003067185184762,8.44106859996407e-05,0.401757074357244,2.51688312266043,2688.25952249713,2849.58372187251,3.99433077435915,3.58925541940626,2.94739528006303,13.9618173951987,0.821213090705937,0.134661742782818,0.769617219921572
-0.0003153065258711,8.46767198246753e-05,0.403750069748179,2.50094052228444,2709.66775552166,2756.60433421246,3.99090641180674,3.59656937485156,2.97920326243821,13.5080579904639,0.827734174238085,0.130599903086134,0.776642788403853
-0.0003279837032578,8.4660762253949e-05,0.404830643674593,2.49314269565947,2713.38690781407,2728.4019192876,3.98878608476247,3.59962577923484,2.98480884407894,13.3702803160891,0.828857217159266,0.129154685707485,0.780801101402826
-0.0003403720564316,8.48088204388407e-05,0.40388092630306,2.4958683932441,2672.94761045792,2653.36871282419,3.98891802994828,3.58332315644065,2.92972717657336,13.0015845863037,0.816526120223093,0.127028412762651,0.780252284028009
-0.0003136882757961,8.50018159392749e-05,0.406641841483736,2.47733960992003,2651.22802177689,2859.92390054444,3.99513715302863,3.57992670800951,2.90102160663784,14.0137377300762,0.809902549430071,0.13528712549243,0.768461692908627
-0.0003193540015199,8.50896487710699e-05,0.410734553344932,2.45456046082672,2652.40005599393,2890.5514786696,3.99688845996199,3.58158796098497,2.90333080555516,14.1628682285712,0.810256027600165,0.136564183171418,0.764711707654747
-0.0003150922101451,8.49465690220898e-05,0.411032888096236,2.44926263053653,2653.71652316692,2848.31830999375,3.99546535047766,3.58403297000461,2.90634639866718,13.9561077844163,0.810637668301706,0.134337658099498,0.76498043589577
-0.0003109426910226,8.50083146025851e-05,0.404396688785858,2.52751956567133,2647.36917090992,2849.4589156821,3.99498552002319,3.58053389655219,2.89829237152915,13.9620303369844,0.808718167843531,0.134354320619788,0.764506320276779
-0.0003110056528361,8.53903872185865e-05,0.406573222643281,2.50319107200894,2634.57189526164,2880.45785437373,3.99579806656673,3.58230267481857,2.88115899436321,14.113718354346,0.804811618908893,0.135673717804151,0.76211209076907
-0.0003215709991537,8.43564625424399e-05,0.408459914695332,2.49006868070968,2677.63649388903,2830.14894549397,3.99773617941758,3.59153282511365,2.94038759388999,13.8686155158973,0.817949292643774,0.133630231681465,0.761902658429358
-0.0003348956457576,8.54863620927258e-05,0.407226989880064,2.48891642540222,2684.90250922373,2766.9635107799,3.99133019639342,3.59667922114278,2.95068552713467,13.5590382391456,0.820166441413571,0.129438890987932,0.772743417418606
-0.0003321202260171,8.52660115361754e-05,0.408536913671863,2.49153888618622,2687.30941238964,2738.3705148492,3.9894365080251,3.59932015492366,2.95489502148897,13.4195446044962,0.820910781995672,0.128979056451092,0.774121564165906
-0.0003065272408777,8.58602810172621e-05,0.413989387825389,2.54704290306857,2633.50966536847,2854.58380141813,3.99199321156456,3.58370744244436,2.88143110228098,13.9866123181133,0.80449352932585,0.135310671656414,0.771371590135018
-0.0003040582371453,8.57114226785892e-05,0.40893965352609,2.50016076710393,2638.30640446919,2898.03531290829,3.99799012475543,3.58642046639089,2.887650180898,14.1998070981986,0.805972094657574,0.137514154404425,0.758760468095939
-0.0003161515111408,8.62721009386678e-05,0.416051702494395,2.43421252687157,2633.07284856163,2846.70892374794,3.99571754521337,3.58591577176298,2.8828846920946,13.9480565394996,0.804365718622461,0.134730568851117,0.761122928489479
-0.0003097962618412,8.56964541666495e-05,0.413016111732473,2.42846991826219,2635.10417987651,2850.80449589173,3.99702715216012,3.58800746885578,2.88627796820228,13.9685966480909,0.804990807788235,0.134844270641171,0.759031729245466
-0.0003062794906078,8.57886323998144e-05,0.41048126547184,2.45233465590649,2621.38508577342,2846.22290628712,3.99663795931586,3.57963701312462,2.86811441228225,13.9459737267275,0.800792114582717,0.134768066448163,0.759087843819553
-0.0003071127591697,8.58586395744126e-05,0.417641147643691,2.425820557819,2649.83989523241,2914.22347195953,3.99730415611,3.58847080866496,2.90692229794102,14.2793554077581,0.809489475263278,0.136393891234617,0.755992458856782
-0.0003055773196358,8.52087668335514e-05,0.409581496579313,2.45295681701665,2661.04406928353,2857.58502519812,3.99080998785544,3.59774285422431,2.92362357799448,14.0029199762752,0.812865675662412,0.133960531243372,0.776869870802517
-0.000333759599189,8.59624984233527e-05,0.412107083039979,2.43437070058165,2665.14032336429,2754.66739347996,3.99103000035157,3.60029420322842,2.92915002731144,13.4991218920524,0.814129435453192,0.129097801318683,0.768695936136235
-0.0003244457917405,8.58679152545779e-05,0.410868832177901,2.46225204560086,2666.41944696917,2732.96508901997,3.99028382269112,3.6013842927085,2.93108271400288,13.3930150685549,0.814515377572066,0.129111998633971,0.768465106968744
-0.0003327553723642,8.58323307002589e-05,0.413842520744025,2.44876907000322,2667.8416582272,2718.84065794147,3.9897688627243,3.59265368587368,2.93316683447376,13.3236350180381,0.814937866548353,0.128165848276429,0.768845156579785
-0.0003306681517027,8.59313623088974e-05,0.410866756141713,2.45779702646623,2668.9668410013,2704.22999768547,3.9905226662655,3.593551834861,2.93482814459669,13.2524234382467,0.815278654869112,0.127926940548436,0.769027815173615
-0.0003288885826338,8.58122735316235e-05,0.412133347853133,2.43683152688052,2670.8109227427,2690.93532047747,3.98989144107639,3.59497920497433,2.93752457253101,13.1872907618374,0.815843408585602,0.127407066412665,0.770031257093047
-0.0003280278987325,8.57210152144108e-05,0.410238985244942,2.45701582605428,2671.93629056227,2681.20145014057,3.98926454902495,3.59607869190174,2.939363642638,13.1395421162454,0.816191724616945,0.127124233489192,0.769749421480611
-0.0003379616157767,8.56282773874694e-05,0.409335695629539,2.47008913989436,2672.71751545533,2669.35628363426,3.98876609738241,3.59704632025499,2.94084033008144,13.0816924713643,0.816437647865958,0.126238020237276,0.770278253152324
-0.0003345072262735,8.55840979164254e-05,0.408777581769785,2.47907965195596,2672.82713533525,2654.38979723852,3.98826220691604,3.5976165493766,2.94138455299038,13.0084104504519,0.816468524379095,0.126034293074361,0.770271065636214
-0.0003425698745574,8.55983329199775e-05,0.408618517921846,2.46117675713749,2673.45252402587,2653.11081506056,3.98809240488398,3.59851110636533,2.94254617786744,13.0024906010945,0.816632533453379,0.125821049646036,0.770658577247989
-0.0003404081726318,8.57186233143317e-05,0.409733011226624,2.44902977876056,2673.67156712624,2638.39070380491,3.98917993863424,3.59904216410039,2.94319449410581,12.930072451312,0.816710004412744,0.125275248441279,0.770552361908883
-0.0003387831909073,8.56712671882297e-05,0.409090956570588,2.47490986835439,2674.98434256745,2627.82887806767,3.98868913332621,3.60028242540883,2.94565670817302,12.878467117908,0.817209356611753,0.124961525842285,0.770501909548661
-0.0002877556365631,7.69834724585815e-05,0.38482548781892,2.65027044106767,2658.6164128088,3061.0282112719,4.01127161679568,3.58126001887851,2.90815307777292,14.9965798409372,0.812142109560353,0.14482387307131,0.763649183900479
-0.0002962351554571,8.49300893991634e-05,0.413014366269314,2.43617949978328,2624.00802990403,2891.78384411362,3.99747001056013,3.57439681653226,2.86589716368982,14.1676816040341,0.801557259772434,0.139892295199885,0.767377069600469
-0.0003024134601151,8.60379789723424e-05,0.423547527109193,2.39751415556382,2609.49239078939,2904.37685548307,3.99996023278841,3.57423081723126,2.84582083547596,14.2292546122742,0.797134994000577,0.140007891498812,0.755399556337041
-0.0003106396664162,8.58850962661558e-05,0.422460444020626,2.39058452122527,2640.12001608194,2784.74093505145,3.99841433305007,3.58234288957384,2.89369143327324,13.6452578292968,0.806476432984288,0.134449890856876,0.753619123766277
-0.0003102098004786,8.6166247653723e-05,0.423512734790574,2.39559286282881,2645.68369772473,2747.99415681716,3.99551644717177,3.58729604615105,2.90231098921751,13.4657659264763,0.808171248826545,0.132378333098394,0.760981789298502
-0.0003107118439697,8.62020705371686e-05,0.422242953439177,2.39125856905729,2620.13570287716,2726.60438401522,3.99343389027739,3.58322826128327,2.86986409030448,13.3610298654618,0.800378798777326,0.131105935347675,0.762206789819308
-0.0003042430022288,8.66090975501174e-05,0.424182917734967,2.38623010419652,2583.00874244409,2848.28460398762,3.99850763065714,3.56855699419975,2.81942029541216,13.9556834761113,0.789051689644983,0.137092269814463,0.751973400102626
-0.0003026624542775,8.68240298115619e-05,0.427506269096309,2.35201867140564,2584.16502646239,2847.94100250355,4.00179371597074,3.57192737947811,2.82302455480034,13.953615755015,0.789386660618834,0.136508296257169,0.744022218524557
-0.0003117308098344,8.74556997660219e-05,0.425043743990817,2.36238662274552,2577.82163251052,2866.0656823773,4.00086907292089,3.57980187459924,2.81607132452688,14.0430014524421,0.787444738732847,0.136861417411734,0.744618631502077
-0.0003049575761793,8.71547093792321e-05,0.427528516435868,2.35427030795795,2577.22848528145,2834.09805722664,4.00061373676814,3.58169562789215,2.81706877886928,13.8868291895033,0.787260374626099,0.13563674456476,0.743652033390108
-0.0003156639038392,8.73146140840115e-05,0.42901699907794,2.38698098536834,2572.27506660961,2831.05102936501,4.00040673364139,3.57911782429136,2.81095397332975,13.8715174898162,0.785752938542438,0.135001014209538,0.743133346273356
-0.0003151408183904,8.76060695329436e-05,0.433306548481852,2.31244659079786,2595.8246785331,2884.58250709844,4.00017389229366,3.58536099032922,2.84342651849648,14.1345195366958,0.792937529086862,0.136317810017074,0.742678293567319
-0.0003082110845418,8.77436713753953e-05,0.430364888561515,2.32707545311466,2602.04393320918,2772.11857931469,3.99652509422569,3.59043224562298,2.85252641178971,13.5834398928433,0.794811114342417,0.132206640141266,0.7490063193731
-0.0003233426862337,8.77171757798857e-05,0.427578738032962,2.35135360282301,2602.68510144169,2758.82266343435,3.9949238950556,3.59166870875792,2.85410556462218,13.5187648608778,0.795023563490705,0.131383728622193,0.750515713750584
-0.0003224963599291,8.78837489831136e-05,0.430585365242434,2.37243494137256,2559.90124622348,2797.53771053508,3.99455988823951,3.57417653346884,2.79681614504122,13.7075742465377,0.781976202519244,0.131355725368874,0.748895361439185
-0.0003103869326649,8.80822492010423e-05,0.433562887231539,2.3215779811657,2550.77581150516,2875.55063097709,4.00104480853184,3.569833593807,2.78577359114353,14.0895962243262,0.779175936743524,0.137170540700746,0.738328094048651
-0.0003098697530346,8.8029373875684e-05,0.435302346716927,2.33150797749315,2550.80747660255,2861.58224496071,4.00208778861615,3.57099295210564,2.78676092670488,14.0218469361013,0.779193147130225,0.136112926685366,0.736082690720776
-0.0003202204752556,8.80659945707358e-05,0.435371929030321,2.31866643640238,2551.1831239716,2847.20808741252,4.00121047685472,3.57212994838583,2.78791094928411,13.9507994141202,0.779294323464847,0.134724395415051,0.736529964064945
-0.0003277529158791,8.80339389862095e-05,0.433469882772711,2.32987332924024,2548.06095320467,2826.92768234952,4.00070298832955,3.58061878625737,2.78408723822352,13.8518235856543,0.778352558814317,0.133247101839975,0.736655288740116
-0.0003017813664087,8.83343583962707e-05,0.433478312809201,2.34474752594078,2541.83983375819,2851.59900195448,4.00172263941319,3.57760937546575,2.77658207612998,13.972573492315,0.776449477134444,0.135819093106087,0.734924224283075
-0.0003107233185471,8.75470974823184e-05,0.425302056920456,2.3656396109837,2573.81042071426,2789.47795682299,4.0015534599908,3.58882699615654,2.81982760066196,13.6693934333944,0.786194868050122,0.133058078417071,0.734588260573428
-0.0003116380011647,8.86961894350331e-05,0.439240631019781,2.29272536865559,2573.98266780446,2779.38491276602,3.99649875722033,3.58960613163038,2.820520587405,13.6198226727148,0.786229776897056,0.132331233558671,0.742485366695829
-0.0003209386604801,8.86286598879253e-05,0.433893432130818,2.30942312100582,2572.40472545064,2770.448108382,3.9962917439481,3.58947191841301,2.81919352474403,13.5765582458135,0.785768886919133,0.131793313161738,0.742585396178753
-0.0003053590002797,9.0269216097462e-05,0.449957173858908,2.23413570404753,2521.32610863727,2892.80171006889,3.99814576553784,3.56555095384287,2.75015224361551,14.1745750246218,0.770182034568768,0.137750899628306,0.739446776618988
-0.0003047850071324,8.93848472310121e-05,0.442257025982947,2.2699335815427,2515.58864261876,2908.75244995661,4.00377860314706,3.57252651382895,2.74298522790403,14.2522695370052,0.768446172938166,0.138364267593978,0.726937433209576
-0.0003051827167117,8.95937163248972e-05,0.446484959339596,2.27297715966326,2517.87055154637,2895.56564272899,4.00362241969389,3.5761665428386,2.74767293825059,14.188165675734,0.769134135672407,0.137650050819304,0.725839822380622
-0.0002973892429174,8.96208436622205e-05,0.443579389661783,2.29022803356409,2509.79245107906,2903.98581942992,4.00356636853779,3.57164510839126,2.73749709495838,14.2292530620754,0.766669710576879,0.138035158086071,0.726287216127232
-0.0003003080596217,8.9751689645157e-05,0.449119014242423,2.27782622307851,2503.37072809844,2909.64357012487,4.00372546690482,3.56807564286625,2.72937509778387,14.2569567356258,0.764696156560736,0.138242716636146,0.723829790398001
-0.0003026494695424,8.98181239808169e-05,0.44774273019874,2.24530972200313,2522.90274431452,2912.80003872566,4.00497113687021,3.56881871057111,2.75403363524546,14.2720665469315,0.770668097778536,0.138412862319516,0.722523010733682
-0.0003196772971786,8.9576092149913e-05,0.445593617882562,2.24908010064616,2547.82527234196,2788.24427514855,3.9999225018681,3.57934149106344,2.79083854010567,13.6630119108427,0.778261392768214,0.13229548094921,0.729876967958713
-0.0003267265790699,8.95055768311664e-05,0.444258421783831,2.28124285519828,2552.95268374804,2767.37019596033,3.99801944153649,3.58313830967607,2.79805894082401,13.5610877832795,0.779831646814359,0.13109907287987,0.735902008881779
-0.0003190804741373,8.93693943639465e-05,0.441038839810541,2.29056020087295,2529.01425692864,2745.05855862395,3.99652523994446,3.57980422918187,2.76759509532667,13.4517406888643,0.772514268968272,0.130649380308639,0.736839759322797
-0.0003129636161707,8.93850289629385e-05,0.442017703694672,2.36352329418113,2513.07582294865,2807.32037217228,4.00161463281383,3.5785856218899,2.74548950026437,13.7568771688795,0.767650014627366,0.133959498851357,0.728669562084086
-0.0003152681672472,8.96237404612699e-05,0.444536629160413,2.28231432464388,2506.85713260691,2841.4442042209,4.00172178184285,3.575277522031,2.73774691099624,13.9236559787687,0.765735458127294,0.134963040912534,0.725174260907844
-0.0003185197428737,8.93645558921716e-05,0.44513410681033,2.29635754489556,2518.57483805128,2812.57073528395,4.00187082501019,3.57350818223731,2.75407398676734,13.7822404774821,0.769329702585373,0.13380147719559,0.724556939479345
-0.0003225408187587,8.94403730848546e-05,0.443648496706591,2.26224579215982,2516.24874023627,2791.36827834533,4.00016160428959,3.58327305737664,2.75172800754749,13.6787928929034,0.768612896035256,0.132623385745616,0.727334094737088
-0.000318804652767,8.95759084441225e-05,0.444936319885482,2.29359795327247,2510.60775915178,2786.04020777676,4.00028706293037,3.58061168614556,2.74498501262055,13.6524532538882,0.766882584279606,0.132693007737613,0.726393948123259
-0.000314844029413,8.96714874475709e-05,0.440987495934672,2.27716518587055,2538.65636935958,2812.4149503592,4.00162934212789,3.58818570403166,2.78214816013683,13.7819618303033,0.775449344039597,0.133393989740207,0.725309898977351
-0.0003273663721631,8.99392325621167e-05,0.44304711794226,2.2685103967786,2545.50098956365,2719.49758841767,3.99721325806209,3.59381612511568,2.7922293764826,13.3276447280619,0.777550909717268,0.129549535187154,0.733692299984853
-0.000325464501598,8.97346331460847e-05,0.444016161524412,2.27940689828386,2546.8452468061,2707.77968350198,3.99583374602454,3.58495749550304,2.79440865424947,13.2706081253499,0.777946736113286,0.129066683237264,0.734918457184568
-0.0003288022463509,8.96962765440348e-05,0.442816252668811,2.27655058996443,2548.58006682899,2686.67123157124,3.99516424281257,3.58617650229355,2.79678458164488,13.1668200096025,0.778473729270493,0.128282887055353,0.735009742901754
-0.0003409273704569,8.98094482592617e-05,0.441018192812985,2.27707137020069,2549.22065051185,2683.6558534489,3.99599845527757,3.58714017100718,2.79800299720358,13.1522928754757,0.778651202721097,0.127459144382331,0.736078118071932
-0.0003234206046086,8.86952099283851e-05,0.433276222926284,2.32483518817561,2546.09611835377,2792.95116691256,3.99370483585171,3.58671890182057,2.79519298121052,13.6878370541767,0.777717638594989,0.131482821159984,0.749669808089171
-0.0003340537589769,8.98416667806498e-05,0.441379235550329,2.27613574775757,2548.6883138275,2681.13915990875,3.99537740869725,3.58840017209108,2.79858287049466,13.1398069928697,0.778494635011712,0.127624654039114,0.736055837068003
-0.0003405888046807,8.98288709762638e-05,0.442474131492586,2.28974722398846,2549.44047749281,2664.76856152934,3.99465745560666,3.5890581443392,2.79971856588186,13.0599743153788,0.778724222351619,0.12664029972652,0.736231475988564
-0.0003422921879717,8.98292395133961e-05,0.439598732299708,2.2968601260067,2549.75328879664,2655.7983630253,3.99445159722727,3.58965645713368,2.80045133776504,13.016053478147,0.7788229413844,0.126254006100918,0.736240600382766
-0.0003397959988075,8.98343975893031e-05,0.439341335185792,2.28280336577805,2547.9411943194,2651.03304364625,3.99415257636537,3.58913082638006,2.79854052227346,12.9928160171631,0.778264919854301,0.126275128455413,0.736194503649564
-0.0003435917674452,8.99397829579149e-05,0.443861546602413,2.27548264724048,2547.89285086846,2641.87718050799,3.99424688021342,3.58906558464313,2.79848354223257,12.9480628596338,0.778259189899935,0.125863559356219,0.735590608684317
-0.0003454772991782,8.99324082813063e-05,0.443756860585503,2.27005588794482,2547.01970294345,2638.93987093103,3.99418938075397,3.58830698057153,2.79746908880548,12.9331696839079,0.778074869633063,0.125456544854888,0.735642733706262
-0.0002958048151403,7.97971927996795e-05,0.39503706827789,2.55665345187799,2584.49865160573,2754.08906463083,4.00968139291667,3.59026822718707,2.83790715168054,13.4967116605618,0.789482537784791,0.130899794707341,0.732701559530749
-0.0003083627321677,8.78304934448036e-05,0.427795281725693,2.347832768421,2554.77998846553,2671.96528246251,3.99464720946092,3.58401248646879,2.80018397866035,13.093975811088,0.780374902932065,0.128961581456937,0.747483990456798
-0.000309148172171,8.88488546501821e-05,0.441069695390873,2.28780628610592,2531.84239408412,2695.49878167015,3.99729550736291,3.58145600695943,2.77120851660533,13.2091571929764,0.773370697653159,0.130567586330379,0.736734736386558
-0.0003183290498623,8.87535690326795e-05,0.440704201888648,2.30832553572343,2560.04885396468,2649.89049677236,4.00069047893797,3.59166577218593,2.81054139625179,12.9869883480992,0.781970712173101,0.129011834381627,0.731874842028086
-0.0003275497755323,8.96879375913882e-05,0.447001772183596,2.26321604038339,2557.26846938459,2619.72061761846,3.99537747007021,3.59126876414507,2.80787895390007,12.839129677586,0.781110758626308,0.127161296492214,0.738554928666591
-0.0003192668982333,8.9746438097375e-05,0.439803094606717,2.2799560266888,2553.8318494631,2614.89324619535,3.99544710340634,3.59000128713147,2.80405957787967,12.8159272088105,0.780066033531687,0.126491049886536,0.737670172823281
-0.0003141884599313,9.07395691302923e-05,0.451048911551946,2.24997493428308,2514.20349386937,2690.19780242217,3.99437660319464,3.58625682382023,2.75232400721179,13.1838628746659,0.767983554030908,0.129685561014439,0.735322391974835
-0.0003139476728508,9.03763315246583e-05,0.44691123477976,2.25486215492967,2490.79654631062,2731.08914416835,3.99994973718685,3.57170805931091,2.72174741314358,13.3839266237983,0.760844829189947,0.131928183065993,0.72450258013124
-0.0003166472970463,9.07463515627708e-05,0.450762856763837,2.2371031072767,2484.07829829382,2744.86767112777,4.00254450124853,3.57995771794092,2.71452773348115,13.451564604284,0.758781874555407,0.132546189155915,0.719170058977986
-0.000312742750999,9.04275742989139e-05,0.449404508055797,2.23729257262647,2483.09454360313,2727.55848113922,4.00159454169097,3.5809210340182,2.71453247306648,13.3671145465609,0.75850393274103,0.131697114624384,0.717304285359967
-0.0003128326776688,9.0894403886915e-05,0.452063936970998,2.22330760689433,2473.00054665493,2748.76143276384,4.00172547411036,3.57542297102156,2.70191982698922,13.4707413044135,0.755405174218019,0.132102306760081,0.716685628191177
-0.0003095468624067,9.10612135119416e-05,0.452050096429161,2.21996828077916,2466.78193529477,2764.41709748337,4.0023912066844,3.57201951174509,2.69421190401433,13.5472097937608,0.753514129458995,0.132779252787174,0.713873792660428
-0.000323284756963,8.98891366902659e-05,0.440844161535949,2.29583746887556,2515.30058674279,2652.18864508103,4.00354250739603,3.59442406822653,2.75954597103819,12.9987779999634,0.768311182961083,0.127980252763502,0.714407492399072
-0.0003311548314254,9.12016708161469e-05,0.45059724364407,2.22852847321647,2518.00497407163,2646.69016432314,3.99675628435697,3.58577402802401,2.76318860442494,12.9717901195734,0.769153939552452,0.127078945998043,0.72646985072547
-0.0003280519375699,9.10304941925645e-05,0.45146339892288,2.24323810922575,2519.74011444673,2635.37855964998,3.99593848118679,3.58756536383961,2.76588931275367,12.9165914874319,0.769649614577768,0.126442525442116,0.727063645715608
-0.0003158518939784,9.25353233305372e-05,0.463845017431606,2.16009799245455,2470.26735308787,2738.91906994252,3.99731148153112,3.5770349417414,2.70088922770751,13.4231957580213,0.75456717066347,0.13106281619673,0.72548416279333
-0.0003222977161011,9.16376307935737e-05,0.457459314524495,2.19815459045764,2454.71993250976,2765.68320356967,4.00208746675235,3.57778943877622,2.68084700490652,13.5534426931359,0.749879235208046,0.132265145889219,0.712871371053478
-0.0003017072526313,9.17815468452536e-05,0.45963626014359,2.18985658714454,2453.84550505064,2780.65162048943,4.0032608186392,3.57807467069971,2.68033869908184,13.6268613447814,0.749613603694444,0.132816711689991,0.709110608745727
-0.0003069992139409,9.20424408080732e-05,0.460146986435072,2.19492890352383,2446.87655243007,2770.05837206321,4.00320715832531,3.57411832407296,2.6715341533661,13.5745455014483,0.747466523679352,0.132737516363097,0.70844066366649
-0.0003111019865732,9.22478623179637e-05,0.4608580091217,2.20408204154029,2440.43901003344,2779.88608223194,4.00441545651371,3.57072466252798,2.66367718585671,13.6231784142647,0.745508905856835,0.132959358060588,0.70674017458238
-0.0002990444806413,9.23637865126367e-05,0.460487033895041,2.18033310172427,2442.37972218101,2797.93246990358,4.00476027979995,3.57298516078168,2.66694583128473,13.7115465058025,0.746087671004469,0.133667373313375,0.705208879216841
-0.0003142845031463,9.10936021775853e-05,0.454121270007515,2.20771928998519,2486.17709640719,2683.98574880572,4.00340651754123,3.59124145337513,2.72501914235867,13.1542624203777,0.759448658322842,0.128274901165349,0.707630351809896
-0.0003103693533387,9.0775798887642e-05,0.452658174980543,2.21319402320908,2488.38080291112,2778.61049299719,3.99563335180283,3.58378052711487,2.729130532334,13.6181181854848,0.760112992488435,0.131454506083821,0.735438646299132
-0.0003038679901272,9.21728221225378e-05,0.458940417987035,2.20578907127156,2449.81515408726,2704.1236753664,3.99708881343368,3.57987605520042,2.67834299495376,13.2524627873241,0.748372728099738,0.127611801859958,0.718560357441485
-0.0003032548062601,9.23318947985255e-05,0.461527720759829,2.17621703364869,2429.03292404712,2761.69884094148,4.00287553063013,3.57708903929082,2.65102204571879,13.5337921380103,0.742012424825286,0.131669130310123,0.707014364583002
-0.000306505371398,9.24816894500202e-05,0.464853985178454,2.17252074087762,2419.07975886337,2779.63578313723,4.00458925916948,3.57163288825896,2.63867292725997,13.6213750617108,0.738958080367508,0.132873732265771,0.701599801465853
-0.0003345213555065,9.00395148767952e-05,0.439210574544571,2.29550436775347,2563.08022730151,2576.50165771076,3.98753791019834,3.60091642401684,2.8204908379526,12.6289426383754,0.782925849275508,0.122014053741001,0.747876999337719
-0.0003086749855599,9.28734326509745e-05,0.464009459065239,2.17862783693521,2431.5233537987,2835.34685058608,3.99420835988985,3.56184678767101,2.64958513862942,13.8936603744119,0.742795750810381,0.133036956157783,0.733751214759415
-0.0002927208325328,9.31384711650944e-05,0.468323016873735,2.16567409805002,2380.19581844752,2942.15522901423,4.00692177373309,3.55299604674916,2.58490340041023,14.4161486261794,0.727113763945365,0.138613513935026,0.699875062123176
-0.0003093699069482,9.15948779845516e-05,0.453540229886384,2.21302889667709,2440.88850433542,2790.7111388233,4.01134666546371,3.57749833830868,2.66902368547736,13.6766419739218,0.745611088139503,0.132543504351162,0.690604349598758
-0.0003210305076323,9.27344889827504e-05,0.463598612274196,2.21691639227727,2446.68676069435,2725.85468868873,4.00168795872452,3.58291218366968,2.67790666619097,13.3592461410562,0.747379916547664,0.128732014713536,0.706044555304586
-0.0002951531681882,9.27718949240803e-05,0.458278754682732,2.21064206794612,2445.75026408165,2692.07237305862,4.00123309555338,3.58364289927195,2.67764464987122,13.1939391360717,0.747084004841217,0.127576201432628,0.707403859185542
-0.0003039846205138,9.59584499611347e-05,0.493962334504109,2.0738792112795,2348.00831731585,2892.42227857429,4.00176193877941,3.55231688320637,2.55006930190213,14.1732288065216,0.717289580456517,0.13533560991987,0.702667017837862
-0.0002929479253559,9.54857629857186e-05,0.491142862309111,2.0515128637275,2311.44434784347,2997.70067333238,4.014319163997,3.54016653193703,2.50326252204427,14.6879427678548,0.706110317701465,0.140320408240343,0.676938474677954
-0.0002595177671072,9.64740381050531e-05,0.493541342264604,2.04586208419405,2285.69656472054,3025.44984174828,4.01673714915911,3.53781691269997,2.47257322253332,14.8235234004,0.698226333942373,0.141638885033122,0.666872977614546
-0.0002772322010185,9.79727086751357e-05,0.503314297885457,1.99621951257986,2260.43112304089,3107.10456984524,4.02049073728464,3.53337817068224,2.44099227717377,15.2231243402844,0.690527376444,0.146740663940395,0.659385478391005
-0.0002825763275667,9.82809931294529e-05,0.502534440694772,2.00142707048981,2254.82192405109,3095.63603304776,4.02118645248742,3.53194819487535,2.43527307075111,15.1674805594005,0.688791180513074,0.144895503506979,0.652747563445811
-0.0002718358455357,9.94688585209057e-05,0.518889243206297,1.93671479398284,2232.2908410496,3111.0886541943,4.02265708610929,3.52886741098605,2.40701304515267,15.2427189080952,0.68193509371967,0.146955004172705,0.650436580106882
-0.0002848418676351,9.917654153203e-05,0.514436329358093,1.96310044113173,2294.82340262384,3083.43531164594,4.02597250731095,3.55189793843489,2.490093432561,15.1094200457733,0.700991970061566,0.146012645379774,0.647317962784671
-0.0003018043739386,9.73932207587084e-05,0.503562213174662,2.00888362223803,2308.63796949011,2903.11319218055,4.01419793672798,3.56354447817191,2.50978018383294,14.2263919229601,0.705201870145613,0.136644397519404,0.665034994419283
-0.000305432348215,9.7344675537378e-05,0.501280941585758,2.02342492368672,2323.71676563975,2882.91158583661,4.01318008337564,3.56239500226854,2.52931032033268,14.1284708891651,0.709812180890678,0.13522622699216,0.669033467661186
-0.0003114289257,9.67968178849508e-05,0.496341104863688,2.03358623216868,2239.41617038776,2829.68914654176,4.01068521315052,3.53950822667072,2.42024643783949,13.8650924174449,0.684097390008448,0.130331731981956,0.670031665003359
-0.000271442079085,9.99267958008462e-05,0.516856818103419,1.95430471713891,2209.4161837603,3106.65119013347,4.02188521728181,3.53054341316223,2.38169864760245,15.2212493394484,0.674946927398086,0.146539382850405,0.645522113026688
-0.0002522804308011,0.0001007733647998,0.52981125880778,1.89921340359649,2204.3692361339,3118.47924837907,4.02580211647844,3.52983639717102,2.37703297086593,15.2789308938769,0.673402080562151,0.145682963842869,0.638564571669514
-0.0002824528814812,0.0001012326853834,0.532190154080166,1.89890742650626,2189.08829252559,3112.66658846699,4.02440867466586,3.53202146775014,2.35832818524801,15.2501308188006,0.668739807540771,0.145543138304189,0.636742426270287
-0.0002570176268474,0.0001017351365854,0.53407393036589,1.88788540749431,2183.36963467565,3146.49388031673,4.02677096117724,3.53036258993922,2.35246308457516,15.415917197648,0.666985235405531,0.147474227302868,0.632690178856088
-0.0002843325991902,0.0001020977557322,0.537544850712211,1.8624598603369,2157.44813311796,3125.6351034918,4.02606120759791,3.52453668803385,2.31954570478271,15.3135914363929,0.659060238742508,0.147913708038859,0.630672184477202
-0.0002746910008162,0.0001031707524446,0.546750332300486,1.84229612743592,2187.93261895142,3200.64913410731,4.03013832480819,3.53341955429799,2.35826999725125,15.6805062103682,0.668370179136846,0.149183383629387,0.622992640440784
-0.0002771107134182,0.0001012788764108,0.53093417846585,1.89006928374649,2237.99592240274,3014.99930306032,4.02338260253974,3.54871090776042,2.42544332966684,14.7737973819389,0.683647853030227,0.142398986447824,0.635722215320907
-0.0002599751901601,9.72064012871998e-05,0.507019527667758,2.00143658719967,2250.0919421358,3126.76538234446,4.01522585577216,3.54792849119607,2.44253844628354,15.3219327634402,0.687314591217566,0.144792432969869,0.67210363021494
-0.0002900010620317,0.0001004877118865,0.515436796034685,1.96926028860746,2150.80792346236,3036.99648470533,4.01542607128111,3.52693133158226,2.31566490102402,14.8799874637221,0.657031153099026,0.139382675320847,0.6494817072509
-0.0002498769387992,0.0001040084916236,0.553534814798231,1.82061525938033,2122.60471959037,3184.93055916708,4.03003473193557,3.51995884047614,2.28019884251506,15.6035048587256,0.648409615869377,0.149217153909158,0.621094763251949
-0.0002703202031749,0.0001043630523372,0.557209780423774,1.79937627374541,2122.54235886829,3174.99361184682,4.03173032796608,3.52153542968962,2.28118871727033,15.5550694556515,0.648392069855451,0.149940030675583,0.614052069518644
-0.0002778226608529,0.0001045786317474,0.557993528828338,1.79806750400192,2112.37055860722,3168.9309705944,4.03025861731115,3.51661876837412,2.26957779214361,15.5255002680564,0.645292136243823,0.147354020867072,0.613912020646249
-0.0002612112546769,0.0001051805816144,0.563917488219976,1.77652426254441,2109.40198405099,3191.86813460966,4.03169967787606,3.51590705580182,2.26665885363535,15.6376181424004,0.644382649224658,0.150169929289989,0.61117648468863
-0.0002465663634979,0.0001057100997707,0.564715112103884,1.78993328322061,2084.83974754001,3179.19619544828,4.03218768891834,3.51067957407992,2.2355672135358,15.5756790318192,0.636894393089842,0.148187077836265,0.609516788110582
-0.000256556870816,0.0001072132798819,0.573242183059095,1.74956524542433,2069.91769911902,3238.38253502769,4.03557721850941,3.51257450239999,2.2170529858358,15.8653075693485,0.632337933053301,0.152711921308695,0.602445780052175
-0.0002677241644793,0.0001080004041915,0.582581296476233,1.71957231802025,2059.3400306094,3266.91334563139,4.03533435103917,3.50743166719164,2.20498433930109,16.0053722956926,0.629094420865902,0.152417920461335,0.598217651755587
-0.0002465050985498,0.0001084562699771,0.586891879002638,1.71531359766979,2048.82454049744,3262.33521389851,4.03744565378321,3.50092435564314,2.19205150540942,15.9820424658566,0.625859360555222,0.152708782046655,0.595456994366593
-0.0002633389009181,0.0001093407778168,0.593912680038419,1.70034496219004,2041.73097962618,3276.69438422919,4.03787115097046,3.4973498412541,2.18394976179269,16.0526532702808,0.623702801447787,0.154624973045337,0.592470945253304
-0.0002679930299873,0.0001098266883481,0.595861383690532,1.69704212008162,2030.63716468087,3292.1627061168,4.03766970923453,3.50281583399012,2.17092735152507,16.1284166673568,0.620309695782923,0.153418661586097,0.590646701002322
-0.0002482948930012,0.0001101199082693,0.597710583248855,1.6795297231174,2025.90312384441,3286.88163140364,4.03801843828085,3.50117541050565,2.16597682643146,16.1026808695336,0.618859921825749,0.154338420401176,0.587391341130169
-0.0002447113760145,0.0001095535547565,0.591862412191106,1.70071348137939,2043.66860862379,3247.64820325893,4.03898990033853,3.50376218387059,2.18967116209654,15.9111165011494,0.62429792320322,0.151690477320919,0.587331751914572
-0.0002519190830251,0.000109507796907,0.593584780031248,1.69022061572458,2068.57522251416,3272.52295524959,4.03660628557205,3.5245906829834,2.22359701470416,16.0332960031666,0.631912742967657,0.153563407295114,0.593374536354443
-0.0002546164388382,0.0001061638621507,0.566788594552341,1.77092552696976,2082.52844424598,3087.60584477271,4.03252442524983,3.52470083639655,2.24263724826092,15.1292183919089,0.6361471513838,0.144006107825521,0.601361533679925
-0.0002762157686418,0.0001056155846238,0.562288962467047,1.79706879220436,2072.54425787646,3053.01258279971,4.03073286783128,3.51796542087071,2.2300079836001,14.959341773874,0.633093562563211,0.144015340842558,0.603760896265008
-0.0002678347535901,0.0001059154221518,0.566188821257728,1.79214557449554,2070.70053571853,3074.73086496152,4.03252599560297,3.52914278507233,2.22815807323978,15.0658496081604,0.632530381149908,0.145029351268646,0.601025817787315
-0.000261999983336,0.000105962768036,0.568507448260985,1.76777377820847,2068.70069709542,3070.05922218034,4.0325946028416,3.52817908355168,2.22588253693257,15.0430126555638,0.631916421631665,0.144270897942637,0.600633838657937
-0.0002704076799897,0.0001059515326411,0.564650337177871,1.77497498320451,2068.71638255339,3055.96591852116,4.03246518969536,3.52940225941794,2.22667584020728,14.9737063787247,0.631919825834867,0.144198620283831,0.600148563999852
-0.0002728277389481,0.0001059173700796,0.567891261279041,1.7809743186835,2071.49767334585,3041.10692004493,4.0319178883846,3.52003697946038,2.23049927288973,14.9015117243341,0.632775415127408,0.143725644153439,0.600235680240804
-0.0002656516910625,0.0001058132377955,0.56361595150783,1.77918562592568,2072.8414804918,3029.31037933083,4.03263556162516,3.52189156371103,2.23283242896564,14.843573998751,0.63319037283176,0.142613239494736,0.601235905120636
-0.0002717384393584,0.0001058653978029,0.565597800114173,1.7856530747907,2072.77883561648,3025.10741203302,4.03204868634542,3.52253565989749,2.23335635406324,14.8229794266243,0.633218031994615,0.142875850852161,0.601407949404289
-0.0002939187991273,0.0001058225763094,0.566877821384658,1.77015992693397,2071.91983774444,3010.18579013005,4.0315714722588,3.52220446626905,2.23249040456707,14.7501485189479,0.632970678623848,0.141011991260845,0.60141885576696
-0.0002740566448376,0.0001057478472352,0.562726968835078,1.78942657521824,2072.51349739701,2988.49861050042,4.03112359728132,3.52324821579624,2.23364036164057,14.6434557326111,0.633146159493002,0.141531192073795,0.601175973384263
-0.0002714167407947,9.32028707070824e-05,0.5018156850063,2.00498503504597,2166.46646993815,3078.38868773135,4.04096451259795,3.54621937790432,2.34917561339541,15.0847552331771,0.661801226412062,0.14309685239964,0.600800493474096
-0.0002610930155074,9.8891537030576e-05,0.520543143664921,1.9406049401643,2129.8731549427,3112.85815795212,4.01959515636803,3.54693174362183,2.30388402219557,15.2536741567087,0.650599972808772,0.144284370360066,0.653974666177938
-0.0002925088012291,0.0001031714750605,0.538510787030246,1.86381762718832,2101.09138967272,2970.84340500093,4.02599927295338,3.52704442209668,2.26703999420819,14.5575053074139,0.641814730964924,0.138977272449987,0.61939562609679
-0.0002920024877624,0.0001043057880782,0.559286947985858,1.80626256051048,2086.77653254419,2983.62380603272,4.02796855373917,3.53048842389819,2.24985832491691,14.620729930648,0.637433245583129,0.140025892987072,0.609953161502985
-0.0002918962457541,0.0001051212160564,0.555663262894114,1.81467254228863,2072.79435104568,2989.92011599448,4.02992206924367,3.52244884867064,2.23313777153885,14.6513597644689,0.633173052536322,0.140764932958024,0.605489336730602
-0.0002903571624709,0.0001056388288352,0.569509154338527,1.76624356317677,2062.52872464604,2999.96916156305,4.03129194123404,3.52868179593767,2.22111073743763,14.7001401130466,0.630029816329536,0.141274064849674,0.601443163955023
-0.0002913910897653,0.0001059402246091,0.568744426046292,1.78603882222044,2056.51356715276,3000.07639729248,4.03157015030201,3.52595747198377,2.21446574495997,14.7006745557951,0.628212085017511,0.141191417239343,0.598696780646423
-0.0002917396053778,0.0001063295830797,0.570338354684038,1.75577810807394,2049.09188967389,2996.29268081179,4.03233576050171,3.52233662945884,2.20595679885733,14.6825306766129,0.625926372108875,0.14093286499015,0.596915360291325
-0.0002987035737059,0.0001058657898681,0.568970192655215,1.76648152513839,2082.951830961,2940.17281499854,4.03119750664784,3.53564105235355,2.25011309509027,14.4070522421797,0.636277052672099,0.138060880995375,0.596024684405973
-0.0002675398765205,0.000105655915192,0.566495023216503,1.77606084384853,2062.8428272163,2956.43850736874,4.0283126853547,3.53492733069829,2.22536588450966,14.4876248264614,0.63012274889543,0.138709698046189,0.605090029326066
-0.0003012315862552,0.000105728689244,0.566690415667464,1.76938270251915,2064.84321186032,2924.42154709237,4.0298432917822,3.53712579522814,2.2284298076838,14.3304057863197,0.630735265720549,0.137630971758741,0.599537856264577
-0.0002741025109302,0.0001056540139005,0.575066419009505,1.74539264454347,2055.92140206517,2911.48676446415,4.02987312820722,3.53280533041273,2.21823256876533,14.2669049263734,0.62799128075747,0.13691722071264,0.600171588771523
-0.0002678458365982,0.0001066298724136,0.571819429599454,1.75514763219573,2037.49947821764,2958.51652214596,4.03052858664439,3.53242327164913,2.19516568212768,14.4977202958263,0.622365099520774,0.139143236846636,0.59684294076708
-0.0002696530270797,0.000107255052633,0.58024390009691,1.73124773128562,2026.10888336049,2965.48465298706,4.03278111022653,3.52522940566574,2.18117181236221,14.5315808116854,0.618872312703012,0.139826107235184,0.591817405477506
-0.0002643731831088,0.0001077891481386,0.579193134025588,1.73801885845963,2014.92154311127,2973.23391155883,4.0334355246787,3.51905549090842,2.16807977167474,14.5696850652884,0.615467211463177,0.139752453092173,0.588707290606982
-0.0002811918253631,0.0001081848683,0.588373635040905,1.70903262205139,2003.92235439367,2967.70345078889,4.03371593267611,3.52560549623826,2.15557993196218,14.5420050401874,0.612105672317914,0.140885472280535,0.58544362159526
-0.0002660867046775,0.0001085148868515,0.586426318509303,1.71606286782961,1996.35923618093,2946.64138180736,4.03526691398998,3.52137737063801,2.14682205934158,14.4387575009067,0.609826786193714,0.138831893675054,0.582439112676508
-0.0002718356015942,0.0001089141211662,0.590321825101981,1.70026257792259,1994.60925139539,2951.03225471868,4.03509493350983,3.52141551761066,2.14541088995976,14.4604092444303,0.609297372289708,0.139705751892544,0.580245071162193
-0.000267680061189,0.0001089183833065,0.590716927307093,1.69587809374012,1995.16971897808,2953.28171710606,4.03526196956635,3.52282252031214,2.14679249962585,14.4716963000796,0.609479964045212,0.139397161034837,0.580018287226123
-0.0002951943840081,0.0001085227604787,0.584145716035058,1.71494250065044,2056.70718367971,2977.00154784266,4.03472903695437,3.53921997887748,2.22290902201293,14.5887749967599,0.628212475339177,0.13863129699568,0.58196789909549
-0.0003172473239808,0.0001065112928568,0.559546244684518,1.79935467633702,2009.65641873633,2772.91111404967,4.02387208804906,3.53401407073526,2.16566309559954,13.5880551626349,0.61388912001846,0.129600946670998,0.59732721287869
-0.0002983404355219,0.0001093686869132,0.593065496703048,1.68944631396068,1981.6390957417,2942.65433270929,4.03348153652531,3.513908375712,2.13001070372302,14.4185997492643,0.605326799662115,0.139130285715282,0.582830217000588
-0.0002997475537881,0.0001103622313442,0.60099369058414,1.66962363011389,1960.77936251811,2946.82580456059,4.0352798712374,3.51215582463279,2.10431103632843,14.4385732082316,0.598966240415252,0.138494958063879,0.575306620772638
-0.0002962088614564,0.0001116406589096,0.608093130055007,1.6495526414867,1944.21743438221,2981.12176521216,4.03708880218034,3.5138710231492,2.08420772705387,14.606707190716,0.593897900022249,0.140385628863323,0.569511822048972
-0.0002932929940094,0.000112693137531,0.620655222691376,1.61319901016919,1937.63936482888,2995.02774631584,4.0392901400725,3.5106842842969,2.07686353935156,14.6746652145655,0.591890149366947,0.141721659663558,0.564828050523207
-0.0002611591040342,0.0001133036118016,0.623880604217464,1.61346772012307,1921.63956556612,3000.90274165192,4.03885614495528,3.50028630820188,2.05738016475419,14.7035274785021,0.587004619581236,0.141766679403019,0.563037299286096
-0.0002934068192709,0.0001136795850306,0.626056560684533,1.60120801079188,1915.17085949026,3003.3245338783,4.04048653612746,3.50962405204773,2.0502675131743,14.7153142094812,0.585028699001499,0.141993980092269,0.558558243529169
-0.000279694984863,0.0001143576478354,0.636109667031723,1.57551271035042,1900.4995259227,2998.69940516946,4.04180798378397,3.50001160915081,2.03242764096289,14.6925017788828,0.580543330374,0.143639564030663,0.556354730601469
-0.0002931589052822,0.0001149296090507,0.638465106984401,1.58165496236707,1898.59294831468,3005.62089402432,4.04324876621205,3.49967979651231,2.0306484292972,14.7262346019306,0.579957476247182,0.142637699801895,0.552640453523426
-0.0002918006878849,0.0001148759678062,0.639414873526202,1.57187771571589,1910.68692310606,2990.84077959147,4.04257744358432,3.51201406258803,2.04799270819282,14.6539413174981,0.583658573735498,0.142682868940918,0.552845846962698
-0.0002715043792421,0.0001137778722699,0.628341081863323,1.59404512102386,1894.79673301306,2951.07532331385,4.04031920940318,3.50130640543424,2.02849191297192,14.4590300422274,0.578799628128823,0.140163834764801,0.555766722200016
-0.0002849247790469,0.0001143512317841,0.629865534122372,1.59997330211213,1896.92140021746,2965.60671142431,4.04292268394142,3.50390599690951,2.03178230551525,14.5310526237313,0.579446905695206,0.142591849074532,0.551576633847322
-0.0002907808019359,0.0001142101906179,0.630019025356252,1.59858118469554,1890.21833430976,2953.15378402249,4.04128538152223,3.51345380395651,2.02453664456861,14.4698254574886,0.577411558054739,0.140867830594683,0.554473390559223
-0.0002964366849743,0.0001153990996728,0.641001330447257,1.56744854711797,1870.8273737295,2978.13733020186,4.04266917187235,3.49906448274851,2.00009281353657,14.591491020856,0.571486073896371,0.141627983316704,0.549434259761631
-0.0002744922745845,0.0001163764574508,0.643472753507081,1.5584171982165,1854.24989902676,2987.51216135058,4.04460726203499,3.50141289877513,1.98039215535687,14.6376931676618,0.566405449481811,0.143025386203291,0.544189568841717
-0.0002743828901799,0.0001172799592136,0.653239739486441,1.53860815469277,1843.23421423085,2987.54335077421,4.04614516894023,3.49488779855153,1.96762908774432,14.6377055211473,0.563066343159634,0.143153957227139,0.539474369714358
-0.0002679485597277,0.0001189259069335,0.662586139436837,1.51132361857924,1816.12564164185,3032.54210813332,4.04617294940082,3.48760257228728,1.93384682309992,14.8575596647595,0.554786851353372,0.144915911473388,0.535498941335918
-0.000284566526689,0.0001203865565987,0.671252858198421,1.49199171345288,1805.28160050971,3039.47926445643,4.04836854269338,3.48048054018328,1.92080782099612,14.8909258828752,0.551460456085299,0.145662445370284,0.527924136839809
-0.0002700812749171,0.0001213625012221,0.678594631844973,1.47999511243579,1795.73507287545,3054.88535602699,4.05082361365474,3.48740764914966,1.90970232012842,14.9665808564893,0.548559077455506,0.146616425324347,0.525032654427297
-0.0002849019608408,0.0001219506846427,0.682615233245271,1.4694148049246,1797.28173688304,3055.38537061715,4.05038840910968,3.49019630619737,1.91245068103129,14.9692579942344,0.549006150021176,0.145902008097637,0.522578287172991
-0.0002786062451467,0.0001210103231215,0.679571108485636,1.48464844793578,1806.35988600901,3010.46471875597,4.05040876255479,3.4869016139738,1.92536421200834,14.7492631514856,0.551797130578404,0.144920528527443,0.523953095804918
-0.0002936009601176,0.0001205114639957,0.674936340681629,1.49897010908244,1794.29750623211,2995.04297012324,4.0476652272912,3.49102837531293,1.91057206285734,14.6734877472853,0.54812927390504,0.142606968879513,0.525978751859471
-0.0002869470120313,0.00012163581334,0.68091920886372,1.4728674890542,1791.32891033765,3013.1050977328,4.04915025374469,3.48953168900287,1.90724496471524,14.7618717774492,0.547211495849105,0.144333708710552,0.522171039942244
-0.0002886315587601,0.0001216662319521,0.677890526267775,1.47816319689518,1779.28237435844,3004.76195051282,4.04937728152556,3.48221848050102,1.89322618725986,14.7210667444606,0.543532385319123,0.143910516372263,0.521471965882423
-0.000290237054414,0.0001229309514134,0.687365750476664,1.45943463178338,1762.98560072907,3029.12033818476,4.05119383051282,3.48266841173172,1.87288296794966,14.8407950693331,0.538561707162821,0.144465246267271,0.517851724865273
-0.000287426146017,0.0001243320532494,0.692208621384107,1.44620360462733,1746.20452757645,3044.49274680705,4.05316938262388,3.47073332866033,1.85250014230186,14.9157178264768,0.533441414183269,0.14561194379056,0.512933430475702
-0.0002812692064164,0.0001252277678918,0.705834849538462,1.43243094442344,1742.95467253274,3049.4949739913,4.05446142975877,3.47018735806147,1.84967333937583,14.9402676973337,0.532493524241996,0.146611018758962,0.508313431907773
-0.0002870418181566,0.0001258037208332,0.708814983320307,1.41462958185946,1728.65821197402,3051.43223618483,4.05342905315352,3.47284594632811,1.83226432661771,14.9489028522492,0.5281274875817,0.145939452125963,0.507345127026977
-0.0002831762339041,0.0001267754065938,0.707696504088281,1.41652273218798,1725.18915210449,3058.58843147539,4.05431472957134,3.47099070225732,1.82841696170953,14.9842580279888,0.527070710028527,0.146484538101285,0.503407123339621
-0.0002610982217644,0.0001101422678546,0.628378427490041,1.59631397954848,1771.98428036761,3382.03700704332,4.06627308857905,3.48396239124361,1.88816635389071,16.5701792809232,0.541298680113369,0.158212220125606,0.503816740457229
-0.0002717471402169,0.000120355263143,0.67612298538526,1.47957729630848,1738.75200125274,3013.33994907462,4.04922084247365,3.48709693197477,1.84805023402342,14.7642594994189,0.531141814221086,0.143162742182206,0.52111095059369
-0.0002861610915992,0.0001237573102923,0.691741813878001,1.45044027286488,1699.5493892563,2991.12136374849,4.05218325591669,3.47104728221893,1.79995278853318,14.6545973983176,0.519160970938769,0.142900681357816,0.507590955194567
-0.0002760199844482,0.0001274598406126,0.722083144791333,1.388860000216,1672.15919574131,3034.63642836377,4.05754241762282,3.4653562495583,1.76731417731557,14.8676889609961,0.510793316938858,0.146276679572249,0.49565182395965
-0.0002781011188359,0.0001299170728443,0.731329475470363,1.37497544258739,1664.12807169908,3038.66736929887,4.05944967269897,3.45937618038111,1.75758010400919,14.8872431556114,0.508342172991815,0.146581705279005,0.487788904557154
-0.0002774505692311,0.0001310704826901,0.741510192956859,1.35420866704751,1655.45632752437,3061.19807882954,4.05987017719369,3.45315712794923,1.74718890670896,14.9979008968967,0.505698151867677,0.147590115563655,0.485576495549175
-0.0002820844588407,0.0001323666207004,0.74640197654352,1.34668936823815,1641.53475142316,3075.44627133934,4.05973973274231,3.45741751364299,1.73096707361606,15.0678915354982,0.501440619562947,0.147388539953317,0.48344033361626
-0.0002821729180177,0.000133657535466,0.752228643092636,1.33614897872537,1631.84748204719,3082.13527620261,4.06097975937096,3.45162601556097,1.71998952457781,15.1003641069232,0.498475149239124,0.147703097351739,0.479515808574815
-0.0002370270675995,0.0001261294341816,0.728818181350447,1.38353405869364,1618.16010602465,3319.14687969015,4.05849110163175,3.45851295211098,1.70528581110933,16.261884337539,0.49429532116621,0.156082969488201,0.504741169889639
-0.0002799888304938,0.0001350513447441,0.759908895483706,1.3193541065632,1628.30075584417,3076.22941937021,4.06256697602468,3.45502564311027,1.71877269487158,15.0719685873177,0.497381084464096,0.147621478616999,0.474058152580048
-0.0002788639878351,0.0001343239334696,0.757370567104947,1.32354669035928,1639.83238670147,3066.01132816789,4.06037275855606,3.46827367373875,1.73508299826533,15.0223829531611,0.500904529495729,0.146762627253037,0.477535743153364
-0.0002957308585102,0.0001315431095396,0.731954195014856,1.37810473395698,1620.39477990955,2970.55772746462,4.05998540865748,3.46578959985213,1.71079782886229,14.5547434242666,0.494979383706765,0.141272971130185,0.479732458558275
-0.0002810719537431,0.0001351918545655,0.750899677800462,1.33575827248343,1603.36366489557,3047.34197641893,4.06111195969255,3.45278127410195,1.69019815670493,14.9304297212156,0.489777915915776,0.146351009591742,0.473562220804414
-0.0002569947241759,0.000128660790509,0.742963232364895,1.35061462838404,1565.1610300599,3340.19344805942,4.05932962429988,3.43643882098021,1.64367789636751,16.3643661853554,0.478102341509101,0.158181180086567,0.499681641297811
-0.0002717316175994,0.000141053588915,0.787665587115473,1.27039926975605,1536.47199877657,3123.9001172773,4.06644991860873,3.42922466655947,1.60977108338698,15.3046614844715,0.469341127226974,0.149679322550946,0.45833553861857
-0.0002734088966207,0.0001449683244516,0.803573862654941,1.24866494130644,1516.78650734985,3171.93050076149,4.06871220559785,3.42686295050841,1.58581523205696,15.5398833277717,0.463354368522027,0.151115540731705,0.449559788946033
-0.000268669980686,0.0001469441631963,0.819687732320871,1.22320163774926,1493.95854165536,3175.42999754426,4.07070602270273,3.42461213878557,1.55923843304206,15.5561314570584,0.456371427032542,0.151510073909021,0.443643512441205
-0.0002635137528959,0.0001496157881886,0.833016989861602,1.20147049635302,1481.03719409139,3190.32060068901,4.07183855677408,3.41430373752818,1.54368108041491,15.6292568614581,0.452402368690186,0.152468164248068,0.437114911570866
-0.0002655407007282,0.0001511315685715,0.831535422559354,1.20455345566317,1474.84972887428,3194.13267269041,4.07256425965217,3.40962650729161,1.53649010406016,15.6479146262647,0.450539746149073,0.152376122750896,0.433616137424354
-0.0002616959219436,0.0001518862893209,0.840348749186049,1.19269752086761,1470.52170225023,3195.71094267981,4.07367327136378,3.41881725788116,1.53058540694392,15.6552975090806,0.449205489804959,0.152418295941448,0.431599278537331
-0.0002707880369581,0.0001523382830412,0.838299355946828,1.1940769387609,1469.50609103456,3198.69516798752,4.07415191588863,3.42193400859833,1.53115465815373,15.6707832013349,0.448889194515317,0.151545915899384,0.43139490841485
-0.0002725362698456,0.0001510097561032,0.831203562971357,1.20411267153095,1485.73850671903,3138.38608762261,4.07300370354806,3.42440226966259,1.55236036099295,15.3752674923854,0.45386172925507,0.149800365686342,0.431249659459029
-0.0002526583714154,0.0001500106271917,0.826128552918662,1.21125344563543,1482.09969873994,3131.97793077904,4.07112297557649,3.42100961068097,1.54774629612602,15.344112755332,0.452741038512845,0.148939962590109,0.43615139791644
-0.0002638332070715,0.000149918309204,0.828168021994313,1.21138592771614,1472.63127855846,3133.49357306093,4.07182826314654,3.41577909974491,1.53743779615769,15.3511795147546,0.449833293964977,0.150042740160427,0.434334886859172
-0.0002713696945229,0.0001500762766848,0.829699350751726,1.20622543051367,1492.45916395978,3107.25967705512,4.07338551112584,3.43266934039546,1.56165268905922,15.2234535810889,0.455880641255217,0.149398652213668,0.432311239249202
-0.0002707984546451,0.0001488589260963,0.824709821651811,1.22046788722285,1450.81921360624,3085.75988276245,4.070172611624,3.40997943401337,1.51026380889186,15.1171718098596,0.443181387145422,0.147345964854579,0.436119261996709
-0.0002601138401527,0.0001554070165587,0.8539788476528,1.17849241560461,1426.85020292152,3179.36745099979,4.07382619380951,3.40536277634757,1.48190075995221,15.5754807942891,0.435855584515544,0.151751416821296,0.424499589450628
-0.0002665813542296,0.0001575123620424,0.861036121046693,1.16856567566682,1418.1008253906,3191.7892333786,4.07707965576043,3.39943230395414,1.47205397802109,15.635864915007,0.433193652092871,0.151703082279945,0.418413732020335
-0.0002598729517678,0.0001585429237317,0.864297858059314,1.15960639915468,1404.22599833235,3179.58631144735,4.07591324016966,3.40304365754127,1.45574188891923,15.5767858158163,0.428943234531621,0.150974080459276,0.415552704474337
-0.0002729954981272,0.0001607015096068,0.876456490643408,1.14268036301378,1398.30420733214,3182.77355439251,4.07734875511705,3.39970580736796,1.44945411904508,15.59164358856,0.427153101866018,0.150504515949399,0.412387479511631
-0.0002610825903928,0.0001611650318145,0.880064845280976,1.13710957059693,1397.02294893697,3185.55536401301,4.078230744914,3.39872947335243,1.44799170867867,15.6061832191177,0.426769153563089,0.151470346563004,0.410307394715692
-0.0002555698857268,0.0001616884030934,0.878651115867318,1.13962914507043,1386.78888937159,3183.41411639505,4.07858633576778,3.39130044480165,1.43623984892487,15.5952108700675,0.423627976640967,0.151414964909028,0.409509630240387
-0.0002594366518297,0.0001632620956247,0.879268622723945,1.13875560292226,1384.66369247204,3184.97681803341,4.07832594428744,3.39016868174076,1.43398844099046,15.6023712463823,0.42297904072131,0.15142353879728,0.406897808488781
-0.0002469894471865,0.0001631677320226,0.884663396366788,1.13603899762672,1399.46045227532,3182.96075277848,4.07838965313775,3.40387134253979,1.45230539899316,15.5921675121308,0.427524470967234,0.150004275038125,0.407826334806162
-0.0002644150692901,0.00015977366384,0.870011147978763,1.15235119415435,1407.17892194161,3133.71228310367,4.07791787591474,3.41379022101561,1.46300348130122,15.3516026011019,0.429872644575716,0.149449327999504,0.411406898729891
-0.0002636017712862,0.0001593405795356,0.868448249376208,1.15238621797386,1404.44491330086,3123.94668435675,4.07601386514203,3.40991185108821,1.45903890310352,15.3036599247627,0.429034532717801,0.148936429883995,0.413062862133696
-0.0002701427845521,0.0001597654435574,0.86943053176838,1.1549085827279,1395.61679635703,3128.36840365682,4.07669050118019,3.40279026826223,1.44861095482058,15.3250838292095,0.426334989877085,0.148891879051039,0.41242653606903
-0.0002673710000835,0.000160003225378,0.87188370635581,1.15285475443451,1395.58552096423,3115.80607083801,4.07841557469861,3.40390174090862,1.44907451610349,15.2642597035273,0.426326184418,0.148560262789099,0.409866343476227
-0.0002636070417708,0.0001618122755797,0.877980404889179,1.14050716872845,1369.85149588052,3145.14909906802,4.07654651424341,3.3953849051861,1.41774901878053,15.4074526232683,0.418471477032244,0.149257764667537,0.409062951595546
-0.0002585039152332,0.0001652011424346,0.893822050038502,1.12088976082686,1361.22676331323,3160.94588931493,4.07860750285062,3.38712154550755,1.40706834071717,15.4850269876306,0.41583567409474,0.149762580201199,0.401920116112311
-0.0002642117540929,0.0001662024537114,0.897530211977314,1.11660628406804,1351.88305424014,3173.19544444536,4.08047972592441,3.38034871791271,1.3964711659892,15.5448465134046,0.412990167620927,0.149800987312359,0.399716700380015
-0.0002654539094258,0.0001677930386994,0.902295210419153,1.1089926950107,1340.74031230871,3171.75800132484,4.08027479825196,3.3866634161576,1.38371496561747,15.5374503643405,0.409588148633722,0.149622929494722,0.397026460704455
-0.0002673306547344,0.0001696350810628,0.907868577453603,1.10466255111622,1336.00810700207,3172.99236453272,4.08058534928088,3.3821757565374,1.37797991878769,15.543362002506,0.408158540906492,0.149395782076272,0.394036346507853
-0.0002577336663803,0.0001701842155462,0.911526659061548,1.09812198683442,1329.03963871487,3175.19535178487,4.08128603899254,3.37718752674435,1.37004282369961,15.5540790091414,0.406005162286233,0.149564368192788,0.392532853795163
-0.0002518691371483,0.0001709066019296,0.911454224417018,1.09795752520762,1322.08678222721,3170.35142197128,4.08270269070031,3.37189963589544,1.36226592686926,15.5305794212615,0.403937242441039,0.14949538727702,0.390443490953017
-0.0002555290897229,0.0001724094558681,0.920802462205133,1.08746888634537,1315.00630582142,3173.99436497613,4.08224571668185,3.38221735954285,1.35450093977958,15.5479452016693,0.401769365838116,0.149525597274618,0.388433529296983
-0.0002700485679413,0.0001730885987976,0.924177756657213,1.08403215727852,1310.36795490381,3173.36740697897,4.08342138162026,3.37766601244609,1.34878038903904,15.544550861143,0.400345583605098,0.148512796901921,0.38689726828527
-0.0002507173356404,0.0001745246436874,0.931784212142606,1.07379739392958,1303.66507016256,3175.32027557335,4.08218100491692,3.37335251702203,1.3414932330713,15.5543530983028,0.398304071778626,0.149200263822081,0.385118671288385
-0.0002500509795147,0.0001386005877317,0.848123100630548,1.18076908929553,1448.27424134728,3538.50167733968,4.10167337954044,3.40673944473267,1.50676489184127,17.3354246769456,0.44242964569564,0.164162885882294,0.388858567153189
-0.0002644895452042,0.0001518491167608,0.841829145645239,1.18849270601104,1404.99150040909,3206.77327236921,4.07418576615756,3.4055064668258,1.45748728892018,15.7102518886357,0.429186421319699,0.150811185635435,0.427879442318756
-0.00026868474126,0.0001577557363318,0.858123995802053,1.16724826246665,1377.85118911749,3155.74272574031,4.0777696905465,3.40101223803581,1.42670953386577,15.460448267854,0.420897832721193,0.149098070322464,0.413274926177189
-0.0002731511910405,0.0001622587189002,0.875385092771609,1.14609216390233,1341.258137313,3153.97715198726,4.08010400618826,3.38418160832446,1.38299030558391,15.4520078196994,0.409714678056122,0.149211380776708,0.40500570001517
-0.0002576075563582,0.00016835794998,0.898050446577098,1.1180316640934,1318.11773776219,3179.99204403783,4.08188575618672,3.38071104155646,1.35616604361485,15.5787303302866,0.402638830533086,0.150297514065658,0.393980430701379
-0.0002567980997292,0.0001715150905003,0.914890526367159,1.09599036189826,1297.91513337086,3179.78887133895,4.08459391043736,3.36546065542433,1.33331407555584,15.5775820692743,0.396495230511146,0.150228070255689,0.387392571155211
-0.0002686083757936,0.0001735872160863,0.914918329415252,1.09618486028277,1281.68119066057,3167.24236769642,4.0862922855452,3.36913682113994,1.31527693182125,15.5160795701234,0.39152666715596,0.148653490957739,0.382273972253057
-0.0002556064152495,0.0001761622068963,0.927210865203103,1.07917133598867,1269.6032693243,3159.85160681621,4.08743907928467,3.36054224317724,1.30185097738963,15.4798748906443,0.387838841623558,0.148910783331371,0.377278523929727
-0.000262060543405,0.000178315519896,0.940919182892198,1.06450838335737,1261.85321567599,3157.07064916407,4.08740496148868,3.35626704042608,1.2937312926701,15.4663384787285,0.385471214511777,0.148653517513073,0.374177184788554
-0.0002557902275998,0.0001792949569091,0.943477846987727,1.06312457766296,1250.49418312679,3144.02395569959,4.08883794473142,3.36250753180925,1.28079763656373,15.4026471825087,0.381998546115,0.14833218649011,0.371728867644979
-0.0002507754451789,0.000181296789702,0.947342999318673,1.05608944171798,1242.69739317722,3136.52403757596,4.08855520685514,3.35855154104011,1.27279183242806,15.3653283570837,0.379614020231698,0.147418985596628,0.368636693560005
-0.0002585601654987,0.0001816367789421,0.95154221933699,1.05222832330465,1238.85372966007,3125.83671824276,4.08975112934907,3.35390918753868,1.26781762076541,15.3131459417509,0.378446005789621,0.146851060577656,0.366483984886481
-0.0002655131727889,0.0001814878913866,0.948969950253826,1.05552421509099,1254.52525687794,3107.64998493243,4.08950110773246,3.37164515118266,1.28768234807896,15.2244738432341,0.383217470008971,0.14611680924489,0.366224017795523
-0.0002527567859638,0.000178324651677,0.924649661945042,1.08264218781168,1254.77544168042,3067.18181122682,4.08730566744902,3.37316871798316,1.28854566489243,15.0263763161592,0.383311980532614,0.14441206616787,0.370434988989289
-0.0002620575968612,0.0001787596696886,0.931717813781028,1.07462941466075,1233.44757369599,3085.05650906877,4.08752740645895,3.35710719019868,1.26462596131584,15.1139306196121,0.376796215318994,0.145266970090204,0.370076393594507
-0.0002607653263822,0.0001824342279203,0.948901750948967,1.05576287807757,1222.6844388773,3090.1501376785,4.08818795833182,3.36685987313589,1.25346116796392,15.1391786841577,0.373502610722762,0.145446257639219,0.364264233405411
-0.0002594998820451,0.0001825422288371,0.944523468525369,1.06089487632498,1243.7444256844,3056.72915783837,4.09015805163282,3.36917124792587,1.27790097104411,14.9753101131665,0.379949558400589,0.144526609676118,0.361825709857883
-0.0002621830542927,0.0001791556543537,0.934136577301812,1.07361174922828,1240.322728021,3041.47951269044,4.08912253379822,3.36626743161401,1.27386135059764,14.9008716883372,0.378883142330009,0.144139186953855,0.367418396698099
-0.0002567210961695,0.0001815512987658,0.946660095027949,1.05731416127109,1192.68230200076,3056.4009303144,4.08822750548522,3.35830918172511,1.21934328545753,14.9737045977449,0.364325670510102,0.144187712837556,0.365374381699755
-0.00025821392466,0.000189943838368,0.978744303684791,1.02262611431878,1177.44856050464,3103.32120767258,4.09334686597188,3.34435931066187,1.20158187665227,15.2031047939374,0.359686094811873,0.145109157916953,0.352052127410624
-0.0002526275353431,0.0001922670295328,0.985220407540673,1.01785541226529,1168.01118838452,3083.29056102286,4.09342096068642,3.35023096203804,1.19006795686057,15.1049270986568,0.356810182480005,0.1436739575442,0.348061062971401
-0.0002472419470424,0.0001948825865391,0.988724490917431,1.01290824705704,1155.6364996426,3089.24374840257,4.09293284527091,3.34307152628899,1.17720815194403,15.1342085954154,0.35302220414376,0.142935454640102,0.345558031537164
-0.0002593433273139,0.0001946644189854,0.987438141549429,1.01384570122007,1178.47982581009,3054.197733901,4.09493536172911,3.34816419206014,1.20382283115708,14.9627139692345,0.359988744564497,0.142611894261344,0.342771719844177
-0.0002707833738154,0.0001917200301446,0.974213231340776,1.02855939143795,1181.27678486766,3051.40102623502,4.09145291285081,3.35065196781624,1.20711052559104,14.949532751637,0.360858277186022,0.142940500313862,0.349206801459148
-0.0002500940396983,0.0001900681333093,0.978001331165149,1.02541804201872,1187.80796787533,3049.0263368935,4.09283872710334,3.35641861543423,1.21462196561824,14.9374268903459,0.362840624135257,0.14167128363859,0.349754111404561
-0.0002649866596705,0.0001893853794171,0.97579178791973,1.02596766106131,1181.96422597242,3042.61990741998,4.09107658068339,3.35247927177243,1.20834898899196,14.9064736244589,0.361062262185185,0.142179255091525,0.35154000246324
-0.0002559962575955,0.000189944764297,0.979186374651746,1.02250191597055,1184.24546687666,3036.85483397814,4.09198108249241,3.35582927959721,1.21147390203961,14.8783502096584,0.361753972987544,0.141467726605338,0.350006210965605
-0.000268029100374,0.0001893634885614,0.971732751546349,1.03064835183309,1193.44841180713,3026.43293987634,4.09127116733127,3.36461373073299,1.22237409845648,14.8276055209153,0.364568004136739,0.141908746403617,0.351186694366257
-0.0002601995931039,0.0001868547184355,0.967883744646303,1.03529901544525,1204.76042423773,3015.37106325111,4.09104445706243,3.35931935196831,1.23575077449531,14.7734456721622,0.368020433252473,0.141190339646046,0.353746791581357
-0.0002718501209944,0.0001845983487081,0.954096756568773,1.05005128016393,1203.2142221664,3000.87129702719,4.09058934576968,3.35916877360571,1.23440463278351,14.7024366935852,0.367545060327422,0.141149353594085,0.35676116297958
-0.0002673982141449,0.0001865777775622,0.959826394467773,1.04415275362887,1190.76108344796,3004.87147256042,4.0887495227482,3.36497759237522,1.22023351341276,14.7221394341694,0.363729581829292,0.141390284038335,0.35612105905813
-0.0002720651449206,0.0001879414340873,0.970362266787076,1.0322271185797,1165.73038303081,3016.99583281678,4.09150626348413,3.35872418880463,1.19125475019606,14.7813130067878,0.356099840754401,0.140989134539584,0.35211500936124
-0.0002571137446847,0.000192020260189,0.984135272569975,1.01697750738684,1156.35539651479,3011.18327509949,4.09257697517222,3.35177960395813,1.18096442706925,14.7529123698432,0.353233578591744,0.139900162049295,0.345321401654039
-0.0002585988135281,0.0001946426577343,0.990502330630085,1.01238356296889,1147.66815236438,3013.79240357049,4.09221633644991,3.34328231215477,1.17067985140522,14.7654051252994,0.350577698521998,0.139991101886492,0.342674839930589
-0.0002631517142183,0.0001952003873751,0.990829779760563,1.01159641980046,1137.27759793567,2999.8396652384,4.09393224050832,3.35179665149787,1.15923342301408,14.6966756343019,0.347397020379569,0.139504887402229,0.340277571747481
-0.0002534932329119,0.000197694855958,1.00147506588848,0.999953771896301,1128.32459449634,3003.40225852202,4.09375741368248,3.3446033123212,1.14930021538918,14.7140069112652,0.344668536448868,0.138368534306782,0.337399396853615
-0.0002787116633737,0.000198734458198,1.00609007296429,0.99810954275609,1093.37196613179,2990.27723525561,4.09592341241382,3.33494550303409,1.11128165315101,14.6500246284442,0.334016435286817,0.137183359078062,0.334526972154497
-0.0002734471941921,0.0002057746551096,1.03069108061846,0.972781061371905,1075.82574614772,3014.57323896253,4.09965718984604,3.33607754191837,1.09128195106571,14.7682458710353,0.328630890370053,0.137667062578289,0.324630872869404
-0.0002718131823342,0.000211226619063,1.0376020760599,0.964260736466289,1065.49742946462,3011.54232666647,4.09840279503873,3.32772838102805,1.07996281805453,14.7531523247011,0.325483378771741,0.137405274730918,0.319627188737607
-0.0002539971844106,0.0002121366197489,1.04256834359537,0.959954265403568,1071.46588437064,3005.38607125371,4.1006047600194,3.33206292745229,1.08637170220451,14.7232620526616,0.327311250966866,0.136979003523867,0.317193996970056
-0.0002519140513723,0.0002092587655889,1.04349598842038,0.960807497089724,1070.82545492842,2986.71447325646,4.10103775904729,3.33303590078612,1.08613631086486,14.6321350176389,0.327105054631484,0.136152527031376,0.319070532516806
-0.0002767099995172,0.000211541336686,1.0411885614102,0.961702870061437,1069.48181432762,2984.15216719636,4.09842838739094,3.33169915225055,1.08460841242702,14.6196867926522,0.326705120566092,0.135819193741116,0.318546496413186
-0.0002617987469407,0.0002112858023713,1.03883411409334,0.963863957345065,1054.45095462038,2976.35509595071,4.09847533075433,3.32068532222026,1.06844207714294,14.5804006366797,0.322104181944293,0.136295192661034,0.318188130186502
-0.0002758212863421,0.0002128301249902,1.04742910244745,0.958147980212105,1045.12295554153,2972.79281138646,4.10215811352981,3.32998867167367,1.05813117145264,14.5633770344516,0.319256001310047,0.135249206496678,0.313721174672414
-0.000253982778469,0.0001834292016627,1.01516461303908,0.985706878301157,1032.29480856709,3296.16227755946,4.09572806683454,3.31999769475725,1.0442800688128,16.1478359093242,0.31534396763073,0.150358476837335,0.354177558603882
-0.0002759328848111,0.0002192768572374,1.07289455616051,0.93357495420426,1030.21672791074,2986.82317899959,4.10163511832555,3.31605628463957,1.04134957178504,14.6319315225428,0.314735813038648,0.134578313231908,0.308241043876829
-0.0002565496639093,0.0002196030083966,1.06200212691507,0.943386281736502,1018.45102583093,2964.05860464583,4.10190537903044,3.32699435779027,1.02949121699038,14.5204241716287,0.311136300300217,0.134221899400285,0.307466722552092
-0.0002932291717222,0.0002326630959626,1.14711334965162,0.87347231949478,794.017753745489,2578.39406488672,4.11643683115641,3.35091781616211,0.810208968945415,12.6302270037302,0.242555882729343,0.120418513380315,0.263794858544502
-0.0002991189011226,0.0002615367271181,1.22417720311241,0.818490410556392,782.504590104185,2525.89490654053,4.12393197059631,3.33832134519304,0.797527000724769,12.3731278035992,0.239052192451648,0.116374232565831,0.239472381939603
-0.0003120336742465,0.0002687451136176,1.20948881014371,0.827491579033364,763.627743373871,2516.91062758298,4.12281522154808,3.34510876514293,0.777769224305773,12.329299670505,0.233280830648528,0.114229721130548,0.236717120599369
-0.0003109257339214,0.0002767298798437,1.24829983415929,0.802237764549937,756.877884027497,2497.75497222578,4.12432286013728,3.34185950844376,0.7714142344421,12.2356896736246,0.231224787964712,0.114210970583275,0.231711190782992
-0.0002957908147205,0.0002780630277044,1.26296911766303,0.793342569742563,742.643855649079,2478.95812728454,4.12554966885111,3.35055966560657,0.755818330298892,12.1440446958101,0.22686426470681,0.113995730575282,0.229952147577513
-0.0003156767458917,0.0002860181855524,1.26769465060415,0.789717720716044,723.050155504487,2464.52111245643,4.12570959871466,3.33150563790248,0.735136807058807,12.0729613550092,0.220882812820329,0.112504526272812,0.225852897114958
-0.0003147336634825,0.0002953066572254,1.31530839237436,0.76155062412792,704.269310008793,2455.30213645162,4.12738270986648,3.3375256061554,0.715242176994342,12.0270534817094,0.21514844485622,0.11172712038799,0.220383419961179
-0.0002950725318361,0.0003047295649769,1.31796131988053,0.759226192777856,695.535074356085,2436.89628722701,4.12876119613647,3.32763373374939,0.705781677432456,11.9371571316046,0.212483166638132,0.11042685958317,0.215366742723362
-0.0003203354130156,0.0003072988137304,1.37592736208689,0.729133175537027,684.831969876461,2424.00582227205,4.13080439567566,3.34129718939463,0.694224251213553,11.8742766577632,0.209219415659352,0.109630841898836,0.212829143733038
-0.0003125839708327,0.0003154033479438,1.36943806013897,0.730823460126298,679.816680497162,2409.47461958381,4.13005417271664,3.3361080288887,0.688897408490454,11.8027106104645,0.207671657535351,0.109569588263726,0.209418714262102
-0.0003217997875071,0.0003165207854908,1.3846645241702,0.723307484889706,671.910317407615,2404.08424820978,4.13109543449,3.32849317789078,0.680707169283301,11.7765726267448,0.205258313534023,0.10854961324327,0.20848002551743
-0.0003098947581923,0.0003184925557665,1.41309734408079,0.708808184910669,666.36106762971,2391.88328518577,4.1330072252374,3.32279722889264,0.674832503187653,11.716781022109,0.203550672574227,0.108616941926218,0.205801735939754
-0.0003254191171969,0.0003269524825267,1.38105189707293,0.724649523776443,660.613949733568,2388.25621386802,4.13087826304966,3.31635131438573,0.668723748522525,11.699026921588,0.201810307929028,0.107322598357265,0.204841328693687
-0.0003141456833702,0.0003276180452064,1.42295543062892,0.705094062068238,655.269910839328,2371.03806010596,4.13213054339091,3.33773991335993,0.663175188138287,11.6146460455962,0.200177459731188,0.107558476353536,0.202633957730342
-0.0002990861460427,0.0003296441317169,1.42430187504915,0.703026670750591,652.00451568987,2370.91290092576,4.1334277788798,3.3335307577382,0.659599209287875,11.6141566754545,0.199182736004292,0.106417828130273,0.201933177911771
-0.0003322815494562,0.0003304049947599,1.47180928540456,0.682741263619913,635.176612492302,2355.27265953686,4.13431970278422,3.31562956519749,0.641933373418893,11.5374234281852,0.194037742760868,0.105625001591526,0.200828743979639
-0.0003251880323807,0.0003422902975897,1.46111618516903,0.684899155677065,638.020367053658,2346.47594312286,4.13528097377104,3.318590755048,0.64489489993067,11.4944344363566,0.194903491056019,0.105479688561256,0.19588243435788
-0.0003090107840847,0.0003413537234985,1.46256330281648,0.685125522328174,639.3016819396,2338.30410893766,4.13417451521929,3.31895740135856,0.6460522863653,11.4543295385181,0.195301407413393,0.105837206023566,0.196169704118012
-0.0003156514891879,0.0003413695491495,1.43165365846456,0.699012676879953,636.192309862658,2337.45993066566,4.13349718206069,3.31530518117158,0.642710853810113,11.4504487073846,0.19435134521391,0.105847157310239,0.196791342007788
-0.000308866529869,0.000341074798911,1.46418858023482,0.684206713298556,652.1763354125,2342.19467369214,4.13432713115917,3.33124640713567,0.659229279022129,11.473468831021,0.199225099593942,0.1057749187653,0.196076289263418
-0.0003302958262157,0.000330863596962,1.37258734052408,0.729247955782881,669.535398188193,2352.91342217142,4.13308543629116,3.32506074508031,0.67800244256572,11.5262858283075,0.204537763296372,0.105763314849433,0.201328867953153
-0.0003202716287911,0.0003200544489337,1.3423532591572,0.745786419597409,671.94175706993,2350.80403253842,4.13144535767405,3.3273445268472,0.680466041249443,11.5164516774913,0.20526490495909,0.107294601382474,0.205658288128509
-0.0003065764133478,0.0003188765473969,1.35685329926338,0.737237890955093,664.441753307867,2351.64801570415,4.1306687154268,3.31927024324735,0.672528515952905,11.5206194731604,0.202981202495438,0.106732060455257,0.206786001567636
-0.0003227324017509,0.0003218149558058,1.41730884620454,0.710064541798035,661.832617608903,2346.80407523905,4.13302426589163,3.32204727331797,0.670987462136506,11.4964878459705,0.202184040307887,0.106998776740522,0.204271044977717
-0.0003249686239138,0.0003230694096782,1.62591451597058,0.658089407156702,655.817217766584,2351.19469610222,4.13395460028397,3.34011598255323,0.664116845396293,11.5180146328074,0.200341902803331,0.107015073378239,0.2036887069716
-0.0003202872092731,0.0003304110144671,1.40495864073437,0.713631440224003,649.957759398443,2339.21049905573,4.13177919387817,3.33710536749467,0.658629139585982,11.4593172396635,0.198546342432537,0.106713062280158,0.201911510227976
-0.0003215281785825,0.0003315453657735,1.36060276978727,0.735797568890857,642.942053856532,2335.44489031006,4.13344581921895,3.32739683856135,0.65082520236827,11.440937793379,0.196413083214637,0.106075636715254,0.200131694907686
-0.0003210965984814,0.0003318737282431,1.4779637836261,0.681137344905119,629.505057522198,2308.22668175455,4.13472512033251,3.3394759459929,0.636382730698351,11.3078852745939,0.192294545661364,0.104974824887772,0.197892418701423
-0.0003139105169674,0.0003438384206419,1.45901480469205,0.686317844810435,622.895711708814,2313.78917657316,4.13565301895142,3.33004108342257,0.629049825239092,11.3349916343944,0.19028142997719,0.104716095655385,0.19399648313758
-0.0003244123760487,0.000345747924282,1.52500507533294,0.657644147751195,616.708157329442,2311.69506533362,4.13737002541037,3.32383471185511,0.622683467286782,11.3247313779692,0.188387305597491,0.104160230156889,0.192467071395508
-0.000323128304267,0.0003549943800465,1.49436810059768,0.670434620120078,614.911394914641,2299.6148699347,4.13502463698387,3.32115166837519,0.620709219677775,11.2652547582807,0.187852782560494,0.103539393769185,0.190557270717498
-0.0003246089992606,0.0003562167261697,1.48263836362695,0.675829396117024,610.630324159079,2295.77368066915,4.13539963960648,3.31785684282129,0.616517693607865,11.2461994922344,0.186545910473887,0.103360395872976,0.190103252243228
-0.0003272452516981,0.0003570352924375,1.50436060426589,0.666033455389032,606.802237479191,2282.27381380711,4.1363827586174,3.31357431411743,0.612436899857209,11.180124961599,0.185358877345089,0.102805524337108,0.188876722496368
-0.00031922569134,0.0003575920561833,1.46997524561716,0.681208996050822,608.630292665184,2282.35191879878,4.13758885860443,3.31361116062511,0.613983751985157,11.1806681959741,0.185927471636466,0.102752311984979,0.187808653308782
-0.0003308503573002,0.0003575133830602,1.52845215444024,0.655960809320793,606.253293867805,2280.42746383487,4.13680839538574,3.31160625544461,0.611602004784908,11.1711495496353,0.185195694326464,0.102509237781443,0.188463421257603
-0.0003392077523747,0.0003581988773574,1.51481863709472,0.660592237673377,610.818224258925,2273.82072669308,4.13711246848106,3.31277087601748,0.61561095376567,11.1389986624785,0.186592757965142,0.101725349868673,0.188161219044034
-0.0003302805169048,0.0003570726666311,1.48021002079122,0.676348067389054,606.036451414693,2275.05513247708,4.1357746720314,3.30779541622509,0.610664960406267,11.1449995346775,0.185132463363258,0.102403519188232,0.188961910055836
-0.0003244878782587,0.0003582817504554,1.52731075243067,0.655778477751242,597.896102279919,2271.52393970819,4.13697057962418,3.3297016620636,0.602584416678102,11.1278575749346,0.182642709958777,0.10218644469949,0.187570160178447
-0.0003127556067851,0.0003599880256211,1.68426758306727,0.604355509610321,599.849391643016,2258.8523257272,4.1394536793232,3.33062057268052,0.604390086031325,11.0655352554945,0.183245341401784,0.101379138060615,0.185154786434985
-0.000326777610953,0.0003598699662317,1.58201281894918,0.63492612408059,597.474275442597,2260.03997749585,4.13877463340759,3.32763217744373,0.601846654171338,11.0713630851261,0.182516734263607,0.101601195241208,0.185802271747018
-0.0003208855713455,0.0003597658181847,1.70455663374771,0.598655438719095,590.239984854561,2257.82098717921,4.13922053575516,3.32013411748977,0.594452031557081,11.060532848218,0.180311697357905,0.101308173317757,0.185097215586136
-0.0003376468610357,0.0003713258108596,1.5526226373931,0.645405537775038,589.865092858381,2256.08667247833,4.13753407796224,3.3230144182841,0.594689039430299,11.0519369297779,0.18019515743231,0.10060847542918,0.183555980332012
-0.0003251719586186,0.0003710937493255,1.52300420231871,0.657758206841181,603.789075968583,2248.00905301521,4.13729623158773,3.30635075135664,0.60854574022507,11.01268914969,0.184453427817536,0.100836801902717,0.183239131965657
-0.0003283323476494,0.0003575330387366,1.46835809389645,0.681755674699014,607.880390468141,2251.83700839785,4.13684895634651,3.31401658058166,0.613439347625344,11.0316832074564,0.185696909339459,0.101619262223115,0.187294536647623
-0.0003429207763147,0.000357422212565,1.49895679864449,0.66837194934736,595.052419462358,2256.50895483591,4.1358354985714,3.33240437507629,0.600750079391909,11.0543154049426,0.181772343293904,0.101334953094345,0.188780399944604
-0.0003418580300985,0.0003594799247448,1.71317897552827,0.598090485558144,610.911617037462,2251.43092327376,4.1396057009697,3.31922048872167,0.61701187351455,11.0299063108353,0.186629884608757,0.100685361387655,0.185464618158467
-0.000346982452181,0.0003573338062856,1.45719925334123,0.68721444185132,612.568032414245,2256.80595294156,4.13436591625214,3.32609760761261,0.619803123194221,11.0560158048969,0.187147437986672,0.101093403039259,0.190157078747928
-0.0003298926677306,0.0003555892188424,1.44753493245609,0.691962627675047,624.426927915716,2258.72802493637,4.13451790809631,3.33475116166201,0.631342675850953,11.0653276292541,0.190774825758919,0.102488703543529,0.189899140601795
-0.0003124225538206,0.0003459528100626,1.42719639822216,0.70133596366387,618.395914644963,2264.27464267943,4.134842227487,3.32868483933535,0.625112191294418,11.0927722407688,0.188921817140767,0.102358860965447,0.193757733054573
