SCC,SCV,DVV,ICP,CCDT,CVCT,ACCV_C,ACCV_D,ECD,ECV,CCD,CCV,SoH
-0.000366819631945,5.81558541652703e-05,0.125449971998995,7.95712705351363,3726.80464281903,2312.13808213779,3.9632041298671,3.65074838610256,4.15744090891545,11.3278999797509,1.13845094270022,0.113441285163899,1.0
-0.0003806029589576,5.88296426213308e-05,0.143262866115094,8.63507855968126,3694.61735714936,2251.4980328565,3.95876862981298,3.64466610145569,4.11749152860161,11.0307451680476,1.12857017603136,0.10965367027174,1.0
-0.0003841526395339,5.91959344072651e-05,0.144313426342747,9.04248505736988,3693.91479405094,2231.96705166183,3.95679683835657,3.64679262924194,4.11913411427236,10.9354884303647,1.1283073752234,0.10870703440467,1.0
-0.000391208313838,5.92952403439785e-05,0.146871741814112,7.70582736906629,3692.63235833654,2228.21695936796,3.95737436655405,3.64643259620666,4.11771498822496,10.9166798602561,1.12793159556648,0.10843157307263,1.0
-0.0003855687875381,6.43172013740944e-05,0.148809855047731,8.29199744979528,3673.59119289845,2247.56106140728,3.94755038270005,3.65843517934122,4.1074105497489,11.0117069405852,1.12219251260472,0.108914375767978,1.0
-0.0004161705228375,6.46617420907125e-05,0.162234538393254,7.0587826496609,3666.96969485795,2077.69239328903,3.94306862891257,3.66253715369009,4.10645789545032,10.1788501355943,1.12020761901963,0.101627153140146,1.0
-0.0004240867365904,6.5011657121203e-05,0.166136854490167,6.43884217066316,3646.8128155075,2042.67838933264,3.94225045152613,3.65640377613806,4.08302610155409,10.0072176680178,1.11405425870432,0.100066588088047,1.0
-0.0004041458117455,6.47921461008861e-05,0.168545360661742,6.19000009756777,3607.30573382391,2166.88998703808,3.947392292763,3.65028461081083,4.02559158480932,10.6162275037464,1.10186767798329,0.10552377194662,1.0
-0.0003743133402551,6.43252913222933e-05,0.164824593111418,6.82791469827155,3591.10293466292,2159.85866239859,3.94994700449403,3.64576906063518,4.00714801454873,10.5818142996495,1.09689629582999,0.105767830232223,1.0
-0.0004092130748777,6.42431098081155e-05,0.171143750405591,6.53174637062691,3579.9001569188,2151.90319290578,3.95057545326374,3.6513461534642,3.99538949087539,10.5424449436298,1.09347485607599,0.104791863398616,1.0
-0.0004099419900821,6.43076278994371e-05,0.174508828028341,6.60828561163119,3565.18086608702,2144.32743446474,3.9505290685698,3.64627150070569,3.97760402707719,10.5057021199973,1.08899036779679,0.104569182775039,1.0
-0.0003801616446734,6.41161548491274e-05,0.17779933210153,5.63511985923606,3585.03029582344,2104.73681318478,3.95155795823748,3.654416672519,4.01207410142749,10.3117799902095,1.09513925763338,0.103743691756381,1.0
-0.0003918990821917,6.50204833225478e-05,0.18225816610909,5.81568642044119,3589.89226315705,2019.66180574431,3.94582078423918,3.65944309117364,4.02159495850128,9.89469667309994,1.09663270822172,0.0988115022233168,1.0
-0.0004368461765687,6.53682390394912e-05,0.182397968874699,5.66368849080225,3589.19076214562,1983.58768746685,3.94504178226541,3.66096640610304,4.02275538059013,9.7179555121052,1.09643045523599,0.097812123609138,1.0
-0.0004444804011717,6.54776018886788e-05,0.18618247141212,5.83116507317922,3587.6606608073,1969.24219551188,3.94409942298854,3.66164314356007,4.02244819061333,9.64746362347061,1.09600603159344,0.0967214482600442,1.0
-0.000444952916117,6.55971313275608e-05,0.187244576459128,5.95973959069028,3585.81785173007,1959.57099628268,3.94347861491212,3.6621752430181,4.02144720464162,9.60020059816077,1.09542933316706,0.0964063091660037,1.0
-0.0004487046850458,6.56670790935527e-05,0.184982534566481,6.16544941388519,3584.24141675403,1934.77528207339,3.9429008807611,3.66283738808554,4.02100553756199,9.4783702148658,1.09499387980817,0.0954358182692072,1.0
-0.0004511156319915,6.57798630491209e-05,0.192947020286096,5.7782868678761,3582.53922949469,1922.33822629863,3.94243155378814,3.66326200375791,4.02004469502774,9.41736152304353,1.0944738657153,0.0948532756834542,1.0
-0.0004570318610926,6.58967934458544e-05,0.187940343463706,5.82192278988874,3580.05477034801,1911.6202167109,3.94195777560593,3.66313594677409,4.01784887823211,9.36497399015893,1.09372390542884,0.0942074466082084,1.0
-0.0004593501147352,6.6040582129936e-05,0.191893588250403,5.52293605714541,3576.88343840806,1905.24512695067,3.94198079940376,3.66259322987228,4.01457416993826,9.33398564311693,1.0927427631835,0.0940203906131195,1.0
-0.0004628959974719,6.6116942351631e-05,0.19110271836881,5.30802866537979,3574.54051111228,1900.43285513358,3.94196669880403,3.67036838964982,4.0124277084618,9.31048086496813,1.09203796531268,0.093535168651678,1.0
-0.0004569043117168,6.60275375937581e-05,0.194899525506671,5.46084808778256,3571.96253288741,1898.24562386022,3.94075233815452,3.67010616665044,4.0099430876262,9.29944779335538,1.09124578463212,0.0938008164905145,1.0
-0.000464165790331,6.6124815607809e-05,0.194149630893137,5.26662334851889,3569.60521079035,1887.77728671808,3.94079859904979,3.66991351064572,4.00796278805673,9.24843006442958,1.09058275617808,0.0931768728403458,1.0
-0.0004624526288752,6.62365948251466e-05,0.193343833581427,5.24732379810185,3567.62078839919,1880.70009023682,3.94065908682511,3.66989879371706,4.00626000526581,9.21360538688755,1.0899631020331,0.0931099782940124,1.0
-0.0004668310065215,6.63056985596885e-05,0.195162496766416,5.22554958594714,3565.58947133704,1870.51268843195,3.94035471639326,3.6696700084308,4.00423580013063,9.16374907365991,1.08931494989992,0.0925135754245786,1.0
-0.0004679285647322,6.64468105533227e-05,0.196251331101244,5.16042625186865,3562.88635122997,1871.07526518125,3.9404942154335,3.6690585928515,4.00141911208758,9.16655482287543,1.08850882335672,0.0924213594491157,1.0
-0.0004694263738328,6.65337741852624e-05,0.195400485390174,5.39170598227997,3560.23043317493,1870.76296817104,3.94067401600323,3.66834817247942,3.99862094324844,9.16499206342591,1.08772923554473,0.0922263407649993,1.0
-0.0004729683622275,6.66455480950726e-05,0.195887266448314,5.34829061156258,3525.35948050138,1843.57452879445,3.94083067568766,3.65808464884758,3.94933868209605,9.03208424690962,1.07692861587595,0.0919259193139109,1.0
-0.0003926949812728,6.56295254698263e-05,0.198539812572348,6.07944658544403,3500.94953357294,2020.8462157335,3.94742753033368,3.65386558180096,3.91553979449088,9.9009372521541,1.06937932396294,0.0993095199724139,1.0
-0.0003969844713313,6.53975771301173e-05,0.199712424506188,5.28195587298571,3488.9489887277,2028.89263074548,3.95020947298167,3.65707251581095,3.90030641277121,9.94028760463066,1.0657086299758,0.0999315424017557,1.0
-0.0003999713434008,6.53427966059221e-05,0.201932610787008,5.15403941089622,3480.0266712071,2053.23530653858,3.95120864936284,3.6538745872045,3.88944727824887,10.0597625344384,1.06299361556926,0.101359426249984,0.996736937984598
-0.0003903257380336,6.52960899875187e-05,0.199062272489779,5.10498911012468,3470.24506022781,2054.46941855544,3.95135063417791,3.64936236809876,3.87655986350459,10.065283081876,1.05996759286136,0.10116709797561,0.994287240891258
-0.0004002149963969,6.51107359028897e-05,0.20199878592751,5.15774306176412,3503.34569590172,1999.02046823513,3.9536461739313,3.66145516844357,3.92584118967856,9.79345664923783,1.07018341491973,0.0986785618777479,0.992917797937137
-0.000455418789774,6.61439566239444e-05,0.20289975122847,5.01797643108437,3511.03559826443,1931.72643702337,3.94560249683992,3.66644777971155,3.93776676746095,9.46365491136887,1.07259029125015,0.0950548582025977,1.0
-0.0004141054032212,6.64951154880535e-05,0.205137349819084,4.94716179604723,3484.95207275328,1917.07136538567,3.94458126797922,3.66181658688238,3.90222012107489,9.39219681296846,1.0645492057146,0.0943879067686816,1.0
-0.0003842746292418,6.57924172239239e-05,0.204481454633026,4.93465904966001,3459.72988714103,2050.59472013987,3.95043430373999,3.65608511419378,3.86637607721077,10.0467516024969,1.05677442647211,0.100573479311622,0.994059722302047
-0.000389957827171,6.55625733344497e-05,0.219915794517829,4.68296166140351,3451.8073708578,2066.25025663886,3.95369422206512,3.65302173704164,3.85640501156107,10.1231403347595,1.05434177403293,0.101704856300787,0.98867837476455
-0.000393116334731,6.54975369985123e-05,0.20241504846501,5.00457694287545,3447.33873575402,2067.54714564036,3.95293068770625,3.65175017536196,3.85133605026869,10.1296251413465,1.05296947598229,0.10171064914146,0.986695233015658
-0.0003865706881928,6.5770367329618e-05,0.206495554260574,4.9837305578439,3439.55709192337,2072.07800170273,3.953687708159,3.64791472752889,3.84097796214691,10.152018227851,1.05058244296931,0.101714716532944,0.985285743797734
-0.0003983475678809,6.56594381454805e-05,0.207601206356576,5.20658249865094,3472.78210913419,2017.800445973,3.95411704934162,3.65991786374884,3.89014127254578,9.88565993765511,1.06083613092372,0.100065346076713,0.984551787157651
-0.0004082250752415,6.64950078967507e-05,0.212249902629776,5.13264432688318,3480.42502342834,1950.49085194408,3.94746060144334,3.66472641492294,3.90177844703307,9.55568312317486,1.06323463300009,0.0959030145742479,0.993343198854392
-0.0004094076507685,6.68110603331058e-05,0.212597412789346,5.13137224293771,3463.28267132741,1932.4921178607,3.94656819867862,3.65801913455381,3.88047278641229,9.46754240061762,1.0579613891893,0.0949652794792584,0.995292373859178
-0.0003938758307272,6.64099123855608e-05,0.210412787680328,4.88274012449345,3432.08898731379,2074.29683406575,3.95226916326926,3.6470776256333,3.83393903428203,10.1627002760447,1.04832143068827,0.102256959117391,0.988377365516023
-0.0003874083718094,6.59618277175197e-05,0.210484645318522,4.9313659724525,3428.66711071442,2071.2810288812,3.95421629970513,3.65476389177914,3.83046369268736,10.1476132627275,1.04726382128962,0.101877158939421,0.981414577814029
-0.0003936226362585,6.61331676203652e-05,0.209736047685037,4.83702982977456,3425.72957107174,2067.89061416953,3.95420057565263,3.65415961372441,3.82736175753361,10.1312761578639,1.04636774805477,0.101937179016316,0.98065648861052
-0.0003943258215782,6.6215119753237e-05,0.213176288927102,4.83320342284166,3420.30757440778,2072.28126999992,3.9543789578873,3.65245841700455,3.82097041713424,10.1529370929915,1.0446945457715,0.102062083015995,0.979851084124543
-0.0003846687048807,6.61406496203777e-05,0.212936018602366,4.97333900029699,3440.95226651779,2107.01541429991,3.95504616644324,3.6556382016239,3.85050338161356,10.3228029777478,1.05108449627878,0.103276593287172,0.978492887110738
-0.0004102707441071,6.67484699182613e-05,0.216996409468514,4.81622532848105,3454.20564989699,1969.88070671831,3.94962217372197,3.66422506071563,3.87069140271314,9.650846508993,1.0551848387228,0.097143019351461,0.985340739842688
-0.0004091251993196,6.7069278927799e-05,0.216483829683081,4.7270516555442,3458.19174173439,1947.4445619972,3.94778526913036,3.65881484645908,3.87710695354378,9.54097138663871,1.05643168228731,0.0958490063749213,0.988149143381303
-0.0004028428271196,6.76179930335593e-05,0.215278148125878,4.93003744214556,3416.76142110245,2057.4226420871,3.9502557011751,3.65266496559669,3.81830993058239,10.0802035937374,1.04361955562583,0.10148897394664,0.98747006639927
-0.0004003522514916,6.63092055859433e-05,0.212000454112018,4.84466422640851,3413.33929217432,2061.14100050554,3.95405194119709,3.65142849190482,3.8142931461766,10.0979748966069,1.04258726596999,0.101825064714663,0.977262319884728
-0.0003822034629606,6.65337823285125e-05,0.213528532474315,4.88659467128831,3409.4329713108,2065.54724478198,3.95426595036576,3.64987801272294,3.80951451943631,10.1196397601501,1.04138584222997,0.101207783758425,0.976227907975347
-0.0003847005305736,6.66257636646679e-05,0.218147894883394,4.8937831355035,3403.01088577777,2066.48445087299,3.95477530200307,3.64738972022616,3.80147385705611,10.1244728866258,1.03940784019958,0.101432990275274,0.975314558532409
-0.0004097769908458,6.04201890396067e-05,0.175024304722909,6.16369926025813,3562.47754154547,2071.73461658634,3.96541080474853,3.65493974606853,3.98500817273077,10.150256816703,1.08818194667364,0.101753919681047,0.976390822383236
-0.0004090688251752,6.67303061860663e-05,0.190602437061685,5.75511537590643,3550.30593155326,2111.29595737029,3.94621951223534,3.65865124662717,3.97021504563597,10.3437350487043,1.08443963337202,0.103732008313424,1.0
-0.0004353500011215,6.69596356431159e-05,0.193407026022469,5.25251232051658,3562.39071846564,2003.97329243691,3.94411010963972,3.6634019623118,3.99439726755911,9.81789280056418,1.08822932134957,0.0986074641589335,1.0
-0.0004389611219044,6.78297180295315e-05,0.195944625713812,5.47402886660088,3560.97090374048,1973.27191385493,3.94172644725552,3.66456191401836,3.99468631679856,9.66738840756879,1.08784302582071,0.0972732656876048,1.0
-0.0004267159059314,6.89101274600895e-05,0.196653686581543,5.30842438270177,3530.04192219686,2045.01711079614,3.94141301332518,3.65388910969098,3.94836605787747,10.0192229194195,1.07827622072039,0.100523441504246,1.0
-0.0004134342292045,6.72060472824709e-05,0.199883564296576,5.06940651464777,3512.21295506995,2107.99952205419,3.94761537718323,3.65526814019981,3.92626051168431,10.3276325828684,1.07281736142553,0.103546529265393,1.0
-0.0004140530878695,6.72519330229544e-05,0.203741632360499,5.30008525072944,3503.24423367159,2090.98410224752,3.94832745321554,3.65198553309721,3.91532735449602,10.244234799851,1.07007476905718,0.103083925149797,1.0
-0.000401185351755,6.75958357116388e-05,0.207155286310731,4.99330424691868,3475.49179477469,2175.79375102757,3.94831585199639,3.64408873097371,3.87489545501352,10.6599626216658,1.06149613360797,0.106718901012223,0.999704681165103
-0.0004106169848663,6.62916949780772e-05,0.200506826739731,5.33968965050482,3482.13664935183,2127.53119424103,3.95307314854402,3.65198134971877,3.88905670008342,10.4234385407497,1.06359894676467,0.104834679779506,0.993841116497421
-0.0004115233918786,6.73192225582373e-05,0.210157023241169,5.86102803478071,3474.27717909367,2127.28137493448,3.95148695484873,3.6491908804845,3.87962808122878,10.4223355433995,1.0612052678076,0.104414194085445,0.995037868520566
-0.0003747080056686,6.73379536126139e-05,0.209174986161587,4.93832181879476,3447.9922562984,2163.23157853843,3.951866794091,3.64239815769032,3.84182891915235,10.598244195789,1.05311932237783,0.106302714705352,0.992233092266881
-0.0003980901259349,6.66983251140224e-05,0.208486492920259,4.9174333291738,3440.632864655,2208.07438312023,3.95572845063558,3.6405731347891,3.83384823782987,10.8181645202042,1.05084444767126,0.108743302816442,0.985474868521038
-0.0003596494437526,6.66893891370666e-05,0.210812313588136,5.10632746431831,3433.96095859716,2189.60582263488,3.9558547985263,3.64703663875317,3.82659375643201,10.7275991328859,1.04880377237274,0.107538454829187,0.983699820052889
-0.0003737018552655,6.67304496270067e-05,0.211130290999371,5.21230384765147,3429.11767844279,2174.0440577736,3.95664923016618,3.64655098216287,3.82199770964762,10.651723705048,1.04733553167025,0.10756623991266,0.982028969211833
-0.0003588609330602,6.6977510901587e-05,0.213851278465942,4.78160244177914,3414.36748041085,2212.69918637298,3.956088913422,3.63910842763966,3.8019013843476,10.8412445012251,1.04281283907582,0.108479569033042,0.980114250816296
-0.0003602920624092,6.63407447323367e-05,0.217865058448748,5.03416954086082,3421.4480294426,2192.73178771671,3.95794976403561,3.64569689693122,3.81469868886524,10.7431239070518,1.04500373185565,0.107720019798382,0.976827365913773
-0.000404643016632,6.70604125344591e-05,0.213776595645223,4.85723135090123,3418.91716838314,2174.21699615929,3.95586036467085,3.64603183392821,3.81307740214302,10.6521906545171,1.04426083221846,0.106618474654513,0.978665742271141
-0.0003813178020738,6.71787738203883e-05,0.218260796235196,4.77340312426635,3400.77414586357,2160.1384848372,3.95590719755958,3.64450190585592,3.78780733304196,10.5836866639972,1.03866915900712,0.106736666615909,0.977467521807752
-0.0003523035948031,6.69940417475177e-05,0.215241663175289,4.66583894417622,3393.2114969955,2237.16740926303,3.95864134259743,3.64192862510681,3.7787178189299,10.9605887291394,1.03634505570247,0.109413695526154,0.972405462694358
-0.0003973517582278,6.69432571126762e-05,0.215103641043715,4.77977331405163,3390.03996454086,2215.66782376077,3.95882646990294,3.64196663524794,3.77605616187327,10.8553371756949,1.03536129884703,0.108013835842292,0.970879629302745
-0.0003995065933678,6.70531571365983e-05,0.22351870738478,4.9307017176135,3386.6338679351,2202.05860391248,3.95917189239275,3.64156403126924,3.77290690452645,10.7891602836322,1.03433617939811,0.107846723911395,0.969690950277045
-0.0003639485836011,6.7079928780701e-05,0.221813312764987,4.8021092565389,3372.30561022815,2219.35530451738,3.95827748289156,3.64226067275332,3.75332242759154,10.8735366864171,1.02995623881377,0.108763983362909,0.968413077089231
-0.0003691847731568,6.68861075975426e-05,0.227166261950502,4.62794784132784,3384.52659791481,2201.27878917922,3.96124296876328,3.64315755470939,3.77302378918955,10.7846991819057,1.03374377307084,0.108245502158029,0.965301935243133
-0.0003769404229551,6.74575773423645e-05,0.226790868289216,4.52858705411913,3383.19876092649,2175.63896191551,3.95809236847528,3.6436136432316,3.77245507785745,10.6593139312963,1.03334730059894,0.106837595610158,0.968523207076557
-0.0003639118813867,6.76188999127321e-05,0.229273215613077,4.58819067071843,3378.96467080607,2174.70149186667,3.95822220273537,3.64189624786377,3.76729804066673,10.654533585965,1.03205263912057,0.106386712375763,0.967858578658109
-0.0003662151333377,6.75521115143798e-05,0.229957931037071,4.53214868763778,3373.80829586316,2175.70144334843,3.95759530802864,3.64010565384575,3.76110857632284,10.6593409376567,1.0304737923458,0.106671166875985,0.966715289092227
-0.0003677949057864,6.75764012688636e-05,0.224393866785359,4.76051875995145,3370.19908865326,2174.73267324525,3.9582613759966,3.64752053796199,3.75717867422614,10.6546490029286,1.02936769536149,0.106446001643471,0.965286132572815
-0.0003676543761246,6.76876901470933e-05,0.22875379949202,4.51536832803928,3369.82446586806,2167.59259833657,3.95872689242387,3.64848617085239,3.75786552406128,10.6196010245819,1.02925347586529,0.106254078639675,0.96430362683606
-0.0003708395666865,6.7772373398424e-05,0.22587097983919,4.60485521519136,3366.1996266534,2167.01470917405,3.95803424730823,3.64771934141192,3.75411228185494,10.6166365414456,1.0281770827227,0.106196007717347,0.964132991780884
-0.0003677537890872,6.78407225468275e-05,0.227112010619824,4.5090658392759,3359.80848849553,2177.70160132251,3.95757973432541,3.64490764601189,3.74577859618151,10.6692905474274,1.02620382753799,0.106966462518139,0.963012572580248
-0.0003727226712037,6.78661879427148e-05,0.228120710497902,4.43427965587255,3355.57417334936,2181.31079196115,3.95845877408981,3.64334416598604,3.74078584550842,10.686711065571,1.02493199428595,0.107191601339894,0.961382144674415
-0.0003677242865444,6.8004038238059e-05,0.228200702816947,4.53990830693108,3352.49614728126,2185.21694538236,3.95919050335884,3.64245095378474,3.7373374822261,10.7056773996891,1.02398101071903,0.106963041345644,0.960138213648691
-0.0003760678978137,6.78825573898423e-05,0.227575389269694,4.8431814584663,3347.96471802035,2190.16992832487,3.95842550028509,3.6405168478949,3.73168001124592,10.7303833928213,1.02258189285914,0.107666876734877,0.959260024321664
-0.0003640294296109,6.79359417058025e-05,0.230517390074889,4.38589745153411,3345.40237443172,2190.37299605709,3.95894125118926,3.63987072308858,3.72884477990905,10.7313771027715,1.02179694929036,0.106976652905803,0.958099182490254
-0.0004013321326339,6.80835263068531e-05,0.229971093479444,4.50883380494,3342.46501863725,2188.87301420071,3.95935531357425,3.64732909413566,3.72551141675307,10.7234491337655,1.02090359422096,0.106946102110983,0.957300637287504
-0.0003690596268146,6.81987884938337e-05,0.235236637642953,4.4399130368783,3343.12178330193,2190.84212709096,3.95950338469079,3.64011213026549,3.72729450421842,10.7336663532393,1.02113636898916,0.107100167905526,0.956773735624252
-0.0004023225779607,6.84097728640675e-05,0.235266761232618,4.4991337888156,3337.40251767216,2190.91990095744,3.95915194132819,3.64595377972696,3.71982713199737,10.7339855321655,1.01936905292317,0.106820345207976,0.95667276787035
-0.0003616508988263,6.81503742124475e-05,0.232132638047245,4.38883101877852,3333.71501758735,2189.77909772465,3.95898873757834,3.64481771730744,3.71554165571501,10.7284882849383,1.0182355484552,0.106887318542129,0.955183288364623
-0.0003636421588649,6.82634590844982e-05,0.236459559167163,4.44588149032267,3331.71523101878,2195.16986017843,3.95964035963771,3.64431486720532,3.71335407193928,10.7545745070926,1.0176241680167,0.107409253626028,0.954194684114476
-0.000356067462362,6.87864768690896e-05,0.23088883210431,4.5583449005777,3300.57175639248,2265.86974714056,3.95980340091105,3.63517058960029,3.66948982298859,11.1011043166335,1.00804424300437,0.110700238656692,0.952644960545861
-0.0003458990782921,6.78838252762921e-05,0.239860991685401,4.25604787252927,3289.08717181406,2299.29083224304,3.96413610153591,3.62880500725337,3.65358157112423,11.2651095804111,1.00448716123534,0.112510787316107,0.944276545741454
-0.0003517011310277,6.79760988802866e-05,0.235680897130495,4.43975644045712,3285.5566598468,2313.02488664753,3.96582922001475,3.63616389412064,3.64966080406212,11.3323519911398,1.00341858836254,0.112740523737465,0.941776058818764
-0.0003419453469229,6.79158499528598e-05,0.237148337914608,4.34357976904611,3279.94726607658,2315.22817262908,3.96560494763863,3.63425480567657,3.6430664260386,11.3436300202907,1.0017327361227,0.113021137632728,0.940627968659347
-0.0003959830220452,6.83983945858816e-05,0.224576393053747,4.71168222421901,3335.78795665796,2217.34820236861,3.96078382904206,3.643428076685,3.71565479664211,10.8631341108089,1.01881201928193,0.107707141961891,0.956638915112132
-0.0003932444807519,6.85478903843914e-05,0.228277309716997,4.66393904041752,3327.69418043732,2214.817269185,3.95981452561388,3.63898696097652,3.70446183676592,10.8513338316913,1.01636344313805,0.1080843382562,0.954686626534423
-0.0004134567437702,6.8351484941439e-05,0.231626973261216,4.44852799431781,3355.4173910361,2124.32094315272,3.958388080549,3.65110758312961,3.74881081250535,10.4069924268397,1.02492984239616,0.103619090558797,0.954112733291464
-0.0004171907602566,6.92563277149897e-05,0.232296470321937,4.47076786243908,3356.34048753196,2106.02519414346,3.95526044878794,3.65256455697511,3.75107452401078,10.3179964028349,1.02521517128858,0.102607368752976,0.960614639091529
-0.0004062929423999,6.94439462536261e-05,0.228400720370841,4.6045323795332,3323.52355959105,2165.00595599399,3.95375922679901,3.64088374745529,3.70308298130588,10.6068125633853,1.01511217290573,0.104609692437217,0.959520403662752
-0.0003680355670068,6.85962354106766e-05,0.231256902253634,4.49123665531046,2971.49536195658,2224.56737604173,3.96092345024728,3.69055325984955,3.3465170927677,10.8988677540819,0.9075977272256,0.109211897246868,0.95099606358309
-0.0003857025153712,6.74715423460422e-05,0.200293297216879,5.13871368081998,3417.38144611048,2208.97323652039,3.9564618807213,3.64713014610882,3.8128780003767,10.8225780464804,1.04377743743302,0.108468695954003,0.978055619706693
-0.0004143340400017,6.80885722821077e-05,0.209834184386583,4.99970257908975,3440.65225741563,2069.2752886004,3.95247483832165,3.65839440802224,3.85317296012705,10.1378363010475,1.05098404228649,0.1018871509169,0.979427570655946
-0.0004171833511471,6.88827195694546e-05,0.212154102457135,4.81115552427604,3443.98225754325,2043.76105657198,3.94889370370026,3.66048093331166,3.85820610243843,10.0122201756205,1.0520466166914,0.100734278230867,0.984105264439863
-0.0003907519614049,7.03999180527849e-05,0.215830815872987,4.74346530507126,3398.42817946606,2192.4248894502,3.94790661160539,3.64482708599256,3.78625079864082,10.7413194644999,1.03797335381976,0.107503997950453,0.982857398710207
-0.0003943403287489,6.76816726225768e-05,0.206552302183833,5.26742344391232,3396.72454782439,2228.1603163535,3.95811962727273,3.64365587441818,3.78358253793411,10.9165732409621,1.03745160685267,0.109138010954798,0.971808577034679
-0.0003956083959364,6.81528176488514e-05,0.21217972013677,4.77977897910267,3399.42806484378,2179.88005408116,3.95709862213324,3.64714979296145,3.78954065919982,10.6797456324213,1.03827916809035,0.108032587717688,0.970504809128566
-0.0003925941280721,6.85911695956516e-05,0.219482169058246,4.7193295508939,3391.2872999923,2195.86444874437,3.95657449429578,3.64341375102167,3.77890315850491,10.7581149756435,1.03582469611858,0.108032285451753,0.970765553991053
-0.0003847340728851,6.87750698660875e-05,0.214480795389603,4.9938351034581,3385.34982643988,2251.78488723196,3.95788042343671,3.63971008425173,3.76997700306519,11.0323911620574,1.03396325938709,0.110907136989847,0.968215463307849
-0.0004088206257967,6.79910833918133e-05,0.215052684918558,4.8065994956081,3414.3077920972,2108.69615024581,3.95664989654654,3.65455176912505,3.81851241959281,10.3308427572262,1.04293512007538,0.104126377756699,0.968626779042691
-0.0004156083781186,6.97419514516114e-05,0.223473849545554,4.95432278493185,3415.74709667785,2073.41649683825,3.95114037932419,3.65694098020422,3.82226796309892,10.1579441492501,1.04339434654269,0.102222715023302,0.975651161080635
-0.000400268612169,7.00023196367005e-05,0.227773672874569,4.55936868716542,3380.99150546014,2138.74083831449,3.94940636204738,3.64144859521285,3.76841955307066,10.4784149765222,1.03267531161511,0.104566040920614,0.974004792110944
-0.0003915991292324,6.88758130192103e-05,0.220874848930166,4.97475760602864,3367.45939855449,2238.36349215501,3.95801521062851,3.64282584817786,3.74989530085195,10.9664285170155,1.02849806498146,0.110083913765848,0.965292626465903
-0.0003902060466357,6.83948636586626e-05,0.219745779966642,4.9656106326986,3359.10027683061,2230.80135117276,3.9583327638444,3.63925016344639,3.739222460188,10.9291277284292,1.02594894651849,0.109944596344073,0.961874663826953
-0.0003887690970324,6.8560778417876e-05,0.21591456157863,4.78727084844698,3354.30357819787,2233.78595383011,3.95953348054359,3.6382405067745,3.73436861393016,10.9437742216809,1.02451776304862,0.109975224443713,0.959783999433784
-0.0003526239932856,6.8364188596995e-05,0.224171517614266,4.54299926879553,3341.89675198591,2245.83235231906,3.95909666292595,3.63967892131974,3.71746315363573,11.0026284716893,1.02080517234931,0.109742822234953,0.958306558422036
-0.0004029919457326,6.76032878346267e-05,0.221921439687533,4.74074266095579,3376.58905755793,2169.25775215626,3.96225951544603,3.64828299439472,3.77262114339171,10.6270299890776,1.03149787286007,0.106900008254999,0.956755070917087
-0.0004150443452124,6.97262987906604e-05,0.232968874283592,4.50265770690155,3379.57559913016,2094.79135917805,3.95338167058359,3.65222737270853,3.77919363746937,10.2622145284362,1.03243682553407,0.103142494825697,0.965695655882482
-0.0004144843184736,6.97674879155919e-05,0.232830878973439,4.82517280235557,3344.82118733646,2060.52660420319,3.95192629275936,3.6394631716243,3.72844510464299,10.0943301425037,1.02175874613246,0.102194269955912,0.965756210664749
-0.0003477415043488,6.87755427578257e-05,0.224828889117255,4.56702874605853,3322.4599936468,2271.0350740448,3.9600589662639,3.63337253469281,3.69478648842849,11.1260382054846,1.01485743948378,0.110963574778608,0.954182303276293
-0.0003885193221212,6.81435923857788e-05,0.224479530233331,4.50121584478536,3325.66347765576,2251.363592696,3.96166459394961,3.63759446144104,3.70162176832955,11.0298957952373,1.01582571841516,0.110047880141624,0.950241735147789
-0.0003833323744091,6.86966579060221e-05,0.228029476439502,4.58107437346381,3311.45984741452,2286.28504990577,3.96206899100754,3.64054461675031,3.68420876276601,11.2012143925871,1.01140489878298,0.111840392985021,0.952450013980197
-0.0003449599429169,6.86303805248232e-05,0.234215755842514,4.51233585518189,3329.75845362584,2298.44090578216,3.96385785127297,3.64275474885924,3.71016680537506,11.2603459897928,1.01703911830473,0.112441338881466,0.946444791534461
-0.0003731042686386,6.95774800692922e-05,0.239748427256278,4.28155739362249,3345.01167447167,2134.33658452943,3.95781374337086,3.64764976710604,3.73677851772915,10.4561752879563,1.02174676615689,0.104868548220398,0.953759389766117
-0.0003740407047771,6.99437389616175e-05,0.239488130946085,4.28960228769566,3345.91889497352,2108.72839896858,3.95577308654785,3.6494021060174,3.73950574191816,10.3312237071346,1.02206766122538,0.103242278246164,0.95654576716448
-0.0004143108877846,6.99839561625412e-05,0.24054512490862,4.45059453823712,3345.34129899513,2100.47880353918,3.95498145580292,3.65005106674997,3.73962839829012,10.2904590626608,1.02187606293286,0.10297488816215,0.956408694621926
-0.0004131031883134,6.99976139116483e-05,0.242408346311967,4.16779524244777,3344.23258300946,2088.76068207022,3.9546835911274,3.65028111558211,3.73906807597883,10.2329713695544,1.02157368844026,0.102773165680459,0.955967689611446
-0.0004213170583797,7.00159263504098e-05,0.238269892297207,4.66200438900739,3342.99899872835,2080.19860337459,3.95442295908928,3.65053388110378,3.73837158507165,10.1909277260411,1.02121770554543,0.101991812494813,0.955997676096218
-0.0004223971227362,7.00383128650877e-05,0.237717233716041,4.26700310741407,3343.71896104002,2072.32431638282,3.95397454738617,3.65167276691972,3.74020127629631,10.1521180126934,1.0214530146598,0.101520226526516,0.955775501086266
-0.0004174489611342,7.01275842622721e-05,0.242986493869624,4.17655321706794,3343.07864328835,2062.01215924707,3.95336503982544,3.65198801693163,3.73990765389507,10.1019659048798,1.02123669797811,0.101436475660927,0.955667909288564
-0.0004234190669245,7.01724943688664e-05,0.240598981623313,4.44262343611449,3341.54794336594,2052.45052139805,3.95307040333748,3.65198375885947,3.73868411205645,10.0550820765183,1.02078748951575,0.100799429060753,0.955617857347252
-0.0004223042868683,7.02158197534489e-05,0.240152472149138,4.24443218024955,3339.2354737962,2056.98123831453,3.95328571796417,3.65124675056391,3.73605048203257,10.0768323522531,1.02009350024186,0.10082427708205,0.955034664559161
-0.0004193962219888,7.0252918936261e-05,0.238985715279723,4.28133784894735,3337.51689825213,2057.71584386798,3.9534767472744,3.65933729484018,3.73428279557875,10.0812170970494,1.01957023589666,0.101019199657585,0.954342480587109
-0.0004185277178062,7.03010185252192e-05,0.242686950735622,4.34659868773609,3336.09530015464,2056.21631553449,3.95360544204712,3.65897054376855,3.73259358594428,10.0735785160316,1.01911035863679,0.100934233282429,0.953796632296662
-0.0004225855973607,7.0361502762053e-05,0.240771707854996,4.25899459103561,3335.36126645363,2048.38802482659,3.95365481972694,3.65903787275331,3.73206675174149,10.0348085658765,1.01889273972342,0.100689805749942,0.953451614902918
-0.0004255098940045,7.04020784339369e-05,0.241428187195468,4.25974365978619,3334.95534117159,2052.02888550004,3.95349779486656,3.65924990493639,3.7320240100788,10.0530470352533,1.0187922338026,0.100408697703031,0.953597955906746
-0.0004272292772554,7.04486953325517e-05,0.244724284296327,4.17427408477111,3334.83057918149,2050.59169475577,3.95335936546326,3.65964816523864,3.7323362083103,10.0459109209531,1.01875767027042,0.100168709245006,0.953501971401872
-0.0004251973032496,7.05028528996128e-05,0.243327368215622,4.1402894465358,3337.08144293376,2038.56072540028,3.95314163804054,3.66123837496327,3.73599622538044,9.98711830754964,1.01947211338024,0.100137736841994,0.953152636522475
-0.0004323079774057,7.04963030101029e-05,0.244717394396955,4.2195618059252,3339.00446988992,2023.26481243339,3.95149688243866,3.65438790488661,3.73931910750715,9.91211830091078,1.02008190399422,0.0988271859669957,0.954408015397126
-0.0003909012869399,7.17471387991061e-05,0.250630180084518,4.07593759449239,3276.33660436119,2223.0061093549,3.95489008137674,3.64151633107984,3.64768668388929,10.8912085993465,1.00073541902938,0.108437713772103,0.953973070617854
-0.0003927561316531,6.93638693055452e-05,0.241123726683015,4.17658157299722,3280.85262517905,2238.22377700952,3.9623605340256,3.64394608059445,3.65410968455905,10.9656735413664,1.0021467071891,0.109363997410509,0.936919038211164
-0.0003908887777306,7.00119340541332e-05,0.24280156233913,4.21355253517754,3271.30527389137,2240.42687609367,3.9622835953211,3.63976330155725,3.64177120087956,10.9763199913626,0.999217510418602,0.109718374150381,0.938056210078392
-0.0003495412596447,6.98091713093989e-05,0.247815269251293,4.15553696895983,3268.23988160572,2253.39524372452,3.96335365488122,3.63863301706744,3.63804295665462,11.0401668026271,0.998269265961428,0.11004539518936,0.935514500819243
-0.000381091480961,7.02579040032416e-05,0.254279869210659,4.19715067067315,3258.66376704548,2305.17525392119,3.96401242911816,3.63095584216419,3.62237788559443,11.2940268529301,0.995286732246444,0.11270674543261,0.934138981154474
-0.0004063773434123,6.97877835190518e-05,0.242936949527469,4.23089349729179,3296.46668164618,2151.74337631464,3.9620332508972,3.65014934965542,3.68191171971697,10.5417957753168,1.00697186828548,0.10555774673927,0.934004409245517
-0.0004103245488179,7.05453974074308e-05,0.25229190228217,3.97808713649654,3299.46791844489,2115.99471099128,3.95662961565718,3.65295489132404,3.68737563902346,10.3664769759963,1.00792379987126,0.103793497916546,0.943011106070729
-0.0003954645121644,7.0726465617856e-05,0.250495127936074,4.3357055655597,3252.3049225111,2187.28727033257,3.95454651392423,3.6397095116702,3.6174159579415,10.7160812912091,0.993348778064776,0.106257814620613,0.941565579580561
-0.0003810230109997,7.00130274206258e-05,0.250711459608502,4.11982133615471,3244.41379552928,2302.23774550832,3.96640969571019,3.63553727973591,3.60644914279224,11.2796793704241,0.990908571551989,0.112951913052661,0.929617900723472
-0.0003759880153015,6.44777900504012e-05,0.233963929636561,4.3190629906737,3263.10110629687,2330.45631682353,3.97348770216892,3.63228884688369,3.62726115602675,11.417715245765,0.996632907151355,0.113208018105227,0.927567306645086
-0.000395601919252,7.00160340338285e-05,0.249865480823155,4.15571930634478,3295.93528549456,2190.07126067067,3.95853260341956,3.64902482713972,3.6804645519598,10.7294104112157,1.00684539710851,0.107193764025484,0.946184880407859
-0.0004082317956694,7.02041235407689e-05,0.252406102504064,4.11548761985786,3297.20232678454,2141.22900444995,3.95764304545461,3.6514039678233,3.68386238670531,10.4902520258882,1.00721683541003,0.10478030444106,0.943815097571679
-0.0003435510083829,7.07374704188499e-05,0.25278326067587,4.12674753212769,3249.64857966077,2296.31655212859,3.96165691823074,3.63620542396199,3.61167844465491,11.2505004793313,0.992544428404932,0.112253790760135,0.941595606874698
-0.0003806375678845,6.9645187999416e-05,0.244012653936714,4.26474421005206,3254.88318005869,2311.44113734013,3.96613085581994,3.63156692186991,3.62011169209573,11.3246035578082,0.994183116252649,0.112880159917407,0.930408719317697
-0.0003472479350986,6.97425688895511e-05,0.25230783819241,4.28120562934753,3256.66505643625,2268.19208074617,3.96487919489543,3.63303848215052,3.62309225828026,11.1123893353942,0.994730398877979,0.111002574789204,0.932014448865375
-0.0003860134022563,7.00131703795093e-05,0.251792305363106,4.11647533889013,3254.16511698779,2272.09854656583,3.96459925795595,3.63233989638251,3.62022245262654,11.1316729667672,0.993951720625137,0.111405017195106,0.932213954385172
-0.0003451988768151,6.99450129306775e-05,0.25450549799967,4.01290558900712,3259.10254526336,2278.97336894518,3.96424499981066,3.63394853875444,3.62590536102633,11.1652010551819,0.995472710539045,0.111666414328811,0.931495868203751
-0.0004020816590823,7.00910605628435e-05,0.252356788816844,4.03343686295289,3284.6858800028,2169.08747462743,3.96207664799444,3.64467847985881,3.66689985200947,10.6265318646028,1.00339948558872,0.106482958713418,0.934240821788517
-0.0004150319563213,7.06343082746798e-05,0.254740389945884,4.24670891883156,3290.99973565282,2124.99518469833,3.95847147459886,3.64960876958711,3.67706280848375,10.4102942543718,1.00533881947813,0.103757735356979,0.940665909102685
-0.0003998391628378,7.11362153227639e-05,0.25651780794791,3.92103843937914,3251.22795646326,2199.0376106647,3.95585488539476,3.64061165939678,3.6176198354021,10.7731430744413,0.9930787014766,0.106774129894523,0.940521963955849
-0.0003835047169292,7.01563788544058e-05,0.254846821330844,3.99790031358888,3246.8836413945,2293.12915640848,3.96510445135426,3.63825253356587,3.61155593041417,11.2343236526024,0.991749044766624,0.112325766003158,0.930450997725183
-0.0003461632295343,7.04073169895192e-05,0.250218691490083,4.56948920871431,3240.61899627649,2315.28535160536,3.96347198883692,3.63523116111755,3.60320081747117,11.3432433880119,0.989815131116261,0.113278677133842,0.935204895453507
-0.0003613972945586,7.02355330849729e-05,0.250380207869689,4.2314512380609,3246.88417501649,2283.98903457823,3.96558246937098,3.63855275891044,3.61180274110962,11.1901360381916,0.991733230128909,0.112562493985617,0.927879010032815
-0.0003424959077196,7.04873902698301e-05,0.253287023156325,3.97796250924345,3271.7944144365,2311.31764348046,3.9652256441366,3.64701898892721,3.64979873559137,11.3231964343863,0.999453796931859,0.11326288008147,0.929897670731999
-0.0004093325835792,7.07417578945853e-05,0.253078566999384,4.22264397307811,3284.65661367957,2130.04185349506,3.95838113320179,3.64769649931363,3.66967272063862,10.4352350402428,1.00331825632147,0.104239567907223,0.938240311424551
-0.0004138035983336,7.10476083992342e-05,0.252741605552384,3.97079744428105,3287.09546240122,2101.8712854934,3.9563909185176,3.64955673898969,3.67366829296226,10.2975469232082,1.00407156207475,0.102980888484553,0.940584267055848
-0.0003486653098423,7.18783831975715e-05,0.259731794879648,4.04665491795443,3239.6810265648,2256.44304561696,3.96008478612015,3.63581984043121,3.60281817467203,11.0549439204569,0.989474567495199,0.110533653773208,0.939361119078139
-0.0003882559820015,7.01979967501877e-05,0.251290998227592,4.0833681549959,3249.5881321996,2264.95842684858,3.96536125437751,3.64140195413069,3.61675369468883,11.0965220577625,0.992505562713583,0.111125539887159,0.928111773540359
-0.0003909532615591,7.07774757419993e-05,0.252371802158459,4.03235452061033,3263.33995310526,2246.02171958383,3.96332779775063,3.64042980606491,3.63586193860223,11.0037435620976,0.99678455594228,0.110080931450532,0.930299724794016
-0.000413687735266,7.12181344524518e-05,0.252003659743943,4.04086923441009,3287.58161983988,2084.56074438972,3.95515144657968,3.6515022537538,3.67643517933789,10.2122367143999,1.00433679565505,0.102238568117889,0.943760453860415
-0.0004169167849647,7.1203558895495e-05,0.250678236261828,4.05791103570987,3289.26956924633,2069.71719089645,3.95514703770073,3.65247501432896,3.67868264732961,10.1397029938602,1.00483286496357,0.101597092904757,0.940297713434362
-0.0004197674324239,7.13304463810347e-05,0.254807502536796,4.0610863458909,3290.39497739315,2063.24859617389,3.95473654051216,3.65289852235998,3.68001926546863,10.1076667978104,1.00518045438918,0.101298317101341,0.940763981498086
-0.0004180042440483,7.15017287058446e-05,0.258111919507887,3.90407847079046,3291.47358483833,2060.84273701935,3.95550809535883,3.65354606509209,3.68169384952892,10.0961733497807,1.00555208201243,0.101234329723169,0.940910818002848
-0.0004236666755744,7.15009888077084e-05,0.251669746686223,4.0408879895717,3292.70842757571,2058.10879160097,3.9550651717307,3.65434103991304,3.68350529620069,10.0828587921789,1.00593486139945,0.100777783736688,0.941549090575783
-0.0004228093262364,7.15275034296327e-05,0.256482194129415,3.96299109006595,3293.7244565303,2047.53108318837,3.95459347570003,3.65502905419895,3.68498981424539,10.0309144462438,1.00623442731666,0.100599545453612,0.941563397771671
-0.0004207057193539,7.15218169761213e-05,0.253326216256731,4.02030232689398,3297.56937549962,2047.90631176165,3.95406426269996,3.65736772971494,3.69053894861501,10.0325143013233,1.00741239358105,0.100452920381615,0.942062190060757
-0.0004253586600118,7.16002583214726e-05,0.254112421888094,4.20738346734236,3298.53867926094,2029.01652320829,3.95259989215638,3.65760910936764,3.69169235443433,9.94017051678099,1.00773957902913,0.0996334286737845,0.942905481370173
-0.0004254654433344,7.174601069486e-05,0.254347706724779,4.05773225068355,3299.24162603426,2025.78227575915,3.95383456740716,3.65804417431354,3.69265462487675,9.92415363819553,1.00793929816925,0.0995336592555401,0.943180577317113
-0.00042699970658,7.17399232855746e-05,0.248785591969419,4.31807531829292,3299.52316044236,2026.23546365573,3.95363342039513,3.65830290317535,3.69306894863889,9.92620067860983,1.0080013310875,0.0995811105086253,0.9434262698111
-0.0004225118009689,7.17623940667407e-05,0.248080091395878,4.13553952618909,3301.11768796836,2030.1413342146,3.95347071657277,3.6589200922421,3.69507160779838,9.94583630006096,1.00849793085978,0.0995821305986124,0.943475385493194
-0.0004244705055703,7.17571535861311e-05,0.251325034308475,4.15867490531353,3301.57037404756,2022.86067587126,3.9531265087802,3.65923808302198,3.69584601772446,9.90988898054924,1.00865683620377,0.0993567802576729,0.943852848936684
-0.0004255367640428,7.1786895394462e-05,0.252610113167358,4.03379681683782,3301.80498540867,2015.22029341129,3.95292293302941,3.65942598666464,3.69620658593374,9.87232059852995,1.00871994776584,0.0991489653058098,0.943958663131688
-0.0004266244617631,7.17897415602332e-05,0.254737867458313,4.19879460331459,3302.11782693915,2015.51731073717,3.95272424726775,3.65969483554363,3.69665810731152,9.87430470985786,1.00879293734595,0.0992612216602358,0.944087471371002
-0.0004290537377894,7.17713509194058e-05,0.252221066643125,4.0383572011805,3302.21168262238,2007.76746639842,3.95249040680702,3.65986828080245,3.69735353727541,9.83609369425673,1.00894114023895,0.0987477265050564,0.944204889014938
-0.0004203025820553,7.17523916513758e-05,0.252791379609495,4.08270677718137,3302.02423449798,2009.14257158258,3.95221569803026,3.65985816717148,3.69720530091217,9.84220999382557,1.00888886617992,0.0989591675497492,0.944342670128153
-0.0004263214263673,7.1772907267698e-05,0.250845103594601,4.10962466844977,3302.14931406092,2013.83002937335,3.95218217132067,3.65992609517915,3.69729751918581,9.86563140532083,1.00890497538749,0.0988735793205366,0.944510343364764
-0.0004218394104289,7.17878145228014e-05,0.253930684577163,4.01087385957092,3301.99346931843,2006.98652562517,3.9521314820858,3.66002871947629,3.69731041991683,9.83192368330889,1.00886741820677,0.0989580002364113,0.944358419952115
-0.0004189930125156,7.18376153880639e-05,0.251519084538713,4.04737479375983,3269.38795331423,2024.18426107866,3.95211594273346,3.64727567982029,3.6483574554135,9.91673065709128,0.998803851191692,0.0985996334661276,0.943018335723021
-0.0003964335942482,7.13111010762763e-05,0.255351813175363,4.23313009465308,3259.71473183029,2199.27297792753,3.95981816553699,3.64032771565893,3.63341998422775,10.7743266644686,0.995819501827768,0.108093685079852,0.934110444117978
-0.0004033166490292,7.12167549868661e-05,0.256575483620288,4.1728515018824,3257.48037904181,2172.83592165296,3.96033569321113,3.63897720328322,3.63019410831263,10.6451110330518,0.995108068544572,0.106970769019094,0.932945621434433
-0.0003594467395627,7.12717019070834e-05,0.254079052448981,4.00255561550844,3246.91676737694,2206.61652994825,3.96029918144147,3.64085006713867,3.61424248741467,10.8104615414808,0.991773299403493,0.108443951313713,0.932092156724844
-0.0003935473490687,7.10517114341319e-05,0.251012137766138,3.99598810234204,3239.41583453957,2238.08402112743,3.96261937081502,3.63571534807032,3.60283451132607,10.9649846256287,0.989484297026966,0.110056489386162,0.928728154895612
-0.0003923632760166,7.11772080123875e-05,0.258971410501803,3.94736252383269,3269.34366750997,2244.46134772059,3.96561214187382,3.64817698367007,3.6488885066896,10.9958466627534,0.99869499833914,0.111419712633696,0.927860516341972
-0.0004121898423285,7.17319941808487e-05,0.256297834516675,4.00123621240493,3278.89364857704,2101.10659195576,3.95786143205105,3.64646356659276,3.66396074455347,10.2935420726978,1.00165539359894,0.103558707926885,0.935794578606931
-0.0004163912645821,7.19352290843828e-05,0.254322208385316,4.00311750189442,3275.31643402414,2074.04547047312,3.95638429875276,3.65528828818519,3.66121456125427,10.1609210563638,1.00055381659334,0.102223512646093,0.937989892816759
-0.0003893854817233,7.19695443583355e-05,0.257384552886697,4.02590312672375,3237.99439933873,2235.8812931244,3.96059488385452,3.63557553941553,3.60146549400719,10.9543647644053,0.989035011222337,0.110164197069961,0.93467977254252
-0.0003485880100373,6.57264763989059e-05,0.206161675983386,5.03832789674717,3380.24152706476,2442.78858729179,3.96352315411984,3.63927998040852,3.75695395775284,11.9680018457316,1.03238976032051,0.118995702829502,0.998031980919153
-0.0003557742471392,6.82660521674677e-05,0.218812412384231,4.80801801434503,3389.10405680581,2415.88254702566,3.96181289514704,3.64279154279958,3.77652265651043,11.8361607222307,1.03517291310785,0.117329695483869,0.967477088639331
-0.0003836003186257,6.93600933328019e-05,0.224718292681066,4.88752370421236,3398.12170882931,2239.38875333099,3.95658251790717,3.65079432985057,3.79242729299079,10.9709176348468,1.03793776640922,0.109997847220363,0.970551965466505
-0.0003831722090274,6.97483191621643e-05,0.225483752200767,4.49813245557337,3400.45062874936,2213.78028018639,3.9539538680917,3.65305228855299,3.7970272442154,10.8458433247566,1.03871880560153,0.109212713830393,0.971785747907316
-0.0003920802633426,7.00314450929596e-05,0.228335334479074,4.5633709558739,3400.73267331118,2201.01523150737,3.95267962347163,3.65397433198017,3.79819433279077,10.7831602470114,1.0387929206295,0.10817089009835,0.97242906806963
-0.0003931893958283,7.0207747629227e-05,0.230903057068263,4.49801992713036,3399.54549614037,2180.34398528641,3.95193510480446,3.65406865244326,3.79740755445013,10.6815205100095,1.03846600031939,0.107719021287077,0.972188135253681
-0.000389450430818,7.05321850008584e-05,0.231257789984111,4.47943532110329,3399.2335775984,2169.86013404331,3.95262188629564,3.65491186224896,3.79804578904325,10.6302888780709,1.03837562389903,0.107348590162613,0.971828011962393
-0.0003938657004318,7.07138745480667e-05,0.230265337295301,4.72107450329053,3399.70540483705,2163.56372582166,3.95194005261501,3.6561900574228,3.79988288634516,10.5991972937864,1.03854836973841,0.106808364900979,0.971849383426627
-0.0003943686751505,7.09059207210169e-05,0.231849811276949,4.71205821059266,3398.40652983592,2147.15797847131,3.95103731531228,3.65647581556569,3.79897995793551,10.5190332607806,1.03812171400582,0.106261061509797,0.971813719899884
-0.0003939862781884,7.1049584504855e-05,0.234592937229832,4.30450338049219,3396.20387050613,2144.29885674528,3.95095518774587,3.65577760157378,3.796387271179,10.5052966942179,1.03745159649364,0.106042487150327,0.971375349101234
-0.0004035925990419,7.11189788804918e-05,0.231593963541991,4.35719265666561,3393.87618155904,2133.04940410292,3.95063858666443,3.65548761201941,3.79427636178123,10.4499391282777,1.03678467630427,0.105270047008517,0.9709619783638
-0.0003994520618273,7.12402793224197e-05,0.237274867300949,4.46910010998841,3389.73542574645,2135.76790054754,3.95117528215418,3.65373925126117,3.78890160944962,10.4635098685691,1.03549564778575,0.105691094286164,0.970127743200975
-0.0004000074503593,7.10875887056365e-05,0.235187818698075,4.33193048289557,3388.54530002701,2132.6256668994,3.95058552817543,3.65415733586187,3.78830002233957,10.4478727968127,1.03511916968135,0.105669171291361,0.96892338607571
-0.0004048537083518,7.12861870955739e-05,0.234858409716681,4.92309723039687,3386.75192657355,2110.59703453456,3.95033236207633,3.65399263423422,3.78672888082163,10.3398677644431,1.03459277202772,0.104241990607769,0.968867126270653
-0.0004062247808172,7.12424140375355e-05,0.234825736142527,4.62592277857004,3384.79928313527,2119.45890615531,3.95016719209086,3.65383496699126,3.78502619921246,10.3832639249719,1.03401219329071,0.104785275589266,0.968209065958077
-0.0004107978882998,7.13299413529166e-05,0.237470947431708,4.29177577587245,3384.19085558661,2106.67597644127,3.94988508389728,3.65460498229317,3.78527898728469,10.3205583559015,1.03381097671943,0.103903505787202,0.967939845432367
-0.0004027761365508,7.17133366609102e-05,0.238971762327531,4.25413318775485,3380.44172119512,2114.41085045732,3.94937859732529,3.65412636217864,3.78191954400344,10.3585307622028,1.0327102657063,0.104453104345218,0.970141786911356
-0.0004180101311662,7.16024568578283e-05,0.239441669459836,4.37652456312934,3351.73081328848,2066.9728305554,3.94977209355571,3.64125669002533,3.73563581061546,10.1263960523629,1.02378822179759,0.102997463142756,0.965790938296795
-0.0003706054336125,7.10913067648384e-05,0.240133946498171,4.45010029972796,3322.51014420018,2334.02578521351,3.95870882000415,3.62912052711554,3.69024124813674,11.4349778477776,1.01479360554838,0.115268042588002,0.956042513153847
-0.0003765946050238,6.97343694732288e-05,0.240396603236068,4.18479637696051,3326.83919483633,2322.87024935568,3.96160639249361,3.63544553571043,3.70030063983257,11.3805454235776,1.01613570431853,0.115007726036433,0.950881700728163
-0.0003785181558128,7.01126219136715e-05,0.235802788688258,4.28589065270201,3319.80736164938,2316.71167924409,3.96099887697064,3.62936980534444,3.68837180741331,11.3505736354054,1.01398456537056,0.113585857917792,0.951639134876643
-0.0003734979809332,7.05574708653311e-05,0.243431505982992,4.18538900755485,3309.10392224509,2341.18173890194,3.96165869786189,3.63221183632101,3.67378468570751,11.4701100662445,1.01069226860966,0.115271211297562,0.949496357314688
-0.0003757259492426,6.99503033156462e-05,0.244632596998789,4.18675886819357,3334.62342223612,2329.79335805273,3.963457683927,3.6455182649393,3.71733133877988,11.4143638122252,1.01859145597002,0.115973920414747,0.947916011520438
-0.0003988055141081,7.11021956017241e-05,0.244248795240128,4.3982566106932,3342.8909116938,2192.50054377568,3.95582950596858,3.64395337355764,3.73144948358482,10.7414443536153,1.02115771314533,0.108070575275021,0.95491657784803
-0.0003995808317314,7.15555134707887e-05,0.245502192398453,4.28793951938585,3331.39080563589,2172.14205636585,3.95471595998984,3.64764570134931,3.71686434883384,10.6418404383108,1.01761340230554,0.10722024437325,0.956275513952365
-0.0003742837516089,7.10912849270073e-05,0.248167406828583,4.208726221653,3294.57299697824,2341.66616148711,3.95995266743195,3.62620472056525,3.65565883975851,11.4725861789227,1.00625458018087,0.114958590047949,0.950539375768315
-0.0003675603691387,7.0136319519012e-05,0.243207568707527,4.18477538091056,3290.63587047765,2374.15038115764,3.96432635833308,3.62749257683754,3.65374386227543,11.6314395862144,1.00503689913423,0.117032718869677,0.946212634024749
-0.0003318070677924,7.02269440245023e-05,0.245465284084523,4.19868214047046,3286.16727485228,2366.57243564579,3.96445077935649,3.63406666764268,3.64834835548915,11.5943769958514,1.0036789153453,0.116127976311202,0.941919009868374
-0.0003636222088612,7.05698169157862e-05,0.253285888641255,4.05952638166444,3276.60404790827,2407.18053885375,3.96465322499474,3.62677597999573,3.63285624324225,11.7938166310644,1.00075064856663,0.118288775994508,0.939897812600122
-0.0003842789721246,7.01782667022455e-05,0.246816284599128,4.14542623162547,3308.48340046388,2259.82638310292,3.96355948866028,3.64492708870343,3.68660238441084,11.0713789475552,1.01061533427097,0.111724726335804,0.93954471392493
-0.0003924653709865,7.14570532987902e-05,0.250051433713041,4.05599812926865,3312.24983587972,2224.46827932383,3.9584805649154,3.64825586761747,3.69321795953336,10.8983652023078,1.0117710172702,0.109613671640127,0.947076152397911
-0.0003808329307024,7.16761444882158e-05,0.252927292432835,4.04979342228157,3281.01078114338,2285.80829535768,3.95610227707105,3.63420522105586,3.64402643798097,11.1988418404705,1.0020889729019,0.111505203650826,0.946120391321621
-0.0003275214666128,7.12595687562231e-05,0.260887516157817,3.86474078961632,3264.49444183888,2441.96072100423,3.96607660498294,3.62367827398283,3.61979079620609,11.9638984256011,0.997059242300559,0.120553035230675,0.938179752029566
-0.0003651388690743,7.06252466831622e-05,0.253697780107474,4.01646282538652,3259.13554452796,2397.1339919375,3.96763697344595,3.62086787739316,3.61261850420037,11.7441394750917,0.995411159073264,0.118332594243494,0.934907510525906
-0.0003621443056433,7.0526433720436e-05,0.255987328837573,4.04915883271847,3255.66691356723,2416.96157641889,3.96803811600334,3.62867625843395,3.60910465618479,11.8412955720089,0.994331419922364,0.119804345809017,0.932857955056918
-0.0003542614325514,7.06765704881891e-05,0.25751410337927,3.97069923427133,3247.52584888908,2450.64842682035,3.96719806913346,3.62322806878523,3.59670136873206,12.0070110115969,0.991830494405907,0.120783573211019,0.931475530534124
-0.0003482069306943,7.01982085902496e-05,0.256816194745098,3.91756494161191,3279.7011325261,2351.76134666975,3.96858936485491,3.64049980876682,3.64960408928413,11.5217533849477,1.00177972260664,0.116975976676248,0.93168668955889
-0.0003847428987846,7.1545375837813e-05,0.260389711820871,3.86842361956103,3286.93674242729,2264.79512933741,3.96152507029858,3.63779255322048,3.6615966488295,11.0952736798041,1.00401325427581,0.111597300886756,0.939569731858017
-0.0003608047535769,7.16422735101336e-05,0.258784884674445,3.98006023576728,3269.29476294614,2236.80908915418,3.9593271004785,3.6357088625968,3.63599968853066,10.9582495917384,0.998584901830788,0.110379218741121,0.941162253503722
-0.0003292535798074,7.14910291742658e-05,0.261118703031986,3.91393568330673,3234.93267622305,2439.22685138998,3.96510712222049,3.61828172423623,3.58157233904894,11.9502442612605,0.988038821707337,0.119911478880449,0.933478183265446
-0.0003572278785911,7.04449221569388e-05,0.257854271309954,4.00654091349152,3237.41734002472,2442.82025889208,3.96931729418166,3.62246132330461,3.58766809175976,11.9681396733546,0.988773110212705,0.12056462690603,0.926607334356114
-0.0003412298225488,7.07634295550131e-05,0.261885939610595,3.90733289853034,3234.71423258435,2432.99240691605,3.96824264399549,3.62131634842266,3.58431410391683,11.920070245713,0.987943712702517,0.120916541571136,0.926835342492465
-0.0003227284424749,7.097722628041e-05,0.256117827590783,3.99566060021671,3231.15144239995,2442.64853132924,3.96870677775525,3.61944141821428,3.57953971487492,11.9672408426024,0.986844224044636,0.120267270990124,0.926240051866613
-0.0003540667074313,7.1173384224728e-05,0.262025719112131,3.85241294434558,3251.29392505926,2477.00722180784,3.97018442255385,3.63501335057345,3.61208733060454,12.1354700529174,0.993091320955936,0.121673005677538,0.925161835552726
-0.0003831056341339,7.16001464837837e-05,0.263005405182515,3.89093088801304,3263.62382207648,2288.68493939482,3.9626931045692,3.63667726516724,3.63239223680607,11.2127773450383,0.996868089672461,0.112967840284426,0.932548109685826
-0.0003844217110157,7.18425525017638e-05,0.263947284590721,3.97776448755735,3265.64003635792,2264.15459717414,3.96138938143849,3.63880802704407,3.63624479702372,11.0926354125462,0.997505663906059,0.111835303122158,0.934354340322558
-0.000361155652374,7.34217152022758e-05,0.28361382833423,3.68127413166042,3218.10436938947,2408.88350602193,3.96188219973915,3.62262851382614,3.563505291107,11.8018768196607,0.982878531429446,0.118791312704748,0.932663784759409
-0.0003516859933765,7.08494790325226e-05,0.26780213605976,3.83525188277389,3213.10471666662,2488.91290608631,3.9715631059421,3.61968337942701,3.55654543543771,12.1939291701342,0.981387046654382,0.122748815003432,0.921116113805216
-0.0003063011934628,6.5233423011596e-05,0.248482236068832,4.1984200269328,3250.83903850713,2565.56828494671,3.9806339921178,3.62635247057134,3.60272409470247,12.5697012019763,0.99287408220161,0.125018239194041,0.920039202681537
-0.000373806875498,7.08763618629767e-05,0.261504788580845,3.92934673288784,3271.4510310547,2341.73022985016,3.96538414755417,3.6370039544664,3.63915272792443,11.4730113322253,0.999263511263721,0.115387257938909,0.933326646718882
-0.0003787411027603,7.15185804403441e-05,0.263808101315481,4.0385800258167,3273.57947591419,2302.3407381119,3.96184636900822,3.63988143259341,3.64376017370928,11.27912804344,0.999898747033103,0.113525490224515,0.936975195850471
-0.0003479317328449,7.18225014878844e-05,0.262815261973778,3.83488463683832,3273.12388934229,2278.79470462653,3.96175072971403,3.64095484029065,3.64449962810741,11.1639799745366,0.999769989972796,0.112137015465886,0.937388720145077
-0.0003866799773042,7.18627011760789e-05,0.261275820575682,3.91677017080772,3272.71808812577,2262.99837532851,3.96109898720381,3.64161842363375,3.64497547841816,11.0868745511209,0.999685132726191,0.111550730441389,0.937150153978063
-0.0003924854714339,7.18796417850355e-05,0.260589498743288,3.88151912934488,3273.14056792043,2244.20206009747,3.96045564122768,3.64305060403841,3.64677042177837,10.9946385582051,0.999814855890334,0.110448065082963,0.937065752419436
-0.0003864428230911,7.19745233674297e-05,0.262057131001538,3.8490370385322,3272.93788261127,2235.34302372296,3.95962441399925,3.64369085243156,3.64722287242418,10.9509937879034,0.999747809973688,0.110401295635881,0.93694813301757
-0.0003936774411609,7.19549242748589e-05,0.262356569442463,3.84173887273857,3272.65701202034,2218.20315171812,3.9591781796569,3.64451194453884,3.64789237031422,10.8671311818264,0.999683658304841,0.109467593125307,0.936927940511339
-0.0003933032177183,7.20302872452647e-05,0.260354323264425,3.91162484988741,3271.26655983567,2215.56256504364,3.95885104713045,3.64414587751165,3.64642781868733,10.854095914488,0.999275980539351,0.109352598881393,0.936762898622985
-0.000399587010992,7.20376387761716e-05,0.261654635891737,3.90909463307474,3269.96997292212,2207.81290633463,3.9587780725153,3.64401462486198,3.64524542830722,10.8161496903701,0.998887420494086,0.108735413728064,0.936524800042873
-0.0003948810932238,7.20690916010529e-05,0.263831063166007,3.93186432608307,3268.86084977599,2203.89116290333,3.95875710650429,3.64386440397383,3.6441854220658,10.7973209539688,0.998551226500359,0.10876779518243,0.93594495342889
-0.0003600746932122,7.21295409569765e-05,0.257916727440839,3.9165575791988,3267.67343979495,2203.62574232355,3.95879066052214,3.64364709940043,3.6430392145647,10.7958977164562,0.998202624925163,0.108427746075573,0.935906644871395
-0.0003950895213503,7.21528848025202e-05,0.262074070049701,3.86025951188006,3266.93911619959,2204.73516582328,3.95881581924122,3.6436077216724,3.64241394139863,10.8010728585067,0.99798111160855,0.108630756506381,0.935372083149492
-0.0003939037955687,7.21826830907147e-05,0.26639906944801,3.98832425777171,3266.56450354456,2197.92297959916,3.95868999846859,3.64396066279025,3.64242188016748,10.7680598763515,0.997855212858481,0.108493531669857,0.935118557481624
-0.0003967621185676,7.22009713787137e-05,0.263427199382988,4.06193121380592,3266.5337797314,2193.82658147463,3.95835196786594,3.64438214817563,3.64286468318757,10.747874653169,0.997858206872053,0.107963592002855,0.935091794564766
-0.0004018352525967,7.22425349747615e-05,0.261986249192508,4.01426954409502,3265.73700314906,2181.43928415823,3.95805755056865,3.64453382535024,3.64235824050671,10.6871683250757,0.99761237756939,0.107372657834783,0.935112956709028
-0.0003996889310977,7.24377175524897e-05,0.261488320874954,3.84825566349575,3265.29986404383,2183.39265365101,3.95913016304527,3.64473217457264,3.64222059307556,10.696922645878,0.997487872059665,0.107398597101234,0.93509045702681
-0.0004026965106634,7.24949323157533e-05,0.261244348380191,3.94252681330423,3264.2218155202,2183.73637748655,3.95904504392565,3.64439236151205,3.64074300889601,10.6984900180816,0.997083628088084,0.107052030194766,0.93503310765576
-0.0003733263459615,7.40847039273812e-05,0.290534477368522,3.65737032491711,3215.3242184128,2356.96322607883,3.96011141582309,3.62670387915515,3.56504021846769,11.547783194675,0.9819839321243,0.115611434218078,0.932556157615506
-0.0003334841933412,7.16454356787577e-05,0.268237456192778,3.76382495683394,3206.58950084401,2441.7580405272,3.96992171639427,3.62040963741617,3.55150424139968,11.9633731065487,0.97928792230425,0.120993976945641,0.920766201633677
-0.0003330999760046,7.1465869298718e-05,0.263841400865759,3.89348450308754,3204.60514235712,2428.25855216853,3.96936372018629,3.61987497172224,3.54963996892398,11.897133559563,0.978755611404927,0.120577145182038,0.918679222617846
-0.0003308923537843,7.15534921209296e-05,0.270877180495707,3.84846417500871,3197.23000577747,2449.27336163475,3.97016618585074,3.62333841897823,3.53871952576579,12.0000573073012,0.976497742362368,0.120947242361436,0.917764144400976
-0.0003162812508327,7.17826457755444e-05,0.267159142196816,3.76809713188716,3192.85502275865,2492.44432587101,3.97141088795018,3.62030456463496,3.53203770602248,12.211609721974,0.975165425542752,0.122589232199073,0.915354627695275
-0.0003775808738782,7.05238418911399e-05,0.257116623874865,3.98389699731305,3234.07725867431,2327.55897057167,3.96980914967583,3.6348190871152,3.59755350705361,11.4030886031752,0.987838380159352,0.114834988823681,0.916834934534648
-0.0003806599789536,7.25275461104062e-05,0.271623180661936,3.81490651975243,3239.31249348022,2277.59196588153,3.96255954817722,3.63892804926092,3.60610701240875,11.1581543555795,0.989488357962584,0.112363412865954,0.926376127401193
-0.0003922522887609,7.26578074724117e-05,0.267595914023223,3.84273379792893,3210.99670026102,2234.88854789437,3.96209726782993,3.62694744670063,3.56200307352005,10.9497006181899,0.980756005869114,0.10987628377737,0.926583928519606
-0.0003541398936575,7.26778734220332e-05,0.275537405786366,3.7728383829761,3189.12076140032,2485.5068495454,3.9696126432829,3.61906343919259,3.52761964681024,12.1773897179249,0.974017094425515,0.122278868430884,0.918147427390322
-0.0003529547109048,7.18666097171684e-05,0.269515740753324,3.79535161631655,3188.8556351341,2483.74152655236,3.97220281523627,3.62134333230831,3.52971431181943,12.1688515236604,0.973954184502999,0.122349283374242,0.913783472151384
-0.0003211254506096,7.19591282972746e-05,0.271905286449559,3.70855434105883,3188.55795734446,2505.42862870381,3.9713177188583,3.62084568209118,3.52896986163627,12.2750431815292,0.973862339684063,0.123551785035797,0.913490799024044
-0.0003355034799128,7.22080567309852e-05,0.272527370599211,3.70626346900047,3186.10575226985,2479.72599034553,3.97178365604297,3.62009771223421,3.52614746717698,12.1492007433994,0.973107543474361,0.123148832036788,0.913436839807821
-0.0003221707347316,7.23754670706671e-05,0.277258522930484,3.66615634766841,3212.31071819807,2522.83558010269,3.97171802235686,3.63119211765604,3.56739673578865,12.3600855703951,0.981182952537486,0.12508761090039,0.913716418643306
-0.0003798526374891,7.25566804402721e-05,0.27303014969527,3.70362298792092,3219.90445321729,2323.90307590231,3.96472335622666,3.63603235603472,3.57857455615439,11.3852871393386,0.983510295268559,0.113897329808413,0.92132776598172
-0.0003761740814267,7.27192335924181e-05,0.268652854489625,3.91178493605853,3226.34384355933,2299.66976522055,3.96403916424544,3.63312664898959,3.58988047179772,11.2666463414905,0.985542883171334,0.113374437902687,0.922370601612647
-0.0003292562811733,7.36219124585517e-05,0.279551993693613,3.71874452182681,3177.93322776421,2464.44511427562,3.96697918871507,3.61488288420218,3.51424520107816,12.0740825735544,0.970603033731716,0.121589125364314,0.921793476762192
-0.0003246929406699,7.19518913962406e-05,0.270683871153201,3.82812408687819,3172.51144129917,2538.17787534324,3.97410473276357,3.61108157369826,3.50618463788728,12.4352076783893,0.968959072704,0.126114499706297,0.910062331884935
-0.0003236519265102,7.19833709350741e-05,0.276751218774433,3.6372499571661,3171.62075508491,2506.35020666471,3.97233107702328,3.61153425110711,3.50583059441494,12.2795335996849,0.96866293302901,0.123850881393813,0.909125375940273
-0.0003469068372674,7.22212902717578e-05,0.276490715354869,3.67879724686238,3175.07393748796,2537.92774642992,3.9739331169858,3.61472849492673,3.51179973726054,12.4345477297902,0.969735727529571,0.124390376018722,0.908914473550376
-0.0003436998092175,7.25015350164882e-05,0.274339403280397,3.67488424600391,3175.33939072915,2534.25601253932,3.97239387882212,3.61462356867614,3.51179700809897,12.4164032833234,0.969786163148654,0.124761677358599,0.909402619536909
-0.0003646451577159,7.22487793866861e-05,0.276012333538801,3.79288374367538,3208.49902948696,2381.72972378152,3.97032547253434,3.63225997041125,3.565359883989,11.668604531458,0.980039287156032,0.11723644022418,0.911641484637188
-0.0003769410452082,7.31342764635566e-05,0.279999041692342,3.69974252099593,3212.31228221109,2341.27799257578,3.9652236459103,3.63544719591053,3.57173011244048,11.4703553199259,0.981220648200206,0.114478011780192,0.919620188249144
-0.0003657949944579,7.30991553502432e-05,0.274736140693993,3.6869890813477,3181.7461390674,2351.86932210781,3.96398711965439,3.62130585864738,3.52367995098467,11.5222330073806,0.971770637416913,0.114173555150687,0.918363306994997
-0.0003458940146768,7.30377473198878e-05,0.283800252210677,3.69351724967077,3165.91751974763,2541.94332818518,3.97161983792248,3.61835626352613,3.49934855629156,12.4539414388813,0.966877326111565,0.124502747718898,0.910487065479076
-0.0003185866020727,7.24810992066476e-05,0.274490851617716,3.68119187723795,3166.63702202367,2539.45945490885,3.97381103103929,3.61987828985553,3.50172340034967,12.4414682004176,0.967176086674604,0.124871253384915,0.907663484478744
-0.0003211399601057,7.2563057436796e-05,0.277908358767422,3.76510332643058,3163.33993297833,2539.20938932337,3.97387296124234,3.61836079793556,3.49729782095041,12.4406707015255,0.966129346660122,0.125041105052755,0.907394502846847
-0.00034207573068,7.24025213969371e-05,0.275071237680332,3.75124954821672,3156.88663163572,2535.91226736596,3.97312429056063,3.61381740436376,3.48745031040828,12.4240260974893,0.964162605975018,0.125002388590842,0.906328984423114
-0.0003434171903402,7.27511892894484e-05,0.279531242829756,3.65931762476907,3187.18534230033,2569.88166071125,3.97633177238506,3.62832540273666,3.53533896863463,12.5904786374885,0.973495213681814,0.12701660785164,0.905847116561069
-0.0003331007262927,7.30910090003726e-05,0.281528844481766,3.59221634379344,3199.21753737284,2386.3547310126,3.96746722472611,3.62856184889417,3.55423699008046,11.691321851212,0.977207133338887,0.116901172556444,0.914600108860352
-0.0003688218214498,7.33676410515474e-05,0.28054550499428,3.6776253190156,3193.43690176029,2358.51169574656,3.96554992033199,3.63628627856572,3.5486291324086,11.5549551054193,0.97545134258313,0.115579036276814,0.916923624208388
-0.0003444928239563,7.33844264633668e-05,0.28036947015937,3.67879499375065,3150.51148900378,2535.0527325056,3.97097546510074,3.61039813879494,3.47885378506178,12.4203069543836,0.962216584817562,0.124425888875948,0.912375250170276
-0.0003393492076667,7.23119663981408e-05,0.272809439128294,3.71227351709643,3152.18366037437,2581.51797366364,3.97549506445616,3.61230747944841,3.48213338459295,12.6475684927209,0.962742714484997,0.126404013315083,0.903149850019054
-0.0003357442502681,6.68369093629795e-05,0.254772078567944,4.03324427550545,3167.41722417757,2620.11368675622,3.9833236952513,3.61793263604708,3.50029351403246,12.836776135241,0.967360955632852,0.127628831558759,0.903424015002483
-0.0003103952042641,7.27309761874708e-05,0.278802523460042,3.60864683491269,3163.38602145501,2603.44198209847,3.97412675160628,3.61651349067688,3.49553203619797,12.7556747151489,0.966139630791707,0.127950346497423,0.907972491215952
-0.000356923528471,7.16097179387734e-05,0.274638553405617,3.80560207133287,3194.07576258791,2444.4622088617,3.97271485432335,3.63205477043434,3.54485940159355,11.9764273643189,0.975606443669302,0.120033613890183,0.908585372358914
-0.0003639948403034,7.32341434672925e-05,0.278386342546313,3.66289754711191,3198.49833426733,2397.54174538967,3.96674134910748,3.62738706212525,3.55249456229365,11.7459369465796,0.976982226942389,0.117549391555345,0.91556482550944
-0.0003655695441297,7.34343966939937e-05,0.283528284169621,3.60095506478468,3199.15504939349,2378.26104449049,3.96637926127184,3.62836728839699,3.55388972169127,11.6515582523074,0.977160224425055,0.116680786918178,0.916585758188983
-0.0003653350053587,7.33986443191079e-05,0.278265263175948,3.62618020829318,3199.32707737014,2367.6208923224,3.9658745508143,3.6288009652304,3.55458821825412,11.5992711158959,0.977250412502072,0.116135450149722,0.916600984317768
-0.0003696972646883,7.33934883359248e-05,0.282532916501614,3.64844510093648,3199.65570972307,2356.9807146307,3.9654304560493,3.62969950579722,3.55570024590687,11.5474752153523,0.977339647293914,0.115513945578416,0.916697946200321
-0.0003752190696171,7.32575101589261e-05,0.272656871299251,3.819094489451,3205.7345400336,2330.34085742466,3.96561114077872,3.63491548966924,3.56581411024208,11.4166871789503,0.979222242358911,0.113916510107479,0.917097535760503
-0.0003751479620249,7.35018279707887e-05,0.279559735928669,3.67576349085566,3207.04709976635,2307.81010960357,3.96373482080216,3.63617493034503,3.56819832296823,11.3063644194202,0.979641615881785,0.113267874025037,0.918309184207745
-0.0003848652363293,7.3545443371501e-05,0.279999496684864,3.65215637242983,3208.11050116984,2297.31063755861,3.96291677748903,3.63716109958264,3.57011085931172,11.254661601611,0.979987389978002,0.112181409924571,0.919182014496951
-0.0003768971808473,7.37138709483904e-05,0.278313532618233,3.6928189842803,3208.68861081195,2292.92018204759,3.96357834402215,3.6379126058806,3.57131911808171,11.2333256581211,0.980159449667455,0.11237655012786,0.919005246750173
-0.0003871740725553,7.36818463077944e-05,0.27576547475591,3.70122620278364,3209.20459729401,2287.12394425451,3.96325285724862,3.63839083855305,3.57214035333915,11.2048412747567,0.980297353397392,0.111126853044201,0.919557664703352
-0.0003799646310441,7.37085100315614e-05,0.278405094541956,3.62090498590935,3209.51717654767,2277.03030825788,3.96289911598125,3.63887649719868,3.57301765577086,11.1555130231635,0.980430086922772,0.111637747967633,0.919289552454175
-0.0003858016960486,7.36917128830952e-05,0.274273025760634,3.67583836760608,3209.65806376198,2268.40569174982,3.9625282224524,3.63927898713208,3.57350115327567,11.1131522665863,0.980464994152729,0.110945518229808,0.919517287720289
-0.0003805065823135,7.36876019050566e-05,0.272769196631453,3.78985192046605,3210.31445071023,2268.48384628497,3.96226527072765,3.63994583952317,3.57466842683291,11.1137501596616,0.980658562314624,0.111202949171058,0.919486416635879
-0.0003821044319183,7.36987271683856e-05,0.275587881940709,3.73617066709133,3210.70296722793,2255.96882887077,3.96176762934084,3.64053545523127,3.57596813293904,11.0520185563645,0.980883075447568,0.110707175390185,0.919432331094562
-0.0003931918663263,7.35839742597387e-05,0.274989401675969,3.65904338971602,3212.23725622319,2237.3131609812,3.9611551963463,3.64191519885982,3.57875786720699,10.9602632917414,0.981393940409925,0.109223099987981,0.920174199366494
-0.0003843971380112,7.37334584124903e-05,0.27400337816121,3.68634233109226,3211.2372913631,2243.29752204032,3.96072606939487,3.64128398895264,3.57717433087162,10.9898395373929,0.98105277264713,0.110020947582862,0.920045750044048
-0.0003844765794003,7.36775369162793e-05,0.274951803015064,3.86662076521603,3211.29999006252,2236.73527992884,3.96075689729559,3.64142953802686,3.57733016262287,10.9575719501983,0.981060940470145,0.109685766828781,0.919733112610332
-0.0003942673803228,7.37087862026113e-05,0.276897403157972,3.74862638801566,3171.96583235369,2214.0766169588,3.96056332663884,3.62030306127336,3.51521844950528,10.8471335483256,0.968916799737154,0.10740887599595,0.918029365344036
-0.0003290625101083,7.31958754784653e-05,0.278935301110796,3.65316370160001,3155.48081116361,2483.53848231863,3.97017258894248,3.61736224967743,3.49015271431003,12.1674050714741,0.963853875480187,0.122326309919227,0.907936102903833
-0.0003511890768681,7.2751569377978e-05,0.280935469702798,3.58571253933817,3156.57443812347,2488.64772235686,3.97194217980563,3.61865431348854,3.49220856921085,12.1920884424018,0.964155816596156,0.122506595993294,0.904426779654658
-0.0003522539076842,7.32259773291428e-05,0.279907924259047,3.66450236129967,3155.65275363211,2493.63209267132,3.97286625768317,3.61863313211459,3.49154382864899,12.2172368255032,0.963909711853449,0.122389866168918,0.904930617235883
-0.0003469813829658,7.31004303117678e-05,0.282302163755797,3.58272912140571,3149.40247941564,2495.58514681825,3.97202044790918,3.61402165778329,3.48188540072821,12.226826876678,0.96199853690986,0.123111893132008,0.904037633739524
-0.000310340298273,7.32468788402713e-05,0.282917955757877,3.5807147726446,3175.57729285449,2562.95999027888,3.97363919184353,3.6259765625,3.52384598621096,12.5567473421891,0.970068052617935,0.126237755045371,0.903916446904396
-0.0003667984787135,7.37991348294422e-05,0.28470780851865,3.63468246512887,3187.07897586253,2362.57469517639,3.96704336135618,3.63482631577386,3.54201569047669,11.5744412777132,0.973578945114704,0.115895324933367,0.911311057267414
-0.0003473336517664,7.52101370168494e-05,0.282728172249345,3.61179204163476,3154.68436033808,2483.44520215579,3.963691624262,3.61955754556388,3.49151852951427,12.1670007177062,0.963582990291182,0.120885171202351,0.915943738252745
-0.0003449523096461,7.36049675191905e-05,0.28499537180592,3.55045142862039,3147.76210313314,2546.24043376459,3.97354146281441,3.61437568263473,3.48082209439649,12.4746564196799,0.961479077052383,0.124592428807241,0.904157349724945
-0.000345299041949,7.33032909217379e-05,0.275986868337255,3.75756923620369,3151.27786332439,2508.35115133948,3.97337424886096,3.61744243407918,3.48636336067274,12.2892983566533,0.962471673883163,0.123081423775755,0.902754736108165
-0.0003445411656995,7.35867325582081e-05,0.283750106855878,3.69651372083171,3142.99676394672,2538.89759432938,3.97204001568958,3.61064323755068,3.47302161169728,12.4393260938884,0.959940556799906,0.124870581617047,0.902988396763757
-0.0003405855142656,7.33396620223e-05,0.276436857230567,3.63586443989401,3134.74670702644,2560.56850902172,3.97378408052645,3.61341143779035,3.4606124321341,12.5459616381702,0.957410162472711,0.125242705441823,0.900153046928745
-0.0003577874278813,7.22218410652098e-05,0.274533325933974,3.77893698192636,3176.15632712108,2456.52587675903,3.97564064277397,3.62880806348942,3.52680662217294,12.0351705015521,0.970169652952872,0.120399276583546,0.900472822651183
-0.0003654280694177,7.43703687677327e-05,0.285822625930308,3.50550016825906,3184.75139659387,2367.29396206659,3.96647501760913,3.63532996398431,3.54038097368229,11.5983071926881,0.97281919643814,0.115831931133186,0.91059607776662
-0.0003711978579594,7.44931138565614e-05,0.287154950702803,3.52818050139924,3164.18739668868,2331.18601422541,3.96508243122203,3.62905282394908,3.50882286465564,11.4211298479957,0.966509175208155,0.113986791165097,0.91258665193075
-0.0003415354394983,7.37907918174007e-05,0.279110601375944,3.65018467150829,3137.99684909533,2518.89758904732,3.97048164461995,3.61670260609321,3.46660166627101,12.3409782713528,0.958429956921848,0.123479297102224,0.903770910499206
-0.0003405741420489,7.32074772821841e-05,0.275960027007042,3.7029876768298,3141.62210724421,2526.74147046841,3.97380912896678,3.61146477004078,3.47275642649778,12.3796842395914,0.959531816034593,0.124272601029619,0.899395788440943
-0.0003129799551655,7.32819138775577e-05,0.274428452943923,3.68475316798924,3145.07536990731,2526.64783369168,3.97265088097167,3.61521082949415,3.47923537441349,12.3788419056901,0.960601704335559,0.12321576312196,0.900798622477638
-0.0003402879946894,7.38600661452448e-05,0.283786616572416,3.57998611920015,3142.1845648918,2545.33461630862,3.97211155575283,3.61266453689504,3.47433569333395,12.4701851882489,0.959691645395906,0.124708129210308,0.901270894561134
-0.0003457047663685,7.3934635530606e-05,0.280935505204605,3.66060650798948,3158.95171241259,2546.91264960321,3.97244695536998,3.62481958621016,3.49987830668604,12.4779997465523,0.964794621737309,0.124152885855071,0.900981668858742
-0.0003700854769164,7.42944870273922e-05,0.283995479635405,3.60301031784066,3180.0170970076,2386.90311583638,3.96736810916179,3.63400789322676,3.53479331312213,11.6942105296033,0.971277651293231,0.11578370852941,0.908382985297748
-0.0003676689271796,7.46108809006532e-05,0.287302804283017,3.61897754055354,3184.50272977457,2347.42024160019,3.96425822986069,3.63731155792872,3.54190235025974,11.500554620849,0.972688266459708,0.114550217384657,0.911905318101244
-0.0003526463751279,7.58383257644065e-05,0.286348822619819,3.54336958175465,3148.63797407801,2455.55532731104,3.96333672291524,3.61889941224428,3.48537179306373,12.0307710345395,0.961593943716868,0.119452878855346,0.910912053114954
-0.0003448629463864,7.39109305942074e-05,0.282530709414937,3.61108383852005,3140.30955248384,2543.38157890359,3.97220009993453,3.61240884522411,3.47228684519067,12.4610986124925,0.959033075251547,0.124472715731028,0.902323966267687
-0.000337996136818,7.38171404413741e-05,0.284512008995409,3.58672296656766,3141.6374251963,2538.42872449139,3.97295318650936,3.61343160299497,3.47439779726451,12.4367074503291,0.959456671926004,0.124724743363675,0.900320524425222
-0.0003394851105018,7.40564233232882e-05,0.280412994897445,3.61471438328445,3138.62183781958,2548.44385304837,3.97239150658497,3.62018467345328,3.47041953307676,12.4860020850172,0.958597438106617,0.124486625965067,0.900343928920595
-0.0003419874605392,7.4293796804668e-05,0.287758061384846,3.51854481451709,3133.63717881066,2565.30263657425,3.97351934633202,3.61660486572194,3.46282376386658,12.5688173501257,0.957092292432636,0.125077181832087,0.899475970880623
-0.0003475675327624,7.35789929277766e-05,0.292900797725273,3.48818086306625,3152.93685075152,2495.38604114554,3.97446203231811,3.62685904770254,3.49728900917792,12.2250603723407,0.963078550119457,0.122767730829338,0.899922752933586
-0.0003318650155142,7.48785202454348e-05,0.288350872624886,3.51232784058067,3128.9340081173,2599.06740511174,3.97296749821025,3.61380698770847,3.45613415334105,12.7335948823894,0.955648969458229,0.12723913454453,0.90160674018472
-0.0003119665926423,7.43453587724486e-05,0.294692983891651,3.54530542396295,3125.35526520375,2624.26997915085,3.97470975321764,3.61149629556908,3.45072508197649,12.8569778293259,0.954503191474415,0.128496173798103,0.896967661917511
-0.0003234458668692,6.75234386335423e-05,0.262561720203985,3.83596339265313,3147.13670179563,2684.08157851491,3.98581021591272,3.61174769045036,3.47735281227505,13.150264729421,0.961174089602511,0.130276270568687,0.896165991198899
-0.0003316682727636,7.38968988017453e-05,0.287699330751156,3.51742234458987,3143.51169506346,2603.52066824355,3.97425811725427,3.61001233519795,3.47281248202748,12.7558357752495,0.960087822270467,0.127695921190977,0.902596064632342
-0.0003306966272886,7.41588900593441e-05,0.285335740271369,3.54758672533085,3136.55844591714,2626.44167428823,3.97395744721095,3.61415366856557,3.46282052363324,12.8677678421492,0.957946882996287,0.128533058715011,0.900551610541211
-0.0003252097018487,7.2915864268115e-05,0.271642881626655,3.74669212245521,3164.96721082043,2490.93026840896,3.97514252348261,3.62904373953276,3.50947256564373,12.2033618286125,0.966732335665863,0.122635155890079,0.901154903599611
-0.0003538264621456,7.4668458709808e-05,0.291189737859842,3.47187450619891,3170.04582810235,2442.69759397846,3.96811343405558,3.62477590640386,3.51789036852364,11.9672243258056,0.968282780329993,0.119591523154084,0.907599060178473
-0.0003558477694606,7.48168122948578e-05,0.291692401056781,3.50453659822765,3172.2810915416,2417.44578341173,3.96758163039749,3.6270512982651,3.52203029841533,11.8436068192423,0.96900182965988,0.118407292100574,0.908571418957011
-0.0003611413380983,7.48307882112034e-05,0.290042662689856,3.59562293318352,3173.57808006108,2402.57379705574,3.96653943190703,3.62841833520819,3.52440962092868,11.7705692938294,0.969397171758259,0.117440736635314,0.909267490795186
-0.0003623413737267,7.48689776769908e-05,0.291830441891172,3.49853719379033,3174.15628695057,2392.74602702388,3.96585164199004,3.62917979999825,3.5256518987047,11.722622878,0.969583673051696,0.11689478957699,0.9095371635458
-0.0003639645159466,7.48132933550962e-05,0.290589875978085,3.45900282066515,3175.43809991787,2389.05900916092,3.96542635737239,3.63038944535785,3.52790808490714,11.7047391857688,0.969987270713995,0.116396487805545,0.90978185106881
-0.0003593899969369,7.48244506655671e-05,0.28377286749891,3.564068676196,3001.80001880265,2375.74662204609,3.964748189256,3.67011848534688,3.3621175946417,11.6392438140704,0.91694570276774,0.116289266790212,0.909826564842583
-0.000356749035484,6.72124789227762e-05,0.274815209309225,3.79330357393566,3180.82229193294,2388.06601368994,3.98949082738402,3.62840784479071,3.53028137693035,11.6999955277628,0.971584798694986,0.117104251635335,0.859315329106238
-0.0003655801183591,7.23662603199705e-05,0.272327241130363,3.70377362304554,3195.66689879044,2330.30092187383,3.96711734546128,3.63701626768819,3.55129334917419,11.416686536303,0.976154163308345,0.115151153716937,0.912709865221563
-0.0003723605843468,7.34304288756405e-05,0.28087858775351,3.62060907490117,3205.10609236479,2274.81913222621,3.96462432881619,3.63561353333499,3.56612250090066,11.1447244147461,0.97905134118602,0.112676233673645,0.91645038180477
-0.0003738322187082,7.36869458434016e-05,0.281033310465573,3.61983207029904,3208.18450418428,2277.55391098974,3.9629649938421,3.63665167782285,3.56965334785835,11.1583183863385,0.979995299560515,0.112620997083169,0.918333039588874
-0.0003663876938911,7.47413623317841e-05,0.276127167332591,3.79501761504016,3178.55577945911,2377.78438635632,3.96261692684602,3.62208380743309,3.52210202886735,11.6492049228503,0.970868472026633,0.117186480783828,0.91780151325035
-0.0003646428588529,7.28527312020848e-05,0.270229718198232,3.79562722889932,3178.39958715408,2414.97103643596,3.96998541290696,3.62149322253686,3.52139257743696,11.8314644637576,0.970823303671051,0.119165548887547,0.911126829641454
-0.0003531643706126,7.29261669960897e-05,0.263325328187113,4.07839849224068,3187.9002346569,2394.95595269268,3.96837180756234,3.62920378534882,3.53680933500061,11.7336019132549,0.973722603335103,0.118884375427894,0.910928312816915
-0.0003623887465483,7.3285360595388e-05,0.269853994233,3.82164599470898,3194.47929706381,2345.69178595841,3.96561684787914,3.6348667829125,3.54815324976504,11.4918684145615,0.975786167159734,0.116117709960567,0.913701565461805
-0.0003677739315603,7.37791548404577e-05,0.274889908017599,3.77171680672798,3193.8389174979,2316.81743487087,3.96428945740276,3.63435714333146,3.54710070394637,11.3503395822011,0.975590695406185,0.114808479862633,0.915159109463135
-0.0003788451662961,7.34329447499262e-05,0.26920599044166,3.82169415285522,3208.20162852931,2277.50758192527,3.96537262708583,3.63732447317981,3.5704520399283,11.157927961548,0.980037275366994,0.112789844522293,0.915523310361349
-0.0003855973291227,7.442047689655e-05,0.274193192778701,3.68778268583046,3210.90515230558,2257.75853373768,3.96171107998601,3.63959532921467,3.57487113138712,11.0610651153568,0.980849542741833,0.111278822988773,0.919328165865399
-0.0003748124416674,7.44907960737943e-05,0.274742481795783,3.71468309613831,3195.04394903703,2246.52480787967,3.96073035209898,3.63696979593348,3.55080351227955,11.0056375324444,0.975987299258081,0.111345661589722,0.919589961142639
-0.000362513967077,7.37499034531678e-05,0.270716551964787,3.72283845854959,3183.19720094121,2367.75353873245,3.96564209717576,3.62746201179646,3.53135353412321,11.6003084054485,0.97233401659975,0.117293606139328,0.913700204264442
-0.0003633724534116,7.36413202560351e-05,0.27271390165941,3.82486327061443,3182.63468710511,2381.44078865397,3.96647556150282,3.6268429491255,3.53018379366792,11.6675922010155,0.972137348122327,0.117859239480725,0.911792116952919
-0.0003617131230311,7.37502060798681e-05,0.27068475306418,3.74590680519918,3191.10452668276,2324.53605663331,3.96500934452139,3.63445606938115,3.544901119047,11.3882903044509,0.974760691346842,0.115240629540466,0.912272729102727
-0.000371141591681,7.41580834010698e-05,0.272187297310589,3.70138659747526,3190.7479453609,2329.36436821686,3.96429292913427,3.6342297328843,3.5444703041768,11.4120253148244,0.974677367049697,0.114613639185121,0.914341737339713
-0.0003616406885708,7.42540272690539e-05,0.27690150464981,3.68821412374277,3195.51199474611,2344.08195481222,3.9641433454329,3.62836877796628,3.55126600930006,11.4840902812068,0.976146079179346,0.1161354434697,0.913654908051226
-0.0003684986644042,7.47758045676345e-05,0.279654495127231,3.62941713036847,3203.04657771432,2285.29240520188,3.96270839711453,3.63587492321609,3.56484047699436,11.196120846842,0.978464779971766,0.112936754451783,0.916039237652877
-0.0003710514451979,7.48865516524869e-05,0.281722723897927,3.58485420085504,3204.15657432666,2268.57179076582,3.9609543503599,3.63702891944745,3.56691302713748,11.1141870182997,0.978812729127598,0.112090958905026,0.917360322459279
-0.000358126889074,7.5748958851353e-05,0.281578654991376,3.62088924466624,3177.38573776002,2360.6922773878,3.96043017586285,3.62469496329625,3.52382542701365,11.5655925175351,0.97055053961408,0.116441615607654,0.916256931259571
-0.0003556873712285,7.40312573609332e-05,0.277251354991173,3.64117511657788,3176.74498793989,2393.22243212868,3.96711347425306,3.62504571676254,3.52367312052696,11.7248291441361,0.970360843502044,0.118414450345426,0.910212164532218
-0.0003552590839489,7.39982353600253e-05,0.274910377103933,3.68047268553566,3175.19831307148,2374.25417567734,3.96647206512657,3.62444913608056,3.52171770183153,11.6320155809104,0.969855028570692,0.117663701050298,0.909886600648472
-0.0003542151871016,7.42205530252429e-05,0.280271229032543,3.75408619488594,3172.07313905633,2390.0820559315,3.96674419738151,3.62232363444787,3.51717302283912,11.7101610534192,0.968917052371495,0.118126865931921,0.909550552672393
-0.0003592701982662,7.42600873366972e-05,0.274368759884221,3.80029633683221,3165.44754308945,2404.34727032128,3.96733748848374,3.62605112958177,3.50704197000477,11.7795033161378,0.966904593767696,0.118413500658145,0.908523905918457
-0.0003565219600078,7.36846381992821e-05,0.274945603224668,3.71663427886024,3186.6239630566,2364.66263467533,3.96914448738098,3.63519055975808,3.54194486842602,11.5850267455246,0.973420369840653,0.11710805143523,0.907735841215939
-0.0003620528910276,7.49623255517161e-05,0.2844502026801,3.60366815255384,3191.40648871649,2310.97726768511,3.96331553790659,3.63877752312907,3.54953625132333,11.3215206423634,0.974889561995652,0.113827299306145,0.913161234120369
-0.0003679229712166,7.50283499751644e-05,0.283367486798889,3.56400548946142,3177.42002612905,2291.71213114541,3.96197111593848,3.63003419284467,3.52928137457806,11.2274839981825,0.97061191963065,0.113083047830278,0.914196615705843
-0.0003536840615621,7.44307307329791e-05,0.274642604341258,3.68750306000502,3163.27587509708,2413.09709044342,3.9672902429426,3.62559270635944,3.50465506980856,11.8228930099971,0.966221018479087,0.118639213112644,0.908784422018222
-0.0003501993560691,7.41439396562395e-05,0.277247792690046,3.69071874024327,3166.22954720206,2409.44116293092,3.96783364726149,3.62887429299756,3.51036501055156,11.8046192249894,0.967119362017305,0.119023634579101,0.906433516335159
-0.0003628845918581,7.43359742998059e-05,0.27939219488287,3.95480599909467,3169.05785872275,2386.14485180937,3.96735935468931,3.62279879826086,3.51525390766056,11.6904762331884,0.96799926763937,0.117150040294199,0.907528259534313
-0.000358151045081,7.45014372315707e-05,0.278747639216042,3.608440654171,3174.3087139703,2368.4896555132,3.96658493634817,3.62798513968786,3.52459775841697,11.6037962151237,0.969623746660573,0.116830946876888,0.908160486200633
-0.0003532875147285,7.49819079665719e-05,0.285540171688589,3.64685857846829,3176.99668722,2392.3167539165,3.96580000052581,3.62914831770791,3.52792543805473,11.7205382095283,0.970449805586197,0.117563087049384,0.908959687378729
-0.000364241245006,7.51614478688679e-05,0.288301207280682,3.55217622226011,3188.18770652584,2303.74298885214,3.96383929252624,3.63945504691866,3.54749752931583,11.2863183501036,0.973911623319429,0.113234614022553,0.911198595608575
-0.0003692464681468,7.5318561590253e-05,0.287851631986209,3.51265309282409,3190.17285069608,2285.11899225647,3.96128894811008,3.64099446270201,3.55082500484472,11.1949328703471,0.974554840814948,0.112238483076373,0.913446547263286
-0.0003703903939231,7.54696552952598e-05,0.286830226678231,3.53474433882839,3191.00162873865,2266.91641903325,3.96174396986657,3.64189682183442,3.55247179140272,11.1058439469611,0.974822433635818,0.111521971903368,0.913796516988813
-0.0003709102051579,7.54872101287066e-05,0.289390409604844,3.61418258503893,3191.50181114091,2264.07273700048,3.96118683891093,3.64231652683682,3.55330470469748,11.0921161205909,0.974975232238959,0.111047062120397,0.914097908527383
-0.0003708632218786,7.54538789111575e-05,0.289380356018914,3.62103984556203,3191.4246158296,2259.90103954688,3.96103098164213,3.64243944044466,3.55340844604743,11.0715339282515,0.974965202338361,0.110855317440124,0.914088684557234
-0.0003728079145337,7.54039609381107e-05,0.284083471269841,3.64569533441923,3194.81560261926,2253.99554646754,3.96075199259088,3.6365135547218,3.55909480190845,11.0424608358729,0.976027349963708,0.110590911719001,0.914388391688362
-0.0003713979145641,7.55547345870241e-05,0.280418565034483,3.63875323348556,3195.97242786799,2233.54300472682,3.96035605259043,3.63755616135553,3.56105062595001,10.9419291750357,0.976369583016703,0.109488030893718,0.915193889420629
-0.0003734902235876,7.55565176382969e-05,0.282151441313633,3.59751618644959,3196.51959750766,2225.27774773876,3.95982413947898,3.63808340107629,3.56197447750122,10.9011648966057,0.976522487544852,0.109101837168707,0.915423287666675
-0.000377240618304,7.55669869003947e-05,0.285880208391745,3.54197503730534,3196.4413671376,2218.13729016803,3.95953034723877,3.63836261329301,3.56224999637074,10.866774814957,0.97651656417975,0.108676733657692,0.915452049629472
-0.000375066522033,7.55615794207385e-05,0.281592288712407,3.61732377011124,3196.39490471524,2213.10633182706,3.95933591373383,3.63860172962924,3.56250022220999,10.8421215868857,0.97651445560638,0.108450256240863,0.915456802300011
-0.0003870107977684,7.56027371937331e-05,0.284497229673531,3.66394159906707,3195.42610813992,2201.8883157933,3.9591757242011,3.63826162880714,3.56131711816648,10.7871623995591,0.976210929893511,0.108216330027349,0.915433994647363
-0.0003805724554244,7.55916938790203e-05,0.281481059181229,3.67749787635536,3195.72321515472,2210.54383971757,3.95923654742973,3.63842202545306,3.56170280005752,10.8294854911143,0.976297193380785,0.108149134863787,0.91532701864288
-0.0003844548109898,7.56378981508969e-05,0.284282070794446,3.55518003565767,3195.12937464251,2211.7001652891,3.95925625669893,3.63834331013741,3.56118637632715,10.8354818095786,0.976131504638294,0.108179589411088,0.91526306458963
-0.0003762715493255,7.5615195736676e-05,0.281048266604677,3.59668280103358,3195.27049902058,2209.45059640415,3.95923055921282,3.63867599373564,3.56156494408123,10.8241695031365,0.976155787071822,0.108318697110224,0.915141259103506
-0.0003765500475885,7.56222816611215e-05,0.284855882005641,3.55589284507251,3195.30213255785,2203.24766187521,3.95897016323433,3.63881708722596,3.56178230247434,10.7937019136025,0.976178315991256,0.107973094134085,0.915118283775784
-0.0003810679174721,7.56399127787003e-05,0.283343515734171,3.57046194493602,3195.14593573159,2203.20085852686,3.9588682399225,3.6390101625285,3.56176444222069,10.7937093671711,0.976112408259835,0.107946655680333,0.915155399939333
-0.0003771276183136,7.56878079986408e-05,0.28359625758327,3.58884733511721,3194.13026482053,2200.88818321843,3.95878686728301,3.63854975437899,3.56052228267059,10.7824678769606,0.97581722692674,0.107924053101011,0.914992358945159
-0.0003662360489087,7.58757907715356e-05,0.285610608394169,3.58669993791273,3169.59054122015,2256.77351615729,3.95808517425618,3.6285442467089,3.52148621004886,11.056573151468,0.968210095783525,0.110178059834159,0.913048839096061
-0.0003226721491204,6.65413035767261e-05,0.255222413148805,3.93756493602044,3229.60613771221,2335.28760563869,3.98121057106898,3.64553014729001,3.5965082327969,11.4418542001982,0.986551717834806,0.11278719366253,0.893662055212138
-0.0003667659078351,7.27848870871616e-05,0.259400022608121,3.96076026770618,3222.49683983598,2230.42954060636,3.96022329155687,3.64212757950529,3.58714114773696,10.9274269988065,0.984398431361673,0.109927103892945,0.926363450483213
-0.0003735456923088,7.29140675581296e-05,0.263629006098573,3.82297043304909,3226.87235964157,2252.0538302401,3.96234228736476,3.64238005821858,3.59103215179737,11.0334938258259,0.985709662930008,0.111521513869329,0.922326267651258
-0.0003721146828227,7.33474048264595e-05,0.267783206738521,3.90039802614822,3247.42592765441,2160.27850523962,3.95945687095324,3.65045283707705,3.62490474181856,10.5840247213573,0.992105330928319,0.10712247535296,0.925243887075232
-0.0003686749788553,7.39144820171824e-05,0.270445583922812,3.7284524113478,3251.92764487818,2150.62354775536,3.95688493017088,3.65263535326177,3.63090799224174,10.5362466136251,0.993479643617022,0.106437758454519,0.929607851860911
-0.0003712139587799,7.43202255688759e-05,0.268740790181365,3.7831653553097,3226.71692616069,2215.93110379255,3.9550724538664,3.64181122867339,3.59041474233422,10.8563310973685,0.985682416917301,0.109439398530329,0.929423951558826
-0.000362290986947,7.29748982434448e-05,0.260746978252925,3.86602445486136,3222.12201058952,2283.1476939526,3.96105669289039,3.63864480027365,3.58336585632379,11.1858751752033,0.984276734858861,0.113299682123495,0.923010647297985
-0.0003716239359473,7.30639904950716e-05,0.263160177577588,3.82828482687665,3223.85688539389,2255.97654995701,3.96192137818587,3.64067059919375,3.58690113514888,11.0526646751569,0.984824002066706,0.112028803317243,0.922765181068719
-0.0003698852861725,7.32922684300921e-05,0.265043446973697,3.81000972384119,3222.13783083427,2264.28890050779,3.96179016389345,3.63992057809042,3.58465194183398,11.0934240355263,0.984285754709248,0.112241739441897,0.922833117756975
-0.0003622243497979,7.33657290146491e-05,0.261687343947273,3.91341878779568,3215.21540312971,2291.44453790154,3.96144812699979,3.63487836636534,3.57368468670335,11.2261224715024,0.982131546614086,0.113674016377565,0.921942658720792
-0.0003763020222248,7.2971065942682e-05,0.264797215392153,3.80996341725534,3235.54930990432,2244.57314904395,3.96324000535188,3.64271470199932,3.60731849410922,10.9967310941342,0.988467554985817,0.111927484714133,0.921305731639451
-0.0003759600773691,7.42229700164712e-05,0.277175804542006,3.65500687736602,3239.01973980127,2189.9346871973,3.9570126932953,3.64567132212899,3.613073263147,10.729045019318,0.989524414154347,0.108788731507181,0.926621728089475
-0.000382779535582,7.44339216043221e-05,0.271627222153755,3.82050472541169,3228.81546838494,2174.82622382333,3.95713650435209,3.64015395858071,3.59930418651255,10.6550228376294,0.986383868218624,0.108140113150783,0.927265567830655
-0.0003654547982536,7.3919485301119e-05,0.273501437546214,3.67703539740888,3204.74607067028,2304.5375990615,3.96128882806768,3.6287712613377,3.5590977805046,11.2908586452958,0.978947727146898,0.114133710899733,0.922385495871405
-0.0003701555659134,7.33242312225534e-05,0.271673724711361,3.71223497976135,3207.41902547664,2323.7873067584,3.96523569999857,3.63225106361809,3.56474816658682,11.3848850836511,0.979773488759815,0.115224007955168,0.917787457807812
-0.0003692688593176,7.35569523485735e-05,0.267804506092687,3.77742700006418,3206.93484730346,2287.38221238204,3.96179305365745,3.63308871120488,3.56524279287949,11.2068405877966,0.979645162800579,0.113279932753201,0.918639202593561
-0.0003584628898572,7.47397534892071e-05,0.279951665025665,3.60104778955437,3181.5405759103,2391.56592543807,3.96339693298952,3.62244654584814,3.52492474415142,11.7171966178868,0.971781641205017,0.118039309874412,0.916788274229666
-0.0003438736575676,7.35089370544759e-05,0.278809213792085,3.69293520882953,3183.8535835532,2494.15735579157,3.96996807533762,3.62316004876737,3.52756280148189,12.22036206119,0.972497151813427,0.123033801344048,0.91035780064005
-0.0003695294845486,7.36632660812629e-05,0.281397429849873,3.62246853087464,3208.29693921943,2284.58653675561,3.96418905130682,3.6378903301484,3.57122156435916,11.1925744738109,0.980092711106636,0.113581904720337,0.914342326002106
-0.000371747954032,7.46338315801076e-05,0.281489778921243,3.58859183031911,3211.7362063844,2251.47919150846,3.96069866513449,3.641188936496,3.57741748467022,11.0304953276079,0.981175073180361,0.111614845979395,0.919129711593985
-0.0003594015591447,7.53041814193539e-05,0.279255447857298,3.70337722713621,3175.63411914548,2356.5514598251,3.95805469171249,3.6218214918066,3.51976674964007,11.5459205078511,0.970054093271516,0.115742960148166,0.917316323835022
-0.0003381537237131,7.41818051308153e-05,0.288183870913592,3.49147254570938,3156.16446298838,2520.31294907635,3.96988331424734,3.61620787148164,3.48964099736235,12.3475138420237,0.964067989577562,0.124459320835484,0.908110087198851
-0.0003402137655045,7.36425013793145e-05,0.283536878349768,3.57898645149373,3152.38374951086,2528.06338010461,3.97162285086873,3.61512761918184,3.48547149595648,12.3858061928027,0.962915597308549,0.124736040138652,0.904525276598664
-0.0003378470149688,7.37545029061047e-05,0.287856423221428,3.68155921177468,3146.05508721113,2565.87672701589,3.97241207117534,3.61122421015089,3.47629268901551,12.571616101566,0.960923996466772,0.126184023892411,0.90300245579405
-0.0003315806896008,7.39340247148645e-05,0.281645736835061,3.62390542031221,3139.83611560625,2585.37604358996,3.97343973955397,3.61581376363646,3.4672616273349,12.666937386524,0.958987895822445,0.1272040115353,0.901197620936327
-0.0003509335739893,7.3394517063858e-05,0.291198707194661,3.49993771431356,3174.54391083273,2459.69172005239,3.97495841717982,3.62907037249318,3.52588172736105,12.0506729771549,0.969693250586377,0.122544306789831,0.902018578822599
-0.0003666347838877,7.4813919423941e-05,0.286301346235153,3.54261974889452,3182.57711219933,2326.74171107617,3.96445318191282,3.6360689357475,3.53955617389868,11.3993233786929,0.9722168267902,0.114948166697225,0.910603441550518
-0.0003738580792033,7.50356429524582e-05,0.287320542036748,3.61194463819328,3185.56246862322,2295.4150602562,3.96317270860315,3.638711573901,3.54462769747007,11.2457877649352,0.973129423980859,0.113343927977407,0.912226491898923
-0.0003660960088507,7.53201611185971e-05,0.292153845933579,3.48687762719572,3186.07953176741,2297.8984757032,3.96141589321989,3.64069167552171,3.54712089711462,11.2579603471561,0.973317297040885,0.113248432912764,0.916620396533752
-0.000374491955474,7.52269551771025e-05,0.284200567505577,3.55833820491788,3188.5024283299,2258.91685762728,3.96183955288948,3.64257883804816,3.55075923706321,11.0668790899332,0.973992092818765,0.111416948654733,0.913441409041392
-0.0003783904080819,7.52393180341633e-05,0.284654013001197,3.64632434142344,3190.1284943308,2230.10575968935,3.96042564067435,3.6444675039362,3.55411219587389,10.9254304612542,0.974520872134678,0.110078291005595,0.91388568312516
-0.0003900619816684,7.52222933202253e-05,0.286607453121183,3.53461390395823,3190.19164478907,2217.13742940186,3.9595860610617,3.6450730782968,3.55475258083066,10.8623847165947,0.974538629250857,0.109049231118138,0.914408111793502
-0.0003791430659941,7.52335766473906e-05,0.283591204862537,3.56596023079012,3188.66101731243,2211.08816837572,3.95925109817627,3.64473581534845,3.55315612628696,10.8326606746408,0.974080306127311,0.109056052963129,0.914088664001614
-0.0003780232438825,7.54291654286666e-05,0.29114218180957,3.63958952654428,3183.73867827689,2235.48088706919,3.96061766528069,3.64141266434281,3.54568740195576,10.9518446716245,0.972554407527167,0.110416605915171,0.913193574476748
-0.0003798830390146,7.52564279341027e-05,0.283168728418165,3.59685032219969,3181.80128293013,2239.12181817839,3.96012197841297,3.64071265635667,3.54344725355614,10.9698659941142,0.971978730532471,0.110486705254902,0.912289151727351
-0.0003777300720884,7.5282830948857e-05,0.289827353924759,3.49630116645782,3179.91047331347,2238.79325278371,3.96038429239854,3.64003213688179,3.54119162814798,10.96839282997,0.971390575027187,0.1104798954134,0.911664787896891
-0.0003771481233634,7.53428404644052e-05,0.293444565724271,3.42761244994207,3177.89496061357,2238.19975522748,3.96066563779657,3.63909379861973,3.53874420651169,10.9653649585154,0.970810028487054,0.110404419428236,0.911050248891403
-0.0003763362379289,7.53211435456941e-05,0.293592821431301,3.48197822276259,3177.42656152247,2232.13741309382,3.96079376547094,3.63958095400422,3.53877340304684,10.9356382457192,0.970650054235149,0.110320752688351,0.910658154616456
-0.0003840627108893,7.54090270035338e-05,0.290641760051754,3.49124665012982,3176.55193759152,2230.2156850801,3.96054618498858,3.63953298992581,3.53800666471047,10.9263169814906,0.970381406956938,0.110006248745371,0.910657517603223
-0.0003832409884683,7.5455676169617e-05,0.29119445266549,3.48294317333902,3175.53467823571,2223.9505273024,3.96044575594326,3.6392976531276,3.53696113254069,10.8953499468004,0.970071900526951,0.109635073414638,0.910297047060477
-0.0003811007544012,7.55099848519239e-05,0.292420229312657,3.4387679831737,3174.17563734553,2223.16921980359,3.96048038783558,3.6391117837694,3.53567453967622,10.891902736482,0.969656970346085,0.109740845989079,0.910057213139374
-0.0003785566704309,7.55105063094296e-05,0.285417231336112,3.58125305209503,3172.99011765601,2224.4198242948,3.96046740613519,3.63871456296356,3.53430860983459,10.8979277693622,0.969284464978518,0.109821324182349,0.909616460714398
-0.0003500500882149,7.78887796254804e-05,0.293055887555902,3.54261146304747,3115.66695358453,2447.47153652425,3.96155794159226,3.6135152870754,3.44496373269838,11.9912381295705,0.951608333464291,0.120097514329751,0.905948988455027
-0.0003387283987478,7.44671721272444e-05,0.287416808590742,3.56576482916596,3109.19737104117,2567.8443098503,3.97403415887715,3.61747040748596,3.43509903727313,12.5811112408739,0.949604131956987,0.126111853890958,0.892531581133796
-0.0003376214008941,7.51170171143571e-05,0.294259177292748,3.46458229244478,3087.90115604718,2596.76543214108,3.97294217816899,3.6037224542527,3.40435163410102,12.7229735638791,0.943137513928805,0.126653733679791,0.892009808620432
-0.000331092435452,7.40345446220758e-05,0.281972210048277,3.59765799794825,3084.66610409482,2592.29709942499,3.97709683779269,3.60341256232489,3.40155617025556,12.7011367653653,0.942183685462831,0.127543206133294,0.885250019907849
-0.0003335853285659,7.42544064415201e-05,0.291102461116361,3.49936029036235,3076.16561056033,2620.5618410185,3.97662978280674,3.6071186547096,3.38977376473379,12.8396042863525,0.939561733009418,0.128150096013804,0.884204011877367
-0.0003487863951692,7.28212936801901e-05,0.29034119739782,3.46767971392495,3123.59303328395,2469.20861584844,3.97766232892369,3.62772916173035,3.46566109799841,12.0974837751488,0.954179898240014,0.121359644964952,0.884745521260151
-0.0003642046071864,7.56405410318085e-05,0.30291249194144,3.43307544548114,3132.50054603105,2374.77340934437,3.96736844817361,3.63484908049961,3.48018407291536,11.634589583964,0.956957203334562,0.116481842580544,0.896088237011802
-0.0002950338543486,6.84521218256785e-05,0.285702944726657,3.55372007592944,3110.57188585161,2780.63829299482,3.98535392513383,3.6145980880374,3.43369938747204,13.624134267237,0.950090212808969,0.134237231286442,0.894727872584632
-0.0003270711853272,7.43291068613356e-05,0.300333457496427,3.35516885356614,3100.08726392226,2632.93705858046,3.97525223051564,3.6098062696911,3.4202902135145,12.9001104959493,0.946872776849756,0.128944963278711,0.892970235107369
-0.0002915629151122,7.46994595215979e-05,0.303343895461773,3.32837322611142,3115.66789247815,2711.57610879812,3.97714947028594,3.61526395914689,3.44698136059095,13.2851603542449,0.95169610929627,0.13216098555876,0.888739463114532
-0.0003527223768718,7.50866148057845e-05,0.306135986295962,3.28415638240477,3133.32701707994,2445.36534235959,3.97032545811564,3.63052092633157,3.47649016968667,11.9804735453797,0.957144932153161,0.120412490504115,0.895603954490287
-0.0003551487341788,7.54667998362218e-05,0.305025835332089,3.50993890581268,3135.3747414851,2407.11626558448,3.96731153163281,3.6331065173419,3.48090847087089,11.7927435647753,0.957820836225382,0.118450803296842,0.898528671076573
-0.0003347172408178,7.74597795123895e-05,0.30397054468891,3.32486499144397,3088.96240926351,2575.70351536643,3.96699275705549,3.60852969033377,3.40992238136407,12.6192497404243,0.943489660262013,0.125891433082507,0.895953096596227
-0.0003213348768363,7.51633722932426e-05,0.310031266869496,3.24083340997908,3072.29000577441,2689.29472356768,3.97850158946081,3.60538461345893,3.38478582245735,13.1760099556111,0.93835184801481,0.131619781263234,0.884699038537038
-0.0003246639685723,7.51139146105717e-05,0.30334700822768,3.3354125721329,3066.41486363577,2697.40401219968,3.97925451006208,3.60378598708373,3.37832948872028,13.2159725302274,0.936548874056373,0.131483402663968,0.881072552749849
-0.0003331550783431,7.60720457390214e-05,0.293252950168332,3.47347298295436,3045.29770671132,2519.88656033668,3.97386484931816,3.61126764769693,3.36004551625685,12.3460463639645,0.930177239442648,0.122905335046388,0.878209383459611
-0.0003243351585584,7.47956894796292e-05,0.279980550570214,3.63938804135713,3054.15841297305,2567.08844611398,3.97864282268217,3.60569126330889,3.37022100635886,12.5775485151909,0.93285249281985,0.126742268714414,0.872806923975563
-0.0003309418763587,7.60839337053716e-05,0.302917275981748,3.35578662373457,3073.06418845319,2643.50868445786,3.97923919798314,3.61880400547614,3.3985237254767,12.9516018978138,0.938689484663101,0.129874658393079,0.875703229848108
-0.0003461786583496,7.61115452053413e-05,0.308051116159555,3.30451291631081,3098.56651250072,2436.53185306359,3.97164801399359,3.62901825450716,3.43776816965196,11.9371754801737,0.946529099182724,0.120555811615538,0.883785129339645
-0.0003609527152582,7.65704712757421e-05,0.306410977937739,3.29833123032103,3106.19157445915,2402.85916035789,3.96940846045812,3.63290505409241,3.4479536957805,11.7722541158458,0.948857662284344,0.118392306558098,0.888763907358987
-0.0003317331689755,7.80479478961751e-05,0.305925670643827,3.29350389682246,3070.6565194966,2571.15110104451,3.96748080146447,3.61265857632344,3.39042670159233,12.5972963597141,0.937893223643142,0.125986328360927,0.887686678549029
-0.0003165928610549,7.60703447363345e-05,0.307757558303717,3.34406911396648,3061.56276032164,2703.13245764421,3.97808645374473,3.6053597010099,3.37593960908129,13.243681240131,0.935115053902563,0.132675350475441,0.87955028940531
-0.000323614423592,7.58347733821927e-05,0.308587897828077,3.34386390223637,3060.50046534145,2672.52258154986,3.97807250214719,3.60534413732015,3.37498883814876,13.093940849643,0.934773323156389,0.131114243572773,0.878463000940777
-0.0003178420952493,7.60497404108115e-05,0.309167554217084,3.24836260246351,3053.06073802616,2716.00740537145,3.97830106481651,3.59986026241229,3.36381229112672,13.3072183174001,0.932515644148936,0.13308040042245,0.877325176222037
-0.0003176084253588,7.56566987173109e-05,0.309025918890285,3.30948564733206,3048.62535298108,2710.42885285807,3.97967194270536,3.60521500087479,3.35690125854093,13.2796347500734,0.93112435706319,0.132915231202816,0.875349966913934
-0.0003244049530486,7.56092272410449e-05,0.315052688154068,3.25878230079987,3078.62811326109,2673.93235064604,3.98093428914947,3.62211643274014,3.40634546648046,13.1006780632864,0.940390663369447,0.131638705166631,0.876298691044015
-0.0003416997097757,7.65455988731268e-05,0.316852087550374,3.19868861858102,3089.23851875204,2519.21738982157,3.97162382077363,3.62247807184855,3.42381690248055,12.3425309201373,0.943691224027655,0.123416440097489,0.883995985619393
-0.0003457356581574,7.67409063086311e-05,0.31582565406467,3.2069460495771,3082.49013255257,2480.56445118546,3.96970354707054,3.62051077570234,3.41635993730434,12.1532040357277,0.941594353868093,0.121545342812925,0.88613916392051
-0.0003223580261358,7.69013421904342e-05,0.317841847416668,3.16864505906213,3047.34395135741,2661.6802714582,3.97529061453683,3.60727236571821,3.35783651244392,13.0405858400693,0.930753341047252,0.130133253677346,0.880688442561428
-0.000310640417862,7.63227895322706e-05,0.320568914894063,3.14083295107178,3046.10986757741,2765.02165566312,3.97936430226925,3.60811951785412,3.35771306670061,13.5474649020107,0.930406465940789,0.134748636074308,0.874215383827412
-0.000314500153761,7.65117183286741e-05,0.319560787991281,3.18236948971781,3037.14105967886,2748.63139036833,3.97862358010092,3.6022931973911,3.34456913338174,13.4668264483336,0.927626902729059,0.13351275819699,0.873417783313833
-0.0002856184751994,7.65061125315518e-05,0.321377727295023,3.12923799889008,3032.79741992845,2782.80079013045,3.97994485096625,3.60047473259343,3.33919077923562,13.6340730133857,0.926283851301643,0.13439181304406,0.87131082839251
-0.0002895164135213,7.69651236829041e-05,0.319777508411989,3.13270828550178,3031.54543849581,2828.0338856389,3.98146430790773,3.5991843672632,3.33703219065262,13.8554445980144,0.92591892954742,0.137387182990545,0.870163958155468
-0.0003248936923501,7.63498090968214e-05,0.319926537173628,3.15536635457149,3062.14359269061,2635.66732348769,3.97827905759044,3.61731278667083,3.38796620863575,12.9130428397489,0.935366688173752,0.127853579414116,0.872338090211343
-0.0003339008370035,7.71726862593324e-05,0.320641340007434,3.17083984990644,3067.98797212407,2578.29412106008,3.97313635864041,3.62224252178119,3.39750617520204,12.6314754320618,0.937157097351672,0.124902238776072,0.878972557497834
-0.0003444123377659,7.71570335712559e-05,0.323821223954606,3.1750415351965,3034.90694391273,2521.33873418046,3.97134366766973,3.60513327191177,3.34541880695575,12.3529575199804,0.926959863865629,0.121316219658372,0.878130135549464
-0.0003153799548759,7.68482261020883e-05,0.324310218170419,3.14186832076581,3027.43851642814,2767.27396465745,3.97975267164888,3.60155292853568,3.33593556509362,13.5575384921354,0.924680245954567,0.133634299706015,0.870281240230273
-0.0003195645439694,7.63102349198307e-05,0.314366475501933,3.41109875098622,3032.07964929379,2711.86724022977,3.97931253771449,3.60707432783923,3.34495766240394,13.2867862194992,0.926119219203195,0.131093506528295,0.869674639749096
-0.0003264200238215,7.65421139141573e-05,0.315943785541533,3.18255626728214,3029.17379939312,2703.19597682921,3.97758920248165,3.60512855909403,3.3407482360593,13.2435124311685,0.925227088839638,0.129499631907122,0.87036815641947
-0.0003078295750428,7.67337399156185e-05,0.317104429836818,3.35974933100226,3027.0042490706,2719.60169447667,3.97770026811334,3.604614614283,3.33858268270553,13.3241381395841,0.924589766136453,0.131107378818434,0.869771199828848
-0.0003128303515491,7.69597504405488e-05,0.319933556917735,3.1960506183735,3044.03462697595,2766.11814245832,3.97812434664944,3.61854464567981,3.36590244730418,13.5520074762612,0.929822195599811,0.132501485402739,0.868296280491736
-0.0003373835455735,7.74075181291362e-05,0.326731328036771,3.08153129303328,3055.52106074459,2581.09172207757,3.97333873748779,3.61888494858375,3.38419290083768,12.6457383114563,0.933382119615915,0.124159453843728,0.875264784916641
-0.0003382374649354,7.76006972369095e-05,0.323565675716215,3.19651410301295,3058.1627947932,2549.93757517129,3.97226806526834,3.62152337798705,3.38882936106223,12.492728859086,0.934194592061021,0.122974806397456,0.876768087753316
-0.000328626127198,7.89575397295864e-05,0.327953464004873,3.09007836716563,3021.64244042098,2664.88413073879,3.97133192111706,3.61220948368895,3.33304148612952,13.0556971402775,0.922947066337474,0.127725283095541,0.875515849283463
-0.0003262613835097,7.67882977852257e-05,0.316579771298435,3.20396735352909,3020.08128395816,2707.60161047417,3.97930595070817,3.61233645093207,3.3319361353601,13.2650055886992,0.922482200462517,0.129358776592808,0.867425670323927
-0.0003235716844614,7.68944320962986e-05,0.316764102314691,3.20228663214344,3019.82968908397,2687.4616406188,3.97784144656603,3.61304589580087,3.33240420376588,13.1668130469377,0.922414377297863,0.129012312576752,0.866942570008298
-0.0003096768951377,7.70434878878528e-05,0.317570727974685,3.17043212705382,3017.39226165961,2695.00588590809,3.97769650608994,3.61217615417406,3.32959944179018,13.2036495592817,0.921671282440489,0.129626247303873,0.867044281485498
-0.0003019228235023,7.69828769897978e-05,0.318716022641326,3.18440337269226,3009.06441999594,2700.21119456348,3.97721077266492,3.60698469713622,3.31769048933114,13.2295885538845,0.919102773122104,0.129298741919434,0.865618227154269
-0.0003354169153409,7.6547871049394e-05,0.326453258657431,3.07372398981537,3036.81833341706,2632.82756692276,3.97988007789434,3.62020122426227,3.36147779084447,12.8987790062306,0.92764961519652,0.12644821608344,0.865488789187234
-0.000306464940368,7.77588620594801e-05,0.332671976790375,3.0552915115159,3041.46220336366,2572.39013091766,3.97235812949038,3.62388215944605,3.36895903317102,12.6026516678153,0.929108133960298,0.122649037226224,0.8724101070664
-0.000342726396784,7.79691201763787e-05,0.3315199314055,3.03096946684919,3043.08516598877,2556.46884555643,3.97232301575797,3.62545858309107,3.37181493497665,12.5246912630827,0.929607883665602,0.122459922638994,0.873034604858812
-0.000342873577254,7.79564821225569e-05,0.329190623206964,3.14365597447324,3042.88245401782,2546.31274091062,3.97152838570731,3.62580435715833,3.37194587128235,12.4750649697156,0.929540192443243,0.121927807804676,0.873380363247161
-0.0003472024303996,7.79578198288436e-05,0.328661152920959,3.076224746606,3042.55446362134,2547.62585520005,3.97145067078727,3.62606525884091,3.37193238163286,12.4813699755138,0.929443808474652,0.121234858478796,0.873603539650173
-0.000346508598359,7.79494421551712e-05,0.327416352797659,3.08404552218882,3041.91411341948,2531.57941977272,3.9713480077471,3.62623500361026,3.37155312414482,12.4023478004558,0.92925120155196,0.121060809264333,0.873038841316624
-0.0003441730233843,7.79715797722321e-05,0.326259775112831,3.10199233019065,3041.47690157464,2534.07960703742,3.97101682799203,3.62647547305209,3.37141123379094,12.4156023014336,0.929119820161336,0.121219100313391,0.873089277840959
-0.0003473769577874,7.79342524203812e-05,0.322231541125177,3.14303025766646,3039.69645831018,2552.59559818433,3.97003570334478,3.6272251791167,3.37063246393075,12.5057169481632,0.928585570057684,0.121057016934748,0.878531133006303
-0.0003507027053787,7.78433642801117e-05,0.323442115393407,3.12521190427543,3040.1183829885,2510.37949201779,3.9701565183912,3.62772969366277,3.37146860050516,12.2991380531139,0.928712961747796,0.11957005231676,0.873082718136929
-0.0003398223076017,7.80393922759892e-05,0.327247136323358,3.14360151955244,3037.25923204119,2554.03342698602,3.97011389380152,3.62721102908977,3.36866296141233,12.5128867343162,0.927863834435547,0.121561057973423,0.877383108629127
-0.0003478548258474,7.80727525407621e-05,0.327268269497743,3.09718814776168,3036.59997604805,2508.59452212392,3.97020093645368,3.62709158369638,3.36799567916037,12.2902732188118,0.927657924029049,0.119722035136707,0.87218924437778
-0.0003521222645454,7.81162538877291e-05,0.332236988639704,3.04929237987953,3035.29075877625,2505.14377835579,3.97031563213893,3.62651005300503,3.36634858508461,12.2732875801891,0.92725515382359,0.11918655074534,0.871800993336171
-0.0003512969256567,7.83078756197282e-05,0.33053869366889,3.06545364523125,3030.82112696429,2513.72116094246,3.97081239564078,3.62377213505865,3.36009449753022,12.3152589886661,0.925889555816909,0.119751130350194,0.870928407854908
-0.0003473810412493,7.83093988668112e-05,0.32848846789898,3.08444476348903,3029.27428467188,2525.98644342122,3.97179111071995,3.62305387015482,3.35807953555767,12.3754142821197,0.925394430287736,0.120404538990085,0.869985346653349
-0.0003174105493113,7.03637052247929e-05,0.307358007360013,3.31331800841887,3021.20629082949,2754.08624654313,3.98962580251415,3.61637407658147,3.33670331813398,13.4933280810329,0.922852460750575,0.13146642735247,0.865321826194024
-0.0003351220230321,7.72412956588479e-05,0.329058366073087,3.17858540953998,3011.79997263344,2629.7140570832,3.97688059310693,3.61174445526273,3.32442384714375,12.8840095004065,0.919947859720523,0.126983485801464,0.869112393408912
-0.0002990114392994,7.75847450229366e-05,0.33619681109166,3.00082600843095,3018.70803046967,2691.63400178406,3.97886656041731,3.61793896263721,3.33618314464996,13.1875597224413,0.92209947211582,0.130562325865989,0.864324830288342
-0.0003226001972953,7.75413470139445e-05,0.333511278140481,3.15071687904218,3031.72333411219,2542.04673110934,3.97493340777255,3.62022479992468,3.35746148589153,12.4537843236932,0.926148603473559,0.123537516424361,0.868925697210624
-0.0003202274212503,7.76337841192957e-05,0.333579853205968,3.06127601256482,3031.88260414454,2515.42291696181,3.97226323067457,3.62136114453806,3.35864504224343,12.324115970481,0.926192740927527,0.121738274715201,0.87064750762389
-0.0003362281621285,7.87665591644761e-05,0.327043752672316,3.09296308555599,2998.14472017789,2617.15251953014,3.97218029209644,3.60611654730404,3.30793574262925,12.8223219533015,0.915789925152298,0.126123139258323,0.86812594339028
-0.0003271062241905,7.76692184614706e-05,0.334089000745495,3.03672095652044,2989.76874182794,2695.36825682911,3.97932475594913,3.61098050599051,3.29726649346068,13.2058226112472,0.913207091829113,0.129721663644286,0.860435757957847
-0.0002976071123753,7.75562034298237e-05,0.332239629868434,3.05365691807535,2988.59929828765,2683.52507366332,3.97995038733763,3.61119528572158,3.29652722093383,13.1477342906397,0.912856511741608,0.12933218845187,0.858730796782431
-0.000330324147275,7.77459498075797e-05,0.334462248222373,3.07817935445812,2981.8785298489,2676.21287616609,3.97823752030818,3.60801206248822,3.28818779791696,13.1114737759336,0.910868387739042,0.129039310121797,0.85804736629374
-0.0003244756201802,7.7754040217123e-05,0.336373656702562,3.00847184724552,2976.53447114435,2704.69628525908,3.98028168452562,3.6052151245646,3.28115465947541,13.2513232581166,0.909237990596767,0.130034519286842,0.856085484836265
-0.0003265694044446,7.79459645831431e-05,0.340033456501859,2.96285792002079,2996.05284473133,2702.49527524032,3.98099820712614,3.61176667727676,3.31189015470873,13.2400667181407,0.915265519711664,0.130827816172072,0.855906461679879
-0.0003378291474709,7.81595238009137e-05,0.336948870678138,3.0240803016853,3002.11637128392,2598.59243489838,3.97487715531511,3.61700098187316,3.32166667594642,12.7307281068428,0.917111623815079,0.124347089076183,0.861035993748355
-0.0003408293830792,7.84159806612924e-05,0.337481706232165,2.98158176331356,3003.96071759879,2595.68684106987,3.97463573411454,3.6188626686732,3.32483229392577,12.7171112535171,0.917653964783557,0.123530211874714,0.862795199804146
-0.0003117546988448,7.94679427190597e-05,0.347998854715574,2.89733148671455,2966.26929268255,2721.39957080773,3.97652413003585,3.6010894492121,3.26871300115427,13.3330714224344,0.906039014038248,0.130948309278804,0.860450397434935
-0.0003203396875509,7.81097377488888e-05,0.340101608427034,2.98435853461375,2960.2375508199,2760.16383994557,3.98088444778305,3.60790573120117,3.2617720897552,13.5229050659883,0.904190810129163,0.13141127152807,0.852226087620845
-0.000322565898174,7.79265989670058e-05,0.337901537832746,2.97774415901223,2959.50389544174,2731.44620603308,3.98133000589552,3.60810970783234,3.26112067376846,13.382509803152,0.903904989140482,0.129973909567708,0.851065284117277
-0.0002902113840138,7.80928320780215e-05,0.337121151346077,3.02162549426105,2953.33187138228,2752.72336682439,3.9806954118306,3.60459192991257,3.25279858717266,13.4870235380504,0.902028867594382,0.131058332670232,0.850327782193709
-0.0002900554781829,7.81470592627168e-05,0.335547527105319,3.0277532301343,2955.20726379415,2754.77346600234,3.9817394268013,3.60700888395309,3.2565524902779,13.4971101625333,0.902590423296543,0.131070070096896,0.848778534242463
-0.0003278535287348,7.78396192781818e-05,0.349649530947583,2.89647931086549,2977.63135957901,2698.69874979785,3.98194476820174,3.61516549091528,3.29089992869771,13.2216903017509,0.90949279146648,0.128195348605253,0.850836062388966
-0.0003170117065641,7.89294592530825e-05,0.343384080492921,2.95917028234117,2979.72564066193,2643.74759718304,3.97639747507432,3.61719467144201,3.29462098911907,12.9525620357958,0.910161843578708,0.126205998531506,0.855881006147942
-0.0003034458708478,7.88154095973184e-05,0.345971610044455,2.9492041840295,2967.22480307339,2631.68544710148,3.97560899678399,3.61018389758497,3.2777015677854,12.893483873736,0.90629786266015,0.124717159008471,0.856352761972801
-0.000305363384591,7.89444931102832e-05,0.343867275923965,2.94372724753645,2943.59751165248,2757.64835772978,3.97965430071254,3.60161646604538,3.24198376360294,13.5111606705314,0.899056778466569,0.131689510902752,0.849983319412016
-0.0002851159118985,7.88880025862698e-05,0.351651219591916,2.87216469324767,2933.61337417035,2815.39681923017,3.98157441399314,3.60253351384943,3.22638759041417,13.7939134060906,0.895991077032297,0.133730242089811,0.845889355156975
-0.0003206896194093,7.86513402015048e-05,0.343540473479849,2.92516763032441,2942.89441265765,2757.679661884,3.98218696088676,3.60346196174622,3.24304468705885,13.5107776290198,0.898833655918759,0.130239610066045,0.843965443824816
-0.0002849586467529,7.9057034445529e-05,0.344637463034647,2.9264770456169,2930.81647457834,2778.78835927561,3.98071927047638,3.60503047403663,3.22634346343712,13.6142958764467,0.895139814827225,0.130950454083346,0.845791112947539
-0.000288297059699,7.91711587086494e-05,0.347558591426117,2.95365880380046,2922.37847599835,2817.44328257046,3.98325213808002,3.59976510086445,3.21453892116315,13.8038614544588,0.892550575117194,0.13368066071268,0.841719753715175
-0.0002908743760563,7.84187571041089e-05,0.350231680303478,2.94477799605413,2955.53773241764,2711.45173825405,3.98183588809278,3.61543504476547,3.26473380823561,13.2846295225004,0.902762794172071,0.127664164256893,0.842585204073349
-0.0003003751946687,7.930450297226e-05,0.348678753791236,2.94778921301827,2959.67578465643,2679.13739502378,3.9771864925112,3.61862580776215,3.27113991667605,13.126257339891,0.904038211361778,0.126367069415677,0.849879331161533
-0.0003056845632434,7.94840635411019e-05,0.34709471560392,2.90336877221537,2933.14524805156,2607.91949850245,3.97708036772598,3.59997009754181,3.23196338199288,12.7768999094904,0.895871099549766,0.12426787302672,0.849691417322013
-0.0002871612981295,7.92191189387579e-05,0.351692203521419,2.90928061182544,2916.30057294032,2818.77146937721,3.98138083045076,3.59790587184405,3.20773424094717,13.8102150426761,0.890678840417836,0.133283840422905,0.84127286977889
-0.0003128885824064,7.91129152828798e-05,0.349325804319236,2.90695461905839,2924.23868738284,2797.77241030138,3.98357220975364,3.60481790099481,3.22068751336236,13.7076250172561,0.893132229498538,0.134061516162316,0.839188165614606
-0.0002971177318778,7.94006270414689e-05,0.349990033784309,2.87693612229518,2923.44218015019,2795.37955885258,3.98237992055488,3.60488657758693,3.22010603298211,13.6965065660593,0.892895043609198,0.132626289768592,0.840944286451325
-0.0002924668793432,7.96012751676306e-05,0.352096932668944,2.90715110878708,2918.31708340411,2790.27065088163,3.98226905013576,3.6026299866763,3.21377652174802,13.6711813056422,0.891326916901895,0.132001404435411,0.840373606196406
-0.0002819356413999,7.96529109076046e-05,0.35478698346957,2.85938955250369,2924.16123840405,2824.16222764686,3.98331258791249,3.60535915692647,3.22118700533046,13.8368315365389,0.89312807914758,0.133130544566645,0.838551350434439
-0.0003025079566446,7.96172375143755e-05,0.355207872760114,2.83588765811304,2939.41332036845,2711.12026975752,3.97941052339163,3.61012842655182,3.24644618997781,13.2827482910305,0.897828559744974,0.128261638186775,0.842660542054478
-0.0002956224961031,7.97551734188996e-05,0.353394868799209,2.93307757027108,2940.45914013055,2687.73104549741,3.97792105903169,3.61137332439423,3.24837191525886,13.168352468313,0.898131656980121,0.12635999313692,0.845383896718587
-0.0003009446102516,7.96938714571946e-05,0.354694582132109,2.85842588598645,2941.66420843679,2677.46583711624,3.97736270127896,3.61266193628311,3.25071775860507,13.1175560131273,0.898551335813923,0.126091700553048,0.845537825983199
-0.0003160438047803,7.96710948473341e-05,0.351625372508742,2.86507363819185,2941.97683931165,2660.62270978169,3.97667347456881,3.61349564790726,3.25164948282091,13.0359022164868,0.898627261640002,0.126244114659408,0.845630364941177
-0.0003068079948976,7.97793276714631e-05,0.347830542622169,2.90652563226412,2941.04005524557,2722.85646124854,3.97692614194204,3.61437144756317,3.25171413222205,13.3402775091296,0.898353157902874,0.128012510440535,0.852390640117791
-0.0003139049925913,7.99251169255244e-05,0.349164353046868,2.89098614143708,2943.27699510445,2649.62368311186,3.97683283828554,3.61604372739792,3.25514405002741,12.9812062308342,0.899053034866499,0.125345512376889,0.846372747611324
-0.0003073543208707,7.99696208159978e-05,0.353921623524047,2.91101117705291,2944.2412983058,2637.46800591162,3.97625467181206,3.61704904079437,3.25687797560416,12.9215404674818,0.899356318396106,0.124232402180249,0.846380143618058
-0.000304523030134,7.99696442370642e-05,0.35633423834444,2.82523625480608,2944.49413242377,2624.18710383255,3.97569579595611,3.61759945392609,3.25758626974892,12.8567710466117,0.899435062013771,0.123271289625687,0.846538017096531
-0.0003021739291757,7.99767473503935e-05,0.352152141423353,2.87506145584245,2944.37165373034,2619.29487363592,3.97538454050109,3.61792646408081,3.25778216693489,12.8330919412265,0.899394950888006,0.122834492510807,0.846591497643528
-0.0003134315923226,8.00084412133675e-05,0.351550456254779,2.92596876049677,2944.82294555253,2610.79704446992,3.97512533551171,3.61871646642685,3.25894310073129,12.7911504868059,0.899550876718357,0.123244244999896,0.84644609026323
-0.0003181392820383,8.00163287187711e-05,0.353222220424465,2.83161444452703,2945.66699462623,2605.20433653129,3.9745914992832,3.61966835260391,3.26050431523248,12.7642035125714,0.899810920866947,0.122987413387994,0.846666657239911
-0.0003140314033639,8.02080343323429e-05,0.354638203856264,2.84988932497296,2943.55632756744,2588.62664832181,3.97544139941063,3.61881683349609,3.25794094341577,12.6823190517772,0.899156104662112,0.122165098785367,0.846676295576873
-0.0003091073809981,8.00349886217619e-05,0.351866568312396,2.93649939232427,2943.433252124,2588.23623110854,3.97430048953919,3.61919078588486,3.25818228440265,12.6804782935215,0.899118072672373,0.121723582718931,0.846177158902049
-0.0003207211723676,8.02079666488287e-05,0.352455106278944,2.85454079238434,2943.45141666068,2578.10952176689,3.97525939856761,3.61980109453201,3.25871106043107,12.6305940035383,0.89911288622273,0.121917088182071,0.846190692597952
-0.0003088040375312,8.02191989351124e-05,0.351768008237842,2.93878324959996,2943.73077578004,2573.98702053609,3.97498448078449,3.62027866125107,3.25944766326581,12.610998354446,0.899216924831612,0.120895017420046,0.846327910643952
-0.0002782748194572,7.18052006203271e-05,0.330414016660946,3.07077093357461,2901.09613789854,3017.81218284732,3.99837687593069,3.59902897659613,3.18795619160842,14.7856040327924,0.885997417227909,0.143671605462056,0.837940944198538
-0.0002949041269634,7.95753813160066e-05,0.363011964483737,2.78115264957588,2887.28317219966,2869.26837189699,3.98570116066638,3.59187957461999,3.17014600648136,14.0583368904392,0.881790489975019,0.138249720140839,0.836131298677985
-0.0002924636580249,7.99013940031519e-05,0.36459581323081,2.78280700393723,2893.31563526198,2884.93986097481,3.98679261356592,3.5976892880031,3.18056500701018,14.1351925311797,0.883684270608055,0.13929562586513,0.829863351997798
-0.0003224609004436,7.97713808419679e-05,0.362455162498357,2.76883823156775,2911.55298184753,2745.43043826214,3.98395323462603,3.60430607651219,3.20983696065854,13.4512861825553,0.889300916914918,0.130342782545874,0.835338763756017
-0.000309098556434,8.00554915230176e-05,0.359953703909984,2.79675217565766,2913.78793742853,2712.52637555262,3.98144881942055,3.60684882992446,3.21401733802209,13.2895843203731,0.890000430086379,0.129833450934802,0.837846915420809
-0.0002932036961979,8.03043696618998e-05,0.35788480237814,2.8300583121705,2885.19032382197,2757.63093264817,3.97930889158714,3.5957433569188,3.17206900493355,13.5107239922039,0.881213191957315,0.130187592071862,0.836221853230927
-0.0003015308372039,8.04948041779113e-05,0.366099965024067,2.74554603858295,2877.83109173094,2851.47198867684,3.98568444222397,3.59248747144427,3.16306977693589,13.9703078606637,0.878951852239424,0.137040950141416,0.829421585373051
-0.0002853016788878,8.00257898215482e-05,0.362753176187602,2.79680045520027,2875.64341728226,2826.86341786485,3.98578701256225,3.59164665426527,3.16042670281232,13.8500360758767,0.878255158518178,0.134414121966587,0.828296587809784
-0.0003077042897407,8.00695322387449e-05,0.362176313182208,2.82497385978006,2878.87839018287,2819.97315331649,3.98524605117229,3.59564259344218,3.16679923488991,13.8162521591776,0.879290952118703,0.134560948022223,0.8278468526261
-0.0002803279207193,8.02445724538175e-05,0.362330661640732,2.78520118304591,2876.221917182,2815.12955959987,3.9840625650394,3.59468449135216,3.16377857281393,13.7928904498968,0.878479326766606,0.132622722996622,0.828290775818667
-0.0002775407017054,8.04587910419537e-05,0.364013258864504,2.77799470793447,2888.25636015544,2840.83216275425,3.98433004106794,3.60414654624705,3.18229236392946,13.9181699578827,0.882203216672329,0.132741095183477,0.827721815396724
-0.000296023289337,8.05937355149016e-05,0.362123808895607,2.81843356547685,2896.89782541942,2732.40105130883,3.98082236132007,3.61051790811578,3.19525012770103,13.3868458495862,0.884852901710056,0.129007934136368,0.832220679932953
-0.0002968190169656,8.08546181012884e-05,0.367570514655349,2.80797656985135,2897.8200043813,2721.88585227044,3.98055561286647,3.61179647640306,3.1970499503783,13.3351383418937,0.885105183125198,0.128391737924739,0.833567735451711
-0.000300513597278,8.17514650597409e-05,0.365951264168933,2.76430778427434,2865.9569786673,2816.25516354197,3.97862914903664,3.59963617373988,3.15150275848367,13.7982716650755,0.875332422236588,0.13307932833079,0.831718639202552
-0.0002996705844206,8.05485836440326e-05,0.366107327366898,2.77425632748141,2856.55082511596,2836.36383467668,3.98504223376512,3.59457933534052,3.13917942661612,13.8965273591987,0.872456178416523,0.134665614965143,0.824416011111908
-0.0002841113641077,8.03986209837274e-05,0.364614844708221,2.83076265709324,2860.8169827802,2835.9264745127,3.98623613417149,3.59864983607813,3.14631174450354,13.8944289436455,0.873756460852187,0.13336879503404,0.822519406358142
-0.0002956259757872,8.0596273775303e-05,0.367707074477927,2.78491788805686,2859.40881640732,2815.72453055214,3.98432993292808,3.59968957950159,3.14603880582515,13.7955678742352,0.873323345167412,0.132824257090632,0.823525150554749
-0.0002850263112881,8.04994316733935e-05,0.361768004826378,2.88385763829368,2854.59913327088,2840.6616944955,3.98537510037422,3.59648524363016,3.13930455393661,13.917381616131,0.871878547647677,0.133467060368157,0.822725171194659
-0.0002857812020828,8.0977109119494e-05,0.36932109024048,2.76982045748638,2869.66383031005,2850.56909875499,3.98544493317604,3.60786231031123,3.16204735427781,13.9661868572397,0.876520340109922,0.133704975936168,0.822078015309973
-0.0003057790294961,8.11910004302517e-05,0.369476869177714,2.7529229260102,2873.4612276523,2749.4948573026,3.98198079474178,3.61098653754008,3.16795793913394,13.471270544411,0.877685823566324,0.129770667549281,0.82641540364712
-0.0002984097148163,8.12474750776989e-05,0.369019196390594,2.72994025477272,2873.88610704834,2741.77664739409,3.98115936326392,3.60258385599876,3.1690863785064,13.4333095315943,0.877814491977097,0.128957349005184,0.82695602995714
-0.0002906104059637,8.24972537118219e-05,0.371382594281712,2.70580049736517,2839.09944198525,2847.49021522675,3.98013506531715,3.59731003890435,3.11909099607057,13.951471164207,0.867133689022783,0.13379410749173,0.824773128808395
-0.0003015975751642,8.12944842589478e-05,0.372411059807786,2.6966448599332,2829.76967964054,2889.2995164498,3.98713507531564,3.59202177325884,3.1066646267864,14.1561629209207,0.864270994292592,0.136504387535285,0.816803989553627
-0.0002773535700513,8.1231000218383e-05,0.371635861939008,2.74424940122759,2829.97371875902,2863.67555028552,3.9873953257935,3.59396946181854,3.10859388580636,14.0301198929561,0.8643523150981,0.133975473062147,0.814965069167905
-0.0002786925219883,8.13682235595349e-05,0.37445158641182,2.76069790900864,2824.14534399251,2877.61290451547,3.98777134358128,3.59109430511792,3.1012321816348,14.0991090022586,0.862563331298094,0.134781859687961,0.814810830088153
-0.000288822647585,8.12742135672105e-05,0.369991943933501,2.71815678045429,2818.69190943544,2891.08140971261,3.98761272582279,3.5881145944198,3.09410255521155,14.1652328127753,0.860886948590982,0.136048844200099,0.813002924216984
-0.000287384988435,8.10005842993318e-05,0.369879143182764,2.7137772105894,2852.1334350757,2886.72469850944,3.98765705345543,3.60275205631846,3.14287764220879,14.143525979318,0.871146357342882,0.135694679276653,0.813162775831503
-0.0003107810494085,8.16705707979295e-05,0.372677187917719,2.72427993251771,2860.27463201119,2739.0552447933,3.98188566124957,3.60883195375659,3.15514760259579,13.4196051756829,0.873682515648586,0.129023857260209,0.821946256396382
-0.000301717593509,8.17233745703546e-05,0.368332607748393,2.72597301178815,2863.00949389476,2719.26204459596,3.98133822576499,3.61082632517077,3.15917090028083,13.3227193666633,0.874512630278157,0.127486039556737,0.82357025128889
-0.0002848684766952,8.09650380648038e-05,0.363598860725856,2.83072419894202,2823.63188355102,2905.52107843285,3.9841761469841,3.59546522051096,3.10465626803357,14.2357826874377,0.862425714483993,0.135173323681748,0.824220493219651
-0.0002930134867974,8.11711084537702e-05,0.369201493665881,2.75048739320331,2829.21069836209,2837.83523412264,3.98547832271721,3.59970797350009,3.11308097463962,13.9035279943369,0.864154361105624,0.132634905979832,0.81439120969036
-0.0003004941848562,8.12512583638131e-05,0.371028047375753,2.74087200773746,2833.96126378141,2777.80572032125,3.98428096711261,3.60364381968975,3.1205936913194,13.6094992367563,0.865634201106887,0.130360409942254,0.815344159112115
-0.0002967944984697,8.13553776231984e-05,0.36636497072318,2.75984791788163,2832.94543303066,2767.00960512395,3.98329642733688,3.60354432463646,3.11959388499572,13.5570095465266,0.865308191913394,0.129596953161917,0.816170355391763
-0.0002969082968103,8.15127403807645e-05,0.370731612840659,2.74359651761014,2848.4123701838,2770.18109211716,3.98368840847375,3.60352643740546,3.14066957055111,13.5720018848763,0.870056159611021,0.129949432415319,0.815705534743364
-0.000307142068575,8.18783169909311e-05,0.372472571175896,2.7024891744844,2861.68280877487,2670.04515881866,3.98044286686697,3.6141841976913,3.16114356252271,13.081314856444,0.874144902687181,0.12517984139235,0.821443752741925
-0.0003136668470781,8.18798310523208e-05,0.367908694590457,2.76574825219336,2865.49589808099,2643.03071524482,3.9791886031262,3.61687283417613,3.16677457047341,12.9488571164832,0.87532485993532,0.123942845729191,0.823967214100276
-0.000323835048444,8.18683437762682e-05,0.372113734653137,2.74745482410342,2866.83988341183,2630.0628448081,3.9781567041128,3.61791258005752,3.1687682525673,12.8857524284796,0.875723300105272,0.123755191481789,0.824819031406721
-0.000313573507174,8.18591175386639e-05,0.367910025731742,2.72655350360464,2866.88727356534,2608.38987293612,3.97758961308953,3.61832813872505,3.16919568565353,12.779508803968,0.875740136363467,0.122573411312904,0.8250454277941
-0.000320043118005,8.18475446405412e-05,0.37118207026899,2.75185597397132,2867.65303779021,2611.95429838175,3.97725194656044,3.61890391713565,3.17039895751333,12.7966549307401,0.87598680380752,0.122791652535615,0.825271708447655
-0.0003226148366048,8.1789619472481e-05,0.370928895355589,2.72341080238145,2867.93459048826,2603.04841769015,3.97687354117083,3.6195915187757,3.17127500689944,12.7529526944823,0.876080169361397,0.122400767745469,0.82536727040567
-0.0003370263815738,8.20000326850577e-05,0.371616987462446,2.70430275141316,2867.12266043661,2594.75218016218,3.97773148519237,3.61956481343692,3.17059281209385,12.7124550208158,0.875840638188588,0.122311775788172,0.825405878208551
-0.0003229365713989,8.20043989313134e-05,0.370922057407658,2.72140534535855,2866.60683871398,2584.53391107765,3.97763771836351,3.61973170890022,3.17027398394743,12.6627786488017,0.875675483306633,0.121554153102426,0.82519791107929
-0.0003210202640729,8.20394061761184e-05,0.370941380187571,2.72597352033532,2866.12351385865,2567.0812635505,3.97744028888098,3.61992363339847,3.17001396696478,12.576690768319,0.875523236214393,0.121011713869596,0.824918710872438
-0.0003123905248284,8.20744711776254e-05,0.369684624791717,2.72952772859412,2865.60780625016,2574.69069310324,3.9772132562428,3.61994365810119,3.16965619800479,12.6140503850041,0.875384589740303,0.12052700841116,0.825059190679241
-0.0003143214899907,8.21123978769877e-05,0.369033111908242,2.72605115054585,2864.63952344062,2573.76901569444,3.97720141236375,3.61990360869575,3.16877326093269,12.6092198110217,0.875076746891152,0.120455311800839,0.824813406284068
-0.0003291428732996,8.21177306170914e-05,0.372047809551252,2.78538274601286,2863.29582081339,2561.81637917319,3.97712046780237,3.61956815129703,3.16732805846654,12.550887959247,0.874661050774569,0.120790077667398,0.824450851865286
-0.0003137750388472,8.21972318145689e-05,0.371725607990881,2.73902352228491,2861.68826565921,2563.73814383562,3.97723201426064,3.61889056815314,3.165417453584,12.560454991414,0.874178838391759,0.120077739373524,0.824167249731845
-0.0003022109682182,8.20612916085891e-05,0.370690963864086,2.71712692406735,2859.12415744958,2644.04957411601,3.97637150504372,3.61887554778266,3.16332898898224,12.9536424010905,0.873413715235552,0.122601860322674,0.831835812851137
-0.0003016999376971,7.44677792385763e-05,0.343079079668823,2.99522234311697,2863.44653517021,2719.3553618223,3.99271792358493,3.61256366415122,3.16110226720897,13.3234899478305,0.874656844719621,0.128670667993109,0.820671005742046
-0.0003121346937969,8.07605975416097e-05,0.359704412727697,2.86068866964683,2848.16493013383,2615.81006169545,3.98035855381035,3.60419734974497,3.14103591236799,12.8160269141859,0.86997472612679,0.124763117034129,0.825778808054426
-0.0003084836647315,8.11812319438629e-05,0.366770582806138,2.75887250323874,2840.44632411964,2632.37171020578,3.98144021537733,3.60773143917322,3.12949748432507,12.8969889651269,0.867603249242626,0.125648229768485,0.819547351553457
-0.0003303953923004,8.12275953611137e-05,0.371285866686579,2.75027790664028,2863.96583998526,2532.86217232806,3.97958047301681,3.61801104693069,3.16653918158954,12.4092493634428,0.874867305730456,0.121102533214805,0.819088384878829
-0.0003136444712562,8.19133402436345e-05,0.371558274441494,2.73502640051702,2863.71680031964,2525.89449197851,3.97780551852249,3.61901073111701,3.1670947965237,12.3752091507624,0.874760319317318,0.119643240479683,0.824275280729613
-0.0003549618762126,8.19855084457575e-05,0.373196987743438,2.72787194155051,2835.29213917364,2494.66084606694,3.97733763223741,3.61128786454598,3.12851997114558,12.2220054734655,0.866082926096374,0.118550935731273,0.823647101994225
-0.0003103714870788,8.13892173048059e-05,0.36572447821167,2.77183619447424,2811.91579696012,2616.09165796694,3.98064501434565,3.60648164749145,3.0966649321292,12.8171580131717,0.858918168362241,0.123926079816251,0.814691433087717
-0.0003083752208786,8.15889195825256e-05,0.369125845440119,2.74166484310931,2811.24412413816,2646.54403938688,3.98462713739407,3.6064356402347,3.09621591682746,12.9663843814154,0.858751170599001,0.125875558005455,0.809058139228025
-0.0003133482384108,8.14958572879976e-05,0.368104132533821,2.72544083564777,2811.9927247069,2628.79443685364,3.9836812904046,3.60787045830174,3.0981546616704,12.8791291928852,0.859002928951956,0.125104520541139,0.809442853032857
-0.0003065093484079,8.15966825254157e-05,0.367848856092581,2.73773226209107,2804.72903097937,2618.68558347078,3.98282807278183,3.60383013173153,3.08865507487228,12.8295791223021,0.856788491143105,0.123838765802555,0.809547115059811
-0.0003117070791237,8.14931614047594e-05,0.370100718261496,2.76846694307922,2802.38497037975,2639.96628524369,3.98345985593675,3.6025674192529,3.08559798908219,12.9342807313037,0.856067895990746,0.125293932462146,0.807395487504112
-0.0003156203721237,8.04262970399554e-05,0.358955528753559,2.80466023310188,2842.4827394358,2521.72253306922,3.9832736313343,3.62135513623555,3.14373296423061,12.3546971147406,0.868398509799448,0.119155270060323,0.808882342803032
-0.0003550433023963,8.23413208054742e-05,0.375571986397058,2.69759521406658,2844.67154331508,2499.91129161374,3.97772468672208,3.61400896003566,3.14737082944416,12.2477578448177,0.869056616483384,0.117442195785694,0.8183636868913
-0.000334845980248,8.22545569895371e-05,0.372901052735373,2.69085718495828,2825.5142963228,2478.78759912745,3.97684970955176,3.61318158855041,3.12234404487996,12.1442818738911,0.863190795788103,0.117650580033854,0.818610398614826
-0.0003200709700642,8.1674719580052e-05,0.36449990635122,2.77268204958133,2800.83891088015,2574.79656857025,3.98106187283993,3.60480144400346,3.08622574848644,12.6146242880943,0.855598468666295,0.122230467306684,0.811417695392237
-0.0003152405402314,8.16114309034436e-05,0.371467434389506,2.74349618387353,2795.80765861241,2619.65459940466,3.98317196248453,3.60226751377708,3.07993072802679,12.8345700314759,0.854082181247978,0.12417375238323,0.805991104851131
-0.0003129100067497,8.16076947084267e-05,0.372689015309134,2.70616851738253,2801.41703199726,2588.48387799834,3.98300800896898,3.60677304267883,3.08841655099993,12.6820097337493,0.855773710081967,0.122503786971928,0.805054957704745
-0.0003275141768172,8.22142269609221e-05,0.376788750898099,2.69124455229821,2794.82321171917,2607.71742203794,3.98234613032281,3.60328142266524,3.07993731468054,12.7764280339339,0.853762402928361,0.124298875498897,0.806126107503281
-0.0003057514550066,8.22717021365838e-05,0.374950814957404,2.68308574152688,2792.01086148381,2620.63859408259,3.98373343522036,3.60225728687487,3.07669280540804,12.8394915866239,0.852892494865269,0.123625841422263,0.804558811732983
-0.0003101381602228,8.16125433737972e-05,0.377417025170021,2.69765170659041,2823.40526853822,2537.97190706644,3.98390120230381,3.61439573019743,3.12167482873232,12.4342730912414,0.862549630277665,0.119634194731582,0.805724379351478
-0.0003573870778458,8.25044639248676e-05,0.375962170384267,2.67624232576711,2828.93751319131,2481.34950602421,3.97892793902644,3.61832314978043,3.12964268919598,12.1570566452604,0.864229582689549,0.11680298246177,0.81317719705003
-0.0003208899000223,8.24549178565166e-05,0.373853593739846,2.69443456812842,2822.57859062208,2475.5528683443,3.97773078930231,3.61663346737623,3.12301395689202,12.1282514363212,0.862317299569291,0.116659683553153,0.814369857500518
-0.0003201855643658,8.28452565064435e-05,0.377132086111021,2.6701216928645,2776.4179093421,2565.17241793152,3.9797769010067,3.60820188167247,3.06078412727456,12.5675477047921,0.848145866558916,0.121484074633969,0.810767524769661
-0.0003096424897435,8.2504366195889e-05,0.376290190834617,2.68071141752895,2763.4016058314,2599.62356063011,3.98462969937902,3.6006569760911,3.04344705098137,12.7361887955113,0.844154512710188,0.122965549183399,0.798966095609632
-0.0003611496711443,8.22339922756124e-05,0.370236202836467,2.71586607273192,2817.29580488603,2277.14560985494,3.97435038017504,3.62207012871901,3.12376629186671,11.1558070580651,0.860786869055197,0.111413039342327,0.817315974485212
-0.0003429392116824,8.46905979503362e-05,0.382119020511665,2.6277046292092,2733.66034225917,2505.38422854499,3.97425931954534,3.59990130445009,3.01009839690626,12.2746505080617,0.835085247577561,0.119641578999371,0.805027208191864
-0.0002940232214009,8.4701680328619e-05,0.402381839981053,2.49558468487505,2688.55021401956,2700.83106795629,3.98856798441786,3.59149290441157,2.94933187918211,13.2327712700547,0.821258997515699,0.12868509529595,0.784388680663669
-0.000333409778221,8.35207695657883e-05,0.391846528218722,2.64363141490762,2724.90011521291,2608.24491816797,3.99281572032448,3.6013652406713,3.00431125598063,12.7783091315294,0.832454263029331,0.125299590613282,0.776380512505882
-0.0003472524738222,8.49974666250756e-05,0.404189792260139,2.49512369132433,2727.12064421944,2527.99800121958,3.98443341255188,3.60531315495891,3.00957172797857,12.3853218836639,0.83316756116328,0.120751663288484,0.785154958209097
-0.0003146890709351,8.52395191990631e-05,0.40421895065002,2.48670802094875,2720.62180899242,2518.49911449112,3.983289692309,3.61379745732183,3.00313199944387,12.3388568109223,0.831187741865745,0.12035022448918,0.785462963933219
-0.0003028242043014,8.69460374271548e-05,0.419718411997474,2.39258964028793,2641.62844363532,2745.48640431961,3.98676261425018,3.58034127023485,2.89322219545899,13.4512990155033,0.806918235187594,0.131533166029016,0.779574205416911
-0.0002785019583998,8.61611916804464e-05,0.418577037576212,2.43071921621667,2599.05068929061,3061.30849737153,3.99681142303679,3.57676466215741,2.83899727851853,14.9990616646222,0.793872342525831,0.144644079250805,0.768689430304988
-0.0002802112820337,8.81969036756816e-05,0.435927064346598,2.32918805454901,2584.55075857176,2996.20043825998,4.00125930157114,3.56795844164762,2.81999422028418,14.6800547230973,0.789463965303223,0.142493129070117,0.750041755672848
-0.0002820697922079,8.84370632379507e-05,0.435652718200578,2.31434722391014,2573.61349629384,2974.05995516364,4.00247863190515,3.57339351478664,2.80732285540215,14.5716428843415,0.786111795034442,0.141804352961642,0.745181696865939
-0.0002733487274159,8.90858833318667e-05,0.439093000104941,2.29470651415032,2565.00412877594,3033.68364516486,4.00302649062613,3.56646405965432,2.79462408766726,14.8635390680746,0.783461059334924,0.143698150240712,0.74105110643252
-0.000302853295362,8.80151191238593e-05,0.428042950244108,2.40131929059451,2601.6790556132,2849.95550976974,4.0002978018352,3.58901646191424,2.85129269244067,13.9631199311339,0.794750076175909,0.135987949215359,0.742192220285526
-0.0003052316031582,8.81890955687835e-05,0.435100967554364,2.31269637963682,2612.33719456993,2778.45958578342,3.99457109891451,3.58754680129919,2.86702342281599,13.6123683237409,0.798029057315368,0.132480502999967,0.751952199263691
-0.0003013336928154,8.81817038644353e-05,0.431659873629768,2.34329561426813,2589.75719531908,2745.07002283385,3.99281151592731,3.586312237111,2.83920977215191,13.449448164044,0.791108122932952,0.130522154788904,0.754431607271309
-0.0002826182356661,8.94475882591242e-05,0.441661734323966,2.28400879154377,2539.81682810275,2972.2630328353,3.99934458561081,3.5678488764652,2.76705387602768,14.5621959705896,0.775782328248976,0.141022314511538,0.743635790934288
-0.0002863417192861,8.99012962901109e-05,0.443558808065507,2.27547605523888,2531.20786810049,3046.05845601615,4.00545572708635,3.56464692880941,2.75739082474511,14.9242315559278,0.77314230424302,0.144191633213244,0.731953626864731
-0.0002822826390149,9.01763671050825e-05,0.449944123486126,2.23108570434745,2518.22341430141,3048.96437209312,4.00463718838162,3.56749886063968,2.74088342012857,14.9383726622194,0.769149436639297,0.144222095216231,0.729588171212185
-0.0002730888080269,9.04412647719545e-05,0.44954785738261,2.23783415229156,2510.25475513088,3074.9171384724,4.00677716198252,3.56427447936114,2.73181973138266,15.0657315187904,0.766721394076034,0.145619402615719,0.725945032317255
-0.0002894670501439,9.08089671421822e-05,0.452748682896461,2.23803974861188,2478.19257005036,3081.52625925501,4.00726471807724,3.55297936995824,2.68872544551313,15.0982249134154,0.756917918608126,0.145517873395434,0.723162981686692
-0.0002650952613856,9.08404281952328e-05,0.453658073080871,2.22888784814965,2518.16261886549,3209.8839768719,4.01125051058256,3.5637546722279,2.74611279250916,15.7273010245416,0.769207509830414,0.150143285639904,0.715565691968734
-0.0002886272296299,9.02003249285261e-05,0.447158675719776,2.29707920446265,2534.99346415064,2930.51613705585,4.00254654183107,3.57827545321265,2.77149860744243,14.357838227625,0.77436851467861,0.138581271445217,0.728517054392005
-0.0002937282427891,8.98879122684728e-05,0.447628020377762,2.26479307333422,2545.41490956923,2873.61203291931,4.00020287693411,3.58615514566732,2.78633469232484,14.078861848696,0.777564165755741,0.135792190276515,0.733354690887854
-0.0003013357140678,8.98319621578112e-05,0.442458697785473,2.28283838992808,2485.740015196,2829.51665748091,3.99853747011089,3.56451372589384,2.70393947681794,13.8636215698952,0.759255751663711,0.131358915813704,0.73309920789626
-0.0002838091576721,9.16050267579666e-05,0.458091433189345,2.18642546190295,2456.675398022,3136.75980239443,4.00931999883579,3.55463600158691,2.66440977593289,15.3689810153656,0.750344300623252,0.147840380417166,0.715857047223378
-0.0002847601089163,9.15148771995615e-05,0.458367010057528,2.19122579230427,2457.97420772538,3146.58768981884,4.01264123399128,3.55791662687279,2.66800070549761,15.4169551394376,0.750747190380805,0.148201014516746,0.708882570613735
-0.0002809171882422,9.21327912304474e-05,0.462052318416426,2.17472689144952,2448.958759334,3149.47818642075,4.01138881195423,3.55342673680868,2.65707164835899,15.4313919715633,0.747972921092107,0.148458094239205,0.709006719999312
-0.0002850384185207,9.22576714037696e-05,0.466987921927356,2.1583092406949,2440.7713149935,3134.83789175178,4.01331637996112,3.55127736172044,2.64871161289953,15.3592882112366,0.745478070116926,0.148686422382411,0.706693987381
-0.0002827443216035,9.33129677453888e-05,0.475145609048547,2.11315545206617,2434.24193961103,3181.89930679853,4.01214483779246,3.54434163311878,2.63810122252456,15.5897829805874,0.743496990490249,0.149536861369889,0.703530718001281
-0.0002678252617745,9.33605390072278e-05,0.473368191324365,2.11754013787543,2417.02162918885,3216.03904634889,4.01477070680753,3.54641853600013,2.61762207285077,15.7574126341956,0.738210037999149,0.151502149017457,0.701589710959999
-0.0002678399018031,9.38966618883787e-05,0.479207118910937,2.10321600321729,2410.47469559096,3232.05467692833,4.01515132713318,3.54303472798045,2.60968002296802,15.8362202910922,0.736210370527509,0.152195073033279,0.696719952330214
-0.0002813428792251,9.42214519525557e-05,0.480936898351338,2.09656057442525,2414.83413552667,3237.44504459808,4.01640237808228,3.54438508719933,2.61425348885858,15.8622485693149,0.737532864979611,0.151752697256454,0.695399163803427
-0.0002787951084386,9.41375085780149e-05,0.483517113707733,2.11503294108762,2399.80311794591,3245.49171554798,4.01582218360901,3.54800708499956,2.5968959706708,15.9019888643553,0.732967382880456,0.152071696807545,0.696544898988261
-0.0002632687204643,9.455628712685e-05,0.482436816679318,2.08104877084174,2397.22490475536,3245.74175647693,4.01683584528585,3.54677196490912,2.59377281686303,15.9027755342554,0.732154576635632,0.152783160408762,0.69192103797401
-0.0002709748893908,9.41545538020698e-05,0.480505623478135,2.09272912445665,2414.91230640753,3199.6178867516,4.01680773544312,3.54856253542551,2.61758722690866,15.6768873754236,0.737591373314362,0.150438953252236,0.692201748991395
-0.0002786010646601,9.26700011959257e-05,0.466798526356765,2.15558625073449,2438.39749376057,3125.02631707879,4.0148127717296,3.55903227357979,2.65280896318189,15.3108574796552,0.744796568955383,0.147353841635913,0.698971961590529
-0.0002789631539309,9.17368850840219e-05,0.45906286477358,2.22294646195781,2446.71026530507,3020.16957741487,4.00954200671269,3.56502595292516,2.66425834471938,14.796738755284,0.747345037796061,0.141873124488639,0.705744090974254
-0.0002853020401111,9.18511851111575e-05,0.46232513619455,2.19403295456666,2430.45788916794,3016.62256828166,4.00836148262024,3.55607542359685,2.64412083873734,14.7799100087745,0.742402831972362,0.141803559936923,0.707301241573717
-0.0002928046000445,9.19554220660663e-05,0.461221376545837,2.21073962196385,2439.03835243761,3009.32587991416,4.00967583730239,3.55988655894636,2.65410093339438,14.7436322176411,0.745023571764186,0.14158760299916,0.702879074523076
-0.0002887452205619,9.15633598964249e-05,0.458658484305569,2.20637111901123,2430.08536308835,2990.13886043301,4.00935646020449,3.556894598237,2.6444127899625,14.6500767090401,0.742282957733219,0.141099481398463,0.705322516973555
-0.0003018477984457,9.19273608090228e-05,0.455464699107693,2.20921418146338,2443.03860582475,2981.13909150462,4.0101472065999,3.56371331214905,2.66032925890667,14.6056070153147,0.74625141476976,0.140186857639961,0.703337900893567
-0.0002928394615814,9.15214565348131e-05,0.451414724799652,2.36215540500594,2446.41351437545,2964.60815261345,4.00888130683025,3.56609283010644,2.66488991448286,14.524622374565,0.747273197885338,0.139628496076392,0.70670684656686
-0.0002897794906648,9.14597773673095e-05,0.452107580909031,2.22182805985315,2437.28846450348,2950.57746597519,4.0078889814042,3.56228949362973,2.65448012454484,14.4559100864397,0.744490921154228,0.139276767822603,0.707680185331093
-0.0002909910714591,9.17750474972521e-05,0.457778021127891,2.1965888731745,2449.42943214049,2945.35874598922,4.00902340976336,3.56839239166444,2.66921511372151,14.4307159693881,0.748218459081142,0.138968410515156,0.705281929171966
-0.0002926573637297,9.13598191920686e-05,0.455023890989927,2.20556243133135,2439.36695113167,2918.98430917243,4.0079657254797,3.56499279263508,2.65824927253203,14.3014816951667,0.745122431383725,0.138087000617144,0.708601748998325
-0.0002955154766785,9.16653702392599e-05,0.456940332734431,2.20205057691672,2437.74189071107,2921.20299351658,4.00778887836078,3.56413460065083,2.65632155253779,14.3124305432053,0.744645998627439,0.13793001191356,0.70591749757005
-0.0002930976400605,9.17919385623151e-05,0.460647134043273,2.19399681114968,2434.52315432456,2923.4371728939,4.0081163581091,3.56192671534527,2.65191280095371,14.3229154372704,0.743644634316924,0.138014727673086,0.705413144838969
-0.0003092640355223,9.18783284375369e-05,0.459360945378682,2.2104282618284,2430.319888147,2925.73378519347,4.00909879553409,3.55967592044049,2.64677958201631,14.3342299519582,0.742370984393901,0.137665413877072,0.704602017645594
-0.0003074257398272,9.18290241592051e-05,0.460601153520951,2.21742825950493,2424.39800342324,2925.85861721833,4.00867280409886,3.56666411713856,2.63924730664254,14.3347391430589,0.740555240201007,0.13810567240823,0.70326415091623
-0.0002881483425747,8.05459571773776e-05,0.399781661302885,2.52427242406558,2532.66392846594,2893.37603194114,4.01939213459308,3.58724504570628,2.77649382948793,14.1752289062998,0.773643322064582,0.136112125535561,0.701529534223757
-0.0003010425562281,8.89710244193192e-05,0.436156368842303,2.29798764656683,2502.10199636247,2786.03530127741,3.99923394566817,3.58015832620508,2.73769408738269,13.6497490618504,0.764316135621283,0.132701971835993,0.734484206383807
-0.0002888384552879,8.9576097168933e-05,0.444847541039131,2.26395841486264,2456.27281212406,2994.01445186927,4.00164796662157,3.57304026707109,2.67842157301669,14.6685271149016,0.750318962343898,0.141798641834202,0.735964605282442
-0.0002879203304945,9.11211791028822e-05,0.452863302611879,2.21206815227934,2445.81975522494,2887.60950290147,4.00761528122694,3.56712070717869,2.66522217853071,14.1476886434581,0.747103888647013,0.137763324169595,0.711972874021743
-0.0002897211672467,9.13371327836071e-05,0.455196846963987,2.21075095276713,2436.49151560659,2894.15599808176,4.00753554679055,3.56188770661871,2.65351231945133,14.1795749373074,0.744248954072776,0.138327387302912,0.70783279699665
-0.0002886341057666,9.1715702021358e-05,0.457697855040364,2.19160037732876,2430.25733502537,2899.57776165481,4.00956839459543,3.55872995594898,2.64604230484259,14.2063240353399,0.742361158260594,0.138552205694823,0.705003227446731
-0.0002922252585588,9.17678611111728e-05,0.458957028609511,2.19158136357112,2425.66379776211,2895.7810372995,4.00899907075442,3.56748933326907,2.64092527373402,14.1874189252796,0.740946034084593,0.13839824656239,0.703094526861852
-0.0002834102627781,9.06189017923547e-05,0.450474036173325,2.23735327461458,2420.8215418304,3024.26560148717,4.00472943106694,3.56919901545455,2.63829123573134,14.816802555609,0.739487595885394,0.142425538326004,0.723280534376511
-0.0002967186809534,9.17186233983833e-05,0.458446044033975,2.20760205491754,2415.99429094589,2874.37751325188,4.00943491659092,3.56778744371926,2.63324032907826,14.082885481704,0.73801595049749,0.136845698068978,0.702647866084155
-0.0003002163102746,9.17236585404018e-05,0.459290180226992,2.18597212994586,2398.55688959638,2842.40925939688,4.00820582463191,3.56976173836508,2.61236673197554,13.9260057427657,0.732687431058185,0.135360497171364,0.699887246723485
-0.0002979978183952,9.22856795617063e-05,0.465699831590454,2.15027289167884,2386.65038845199,2870.68974695858,4.01035558059812,3.56164546954779,2.59653452368023,14.0648587337652,0.729051027212191,0.137370854585898,0.694396812205824
-0.0002954714165486,9.24880277815722e-05,0.466234204728588,2.14808461780696,2377.99399577796,2894.59539055802,4.01153681221909,3.55693878656552,2.58562584352351,14.1819884558635,0.726329920606463,0.138256879929302,0.691208285236451
-0.0003103488595216,9.2823744379526e-05,0.467821475272857,2.1545250568372,2371.40043940669,2893.14210813102,4.01308685212623,3.55394290406027,2.57792427483148,14.1752604507725,0.724305777641513,0.13803206158885,0.689040586988067
-0.0002940252006214,9.287539352592e-05,0.468970792258774,2.16343249855016,2366.60356740569,2895.22031132784,4.01252606558421,3.56266919076443,2.57258738961421,14.1849701002996,0.72285295454188,0.138185485158814,0.687075912249954
-0.0002853615486703,9.15004116004453e-05,0.463624834812135,2.16483060562545,2354.30660855054,3069.59234998113,4.01133576966822,3.55731886327267,2.55850232344438,15.0391936324954,0.719090770664161,0.144994894172938,0.702422790737047
-0.0003064823845921,9.33335617513283e-05,0.473221862115706,2.14125411619146,2372.32366358538,2906.90785530361,4.01450212228866,3.55884544054667,2.58237264549556,14.2422792275485,0.724602971299621,0.138037587567568,0.684177433018108
-0.000330999576381,9.0840130023791e-05,0.441189155804637,2.27553652358272,2390.69847517967,2586.04550792711,4.01059550322019,3.57342115743661,2.60858325650415,12.6697606075645,0.730295964345015,0.125747529971356,0.689885599729565
-0.0003025244155922,9.42267793082287e-05,0.47533941255548,2.1125046216691,2351.22653833288,2908.01477820106,4.01089437364593,3.555090919137,2.55448337047561,14.2475878926425,0.718194179092404,0.138598337212011,0.689420722090012
-0.0002976627970851,9.47631934306028e-05,0.480162367641304,2.10045623738488,2338.00755188119,2925.0134196459,4.01531580162048,3.55724135229859,2.53729920694365,14.3312410737578,0.714155965542464,0.139487662791886,0.680084353423717
-0.0002894534043989,9.5548362176512e-05,0.490676172055641,2.06226950066066,2326.96091145935,2979.590586223,4.0168907254692,3.55076388165921,2.52342999726874,14.5984436362945,0.710764015427407,0.142687435505626,0.67600762343125
-0.000285387889482,9.60198949641541e-05,0.493135189640477,2.05209312990487,2318.49214276194,3006.76210450701,4.01804125113565,3.54600976690461,2.51297152420879,14.7312891593291,0.708166812181349,0.143752235533217,0.672939965229441
-0.0002881332715058,9.63237064423036e-05,0.494494411867676,2.0353544958907,2310.85189287338,3018.40216211206,4.01842137801746,3.55226585803888,2.50346451636172,14.7884663924047,0.70585577826858,0.144276479020658,0.670537038482035
-0.0002890637437782,9.66008428025393e-05,0.496227807070286,2.02682548438583,2303.47705741427,3027.19879202553,4.01859878102938,3.54824362045679,2.49447270866582,14.8318464140429,0.703592715709517,0.144941547269195,0.668273825395278
-0.0002786929159711,9.52127264982185e-05,0.490089924101298,2.04649483150878,2292.38321025367,3236.16405687254,4.01903643569008,3.54290762008765,2.481437105808,15.8556608937212,0.700183177632647,0.152162390909489,0.682864246752904
-0.0002983194550242,9.68962499305378e-05,0.502323746387413,2.00334064036282,2294.44568661435,3034.74632401756,4.01957279642423,3.54694853073511,2.48605998086447,14.868488266716,0.70082668333495,0.143662564037795,0.665818712674169
-0.0002862426184473,9.68443220432745e-05,0.498486384169214,2.01311206210924,2298.32121628174,3022.77739206137,4.02030398249626,3.54936851904942,2.49107346739439,14.8098737751078,0.702032995565143,0.144104747329566,0.664505195245526
-0.00028903132663,9.71292508199082e-05,0.503152909804203,2.00709731963635,2289.83672402636,2998.44979920454,4.01850972771645,3.54620344516558,2.48172672363853,14.690469159265,0.69941743631802,0.143054670307945,0.665393229295998
-0.0002928649037301,9.75167572288211e-05,0.499378890479073,2.01883291706516,2276.53980230115,3038.93317146966,4.02047962701621,3.54666705255385,2.46330085463195,14.888582153597,0.695345771793769,0.144924756648673,0.662452232322457
-0.0002879543270446,9.79855885295237e-05,0.505747926432176,1.98570364689115,2268.10237753252,3052.01097387221,4.02185183864529,3.54184622578807,2.45289880595978,14.9531136237998,0.692758762478971,0.145825254993898,0.658591485958026
-0.0002857962578281,9.85216942190683e-05,0.51295691853987,1.95378614996568,2246.1805384694,3059.47939821868,4.02253630426195,3.53772154293562,2.42414103516856,14.9895348915418,0.686036600048391,0.146492462030791,0.65547327109388
-0.0002836461610528,9.94303796387873e-05,0.518374284915503,1.94218691917383,2236.00893856265,3132.99337950972,4.02475547999666,3.5315081069344,2.41149934083751,15.3498738909522,0.682950164400541,0.150051988064384,0.649190877053333
-0.0002739834772118,0.0001000985856113,0.522796366157512,1.92801085055815,2228.05576924252,3153.68040918792,4.02701761638909,3.52661958493684,2.40148965998811,15.4514590991196,0.680508177394322,0.151225293526424,0.6462412359876
-0.0002818577688467,0.0001004091419883,0.528008446680091,1.89673289069202,2226.25882305478,3158.00859270798,4.02697980509395,3.52635118835851,2.39981196285171,15.4724589537675,0.679956314140838,0.151237290243489,0.644229111409134
-0.0002938271271474,0.0001003340225367,0.527552384826452,1.89916245222747,2229.71242091333,3131.44706422632,4.02586808035859,3.53020024299622,2.40533263329876,15.3426060653258,0.68101116664609,0.148694355366842,0.645062324450399
-0.0002731071895118,9.79547863144985e-05,0.514082337942852,1.94871908482914,2223.02482078609,3324.28727735276,4.02377823714552,3.5291735435787,2.39919881309238,16.2872220691574,0.678994228689138,0.155720115816977,0.663504139025443
-0.0002895837107338,0.0001006219763684,0.525995125959227,1.91394671130192,2216.39990661148,3143.21241505555,4.02532654314969,3.53533452351888,2.39026694046584,15.4002749747385,0.676941801143924,0.14910931759607,0.644853057019502
-0.0002781914508057,0.0001012016291862,0.53015599386923,1.89963646598739,2206.41531977389,3160.35228619829,4.02626340091228,3.52855474154154,2.37737286043781,15.483795898123,0.673892389266109,0.15091348593747,0.641189957764599
-0.000273620400932,0.0001018129753519,0.538019669864844,1.87688657743316,2201.74388769775,3170.39890334458,4.02753214793162,3.52605739275614,2.3718286407083,15.5329308230906,0.67247256176789,0.152042609700284,0.637928645174116
-0.0002828324784266,0.0001020657009981,0.536540525567509,1.87111397436965,2195.55630462698,3175.03970542119,4.02802800917411,3.52228868484497,2.36416339706963,15.5561094355864,0.670590715840157,0.151451168591993,0.637124964070242
-0.0002771232641495,0.0001023841403173,0.540354651801675,1.86238395059959,2191.71259677422,3189.13299442374,4.02816020792181,3.51967045466105,2.35914133535564,15.6251150773144,0.6694016526713,0.152454669072455,0.635066787421702
-0.0002806192709347,0.0001025604483443,0.543785710646651,1.8546775965453,2187.80642563384,3190.27356187394,4.02897553660653,3.52890365832561,2.3547267201815,15.630705207548,0.668225297274823,0.152572160217588,0.634031780207948
-0.0002740390140762,0.000102870923262,0.543765147311781,1.84819593121843,2183.27312582592,3199.91418248671,4.02969962033359,3.52629817820884,2.34913782841177,15.6775626164149,0.666817913765165,0.153166630110967,0.632813269827415
-0.000278927050388,0.0001030516958258,0.545648864886301,1.8607389784789,2187.10369165457,3198.61732997122,4.03053993095051,3.53059252210565,2.35524013289657,15.6717454921789,0.667996738995795,0.152935979357722,0.631828363614968
-0.0002909877906956,0.0001026418285625,0.538207815725075,1.87073829653241,2186.79092250264,3168.55535824789,4.02819406552748,3.531163499162,2.35536911914867,15.5246620236732,0.667900119148318,0.150377176297893,0.6339702454769
-0.00027886999266,0.0001026943199941,0.542811243188501,1.84599509026069,2189.1480580598,3164.30573668831,4.02812049172141,3.53375367216162,2.3590280340941,15.5034863359365,0.668609218401964,0.151361909523974,0.632971680980956
-0.0002719375529998,8.73234583387593e-05,0.459480361167333,2.19232882988941,2284.6021699771,3169.68124650282,4.03819762049494,3.54873757790296,2.4790929216474,15.5293562109779,0.697785490096771,0.148672398789179,0.633986630570477
-0.0002675051551886,9.77359632212236e-05,0.513782887713653,1.95679813864945,2244.96058647359,3061.93327896951,4.0180839971334,3.54463362693787,2.4280061941104,15.001626302273,0.685679040920526,0.145268721378437,0.665503700343693
-0.0002782439004299,0.0001000762420569,0.522701849882682,1.92685006253818,2218.22816860792,3110.46300321455,4.02353695993838,3.53626050313314,2.39244875136329,15.2400428370838,0.677510995074843,0.14900568338373,0.650277246594073
-0.0002587808248027,0.000101140888168,0.534944355266144,1.87798237177064,2200.47841743653,3149.19700094003,4.02738953480678,3.52543142954508,2.37030489875809,15.4290682818412,0.672071518345265,0.150537975294335,0.642083289904312
-0.0002661266849484,0.0001019524262195,0.536965888877587,1.87360194845434,2185.71335089261,3162.39962615441,4.02851658468848,3.52827143346941,2.352523844947,15.494076069258,0.667572279799623,0.152134698904864,0.636573299132503
-0.0002837088770069,0.0001029480205349,0.546878289718827,1.83178786991245,2177.23077370023,3180.88362467611,4.03010726408525,3.52387207585412,2.34249642760651,15.5849082094736,0.664970162579612,0.15238795969368,0.632785049456925
-0.0002723397512937,0.0001033588267852,0.545182998410821,1.83786029645506,2165.54312867262,3189.41472239157,4.03042758495436,3.51744914377058,2.32852279958158,15.62631992374,0.661403822105872,0.153690236294361,0.629832661426007
-0.0002722740383072,0.0001038770635341,0.55175764935649,1.84303281923649,2162.68229348607,3193.82326146742,4.03100119034449,3.51706193266688,2.32598761633406,15.6483683051565,0.660555841977327,0.153950306849211,0.626652018196753
-0.0002717500119333,0.0001035251588422,0.550431733463219,1.82141956263734,2164.18232168791,3161.8532168142,4.03043758427655,3.5206934245857,2.32968445174115,15.4915212890581,0.661012499059788,0.15247741555482,0.626292806049632
-0.0002734314384521,0.0001021778320873,0.535544854221466,1.87536686415501,2165.93276739721,3037.543877256,4.02954949899153,3.52470775230511,2.3338429747503,14.8821538111281,0.661547147245296,0.14714169038782,0.627695716941624
-0.000281385329724,0.0001036153900843,0.54735508467461,1.83127439112278,2143.3701269749,3142.18169848775,4.03096820673811,3.52081080985396,2.3050983345558,15.3955613516409,0.654663239520754,0.151516744729421,0.626703508442683
-0.0002659621415517,0.0001038531598358,0.550626957221232,1.81870442422727,2124.85475610867,3144.58777154717,4.03251443622268,3.51894385615985,2.28098967167032,15.4070517550934,0.648983893131242,0.151728610914352,0.62008187708439
-0.0002635193006902,0.0001050326574033,0.561171925251127,1.79191083080485,2107.29235228454,3198.02566329083,4.03452198164804,3.50890918241607,2.25983681925698,15.6691200394774,0.643604963295836,0.154452825575257,0.614880861527428
-0.0002592841388642,0.0001061130481193,0.567158346627028,1.78577231839386,2090.24567189688,3258.88199572626,4.03677565843156,3.50758934356797,2.23752999110851,15.9666861895348,0.638407020218977,0.157332419220277,0.60941179892992
-0.0002591342916765,0.0001071154975952,0.575399343461345,1.74011510958878,2076.88650865157,3279.75656212367,4.03897202949898,3.49883838774453,2.22074430986733,16.0694576895777,0.634305281317572,0.15851311207284,0.604622615308232
-0.0002657975524014,0.0001076733529093,0.577030701891866,1.75909327117591,2068.82399005946,3293.10008497836,4.04048738857307,3.50560042858124,2.21118496330686,16.1347224533994,0.631862568772982,0.159272867652583,0.601056505531303
-0.0002539227872053,0.0001082130025163,0.579511864070704,1.750102635511,2060.93350108311,3299.30468920115,4.04051460981369,3.50138214656285,2.20186521486385,16.1648120745076,0.629421924506774,0.159535473688962,0.598746864244561
-0.0002584003603703,0.0001085165026239,0.584965847901547,1.72871533401585,2063.08995719528,3311.33397576961,4.04176762104034,3.50397694792066,2.20538497255903,16.2236854637842,0.630102155863008,0.159829917001003,0.596759364344269
-0.0002682306100205,0.0001083958095541,0.579310062724712,1.74136616661593,2067.68355416728,3259.61644477429,4.03886174440384,3.5114953824452,2.21404463833885,15.9698230091297,0.631520262129211,0.157267816575747,0.59805415597508
-0.0002688923573923,0.0001079711249182,0.573342190107573,1.7573759563296,2065.13689050788,3244.46042510989,4.03920193709949,3.51181915487562,2.21208477275686,15.8962334386301,0.630724646882858,0.156805898670606,0.599397493675835
-0.0002707910677552,0.0001080819866297,0.57931243024683,1.73016449890792,2071.15235909153,3233.80449918879,4.03895990683301,3.50618936981953,2.22078710509889,15.8438280914021,0.632548137351991,0.155941413569181,0.598824463178174
-0.0002840059236896,0.0001079215944144,0.575405201592101,1.7625027246787,2043.70183517956,3210.22676627367,4.03731507413528,3.49696960449219,2.18473046543839,15.7291587753075,0.624133518015679,0.152660252399542,0.599940829431854
-0.0002675170298906,0.0001102861166499,0.595090157895043,1.69334850915623,2026.09061240859,3296.05322308213,4.04054257091211,3.49795120349829,2.1634736351614,16.1489938318427,0.618740247710821,0.159257116549469,0.591531988639629
-0.0002585850485367,0.0001110159205808,0.600071154181469,1.67044778978528,2019.77794878854,3312.50577917931,4.0421666681152,3.49404248983964,2.15583094635482,16.2300662892088,0.616821486244833,0.159966810792024,0.587030965327543
-0.0002675208593642,0.0001115160120468,0.602622205758086,1.66478908760882,2011.93445872795,3318.2557591536,4.04377220586403,3.48997188305509,2.14674324330639,16.258006587393,0.614412738723848,0.160394669835139,0.585322373296888
-0.0002603745539103,0.0001120921239673,0.60145302342854,1.66770940726639,2005.95005069172,3325.39620052057,4.04307589431604,3.4992640263894,2.14035796157983,16.2931926938872,0.612586854198337,0.160719181000055,0.583243636842415
-0.00026411921031,0.0001126382796704,0.606663254080308,1.65260396931603,2000.74697962767,3337.67733560799,4.04458007713159,3.49609772598042,2.13414921575464,16.3533429031103,0.611012715354493,0.161076667332301,0.581482174459052
-0.0002622505982917,0.0001133006637615,0.609094171705896,1.64900738113333,2006.95007676439,3349.00528403095,4.04353906731856,3.50240889717551,2.14319873017624,16.4088050596305,0.612907051515694,0.161550261402503,0.580360031082317
-0.000262370390353,0.0001121368353955,0.604277035704714,1.67994658465589,2011.35653495404,3279.10033541484,4.04291270688637,3.49690481199734,2.15077824059899,16.0659275249086,0.61427380104529,0.158087181592271,0.582528223440997
-0.0002768602929354,0.0001120117171875,0.605535039784089,1.66012200848324,2003.62192326685,3268.46018341213,4.04217003547039,3.50400156834546,2.14144245441276,16.0135589406763,0.611892185843962,0.157007501703358,0.58381504309371
-0.0002803854298615,0.0001124404716672,0.602286407963624,1.66394495721523,1992.84112462954,3274.23890412721,4.04227998356025,3.49676432679681,2.12810792860919,16.0417446873502,0.608616451351116,0.157235243869293,0.581736858646268
-0.0002658402633812,0.0001133300497843,0.616974771175916,1.63000502025315,1969.09129655018,3312.08387210203,4.04363790311311,3.49230186974824,2.09841728874434,16.22737081971,0.601344022393893,0.159513468003523,0.577525083180921
-0.0002599708864356,0.000114651884335,0.619153763621296,1.6365959341818,1961.85701703478,3347.30217273865,4.04654751798158,3.48716502047297,2.08930600657896,16.3998597623402,0.599139294695348,0.161861060525548,0.570953695020556
-0.0002660258769691,0.0001156433489461,0.626665020917499,1.59886536697035,1947.65407798043,3363.25683325174,4.04643531985905,3.49013003074762,2.07211162447578,16.4785115765565,0.594783687072579,0.162303293144822,0.569159225688742
-0.0002597079109204,0.0001161631136444,0.632038084576861,1.5893254431367,1940.9354205188,3370.36394617392,4.04792351513119,3.4862570401394,2.06424192964616,16.5137163210204,0.592734581131193,0.162966426848365,0.564956019368175
-0.0002672313938689,0.0001171256661525,0.637138915801692,1.57344881035846,1933.57617756101,3383.50426796405,4.04760826163822,3.48166537284851,2.05534055399164,16.5775464882534,0.590472621897011,0.162999455137779,0.563404269254187
-0.0002464293785038,0.0001175963897168,0.63560590033095,1.57561280099324,1927.31056221464,3390.16048104007,4.049088634385,3.47860916816827,2.04839616383921,16.6104834290566,0.588576943723083,0.1637503526934,0.560921656066176
-0.0002536182131558,0.0001181596119548,0.641395277383442,1.56560462397777,1919.67000417312,3395.26965244225,4.04853917507643,3.48561998880826,2.03909233246902,16.634831798122,0.586231900112573,0.164321550744285,0.55904359732134
-0.0002714557681466,0.0001187141552439,0.644621386425267,1.55636084722574,1912.71696392237,3403.59754589514,4.05000888095813,3.48237978128286,2.0314097592615,16.6756416550845,0.584102519463249,0.163001990754087,0.557966556123785
-0.0002673004828284,0.0001193712902663,0.653052275191281,1.53736885206885,1905.57640637585,3408.25377615367,4.04966785961931,3.47757551486676,2.02267871905892,16.6983025833641,0.581928690442097,0.163809168153595,0.555634176252698
-0.0002519636709032,0.0001133650056796,0.62871269178636,1.59509413939497,1964.73299216473,3589.65864784073,4.05022548057221,3.50162600047553,2.10066753491607,17.5875213425867,0.60004769203646,0.170433629918729,0.574428737755794
-0.0002796425751746,0.0001157000944958,0.63121359861191,1.60204021316974,1982.98301924759,3228.86868243472,4.04109203689977,3.50347305396024,2.1242813935587,15.8194805598531,0.605639055667921,0.154025962031259,0.572623650428143
-0.0002746839577383,0.0001147560779345,0.629119799819522,1.59990686200334,1988.87373765535,3178.41657320986,4.03820923964183,3.50844152184094,2.13225417659614,15.571955330147,0.607442907993324,0.152297053442077,0.576428560406714
-0.0002814373249204,0.0001143071528809,0.623383135099903,1.60737929377768,1992.21539975551,3158.13599982572,4.03813956693276,3.51076981951209,2.13643244952562,15.472745244996,0.60845754805376,0.151195001300095,0.578051339689231
-0.0002917547031984,0.0001141966253595,0.62435633485193,1.60575718546935,1991.03015603352,3149.43318884797,4.03713489807758,3.51057221959619,2.13534858725506,15.4298864292555,0.60810004912398,0.149812908164769,0.579359289550745
-0.0002759608158855,0.000114117900777,0.619892950250664,1.61565454453989,1990.79625419807,3146.16766697768,4.03721834458027,3.51053650940166,2.13516945517845,15.4139310553896,0.608041146190969,0.15086364001853,0.578420165907035
-0.0002742254234759,0.0001140599491075,0.621237714705388,1.61462735204655,1988.96795224212,3139.9963258768,4.03726006045784,3.5095747183351,2.13309909953984,15.3841113512404,0.607491659225475,0.150661315404382,0.578327708389935
-0.0002921737872587,0.0001140657143312,0.622939198809342,1.62843765087557,1987.03022064874,3136.93378179456,4.03723502404911,3.50851769657696,2.13082348163819,15.3694350787126,0.606894889990027,0.149244865572822,0.578514433209324
-0.0002780664428614,0.0001141079125251,0.623714411009881,1.61337523055152,1984.06153421872,3118.68379443063,4.03740357861076,3.50700596851461,2.12746990316614,15.2794076175144,0.605995829578194,0.149868731656649,0.577128929790184
-0.0002465705420142,0.000101425565306,0.578850946653331,1.73172374044726,1969.90373988402,3659.12467493946,4.05497405264113,3.49819016812453,2.10291324198667,17.9279724735598,0.60165481693416,0.170415311486722,0.570400939620469
-0.0002685066603938,0.0001132016088019,0.625584177749225,1.61341610914608,1926.74829806441,3356.89331652503,4.04462964660243,3.4815034902457,2.04994011110358,16.4469677364603,0.588481133378577,0.159619676988256,0.576808784966805
-0.000259389073044,0.0001170947319156,0.640851364379965,1.56514310242146,1896.43616859095,3338.89574525472,4.04719095495012,3.47380233177772,2.01316142807658,16.3587760470579,0.579213417779634,0.160804441899169,0.56002949200556
-0.0002547209917196,0.0001197192266765,0.656109544872323,1.5268758784467,1874.56130864925,3387.67586827053,4.05171716484157,3.47068672627211,1.98614145941015,16.5982419206724,0.572515766029489,0.163669980704607,0.550645383896677
-0.0002539328295997,0.0001218714573797,0.666595852974106,1.507414127373,1856.98358408109,3411.75353360106,4.05302795975707,3.4723416434394,1.96553186138001,16.7157661740592,0.567147099896439,0.164861309533322,0.544272845809752
-0.0002479117476234,0.0001232094055648,0.674619512614609,1.48572913201873,1841.06202805956,3427.95638575913,4.05339324758166,3.46160579484606,1.94624658748139,16.7959152531965,0.562297442214634,0.165581584025718,0.539288934114166
-0.0002420673597894,0.0001246339954946,0.6841736965972,1.4707586630585,1825.60915731592,3425.72225233621,4.05471274651677,3.46477022863204,1.92831075958863,16.784166165992,0.557573066639065,0.165491619699956,0.534567560600047
-0.0002606499693411,0.0001257348367314,0.691407937016176,1.4496893389816,1818.4843241394,3439.12837452766,4.05578015199522,3.46117741830887,1.92041770085742,16.8501860555155,0.555403535197841,0.165918799539365,0.530906283139627
-0.0002364417471258,0.0001262588824815,0.696280026707681,1.44469931002697,1806.84172087471,3440.31567093564,4.0569192520002,3.4538116070532,1.90652465186165,16.8558663394458,0.551817937371489,0.165510014581226,0.528516953299242
-0.0002348261397913,0.0001271357120316,0.699021496836617,1.43335705017245,1813.00015663654,3442.64414126014,4.05713173783856,3.460947644326,1.91575360004049,16.8669721505436,0.553724232928631,0.165650893051477,0.52585194669789
-0.0002511437827585,0.000125796562146,0.689868657670952,1.45237031432101,1805.4853467731,3386.22533554165,4.05575645551449,3.45751931205873,1.90759300232634,16.5908677799463,0.551429548627498,0.163562313529979,0.527289416450775
-0.0002609288200932,0.0001265862913356,0.6858594012384,1.46427375634898,1786.15682789683,3398.37706217342,4.056376280608,3.45565548881155,1.88372344668645,16.6504399776205,0.545538714830624,0.164024568732617,0.525218864426466
-0.0002459482099087,0.0001277147524734,0.695572965119946,1.44376271069361,1793.28192026941,3436.01938422724,4.0595997184515,3.46365159065997,1.89406234484287,16.8345839044623,0.547712344079845,0.166000455076583,0.519924819597941
-0.0002462925583478,0.0001262292739542,0.690596299649728,1.45112799762475,1790.23508315883,3346.7086238722,4.05737355903343,3.46181246491729,1.89052249966331,16.3980208330438,0.546783620330643,0.161812031810562,0.521829689193352
-0.0002434201539091,0.00012762269766,0.699182766062115,1.43866624411665,1750.00123012236,3375.00490554263,4.05690228641033,3.44418906768163,1.84060746051561,16.5361282086335,0.534477153427313,0.162540195962239,0.519779235212198
-0.0002404423986693,0.0001312219076151,0.718613116247249,1.39686528676051,1739.48598305124,3468.5185317626,4.06248334475926,3.44979841022168,1.82814780402175,16.9939248182422,0.531264963767105,0.167618752555603,0.508814015990984
-0.0002359270336003,0.000132108370527,0.722052452483302,1.390735115209,1739.36049523196,3474.3620548702,4.0623421041589,3.44999047861261,1.82815626063254,17.0231513632285,0.531229647032916,0.167023428936447,0.506190227589794
-0.000241861145165,0.0001312167890034,0.721088157037739,1.39474468082531,1755.8924064064,3418.75400868393,4.06193672836601,3.4535029053688,1.85065491759801,16.7504236139626,0.53629564624801,0.165052890800163,0.507006364833347
-0.0002369976732682,0.0001301866652871,0.712409029984156,1.40658062057028,1760.89198133542,3385.09859441608,4.05893708803715,3.45774430433909,1.85714084317277,16.5848099732209,0.537831729673233,0.162529764471622,0.511567571203011
-0.0002462559144311,0.000129749317424,0.711637321832627,1.41906195863327,1759.75126494415,3368.59875324002,4.05908306339119,3.45791968107223,1.85619374714636,16.5044345965928,0.537453758032678,0.162535847922082,0.512750890283118
-0.0002629922997255,0.0001295479309654,0.713491267680799,1.40687699815138,1760.4544321532,3353.20860344628,4.05869576297229,3.46016988754272,1.85810136123782,16.429897727094,0.537692586733258,0.162155586847195,0.512786204504703
-0.0002375887963322,0.0001288423427617,0.709365822838604,1.41440167369054,1778.9543608879,3326.63119558824,4.05746827548063,3.4637020142352,1.88233841874697,16.2982920749528,0.543354647932035,0.159331275849046,0.513503316886235
-0.000254833737305,0.000127405216412,0.700444750474005,1.43221080767497,1766.72008224111,3273.35113166005,4.0550392144992,3.46877951622009,1.86802518294582,16.0375815352283,0.539616356234753,0.158180646827699,0.518221581158543
-0.0002430767825222,0.0001280866770073,0.701972647703972,1.42662517601733,1750.06425340584,3273.5701416102,4.05620819926262,3.45865896145503,1.84869077631624,16.038737024821,0.534517486913882,0.157144424110408,0.514861528853172
-0.0002658452528783,0.0001298959274317,0.715347661938934,1.39983525502631,1734.6892851642,3291.85051623354,4.05914041060436,3.45894083734286,1.82915769229916,16.1281791646552,0.52980621459997,0.159956655065452,0.509321064014092
-0.0002578519105453,0.0001308369395685,0.72309301607654,1.38877120366891,1726.89479039994,3307.05349772624,4.05996027970925,3.45420226000123,1.82019997110169,16.2026272306025,0.527434923379338,0.16021379188035,0.505498175727336
-0.0002383614583419,0.0001313278478918,0.718045326609338,1.39763520348401,1716.81496240708,3308.41265442793,4.05986166000366,3.44727957854837,1.80813931004975,16.2092454948436,0.524353977104362,0.158663037035698,0.503397801351715
-0.0002540041270825,0.0001323304697989,0.72797514043905,1.37686101709469,1693.47124514097,3310.33656242862,4.05999047191519,3.4457791797046,1.78122670838126,16.2193801084328,0.51722547978074,0.160651490194334,0.500496474872501
-0.0002332975032331,0.0001348162584888,0.737858089276956,1.35905911982199,1663.19070116832,3361.84883175374,4.06414823274355,3.43419489525912,1.74334953589328,16.4713570923067,0.507967684848028,0.161872799260757,0.493094072530257
-0.0002591866255193,0.0001371108624228,0.752197640215149,1.33085840206133,1650.73738462667,3386.0983355536,4.06667526563009,3.43837101544653,1.72850829155073,16.5899430105132,0.504168519294995,0.162715113596838,0.485198568328552
-0.0002344133818493,0.0001382448406536,0.758150363003468,1.32024074016382,1650.7842567364,3389.31705203044,4.0671120327963,3.44094384568078,1.72984396805161,16.6060663786153,0.504176808104007,0.163243144604146,0.481978971349164
-0.0002373482349443,0.0001383511206704,0.758064231017304,1.32030708787682,1642.90717366163,3361.05206739178,4.06576680465483,3.43681286914008,1.72120363674643,16.4674511394312,0.501764843827924,0.161984115477274,0.481822972712335
-0.0002459033480418,0.0001386909419457,0.760035210674429,1.31906118158189,1626.47207235222,3360.33304790399,4.0672944599474,3.4244864157268,1.70131163704365,16.4640855557604,0.496740458994752,0.162800415094929,0.479472965900972
-0.0002595974980072,0.0001404465945288,0.762557165724547,1.31488767364097,1621.78476365673,3365.20758427848,4.06725876918737,3.42241948417255,1.69654281345,16.4877183621158,0.49535546661206,0.161855489531389,0.474673888232722
-0.0002556337520994,0.0001409377338287,0.771197327265357,1.29911503493197,1606.40986561007,3369.14518653491,4.0678734537484,3.42495337399569,1.67853641332093,16.5072489531238,0.490664725152479,0.162583738199625,0.473327714272603
-0.0002578970923159,0.0001420313659424,0.770974658359598,1.29977501597911,1596.56615282904,3358.78617134166,4.06859949406456,3.41869868365201,1.66723418548356,16.4550538864863,0.487646779582246,0.161605043870026,0.468911135618137
-0.0002837987380364,0.0001306329390597,0.73662243612759,1.36160215257572,1542.8644007993,3017.43373383587,4.06611315740479,3.40948887591092,1.60527615351919,14.7827671136039,0.471241336834793,0.147881825057803,0.470161725677524
-0.0002699824861625,0.0001375766424041,0.767867585012101,1.30454145515574,1509.6931337202,3083.22922215753,4.07345232323035,3.40133854059073,1.56757730467012,15.1052520744151,0.461123199672434,0.15063076381834,0.449137001856952
-0.0002668190788749,0.0001407083793915,0.782851830942193,1.28499519850488,1495.75615233929,3085.58860488525,4.07568105917711,3.40826995700013,1.55285161656857,15.1172293902815,0.456852796117499,0.150738479687601,0.440726437164586
-0.0002650140707009,0.0001431088717816,0.792366627138627,1.26494204024512,1439.11626097736,3113.29135499746,4.07478784379505,3.39633647276431,1.48780596571052,15.2531113555606,0.43955596324297,0.151461570121847,0.436889827075689
-0.0002650227717371,0.0001494871613868,0.82296185807365,1.21589020318858,1406.30417280761,3140.71240841482,4.07897145465269,3.38963424662749,1.45135089827142,15.3872187029801,0.429517417069064,0.152105811309319,0.421093298657779
-0.0002526795745393,0.0001533000204302,0.843034584781701,1.18694841583128,1381.30453717343,3139.86865060574,4.08127772598936,3.37437315285206,1.42403691012851,15.3827454550204,0.421886153405288,0.151885845365264,0.412061850378188
-0.0002552991903988,0.000155781278906,0.854061835465177,1.17411948605907,1360.47689415351,3132.68118566157,4.08397711600576,3.37620240576724,1.40146187174226,15.348415773841,0.415521636003604,0.151391856188249,0.405191284186729
-0.0002464306261365,0.0001582801212762,0.86482929638208,1.15759077570987,1342.66464197038,3136.66509543554,4.08580625273965,3.38017698992854,1.38221951196278,15.3669643983841,0.41007360968416,0.150352842919256,0.399628867014737
-0.0002560875248342,0.0001612969283148,0.870474997538111,1.15109025304609,1325.07122134281,3130.54053370824,4.08505943586241,3.36912652720576,1.36310553900179,15.3377346002475,0.404715008570273,0.150511871475387,0.39455774588015
-0.0002528802995422,0.0001635479311893,0.883916655303926,1.1338359405029,1295.89986985411,3126.82190280082,4.08613698299115,3.36627975569831,1.33167746293264,15.3193366016182,0.395787231505914,0.149906546880546,0.389804517370252
-0.0002499689221145,0.0001665632598422,0.896637825223464,1.11737115794608,1292.79051652388,3116.46524326359,4.08994858405169,3.36436591678196,1.32832239444134,15.268727991822,0.394837260363167,0.149008330972119,0.381656348800011
-0.0002491591947376,0.0001669425995439,0.896908177179141,1.11605335137576,1293.00909386588,3117.57213276783,4.09016126744887,3.36567897266812,1.32910543770069,15.2742276040014,0.394920466786949,0.148702707610251,0.381031017137524
-0.000248614570018,0.0001665377102749,0.896555523700486,1.11830055271216,1308.13412246098,3095.96325350682,4.08910420829174,3.37895002894931,1.34701596321555,15.1683781956585,0.39953127420349,0.147530150497634,0.381443153720679
-0.0002473708876883,0.0001646205708822,0.884761021531853,1.13162659213054,1304.46259046858,3084.46348551157,4.08741958324726,3.37875936296251,1.34389904623709,15.1122188876441,0.398406153438211,0.146884481453355,0.385714309062616
-0.0002672125814345,0.0001651393084853,0.887719370138942,1.12814644465053,1293.00955607783,3081.80706980126,4.08838162972377,3.37315090497335,1.3321396687102,15.0988212912206,0.394907056214893,0.147947559969284,0.384615662509609
-0.0002508464170488,0.0001667202191177,0.888756249483886,1.12719025903592,1283.74390022748,3071.36982069505,4.08844399452209,3.38314931501042,1.32242049497419,15.0472621198557,0.392095527761898,0.146747550897091,0.381415359586855
-0.0002620266759446,0.0001689186688562,0.900808690078513,1.1134519462103,1257.66625888638,3082.99474259227,4.08847650051117,3.38224687687186,1.29428651082263,15.1043325704373,0.384127128057278,0.147836893969805,0.378752144322164
-0.0002474503351849,0.0001720615253994,0.915349038958596,1.09399565621681,1233.7449413226,3075.04162255509,4.09175793492064,3.36345683696658,1.26715178793673,15.0655133797971,0.376820546534922,0.146188502350216,0.371199174571913
-0.0002448557162228,0.0001759488299433,0.92700794896617,1.08130045263543,1215.58888451256,3071.85422774145,4.09234011934159,3.36834676492782,1.247915244891,15.0500792642818,0.371257126174179,0.145285999620305,0.364656966456079
-0.0002457295861068,0.0001535964667451,0.878438850501626,1.14030004533547,1198.37051840124,3382.69279587088,4.08489084677263,3.37370816091212,1.22962591582042,16.5731163074195,0.366002540185082,0.15985588968365,0.41066042429316
-0.000268824495189,0.000180941482187,0.939663028492522,1.06504432388408,1187.19851612404,3081.08841200994,4.09463606410556,3.36617456412897,1.2176591611591,15.0951198045413,0.362614304886691,0.144274568895167,0.355348078588288
-0.00024893376283,0.000182362174603,0.945842223266106,1.05908231007254,1172.46448781693,3057.97938417713,4.09679455757141,3.35659961002629,1.20194312630802,14.98146148578,0.358124547211981,0.14368272859844,0.351779257147874
-0.0002419768330444,0.0001570251814274,0.899984161722187,1.11429539257993,1148.80867106287,3521.8312631181,4.08781757894552,3.3566695868969,1.17645288626518,17.2546360285782,0.350902227784727,0.16348628177499,0.405923349170073
-0.0002437971618726,0.0001897333846661,0.96861122822448,1.03458395077671,1139.98069150149,3091.94546575349,4.09760345163799,3.36680914805486,1.16675687217698,15.1481035917591,0.348201301430057,0.143076847519113,0.342390254125053
-0.0002612393074137,0.0001905736571191,0.969144384111341,1.0332900202929,1151.92063995689,3044.82353353937,4.0993919088727,3.35769351124763,1.17935757621741,14.9172323795066,0.351841256892983,0.142875493054663,0.338899057960516
-0.0002582528748336,0.0001878672398887,0.956853734540603,1.04819870704498,1159.38675368458,3012.67028600321,4.09816581703896,3.3671678841114,1.18898311614949,14.7593122390854,0.354121105484867,0.141816299218059,0.342300068414086
-0.0002424947831663,0.0001581662445573,0.897107942864288,1.11820554292524,1174.48049285685,3328.91280274023,4.08819022268619,3.3628618077534,1.2059803641998,16.3095916063389,0.358746329752857,0.156960843249426,0.397911521164844
-0.0002557403382332,0.0001826952875497,0.943611055043064,1.06087831001778,1174.41782346039,3022.66803491468,4.09729458491007,3.36084021591559,1.20511215299872,14.8086757600977,0.358710816693406,0.142133044335151,0.349342314604373
-0.0002519547112213,0.0001847806570158,0.953798778949461,1.04998967821704,1163.07412751976,3007.26218802901,4.09489838101647,3.36866127848625,1.19258363897302,14.7336084637998,0.355251877628223,0.141133925799169,0.348605799596489
-0.000273639376313,0.0001861124986796,0.952165711043172,1.05306337853638,1128.84050376594,3010.18168421681,4.09777550805699,3.36005561168377,1.15516858936699,14.747760975245,0.344801730664831,0.140973962908223,0.344641666657619
-0.0002747909949992,0.0001941556216259,0.974875957374591,1.02831012016675,1091.54400013801,3015.48012276096,4.09890883143355,3.34731194847508,1.11385340200383,14.7740369883819,0.333389519019322,0.140300063679798,0.334821525096468
-0.0002725866653803,0.0002002604549543,0.988626510635033,1.0124398520008,1080.80983232905,3000.55846884311,4.10204438062815,3.33764992889605,1.10164484947547,14.7006069580294,0.330113379973074,0.139575752310356,0.324440693116591
-0.0002730601176425,0.0002014736314274,0.998790137838563,1.00261345572537,1068.60694088883,2992.91784208026,4.10427751907936,3.34619591687177,1.08861877341456,14.6633904537536,0.326381664802035,0.139131301341644,0.321367504487713
-0.0002746144808482,0.0002042622596144,0.99985005658644,1.0014465737408,1057.7632904354,2970.21506237274,4.10431519935006,3.33693781414547,1.07654488898431,14.5519716048653,0.323072638049893,0.138301416695153,0.317721795454924
-0.0002780274094599,0.0002075144575653,1.0167165785599,0.984980817602528,1049.71663477359,2967.98070427994,4.10387801479649,3.34822410345077,1.0677947722913,14.5414344255921,0.320614902113171,0.137408465337773,0.315160582015746
-0.0002727743919077,0.0002080516453399,1.01637680631471,0.984451994274595,1040.81044135417,2964.15256694375,4.10545750566431,3.34211292531755,1.05842646041987,14.5223606167048,0.317892639549069,0.137722663184966,0.312637069141066
-0.0002728389637114,0.0002111592653094,1.02641194983107,0.975830535390862,1029.85745685676,2951.76214655873,4.10473863283793,3.33327666256163,1.04650721535655,14.4615642869337,0.31455522360573,0.137328085599896,0.309886053019646
-0.0002756592718526,0.0002123538400956,1.03123115632263,0.971353095729204,1019.76387852878,2946.27785016966,4.10714891221788,3.34340249470302,1.03560686149267,14.4344350625708,0.311466261384417,0.136458845342854,0.306918722279223
-0.000280689582175,0.0002152513559627,1.03260263904,0.9697717348739,1023.67016856544,2940.04353102809,4.1066752910614,3.32898670434952,1.03996794662501,14.4042479313753,0.312659223103629,0.135541368085376,0.304635329747073
-0.0002752738177555,0.0002128806829601,1.03108016989009,0.971335328891803,1028.62319177334,2931.15313996811,4.10806629392836,3.33354647954305,1.04559467679436,14.3603859302684,0.314184258066316,0.136159685809637,0.305418778406398
-0.0002728482381838,0.0002120960157517,1.02438225267273,0.977519881133611,1030.09438493935,2927.59260331519,4.10643840498394,3.33817369408078,1.04829327021587,14.3430985233601,0.314623071482971,0.136213521872612,0.30691207090726
-0.0002786664670129,0.0002121243383062,1.02563220407489,0.97611659896168,1019.85771717358,2918.09079083981,4.1061821381251,3.34730161939348,1.03691700219407,14.29629003288,0.311488900195035,0.135641455354939,0.307250022546958
-0.0002740295308095,0.0002157422790772,1.03133632292074,0.97112338776089,1003.07648133545,2924.66872830904,4.10632366452898,3.33400387082781,1.01883437109364,14.3288016029645,0.306370840485309,0.136178797358581,0.304102608672694
-0.0002717028842117,0.0002195119735804,1.03837506549049,0.963760133475338,1007.62593309407,2914.55966376472,4.10742111065808,3.33727859769549,1.02365268660017,14.2797231997012,0.3077664275727,0.135627790146187,0.299590874142672
-0.0002752961704484,0.0002167356110808,1.03347356899743,0.970839143298899,987.264634016668,2896.9369650922,4.10842822619847,3.33959232358371,1.00174575957037,14.1927553792236,0.301548704598976,0.135041460345314,0.300660902143532
-0.0002837987380364,0.0001306329390597,0.73662243612759,1.36160215257572,1542.8644007993,3017.43373383587,4.06611315740479,3.40948887591092,1.60527615351919,14.7827671136039,0.471241336834793,0.147881825057803,0.470161725677524
-0.0002699824861625,0.0001375766424041,0.767867585012101,1.30454145515574,1509.6931337202,3083.22922215753,4.07345232323035,3.40133854059073,1.56757730467012,15.1052520744151,0.461123199672434,0.15063076381834,0.449137001856952
-0.0002668190788749,0.0001407083793915,0.782851830942193,1.28499519850488,1495.75615233929,3085.58860488525,4.07568105917711,3.40826995700013,1.55285161656857,15.1172293902815,0.456852796117499,0.150738479687601,0.440726437164586
-0.0002650140707009,0.0001431088717816,0.792366627138627,1.26494204024512,1439.11626097736,3113.29135499746,4.07478784379505,3.39633647276431,1.48780596571052,15.2531113555606,0.43955596324297,0.151461570121847,0.436889827075689
-0.0002650227717371,0.0001494871613868,0.82296185807365,1.21589020318858,1406.30417280761,3140.71240841482,4.07897145465269,3.38963424662749,1.45135089827142,15.3872187029801,0.429517417069064,0.152105811309319,0.421093298657779
-0.0002526795745393,0.0001533000204302,0.843034584781701,1.18694841583128,1381.30453717343,3139.86865060574,4.08127772598936,3.37437315285206,1.42403691012851,15.3827454550204,0.421886153405288,0.151885845365264,0.412061850378188
-0.0002552991903988,0.000155781278906,0.854061835465177,1.17411948605907,1360.47689415351,3132.68118566157,4.08397711600576,3.37620240576724,1.40146187174226,15.348415773841,0.415521636003604,0.151391856188249,0.405191284186729
-0.0002464306261365,0.0001582801212762,0.86482929638208,1.15759077570987,1342.66464197038,3136.66509543554,4.08580625273965,3.38017698992854,1.38221951196278,15.3669643983841,0.41007360968416,0.150352842919256,0.399628867014737
-0.0002560875248342,0.0001612969283148,0.870474997538111,1.15109025304609,1325.07122134281,3130.54053370824,4.08505943586241,3.36912652720576,1.36310553900179,15.3377346002475,0.404715008570273,0.150511871475387,0.39455774588015
-0.0002528802995422,0.0001635479311893,0.883916655303926,1.1338359405029,1295.89986985411,3126.82190280082,4.08613698299115,3.36627975569831,1.33167746293264,15.3193366016182,0.395787231505914,0.149906546880546,0.389804517370252
-0.0002499689221145,0.0001665632598422,0.896637825223464,1.11737115794608,1292.79051652388,3116.46524326359,4.08994858405169,3.36436591678196,1.32832239444134,15.268727991822,0.394837260363167,0.149008330972119,0.381656348800011
-0.0002491591947376,0.0001669425995439,0.896908177179141,1.11605335137576,1293.00909386588,3117.57213276783,4.09016126744887,3.36567897266812,1.32910543770069,15.2742276040014,0.394920466786949,0.148702707610251,0.381031017137524
-0.000248614570018,0.0001665377102749,0.896555523700486,1.11830055271216,1308.13412246098,3095.96325350682,4.08910420829174,3.37895002894931,1.34701596321555,15.1683781956585,0.39953127420349,0.147530150497634,0.381443153720679
-0.0002473708876883,0.0001646205708822,0.884761021531853,1.13162659213054,1304.46259046858,3084.46348551157,4.08741958324726,3.37875936296251,1.34389904623709,15.1122188876441,0.398406153438211,0.146884481453355,0.385714309062616
-0.0002672125814345,0.0001651393084853,0.887719370138942,1.12814644465053,1293.00955607783,3081.80706980126,4.08838162972377,3.37315090497335,1.3321396687102,15.0988212912206,0.394907056214893,0.147947559969284,0.384615662509609
-0.0002508464170488,0.0001667202191177,0.888756249483886,1.12719025903592,1283.74390022748,3071.36982069505,4.08844399452209,3.38314931501042,1.32242049497419,15.0472621198557,0.392095527761898,0.146747550897091,0.381415359586855
-0.0002620266759446,0.0001689186688562,0.900808690078513,1.1134519462103,1257.66625888638,3082.99474259227,4.08847650051117,3.38224687687186,1.29428651082263,15.1043325704373,0.384127128057278,0.147836893969805,0.378752144322164
-0.0002474503351849,0.0001720615253994,0.915349038958596,1.09399565621681,1233.7449413226,3075.04162255509,4.09175793492064,3.36345683696658,1.26715178793673,15.0655133797971,0.376820546534922,0.146188502350216,0.371199174571913
-0.0002448557162228,0.0001759488299433,0.92700794896617,1.08130045263543,1215.58888451256,3071.85422774145,4.09234011934159,3.36834676492782,1.247915244891,15.0500792642818,0.371257126174179,0.145285999620305,0.364656966456079
-0.0002457295861068,0.0001535964667451,0.878438850501626,1.14030004533547,1198.37051840124,3382.69279587088,4.08489084677263,3.37370816091212,1.22962591582042,16.5731163074195,0.366002540185082,0.15985588968365,0.41066042429316
-0.000268824495189,0.000180941482187,0.939663028492522,1.06504432388408,1187.19851612404,3081.08841200994,4.09463606410556,3.36617456412897,1.2176591611591,15.0951198045413,0.362614304886691,0.144274568895167,0.355348078588288
-0.00024893376283,0.000182362174603,0.945842223266106,1.05908231007254,1172.46448781693,3057.97938417713,4.09679455757141,3.35659961002629,1.20194312630802,14.98146148578,0.358124547211981,0.14368272859844,0.351779257147874
-0.0002419768330444,0.0001570251814274,0.899984161722187,1.11429539257993,1148.80867106287,3521.8312631181,4.08781757894552,3.3566695868969,1.17645288626518,17.2546360285782,0.350902227784727,0.16348628177499,0.405923349170073
-0.0002437971618726,0.0001897333846661,0.96861122822448,1.03458395077671,1139.98069150149,3091.94546575349,4.09760345163799,3.36680914805486,1.16675687217698,15.1481035917591,0.348201301430057,0.143076847519113,0.342390254125053
-0.0002612393074137,0.0001905736571191,0.969144384111341,1.0332900202929,1151.92063995689,3044.82353353937,4.0993919088727,3.35769351124763,1.17935757621741,14.9172323795066,0.351841256892983,0.142875493054663,0.338899057960516
-0.0002582528748336,0.0001878672398887,0.956853734540603,1.04819870704498,1159.38675368458,3012.67028600321,4.09816581703896,3.3671678841114,1.18898311614949,14.7593122390854,0.354121105484867,0.141816299218059,0.342300068414086
-0.0002424947831663,0.0001581662445573,0.897107942864288,1.11820554292524,1174.48049285685,3328.91280274023,4.08819022268619,3.3628618077534,1.2059803641998,16.3095916063389,0.358746329752857,0.156960843249426,0.397911521164844
-0.0002557403382332,0.0001826952875497,0.943611055043064,1.06087831001778,1174.41782346039,3022.66803491468,4.09729458491007,3.36084021591559,1.20511215299872,14.8086757600977,0.358710816693406,0.142133044335151,0.349342314604373
-0.0002519547112213,0.0001847806570158,0.953798778949461,1.04998967821704,1163.07412751976,3007.26218802901,4.09489838101647,3.36866127848625,1.19258363897302,14.7336084637998,0.355251877628223,0.141133925799169,0.348605799596489
-0.000273639376313,0.0001861124986796,0.952165711043172,1.05306337853638,1128.84050376594,3010.18168421681,4.09777550805699,3.36005561168377,1.15516858936699,14.747760975245,0.344801730664831,0.140973962908223,0.344641666657619
-0.0002747909949992,0.0001941556216259,0.974875957374591,1.02831012016675,1091.54400013801,3015.48012276096,4.09890883143355,3.34731194847508,1.11385340200383,14.7740369883819,0.333389519019322,0.140300063679798,0.334821525096468
-0.0002725866653803,0.0002002604549543,0.988626510635033,1.0124398520008,1080.80983232905,3000.55846884311,4.10204438062815,3.33764992889605,1.10164484947547,14.7006069580294,0.330113379973074,0.139575752310356,0.324440693116591
-0.0002730601176425,0.0002014736314274,0.998790137838563,1.00261345572537,1068.60694088883,2992.91784208026,4.10427751907936,3.34619591687177,1.08861877341456,14.6633904537536,0.326381664802035,0.139131301341644,0.321367504487713
-0.0002746144808482,0.0002042622596144,0.99985005658644,1.0014465737408,1057.7632904354,2970.21506237274,4.10431519935006,3.33693781414547,1.07654488898431,14.5519716048653,0.323072638049893,0.138301416695153,0.317721795454924
-0.0002780274094599,0.0002075144575653,1.0167165785599,0.984980817602528,1049.71663477359,2967.98070427994,4.10387801479649,3.34822410345077,1.0677947722913,14.5414344255921,0.320614902113171,0.137408465337773,0.315160582015746
-0.0002727743919077,0.0002080516453399,1.01637680631471,0.984451994274595,1040.81044135417,2964.15256694375,4.10545750566431,3.34211292531755,1.05842646041987,14.5223606167048,0.317892639549069,0.137722663184966,0.312637069141066
-0.0002728389637114,0.0002111592653094,1.02641194983107,0.975830535390862,1029.85745685676,2951.76214655873,4.10473863283793,3.33327666256163,1.04650721535655,14.4615642869337,0.31455522360573,0.137328085599896,0.309886053019646
-0.0002756592718526,0.0002123538400956,1.03123115632263,0.971353095729204,1019.76387852878,2946.27785016966,4.10714891221788,3.34340249470302,1.03560686149267,14.4344350625708,0.311466261384417,0.136458845342854,0.306918722279223
-0.000280689582175,0.0002152513559627,1.03260263904,0.9697717348739,1023.67016856544,2940.04353102809,4.1066752910614,3.32898670434952,1.03996794662501,14.4042479313753,0.312659223103629,0.135541368085376,0.304635329747073
-0.0002752738177555,0.0002128806829601,1.03108016989009,0.971335328891803,1028.62319177334,2931.15313996811,4.10806629392836,3.33354647954305,1.04559467679436,14.3603859302684,0.314184258066316,0.136159685809637,0.305418778406398
-0.0002728482381838,0.0002120960157517,1.02438225267273,0.977519881133611,1030.09438493935,2927.59260331519,4.10643840498394,3.33817369408078,1.04829327021587,14.3430985233601,0.314623071482971,0.136213521872612,0.30691207090726
-0.0002786664670129,0.0002121243383062,1.02563220407489,0.97611659896168,1019.85771717358,2918.09079083981,4.1061821381251,3.34730161939348,1.03691700219407,14.29629003288,0.311488900195035,0.135641455354939,0.307250022546958
-0.0002740295308095,0.0002157422790772,1.03133632292074,0.97112338776089,1003.07648133545,2924.66872830904,4.10632366452898,3.33400387082781,1.01883437109364,14.3288016029645,0.306370840485309,0.136178797358581,0.304102608672694
-0.0002717028842117,0.0002195119735804,1.03837506549049,0.963760133475338,1007.62593309407,2914.55966376472,4.10742111065808,3.33727859769549,1.02365268660017,14.2797231997012,0.3077664275727,0.135627790146187,0.299590874142672
-0.0002752961704484,0.0002167356110808,1.03347356899743,0.970839143298899,987.264634016668,2896.9369650922,4.10842822619847,3.33959232358371,1.00174575957037,14.1927553792236,0.301548704598976,0.135041460345314,0.300660902143532
