SCC,SCV,DVV,ICP,CCDT,CVCT,ACCV C,ACCV D,ECD,ECV,CCD,CCV,SoH
-0.031057,0.022410,0.642915,1.631511,20.012488,10.519633,3.462711,2.699687,169.505232,4.338567,1.024534,0.021406,0.927704
-0.028340,0.021041,0.568660,1.963569,20.014470,11.588945,3.460644,2.703490,170.273641,4.164770,1.026480,0.020559,0.931072
-0.027538,0.022270,0.622883,1.792537,20.015607,11.949828,3.464986,2.699185,169.681411,4.740609,1.027335,0.023421,0.932344
-0.029609,0.021605,0.557943,1.755467,20.016187,10.715935,3.462870,2.700944,170.367352,4.106607,1.028333,0.020310,0.933555
-0.032611,0.021947,0.584038,1.712221,20.007830,10.819487,3.463625,2.709823,170.660102,4.355067,1.029398,0.021508,0.934722
-0.027712,0.021497,0.627578,1.792955,20.008300,12.109598,3.463953,2.707197,170.048130,4.754184,1.029483,0.023468,0.935137
-0.031470,0.020484,0.558478,1.790023,20.008622,10.753107,3.460400,2.727356,170.715987,4.238438,1.030046,0.020890,0.935581
-0.037125,0.020700,0.595537,1.942409,20.008682,10.020335,3.460267,2.727585,171.076761,4.426299,1.030756,0.021736,0.936375
-0.048784,0.019901,0.545286,1.874323,20.009207,8.915400,3.459652,2.695651,170.490228,4.044765,1.030204,0.019833,0.936016
-0.028067,0.021337,0.615830,1.642762,20.009300,12.221182,3.462786,2.733720,170.746563,4.555780,1.031320,0.022469,0.937002
-0.027916,0.020588,0.498545,2.163685,20.009948,10.954000,3.460035,2.721032,171.257340,4.006535,1.031393,0.019844,0.937256
-0.024285,0.021273,0.582643,1.739148,20.009170,12.916495,3.460686,2.717166,170.635619,4.443200,1.031925,0.022011,0.937897
-0.036896,0.021584,0.524843,2.029169,20.009872,10.079190,3.465999,2.724141,170.776359,4.166296,1.030881,0.020559,0.936648
-0.028466,0.021070,0.601104,1.517939,20.009923,11.668898,3.459052,2.725349,170.826283,4.425799,1.032106,0.021870,0.937828
-0.044180,0.020437,0.506929,1.972794,19.934438,8.887247,3.460109,2.724209,171.128359,3.957292,1.031115,0.019373,0.937035
-0.043044,0.021341,0.593279,1.811495,20.010458,9.162805,3.462974,2.714658,170.568605,4.445786,1.030452,0.021857,0.936457
-0.050294,0.020668,0.526885,1.921901,19.767592,7.887198,3.461809,2.719380,170.968658,3.850588,1.030573,0.018991,0.936507
-0.030076,0.020167,0.547031,2.032294,19.998805,10.494210,3.456851,2.720319,171.614741,4.088692,1.031704,0.020127,0.937667
-0.031984,0.020526,0.592391,1.788001,20.010788,10.821933,3.460661,2.696211,170.264449,4.299952,1.031189,0.021235,0.937254
-0.036323,0.021393,0.562649,1.912392,19.911440,10.539632,3.463168,2.714317,171.035908,4.386217,1.031720,0.021550,0.937593
-0.030843,0.021142,0.578156,1.948382,19.940718,11.384693,3.461294,2.700641,170.922376,4.468857,1.032163,0.021995,0.937989
-0.030924,0.020162,0.551049,2.147920,20.010510,11.078363,3.458921,2.700226,170.248156,4.087268,1.031654,0.020204,0.937695
-0.033191,0.020879,0.556247,1.798281,19.798137,10.846818,3.462257,2.726909,170.486867,4.302559,1.031315,0.021270,0.937247
-0.034003,0.020907,0.563410,1.806649,19.880388,10.961838,3.459897,2.722319,170.754735,4.451936,1.032126,0.021905,0.937919
-0.037640,0.020358,0.523727,2.317881,19.677583,9.327802,3.461296,2.725424,170.984687,3.757620,1.031443,0.018544,0.937483
-0.036617,0.020703,0.588441,1.786050,19.896873,10.347783,3.459000,2.731871,170.456312,4.345305,1.031431,0.021325,0.937382
-0.034790,0.021483,0.543445,1.802064,19.742695,10.560913,3.463683,2.718987,170.886870,4.403334,1.031713,0.021630,0.937660
-0.033835,0.020921,0.546451,2.175160,19.727108,10.685578,3.460116,2.725964,171.045847,4.135159,1.031920,0.020386,0.937833
-0.032944,0.021442,0.552633,1.811509,19.867038,10.634625,3.459828,2.709375,169.998302,4.256045,1.031022,0.021006,0.937049
-0.040293,0.019981,0.583727,1.791708,19.653688,9.424942,3.458826,2.699152,170.476116,4.209910,1.030817,0.020758,0.936824
-0.034710,0.020251,0.578166,1.904479,19.717520,10.809475,3.459533,2.709041,170.512886,4.406721,1.031783,0.021658,0.937677
-0.041648,0.020328,0.519621,2.100963,19.642700,9.511103,3.458619,2.707790,170.086176,4.028775,1.031284,0.019753,0.937345
-0.034422,0.020914,0.576655,1.827014,19.728392,10.391343,3.464350,2.727957,170.544904,4.296693,1.031246,0.021137,0.937208
-0.033850,0.021448,0.596139,1.832790,19.726987,10.631208,3.461341,2.724320,170.546850,4.368625,1.031719,0.021594,0.937586
-0.042788,0.020257,0.548588,1.943619,19.665008,9.446207,3.460029,2.720839,171.047775,4.022334,1.031237,0.019667,0.937246
-0.036594,0.021484,0.619827,1.743094,19.620617,11.271177,3.464422,2.714172,170.521873,4.670949,1.031615,0.023015,0.937532
-0.033502,0.021316,0.577819,2.131192,19.806075,11.546258,3.460852,2.713917,170.656994,4.433492,1.031905,0.021798,0.937799
-0.051164,0.020480,0.553931,2.164418,19.445657,8.108163,3.462414,2.717525,170.633922,3.989468,1.031267,0.019558,0.937171
-0.028118,0.021520,0.565135,1.934145,19.877717,11.756235,3.460787,2.698906,170.207282,4.110354,1.031742,0.020330,0.937760
-0.036250,0.020825,0.540739,2.022362,19.671777,10.337817,3.462543,2.724254,170.954818,4.123254,1.031883,0.020298,0.937799
-0.034503,0.021778,0.580662,1.785354,19.654197,9.636355,3.465682,2.719714,170.895916,4.090963,1.031739,0.020240,0.937624
-0.034829,0.020485,0.536256,1.895581,19.734780,9.955738,3.463870,2.719830,170.338819,3.873961,1.032032,0.019126,0.938013
-0.034901,0.021290,0.588551,1.696712,19.523878,10.325802,3.466316,2.717422,170.740523,4.385414,1.031680,0.021532,0.937574
-0.030571,0.021183,0.562112,2.037271,19.673640,11.116580,3.459936,2.717964,171.036296,4.188218,1.032093,0.020536,0.938058
-0.040336,0.020869,0.584080,1.713731,19.694445,8.689838,3.461144,2.732786,170.690572,3.995366,1.031279,0.019721,0.937223
-0.040694,0.020060,0.551139,1.835837,19.611257,9.552140,3.459027,2.720684,170.338262,3.964463,1.030985,0.019517,0.937061
-0.034456,0.021789,0.603958,1.759776,19.640698,11.011780,3.463418,2.721380,170.792914,4.438528,1.031941,0.021803,0.937815
-0.028297,0.020667,0.481918,3.265855,19.810298,11.662228,3.460305,2.707549,170.869790,4.176248,1.032101,0.020617,0.938074
-0.032844,0.021672,0.621712,1.653859,19.642885,10.840517,3.461397,2.710466,170.110213,4.338688,1.031388,0.021442,0.937380
-0.038442,0.020818,0.569596,1.903881,19.556063,9.670980,3.461432,2.706673,170.677943,4.301867,1.031292,0.021116,0.937198
-0.029752,0.020436,0.572736,2.017016,19.672868,11.203058,3.459425,2.720499,170.867945,4.170262,1.032170,0.020609,0.938043
-0.033233,0.020712,0.550993,1.814906,19.643793,9.795570,3.461058,2.723405,170.275021,3.794976,1.031569,0.018698,0.937625
-0.036613,0.020774,0.578956,1.856502,19.615745,10.537032,3.460200,2.730988,170.614323,4.365191,1.031535,0.021459,0.937595
-0.038436,0.021321,0.579078,1.908154,19.566938,9.754787,3.463993,2.733730,170.822463,4.097795,1.031757,0.020177,0.937818
-0.033938,0.020553,0.567162,2.027214,19.651028,10.215417,3.457886,2.715730,171.007077,4.057520,1.031347,0.019950,0.937486
-0.029026,0.021055,0.594005,2.059443,19.657958,12.295553,3.462744,2.711454,170.479038,4.624076,1.031365,0.022741,0.937272
-0.047290,0.020745,0.586996,1.787229,19.419205,8.558168,3.459500,2.717754,170.616500,4.157164,1.030559,0.020421,0.936560
-0.045166,0.020537,0.554124,1.904458,19.439770,7.854298,3.458750,2.739854,170.576030,3.727579,1.029725,0.018384,0.935955
-0.039597,0.021751,0.647192,1.567541,19.588452,10.450988,3.464101,2.709338,169.724989,4.466026,1.030516,0.021946,0.936558
-0.032856,0.021622,0.583382,1.975029,19.751868,10.311267,3.460197,2.710420,170.351539,3.988788,1.031189,0.019725,0.937179
-0.047518,0.020982,0.552565,1.837602,19.252095,8.393240,3.465726,2.723979,170.277876,4.242667,1.030967,0.020815,0.936941
-0.048197,0.020106,0.522112,1.976416,19.513593,8.274055,3.457540,2.732848,170.312215,3.779290,1.029971,0.018497,0.936185
-0.037508,0.021210,0.614746,1.672143,19.372187,9.965622,3.466487,2.740005,170.541306,4.504919,1.030892,0.022177,0.936760
-0.036500,0.020639,0.561154,1.884658,19.694445,9.790083,3.458065,2.732433,170.892993,3.956248,1.031024,0.019507,0.937060
-0.030383,0.021134,0.582929,1.829802,19.579083,11.495197,3.461620,2.717207,170.519447,4.486600,1.032221,0.022129,0.938082
-0.034045,0.020050,0.553844,2.004513,19.572557,10.250595,3.459673,2.718218,170.387497,4.005302,1.031108,0.019746,0.937281
-0.031812,0.021166,0.582864,1.838021,19.620310,10.744028,3.461759,2.724583,170.775310,4.128765,1.031938,0.020391,0.937841
-0.037626,0.021142,0.554722,1.933329,19.457782,9.019183,3.462586,2.737984,171.150306,3.726224,1.031342,0.018378,0.937370
-0.035760,0.021540,0.578042,1.818507,19.605743,10.337552,3.460544,2.717893,170.179370,4.205727,1.030670,0.020642,0.936757
-0.028852,0.022015,0.556400,1.942721,19.662730,11.069155,3.465032,2.701540,170.813028,4.070488,1.031623,0.020129,0.937541
-0.029435,0.021244,0.552565,1.949483,19.645650,10.911862,3.462737,2.700769,170.778530,4.061926,1.031512,0.020050,0.937522
-0.037010,0.021305,0.585563,1.787157,19.556858,9.768508,3.462131,2.717508,170.244430,4.072704,1.031511,0.020109,0.937575
-0.030382,0.020450,0.586662,1.882146,19.702687,11.500308,3.460186,2.735667,170.484028,4.361562,1.031552,0.021442,0.937472
-0.037186,0.020469,0.573841,1.742609,19.418492,9.595043,3.460895,2.724108,170.807080,4.023858,1.031359,0.019789,0.937446
-0.029984,0.020556,0.536277,1.959147,19.796388,10.920445,3.459201,2.728378,170.797864,4.025979,1.031325,0.019861,0.937388
-0.034459,0.021061,0.607687,1.781825,19.639250,10.692887,3.465056,2.690870,169.996306,4.476032,1.030556,0.021982,0.936583
-0.034584,0.021104,0.594062,1.775459,19.443917,10.421217,3.461724,2.730167,170.521414,4.279458,1.031130,0.021033,0.937117
-0.041871,0.021335,0.586894,2.011878,19.504977,9.224118,3.461809,2.727234,170.607356,4.147254,1.030363,0.020320,0.936467
-0.031955,0.021289,0.638108,1.684576,19.602887,10.335935,3.463104,2.726063,170.094452,4.144054,1.030453,0.020474,0.936506
-0.038679,0.020658,0.578853,1.786467,19.483973,10.343737,3.463012,2.728116,170.515894,4.277741,1.031146,0.021003,0.937089
-0.048410,0.019579,0.518012,1.998133,19.335710,8.480532,3.455106,2.762150,170.760547,3.824787,1.030264,0.018782,0.936436
-0.032613,0.022158,0.601447,1.884766,19.661938,10.302823,3.462290,2.707743,170.474510,4.198920,1.030623,0.020772,0.936766
-0.034101,0.020973,0.619064,1.559863,19.529897,10.736483,3.464579,2.733335,170.402370,4.444974,1.030515,0.021923,0.936515
-0.036724,0.021053,0.604122,1.756404,19.524910,9.777350,3.463002,2.736300,170.509534,4.179015,1.030617,0.020544,0.936673
-0.037694,0.021384,0.560535,1.784006,19.457482,9.692623,3.463327,2.707471,170.628511,4.190116,1.030594,0.020551,0.936674
-0.046135,0.021457,0.623172,1.671886,19.291857,8.631398,3.466477,2.736320,169.701243,4.224516,1.029280,0.020807,0.935502
-0.035193,0.021206,0.570433,1.891646,19.554093,10.417970,3.460700,2.718318,170.444125,4.131136,1.030317,0.020329,0.936453
-0.045540,0.021602,0.603935,1.750935,19.737723,9.122573,3.465447,2.713272,169.923121,4.410830,1.030444,0.021696,0.936317
-0.043299,0.021214,0.591925,2.012276,19.337815,8.951818,3.467045,2.724131,169.915113,4.120071,1.030151,0.020266,0.936393
-0.037061,0.021224,0.591707,1.875961,19.457798,9.673290,3.462723,2.736844,170.362153,4.087273,1.030207,0.020161,0.936224
-0.032783,0.021007,0.557605,1.943680,19.498362,10.345875,3.460638,2.727371,170.637990,4.202673,1.030620,0.020599,0.936710
-0.031966,0.021980,0.590951,1.781037,19.476753,10.654508,3.465264,2.715256,170.608763,4.293429,1.031121,0.021089,0.937170
-0.045431,0.022320,0.606318,1.680086,19.464088,9.311027,3.467112,2.720623,170.042982,4.304284,1.029740,0.021157,0.935827
-0.034770,0.020325,0.588851,1.889922,19.428208,10.705188,3.460474,2.733753,170.555167,4.233314,1.030747,0.020770,0.936873
-0.025187,0.021918,0.613403,1.716382,19.742373,11.890925,3.462131,2.727407,170.322749,4.268721,1.031120,0.021104,0.937084
-0.040474,0.020784,0.622569,1.625232,19.444967,9.141332,3.463198,2.731580,170.111327,4.247733,1.029448,0.021011,0.935666
-0.030015,0.020828,0.587961,1.696871,19.514282,11.443750,3.461002,2.713322,170.575454,4.229571,1.030881,0.020861,0.936900
-0.040744,0.021976,0.593083,2.027303,19.567185,10.015345,3.467584,2.718276,170.602838,4.187926,1.030649,0.020571,0.936693
-0.047756,0.020533,0.561339,1.781775,19.485553,8.168075,3.460676,2.718564,169.884788,3.743296,1.029839,0.018421,0.936053
-0.032366,0.021219,0.572375,1.757921,19.472915,10.645485,3.462871,2.699412,170.508139,4.168422,1.030564,0.020588,0.936646
-0.032849,0.020248,0.569579,1.758813,19.459602,10.929217,3.460425,2.713581,170.760294,4.272493,1.031044,0.020991,0.937072
-0.030246,0.020238,0.536325,1.871877,19.593913,10.509290,3.457428,2.705877,170.916172,3.873180,1.030431,0.019093,0.936641
-0.027220,0.021619,0.621052,1.675367,19.464875,11.948730,3.464701,2.718655,170.400350,4.430478,1.030458,0.021925,0.936445
-0.035342,0.020451,0.584643,1.966495,19.559525,10.325252,3.459470,2.727127,170.461031,4.135407,1.030431,0.020360,0.936468
-0.038413,0.021807,0.584951,1.938456,19.432713,9.630317,3.463967,2.719437,170.551962,4.086234,1.030033,0.020028,0.936199
-0.032863,0.021818,0.645212,1.784743,19.551560,10.595795,3.464351,2.706565,169.804025,4.275046,1.029613,0.021155,0.935765
-0.041541,0.020755,0.556136,1.797978,19.441380,9.537830,3.461196,2.729098,170.407358,4.086617,1.030173,0.020027,0.936205
-0.036710,0.020990,0.543891,1.964885,19.464798,9.968298,3.461412,2.731287,170.732013,3.851007,1.030418,0.019015,0.936534
-0.026999,0.021998,0.604618,1.660345,19.495067,11.103440,3.461127,2.706958,170.074670,4.155905,1.030526,0.020521,0.936592
-0.048361,0.021017,0.541095,1.894298,19.450965,8.800892,3.460271,2.722933,170.375060,4.188685,1.029068,0.020528,0.935281
-0.047476,0.021645,0.622722,2.057558,19.386702,8.271638,3.463346,2.739539,170.060056,4.167288,1.029081,0.020503,0.935227
-0.038961,0.020902,0.543922,1.982913,19.263923,9.728768,3.462438,2.726522,170.381347,4.073624,1.030005,0.020011,0.936179
-0.034636,0.021387,0.587671,1.937771,19.386955,10.384827,3.463313,2.726880,169.831518,4.236972,1.029197,0.020837,0.935521
-0.036625,0.021201,0.577535,1.795286,19.468163,10.350862,3.462531,2.729340,170.437236,4.089588,1.030145,0.020108,0.936254
-0.028703,0.020939,0.588438,1.890145,19.670000,11.033752,3.459086,2.708844,170.480169,4.098894,1.030139,0.020190,0.936309
-0.034398,0.022620,0.570532,2.903769,19.537972,11.277252,3.467703,2.708710,169.949507,4.616823,1.029687,0.022721,0.935863
-0.035026,0.021783,0.643649,1.673069,19.428808,9.957415,3.464538,2.732683,170.021850,4.239665,1.029486,0.020984,0.935560
-0.029385,0.021335,0.586035,1.922354,19.495382,10.691090,3.461280,2.696584,170.138530,4.019995,1.029714,0.019857,0.935936
-0.030510,0.021196,0.583097,1.714822,19.508263,11.233062,3.459560,2.712795,169.810532,4.382140,1.030110,0.021534,0.936179
-0.040181,0.020702,0.583280,1.979496,19.395115,9.408835,3.460370,2.730998,170.346287,3.968162,1.029525,0.019500,0.935698
-0.039508,0.020620,0.570894,1.999673,19.485825,9.205647,3.460455,2.729334,170.534731,3.975301,1.029610,0.019560,0.935763
-0.036742,0.021297,0.640569,1.632216,19.431328,10.901288,3.463738,2.704440,170.236342,4.433317,1.030470,0.021850,0.936478
-0.030364,0.021728,0.541071,2.373253,19.543262,11.511498,3.465834,2.724507,170.194121,4.260368,1.029419,0.021060,0.935682
-0.038751,0.021362,0.612952,1.715842,19.422133,9.922880,3.464386,2.720682,170.379213,4.319143,1.029811,0.021189,0.935884
-0.041537,0.020504,0.552717,1.970403,19.369478,8.794572,3.459403,2.742029,170.735779,3.611902,1.029168,0.017768,0.935430
-0.025790,0.022085,0.545702,1.832684,19.578700,11.716870,3.461753,2.707538,169.947594,4.043916,1.029884,0.019987,0.936067
-0.031830,0.020246,0.566819,1.835283,19.527995,10.390457,3.458220,2.732128,170.412483,4.000595,1.029672,0.019715,0.935868
-0.035705,0.022038,0.601284,1.695311,19.626953,10.725215,3.464708,2.721858,170.057008,4.346061,1.029936,0.021376,0.936036
-0.042602,0.021130,0.583529,1.853600,19.378178,8.785338,3.465198,2.722819,169.768605,3.939036,1.029347,0.019445,0.935575
-0.031845,0.021453,0.615366,1.815117,19.535462,10.872093,3.463629,2.733790,170.298171,4.503509,1.029206,0.022168,0.935377
-0.034156,0.021494,0.605182,1.699778,19.320642,9.580155,3.462254,2.736853,170.313773,3.920672,1.029192,0.019361,0.935442
-0.031314,0.021027,0.580570,1.857324,19.565377,10.359420,3.458899,2.713077,170.301744,3.954750,1.029348,0.019444,0.935637
-0.034580,0.020805,0.613306,1.808795,19.271133,9.849357,3.462338,2.718783,169.868322,4.088573,1.028569,0.020206,0.934861
-0.030949,0.021485,0.610015,1.654170,19.525227,11.506722,3.462285,2.706664,170.210576,4.301193,1.029672,0.021127,0.935911
-0.038951,0.020666,0.579578,1.860595,19.424395,9.446712,3.461558,2.719291,170.421258,3.930310,1.029439,0.019378,0.935532
-0.042206,0.020774,0.557559,2.019190,19.413360,8.721183,3.458537,2.702598,169.766012,3.707526,1.028061,0.018215,0.934509
-0.036313,0.021652,0.606829,1.797249,19.359310,9.761765,3.464917,2.737422,170.195704,4.156654,1.029141,0.020523,0.935188
-0.050453,0.019814,0.535535,1.895068,19.100730,7.326465,3.455396,2.723693,170.231201,3.635742,1.027742,0.017834,0.934178
-0.032555,0.021637,0.574450,2.006793,19.521425,10.500267,3.460047,2.723576,170.159831,4.090852,1.028378,0.020084,0.934848
-0.040503,0.021596,0.634394,1.664379,19.292097,9.251940,3.464091,2.712592,169.789739,4.291849,1.028135,0.021080,0.934371
-0.037304,0.021280,0.577669,1.778784,19.333947,10.028080,3.464017,2.721431,170.348325,4.142662,1.028799,0.020307,0.935068
-0.031039,0.021010,0.603482,1.701070,19.515537,10.663198,3.460392,2.723460,170.378108,4.164441,1.028987,0.020493,0.935217
-0.032702,0.021498,0.644899,1.670944,19.417173,10.632325,3.463774,2.715155,169.544670,4.331659,1.028298,0.021427,0.934631
-0.040962,0.021548,0.614858,1.730903,19.347990,9.006367,3.462401,2.721428,169.908042,3.956773,1.027965,0.019532,0.934216
-0.038649,0.021656,0.607483,1.580052,19.346685,9.802802,3.463978,2.725006,169.960190,4.085922,1.028664,0.020159,0.934835
-0.040331,0.020591,0.544564,2.026534,19.300265,8.621785,3.461578,2.705797,169.557495,3.683190,1.028038,0.018070,0.934405
-0.034205,0.021162,0.585087,1.773169,19.349427,10.708658,3.462773,2.716905,170.015084,4.064977,1.028487,0.020080,0.934769
-0.034716,0.022406,0.629481,1.671355,19.524950,10.858483,3.465087,2.714261,170.108164,4.449848,1.028957,0.021875,0.935110
-0.034939,0.021049,0.557179,1.794472,19.199723,9.642600,3.463971,2.729011,170.458958,3.829142,1.028796,0.018905,0.935032
-0.032510,0.021887,0.639290,1.659318,19.475445,10.794362,3.463507,2.728941,169.810261,4.287807,1.028144,0.021198,0.934412
-0.035318,0.020648,0.590554,1.588569,19.333225,9.955933,3.461622,2.716431,170.327964,4.106504,1.028710,0.020230,0.934959
-0.032185,0.021317,0.551300,2.281521,19.484650,10.689972,3.463066,2.717566,170.570412,3.839615,1.028721,0.018884,0.935117
-0.034916,0.022100,0.618611,1.616122,19.489697,10.610488,3.460174,2.696431,169.458531,4.355864,1.028343,0.021400,0.934663
-0.036257,0.021268,0.566248,1.922127,19.378362,10.194573,3.465096,2.730833,170.352695,4.104157,1.028657,0.020140,0.935005
-0.032031,0.022305,0.616244,1.789750,19.713615,11.238912,3.459893,2.732918,170.076937,4.131289,1.028811,0.020383,0.935070
-0.043888,0.021481,0.640675,1.594173,19.365897,9.525910,3.467880,2.712817,169.641457,4.405532,1.028643,0.021654,0.934890
-0.036370,0.022027,0.596879,1.714407,19.426617,10.164338,3.463189,2.713099,169.869406,4.258244,1.027914,0.020917,0.934225
-0.052540,0.021286,0.549859,1.831122,19.325747,8.285635,3.461399,2.727024,169.863196,4.157493,1.027487,0.020404,0.933770
-0.042582,0.021941,0.555932,1.811384,19.169138,8.694293,3.465681,2.736546,170.141794,3.914442,1.027634,0.019178,0.934034
-0.029755,0.022211,0.579891,1.757434,19.353390,11.614898,3.463812,2.727019,169.729526,4.307737,1.028139,0.021238,0.934493
-0.037284,0.022076,0.593497,1.876169,19.353245,9.527455,3.464629,2.721386,169.999495,3.946432,1.027898,0.019486,0.934205
-0.033744,0.020966,0.576216,2.127044,19.402585,10.644128,3.462953,2.710297,170.296919,4.020326,1.028306,0.019823,0.934572
-0.033440,0.021569,0.572629,1.826112,19.526843,10.201718,3.459736,2.708941,169.621893,4.189634,1.027589,0.020528,0.933873
-0.042586,0.022238,0.611794,1.822018,19.331393,9.551128,3.464527,2.738857,169.969692,4.207756,1.027631,0.020655,0.933994
-0.033588,0.021839,0.622339,1.723488,19.388032,9.963460,3.463317,2.731778,169.980241,3.984476,1.028120,0.019663,0.934392
-0.039677,0.021792,0.555611,1.871714,19.437087,8.904393,3.464410,2.714813,169.747021,3.622911,1.027578,0.017823,0.934095
-0.031075,0.021702,0.636681,1.570709,19.329420,11.434457,3.464887,2.726435,170.071331,4.297304,1.028203,0.021217,0.934462
-0.031302,0.021439,0.603670,1.858019,19.458822,11.157232,3.461377,2.729622,170.058647,3.978577,1.027884,0.019583,0.934361
-0.051603,0.022415,0.659676,1.547966,19.397178,8.428445,3.463606,2.715315,169.398130,4.344056,1.027102,0.021348,0.933238
-0.029219,0.021574,0.609662,1.668894,19.443888,11.657740,3.466443,2.730748,169.583887,4.182051,1.027427,0.020703,0.933916
-0.031180,0.021800,0.626138,1.803043,19.372217,11.176575,3.463697,2.731323,169.865208,4.239014,1.027887,0.020891,0.934203
-0.042367,0.021656,0.582729,1.836685,19.413842,9.053905,3.464024,2.722934,169.923513,3.827769,1.027372,0.018860,0.933721
-0.035782,0.021311,0.601720,1.829387,19.455567,10.060370,3.462098,2.713991,169.505327,3.863041,1.027294,0.019023,0.933824
-0.031525,0.021844,0.609417,1.767211,19.323850,10.940888,3.464934,2.721485,169.967922,4.263967,1.028048,0.020940,0.934245
-0.045418,0.020998,0.558169,2.039888,19.295213,8.654878,3.458923,2.728043,169.959313,3.715549,1.026582,0.018202,0.933138
-0.040183,0.021545,0.664475,1.505065,19.333710,10.207858,3.463331,2.727073,169.618001,4.465831,1.027511,0.021947,0.933778
-0.042882,0.022347,0.639737,1.657501,19.389653,8.706115,3.467544,2.718964,169.598041,3.978664,1.026588,0.019632,0.932973
-0.045401,0.021447,0.524064,2.528415,19.291418,8.364348,3.464160,2.712785,169.688559,3.782158,1.027107,0.018657,0.933440
-0.054767,0.020491,0.573599,1.743409,19.205577,8.236082,3.460462,2.738408,170.042379,3.767543,1.026906,0.018422,0.933365
-0.034470,0.021657,0.629047,1.658233,19.362835,10.048158,3.458167,2.731754,169.233621,4.010683,1.026564,0.019779,0.933102
-0.042365,0.021677,0.548138,1.949586,19.275942,9.150952,3.462761,2.735577,169.933052,4.061214,1.026900,0.019868,0.933291
-0.030031,0.021701,0.595535,1.764075,19.499492,10.924180,3.462148,2.724091,169.850619,4.162882,1.027385,0.020531,0.933843
-0.033895,0.021260,0.635122,1.613823,19.404485,10.635658,3.463549,2.721448,169.462737,4.199078,1.027654,0.020766,0.934031
-0.031654,0.021926,0.640512,1.614649,19.411698,10.911790,3.463896,2.735412,169.866971,4.122716,1.027304,0.020402,0.933629
-0.037961,0.021010,0.574877,1.881378,19.293980,9.985553,3.460385,2.722017,169.913328,4.153361,1.027357,0.020383,0.933741
-0.036420,0.021451,0.566082,1.766474,19.402835,9.604570,3.463834,2.726704,170.155721,3.801041,1.027144,0.018757,0.933573
-0.027907,0.022135,0.628671,1.663328,19.413223,12.019307,3.463191,2.703941,169.430331,4.391080,1.026998,0.021689,0.933498
-0.040809,0.022220,0.602419,1.798951,19.287135,9.455173,3.467262,2.716278,169.708215,4.014738,1.026798,0.019727,0.933144
-0.033977,0.021758,0.579261,1.825128,19.457768,10.351790,3.463304,2.724611,169.960938,4.126789,1.027243,0.020238,0.933630
-0.030456,0.022890,0.524405,1.671985,19.505967,11.528322,3.464585,2.720939,169.138649,4.333407,1.026648,0.021284,0.933170
-0.035956,0.021100,0.606780,1.797743,19.314860,10.136438,3.461674,2.716146,169.762009,4.058288,1.027003,0.019991,0.933358
-0.035599,0.021129,0.580414,2.025036,19.378348,9.763023,3.461648,2.725251,169.885233,4.020428,1.026570,0.019696,0.933127
-0.032455,0.021979,0.676581,1.527132,19.365203,11.068108,3.463003,2.724871,169.415023,4.431431,1.027245,0.021875,0.933667
-0.034707,0.021814,0.629777,1.556408,19.350423,10.122762,3.465180,2.716757,169.672482,4.231239,1.026362,0.020879,0.932777
-0.037390,0.021370,0.620971,1.714773,19.291273,9.699772,3.462739,2.723379,169.752227,4.016686,1.026826,0.019798,0.933187
-0.032712,0.022299,0.570985,1.933232,19.520958,10.914390,3.460816,2.727621,169.870115,4.046905,1.026650,0.019829,0.933241
-0.051817,0.022528,0.605248,1.651497,19.060212,7.515667,3.467716,2.737181,169.127064,3.865459,1.024497,0.019042,0.931067
-0.034280,0.021662,0.644191,1.552554,19.294325,10.420097,3.461718,2.728808,169.397069,4.257480,1.026447,0.020962,0.932877
-0.049475,0.020981,0.555171,1.839316,19.109588,8.468300,3.465178,2.746717,169.606091,3.870231,1.025937,0.018914,0.932406
-0.032873,0.021687,0.554881,1.944464,19.298110,10.139532,3.457443,2.719917,169.130931,3.821655,1.025607,0.018846,0.932242
-0.035611,0.021311,0.606935,1.688974,19.271592,9.966498,3.463456,2.734655,169.596660,4.184507,1.026105,0.020539,0.932506
-0.031789,0.021682,0.621115,1.794881,19.530393,10.879068,3.459130,2.712162,169.403843,4.242501,1.026336,0.020839,0.932791
-0.045283,0.021948,0.577973,1.885046,19.181323,9.099892,3.467724,2.717042,169.158420,4.210963,1.026016,0.020654,0.932597
-0.033255,0.022392,0.651094,1.581850,19.279287,10.203682,3.467622,2.711374,169.228247,4.117266,1.025833,0.020363,0.932191
-0.043977,0.021993,0.606348,1.858187,19.286293,9.254300,3.461878,2.729533,169.743730,3.891433,1.026056,0.019109,0.932564
-0.031498,0.022206,0.600531,1.857749,19.473172,10.404208,3.461436,2.731430,169.620141,3.928905,1.026164,0.019394,0.932688
-0.038540,0.022031,0.647381,1.607327,19.321655,9.834975,3.466231,2.725187,169.401911,4.175220,1.026049,0.020608,0.932508
-0.039626,0.021879,0.593495,1.860988,19.388700,9.504628,3.462305,2.730339,169.608131,4.163754,1.025930,0.020411,0.932394
-0.032604,0.022795,0.625441,1.681901,19.277625,10.503455,3.467071,2.734498,169.996960,3.955598,1.026308,0.019531,0.932831
-0.039357,0.021795,0.601877,1.852011,19.190615,9.213992,3.464191,2.721518,169.312227,3.840106,1.025709,0.018916,0.932350
-0.037017,0.022564,0.622635,1.892113,19.243478,9.659317,3.467964,2.720864,169.525759,4.056910,1.025415,0.020035,0.931982
-0.031127,0.021896,0.634824,1.690779,19.359062,11.029872,3.463646,2.718258,169.657918,4.247743,1.026433,0.020891,0.932832
-0.037263,0.021703,0.580964,1.839291,19.280047,9.687308,3.462679,2.721020,169.908083,3.835402,1.025700,0.018792,0.932278
-0.028620,0.022288,0.668173,1.717259,19.296607,11.395303,3.466083,2.725447,169.206922,4.435882,1.025821,0.021857,0.932303
-0.047326,0.021546,0.609064,1.684409,19.367130,8.254482,3.459694,2.707287,169.509518,3.968397,1.024918,0.019440,0.931510
-0.035239,0.022423,0.656245,1.821767,19.347177,10.114020,3.464671,2.703236,169.378058,4.155485,1.026024,0.020556,0.932416
-0.031037,0.020443,0.554309,1.837927,19.486720,10.947402,3.459032,2.732081,168.935943,4.091839,1.025372,0.020053,0.932059
-0.038995,0.021812,0.616171,1.654235,19.136758,9.511762,3.465465,2.723884,169.551135,4.054941,1.025347,0.019920,0.931933
-0.033083,0.022069,0.640440,1.461025,19.470255,10.805287,3.461961,2.720140,169.495685,4.074246,1.025518,0.020085,0.932045
-0.041390,0.021761,0.638789,1.644289,19.263460,9.017453,3.466258,2.715622,169.063685,4.044983,1.025371,0.019944,0.931905
-0.030869,0.021878,0.641065,1.594898,19.379393,11.691178,3.464658,2.728216,169.532278,4.420423,1.025666,0.021752,0.932184
-0.043778,0.022125,0.626148,1.737063,19.253880,9.302925,3.464387,2.722639,169.560758,4.042317,1.025329,0.019842,0.931860
-0.031757,0.021952,0.582706,1.774289,19.414687,10.120188,3.461644,2.722649,169.762453,3.779591,1.025421,0.018584,0.932067
-0.038944,0.022037,0.599219,1.830476,19.300430,9.279853,3.464543,2.716307,169.064033,3.910857,1.024664,0.019293,0.931262
-0.029767,0.022198,0.643639,1.738289,19.411368,11.267298,3.460643,2.716274,169.513350,4.110473,1.025642,0.020325,0.932189
-0.034505,0.021435,0.605245,1.696804,19.270957,10.283883,3.463802,2.733889,169.713017,4.091974,1.025576,0.020048,0.932051
-0.036543,0.022241,0.587945,1.701019,19.301473,9.677245,3.462982,2.732295,168.861529,3.914692,1.024569,0.019184,0.931258
-0.044282,0.022602,0.645029,1.733849,19.174300,8.690747,3.466914,2.727245,169.239126,3.899366,1.024622,0.019227,0.931173
-0.049355,0.022733,0.616119,1.859713,19.213008,7.880408,3.468230,2.727143,169.387949,3.771664,1.024096,0.018567,0.930675
-0.036255,0.021611,0.626182,1.786534,19.409325,10.235473,3.458810,2.704685,169.567625,3.985051,1.024905,0.019578,0.931576
-0.036143,0.022458,0.659883,1.516356,19.185458,10.095030,3.466789,2.705592,168.971765,4.175686,1.024517,0.020657,0.931104
-0.034212,0.021426,0.608167,2.056508,19.254913,9.760903,3.460040,2.711611,169.409802,3.888611,1.024512,0.019177,0.931176
-0.033864,0.022881,0.669012,1.549255,19.467048,10.214492,3.465185,2.720339,168.955526,4.226448,1.024838,0.020837,0.931320
-0.043492,0.021846,0.646500,1.624359,19.254545,9.324100,3.466013,2.714122,169.142671,4.179271,1.024368,0.020541,0.931089
-0.033755,0.022927,0.633140,1.734372,19.331307,10.093543,3.465804,2.714145,169.408161,3.959856,1.024937,0.019554,0.931495
-0.042259,0.022087,0.610624,1.772431,19.117395,8.841635,3.465260,2.714903,169.474725,3.923181,1.024630,0.019186,0.931254
-0.029207,0.021643,0.588428,1.757710,19.461533,11.482600,3.462241,2.700448,169.161880,4.034233,1.025180,0.019781,0.931803
-0.036030,0.022026,0.615923,1.822271,19.263980,9.646543,3.466352,2.724430,169.355888,4.150909,1.024241,0.020357,0.930946
-0.040390,0.022430,0.645259,1.651102,19.363067,9.968233,3.465507,2.715558,169.106748,4.199578,1.024679,0.020720,0.931212
-0.052193,0.021680,0.587115,1.766956,19.012280,8.087807,3.468271,2.737728,169.256190,3.823593,1.024124,0.018683,0.930798
-0.028965,0.022827,0.597134,1.822238,19.371458,11.717518,3.464476,2.712105,169.128368,4.225276,1.024677,0.020845,0.931342
-0.038154,0.021681,0.593932,1.965358,19.318223,9.533283,3.462200,2.713897,169.598451,3.910208,1.024711,0.019245,0.931278
-0.033997,0.021641,0.603983,1.795839,19.384765,10.374158,3.462665,2.722826,169.699626,3.958673,1.024904,0.019505,0.931501
-0.039467,0.022091,0.625012,1.677204,19.295873,9.028395,3.464163,2.713748,168.925263,3.757091,1.023741,0.018484,0.930523
-0.040532,0.021376,0.582198,1.824006,19.322603,9.459632,3.460681,2.720846,169.567073,3.967143,1.025035,0.019431,0.931493
-0.035389,0.021720,0.590127,1.861294,19.295763,10.252435,3.464636,2.740151,169.628269,3.907260,1.024448,0.019135,0.931233
-0.030636,0.022875,0.661855,1.529036,19.555483,11.051427,3.465182,2.699121,168.869474,4.490245,1.024480,0.022069,0.931106
-0.037238,0.022273,0.629705,1.602265,19.201553,9.343758,3.465043,2.718546,169.215760,4.036112,1.023781,0.019836,0.930469
-0.035974,0.022606,0.640952,1.560151,19.391487,10.599628,3.467856,2.721443,169.388458,4.179231,1.024557,0.020527,0.931131
-0.031812,0.022222,0.592207,1.656144,19.279247,10.524855,3.465682,2.728571,169.770278,3.938542,1.024734,0.019400,0.931402
-0.037225,0.023228,0.684368,1.718849,19.255282,10.491492,3.471483,2.722008,168.845813,4.349203,1.023770,0.021423,0.930499
-0.046219,0.022331,0.631681,1.623461,19.221120,8.641118,3.461986,2.718431,169.366609,4.008053,1.023607,0.019632,0.930279
-0.036437,0.022506,0.618383,1.748701,19.136382,9.071988,3.464184,2.737203,169.417234,3.785488,1.023947,0.018648,0.930660
-0.041447,0.020827,0.573362,1.743680,19.265920,8.869273,3.458133,2.713291,168.762186,3.718391,1.023473,0.018139,0.930330
-0.034813,0.023129,0.660020,1.670147,19.166373,10.041023,3.466745,2.723487,169.105665,4.305810,1.023590,0.021136,0.930275
-0.037150,0.021495,0.618060,1.617805,19.350683,10.033008,3.461223,2.739872,169.347549,4.009006,1.023611,0.019692,0.930320
-0.034440,0.022997,0.688490,1.625403,19.246078,10.707362,3.468773,2.708214,169.013786,4.390600,1.023979,0.021563,0.930641
-0.025606,0.022798,0.624798,1.600539,19.488665,12.515642,3.464575,2.723901,168.789238,4.371545,1.023849,0.021493,0.930574
-0.041001,0.022422,0.612220,1.633280,19.181203,9.412482,3.468249,2.727281,169.147209,4.003779,1.023502,0.019602,0.930257
-0.029014,0.023013,0.609131,1.641196,19.497880,11.119092,3.464341,2.704201,168.879777,4.015015,1.023625,0.019851,0.930377
-0.035118,0.023038,0.664092,1.606090,19.313758,10.805800,3.465595,2.718100,168.840709,4.570192,1.023478,0.022511,0.930163
-0.036642,0.022600,0.642439,1.728663,19.258907,9.563798,3.466515,2.725277,169.381429,3.955486,1.023384,0.019507,0.930064
-0.032028,0.023140,0.625357,1.645313,19.278363,10.670478,3.468824,2.738553,169.418107,4.057291,1.023871,0.020018,0.930558
-0.033769,0.022220,0.624760,1.763940,19.324883,10.050103,3.464772,2.719609,168.915709,4.018292,1.023568,0.019707,0.930339
-0.038602,0.022200,0.655028,1.629909,19.242247,9.721707,3.464046,2.721028,169.115840,4.201647,1.022980,0.020622,0.929796
-0.036454,0.022183,0.655205,1.557660,19.393697,9.590017,3.463251,2.710614,169.036764,3.963755,1.023461,0.019535,0.930128
-0.044190,0.021567,0.547065,1.731290,19.086505,8.256853,3.462380,2.748064,169.481090,3.623822,1.023215,0.017773,0.929950
-0.034440,0.022736,0.650825,1.573049,19.265817,10.138035,3.462169,2.724775,168.819742,4.154352,1.022659,0.020353,0.929547
-0.038006,0.021845,0.649641,1.702850,19.251108,10.401603,3.461913,2.731621,169.284277,4.294860,1.023573,0.021107,0.930246
-0.037248,0.022006,0.609681,1.751662,19.151640,9.465548,3.463222,2.740192,169.568654,3.923701,1.023179,0.019301,0.929967
-0.039661,0.022135,0.612748,1.631960,19.352912,9.795902,3.460973,2.711605,168.747804,3.837039,1.022524,0.018743,0.929465
-0.042030,0.022409,0.594374,2.566846,19.153377,8.786783,3.465041,2.721427,169.044845,3.806617,1.022644,0.018786,0.929379
-0.038385,0.022318,0.592423,1.688100,19.174787,9.249648,3.464752,2.732620,169.474825,3.861101,1.022698,0.018885,0.929594
-0.029440,0.022887,0.681639,1.549767,19.455453,11.250048,3.460370,2.708470,168.943087,4.225968,1.023139,0.020854,0.929975
-0.030673,0.022381,0.684890,1.595837,19.467712,11.122113,3.465951,2.726895,169.113405,4.157482,1.022881,0.020545,0.929628
-0.033110,0.023309,0.629937,1.693105,19.242067,10.717640,3.469053,2.715689,168.916350,4.190749,1.023039,0.020670,0.929815
-0.033011,0.022408,0.611613,1.672288,19.308502,10.540205,3.467697,2.718403,169.086978,3.843899,1.022682,0.018933,0.929567
-0.050913,0.023225,0.702177,1.500137,19.097322,8.307468,3.469560,2.716364,168.410487,4.201593,1.021595,0.020680,0.928442
-0.038577,0.023526,0.628420,1.632939,19.262772,9.999258,3.467165,2.727347,169.002980,4.104605,1.022479,0.020100,0.929324
-0.049784,0.021705,0.625246,1.812544,19.330302,8.148718,3.462252,2.720240,169.104183,4.055540,1.022460,0.019927,0.929195
-0.037810,0.022522,0.601158,1.958672,19.152028,9.704857,3.467498,2.729197,168.746630,3.856368,1.022733,0.018992,0.929589
-0.031250,0.022370,0.655787,1.690889,19.348710,11.417450,3.462877,2.738676,169.002533,4.130086,1.022665,0.020420,0.929548
-0.029097,0.023278,0.683747,1.525831,19.411087,11.084458,3.467634,2.709266,169.033485,4.119238,1.022633,0.020336,0.929479
-0.044299,0.022677,0.659213,1.639794,19.296887,9.521888,3.468116,2.722755,168.928649,4.087613,1.022560,0.020085,0.929294
-0.032358,0.022791,0.647344,1.580110,19.262455,10.288412,3.463952,2.704005,168.457195,3.968131,1.021752,0.019628,0.928764
-0.035687,0.023315,0.662622,1.644730,19.304072,10.401657,3.465201,2.723450,168.841903,4.077505,1.022459,0.020094,0.929289
-0.037721,0.022660,0.638163,1.626885,19.254078,9.867167,3.464737,2.731146,169.129316,4.029583,1.022170,0.019753,0.929020
-0.033893,0.023050,0.665896,1.624313,19.342788,10.174355,3.464107,2.727648,168.553638,4.247241,1.021632,0.020840,0.928601
-0.032232,0.022870,0.653582,1.703875,19.201985,10.709277,3.467310,2.722507,168.976421,4.030704,1.022303,0.019896,0.929079
-0.037775,0.022357,0.641474,2.018038,19.356485,9.470117,3.463886,2.709934,169.075017,3.930843,1.021708,0.019309,0.928590
-0.034026,0.022929,0.724866,1.514281,19.393098,10.665190,3.465680,2.707914,168.460189,4.361811,1.022265,0.021482,0.929184
-0.033887,0.022892,0.673247,1.485282,19.293143,10.428673,3.468558,2.723901,168.899016,4.016909,1.022153,0.019797,0.928988
-0.035867,0.022772,0.608219,1.917996,19.215525,9.648267,3.466104,2.738024,169.219157,3.737214,1.022283,0.018405,0.929215
-0.041946,0.022133,0.634346,1.606594,19.255418,8.702112,3.463666,2.728905,169.328666,3.616662,1.021613,0.017829,0.928510
-0.029774,0.023396,0.686248,1.456753,19.244278,11.202943,3.469344,2.708745,168.546802,4.255331,1.021726,0.021032,0.928668
-0.037982,0.022545,0.666965,1.566913,19.273850,9.412193,3.463994,2.719303,169.019139,3.874354,1.021387,0.019061,0.928330
-0.027174,0.023045,0.682116,1.547574,19.496992,11.540583,3.466580,2.714981,168.561190,4.379543,1.022607,0.021603,0.929268
-0.043782,0.021742,0.604809,1.727531,19.099117,8.364043,3.465057,2.714185,168.273280,3.587211,1.021255,0.017675,0.928397
-0.037898,0.022196,0.632050,1.785708,19.229413,9.501502,3.464174,2.720213,168.966754,3.901173,1.021595,0.019197,0.928412
-0.034115,0.023379,0.669151,1.604721,19.222808,10.173597,3.467498,2.730517,169.060199,3.961385,1.021967,0.019551,0.928756
-0.035343,0.022274,0.594231,1.804942,19.237987,9.447145,3.460460,2.744612,169.271643,3.562564,1.021150,0.017536,0.928232
-0.036748,0.023827,0.681800,1.588808,19.260867,10.221008,3.466622,2.715840,168.258614,4.341189,1.020713,0.021363,0.927697
-0.032193,0.022259,0.645100,1.574423,19.327225,10.697308,3.466190,2.720500,168.776294,3.928236,1.021662,0.019390,0.928571
-0.031165,0.022150,0.646486,1.624716,19.401160,10.998267,3.461061,2.731505,168.635827,3.891065,1.021297,0.019181,0.928411
-0.041481,0.023931,0.721233,1.760572,19.263775,10.035618,3.470925,2.715818,168.267169,4.408291,1.021007,0.021657,0.927944
-0.043539,0.022125,0.648978,1.815160,19.099377,8.982773,3.463706,2.726344,168.789227,4.029492,1.020624,0.019730,0.927605
-0.033454,0.023267,0.678150,1.570725,19.263195,10.276417,3.464798,2.709450,168.720796,4.115185,1.021190,0.020329,0.928085
-0.039107,0.023758,0.635442,1.705933,19.247802,9.643855,3.470586,2.725446,168.252428,3.840507,1.021176,0.018954,0.928214
-0.037861,0.023741,0.660947,1.542893,19.218997,10.098758,3.467595,2.740416,168.647937,4.040000,1.020708,0.019916,0.927689
-0.038646,0.023834,0.653871,1.548815,19.264412,10.071960,3.468860,2.729134,168.644154,4.110940,1.021042,0.020203,0.928036
-0.038648,0.022625,0.652068,1.863578,19.107830,9.723893,3.467793,2.714632,168.645757,4.123656,1.021177,0.020217,0.928066
-0.046137,0.022885,0.638018,1.715387,19.061677,8.464063,3.463976,2.716302,168.129519,3.822552,1.019473,0.018792,0.926692
-0.034845,0.047723,1.489590,0.671345,20.012670,8.977352,3.455999,2.691841,167.557902,3.183038,1.016392,0.015446,0.909706
-0.040173,0.023907,0.679038,1.615279,20.008175,9.393832,3.469939,2.703435,168.191652,3.914956,1.017654,0.019264,0.922953
-0.040431,0.022591,0.682355,1.745380,20.009363,9.459310,3.459295,2.711509,168.394817,3.884813,1.017578,0.018994,0.924150
-0.036616,0.023876,0.702121,1.452374,20.010505,10.021887,3.466683,2.704698,168.092307,4.078728,1.018510,0.020110,0.925131
-0.040674,0.024848,0.697023,1.551465,19.822892,9.128722,3.472646,2.704431,168.512891,3.891848,1.018660,0.019219,0.925610
-0.044987,0.024085,0.724525,1.492915,19.554195,9.068928,3.470884,2.705682,168.314648,4.242115,1.018863,0.020826,0.925819
-0.027522,0.023471,0.604927,2.008341,19.658262,11.515160,3.465815,2.696176,167.947706,4.016797,1.019040,0.019820,0.926215
-0.041238,0.023159,0.616190,1.622904,19.327025,9.178950,3.464094,2.708881,168.481165,3.916483,1.018652,0.019246,0.925735
-0.029512,0.024326,0.669886,1.492858,19.647757,10.722938,3.466020,2.705295,168.097216,4.024754,1.019170,0.019880,0.926225
-0.041196,0.023052,0.642900,1.932823,19.331322,9.439252,3.469283,2.724021,167.821250,3.999391,1.018986,0.019702,0.926141
-0.035140,0.023526,0.694855,1.494474,19.485533,10.370928,3.466946,2.722249,168.234549,4.007782,1.019055,0.019810,0.926142
-0.038383,0.023247,0.643860,1.724840,19.276998,9.545348,3.468695,2.725664,168.419370,4.000196,1.019006,0.019641,0.926104
-0.026698,0.024124,0.678764,1.709457,19.591027,11.270310,3.466945,2.717876,168.426689,4.089316,1.019465,0.020135,0.926547
-0.040163,0.022809,0.672264,1.543943,19.274787,9.797725,3.469622,2.706287,167.998747,4.208544,1.018412,0.020667,0.925655
-0.037282,0.023337,0.672509,1.454454,19.226667,9.513908,3.466557,2.727200,168.318172,3.970079,1.018951,0.019565,0.925996
-0.056969,0.022392,0.642000,1.727463,19.022922,6.787072,3.463605,2.734100,168.390453,3.430427,1.017585,0.016849,0.924865
-0.030474,0.023968,0.667650,1.564188,19.291067,10.576128,3.464021,2.730480,168.138762,3.920683,1.018503,0.019340,0.925773
-0.027596,0.023198,0.658592,1.687550,19.436688,11.445373,3.464743,2.711607,168.287273,4.002385,1.018990,0.019712,0.926146
-0.035485,0.023814,0.687221,1.516219,19.204613,9.482192,3.469766,2.703685,168.223782,3.943269,1.018771,0.019470,0.925855
-0.044517,0.022715,0.585933,1.710451,19.139580,9.273033,3.463605,2.731063,168.552816,3.873156,1.018269,0.018946,0.925535
-0.032784,0.023936,0.741700,1.389061,19.279618,10.569060,3.468546,2.717204,167.811223,4.167535,1.018285,0.020639,0.925516
-0.051492,0.023807,0.643834,1.553390,19.071188,8.455635,3.467288,2.728461,168.344847,3.781720,1.017783,0.018529,0.925097
-0.033729,0.023423,0.695837,1.559775,19.321953,10.040112,3.463659,2.714115,168.148751,4.180852,1.018358,0.020507,0.925506
-0.031004,0.024425,0.711621,1.421127,19.253910,10.867532,3.470411,2.721180,168.050639,4.158615,1.018198,0.020551,0.925465
-0.033575,0.023442,0.659903,1.520891,19.215105,10.433625,3.467529,2.718574,168.173926,4.181441,1.018500,0.020559,0.925571
-0.039387,0.023550,0.693882,1.473068,19.120985,9.289162,3.465785,2.729270,168.437446,3.834078,1.018172,0.018856,0.925382
-0.033477,0.023135,0.671594,1.489071,19.388162,10.292005,3.464957,2.715776,168.069111,3.862683,1.018253,0.019013,0.925485
-0.031535,0.023285,0.687702,1.582942,19.326263,11.076977,3.467110,2.720761,168.101764,4.197516,1.018484,0.020649,0.925637
-0.037712,0.023147,0.660678,1.554373,19.203420,9.220865,3.466151,2.722109,168.419771,3.873677,1.018401,0.019068,0.925562
-0.033939,0.022312,0.648959,1.600137,19.126642,10.136108,3.464106,2.724044,168.758564,3.956866,1.018637,0.019354,0.925848
-0.041473,0.023731,0.668285,1.539034,19.184150,9.824345,3.468677,2.716324,167.809116,4.117566,1.017972,0.020224,0.925262
-0.042507,0.023349,0.705506,1.417288,19.213952,9.178575,3.466049,2.714108,168.292463,4.063981,1.017773,0.019919,0.924977
-0.043566,0.024367,0.648785,1.503430,19.267037,9.168548,3.466108,2.711710,168.229629,4.106910,1.018030,0.020135,0.925190
-0.047013,0.022810,0.670033,1.558944,19.024627,8.525790,3.467629,2.729382,168.077825,3.826753,1.017985,0.018753,0.925298
-0.033727,0.024109,0.723457,1.385013,19.369558,10.615225,3.465426,2.713916,168.150618,4.121148,1.018144,0.020363,0.925309
-0.040848,0.022946,0.690765,1.524609,19.011808,8.955385,3.466900,2.726713,168.234161,3.797936,1.018005,0.018710,0.925207
-0.030122,0.023026,0.637688,1.325251,19.379487,10.643858,3.463342,2.714592,168.352300,3.785552,1.017764,0.018574,0.925136
-0.027475,0.024446,0.724067,1.660220,19.301443,11.326332,3.467131,2.717800,167.909204,4.091995,1.017979,0.020213,0.925128
-0.032338,0.022727,0.694080,1.572114,19.250698,10.133953,3.463496,2.716379,168.280538,3.823319,1.018015,0.018835,0.925279
-0.035231,0.024303,0.690173,1.534739,19.345423,10.168547,3.467667,2.721841,168.408265,3.842441,1.018165,0.018958,0.925375
-0.032887,0.024228,0.728632,1.372449,19.327560,10.083750,3.467604,2.724380,167.669195,3.983858,1.017276,0.019690,0.924666
-0.054550,0.023401,0.640555,1.561686,18.957885,8.137565,3.468188,2.741978,168.184397,3.891229,1.016907,0.019035,0.924192
-0.033627,0.023185,0.622234,1.946954,19.293092,9.842750,3.463345,2.713423,168.177001,3.949407,1.017137,0.019411,0.924522
-0.033277,0.024806,0.736894,1.403706,19.338338,10.590305,3.471332,2.724301,167.750774,4.346922,1.017801,0.021463,0.924969
-0.037447,0.024109,0.690397,1.534964,19.282738,9.838272,3.468866,2.729454,167.929506,3.960870,1.017200,0.019446,0.924552
-0.033678,0.023879,0.651690,1.749954,19.218972,10.088828,3.471539,2.725700,168.115989,4.076024,1.017808,0.019989,0.925057
-0.043529,0.023232,0.664460,1.607023,19.034138,8.779302,3.463646,2.720334,168.328868,3.579308,1.016756,0.017605,0.924200
-0.037785,0.025129,0.740683,1.350739,19.166560,10.515462,3.471501,2.727989,167.916764,4.470597,1.016804,0.021999,0.924107
-0.036427,0.024249,0.694160,1.453164,19.193702,9.565767,3.465503,2.712368,167.765869,3.866988,1.016731,0.019081,0.924086
-0.045109,0.023782,0.674149,1.517748,19.063717,8.669630,3.467754,2.713663,167.866525,3.806530,1.016518,0.018725,0.923857
-0.037956,0.024787,0.709291,1.481771,19.160662,9.364882,3.471372,2.708716,167.532192,3.774578,1.016320,0.018616,0.923689
-0.040083,0.024021,0.732625,1.488363,19.067793,9.713120,3.471297,2.739108,167.920153,4.112580,1.016454,0.020262,0.923888
-0.040677,0.023973,0.702690,1.574435,19.178002,9.247958,3.466986,2.738175,168.135718,3.822131,1.016550,0.018792,0.923909
-0.033743,0.024364,0.725613,1.461894,19.356947,11.470470,3.466340,2.717204,167.852293,4.292973,1.017492,0.021090,0.924661
-0.033578,0.023899,0.691009,1.674647,19.259923,10.665212,3.467226,2.699778,167.621944,4.177444,1.016719,0.020516,0.924155
-0.044418,0.023825,0.687177,1.494053,19.088007,8.814757,3.467949,2.721692,168.018866,3.814360,1.016518,0.018703,0.923862
-0.041261,0.023849,0.678367,1.625290,19.097915,9.146758,3.467004,2.712848,168.189225,3.862809,1.016669,0.018901,0.924057
-0.044128,0.024448,0.677696,1.488287,19.094647,8.171842,3.465700,2.717525,167.903110,3.646545,1.015536,0.017934,0.923113
-0.041732,0.023730,0.728843,1.441483,18.991712,9.240573,3.470868,2.728437,167.799165,4.014041,1.016056,0.019758,0.923421
-0.038378,0.024187,0.722109,1.404025,19.398455,9.726645,3.466479,2.713487,167.819639,4.012215,1.016010,0.019715,0.923385
-0.031167,0.024858,0.770375,1.378722,19.128223,10.942627,3.473118,2.718519,167.705606,4.503817,1.016854,0.022133,0.924232
-0.037268,0.024698,0.736921,1.482534,19.148275,9.374300,3.470131,2.722215,167.497528,3.959790,1.015688,0.019546,0.923145
-0.043894,0.023610,0.699199,1.468936,19.020805,8.330438,3.468003,2.728766,167.809388,3.679356,1.015886,0.018113,0.923252
-0.037719,0.023766,0.678069,1.670526,19.152260,9.410537,3.466280,2.733161,168.169710,3.687045,1.015775,0.018187,0.923294
-0.033904,0.024703,0.703943,1.541492,19.187298,10.036600,3.468267,2.708788,167.450794,4.270103,1.015747,0.020943,0.923137
-0.039044,0.024440,0.702034,1.612289,19.182830,9.544070,3.470656,2.710219,168.028636,4.018126,1.015973,0.019699,0.923396
-0.032999,0.024826,0.726032,1.554407,19.330315,10.700662,3.471561,2.713810,167.939620,4.108455,1.016544,0.020201,0.923841
-0.052008,0.022981,0.633353,1.653652,18.946768,7.787523,3.467491,2.714071,167.716980,3.672818,1.015511,0.017901,0.923151
-0.036105,0.023846,0.735628,1.359575,19.141223,10.324890,3.468725,2.723968,167.420646,4.351776,1.016241,0.021492,0.923575
-0.036543,0.022990,0.682639,1.486136,19.181412,9.469583,3.464654,2.721815,167.795998,3.874120,1.015155,0.019003,0.922772
-0.038782,0.024930,0.786738,1.322160,19.128842,10.043565,3.467015,2.717560,167.212041,4.537183,1.015700,0.022328,0.923012
-0.033749,0.024587,0.711656,1.450085,19.214173,10.780172,3.472001,2.725645,167.477014,4.286680,1.015656,0.021021,0.923197
-0.036499,0.023836,0.714581,1.486558,19.182585,9.996030,3.468213,2.729346,167.761929,3.982429,1.015900,0.019574,0.923272
-0.036795,0.022639,0.667614,1.526459,19.162468,9.582850,3.463785,2.717015,168.041041,3.676876,1.015731,0.018084,0.923229
-0.032936,0.025225,0.749792,1.442084,19.263832,10.702070,3.468648,2.716027,167.502673,4.287314,1.015738,0.021047,0.923221
-0.044981,0.024427,0.735539,1.459088,19.170358,8.923505,3.470568,2.730196,167.250759,4.027881,1.014440,0.019743,0.922048
-0.037671,0.023894,0.754165,1.411824,19.124638,9.848753,3.468570,2.727268,167.540744,4.182255,1.015294,0.020488,0.922728
-0.051473,0.023343,0.649654,1.625760,18.933778,8.288670,3.463517,2.725101,167.666693,3.702521,1.014259,0.018128,0.921968
-0.028435,0.024807,0.727980,1.451030,19.216828,10.853920,3.467339,2.721032,167.013965,4.084667,1.014829,0.020058,0.922331
-0.048703,0.023733,0.691727,1.467447,18.989260,8.621850,3.469187,2.736418,167.500625,3.751511,1.014702,0.018420,0.922205
-0.035512,0.024129,0.629436,1.588736,19.240838,9.622687,3.465188,2.728416,167.583347,3.685673,1.014229,0.018157,0.921913
-0.034389,0.024482,0.763551,1.364503,19.168382,10.535115,3.470236,2.716979,167.278359,4.390315,1.014913,0.021631,0.922355
-0.031831,0.024491,0.739143,1.498883,19.203910,10.997590,3.468329,2.714032,167.376440,4.376311,1.014718,0.021493,0.922290
-0.048719,0.024311,0.711296,1.528659,18.988967,8.240153,3.472579,2.739661,167.393888,3.985090,1.014319,0.019484,0.921807
-0.058815,0.024046,0.630051,1.595603,18.797623,7.468705,3.466275,2.718936,167.658339,3.576678,1.013657,0.017454,0.921355
-0.027402,0.024708,0.759265,1.379534,19.257845,11.971393,3.468403,2.705471,167.409369,4.148830,1.015080,0.020531,0.922642
-0.034993,0.024498,0.714491,1.434230,19.133437,9.807697,3.470245,2.723833,167.779790,3.717217,1.014362,0.018340,0.922019
-0.032098,0.025409,0.730601,1.368610,19.230862,11.083305,3.472325,2.708611,167.361304,4.402474,1.014954,0.021618,0.922396
-0.040923,0.023893,0.694088,1.530303,19.116470,8.645343,3.468488,2.727025,167.117629,3.792969,1.013204,0.018639,0.920998
-0.041487,0.024821,0.725680,1.541319,18.984237,9.253077,3.470120,2.726179,167.335693,3.926927,1.014105,0.019343,0.921624
-0.040372,0.023829,0.648600,1.546704,18.953793,8.528163,3.465891,2.721545,167.660681,3.527972,1.013368,0.017309,0.921155
-0.053410,0.024696,0.773974,1.333188,19.105043,7.781453,3.463826,2.707101,167.432363,3.899105,1.012335,0.019159,0.920114
-0.036104,0.024522,0.757399,1.439274,19.047890,9.997640,3.468634,2.713454,167.312845,4.130188,1.013535,0.020315,0.921161
-0.042734,0.025278,0.744353,1.539575,19.076107,8.724213,3.470657,2.730995,167.423845,3.749436,1.013080,0.018506,0.920813
-0.032790,0.024515,0.765080,1.584875,19.239722,11.265498,3.469633,2.717136,167.409238,4.250415,1.014168,0.020949,0.921735
-0.032045,0.024625,0.739089,1.353052,19.265953,10.903413,3.468003,2.705362,166.988816,4.148045,1.013444,0.020400,0.921243
-0.039692,0.024305,0.715255,1.398353,19.058642,9.421298,3.467581,2.714347,167.514658,3.851790,1.013570,0.018882,0.921254
-0.034600,0.025372,0.719889,1.389214,19.327002,10.088855,3.468245,2.711008,167.185531,4.085930,1.013227,0.020029,0.920928
-0.050063,0.024904,0.789748,1.334709,19.119548,8.477175,3.474514,2.707429,166.760571,4.050128,1.013098,0.019971,0.920813
-0.036445,0.024124,0.751382,1.422560,19.185172,10.572513,3.469637,2.723193,167.300428,4.085054,1.013220,0.020066,0.920947
-0.030586,0.024327,0.751504,1.439736,19.095345,11.085582,3.468895,2.727696,167.397496,4.182611,1.013730,0.020539,0.921387
-0.038762,0.025391,0.685812,1.520862,19.135237,9.501430,3.470515,2.732997,167.598840,3.756294,1.012942,0.018322,0.920778
-0.036746,0.024554,0.751819,1.330112,19.001155,10.343003,3.470008,2.738017,167.123515,4.348468,1.012963,0.021355,0.920734
-0.027690,0.025387,0.704469,1.478244,19.318480,11.871380,3.469494,2.712221,167.083886,4.140192,1.013482,0.020427,0.921200
-0.043606,0.023725,0.705353,1.475226,18.999805,9.320542,3.469359,2.726427,167.150047,3.973338,1.012653,0.019472,0.920421
-0.040710,0.024424,0.703800,1.337537,19.050345,9.256377,3.466060,2.710938,166.637621,3.771963,1.011553,0.018564,0.919499
-0.040096,0.025516,0.741557,1.341046,19.070480,9.416118,3.471179,2.708751,166.960205,3.843001,1.012086,0.018970,0.919840
-0.034594,0.025114,0.708197,1.451971,19.113827,9.925395,3.472368,2.724288,166.923566,3.864972,1.012039,0.019053,0.919933
-0.039789,0.025783,0.789097,1.335720,19.063607,9.748810,3.474755,2.721023,166.892128,4.188102,1.012224,0.020549,0.919970
-0.035955,0.025914,0.792626,1.296197,19.026877,9.655202,3.471026,2.726779,166.688950,4.022367,1.011275,0.019867,0.919286
-0.047078,0.025363,0.777495,1.361817,19.009832,8.612383,3.471611,2.718962,166.884196,3.942432,1.011053,0.019373,0.918934
-0.042547,0.024672,0.745310,1.417369,18.932658,8.888833,3.467861,2.722311,166.970267,4.008467,1.011236,0.019622,0.919161
-0.033872,0.025855,0.731118,1.399486,19.161803,10.146350,3.471920,2.720605,166.770892,3.752448,1.011501,0.018471,0.919396
-0.044737,0.024222,0.760080,1.343419,19.117507,8.921652,3.466112,2.721664,167.102998,3.987161,1.011190,0.019526,0.919089
-0.034864,0.025155,0.778208,1.425814,19.114918,10.264403,3.467555,2.715651,167.084330,4.076907,1.011587,0.020011,0.919534
-0.038207,0.024763,0.769604,1.319262,18.882463,9.540080,3.471661,2.723193,166.862278,4.065950,1.011617,0.019989,0.919485
-0.032767,0.025918,0.793764,1.260222,19.212340,11.623832,3.471286,2.709801,166.218498,4.294588,1.011149,0.021175,0.919165
-0.049885,0.023714,0.718879,1.427481,18.791148,8.396105,3.469725,2.724364,166.887235,3.835109,1.010338,0.018757,0.918417
-0.037480,0.025779,0.785224,1.388969,19.158615,9.604190,3.469227,2.728777,166.692359,4.080135,1.010089,0.020086,0.918178
-0.034627,0.025915,0.802682,1.255329,19.195960,10.886675,3.473077,2.709815,166.615517,4.496034,1.010690,0.022123,0.918666
-0.037293,0.024796,0.764084,1.391945,19.098810,10.077813,3.466461,2.742054,166.911793,4.168954,1.010536,0.020464,0.918532
-0.050961,0.025315,0.777198,1.406291,19.016580,8.279482,3.470239,2.725288,166.633500,4.047390,1.009967,0.019834,0.917951
-0.036855,0.025117,0.725294,1.396935,19.013202,9.672038,3.470510,2.721063,166.917663,3.803640,1.010075,0.018677,0.918282
-0.035774,0.026157,0.778235,1.285179,18.944923,10.123342,3.476148,2.721583,166.435401,4.035071,1.009885,0.019892,0.917919
-0.033145,0.026057,0.738386,1.557790,19.111057,10.046017,3.471085,2.710505,166.835112,3.784983,1.010081,0.018634,0.918238
-0.032443,0.025902,0.811044,1.265687,19.181525,10.305800,3.472825,2.706842,166.619078,4.081620,1.010167,0.020140,0.918170
-0.036631,0.025977,0.754284,1.364798,19.073285,10.732822,3.472923,2.725620,166.223427,4.310148,1.009619,0.021178,0.917834
-0.030547,0.026348,0.795696,1.427472,19.086260,11.555923,3.473939,2.726123,166.482989,4.324677,1.009825,0.021273,0.917871
-0.030414,0.024305,0.748846,1.350353,19.221658,10.943737,3.465798,2.715411,166.633474,3.970623,1.009473,0.019528,0.917659
-0.039117,0.025695,0.839495,1.236697,18.963938,9.485862,3.471534,2.723796,166.094477,4.197716,1.009105,0.020604,0.917275
-0.039917,0.026085,0.759464,1.431654,19.127733,8.569187,3.467544,2.714238,166.149933,3.683439,1.008069,0.018080,0.916331
-0.034716,0.025700,0.808305,1.331711,19.023008,10.310900,3.471805,2.723261,166.509637,4.170257,1.009085,0.020551,0.917209
-0.049179,0.025852,0.760279,1.402536,18.857468,8.176408,3.470483,2.739877,166.626096,3.681312,1.007976,0.018048,0.916326
-0.037023,0.026587,0.781309,1.333482,19.101762,9.862533,3.473270,2.720090,165.838875,3.964767,1.007981,0.019571,0.916269
-0.032999,0.026277,0.786399,1.352361,19.036667,10.011420,3.474331,2.724841,166.298781,3.992872,1.008147,0.019676,0.916394
-0.041157,0.026112,0.792076,1.321111,19.180507,9.289030,3.472098,2.712063,166.365311,3.898286,1.007580,0.019115,0.915924
-0.034760,0.028406,0.804218,1.250024,19.029483,10.866255,3.479971,2.706614,165.712914,4.578517,1.008012,0.022580,0.916302
-0.032698,0.026344,0.761638,1.409996,19.093267,10.927200,3.475102,2.724605,166.100734,4.179064,1.007522,0.020556,0.915830
-0.038016,0.026643,0.843720,1.211225,18.913328,10.149562,3.476675,2.702881,165.841872,4.215688,1.007810,0.020800,0.916009
-0.040204,0.025462,0.753893,1.508061,18.879617,9.198250,3.471420,2.742083,166.281176,3.749235,1.006780,0.018370,0.915233
-0.035672,0.026363,0.842447,1.327399,18.993448,9.651260,3.474602,2.716000,165.684917,4.009952,1.006678,0.019815,0.915064
-0.035563,0.027332,0.739759,1.351789,19.094588,9.842857,3.474818,2.720496,166.276309,3.810525,1.007228,0.018768,0.915460
-0.030917,0.025735,0.800676,1.335851,19.158732,10.502227,3.470022,2.725243,166.509793,3.809586,1.007202,0.018796,0.915557
-0.049168,0.026501,0.802591,1.245452,19.090927,8.599192,3.473197,2.708475,165.957530,3.885513,1.006030,0.019066,0.914483
-0.031998,0.026751,0.852246,1.272576,19.109152,10.750772,3.473832,2.718383,166.121807,4.355396,1.006946,0.021398,0.915236
-0.043511,0.026895,0.770191,1.515580,18.878733,8.661895,3.473800,2.733976,166.245233,3.626466,1.006276,0.017853,0.914698
-0.038787,0.026533,0.788798,1.346425,18.840757,8.434068,3.466903,2.728041,166.283843,3.457778,1.005331,0.017035,0.913909
-0.035005,0.027327,0.825713,1.256743,18.958127,10.373012,3.474405,2.710900,165.858100,4.131016,1.005789,0.020348,0.914249
-0.041991,0.026350,0.741459,1.374019,18.958365,8.915365,3.472862,2.714598,166.179460,3.794080,1.005564,0.018564,0.914035
-0.034786,0.027248,0.847398,1.180033,19.167533,10.815133,3.475818,2.707931,165.953380,4.171860,1.005933,0.020447,0.914370
-0.040091,0.026929,0.802525,1.354692,19.020608,9.458603,3.473794,2.702641,165.559305,4.002524,1.004978,0.019622,0.913611
-0.034863,0.026795,0.822024,1.257383,18.975193,10.355405,3.474473,2.748865,165.898375,4.077251,1.005515,0.020034,0.913973
-0.034731,0.026381,0.792745,1.393537,19.005805,9.710553,3.470970,2.723192,166.130743,3.709362,1.005098,0.018269,0.913709
-0.028028,0.028128,0.854090,1.211477,19.260387,11.149913,3.473929,2.710811,165.636675,4.040296,1.005320,0.019972,0.913808
-0.036357,0.027951,0.831373,1.292809,19.096150,9.416775,3.476070,2.717412,165.709282,3.896260,1.004626,0.019205,0.913136
-0.047743,0.027389,0.791065,1.317968,18.835015,8.722160,3.475767,2.708076,165.877944,3.850480,1.004257,0.018830,0.912889
-0.036627,0.027245,0.808960,1.265330,19.056780,9.526310,3.469473,2.688270,165.243416,3.761774,1.003865,0.018506,0.912550
-0.032111,0.026159,0.841879,1.234146,18.945945,10.350322,3.470864,2.742289,165.839766,3.850900,1.004320,0.019023,0.912934
-0.040694,0.026474,0.804621,1.242818,19.066677,9.145530,3.471204,2.715991,165.749646,3.998844,1.003545,0.019607,0.912220
-0.034949,0.027875,0.895964,1.243313,18.960432,10.414930,3.477545,2.711302,164.345651,4.376868,1.003929,0.021525,0.912553
-0.041453,0.026257,0.868484,1.247718,18.912722,9.400465,3.469214,2.715905,165.358091,3.953212,1.003307,0.019405,0.911992
-0.037907,0.026247,0.821097,1.328574,18.896097,9.875185,3.470383,2.728886,165.608155,4.015920,1.003553,0.019698,0.912272
-0.041996,0.028075,0.789206,1.314634,18.998672,8.964992,3.472235,2.736690,165.680649,3.861867,1.002798,0.018880,0.911555
-0.034608,0.028626,0.896301,1.165389,18.967585,10.136908,3.477733,2.715024,164.768608,4.105833,1.002567,0.020228,0.911354
-0.029994,0.026295,0.844203,1.207965,19.077467,10.663303,3.469274,2.710330,165.414633,3.851969,1.002820,0.018932,0.911561
-0.031580,0.027536,0.911577,1.142704,19.025535,10.564582,3.472872,2.702482,164.993320,4.146163,1.002921,0.020496,0.911557
-0.038742,0.028216,0.880247,1.204638,18.724235,9.659957,3.473618,2.730093,165.150019,4.064134,1.002358,0.019928,0.911106
-0.049942,0.027584,0.815733,1.238214,18.795128,7.912812,3.471181,2.708112,165.022548,3.806901,1.001031,0.018632,0.909929
-0.033593,0.028922,0.846538,1.181250,18.919433,11.267948,3.480482,2.717782,165.013860,4.328798,1.002084,0.021244,0.910902
-0.031539,0.028080,0.876701,1.205345,18.942687,10.407830,3.475003,2.731874,165.243256,3.983441,1.002013,0.019595,0.910759
-0.046579,0.027284,0.837007,1.212719,18.818417,8.123190,3.473727,2.716814,165.396589,3.793267,1.000957,0.018555,0.909859
-0.052892,0.027758,0.839226,1.324809,18.956692,8.054202,3.470859,2.710474,165.182648,3.680237,1.000410,0.018045,0.909373
-0.028232,0.027779,0.822285,1.260809,19.024412,10.803910,3.474455,2.719020,165.152268,3.894538,1.001518,0.019200,0.910438
-0.035564,0.028771,0.893886,1.278476,18.924920,9.821143,3.475149,2.711352,164.526320,4.000688,1.000440,0.019746,0.909445
-0.030817,0.027639,0.891889,1.210256,19.086970,10.825148,3.471145,2.706275,164.812613,4.007017,1.000568,0.019707,0.909483
-0.041465,0.029003,0.911089,1.154560,18.822023,8.998645,3.478148,2.691917,164.513101,3.879311,1.000218,0.019108,0.908878
-0.035908,0.028107,0.909382,1.166404,18.940447,10.108090,3.472971,2.713376,164.721674,3.914611,1.000094,0.019346,0.909077
-0.044536,0.028615,0.841450,1.263089,18.820620,8.794828,3.474475,2.716193,165.020280,3.820050,0.999554,0.018667,0.908589
-0.037078,0.028849,0.891949,1.200952,19.071345,9.806225,3.474281,2.712503,164.877180,3.787470,0.999486,0.018696,0.908508
-0.036847,0.027839,0.853891,1.202675,18.944607,9.715675,3.473678,2.707968,164.855425,3.730271,0.999191,0.018352,0.908234
-0.042016,0.029389,0.905659,1.132423,19.005267,9.603180,3.476306,2.719879,164.723250,4.031105,0.999103,0.019744,0.908153
-0.042185,0.029254,0.958805,1.087183,18.982638,9.122158,3.478969,2.703189,164.331734,3.992574,0.999202,0.019702,0.907984
-0.040582,0.029553,0.877222,1.245841,18.790497,8.991140,3.479197,2.738772,164.929895,3.676178,0.997458,0.018106,0.906544
-0.049148,0.028656,0.879911,1.202686,18.835233,8.387827,3.476506,2.706135,163.996822,3.868194,0.997178,0.018915,0.905987
-0.041156,0.029957,0.975624,1.024966,18.774113,9.722715,3.479832,2.718425,163.975907,4.339463,0.996390,0.021334,0.905421
-0.036308,0.029019,0.952825,1.099670,18.958585,9.568973,3.474683,2.692222,163.979776,3.979289,0.996211,0.019523,0.905144
-0.031863,0.029742,0.958771,1.042956,18.854212,10.675413,3.476479,2.714360,164.085446,3.984589,0.996114,0.019628,0.905175
-0.037932,0.029349,0.932988,1.101138,19.037643,9.384327,3.473652,2.723514,163.968766,3.922534,0.995408,0.019176,0.904882
-0.040027,0.030625,0.956191,1.093914,18.724303,9.451248,3.481127,2.730951,164.357418,4.010856,0.995034,0.019814,0.903923
-0.038013,0.030758,0.997717,1.026954,18.882348,9.697775,3.482641,2.715356,163.649251,4.006940,0.994794,0.019795,0.903905
-0.044040,0.029940,0.950173,1.077209,18.724338,8.584880,3.479808,2.705311,164.041860,3.646245,0.994274,0.017934,0.903610
-0.034419,0.028836,1.011658,1.093545,18.883178,10.183193,3.472615,2.715669,163.564387,4.030228,0.994749,0.019814,0.904003
-0.038197,0.029512,0.969398,1.089628,18.814887,9.227193,3.477389,2.697103,163.643499,3.830080,0.993941,0.018835,0.903125
-0.034614,0.029540,0.984392,1.015842,18.817492,9.626337,3.478097,2.714886,163.714767,3.913739,0.994181,0.019287,0.903477
-0.045855,0.029596,0.968009,1.112042,18.628023,8.528428,3.478185,2.718716,163.955871,3.820117,0.993751,0.018689,0.903006
-0.046390,0.030217,0.968904,1.108958,18.593773,8.338795,3.477994,2.722691,163.797610,3.730668,0.993113,0.018328,0.902650
-0.040349,0.032271,1.000275,0.999719,18.673018,9.981723,3.485175,2.718368,163.307857,4.135363,0.992465,0.020325,0.901727
-0.038287,0.031798,0.995086,1.059005,18.774052,9.622620,3.478952,2.721193,163.658815,3.901866,0.992697,0.019206,0.902029
-0.042893,0.030736,1.008654,1.032453,18.637815,9.074885,3.480668,2.718943,163.611617,3.853840,0.992619,0.018966,0.901786
-0.045082,0.029387,0.994439,1.022881,18.617200,8.586030,3.471939,2.721350,163.288808,3.818015,0.992075,0.018661,0.901585
-0.045178,0.031262,1.012691,1.008210,18.547163,8.600107,3.481146,2.705218,163.291695,3.921488,0.991449,0.019248,0.900735
-0.047115,0.030722,0.976233,1.036589,18.560002,8.685097,3.478169,2.726397,163.391012,3.953593,0.991434,0.019352,0.900860
-0.034795,0.031612,1.023981,1.076927,18.821780,10.256285,3.480574,2.707378,163.542140,4.044708,0.991947,0.019849,0.901281
-0.043063,0.030869,1.000142,1.000098,18.814327,9.133682,3.480695,2.717568,163.527713,4.053419,0.991642,0.019856,0.901297
-0.046579,0.030236,0.949223,1.114881,18.629983,8.476367,3.475946,2.716445,163.329835,3.651419,0.991417,0.017939,0.900885
-0.034284,0.031553,1.036597,0.964703,18.885310,9.832505,3.479492,2.690602,163.224405,3.861199,0.991023,0.019039,0.900432
-0.035780,0.031079,1.028849,1.056877,18.786133,9.991440,3.476344,2.725663,163.477966,3.940968,0.991499,0.019403,0.900821
-0.034075,0.031721,1.083118,0.975507,18.900460,10.467882,3.477169,2.704884,163.048318,4.133599,0.990880,0.020383,0.900312
-0.040970,0.032553,1.007158,1.083819,18.864847,9.898773,3.484066,2.722671,163.425717,4.098828,0.990619,0.020096,0.900151
-0.038338,0.031839,1.054028,0.948758,18.875825,9.887150,3.478398,2.708954,163.396701,3.810234,0.990485,0.018786,0.900228
-0.037971,0.030933,1.008670,1.063032,18.889255,9.436487,3.476857,2.717291,162.916784,3.737365,0.990374,0.018381,0.899859
-0.032540,0.031427,1.073875,0.931178,18.775948,10.431908,3.481916,2.724312,163.198151,3.977960,0.990134,0.019625,0.899608
-0.043458,0.033033,1.037747,0.987841,18.887570,9.354940,3.480770,2.708549,163.244571,3.979040,0.989732,0.019503,0.899565
-0.037287,0.032236,1.076117,0.951904,18.772108,9.610183,3.481497,2.708299,163.038709,3.950742,0.990046,0.019480,0.899480
-0.032414,0.031907,1.056381,0.978370,18.812358,10.874890,3.482304,2.709477,162.575532,4.301828,0.989645,0.021132,0.899695
-0.036968,0.032017,1.060125,0.975548,18.949330,10.281095,3.477864,2.712680,163.216917,3.930473,0.989785,0.019263,0.899385
-0.029110,0.031977,1.097407,0.944785,18.918880,10.514632,3.475371,2.719909,163.036365,3.936845,0.989832,0.019439,0.899437
-0.059080,0.030457,0.986077,1.076993,18.678530,7.472863,3.476276,2.728344,162.772279,3.805450,0.988771,0.018595,0.898766
-0.038781,0.032514,1.086220,0.949950,18.798348,9.665543,3.482711,2.717580,162.952824,3.993147,0.988752,0.019713,0.898312
-0.044170,0.031031,1.050131,0.988067,18.688477,8.970418,3.478080,2.717304,163.208656,3.704086,0.988726,0.018247,0.898376
-0.030624,0.032148,1.036916,1.047832,18.817912,10.265543,3.480339,2.713344,163.337061,3.807510,0.989128,0.018721,0.898824
-0.035777,0.033665,1.081318,0.924770,18.857440,10.601432,3.481430,2.713766,162.831293,4.014885,0.988626,0.019660,0.898352
-0.033232,0.032794,1.061741,1.055488,18.826013,10.540652,3.481978,2.714959,162.763087,3.954746,0.988556,0.019517,0.898152
-0.038712,0.031872,1.028372,1.048483,18.733322,9.392053,3.481118,2.708713,162.879895,3.893196,0.988191,0.019046,0.897801
-0.037136,0.032266,1.082796,0.925771,18.835317,9.930692,3.480749,2.717839,162.819003,3.896077,0.987943,0.019042,0.897786
-0.037697,0.033296,1.117480,0.901192,18.707883,10.008743,3.480004,2.697340,162.275352,4.071095,0.987567,0.020091,0.897283
-0.040739,0.032009,1.041737,1.052582,18.652092,8.989177,3.478321,2.708907,162.728904,3.712248,0.987333,0.018248,0.897006
-0.043856,0.033748,1.133471,0.891319,18.730418,8.979740,3.480781,2.705074,162.836593,3.750561,0.987237,0.018424,0.897168
-0.039299,0.032358,1.112227,0.928795,18.655090,9.261673,3.478682,2.720551,162.554770,3.644665,0.986739,0.017929,0.896653
-0.039042,0.032681,1.124214,0.926871,18.680787,9.776067,3.481532,2.712555,162.502097,3.932462,0.986889,0.019389,0.896601
-0.042586,0.031971,1.050683,0.965155,18.600972,8.473455,3.476502,2.720855,162.686061,3.602737,0.986734,0.017719,0.896510
-0.048904,0.032461,1.038567,0.981280,18.626542,8.224537,3.479529,2.705663,162.736660,3.548371,0.986422,0.017374,0.896246
-0.034649,0.032903,1.162065,0.869673,18.761307,10.409475,3.474879,2.718152,162.289816,3.971809,0.986718,0.019474,0.896762
-0.037511,0.031317,1.082878,0.931660,18.687100,9.112595,3.476088,2.710915,162.670361,3.817903,0.986296,0.018739,0.896073
-0.040659,0.032222,1.052118,0.970075,18.654252,9.457323,3.478618,2.720561,162.679472,3.940314,0.986410,0.019277,0.896600
-0.036295,0.032457,1.054826,0.948151,18.737803,9.968455,3.480878,2.717188,162.236545,3.888780,0.986524,0.018976,0.896320
-0.035176,0.032696,1.126449,0.918431,18.704525,10.002752,3.477243,2.718962,162.378014,4.026121,0.985786,0.019837,0.895683
-0.043345,0.032230,1.087089,1.173508,18.687372,8.898918,3.479613,2.722108,162.459369,3.728444,0.985904,0.018302,0.895680
-0.039820,0.032317,1.041367,1.052326,18.788033,8.426615,3.477516,2.730779,162.549242,3.452847,0.985986,0.016997,0.895778
-0.041129,0.032500,1.107797,0.930233,18.697947,9.560087,3.482168,2.727942,161.999926,4.076888,0.985426,0.019989,0.895878
-0.029516,0.032591,1.097496,0.914428,18.824313,11.047503,3.478932,2.705283,162.486464,4.065934,0.985984,0.019931,0.895823
-0.046556,0.032911,1.122639,0.956250,18.628237,8.733322,3.477431,2.739320,162.478322,3.928624,0.985244,0.019236,0.895195
-0.043338,0.031785,1.021728,1.031971,18.669518,8.200168,3.475288,2.719532,162.210956,3.560245,0.984847,0.017467,0.894936
-0.040419,0.034339,1.192343,0.845785,18.612695,9.606978,3.485381,2.722406,161.977809,4.065475,0.984521,0.019984,0.894476
-0.037380,0.033188,1.088499,0.940946,18.688570,9.159542,3.480421,2.724001,162.321360,3.797950,0.984656,0.018617,0.894585
-0.036079,0.034048,1.116606,0.908002,18.772487,10.095872,3.480264,2.718628,162.384550,3.832955,0.984757,0.018810,0.894784
-0.036609,0.034157,1.215308,0.886966,18.775110,10.085645,3.482126,2.707948,161.887898,4.011901,0.984134,0.019677,0.894183
-0.057398,0.034005,1.156952,0.864345,18.548400,7.584402,3.483373,2.726405,161.895374,3.814957,0.983246,0.018710,0.893287
-0.039480,0.034071,1.098697,0.910071,18.546143,9.096145,3.484585,2.722654,162.213528,3.667704,0.983906,0.018053,0.894015
-0.032789,0.033439,1.082311,0.980036,18.654967,10.003448,3.481133,2.711619,162.200000,3.695967,0.983632,0.018178,0.894156
-0.035956,0.035007,1.149909,0.887597,18.657407,9.966155,3.484725,2.691333,161.596043,3.858515,0.983421,0.019027,0.893487
-0.045525,0.034333,1.126267,0.968613,18.643927,8.790948,3.482985,2.703304,161.924348,3.801950,0.983063,0.018632,0.893218
-0.037775,0.033226,1.093968,0.914323,18.750692,10.007765,3.477744,2.715704,161.912907,3.860491,0.983415,0.018970,0.893510
-0.043311,0.034024,1.169164,0.875720,18.576558,8.861785,3.483739,2.703519,161.377479,3.792773,0.982905,0.018682,0.893176
-0.046426,0.034099,1.179187,0.848058,18.502258,8.094408,3.481023,2.704509,161.573799,3.817799,0.981669,0.018767,0.891926
-0.043466,0.034785,1.129930,0.913615,18.666812,9.713258,3.480909,2.723326,161.754722,4.013903,0.982684,0.019672,0.892804
-0.049142,0.034419,1.112669,0.945376,18.421682,8.073737,3.484809,2.717561,161.633658,3.605145,0.982121,0.017709,0.892319
-0.038901,0.034316,1.165205,0.858209,18.544845,9.642548,3.485450,2.688377,161.360980,3.885559,0.981839,0.019169,0.892246
-0.043262,0.036561,1.123648,0.889971,18.606597,9.298662,3.487721,2.712084,161.785837,3.881287,0.981931,0.018957,0.892144
-0.038283,0.034024,1.169450,0.862869,18.722670,9.483960,3.478521,2.723179,161.913209,3.883118,0.981965,0.018984,0.892156
-0.040901,0.033610,1.162714,0.869692,18.617120,8.809727,3.478004,2.713202,161.832243,3.572181,0.981911,0.017554,0.892113
-0.045923,0.034646,1.200387,0.832903,18.613620,8.946032,3.481488,2.729349,161.295850,4.073470,0.981031,0.019959,0.891710
-0.040357,0.034166,1.120441,0.892503,18.501007,8.819922,3.483365,2.709895,161.833936,3.781377,0.981404,0.018478,0.891714
-0.043503,0.035588,1.093177,0.952389,18.511195,8.726095,3.483037,2.745496,162.214075,3.714339,0.981155,0.018147,0.891423
-0.044627,0.035009,1.175744,0.850277,18.618702,8.259910,3.480871,2.749724,161.679024,3.570825,0.980372,0.017459,0.890788
-0.033085,0.034428,1.221583,0.826224,18.686503,10.643445,3.486828,2.684689,161.627219,4.052141,0.981308,0.019928,0.891619
-0.052926,0.034652,1.148334,0.885306,18.457523,8.119455,3.482045,2.708664,161.736754,3.569639,0.980382,0.017469,0.890795
-0.043290,0.034517,1.140074,0.877122,18.637265,8.646575,3.479239,2.724516,161.849983,3.520549,0.980156,0.017229,0.890553
-0.048168,0.036097,1.206441,0.828845,18.350988,8.340900,3.484877,2.736572,161.051994,3.743771,0.979710,0.018416,0.890191
-0.057762,0.035119,1.175636,0.872311,18.332157,7.525372,3.481230,2.741740,161.596100,3.694786,0.979550,0.018063,0.889972
-0.046636,0.035667,1.139991,0.886845,18.467185,8.508510,3.479152,2.740363,161.683229,3.725142,0.979610,0.018198,0.890077
-0.048647,0.035008,1.169535,0.895537,18.399740,7.727198,3.477436,2.724744,161.722292,3.307806,0.979030,0.016252,0.889582
-0.031197,0.035484,1.242117,0.805055,18.658840,10.736887,3.483179,2.739404,160.880587,3.998938,0.979516,0.019698,0.890012
-0.047238,0.035290,1.181147,0.861037,18.381712,8.616438,3.486246,2.712498,161.246917,3.763065,0.979369,0.018452,0.890298
-0.041356,0.035058,1.162730,0.860056,18.397312,9.059152,3.484465,2.741022,161.489906,3.726703,0.979155,0.018202,0.890089
-0.052867,0.035494,1.191401,0.869784,18.350837,7.714503,3.479601,2.720759,161.226810,3.528694,0.978135,0.017238,0.889194
-0.036318,0.035825,1.281295,0.808284,18.553928,10.019790,3.482651,2.695527,160.754015,4.101277,0.978553,0.020181,0.889088
-0.040266,0.033638,1.182114,0.872723,18.351548,9.074992,3.478221,2.720926,160.891351,3.858136,0.978652,0.018855,0.889277
-0.038923,0.034978,1.160938,0.879200,18.372940,8.832562,3.481518,2.720199,161.271318,3.440225,0.978150,0.016854,0.888807
-0.034699,0.036403,1.279051,0.781716,18.474647,9.891815,3.488892,2.704764,160.791066,4.047880,0.978259,0.019917,0.888856
-0.041227,0.036876,1.235592,0.825508,18.362377,8.651902,3.485407,2.731163,161.267180,3.666739,0.977879,0.018034,0.888434
-0.048709,0.034416,1.195118,0.836713,18.270948,8.441113,3.481271,2.735029,161.641063,3.628126,0.977632,0.017747,0.888269
-0.036886,0.035083,1.205931,0.865825,18.480010,9.446403,3.478821,2.720037,161.321506,3.609598,0.977343,0.017600,0.888151
-0.036926,0.036441,1.327737,0.759924,18.491512,9.992078,3.486006,2.717868,160.357735,4.111815,0.977060,0.020222,0.887734
-0.047564,0.037354,1.255637,0.796407,18.312067,7.957963,3.489782,2.721251,160.809116,3.439569,0.976691,0.016882,0.887401
-0.043935,0.035438,1.213715,0.859616,18.383717,8.403298,3.477137,2.730578,160.859611,3.374904,0.976236,0.016567,0.887086
-0.031877,0.037152,1.303580,0.774822,18.546755,10.639243,3.482174,2.733895,160.809960,3.878652,0.976932,0.019130,0.888048
-0.043502,0.036354,1.323428,0.755627,18.596690,9.325575,3.484171,2.709228,160.621516,3.987949,0.976432,0.019540,0.887118
-0.041759,0.036077,1.292934,0.793317,18.431705,9.075245,3.483797,2.720670,160.545464,3.797252,0.976568,0.018694,0.887682
-0.043797,0.035503,1.193983,0.885329,18.241578,8.360277,3.481399,2.736734,160.649636,3.669727,0.976218,0.017951,0.887054
-0.039230,0.036869,1.250934,0.848726,18.468603,9.166537,3.487312,2.709789,160.376990,3.650395,0.976031,0.017977,0.886960
-0.041193,0.036702,1.287705,0.787203,18.532780,9.468458,3.482399,2.734637,160.748081,3.906630,0.976007,0.019103,0.886730
-0.032432,0.036526,1.295861,0.797062,18.576652,10.005448,3.484651,2.710802,160.755640,3.974505,0.976306,0.019458,0.887047
-0.042849,0.036612,1.276753,0.845220,18.523183,9.068253,3.486713,2.726837,160.385545,3.946050,0.976104,0.019332,0.886932
-0.037430,0.036305,1.301359,0.812200,18.449697,9.573157,3.483120,2.716992,160.790199,3.851186,0.975633,0.018879,0.886493
-0.045196,0.037282,1.302291,0.801936,18.510105,8.870608,3.484920,2.730399,160.847503,3.794856,0.975417,0.018548,0.886237
-0.058358,0.036802,1.302440,0.809849,18.434697,7.520625,3.482279,2.731618,160.808904,3.650534,0.974692,0.017859,0.885570
-0.044742,0.035520,1.301876,0.805649,18.433227,8.463342,3.479039,2.730358,160.079452,3.746555,0.974606,0.018301,0.886006
-0.031327,0.037532,1.330748,0.778047,18.520457,10.148455,3.485943,2.722490,160.614144,3.811617,0.975067,0.018774,0.886332
-0.045130,0.037638,1.313516,0.806887,18.440338,8.845673,3.488481,2.715456,160.568070,3.760275,0.974826,0.018482,0.886130
-0.042503,0.036496,1.292028,0.779826,18.356293,8.951317,3.482015,2.726378,160.397151,3.698076,0.974809,0.018154,0.885798
-0.055386,0.037404,1.226095,0.866846,18.236623,7.870087,3.483334,2.729409,160.417542,3.569271,0.974056,0.017377,0.885154
-0.032626,0.037864,1.329700,0.788582,18.542555,10.085088,3.481467,2.722838,160.583055,3.845381,0.974071,0.018821,0.885082
-0.037140,0.039454,1.340039,0.746252,18.536133,9.836605,3.488751,2.708784,160.497515,3.838584,0.974084,0.018839,0.885071
-0.034720,0.038226,1.390465,0.738167,18.640945,10.199900,3.488263,2.707590,159.996978,4.200477,0.974337,0.020590,0.885303
-0.032466,0.038335,1.332145,0.766473,18.448598,10.003537,3.487846,2.718231,160.068357,3.762758,0.973630,0.018542,0.884729
-0.045238,0.038021,1.327160,0.764502,18.388133,8.630745,3.486049,2.715274,160.299023,3.658336,0.973222,0.017937,0.884271
-0.045041,0.039196,1.283269,0.806606,18.299602,8.215277,3.490206,2.716898,160.405411,3.304581,0.972867,0.016263,0.884007
-0.032232,0.037990,1.328175,0.763027,18.553380,10.343312,3.485115,2.715070,160.410928,3.616344,0.972940,0.017743,0.884077
-0.041646,0.039957,1.402726,0.744977,18.493193,9.129053,3.495438,2.708711,160.067442,3.842496,0.972644,0.018980,0.883700
-0.053649,0.038869,1.331681,0.751676,18.303200,7.967108,3.489887,2.731082,160.270042,3.482392,0.972324,0.017079,0.883436
-0.041368,0.038128,1.296068,0.789612,18.422792,8.550948,3.478211,2.731689,160.418577,3.435881,0.972003,0.016872,0.883233
-0.047682,0.039943,1.467284,0.698660,18.407995,8.964758,3.489930,2.709090,159.618460,3.982564,0.971782,0.019529,0.882945
-0.044987,0.039359,1.311121,0.791949,18.418478,8.658615,3.487666,2.741044,160.264180,3.523505,0.972031,0.017269,0.883622
-0.046962,0.038517,1.349361,0.760351,18.454780,8.469592,3.486279,2.701699,160.212325,3.656452,0.971580,0.017836,0.882796
-0.038922,0.039627,1.373564,0.749066,18.631490,9.193637,3.486183,2.716922,159.934704,3.623483,0.971327,0.017833,0.882654
-0.036984,0.040340,1.411545,0.708452,18.382538,10.002003,3.492723,2.711525,159.657776,3.856773,0.971131,0.018988,0.882408
-0.037344,0.038431,1.413152,0.717435,18.371952,9.112220,3.488501,2.723802,159.788614,3.863058,0.971116,0.018908,0.882381
-0.040357,0.039189,1.367313,0.731361,18.219668,8.629557,3.490917,2.726068,159.859280,3.532571,0.970979,0.017390,0.882278
-0.047106,0.038559,1.313138,0.761538,18.257642,8.280112,3.489816,2.728321,159.838806,3.495391,0.970692,0.017072,0.882089
-0.039907,0.039548,1.391059,0.721642,18.384675,8.619913,3.488220,2.721851,159.384243,3.662099,0.970058,0.017888,0.881449
-0.037737,0.039276,1.413314,0.718299,18.478823,9.763462,3.486636,2.694495,159.757251,3.748512,0.970575,0.018378,0.881861
-0.045139,0.039335,1.409542,0.753133,18.340202,8.652358,3.487540,2.710260,159.843487,3.613479,0.969857,0.017677,0.881253
-0.038397,0.041463,1.551073,0.662140,18.351858,9.533897,3.488179,2.700855,159.087258,3.904201,0.969862,0.019280,0.881206
-0.041912,0.039699,1.386579,0.735396,18.212285,8.597672,3.489586,2.735278,159.560754,3.546354,0.969461,0.017406,0.880925
-0.044161,0.039564,1.336205,0.777563,18.230362,8.056430,3.483451,2.710045,159.804193,3.466664,0.969070,0.016913,0.880572
-0.044354,0.041594,1.429780,0.704710,18.459375,8.997835,3.488360,2.718694,159.783533,3.823703,0.968927,0.018709,0.880805
-0.045396,0.040986,1.481798,0.687782,18.322497,8.783497,3.488072,2.721336,159.421076,3.757867,0.969143,0.018362,0.880497
-0.048742,0.040529,1.407344,0.721467,18.194480,8.793958,3.489660,2.720150,159.513926,3.759224,0.969074,0.018377,0.880511
-0.044965,0.039705,1.399980,0.745118,18.321475,8.291217,3.485999,2.715242,159.771970,3.678595,0.968661,0.017954,0.880121
-0.046118,0.042888,1.438138,0.695358,18.481727,8.997633,3.495067,2.708901,159.177199,3.636945,0.968372,0.017737,0.879938
-0.044094,0.040997,1.451134,0.720266,18.254438,8.862188,3.496519,2.721790,159.268930,3.901966,0.968153,0.019078,0.879757
-0.041206,0.042020,1.514413,0.660322,18.331968,8.731502,3.493075,2.727809,159.548270,3.570269,0.968126,0.017504,0.879679
-0.033033,0.040830,1.456162,0.691020,18.515605,9.420827,3.484924,2.709737,159.546392,3.607387,0.968278,0.017757,0.879843
-0.040998,0.041889,1.434250,0.697216,18.446180,9.600433,3.492646,2.709902,159.067349,3.845896,0.967760,0.018770,0.879478
-0.050107,0.039380,1.494275,0.669213,18.345092,8.257772,3.484955,2.722479,159.183881,3.755382,0.967495,0.018412,0.879106
-0.041148,0.041083,1.476847,0.677118,18.365023,9.408642,3.490650,2.719030,159.166074,3.824642,0.967807,0.018767,0.879452
-0.052101,0.040496,1.458265,0.688293,18.165995,7.981512,3.492062,2.731762,159.242863,3.666169,0.966979,0.017878,0.878675
-0.045660,0.041150,1.493177,0.669662,18.217542,8.706422,3.489575,2.730161,158.655326,3.892747,0.966450,0.019025,0.878323
-0.038537,0.041597,1.469905,0.710970,18.293445,9.372267,3.488664,2.723589,159.220254,3.615696,0.966799,0.017800,0.878518
-0.046262,0.041848,1.512807,0.683441,18.347537,8.550823,3.492415,2.713749,159.318481,3.511808,0.966287,0.017224,0.877983
-0.032916,0.043046,1.499755,0.695873,18.497240,10.347215,3.493396,2.725211,159.127581,3.952542,0.966512,0.019352,0.878622
-0.029971,0.042350,1.594736,0.638692,18.395542,10.668773,3.488685,2.717430,158.882953,3.891324,0.966625,0.019176,0.878356
-0.042111,0.042409,1.473760,0.678536,18.242320,8.457078,3.493236,2.720540,159.221510,3.460325,0.966035,0.016985,0.877759
-0.039076,0.043021,1.514143,0.703346,18.358762,9.108565,3.492332,2.738006,159.218000,3.730583,0.965812,0.018222,0.877599
-0.036668,0.044356,1.599618,0.643035,18.365840,9.612608,3.495384,2.704950,158.999133,3.697493,0.965586,0.018218,0.877472
-0.033852,0.043361,1.643028,0.614005,18.378385,9.992430,3.490199,2.706626,158.691197,3.910071,0.965215,0.019233,0.877078
-0.032122,0.043844,1.560502,0.653731,18.543992,10.636247,3.494973,2.716403,158.728157,3.690562,0.965659,0.018174,0.877403
-0.039769,0.044153,1.536646,0.679905,18.319428,8.567447,3.494698,2.714559,158.644898,3.544691,0.965011,0.017429,0.876778
-0.046237,0.043944,1.535685,0.684750,18.320647,8.735960,3.500552,2.693805,158.187971,3.891602,0.964629,0.019073,0.876972
-0.044164,0.043191,1.537846,0.685053,18.249963,7.817583,3.492669,2.714291,158.671354,3.410373,0.964196,0.016761,0.876157
-0.037759,0.042502,1.586402,0.630352,18.387360,9.185812,3.490598,2.721539,158.806329,3.743073,0.964393,0.018298,0.876260
-0.054606,0.043804,1.562676,0.639970,18.218207,8.044382,3.493513,2.737939,158.883890,3.660645,0.963920,0.017863,0.875884
-0.042838,0.043629,1.598015,0.630557,18.362202,9.178288,3.489333,2.707403,158.031822,3.552004,0.963306,0.017486,0.875413
-0.041848,0.045901,1.688753,0.611928,18.265803,9.005725,3.498147,2.714071,158.208816,3.850780,0.963441,0.018966,0.875420
-0.043721,0.042774,1.555316,0.669563,18.128402,8.326863,3.493268,2.744332,158.470348,3.632122,0.963334,0.017856,0.875798
-0.054168,0.040874,1.526621,0.655043,18.202935,7.962345,3.487374,2.731445,158.090768,3.484993,0.962953,0.016974,0.875073
-0.053737,0.045073,1.695734,0.594098,18.062445,7.759167,3.497162,2.727917,158.242491,3.646496,0.962422,0.017922,0.874476
-0.038650,0.045008,1.571371,0.637879,18.287688,9.266467,3.497549,2.709147,158.716107,3.516542,0.963287,0.017328,0.875268
-0.043945,0.042369,1.509273,0.669217,18.201660,8.237857,3.488044,2.714132,158.701907,3.436662,0.962830,0.016777,0.874864
-0.059306,0.041823,1.485479,0.673982,18.133993,6.793738,3.489032,2.710125,158.008960,3.271512,0.961871,0.015902,0.874091
-0.044407,0.045799,1.665933,0.625637,18.174833,9.414422,3.494045,2.725240,158.351524,3.934649,0.962138,0.019245,0.874356
-0.042253,0.045224,1.600240,0.673900,18.339798,9.420182,3.494951,2.719227,158.555559,3.781030,0.962603,0.018441,0.875018
-0.051406,0.042974,1.559838,0.641052,18.241160,8.430623,3.490168,2.709157,158.422766,3.638510,0.962249,0.017726,0.874358
-0.033031,0.046594,1.752196,0.577755,18.380750,9.624207,3.501253,2.698979,157.792940,3.796249,0.961586,0.018682,0.873785
-0.050615,0.045823,1.668204,0.599449,18.096828,8.086590,3.497326,2.737395,158.406280,3.731299,0.961280,0.018234,0.873441
-0.053447,0.043165,1.582027,0.640948,18.133630,7.828410,3.486490,2.725087,158.390693,3.494194,0.961150,0.017026,0.873717
-0.042406,0.042920,1.599730,0.630765,18.042677,8.365708,3.488341,2.712098,158.332774,3.478366,0.960948,0.016930,0.873629
-0.041975,0.043863,1.601771,0.630335,18.249573,9.441922,3.492573,2.730643,157.791108,3.640648,0.960612,0.017778,0.873011
-0.028967,0.047527,1.865949,0.535927,18.409143,10.456402,3.493222,2.688033,157.978947,3.693288,0.961066,0.018213,0.873281
-0.038124,0.045566,1.664629,0.616671,18.178052,8.817560,3.497479,2.716553,157.887462,3.626452,0.960630,0.017842,0.873006
-0.052470,0.043586,1.620280,0.618619,18.203707,7.523380,3.493318,2.721218,157.658953,3.541614,0.959810,0.017311,0.872575
-0.039248,0.045206,1.741280,0.599082,18.210463,9.590208,3.491660,2.719355,157.538135,3.832801,0.959688,0.018804,0.872539
-0.039357,0.045272,1.692935,0.615051,18.224157,9.233498,3.491062,2.719317,157.960590,3.480508,0.959934,0.017120,0.872282
-0.040077,0.045177,1.684847,0.605378,18.199967,8.820637,3.491413,2.736232,158.064305,3.487081,0.959541,0.017133,0.872345
-0.042354,0.047947,1.634495,0.611840,18.210522,8.927008,3.497976,2.709099,157.684603,3.639600,0.959297,0.017760,0.871625
-0.040957,0.045525,1.704099,0.600475,18.217192,8.929140,3.492132,2.733384,157.878064,3.614431,0.959037,0.017624,0.871488
-0.039220,0.045343,1.674467,0.602275,18.208233,8.700643,3.496532,2.721765,157.793988,3.364349,0.958903,0.016539,0.871763
-0.037716,0.045113,1.732550,0.577205,18.221373,9.448975,3.491184,2.702895,157.794502,3.616883,0.958603,0.017737,0.871542
-0.044366,0.048677,1.867600,0.545295,18.278810,9.193447,3.498316,2.704565,157.011811,4.006049,0.957999,0.019644,0.870557
-0.036603,0.046562,1.655493,0.604050,18.109760,9.088018,3.498043,2.726334,157.584893,3.521402,0.958175,0.017297,0.871092
-0.041040,0.046591,1.721432,0.580942,18.182463,8.580285,3.490632,2.706402,157.617389,3.350056,0.957774,0.016441,0.870329
-0.041516,0.047333,1.761545,0.594631,18.150118,8.634367,3.491879,2.720817,157.359681,3.523674,0.957045,0.017214,0.869705
-0.038400,0.048243,1.854043,0.539365,18.098375,9.891893,3.502667,2.726069,157.202743,3.810835,0.956952,0.018700,0.869675
-0.040392,0.049420,1.877648,0.548053,18.121508,8.630100,3.496861,2.723191,157.402986,3.679293,0.956362,0.018060,0.869066
-0.040036,0.049601,1.870995,0.552140,18.162800,9.505042,3.505426,2.721555,156.932295,3.782673,0.956904,0.018656,0.869525
-0.060385,0.048574,1.836699,0.544474,18.028533,7.699603,3.496606,2.718832,156.950243,3.676843,0.956351,0.017939,0.869000
-0.053583,0.049460,1.848709,0.569252,18.031452,7.478700,3.494615,2.720945,156.785576,3.190523,0.955408,0.015632,0.868164
-0.032305,0.049053,1.934505,0.549525,18.331560,10.389703,3.496634,2.699829,157.091202,3.688341,0.956544,0.018154,0.869092
-0.041657,0.050109,1.883333,0.553051,18.282505,9.216328,3.500114,2.706348,157.027901,3.954621,0.956237,0.019377,0.868914
-0.039754,0.048341,1.838009,0.582257,18.190852,8.907268,3.499497,2.708918,156.722672,3.716006,0.956074,0.018312,0.869234
-0.034629,0.049680,1.817373,0.550245,18.190615,9.093765,3.498873,2.717358,156.689725,3.537249,0.955504,0.017380,0.868411
-0.037075,0.049412,1.869812,0.534831,18.133040,9.227755,3.497658,2.715557,157.125738,3.515645,0.955488,0.017269,0.868264
-0.052640,0.050368,1.890875,0.535740,18.091027,8.265377,3.499651,2.724706,156.965795,3.691098,0.954903,0.018019,0.867681
-0.046569,0.049357,1.875785,0.538021,18.115445,8.234867,3.496217,2.717473,156.733267,3.554538,0.954055,0.017318,0.867040
-0.032926,0.051484,2.023750,0.495810,18.050152,9.522327,3.504163,2.717852,156.335918,3.841266,0.954081,0.018929,0.867001
-0.038329,0.049139,1.956065,0.519618,18.036117,9.341128,3.498558,2.694384,156.530106,3.898286,0.954433,0.019105,0.867274
-0.052389,0.050280,1.841703,0.551648,17.945990,8.118897,3.499363,2.729269,156.916877,3.620247,0.954107,0.017643,0.867348
-0.041052,0.050202,1.947813,0.517707,18.028990,9.049992,3.501291,2.706561,156.393689,3.787884,0.953649,0.018519,0.866740
-0.039068,0.049059,1.911040,0.525589,18.067045,8.805257,3.493422,2.714948,157.004400,3.461759,0.953707,0.016995,0.866658
-0.048267,0.052649,2.141952,0.482551,18.053492,8.519818,3.496771,2.732166,156.904090,3.627011,0.953035,0.017680,0.865980
-0.045809,0.051740,1.927652,0.528275,18.006787,7.941722,3.495916,2.717802,157.018909,3.257504,0.952705,0.015994,0.865732
-0.044325,0.051157,1.944149,0.514368,18.065055,8.626185,3.498259,2.716843,156.381295,3.545860,0.952609,0.017335,0.865657
-0.044506,0.051267,1.945631,0.528840,18.027083,8.472732,3.502367,2.712082,156.482378,3.533430,0.952616,0.017266,0.865595
-0.044141,0.050457,1.951483,0.515744,18.036133,9.170925,3.499991,2.708000,156.742633,3.607125,0.952894,0.017611,0.865919
-0.051862,0.048860,1.938864,0.519458,18.083403,7.991507,3.495778,2.718528,156.459100,3.525352,0.952384,0.017164,0.865515
-0.040292,0.052530,2.041075,0.489947,18.057137,9.482572,3.503059,2.724762,156.319198,3.779814,0.952191,0.018495,0.865328
-0.046217,0.051667,1.989880,0.508835,18.017442,8.253660,3.500514,2.720620,156.548232,3.408069,0.951949,0.016753,0.865037
-0.039087,0.051502,1.976150,0.513241,17.982557,8.664588,3.496273,2.708784,156.565374,3.407252,0.951902,0.016736,0.865022
-0.051935,0.049659,1.937283,0.522228,17.958423,7.725390,3.495478,2.715159,156.021525,3.296298,0.951292,0.016152,0.864547
-0.054500,0.052959,2.008932,0.498496,17.978717,7.639528,3.504397,2.725978,155.857061,3.715976,0.950347,0.018192,0.863672
-0.042000,0.053993,2.065357,0.494212,17.988323,8.950108,3.500826,2.713051,156.274570,3.509950,0.950810,0.017264,0.864093
-0.038958,0.052144,2.019699,0.501902,18.132468,9.317248,3.500988,2.716376,156.327164,3.608569,0.950949,0.017633,0.864536
-0.060861,0.053294,2.055520,0.489832,17.848963,6.922218,3.501294,2.701174,155.918386,3.304584,0.949806,0.016224,0.863161
-0.038003,0.055338,2.087764,0.500908,18.068477,9.234758,3.505108,2.715477,155.982973,3.595113,0.949726,0.017683,0.863103
-0.037085,0.054199,2.123428,0.472558,18.108855,9.370468,3.499859,2.713835,156.141753,3.663938,0.950131,0.017948,0.863421
-0.054529,0.053534,2.125816,0.475216,17.941462,7.578555,3.503268,2.699410,155.941612,3.492079,0.949336,0.017094,0.862646
-0.045649,0.054695,2.074384,0.494096,18.001010,8.119678,3.503199,2.703001,155.455270,3.409950,0.948682,0.016702,0.862273
-0.036489,0.054476,2.198255,0.456965,18.102262,9.278398,3.503077,2.724842,155.623674,3.726305,0.948998,0.018319,0.862351
-0.037627,0.054849,2.092886,0.480804,18.091093,8.611467,3.500211,2.718179,155.866938,3.477297,0.949242,0.017067,0.862569
-0.049344,0.052720,2.079865,0.480800,18.012170,7.568712,3.500252,2.725769,155.921460,3.405211,0.948842,0.016624,0.862224
-0.044579,0.056937,2.220473,0.465329,18.011690,8.687855,3.510456,2.705077,155.602604,3.567795,0.947941,0.017544,0.861575
-0.053429,0.056205,2.158410,0.471232,17.966477,7.667968,3.506045,2.724262,155.916855,3.521823,0.947878,0.017178,0.861366
-0.042889,0.056373,2.144781,0.467347,18.078573,9.189270,3.505140,2.701656,156.028588,3.685523,0.948244,0.018009,0.862120
-0.046045,0.055168,2.169475,0.471968,18.085077,8.282207,3.500901,2.705209,156.046496,3.525681,0.947862,0.017175,0.861350
-0.038159,0.057519,2.221394,0.451947,18.093428,9.158748,3.506107,2.724422,155.249160,3.466738,0.947515,0.017058,0.861107
-0.042537,0.055875,2.278650,0.446230,18.101553,9.158375,3.505586,2.691373,155.275770,3.724945,0.947424,0.018274,0.860947
-0.044311,0.056784,2.184326,0.458745,18.010965,9.019067,3.506605,2.710990,155.199033,3.810637,0.947282,0.018615,0.861279
-0.048438,0.056305,2.170144,0.461751,17.841213,7.975327,3.508969,2.719645,155.239329,3.613540,0.946684,0.017609,0.860358
-0.037336,0.058582,2.334618,0.432155,18.028275,10.011097,3.508476,2.699557,154.934877,3.839552,0.946259,0.018772,0.860030
-0.048699,0.059571,2.325010,0.438530,17.971128,8.564065,3.511141,2.709104,155.269143,3.774638,0.946120,0.018439,0.859734
-0.043879,0.057599,2.298711,0.441159,17.960143,8.311577,3.503832,2.712653,155.185799,3.442440,0.945900,0.016929,0.859633
-0.039415,0.058743,2.346415,0.429650,18.087290,9.401912,3.508024,2.723557,154.980753,3.778886,0.945991,0.018451,0.859735
-0.043412,0.057561,2.365505,0.422764,17.963653,8.956723,3.506286,2.702827,154.897919,3.646827,0.945386,0.017860,0.859177
-0.043378,0.057917,2.354482,0.437346,17.977767,9.348267,3.508475,2.714825,155.068165,3.640770,0.945339,0.017779,0.859123
-0.036308,0.058648,2.361814,0.430935,17.950760,9.117232,3.506149,2.716146,155.092948,3.570112,0.945004,0.017479,0.858836
-0.049491,0.056533,2.370145,0.424398,17.973470,7.879055,3.501646,2.722422,154.549184,3.444490,0.944371,0.016823,0.858254
-0.045999,0.058490,2.424289,0.423949,17.906458,8.814865,3.508522,2.700322,154.858680,3.692570,0.943970,0.018049,0.857988
-0.033457,0.060249,2.508067,0.399548,18.057108,10.037792,3.509437,2.706481,154.598351,3.717015,0.944253,0.018282,0.858131
-0.043311,0.058855,2.457623,0.406894,17.907833,8.554222,3.510848,2.719719,154.574432,3.640255,0.943904,0.017904,0.857791
-0.048140,0.059447,2.361127,0.423526,17.877712,8.739938,3.511993,2.707619,154.591124,3.550740,0.943278,0.017342,0.857324
-0.038951,0.061312,2.562301,0.390274,17.917245,9.152310,3.511701,2.690474,154.450489,3.786616,0.943083,0.018606,0.857061
-0.046795,0.059384,2.447119,0.408643,17.851628,8.145777,3.511104,2.706242,154.501538,3.511496,0.942734,0.017199,0.857185
-0.042266,0.060092,2.474456,0.409617,17.766262,8.011030,3.506502,2.721537,154.634317,3.362288,0.942378,0.016472,0.856502
-0.039426,0.062843,2.575730,0.391798,18.009767,9.302998,3.506337,2.712401,154.062585,3.601776,0.942077,0.017615,0.856186
-0.040480,0.062036,2.573232,0.398333,17.764400,8.925602,3.507942,2.713079,154.346049,3.575641,0.941983,0.017541,0.856092
-0.045048,0.060554,2.538688,0.396371,17.826802,8.508312,3.506416,2.711805,154.405890,3.556450,0.941852,0.017311,0.855921
-0.042725,0.061518,2.459547,0.406579,17.745603,7.852377,3.509239,2.716508,154.515084,3.226744,0.941341,0.015802,0.855854
-0.038288,0.063588,2.705831,0.376218,17.811470,8.731758,3.504636,2.691833,153.870887,3.674947,0.940926,0.018050,0.855144
-0.047143,0.063894,2.663568,0.381017,17.779067,8.214667,3.513181,2.708379,154.006719,3.617595,0.940722,0.017741,0.854878
-0.051184,0.063116,2.596510,0.390656,17.821112,8.087567,3.508989,2.708267,154.086342,3.638465,0.940783,0.017758,0.854945
-0.045226,0.061610,2.613615,0.388401,17.800368,8.524365,3.501976,2.706984,154.074917,3.637533,0.940671,0.017734,0.854928
-0.050158,0.063605,2.683827,0.378454,17.768448,7.835943,3.510690,2.706560,153.705502,3.473364,0.939890,0.016980,0.854214
-0.056250,0.064849,2.653257,0.385341,17.777962,7.803878,3.511868,2.704448,154.292813,3.495961,0.940044,0.016990,0.854244
-0.043286,0.061748,2.620829,0.390256,17.897850,8.480855,3.503965,2.716977,154.276763,3.525541,0.940179,0.017171,0.854408
-0.040054,0.063039,2.642408,0.378453,17.963780,8.678042,3.505722,2.691327,154.300951,3.575967,0.940072,0.017487,0.854692
-0.042803,0.071166,3.223381,0.311107,17.946580,9.032198,3.506238,2.702620,153.815010,3.650024,0.939267,0.017922,0.853671
-0.038728,0.065219,2.738350,0.371961,17.884908,8.999585,3.509597,2.709027,154.046336,3.376949,0.939420,0.016571,0.853746
-0.036281,0.065838,2.734245,0.369682,17.904707,9.075208,3.512803,2.714280,154.088258,3.372092,0.939420,0.016591,0.853758
-0.044519,0.064811,2.786068,0.370535,18.002938,9.002795,3.508860,2.699104,154.002707,3.616876,0.939060,0.017682,0.853475
-0.040460,0.066967,2.952707,0.338667,17.886945,9.889842,3.515989,2.704017,153.505653,3.820603,0.938555,0.018741,0.853051
-0.058895,0.064878,2.716810,0.371379,17.710775,7.405052,3.509240,2.713347,153.839244,3.494661,0.938094,0.017027,0.852896
-0.040155,0.067189,2.803408,0.356708,17.748992,8.420730,3.516930,2.711949,153.765077,3.415005,0.938078,0.016784,0.852576
-0.041836,0.069424,3.059775,0.332495,17.822200,8.183762,3.511789,2.704016,153.370853,3.354954,0.937892,0.016478,0.852271
-0.046238,0.068040,2.950260,0.340543,17.772050,7.894015,3.514941,2.721860,153.336964,3.548562,0.937195,0.017346,0.851770
-0.042674,0.066689,2.790731,0.358331,17.749287,8.133985,3.513320,2.716747,153.640730,3.336165,0.937257,0.016375,0.852189
-0.049689,0.066581,2.927051,0.346820,17.757687,8.502623,3.504576,2.704088,153.621077,3.553902,0.937314,0.017295,0.851737
-0.038066,0.067164,2.870548,0.349002,17.794860,9.092218,3.507368,2.718908,153.246505,3.593858,0.937336,0.017508,0.851934
-0.048833,0.070270,3.009956,0.343561,17.816457,8.860133,3.515264,2.707498,153.322074,3.702944,0.936440,0.018078,0.851065
-0.044488,0.070436,2.949604,0.339031,17.816562,8.001308,3.517747,2.722241,153.509388,3.328507,0.936166,0.016330,0.850807
-0.043731,0.068451,2.930519,0.341236,17.730403,7.925728,3.506852,2.704011,153.547847,3.290116,0.935933,0.016116,0.850591
-0.051781,0.069477,2.987504,0.335200,17.724105,7.926128,3.512930,2.706670,152.982968,3.543609,0.935598,0.017271,0.850338
-0.047692,0.070330,3.092765,0.324274,17.621733,7.971092,3.508222,2.690485,153.093045,3.421584,0.935031,0.016803,0.849836
-0.046167,0.070084,3.008429,0.332398,17.781298,8.445002,3.513323,2.725108,153.342553,3.438426,0.935148,0.016749,0.849849
-0.049665,0.070510,3.032223,0.334209,17.690827,7.673632,3.515590,2.718042,153.290355,3.351379,0.934708,0.016336,0.849472
-0.047122,0.072802,3.083078,0.324351,17.727588,8.070043,3.518242,2.706767,152.876739,3.322078,0.934629,0.016278,0.849357
-0.050420,0.074015,3.268022,0.305984,17.643233,8.449417,3.520547,2.694412,152.712582,3.788106,0.933735,0.018522,0.848699
-0.047115,0.072741,3.174336,0.318578,17.725852,8.064942,3.514406,2.697746,152.971500,3.494517,0.933866,0.017038,0.848720
-0.032591,0.074562,3.243833,0.309679,17.837637,9.933853,3.521786,2.696824,152.911526,3.582471,0.934317,0.017571,0.849163
-0.048784,0.073500,3.316900,0.306533,17.612292,7.988645,3.511900,2.727476,152.698018,3.394628,0.933298,0.016693,0.848286
-0.039062,0.075335,3.447333,0.297640,17.698227,8.740025,3.514277,2.713997,152.411697,3.568088,0.932587,0.017529,0.847722
-0.038320,0.076260,3.396022,0.298821,17.762058,8.838493,3.522474,2.692445,152.635641,3.626698,0.933064,0.017764,0.847968
-0.048727,0.074764,3.315998,0.303160,17.630493,8.178437,3.520213,2.700201,152.584903,3.583114,0.932749,0.017456,0.847728
-0.045361,0.075782,3.274789,0.309584,17.588357,8.303027,3.524919,2.704989,152.471479,3.508102,0.932299,0.017102,0.847405
-0.044926,0.078048,3.459544,0.294582,17.680395,9.325880,3.519340,2.705146,152.572706,3.748316,0.932056,0.018329,0.847133
-0.046435,0.075719,3.394291,0.294617,17.657047,8.031055,3.514707,2.712246,152.762172,3.404781,0.931557,0.016652,0.846963
-0.051082,0.076046,3.388146,0.299976,17.599240,7.575817,3.514343,2.714359,152.867665,3.285787,0.931334,0.016016,0.846396
-0.045487,0.076981,3.322988,0.308590,17.701480,8.236900,3.517450,2.720878,152.329596,3.282579,0.931261,0.015976,0.846370
-0.049730,0.079124,3.473214,0.289653,17.640027,8.555737,3.520185,2.733316,152.397173,3.570012,0.931167,0.017397,0.846280
-0.037433,0.077738,3.432582,0.294030,17.668633,8.465992,3.520559,2.710549,152.620126,3.271572,0.931244,0.016014,0.846324
-0.045541,0.078624,3.438802,0.290796,17.626702,7.862742,3.522651,2.703525,152.534610,3.192603,0.930794,0.015676,0.845955
-0.054284,0.078980,3.483542,0.287062,17.571678,7.506453,3.524022,2.708598,152.204321,3.295085,0.929774,0.016027,0.845031
-0.044734,0.081297,3.666107,0.272769,17.616488,8.198055,3.521869,2.704051,152.294142,3.307103,0.929846,0.016255,0.845103
-0.032757,0.079998,3.613664,0.276731,17.749160,9.306392,3.521278,2.701756,152.372136,3.382271,0.930268,0.016620,0.845486
-0.043874,0.081623,3.705752,0.274274,17.795977,8.453808,3.523212,2.712077,152.382428,3.583330,0.929704,0.017451,0.844936
-0.035669,0.082072,3.657650,0.275607,17.721450,9.360630,3.522977,2.694451,152.149015,3.582317,0.929617,0.017423,0.844927
-0.044739,0.080662,3.731154,0.268016,17.635583,8.566895,3.517911,2.702217,152.188028,3.511311,0.929323,0.017089,0.844606
-0.040668,0.080964,3.664104,0.272927,17.695720,8.882702,3.516497,2.707081,152.365510,3.511915,0.929344,0.017091,0.844615
-0.062005,0.079931,3.695100,0.270626,17.506637,7.355607,3.517113,2.717543,152.102937,3.356782,0.928545,0.016308,0.843904
-0.049838,0.083805,3.856613,0.263725,17.621780,7.995263,3.515820,2.690385,151.771071,3.514916,0.927771,0.017150,0.843275
-0.045929,0.085666,3.830588,0.261243,17.558665,8.357327,3.527707,2.700152,152.007547,3.554100,0.927947,0.017324,0.843442
-0.042992,0.085045,3.800378,0.263212,17.623160,8.541080,3.519946,2.726529,152.043550,3.521024,0.927840,0.017163,0.843294
-0.036851,0.083108,3.833297,0.262896,17.618050,8.502113,3.517869,2.692580,152.055346,3.236815,0.927522,0.015881,0.843409
-0.029755,0.087984,4.027596,0.253593,17.768375,9.956227,3.525282,2.699770,151.344887,3.436742,0.927467,0.016902,0.842908
-0.041416,0.086110,3.962950,0.255504,17.488818,8.342165,3.525103,2.697503,151.710312,3.352404,0.927008,0.016450,0.842558
-0.051102,0.083241,3.861264,0.262301,17.512402,7.837105,3.518848,2.714468,151.936521,3.311897,0.926776,0.016069,0.842290
-0.050806,0.085702,3.858536,0.260444,17.637073,8.035707,3.524450,2.700167,151.959253,3.342559,0.926962,0.016231,0.842442
-0.041278,0.086876,4.054116,0.247054,17.573260,8.149933,3.518195,2.705314,151.422937,3.198505,0.926119,0.015682,0.841814
-0.055432,0.086996,4.078279,0.251030,17.492060,7.601298,3.524719,2.729952,151.669590,3.379596,0.925618,0.016445,0.841244
-0.056086,0.089266,4.079131,0.245149,17.505890,7.567853,3.521914,2.714268,151.607652,3.353427,0.925412,0.016301,0.841111
-0.048161,0.087354,4.167224,0.240007,17.585087,8.028540,3.516981,2.707885,151.619987,3.316410,0.925267,0.016211,0.841019
-0.040717,0.091197,4.358587,0.229432,17.616092,8.462737,3.525590,2.691820,150.981801,3.525046,0.924731,0.017176,0.840527
-0.041424,0.092934,4.431440,0.227519,17.542625,8.596005,3.526148,2.716939,151.070585,3.473200,0.924551,0.017019,0.840351
-0.058856,0.090823,4.283784,0.236219,17.463770,6.864335,3.519131,2.710811,151.088272,3.327237,0.923807,0.016168,0.839614
-0.045412,0.089402,4.350930,0.231350,17.479968,8.515232,3.517627,2.694574,151.057364,3.427087,0.924216,0.016676,0.840065
-0.047765,0.095559,4.479896,0.000000,17.559007,7.866483,3.531693,2.708653,150.817363,3.193537,0.923103,0.015616,0.839058
-0.040484,0.097585,4.580639,0.000000,17.555280,9.314587,3.535342,2.716487,150.742079,3.581887,0.923446,0.017445,0.839378
-0.036874,0.094377,4.601940,0.000000,17.503365,8.985412,3.522505,2.711310,150.840269,3.546256,0.923337,0.017284,0.839234
-0.042272,0.094679,4.553981,0.000000,17.417302,7.670425,3.520061,2.715899,150.851774,3.108755,0.922661,0.015246,0.838615
-0.049995,0.097240,4.660961,0.217820,17.458373,7.533398,3.526830,2.709304,150.618121,3.247071,0.921997,0.015889,0.837934
-0.047291,0.095183,4.529154,0.000000,17.506367,7.919425,3.520925,2.702524,150.716696,3.380228,0.922158,0.016474,0.838504
-0.045170,0.096155,4.698040,0.000000,17.477498,7.850272,3.526009,2.700266,150.851253,3.282021,0.922040,0.016020,0.838060
-0.050119,0.095929,4.593228,0.221633,17.449463,7.495620,3.527386,2.696564,150.770517,3.217397,0.921686,0.015676,0.837750
-0.060849,0.097276,4.665501,0.000000,17.308697,6.712148,3.526627,2.718232,150.809407,3.023697,0.920710,0.014733,0.836874
-0.050587,0.099056,4.686268,0.000000,17.394577,7.465905,3.527541,2.713920,150.628606,3.083777,0.920631,0.015057,0.837147
-0.046191,0.096745,4.711187,0.000000,17.482108,7.997367,3.517535,2.709708,150.906781,3.120038,0.920856,0.015221,0.837316
-0.044942,0.098632,4.740022,0.000000,17.513855,7.425885,3.524975,2.708584,150.839647,2.966610,0.920517,0.014499,0.836610
-0.049243,0.099878,4.683007,0.000000,17.329183,7.090720,3.526973,2.718870,150.504941,2.934850,0.920239,0.014285,0.836433
-0.040124,0.100310,4.946607,0.000000,17.464097,8.811742,3.522255,2.711109,150.574131,3.237842,0.920203,0.015756,0.836438
-0.053738,0.101029,4.940899,0.000000,17.423500,6.967567,3.527007,2.710000,150.411579,3.064183,0.919482,0.014900,0.835656
-0.045402,0.105527,5.034395,0.000000,17.502107,8.387498,3.533602,2.718291,150.428417,3.127347,0.919628,0.015288,0.835928
-0.052090,0.104267,4.997501,0.000000,17.429787,7.417325,3.526849,2.698193,149.776002,3.071809,0.919022,0.014990,0.835696
-0.043057,0.104481,5.131388,0.000000,17.380893,8.049917,3.529469,2.714070,150.207560,3.284743,0.918895,0.015963,0.835252
-0.048044,0.108281,5.273783,0.000000,17.411038,7.612415,3.532911,2.708232,150.268234,3.145431,0.918295,0.015344,0.834656
-0.043545,0.108437,5.322994,0.000000,17.446340,7.994447,3.529964,2.715889,150.259958,3.116249,0.918100,0.015228,0.834529
-0.040011,0.111398,5.426462,0.000000,17.417895,7.870602,3.539923,2.704684,149.734945,3.064126,0.917802,0.015007,0.834274
-0.039592,0.113809,5.699150,0.000000,17.334458,8.537005,3.526436,2.688425,149.733007,3.249923,0.917120,0.015899,0.833739
-0.044507,0.112627,5.582161,0.000000,17.379543,7.732585,3.528581,2.707026,149.860718,3.166585,0.916795,0.015415,0.833350
-0.042006,0.114350,5.690077,0.000000,17.426988,8.223573,3.527493,2.718404,149.864632,3.161197,0.916816,0.015461,0.833344
-0.041004,0.114199,5.696122,0.000000,17.497357,8.397673,3.530177,2.697058,149.579415,3.129051,0.916612,0.015342,0.833178
-0.035825,0.117617,5.870853,0.000000,17.382347,9.026460,3.530040,2.698296,149.670331,3.377024,0.916258,0.016430,0.832889
-0.041370,0.114505,5.660360,0.000000,17.355142,7.449892,3.527775,2.712320,149.653952,2.977650,0.915792,0.014521,0.832468
-0.046568,0.118738,5.761526,0.000000,17.365823,7.922612,3.538622,2.714545,149.785605,3.233624,0.915641,0.015704,0.832243
-0.042846,0.118693,5.883860,0.000000,17.459383,8.386660,3.536447,2.718119,149.743905,3.226660,0.915524,0.015651,0.832183
-0.052402,0.123123,6.092425,0.000000,17.349578,7.134197,3.538707,2.703711,149.362623,3.038754,0.914553,0.014838,0.831369
-0.047293,0.119523,5.994871,0.000000,17.292245,7.375455,3.530121,2.731736,149.437422,3.027290,0.914472,0.014689,0.831291
-0.042600,0.120386,6.043357,0.000000,17.313483,7.889995,3.533452,2.682811,149.410926,3.043653,0.914188,0.014821,0.831380
-0.052445,0.123245,6.189409,0.000000,17.175158,6.577517,3.532160,2.715231,149.290642,2.796431,0.913365,0.013663,0.830239
-0.040929,0.127410,6.454113,0.000000,17.294457,7.934617,3.535054,2.687994,148.851479,3.081218,0.913307,0.015017,0.830190
-0.047882,0.126468,6.297290,0.000000,17.279565,7.477062,3.537987,2.696981,149.090224,3.050706,0.913050,0.014741,0.829970
-0.053126,0.128503,6.427667,0.000000,17.295295,6.611027,3.534779,2.701863,149.058811,2.882232,0.912360,0.014026,0.829279
-0.038480,0.128838,6.557886,0.000000,17.326393,8.093595,3.534755,2.712576,149.071899,2.952916,0.912611,0.014428,0.829607
-0.047734,0.133322,6.690902,0.000000,17.233030,7.708000,3.536308,2.704641,148.332886,3.140615,0.911952,0.015225,0.829031
-0.035259,0.134559,6.851639,0.000000,17.434500,9.193540,3.532948,2.697363,148.751903,3.161258,0.912099,0.015377,0.829146
-0.036214,0.137144,6.999062,0.000000,17.428040,8.286205,3.538518,2.703499,148.980110,3.043597,0.911681,0.014857,0.828638
-0.034531,0.138669,7.004294,0.000000,17.418422,8.757408,3.546849,2.697942,148.870523,3.076418,0.911773,0.015037,0.828778
-0.039774,0.137561,6.990557,0.000000,17.324910,8.050673,3.541869,2.692397,148.522176,3.003931,0.911300,0.014690,0.828453
-0.047639,0.132727,6.694829,0.000000,17.219400,7.052212,3.536373,2.698737,148.821451,2.925532,0.910900,0.014112,0.828008
-0.045007,0.131732,6.548506,0.000000,17.263712,7.199857,3.534194,2.701628,148.855849,2.613618,0.910945,0.012728,0.827998
-0.041889,0.140343,6.993505,0.000000,17.265413,7.863653,3.538620,2.696191,148.692788,2.825830,0.910371,0.013787,0.827612
-0.039298,0.145391,7.460772,0.000000,17.264457,8.102302,3.546483,2.706378,148.393901,2.934109,0.909448,0.014293,0.826749
-0.040608,0.146767,7.549474,0.000000,17.271780,7.989858,3.540685,2.702629,148.420166,2.859024,0.909061,0.013924,0.826381
-0.039624,0.148964,7.658228,0.000000,17.242885,7.728370,3.542445,2.702191,148.404125,2.794889,0.908749,0.013641,0.826093
-0.035829,0.154619,7.915444,0.000000,17.314068,8.426975,3.540218,2.693199,148.198155,3.006725,0.908126,0.014521,0.825608
-0.051096,0.151406,7.929140,0.000000,17.305892,7.350923,3.540519,2.688851,148.017306,2.960194,0.907667,0.014291,0.825397
-0.035900,0.154334,8.049307,0.000000,17.308860,8.440895,3.540428,2.678918,148.150809,2.986570,0.907746,0.014480,0.825556
-0.037132,0.153547,7.948234,0.000000,17.228348,7.945097,3.542006,2.689706,148.229933,2.838645,0.907419,0.013773,0.824888
-0.045276,0.154461,7.782188,0.000000,17.142080,6.975740,3.551663,2.691618,147.882111,2.644020,0.906515,0.012875,0.823998
-0.039327,0.164428,8.479610,0.000000,17.205877,8.001297,3.549931,2.690083,147.910017,2.987233,0.906101,0.014435,0.824146
-0.036836,0.164775,8.557006,0.000000,17.253628,8.657018,3.549292,2.708971,147.878984,2.943534,0.906230,0.014181,0.823913
-0.039521,0.163282,8.586173,0.000000,17.204013,7.735867,3.536989,2.724623,147.818348,2.825312,0.905686,0.013585,0.823363
-0.047561,0.179675,9.363014,0.000000,17.150322,7.036848,3.548389,2.699048,147.417668,2.848229,0.904230,0.013692,0.822082
-0.034849,0.176810,9.167668,0.000000,17.185820,7.711590,3.550468,2.702229,147.656043,2.578935,0.904550,0.012610,0.822313
-0.038491,0.174161,9.028432,0.000000,17.166397,7.854072,3.552259,2.706496,147.669514,2.623663,0.904351,0.012770,0.822524
-0.050089,0.181426,9.328970,0.000000,17.253970,6.940745,3.557702,2.701660,147.312082,2.741831,0.903754,0.013186,0.821618
-0.044129,0.186509,9.843783,0.000000,17.184785,7.527280,3.549918,2.683986,147.473684,2.583967,0.903049,0.012499,0.820940
-0.042240,0.187810,9.862367,0.000000,17.058675,6.798325,3.554713,2.697810,147.264931,2.395391,0.901993,0.011683,0.820052
-0.039438,0.206742,10.996489,0.000000,17.189397,7.547753,3.554169,2.698369,147.164722,2.464045,0.900467,0.011913,0.819012
