SCC,SCV,DVV,ICP,CCDT,CVCT,ACCV_C,ACCV_D,ECD,ECV,CCD,CCV,SoH
-0.0003480237087601,5.88586047284495e-05,0.117861082892462,8.00461797377575,3730.72593507087,2411.91781849224,3.96390406267073,3.63807843075717,4.14570456699265,11.8178161314966,1.13952122271747,0.117338546518084,1.0
-0.0003470467827273,5.90215055596414e-05,0.141880357801687,8.83645654979185,3696.56997972061,2359.1687300684,3.96037021589495,3.62986725997925,4.10186144385395,11.5597272034208,1.12903538519001,0.115514625099835,1.0
-0.0003442906967712,5.92336699098811e-05,0.138636921993288,8.54657559794396,3695.27309339585,2361.91824947176,3.95945480303331,3.6313143157959,4.10233853006874,11.5732809783216,1.12861800754169,0.115982012175167,1.0
-0.0003434608019256,5.92789645405858e-05,0.145404101448608,7.34252833734637,3691.35119371511,2362.60595957695,3.96024899049239,3.62967036056519,4.09719323593515,11.5765046023424,1.12741689005141,0.116261014149127,1.0
-0.0003375708881604,6.34830505115006e-05,0.14375164039478,7.6144113338535,3685.88798761452,2381.0119326402,3.95125652660023,3.64118968963623,4.10562881472599,11.6664812119613,1.12572898963591,0.116651271425233,1.0
-0.0003712198414083,6.42887977823138e-05,0.152952654635245,7.00728250022648,3681.75075780484,2194.31602656235,3.94681566040795,3.64587151908874,4.10745496616248,10.7518290584976,1.12444432541422,0.10829825715075,1.0
-0.0003759503495499,6.46606357866201e-05,0.154388078419055,6.62594451141305,3655.10867158842,2146.8801873955,3.94565732844241,3.64310712968149,4.07380823783998,10.5191729097003,1.11633020062125,0.106349280927184,1.0
-0.0003576987552495,6.39068694070755e-05,0.15369520696789,8.36610185714629,3617.86852443821,2283.95070312123,3.95117117068089,3.63828524996023,4.02070203188776,11.1910843513492,1.10495855102158,0.112484761938104,1.0
-0.0003619336129827,6.33898137497974e-05,0.154114922659796,6.95917793926343,3603.44616706099,2271.81033326406,3.95321859253777,3.63494569551749,4.00489028223431,11.1314930652763,1.10055688294877,0.112060559267563,1.0
-0.0003690810871079,6.33866335082934e-05,0.156159741760399,6.55388321912425,3593.33723372869,2258.98231412328,3.95345296637956,3.63310071288562,3.99451751499532,11.0688344672071,1.09746317340038,0.111115307205003,1.0
-0.0003645455734443,6.35843687136628e-05,0.161565363886834,6.78107982668887,3578.86789813728,2249.93540175901,3.95452247553093,3.6356278451021,3.97688432144023,11.0243489066974,1.09306025609271,0.111350439578611,1.0
-0.0003754027132713,6.32174819239744e-05,0.161261575266298,6.4162122556455,3604.01704095435,2182.45486585027,3.95604541689851,3.64695933021483,4.01861739093924,10.6939400484091,1.10072793899762,0.108503121282362,1.0
-0.0003833264811303,6.43970645399626e-05,0.169159440503491,6.11862287704612,3611.20468173678,2111.0827619918,3.94890298052317,3.65272392796688,4.0310849391508,10.3442030338353,1.10291722705258,0.105320532155568,1.0
-0.0003874235072103,6.4928553580634e-05,0.171433386226294,5.96973906028328,3612.29992819799,2088.286936661,3.94740879426309,3.64719380983492,4.03446128806586,10.2324693812661,1.10325334360469,0.104063726484448,1.0
-0.0003933008790676,6.51039081417179e-05,0.177314147567091,5.81082582473539,3611.23861351522,2066.1785798432,3.94628120015521,3.64815750742346,4.03463061739197,10.1241419493017,1.10292307994479,0.103120516148211,1.0
-0.0003907966688162,6.52462479079538e-05,0.176033825720529,6.01517464540374,3609.50519351923,2050.33579931443,3.945558433139,3.65655060283473,4.03383177912423,10.0465413873001,1.10238934271256,0.102561631892971,1.0
-0.0004032237739017,6.53148824872496e-05,0.179241244161205,6.14764151215625,3608.55377554792,2034.66379062162,3.94499165968064,3.6574651354649,4.03397766616271,9.96981474486039,1.10208387884272,0.10165980958136,1.0
-0.0003996887171609,6.54684547624991e-05,0.179473785856946,5.87911920559776,3606.416983239,2018.77518790984,3.94434467805635,3.65758061213571,4.03214843473642,9.89210306871789,1.10139481185779,0.101128920521969,1.0
-0.0004010351413979,6.55974148815284e-05,0.176322537777304,5.898272834492,3604.5703910882,2006.82203736584,3.94399258412352,3.65796154835185,4.03113756689998,9.83317550557434,1.10086740508492,0.100567498112219,1.0
-0.0004083863457188,6.57456659157769e-05,0.179479433703089,5.76467212194188,3601.91452301771,2001.32216031998,3.94380242233976,3.65778236897265,4.02868536388192,9.80639491657497,1.10005721306377,0.100119245417815,1.0
-0.0004042319660174,6.58403864164374e-05,0.179663416161321,5.63902581340685,3599.50890275187,1994.7601060867,3.94373334329063,3.65742664063563,4.02624799585648,9.77434590715136,1.09931195320748,0.100055612399821,1.0
-0.0004095785038142,6.59463205978589e-05,0.180699857202859,5.72010206775749,3597.29049799958,1986.13544848625,3.94367242625,3.6572859443602,4.02425039488835,9.7317452398769,1.0986361185388,0.0996202289433163,1.0
-0.0004062038342666,6.60595326478451e-05,0.185739070850155,5.59330046939266,3595.3849791353,1983.58830896081,3.94360037024962,3.65715850572117,4.02252365785862,9.71977640149238,1.09804971967686,0.0996182595341998,1.0
-0.000406385576409,6.61516258728414e-05,0.184743787338574,5.59609393694562,3593.58941086166,1973.93343884376,3.94341838469199,3.65705233128344,4.02093223665619,9.67228104745351,1.09749688292689,0.0992012016325085,1.0
-0.0004098195915069,6.62623585288009e-05,0.183342233890216,5.81507324499636,3591.54229136003,1964.02727169712,3.94319777641821,3.65698996332825,4.01931173456624,9.62408787754501,1.09690128428555,0.0988372352888599,1.0
-0.000412288456097,6.63939206710237e-05,0.184585888174296,5.62135792757774,3589.05805698858,1962.23026040208,3.94321188139259,3.65639000642495,4.01652940837593,9.61494175417049,1.09610645885132,0.0986131629197459,1.0
-0.000412382935692,6.62950630062546e-05,0.183288162975051,5.61662413095845,3586.68301020114,1961.58987072395,3.94215621596657,3.65573297563146,4.01396526890842,9.61183046790213,1.0953893303232,0.0986205391342239,1.0
-0.0003973404884728,6.67746867783209e-05,0.184515080826706,5.8182934640176,3539.34145285864,2054.25377318583,3.94179551027439,3.64624387025833,3.94698376529827,10.0663102133832,1.08095074810919,0.102247867295639,1.0
-0.0003890357736945,6.50046381188557e-05,0.185035133369885,5.51302732342246,3521.2769849163,2122.0005453573,3.95087869662159,3.64584308712422,3.92317142633938,10.3977329947752,1.07544057894558,0.105684516669453,1.0
-0.0003882227394338,6.47828850234923e-05,0.191386439353209,5.46217818965761,3511.02628589526,2135.53096230957,3.95269122846884,3.64215127560271,3.91062919403627,10.4642883874862,1.07232609341622,0.106098913169572,1.0
-0.0003889973946329,6.4724852033877e-05,0.18603111795552,5.43383978417561,3502.77632453304,2148.3432387496,3.95348076025645,3.63902008834005,3.90040977224449,10.52688970642,1.06977477258417,0.106532077334459,1.0
-0.0003854969905707,6.47836409796131e-05,0.188308431339396,5.6158293672411,3494.79178655759,2168.0768368179,3.95386179098102,3.63572562041403,3.89036729466373,10.6236253490335,1.06734509913795,0.107539578870081,1.0
-0.0004046967849249,6.42632071041147e-05,0.187521391855006,5.52949022731957,3535.29941739252,2044.95838848705,3.95353849126264,3.65195744037628,3.94989249598102,10.0200854085556,1.07973556924378,0.102047154763292,1.0
-0.0004097631635699,6.59150503642596e-05,0.19771793103076,5.35298058520744,3542.19230300444,2010.67887652078,3.94696360014974,3.65623113711675,3.96018746613721,9.8524507822068,1.08181991259848,0.100560460720365,1.0
-0.0003928758173986,6.67014950860711e-05,0.195942623241167,5.4688239620575,3496.65197439818,2090.48560308421,3.94578140890095,3.63906362677823,3.89556437396289,10.2431489117081,1.06792457021114,0.103843362300116,1.0
-0.0003519874363383,6.50560952612968e-05,0.195073955751063,5.37177602839248,3476.86932144995,2146.26468891389,3.95387031016738,3.63665951712657,3.86788357593165,10.5167591537936,1.06187862058983,0.10655092677812,0.998867004497283
-0.0003876838925586,6.49126062692498e-05,0.195648488040653,5.47015248581487,3476.72911674168,2155.71755340585,3.95598182999171,3.63925184233714,3.87051699339161,10.5628874705634,1.06182552754028,0.107156517404593,0.993525590967066
-0.000389503993005,6.50073372759642e-05,0.189820791720785,5.54043172411793,3471.11945833685,2153.51441027515,3.95591798883218,3.6372015940941,3.86382489700028,10.5524510352286,1.06011877196094,0.106737653087089,0.993788251343682
-0.0003833899772495,6.5073878946433e-05,0.195991895594606,5.39128360752779,3469.29158023221,2181.06068400515,3.95622294766891,3.63674324043726,3.86180692196338,10.6870090369981,1.05954012652327,0.108270983871801,0.992082303743457
-0.0004005857237705,6.45222046432276e-05,0.183386204661835,5.79527534751448,3507.48645714787,2052.73889643187,3.95439485727885,3.65119371494325,3.91723918180217,10.0585094549536,1.07119797658244,0.102685152514632,0.992816632245413
-0.0004040991422942,6.60809694885889e-05,0.201582186633542,5.32558949474353,3513.94082963013,2024.00580904214,3.94888614139286,3.65497535617412,3.9267579530398,9.91731125046601,1.07318772046682,0.101424254867974,1.0
-0.0003899262536912,6.6667328498186e-05,0.202837985639202,5.44483715394408,3468.69816279336,2099.03192006081,3.94751085037304,3.63756250728995,3.86223918074213,10.2851583775192,1.05937090489695,0.104169840186341,1.0
-0.0003852563019362,6.51871972857459e-05,0.199382896714413,5.93286365673303,3457.90029382659,2168.7178907115,3.95607352602309,3.64093802933,3.84824051810706,10.6265158460527,1.05607746204237,0.107728560391501,0.990918338746954
-0.0003477988688808,6.5240703886841e-05,0.199392781296029,5.3746783453366,3457.07272224856,2204.59171872906,3.95631784027063,3.63652153707977,3.84275330827535,10.8022364667434,1.05580007371176,0.110696469950857,0.98745063483513
-0.0003457612248931,6.57786880344916e-05,0.196613861742792,5.25771321757257,3457.10424475226,2225.26327030099,3.95706297013818,3.63330914627792,3.83934857645461,10.9036128100406,1.05581234584624,0.112217096535481,0.987531947360156
-0.0003720231981613,6.56301713406319e-05,0.199241021327057,5.31504914681713,3445.66623695241,2202.71615219512,3.95605764227006,3.63502121786786,3.83171936015671,10.7931846591941,1.05231079243752,0.109482775152418,0.987585639758434
-0.000366301676841,6.45338165665784e-05,0.184549663596875,5.85233320831495,3483.7820777907,2129.20576380368,3.95713930685543,3.64633577152834,3.88386696837604,10.4330328797891,1.06396330257815,0.107209305681136,0.985550520182178
-0.0003462825126955,6.62622723974469e-05,0.205935923380829,5.03456178960393,3491.69040566217,2128.28954442299,3.95141343084665,3.6401345749863,3.89244808314266,10.4283770619009,1.06637828666413,0.106868228487221,0.994951901853288
-0.0003495246802748,6.64668052259031e-05,0.204983845548808,4.92761284798913,3456.01161681744,2185.50010518369,3.95087779714511,3.63258529320741,3.83781715814547,10.7089146299326,1.05550060780175,0.108521085114611,0.995077491123728
-0.0003262355432194,6.55125281119607e-05,0.20130917253026,5.30395198779767,3444.13579978712,2344.58953245694,3.95974353715485,3.62417855629554,3.81910019440731,11.4882025681504,1.05187341554685,0.117559429110506,0.985963979536103
-0.0003006399063002,6.51009780237178e-05,0.196084004726783,5.60379082656269,3439.43286002416,2398.66703601018,3.9607399241759,3.61293176504282,3.80330994976409,11.7536368253105,1.05042117854344,0.120554953574788,0.98288556946751
-0.0003006497054651,6.52023750250973e-05,0.208350908713139,5.11990792584912,3438.76115895843,2467.50969978562,3.96415956340619,3.6141234442719,3.80410153899268,12.0905367024927,1.05022584707251,0.125765684198475,0.981441992685528
-0.0002912891879147,6.53805274242695e-05,0.197987170614685,5.40901394766127,3437.05650654016,2535.39852558833,3.96394315361977,3.60587725680099,3.7944077587446,12.4229324344596,1.04983147471398,0.128661616450786,0.980356009846125
-0.0003130649730767,5.81868423007572e-05,0.159631352754134,6.73992081707743,3581.55544688069,2378.62057143226,3.98262207496342,3.62858840650763,3.97146333531838,11.6549037039257,1.09388319230194,0.119351765096389,0.983223118669109
-0.0002637670228418,6.67315222139193e-05,0.185965806498809,5.58180859109582,3585.196707683,2649.88131422314,3.95423324635396,3.61744306698318,3.96228846925654,12.9839237633912,1.09498505111935,0.134140384625861,1.0
-0.0002745541429149,6.72635867058186e-05,0.185062644772112,5.70454303246188,3593.89059950646,2529.85704493353,3.94979946159181,3.61693785620517,3.97696437104081,12.3960603965829,1.09762665336837,0.12671008715752,1.0
-0.0002545519900537,6.77636616316503e-05,0.182053004359294,5.68423814897788,3597.17393779574,2539.24966207047,3.9494532369432,3.61368722407544,3.97595106844912,12.4424827439696,1.09861203580103,0.127193258785044,1.0
-0.0002611144065382,6.87976166686149e-05,0.203544604886702,5.24377603142737,3565.7280991953,2693.47622891937,3.95001940335628,3.59529023722184,3.92149960468484,13.1981613302961,1.08904150054145,0.135873182432247,1.0
-0.0002344362596519,6.59112791751023e-05,0.18418749176359,6.26739375753036,3550.23058887613,2752.63018076861,3.96092806676539,3.61128636995951,3.91800967893395,13.487404718973,1.08427323307186,0.137373347953952,1.0
-0.0002457728555928,6.64446435655337e-05,0.186027136473137,5.57867633885516,3548.5716603508,2671.49105672562,3.95050787694246,3.60226799647013,3.90673229939189,13.0903394475368,1.08377463769074,0.131086731765722,1.0
-0.0002383783300428,6.6423850243339e-05,0.188090020595587,5.95662104004859,3534.35251600297,2739.28676715621,3.95223425299514,3.59130777319272,3.88297076065301,13.422254485446,1.0794285184957,0.136042708365088,1.0
-0.0002439544046209,6.54530310293733e-05,0.189464675280668,5.50514366117533,3535.47863610071,2885.37674102683,3.96770357018086,3.58512729207675,3.87703862437588,14.1380097443147,1.07976873607281,0.144042848650849,0.999400850413007
-0.0002392278939937,6.58198923039494e-05,0.196978034384553,5.40768765278751,3532.74548462628,2840.11502111916,3.96522278832917,3.58269558548927,3.87217587383101,13.9166265586942,1.07893566248127,0.14126259505198,0.999080279361848
-0.0002384154174073,6.58017956865649e-05,0.19468189520256,5.23812162252036,3514.68170278386,2846.31762455541,3.96827476890526,3.58497497815044,3.85166104833053,13.9470396228059,1.07342341410046,0.14327344124219,0.998221960324139
-0.0002407445079693,6.50687466454826e-05,0.192444734000535,5.4317189641996,3496.85060478118,2905.17252053041,3.97155681207551,3.5780051380901,3.82143681549259,14.2350256785851,1.06796414932673,0.143751123890315,0.992666569675045
-0.0002341451534613,6.46009577564545e-05,0.200853830909059,5.32256195011094,3491.52274475462,2938.81271526654,3.97355000742801,3.57662319934974,3.81558158981137,14.3997672178264,1.06636167514357,0.147142355600161,0.988409259453393
-0.0002394230093056,6.489137589821e-05,0.204430576316387,5.34750865087709,3480.58580445917,2908.84453993762,3.97383402814769,3.60250929856704,3.8341407715141,14.2530114797205,1.06294351679132,0.144675044207508,0.987108986553858
-0.0002504064932409,6.53654629979112e-05,0.195410318335925,5.54476265439637,3453.66375165989,2794.06502993693,3.96457870841631,3.59385262391506,3.79437750281439,13.6909596372784,1.05472028397063,0.146294686602996,0.985145181245901
-0.0002206272791601,6.42395150508501e-05,0.200626844593239,5.22622638855164,3477.86921681688,3004.15877751511,3.97518631494962,3.58142632347042,3.80895390899815,14.7201328470329,1.06208500352707,0.155249085804019,0.986651769307047
-0.000230853076141,6.57023890932181e-05,0.203922672461972,5.10847065853236,3468.9319934464,2956.5804564245,3.96468223479329,3.57016368639671,3.78972182566488,14.4869917775227,1.05935729016525,0.149376514615013,0.982308336734014
-0.0002249614955221,6.50115004870313e-05,0.201314508259546,5.0273647827629,3446.31977304551,3008.37388250368,3.97089240723049,3.56687333033635,3.75943906340439,14.7411748203604,1.05246841439098,0.153752037584529,0.979368236431305
-0.0002270970218929,6.42679879181774e-05,0.198553982710623,5.34424134905527,3446.30465520226,2976.14007035573,3.97496618755123,3.56709062951243,3.75966891809399,14.5832539639407,1.05244697488528,0.153757992203722,0.974024977390194
-0.0002394920411427,6.47558490064392e-05,0.188096524945227,6.25912949416441,3444.61736357227,2945.90632655352,3.97513440589315,3.56892724730011,3.76021776151506,14.4347489005185,1.05192580435912,0.148496601054957,0.974803792238088
-0.0002385540007164,6.46754257555851e-05,0.203110296899134,5.07904306665299,3432.80474503728,2930.93783015478,3.9778096540687,3.57204451848721,3.74595375935923,14.3614152198276,1.04833299016517,0.148065671463096,0.973587016001306
-0.0002382424979331,6.46246999136733e-05,0.213335570956348,4.83795015901988,3452.79101184383,2941.40697575692,3.9805415714343,3.58238714576786,3.78121745225602,14.4127182872891,1.05442220001196,0.150284665558953,0.97134544596023
-0.0002324035321797,6.56278128511777e-05,0.212179294246668,5.19256781985016,3452.74738566397,2834.09774915094,3.97518382072449,3.58270548347734,3.78158704727009,13.8872279077834,1.05442546369575,0.143814044500742,0.976488744852282
-0.0002523286869451,6.57445570826512e-05,0.209304054509461,4.91638185658673,3448.80716859561,2820.44195463916,3.97536733822945,3.583084717775,3.77873307520503,13.820120346942,1.05321765637285,0.143946491435888,0.976386583031685
-0.0002458538096946,6.57014814956433e-05,0.211304762674482,4.9020721095487,3446.1197247135,2854.09738327295,3.97569703566722,3.58133527560112,3.77466871409124,13.9852011279213,1.05240075937586,0.145070452520464,0.974980550756632
-0.0002305659748243,6.57289662193049e-05,0.212776185223514,4.77364680881908,3443.0261689758,2819.73842465103,3.97527599701515,3.5813754073575,3.77227234224957,13.8169892586595,1.0514743847152,0.142903840675321,0.974466261938666
-0.0002523388591044,6.57624713423892e-05,0.217662310103382,4.71568814302497,3443.71391341655,2816.94208225538,3.97528430865361,3.58219200933081,3.77363276906332,13.8031935276534,1.05166679968488,0.142525803221574,0.973852483456999
-0.0002517778829177,6.57851373784241e-05,0.218673128499726,4.92188279600746,3440.58905242145,2819.19249161298,3.97571945068164,3.58040379255246,3.76923589744738,13.8143231644973,1.05071713905006,0.141659378693189,0.973693899224539
-0.0002297637132113,6.55926957297066e-05,0.216700252230847,4.8691425071059,3435.52621074719,2818.20755734865,3.97553006398309,3.58641336704123,3.76340247996939,13.8090432193415,1.04915213546015,0.142996091348308,0.972833167270044
-0.0002494138470048,6.56015498177175e-05,0.220552255489858,4.9531173366355,3432.57298091479,2825.36359761789,3.97749162949238,3.58497131076352,3.7594605471404,13.8442715611525,1.04826976915125,0.14358527050232,0.971343916429089
-0.0002431373083337,6.55913216853722e-05,0.212401834586564,4.77523755110093,3430.13563505391,2859.45698608225,3.97758648556131,3.5818177893244,3.753989021554,14.0110494772882,1.04750475114361,0.146328342996457,0.969895262131758
-0.0002469673245636,6.56991574860399e-05,0.213634592495933,4.8981375831085,3426.83871476911,2853.37873734604,3.97780297333712,3.58194761029605,3.75139059682961,13.9812875678569,1.04650925624182,0.145712734926101,0.969777780142448
-0.00025198608225,6.59235124422116e-05,0.222186389146653,4.73011914088983,3424.07324347377,2829.98840426916,3.97830298143564,3.5803198999372,3.74733309369432,13.8665617901341,1.0456648994172,0.142675344112525,0.969003929101981
-0.0002490294363084,6.59671523497507e-05,0.215431997403586,4.75261102496088,3422.7768616564,2836.59818108176,3.97751234494723,3.58170473164525,3.74771803112757,13.899668687293,1.0452682816983,0.142448312412063,0.972731800110638
-0.0002299222991455,6.61291947386305e-05,0.215661623379805,4.91137772925707,3417.54196203576,2828.53531810123,3.97479082759798,3.57876758123266,3.74031092759768,13.8602370752959,1.04367326154506,0.143551665993464,0.967734920120965
-0.000249107416976,6.60379525384848e-05,0.215222314254742,4.7661096344439,3414.15149637708,2849.92568260635,3.97625160093752,3.57558054348518,3.73428383216839,13.9648291342362,1.04265266286155,0.143372842325943,0.966078304215807
-0.0002474210421804,6.56654895949216e-05,0.222294836622412,4.76154586983004,3412.19823213667,2864.17516419891,3.9782271857063,3.57703934866807,3.73414882706746,14.0347736059614,1.04203592271276,0.143950407472931,0.965359532410599
-0.0002165794764779,6.60216658741853e-05,0.213084978879967,4.82880210130967,3368.78934692312,2987.62379486067,3.97813614418632,3.56461196614985,3.66945089925816,14.6393910938841,1.02880151704004,0.15025966647875,0.963675405848362
-0.0002335521327158,6.46110559987606e-05,0.213951871203096,4.77239594941803,3364.49246725696,3032.35703470337,3.98412349007346,3.56287330493592,3.66411479202599,14.8583703371561,1.02748773318511,0.151525945557109,0.952648348578606
-0.0002302210441174,6.48191850406525e-05,0.212636654305461,5.10119249516029,3360.44560945197,3036.74759794789,3.98388709103997,3.562336382113,3.66009750131281,14.8799360737503,1.02625960209828,0.151707365302785,0.951573330189304
-0.0002335177569477,6.4932951700619e-05,0.215573806466827,4.75431687670301,210.105774482945,3028.21632563742,3.98450103163082,3.8754640519619,0.247811567912347,14.8384161056965,0.0641658709258052,0.151426246439634,0.950563944437656
-0.0002668953603669,6.78716786990403e-05,0.213803460800744,4.79771026869794,3399.7715049782,2666.79602494959,3.96078914373349,3.60161828165469,3.74185741972661,13.0673277278432,1.03828375009637,0.137737649712118,0.966438996112271
-0.0002401316426307,6.72753965675367e-05,0.215726943085149,4.76263646924753,3402.55287402825,2764.57611023555,3.97026925136388,3.58859736815743,3.73049791700575,13.5462669529255,1.03912629468661,0.143822611482186,0.965428024909248
-0.0002484389092172,6.56134172046229e-05,0.202186103168208,5.87652343374282,3431.58808159328,2797.86009088185,3.97361880292495,3.58761530909045,3.76154771035814,13.7099857853103,1.04799843431596,0.144300599974368,0.963342452348639
-0.0002460356396764,6.72610556100148e-05,0.223178111268704,4.65477267852485,3433.98017689617,2783.48628937193,3.97149006730502,3.58760275306373,3.763582207013,13.6393704649665,1.04872741725995,0.144218068549438,0.969643475753726
-0.0002467113318423,6.75318100433787e-05,0.219674780317639,4.65011059851267,3408.75903547701,2774.62644398981,3.97075552669997,3.57187977741504,3.72604727276894,13.5956889280332,1.04101796020614,0.144261500189144,0.969684913891175
-0.0002322553774527,6.62499547478835e-05,0.215863086555657,5.11699189495579,3398.66268531873,2922.38697073195,3.97860242808676,3.57070155351058,3.70850479095549,14.3197318072773,1.03793026195817,0.149979053209534,0.962322693742388
-0.0002345110325371,6.60326989678204e-05,0.19828118936794,5.28041393401798,3395.36609010992,2901.98137294553,3.98013528104852,3.56991159604943,3.70486498221476,14.219611613038,1.03691129760942,0.148657724456122,0.96047718249501
-0.0002437506551923,6.61333261459499e-05,0.219605246161124,4.78040146863122,3391.944008593,2881.72817064675,3.97886355010627,3.57995149778283,3.71239813446629,14.1200604386326,1.03586651268787,0.145385350783859,0.960600352722748
-0.0002282895689618,6.70186449382468e-05,0.215667538342671,4.71978169517047,3384.22464818182,2955.9955591943,3.97244108038605,3.5699496248494,3.6955413267639,14.4841861494124,1.03348703014306,0.150620504002766,0.957516199221288
-0.0002426109310823,6.55759542294566e-05,0.217930230954081,4.72995181158809,3415.36981694961,2831.70364929536,3.97877536949358,3.58255904912949,3.7425295554042,13.8755019819038,1.04300620432755,0.145713136500393,0.957169291459292
-0.0002485384641582,6.7915245339208e-05,0.224478116521821,4.64017387508929,3417.82435281377,2748.0186785337,3.97153180161702,3.58951524208332,3.75186241541562,13.465222572974,1.04376024848346,0.141210165529267,0.965265464779572
-0.0002583452879989,6.79757820752758e-05,0.219383535850994,4.67657884219517,3387.3627315156,2699.53355645979,3.96973551425737,3.57672973715741,3.70518135339711,13.2277488709913,1.03444795545262,0.13888322385015,0.964621791129117
-0.0002431406073772,6.65996325072001e-05,0.220984629173595,4.97615522740866,3375.67818793221,2885.37141177207,3.97792309083437,3.57572576246764,3.68676894022979,14.1380149302585,1.03089550062047,0.145729613688016,0.956294999308673
-0.0002469218430234,6.60048773194282e-05,0.216372809954619,4.80903651946169,3365.00622952715,2851.96907981267,3.97951733372199,3.57143592207055,3.67331358118288,13.9742920010939,1.02763624223569,0.145367769159652,0.953848700789685
-0.0002454993234755,6.53230553288392e-05,0.208460549757032,4.84698886038969,3365.75618691626,2837.6063481548,3.98128746678589,3.57271718978882,3.67525439061941,13.9040898888942,1.02786828447665,0.143345382584886,0.95104621766954
-0.0002426876807263,6.58979594106594e-05,0.220054494271196,4.57514013771333,3352.81837280173,2893.46463016028,3.98110442465924,3.56251108437254,3.65408296627838,14.1780483150329,1.02393295573136,0.1470370739661,0.950584507367069
-0.0002510469466199,6.51646915676189e-05,0.227536734161693,4.44049802043376,3392.99433132508,2790.31263505094,3.98323067029317,3.58851569424505,3.72222088347251,13.6726885089617,1.03617522839479,0.143443966892982,0.949247323104061
-0.0002600230579418,6.73832867990494e-05,0.219881225958141,4.69032305488875,3395.42981374392,2731.18983022927,3.97321229552229,3.5921528754027,3.7281591364685,13.3825326826507,1.03693824090299,0.139376167965613,0.95986958305694
-0.0002678911269382,6.7731594105138e-05,0.222629106460541,4.65492987076493,3364.11630862262,2648.20640276265,3.97137259201682,3.5832528398748,3.68491617211212,12.9758212170781,1.02738495122373,0.135713634519789,0.959956252559914
-0.0002259929581714,6.68729162489644e-05,0.225305590742431,4.49227527778053,3352.5215414851,2877.38669565224,3.97826543006491,3.57413056022242,3.6658905076126,14.0985747049764,1.02383392957835,0.146397433966969,0.950889468075244
-0.0002234469232513,6.62601709479531e-05,0.21786861128082,4.69980370288202,3351.05299952344,2881.10540557429,3.98100796658942,3.57205809208385,3.66253543955805,14.1173637738973,1.02337956626284,0.145819970081425,0.947979915910742
-0.0002526135439686,6.5957905825752e-05,0.159057730668278,8.35768821993002,3345.13141623052,2749.35604647483,3.98290682343579,3.59007052404691,3.66833749215354,13.4722721849127,1.02156270116473,0.143536172206022,0.948441758518962
-0.0003261425443655,6.59649602512199e-05,0.226957506903697,4.56165188021812,3315.03744199098,2414.87678769161,3.98338764508565,3.61128038593701,3.65710195057729,11.832516395769,1.0123780286436,0.121145410293566,0.951204004028496
-0.0002477608399133,6.76159260977732e-05,0.225579689614439,4.53699200730206,3366.32306936197,2695.78328613815,3.97179881525781,3.60438379070215,3.70866754801355,13.209525260556,1.02803169476028,0.138411286018709,0.959262323610324
-0.0002600962454916,6.79339898185083e-05,0.233238737339367,4.39330676356142,3374.90175520669,2717.92404172535,3.96832512560939,3.59842774951667,3.70973495723121,13.317939328068,1.03064483546697,0.138955170866186,0.955518905973518
-0.0002552623987905,6.79956057744457e-05,0.232633693925816,4.56840104478608,3387.30902703095,2733.64369867742,3.97091905772686,3.59394682386647,3.72318036406829,13.3950291965168,1.03442582863351,0.139133925972472,0.955922401613164
-0.0002478992143856,6.83122132881494e-05,0.230062220883845,4.77160051520766,3390.73207171209,2760.16004656116,3.97073689351479,3.59507051343503,3.72721132623734,13.5248919385882,1.03548097239813,0.142121459639768,0.958329071419929
-0.0002532993130573,6.85572209487582e-05,0.227092068292514,4.49275516530684,3394.50219215272,2736.09836249094,3.96855922291676,3.5940439970597,3.72923942495198,13.4071286355975,1.03661886676837,0.139817107557171,0.959176210781708
-0.0002510921435332,6.85411566723722e-05,0.226643346723773,4.5496882990955,3396.68691252585,2719.39607148303,3.97014508469735,3.5942974443021,3.73131157609739,13.3254493833492,1.03727557596109,0.139370627510927,0.95988201460235
-0.0002497276178336,6.83932448383622e-05,0.226951586831877,4.45236810309372,3399.39116612397,2716.00637442269,3.97029022478687,3.5972207090129,3.73672365839019,13.3085668634593,1.03811514456389,0.14020402645805,0.96045986724696
-0.0002553877007342,6.8562659528548e-05,0.230642277424168,4.54213296767654,3399.96949706197,2696.19458781031,3.96867341575227,3.5952732666679,3.73521559853437,13.2115547962687,1.03830227449033,0.137925116343396,0.961400462452122
-0.0002534255059353,6.86057371668573e-05,0.224596185391885,4.81543001043524,3401.43867797346,2705.46367715841,3.96925654683088,3.59388064301532,3.73495201033529,13.2566177050367,1.03873740287217,0.139144176088596,0.961148638522342
-0.0002465453677855,6.86760946310454e-05,0.225618533311056,4.59661585203629,3403.1110500815,2737.960498915,3.96990342584916,3.59247111859529,3.73493901485187,13.4162625492761,1.03925711930364,0.140614104850981,0.961050916240157
-0.0002481921715852,6.87257430760585e-05,0.228851059265056,4.4750587593034,3403.72094146925,2737.8201796065,3.96895785652912,3.59334134848221,3.73636289174191,13.415767308952,1.0394403565609,0.13920010040927,0.961405021346206
-0.000251974990031,6.89102414646632e-05,0.233676382675436,4.32925198998138,3404.51800020551,2729.6174624124,3.96866586418349,3.59161920132844,3.73524573691612,13.3753417513589,1.03969342771715,0.138072736294276,0.961620550585088
-0.0002517410822304,6.88159575298747e-05,0.228221781105796,4.5838110946686,3404.89341822168,2712.58664523257,3.96874886321038,3.5938158740168,3.73779574075313,13.2917959913197,1.03978939414769,0.135989034949573,0.961910451426827
-0.0002516943826957,6.89608258456583e-05,0.233309538896113,4.3310028497844,3404.36223837011,2717.85227886919,3.96878976674424,3.5936215504356,3.73718372151645,13.3175993202259,1.03963470302808,0.136271616413534,0.962048925234883
-0.0002472845274788,6.90255455492061e-05,0.232256108340489,4.48351965911405,3404.94069581881,2720.47744611045,3.96952097809192,3.5923824020054,3.73644351580463,13.3307341982958,1.03983839743235,0.137599443469531,0.96185774046775
-0.000240059098279,6.89704602234578e-05,0.22782748662177,4.75104150259432,3404.92524162779,2768.22754360497,3.96981452042575,3.59219230983568,3.73622384763424,13.5642025859472,1.03982983633897,0.140284915579727,0.961685660321409
-0.0002322436028806,7.03187458332685e-05,0.242899409639847,4.31357913773639,3347.05471363181,2946.1224466064,3.97274204555311,3.57084912325429,3.65007233305732,14.4362160840182,1.02216138479667,0.149932581442142,0.959403040840973
-0.000231803463808,6.65663048994489e-05,0.225594003825608,4.49972229768058,3345.31968650204,2948.21545426047,3.98359005973938,3.57495621875324,3.65290329374203,14.4464020638523,1.02163824136234,0.151148321934367,0.946349766420701
-0.0002270487321775,6.66113271232397e-05,0.220142744547762,4.73476592930012,3339.06972866587,2979.01179124549,3.98168578199161,3.56731809768002,3.63983243073058,14.5970642967917,1.01972736382188,0.151452469597839,0.945021864720383
-0.0002710661057986,6.62715735488246e-05,0.228100771389577,4.46960710440904,3306.41407000786,2683.7341487474,3.99212076424291,3.59806687917028,3.63632948385286,13.150430374193,1.00975090714777,0.140773195015885,0.946786209540251
-0.0002415157214042,6.75853733007264e-05,0.230159315534838,4.5447745640415,3353.00867611822,2924.292671795,3.97541058385694,3.58270453570182,3.67513141877111,14.3294286485143,1.02398610554433,0.149696899304178,0.941644170421571
-0.0002416965887933,6.89551645033325e-05,0.226546435919499,4.46732340179883,3374.37265508645,2831.89306716155,3.96939431927191,3.59450299907149,3.70531785421789,13.8767360980283,1.03051502495434,0.145975235643473,0.950647666481289
-0.0002425436678068,6.94272843202255e-05,0.233283141393989,4.5159751247777,3379.01455937361,2795.9261004742,3.96950360492886,3.58696536810502,3.70930971351394,13.700018299972,1.03194690302883,0.142790769889481,0.954330228948701
-0.0002247418135457,7.08921527696447e-05,0.270382469630073,3.72500792198655,3324.64816107438,2966.02783710836,3.9684158715796,3.5641868937332,3.62503506562468,14.5329463732206,1.01542882787997,0.149778000597976,0.952384759213553
-0.0002320691381716,6.71495856394945e-05,0.22558970633389,4.58470473903215,3336.52665695746,2977.04256700387,3.98014516830444,3.57170464507246,3.64281138930919,14.5869438916734,1.01912447883331,0.149874098984105,0.938829247477294
-0.0003308964355304,5.65530160746176e-05,-0.925730773844069,4.87861145512786,3314.91345624848,2336.95643769023,3.98561486097482,3.63114187760012,3.67720199402703,11.4510076472857,1.01235066040596,0.115899043573312,0.949000067598581
-0.0003184501086169,6.82571793310949e-05,0.230383696560249,4.68409985934529,3325.44528396074,2375.73686520353,3.96511621573537,3.62619613757176,3.68910152794001,11.6411781106934,1.0155665698074,0.117455857001928,0.948039224478544
-0.000375294562947,6.86932036960783e-05,0.22932784278432,4.56343080298486,3346.60642287401,2216.78970977517,3.96104738918053,3.63497653132991,3.72433541912073,10.8622356810176,1.02203204416254,0.110164154863555,0.952753180904532
-0.0003667842208134,6.92294116100005e-05,0.229651105123123,4.47123883848073,3348.96704324063,2198.21271975509,3.95858851586929,3.63617398864345,3.72752778322958,10.7714140587584,1.02277479047822,0.109974123281261,0.956550729174987
-0.0003428627610515,7.06036296784087e-05,0.230636416220594,4.44588626739305,3300.02315224386,2347.48790534873,3.95833954397513,3.61934529457773,3.65270926165501,11.5024178513744,1.00780398287494,0.117089335978813,0.954961668974446
-0.0003305466468653,6.80368644745295e-05,0.233066763371764,4.38798770851389,3295.33515117198,2405.68967835327,3.96923471979527,3.61391038128308,3.64330806583879,11.7876700774681,1.00636068924507,0.120564649190851,0.943032699754109
-0.000331945237639,6.80927813639899e-05,0.228405252031018,4.43053388005883,3302.69475929609,2384.59636231131,3.96927358582616,3.61990193171161,3.65542502194802,11.6847441421266,1.00861146296269,0.120335740465878,0.94141454150058
-0.0003639423627716,6.7993536230471e-05,0.231502522399746,4.39617826556211,3289.0231697202,2256.53656869495,3.97037479938605,3.6280058664935,3.65270408446173,11.057044386134,1.00445948162122,0.112280168346283,0.944211202602824
-0.000362961782994,6.85824632100049e-05,0.229743210917828,4.58613341236066,3283.6008446426,2318.67440728971,3.96477944863275,3.63135228930293,3.64305055956099,11.361927627058,1.00279668511481,0.115079509181543,0.939638615063896
-0.000377057790944,6.74344349446104e-05,0.214549104738785,4.9079369268214,3326.52722064112,2159.67964566899,3.96435168339656,3.64489162495706,3.70912163969032,10.5826893784982,1.01589427198462,0.107821474861518,0.940260213666571
-0.0003860457738775,6.98464158273513e-05,0.233108545209045,4.36930038454967,3331.40422156075,2118.77558473496,3.95694710630359,3.64882820053438,3.7171721077619,10.3821482300704,1.01737907482579,0.105834293657046,0.950677432593702
-0.0003997122111638,6.99661894421917e-05,0.23337040896896,4.45171939808265,3291.4641626942,2081.71227106702,3.95546924104594,3.62933748747621,3.65598312436622,10.2005615502003,1.00521325191621,0.104001950368522,0.950597869181046
-0.0003595625126152,6.9081501813353e-05,0.23365482360112,4.51705339149932,3281.46041625403,2308.94087852948,3.96406374323553,3.63129830789996,3.64117046376664,11.3140099956597,1.00214078774122,0.115253943683231,0.939842505489884
-0.000364424492492,6.85877503294701e-05,0.234313846059876,4.50849314337214,3289.49174627941,2261.33245281954,3.96471734862253,3.62876203443323,3.65372431773196,11.0806989481923,1.00458000230214,0.112938125855127,0.938117235186016
-0.0003722866991365,6.89946180655124e-05,0.233985114018706,4.48104656910828,3284.5235488342,2263.58227292664,3.96412291108947,3.63648749256993,3.64900186757617,11.0916016029278,1.00307343714086,0.112509855101166,0.940219011972925
-0.0003730457563586,6.91004037398302e-05,0.232806955776497,4.64941085907907,3262.58573799831,2257.26998259887,3.96309550809119,3.6226516263979,3.61682214909925,11.0605149572165,0.996369097839266,0.112387961074259,0.938772892671617
-0.0003683377002538,6.85989758043828e-05,0.234984245521967,4.58120528462782,3304.07341019582,2303.37986736005,3.96658285001185,3.64310186036995,3.68051922514652,11.2863070890703,1.00913021109716,0.115994009277842,0.933419235405892
-0.0003965848839053,6.99239307695306e-05,0.235532899374525,4.41125788380434,3316.29461360475,2133.11881912468,3.95895787665081,3.64305302105119,3.69927865165463,10.4518196043875,1.01284844978227,0.106266679302758,0.945301649311976
-0.0003891335986455,7.02578449507705e-05,0.239911637443537,4.72733230800706,3306.56115111994,2105.88560108267,3.95696509847737,3.6497209072113,3.68930146238139,10.3183742436802,1.00986980592117,0.104921681267043,0.947747805595352
-0.0003643441828046,6.96727197576591e-05,0.2325375570196,4.8226571267364,3259.82002614602,2270.81665587449,3.96147603103795,3.62128466743607,3.613513304946,11.1266174675583,0.995600387154547,0.113200363541232,0.942685836542357
-0.0003613705332843,6.85755758273524e-05,0.228403094004045,4.41612182030882,3261.69539658917,2295.20681804159,3.96573502855151,3.62395729889741,3.61768062772349,11.2459970264102,0.996173821667494,0.11409120659535,0.931917796557892
-0.0003749913039094,6.90697747450199e-05,0.225571195620899,4.58858492819701,3263.7266153036,2273.0204561039,3.9654285001258,3.62558393435435,3.62051690978841,11.137891587551,0.996674355105925,0.113065452550248,0.932616208580934
-0.0003700407989441,6.91349861098505e-05,0.225394369786674,4.87833954037056,3261.945299385,2283.08193525882,3.96583585937818,3.62494787224778,3.61851048437583,11.187067930921,0.996154433593743,0.113638191017775,0.93242186874831
-0.0003613409265178,6.91346521399271e-05,0.236928698842644,4.32524731051426,3275.69534331496,2314.22201049741,3.96644465835931,3.63187893661293,3.63676193291865,11.3398844747963,1.00035370808009,0.115327570856855,0.932126300870039
-0.0003862075516067,6.97096977430608e-05,0.23957998722431,4.22859452795365,3302.60557748453,2152.78935650212,3.96139536270728,3.64597909152508,3.68176058802955,10.5485437796175,1.00856618132816,0.107331910313213,0.938125097559968
-0.0003897699441902,7.02300639647328e-05,0.240648982317668,4.36915573977877,3307.38824179047,2126.11893217493,3.95734233393961,3.64944331560816,3.68931762592272,10.4179934042723,1.01002771777541,0.10612323121032,0.944038458305041
-0.0003918206380655,7.04891288603535e-05,0.234433469653394,4.30447978742902,3310.60721088754,2104.29115441354,3.95717823081815,3.64328374482889,3.69430686774927,10.3111289845044,1.01099143975831,0.105107547478254,0.944775474358762
-0.0003952820841415,7.05512935641447e-05,0.24071648043084,4.19460067338184,3312.20158704574,2094.74489680585,3.95616307234401,3.64452619257226,3.69701651781421,10.2643164124024,1.01150904044314,0.104569358641242,0.945592582393079
-0.0003968059351428,7.05823045839714e-05,0.237743515941751,4.4284951664953,3313.65528480394,2084.3858936503,3.95549478506679,3.64571562488522,3.69937233400674,10.2133268823783,1.01193559864284,0.104134589208002,0.946008516256983
-0.0003892143993201,7.07094980645425e-05,0.240478438775496,4.28610561356421,3316.62592022703,2088.3400443588,3.95419504907396,3.64805721181684,3.70430131433396,10.2327862413162,1.0128472770594,0.103903193843741,0.94985592123845
-0.000402191569909,7.07893036310349e-05,0.237985226114602,4.26019627134441,3317.92304712027,2053.8876418969,3.95463257967824,3.64927529444737,3.70662805043354,10.064177220281,1.01324502541486,0.102709515056521,0.947227872118419
-0.0004037206230507,7.09083487591079e-05,0.239352042085332,4.30811885796476,3318.07927342533,2060.45007552591,3.95409445088319,3.64928676807775,3.70676651512243,10.0964443934145,1.01329261678396,0.102819389964619,0.947648347932422
-0.0003940883121348,7.087638672241e-05,0.239395188605864,4.34690375012709,3318.29828113713,2057.87216963113,3.95411652868444,3.64953037911812,3.70723052036514,10.0836888400014,1.01337246194834,0.102474725832575,0.947482443277196
-0.0004036555584711,7.08937051091214e-05,0.240180926470063,4.24547873821832,3318.2516172569,2054.51299832779,3.95392597323716,3.64964358574521,3.70733754520207,10.0675315940941,1.01336422429911,0.102433029384382,0.947614386689709
-0.000402808134248,7.09095359887233e-05,0.240145225432968,4.42603200295714,3318.93919908692,2053.99767808418,3.95381720379145,3.65020678739632,3.70834502731586,10.0648641952595,1.01354715422215,0.1023690752456,0.947585984286106
-0.0004058347472755,7.09370642856251e-05,0.239979276724763,4.23271843217964,3319.92400270834,2048.35687602434,3.95346553036661,3.65095338779213,3.7098784662133,10.0370112501621,1.01384473597186,0.102174438630369,0.947790814222445
-0.0004050184293402,7.09597912937006e-05,0.240059188087882,4.19372150032313,3322.1900723016,2041.90415468923,3.95305086988391,3.65236494182485,3.71319501081336,10.0057454921565,1.01455327686419,0.101989574655523,0.948061754791283
-0.0004047802714379,7.11886200743691e-05,0.235782492440457,4.41603767658483,3323.75290541857,2034.46701826254,3.95358539825708,3.65329213479979,3.7154115075457,9.96915288831852,1.01503421793088,0.101550248372657,0.94870953654867
-0.0004080044718583,7.10000960717836e-05,0.236861911084475,4.29702048656686,3328.69169920764,2016.88972744043,3.9525372994006,3.6568374718185,3.72308683478955,9.88309432135662,1.01654362980193,0.100621505247162,0.949468438698861
-0.0004024729862146,7.1206759300391e-05,0.236865415564704,4.31045289387462,3329.81699083868,2005.93699975713,3.9511425543071,3.6572186756978,3.72444396426963,9.82907492845934,1.01689532578954,0.0999219916929812,0.950436055769122
-0.0003812602994489,7.24038716066694e-05,0.240465184934979,4.23555019197583,3278.96296468558,2156.78874101629,3.95098200667328,3.63929289525694,3.64705749779947,10.5682303329897,1.00136535758245,0.107148321465763,0.948496639517631
-0.0003774377543385,6.97640640868018e-05,0.239234704199981,4.2555352267554,3273.16487327247,2224.19256838917,3.96202824399879,3.6355625680975,3.63832964157085,10.8989177429101,0.999569722505445,0.11077636824748,0.936305343052467
-0.0003793329639451,6.98127390811246e-05,0.23475593593591,4.46641544155654,3271.50853870652,2227.75515113887,3.96205509635451,3.63452385352539,3.63602108719385,10.9166222581955,0.999092856804846,0.111091489884636,0.935270486576824
-0.0003811421075513,6.99248758595285e-05,0.233922674942352,4.44288262213707,3270.82057291822,2233.89377690817,3.96296545137395,3.63438672632784,3.63529883241992,10.9461916867332,0.99888273105445,0.111385975674248,0.935041362476965
-0.0003853926451806,7.00242582714039e-05,0.236958450989924,4.41294892485083,3258.22623116849,2258.62896552938,3.96241332466404,3.62538408159136,3.61610404959734,11.0673241171385,0.995039748210897,0.112164435917972,0.934672354449101
-0.0003858562988515,6.85867047680017e-05,0.23680776870373,4.47089140722565,3299.27819256985,2154.72710091528,3.96466198115769,3.64719070494175,3.68022343175406,10.5584714154666,1.00754640532736,0.107866847520264,0.933289947968207
-0.0003936123530741,7.08610345605811e-05,0.242121953196014,4.18273063656039,3304.98298766604,2101.71352693881,3.9560237320102,3.65138652282102,3.68926014689227,10.2988341292866,1.00929111976282,0.104955969247627,0.943234701290877
-0.0003978921246188,7.10050366160346e-05,0.240509415753163,4.22324416300337,3273.07463333476,2070.44879608555,3.9553986007187,3.63762686274073,3.64044533084863,10.1450067943282,0.999584637883611,0.103484452912013,0.944346445822021
-0.0003716613893681,7.02142319502869e-05,0.242178950580815,4.22781414618542,3256.36651941191,2304.14381771779,3.96440796554089,3.63365693092346,3.61469203114101,11.2905376327868,0.994549223555928,0.114101512067066,0.933339186146643
-0.0003639960011666,6.51486291880693e-05,0.230137782741882,4.38839935471878,3276.52224115928,2335.14316267182,3.97311531561207,3.62981026022284,3.63551189915411,11.4423314332056,1.00063591480536,0.115247010674084,0.930317886506341
-0.000382955673359,6.83749270161919e-05,0.234094359299957,4.36842616196943,3313.34120761902,2197.83502984797,3.96558114425423,3.64024139505572,3.69363049506477,10.7694776527955,1.01186653188656,0.109911438409589,0.93901440931687
-0.0003894604621483,7.03898960062097e-05,0.234475810543927,4.33964265823117,3319.48212431685,2128.88459420785,3.95703274586479,3.64539892272612,3.70392884007565,10.4316325969903,1.0137300798951,0.106308621346972,0.947549927591522
-0.0003967229942315,7.07495693985594e-05,0.238826872149081,4.23160335619948,3289.495705026,2113.22937466638,3.9560409290622,3.63500227459839,3.66007957464486,10.3547099177343,1.004589616727,0.105191178648316,0.948981005402177
-0.0003720918936181,6.96517872112238e-05,0.239632682494662,4.29815768782826,3271.92963307294,2289.01969045425,3.96320961176423,3.62987737612681,3.63169120478467,11.2163006000406,0.999216957866283,0.113679118501376,0.938112914802288
-0.0003750201904251,6.94255519374177e-05,0.23250058929229,4.35535462085292,3277.7890557233,2261.69173684774,3.96503536194717,3.63397970500293,3.64074180670609,11.0821943300362,1.00101736116142,0.112703685269069,0.935814262407345
-0.0003843645811754,6.99812794187389e-05,0.236623123345332,4.27577816957411,3280.60224267575,2258.08283489826,3.96214906539324,3.63754369976284,3.64670020848387,11.0646369875665,1.00186580426088,0.111811678893079,0.937497453842374
-0.0003750666610269,6.97778556765584e-05,0.23448369133769,4.31889408686479,3273.63329427841,2254.39566764153,3.96236302444972,3.63220571397661,3.63535117590555,11.0467685369525,0.999713511617963,0.112318241938275,0.937810196369826
-0.0003752045369151,6.96314897814842e-05,0.234032279916381,4.44364373571412,3295.7302507112,2273.31707941632,3.96383469957144,3.64001932314464,3.67008791601995,11.1393800491115,1.00647156686582,0.112692113133951,0.936065573341385
-0.0003937728643344,7.03880354552393e-05,0.239417170257636,4.38283123317039,3310.60789640872,2121.13513495532,3.95763232391708,3.65085154984678,3.69351155625488,10.3938939036608,1.01101118401762,0.106011073295854,0.943318911849129
-0.0004035265473484,7.08028362433394e-05,0.240407677312174,4.23196749501069,3316.73433648066,2093.16768659154,3.95530572518479,3.6465926465735,3.70285431755471,10.256650246184,1.01286764974767,0.104482332862432,0.94647862231848
-0.0003758539757142,7.25364832383831e-05,0.26274088701231,3.91740033895356,3271.1646660626,2240.38028629348,3.95549431458498,3.63121223664498,3.63230067900683,10.9780008048794,0.998953279226066,0.111564397531302,0.94587944386476
-0.0003773995271337,6.96174308321302e-05,0.234672376132357,4.42636162884436,3272.60206381854,2248.06713644401,3.96449921538793,3.63268131823153,3.63500144857652,11.015475222279,0.99940129029312,0.112012679458832,0.935117088845089
-0.0003676101235706,7.0148128757062e-05,0.237152190187209,4.47646029621764,3269.89928639022,2279.27004086893,3.96308534907311,3.63199564358136,3.63207270540102,11.1687490191932,0.998577835777412,0.113459834253031,0.940268545157623
-0.00038066212745,6.99632394293397e-05,0.235354550151033,4.298004202724,3267.25822879415,2240.00528938847,3.96364255519729,3.63037777376604,3.62834701469706,10.9757124978462,0.997787400407648,0.111534752383175,0.93475081509923
-0.0003963674231988,6.91201182113241e-05,0.239322640075071,4.34430686196529,3305.90422871051,2145.44677082871,3.96437080619261,3.64995080019746,3.68856120697997,10.5124666465118,1.00956609706117,0.107396122141827,0.935561601455974
-0.0004005637049012,7.10168361173893e-05,0.242679001885969,4.19883952339551,3315.51599389006,2076.60559699286,3.95489635927423,3.64755419925251,3.70283514688227,10.1753908392798,1.01250157122592,0.103549165214475,0.945257961156627
-0.0003955351255129,7.15330141833497e-05,0.245828616121833,4.1698999920762,3288.74672210443,2072.21576230513,3.95403228986143,3.63747755970274,3.66191643961915,10.1538417875391,1.0043396567777,0.103321664539345,0.947186272366186
-0.0003783347889107,7.02882412279362e-05,0.237364277601226,4.37240768356148,3269.18071509578,2238.78641407823,3.96061195487185,3.63145732235264,3.63096620188657,10.9698589936663,0.99836395994987,0.111392867270053,0.937658533420462
-0.0003832881509277,6.97777193672593e-05,0.231427298395006,4.57630518270385,3282.68525774684,2208.64701906644,3.96249139000097,3.64139218588133,3.65223462739237,10.8220817721855,1.00247509249857,0.11025185523536,0.934970822950748
-0.0003796877722411,7.05877687745595e-05,0.240305553718182,4.26548539412984,3306.18714779007,2209.9610246766,3.96064298546191,3.65012865194253,3.68902338223656,10.8289075315387,1.00966184862937,0.110834500765913,0.939175967441059
-0.000398162664123,7.13098319385357e-05,0.236408453393276,4.28710444745095,3317.67491575121,2051.16960619664,3.95448292144621,3.64976683127142,3.70696178376922,10.0508626184807,1.01317214280851,0.102225897958128,0.945540800475073
-0.0003967221647049,7.17367836304372e-05,0.240234337797713,4.2326746870599,3318.92569068784,2055.60785559489,3.95212798501978,3.65038305257274,3.70846856524189,10.0724749492394,1.01352949865761,0.102228707498662,0.951030318651666
-0.0004043958247397,7.15602643628237e-05,0.238197958565546,4.35560566965577,3320.33229829685,2031.43647407804,3.95189934186261,3.65147930752915,3.71067824651628,9.95404309097736,1.01394819028048,0.10159817451873,0.948121828384541
-0.0004056984107965,7.1783776041067e-05,0.239930156701655,4.28110355783119,3322.25489748025,2033.96800921921,3.95265611931307,3.65260857185431,3.71345329824894,9.96634767322035,1.01455653616269,0.101371378955702,0.948573749989253
-0.0004006350441581,7.1815676704916e-05,0.243219333386894,4.2554479106584,3323.64572980173,2028.59337079973,3.95219553056075,3.65359734644932,3.71551646789743,9.94015154814371,1.01496623088523,0.101027113450961,0.94896969225513
-0.0004039463574092,7.1801683758475e-05,0.238209594443293,4.25380963477746,3325.11506258237,2025.51547088305,3.95174147855097,3.65449874169004,3.71777763949433,9.92494549741287,1.01545187011867,0.100929130913306,0.949401119848667
-0.0004139509276108,7.1730697275634e-05,0.24336998522179,4.17773370039208,3329.28839671641,2004.70401544357,3.9509505075426,3.65752390422652,3.72426460143065,9.82320284096478,1.01671890645504,0.0999241095374903,0.950003391228616
-0.0004036870531016,7.19339054007774e-05,0.235529899523372,4.45464416991782,3328.31962610589,2003.23552358191,3.94991299614834,3.65665261302374,3.72258282054793,9.815714302022,1.01642398500469,0.0998245180285182,0.950706818675591
-0.0004116754982707,7.18650034847455e-05,0.239658238499527,4.34091326291167,3328.47601837019,1996.42320912704,3.94999194025394,3.65689478722294,3.72293816434508,9.78256431126661,1.01646779078948,0.0997393520396661,0.950540098300178
-0.0004047185551728,7.21391241152446e-05,0.240030396666036,4.35502392670601,3328.72638584574,2018.28249611531,3.94973991751671,3.65694782164244,3.72317216762181,9.88991660917861,1.01653484056083,0.100404920903263,0.953677350804163
-0.0004067681686977,7.20427430967434e-05,0.241929234763798,4.1650468405274,3329.57025986025,2001.34524954704,3.95086536645889,3.65750240013663,3.72441725117243,9.80680856611044,1.01678705733383,0.0996152524958526,0.950870641406649
-0.0004158915726928,7.20806187176282e-05,0.233127483941892,4.33131638488774,3330.24237292283,2001.68921153422,3.95065728783607,3.65788933450142,3.72540549495379,9.80823905401474,1.01700123667619,0.0996541587235738,0.951049438798721
-0.0004093140755167,7.21459754076964e-05,0.239561708327097,4.43646883021447,3330.99267032056,1996.03313657088,3.95041276335716,3.65825905420084,3.7264825655903,9.78080387433524,1.01724991767369,0.0995346303011367,0.951051846430978
-0.0004095525108626,7.22090209271719e-05,0.242149852249905,4.30936073987619,3331.08663698076,1994.14230365102,3.94989945292473,3.65850983889757,3.72676295753848,9.77132026974028,1.01726358478432,0.0993528073180287,0.951285392556681
-0.0004084550601369,7.21188610486047e-05,0.240164946099554,4.33363485194922,3330.57111583062,1989.28327137395,3.94996421456337,3.65836079563715,3.72654920050539,9.74720438958763,1.01720684898552,0.0990492018037498,0.951214393710791
-0.0004065783947885,7.21323495763598e-05,0.241252417506684,4.19956650900253,3330.79000703682,1987.40847789601,3.94989619731903,3.65855568700132,3.72694515942156,9.73809252106617,1.0172746311277,0.0991865586718317,0.951125861393915
-0.000405808798012,7.21745375659136e-05,0.244712937754254,4.2888806182954,3330.6965269511,1991.0336111763,3.94973019957542,3.6585298892671,3.72680775822888,9.75573817316056,1.01723869648663,0.0990747392294275,0.951170705290192
-0.0003891271388417,7.31828657359567e-05,0.243767841677143,4.19487135483253,3285.88700635888,2120.43136738823,3.94912601841821,3.6432332756283,3.65724803733177,10.3899201127564,1.00357085860442,0.105230862705882,0.949105923278662
-0.0003906628132243,7.05824914765274e-05,0.23414388030629,4.37454634786755,3288.79275301966,2188.83624187385,3.95919893697365,3.63742405176163,3.66232649279402,10.7249979984824,1.00446360095103,0.109499364495501,0.938902613891635
-0.000388122606895,7.0922766012855e-05,0.238204039520439,4.47365661365008,3284.19901072216,2187.53857836104,3.95720064025564,3.64324204126994,3.65585793364225,10.718738422085,1.00306796896889,0.109383081284275,0.939840673484608
-0.0003800955842423,7.09625408327054e-05,0.238152105127028,4.37386610148085,3271.44736666675,2201.03753673792,3.95930162410146,3.63494839109816,3.63637876072644,10.7853825094639,0.999061052928707,0.110042360104661,0.937986471071767
-0.0003841040126209,7.06368326117956e-05,0.237713090375968,4.33203340881169,3262.57186772593,2225.94319987972,3.96118082654291,3.62893202927735,3.62304771206833,10.9068670899078,0.996333749567974,0.110613211360635,0.934721248744901
-0.0003930729327873,6.92335880191929e-05,0.239383296148313,4.24713404256501,3301.78182431497,2118.52654025669,3.96273310405692,3.64988284664495,3.68513510150695,10.3808407423091,1.00833205505792,0.105999944868739,0.934282247864469
-0.0003988645180635,7.1793701698472e-05,0.245987724896838,4.11705357450814,3308.76881269284,2065.24783589388,3.95431521459279,3.65466278791428,3.69585093592967,10.1199701274265,1.01045749134189,0.103185139696671,0.94369965031123
-0.0003976946068525,7.20911242439006e-05,0.244940143397325,4.23028992418433,3284.60694093374,2043.7335751541,3.95334938439456,3.64539532188897,3.65797251729369,10.0145811640868,1.003089032584,0.102060819925793,0.9453539080821
-0.0003770010448764,7.10410799851825e-05,0.242571661904368,4.2103598849975,3262.75936096301,2228.50565105712,3.95975362822182,3.6296541776743,3.62395861660392,10.9197700846673,0.996400163878962,0.110975058364878,0.936277229372031
-0.0003861655177902,6.67082062951808e-05,0.22851299449414,4.60072959189769,3276.99505443896,2241.08435270155,3.96756653984388,3.63704040029027,3.64335302958121,10.9813078119846,1.00082624865665,0.111483086597653,0.933133646060867
-0.000383789194537,7.05449822330104e-05,0.243063618714145,4.18769524692989,3276.65014232527,2209.2562592236,3.96150358067345,3.63786029815674,3.64393307121402,10.8251786252613,1.0007311269738,0.110215523916843,0.93720367490654
-0.0003751363527825,7.11907979958102e-05,0.243433384900377,4.30200671764889,3256.00826374566,2262.80162256324,3.96129997653665,3.63145463683388,3.61210681433823,11.087617240884,0.994424040927342,0.112915598627745,0.935912876386946
-0.0003913510920951,6.90979110113209e-05,0.240459284081578,4.26497290715131,3295.51413047183,2150.13435687466,3.96373148903328,3.64519254224641,3.67543710927286,10.5353777278143,1.00647920489573,0.107554221005418,0.932805984374451
-0.0003972782576892,7.17260501758e-05,0.244917894201499,4.31597293663509,3301.20384262872,2091.26179607559,3.95509259919731,3.6496399470738,3.68463498539012,10.2470461755406,1.00821609644312,0.104696359018686,0.942271268495322
-0.000398149038808,7.19535993580752e-05,0.245056430871611,4.34904830537959,3276.85480677923,2055.94953159578,3.95440809859842,3.64005148947776,3.64624826060525,10.0736616911821,1.0007840856413,0.10345756107155,0.943371759255316
-0.0003732538129079,7.11185649507873e-05,0.243747986890822,4.21834682892509,3253.9767425412,2272.25416040693,3.96113808701436,3.63187417767265,3.61080837612304,11.133451507923,0.993804315448208,0.112943953104581,0.934526116933662
-0.0003767141791634,7.0331387499302e-05,0.239477261546168,4.23858169761345,3260.58678794144,2263.66057039919,3.96339080720672,3.62901226464692,3.62192572233437,11.091686302611,0.995837587515502,0.112794127125325,0.930793649238913
-0.0003831485785799,7.10041432004919e-05,0.249262111315528,4.20813114087207,3249.83597319887,2266.00419546792,3.96235596512755,3.63017683245919,3.60562927585152,11.1027253277628,0.992549433154396,0.112312430344158,0.932558033203506
-0.0003809989137915,7.07901893165008e-05,0.246329222759766,4.1570940287114,3253.52397189097,2278.50448412652,3.96500505202728,3.63386450030587,3.6124097924688,11.1645030824959,0.993664411495296,0.113891891972007,0.929893632786956
-0.0003653259751495,7.11036874879325e-05,0.242134463254922,4.35979555358448,3267.29250062697,2338.42520430766,3.96528993102268,3.63677780263059,3.63505814974715,11.4578561606566,0.997860777830415,0.115982665506793,0.930757959558548
-0.0003946817096272,7.13289319279038e-05,0.245231861106261,4.34923694449541,3281.96706037573,2143.18127101267,3.95883000880173,3.64763028557236,3.65831529084275,10.501357463856,1.0023606534061,0.107054037018692,0.935752256052982
-0.0003960685846666,7.17516837249025e-05,0.244305339578515,4.13410070309938,3287.32772492914,2112.05752025751,3.95647173661452,3.64294715864318,3.66661796307735,10.3488328560542,1.00398313522318,0.105519647179327,0.938594867675074
-0.0003762593079873,7.33721677259937e-05,0.264377126510719,3.84376197493463,3245.83666012317,2267.22384616869,3.95748486914165,3.62959827726538,3.6016932061666,11.1092755406196,0.9913261293874,0.112715348211209,0.938004106144245
-0.0003714686274454,7.0498009814904e-05,0.246689661878764,4.1597856626847,3244.35224110994,2294.06671457292,3.96468029273184,3.62888873056932,3.59967600909177,11.2411624885031,0.990851207995494,0.114339204057642,0.928444481297021
-0.0003848481441495,7.07051380140844e-05,0.245968431256359,4.1287824600451,3251.5400610443,2260.52044008585,3.96439717327737,3.63489498875358,3.61180527271081,11.0761664166875,0.993072770252893,0.112186889662096,0.928501757613997
-0.0003819019668541,7.09261096461467e-05,0.241892101978922,4.39186810114239,3242.66495039774,2248.55224638811,3.96230051405143,3.6294908025048,3.59859343485989,11.0178358754844,0.990259570489655,0.112067776518395,0.930287004310776
-0.0003768788408062,7.06308866183574e-05,0.245622558891861,4.28736662822334,3243.44620750568,2261.19225838265,3.96363922688349,3.63042119416324,3.60019674922326,11.0799654439705,0.990503831716923,0.112464527506322,0.928048112824679
-0.0003930162281469,7.00105856201388e-05,0.236405741250257,4.30353021636556,3278.3581481656,2139.91571821045,3.96253082665755,3.64803440291602,3.65528524951184,10.4856605144611,1.0011593507849,0.106763801699482,0.929714747353232
-0.0004041245270222,7.19230243056063e-05,0.245921413098427,4.20645839345718,3285.3754836696,2095.5896165864,3.95536310000297,3.64455204137734,3.66626444568018,10.2684843436145,1.00329669615705,0.104246647410309,0.938351096543721
-0.0004018793889583,7.23744785991815e-05,0.244988193351744,4.33190503530863,3249.96280228382,2096.57168007296,3.95572382576612,3.63470950993625,3.60989989556435,10.2732494926639,0.992489664371318,0.102807161352195,0.937919402034959
-0.000375770305688,7.13536185115618e-05,0.249698697018692,4.11331248392107,3239.35178536808,2297.11336051993,3.96422847777761,3.62697495330464,3.59345663862662,11.2557511893888,0.989272830767376,0.114107836866192,0.929287379887127
-0.0003809242862026,7.05939772634495e-05,0.248214148311553,4.10392353044402,3237.44623637968,2268.33276763232,3.96402489260623,3.62624918764288,3.59123495263185,11.115151262294,0.988707109243556,0.112933655640462,0.927509749829903
-0.0003756134757015,7.08904142199029e-05,0.245662807520804,4.32827449591006,3239.8529794105,2298.34759997646,3.96521210921438,3.62869587378068,3.59558428976267,11.2619499957709,0.989425909707591,0.114304225171008,0.926486931811495
-0.000364431688011,7.08934062159439e-05,0.249297368455096,4.0896197434646,3247.66862065717,2295.3285887763,3.96282276558002,3.62660102627494,3.60009402706804,11.2469496133857,0.991838562404829,0.114861562642834,0.932042635707965
-0.0003806617914252,7.20375545385785e-05,0.245918825770181,4.30127787272841,3282.361927542,2194.22558996233,3.95700197613116,3.6468979539098,3.65756619149708,10.7516837652635,1.00238839127442,0.109871800658171,0.940405805809473
-0.0003867574057406,7.2039717281139e-05,0.242828725158673,4.23192486055761,3283.84701751628,2161.61709424491,3.95657461451501,3.6478082918906,3.65975948631103,10.592004205577,1.00284571334026,0.108375998801208,0.938497002113215
-0.0003677018299064,7.36414659988191e-05,0.264308073381638,3.89473042209635,3240.77900669783,2333.14136312092,3.95979707191388,3.62312092130834,3.59076371352915,11.4321384858721,0.989700101925757,0.116498930298059,0.936440774017593
-0.0003608577856558,7.08600851740906e-05,0.25053550406956,4.46600906577787,3240.73244040441,2383.99903094625,3.96782724441044,3.62397328940305,3.59157794936436,11.6812040612797,0.989685503544265,0.119003291154737,0.926679222525278
-0.0003607056850175,7.10731682947349e-05,0.246715374998761,4.2675962085694,3231.02893537533,2366.70278940941,3.96634671549318,3.61758131330663,3.5772633640478,11.596727594367,0.986706760463098,0.118399556089751,0.927048681626051
-0.0003575898425283,7.0689338294608e-05,0.252802189140775,4.07169953578238,2701.35192677163,2388.3115769461,3.9672926778489,3.6901422228132,3.04133929245554,11.7023288159489,0.824972929432804,0.119356608038595,0.924557140694089
-0.0003555694659304,7.12319837282406e-05,0.242466949635981,4.19767287636363,3234.1978419349,2375.0555392401,3.96626298553065,3.62228622436523,3.58494689228236,11.6370270254009,0.987791721471998,0.118142317118058,0.928485069842375
-0.000358388487074,7.08944610691545e-05,0.248861465825801,4.11232534825008,3233.02629974628,2359.91525441176,3.96621733746201,3.6213028344241,3.58300440064074,11.5626191708747,0.987432438442667,0.117649217010596,0.927067090585057
-0.0003872715783357,7.02352213549942e-05,0.251253267136253,4.1760937997308,3266.93515570884,2234.66881155882,3.96712802467546,3.64073279312065,3.63883249862864,10.9490037025461,0.997775683798934,0.111709368410348,0.928412889587109
-0.0003869676300595,7.22030035886712e-05,0.244913136575894,4.19093309676475,3275.03125599687,2170.71868372829,3.95835004147795,3.64654344910974,3.65132671916628,10.6361446377358,1.00023642453063,0.108446619892954,0.936135355002327
-0.0003905702012936,7.23061001836065e-05,0.249637463439688,4.09690344574811,3256.59482116351,2153.11281171304,3.95608880347812,3.64148274985227,3.62273152130724,10.5496142383123,0.99463403902704,0.1076372713247,0.937925189940728
-0.0003608727536165,7.16086465264889e-05,0.249012301026962,4.08699780364394,3225.7754419376,2362.54010956343,3.96385358132814,3.62445455297418,3.57177790737058,11.5759125502953,0.985213434436356,0.117443997492636,0.930023671300384
-0.0003599556021264,7.05616987151482e-05,0.245900473890908,4.353651856096,3234.58855305221,2370.58689653252,3.96728922965679,3.6241381558505,3.58705253468508,11.6154695780341,0.987900682453585,0.118445829129209,0.924413394025788
-0.000358215919139,7.17532126063823e-05,0.256625996972405,4.17492900575498,3224.69761986338,2373.43049303495,3.96599884891005,3.62577528034875,3.5721252900619,11.6292848506176,0.984871491112084,0.118748077438989,0.926609714252559
-0.0003647486028461,7.10914378564495e-05,0.251446063176923,4.04437755839326,3225.22900846726,2349.39971706214,3.96722321030955,3.62721486047867,3.57403853473586,11.5111605214205,0.985045039008009,0.116836842467253,0.924030278239858
-0.0003537817841264,7.15240808295652e-05,0.252054740311893,4.09354185844021,3235.41777200099,2420.92885348406,3.9678094894328,3.62692490491,3.59052979598661,11.8620169702334,0.988156953723938,0.120530755271447,0.923576150692315
-0.0003771075101294,7.16995595728308e-05,0.251261164428062,4.01863319300139,3250.74889618973,2256.59151807387,3.96292110762671,3.63969265547666,3.61592568984776,11.0565766492626,0.992831973578383,0.112715937465777,0.928849232308698
-0.0003795132973581,7.2051526681972e-05,0.25477587229864,4.0027245752966,3254.79670588198,2224.4539931583,3.9607155409952,3.64289599331942,3.62253671433367,10.8995934316007,0.994057001205252,0.111253912976624,0.931270653457112
-0.0003595934602235,7.38591709171466e-05,0.252499425677801,4.03143451358491,3215.93191109496,2376.19852736822,3.96035921699122,3.62195275245456,3.56088803233042,11.6423808770216,0.982174160391234,0.118190538823131,0.930164476416969
-0.0003542120363424,7.10537110439131e-05,0.260085179837295,3.91361863332777,3211.27522300542,2416.74128277437,3.96921949590591,3.61951483499019,3.5546716711807,11.8414603377637,0.980764354902735,0.120714812687927,0.921422790119328
-0.0003592344215944,7.09167720696328e-05,0.252650099443472,4.06841849340193,3211.13490848846,2390.58576525687,3.96819160073836,3.62050574416414,3.5555242013142,11.7128150657256,0.980719281058077,0.119107998293622,0.92043722641829
-0.0003625171281847,7.10145029242111e-05,0.252628221462215,4.15167307280117,3206.65100580332,2384.58615049082,3.96816736109116,3.61849717481421,3.54984480176085,11.6837636810976,0.979340754771165,0.118681048346696,0.920529578833462
-0.0003570023578645,7.12873237545545e-05,0.252263772663172,4.13539876812316,3199.90075105149,2430.81956264458,3.96814339904375,3.62220837231036,3.53964871654763,11.9099942972741,0.977267029628921,0.120623858525944,0.918745848255112
-0.000378487674053,6.97184306586937e-05,0.240492711262034,4.47125669671472,3232.51393918111,2284.94993699444,3.96916007488332,3.63143400929191,3.59260062161247,11.195253809885,0.987253512466511,0.114024611211883,0.918950301342468
-0.0003818706284763,7.19739948962782e-05,0.255564728553625,4.08066030351888,3238.65554329334,2239.42024462699,3.96302964300385,3.63630235411904,3.60231490181651,10.9729392580044,0.98910041457071,0.111856475414487,0.926442065312461
-0.0003849624873189,7.21409223562782e-05,0.253067253856501,4.08091507849864,3240.95328955402,2223.26469820936,3.9609626687634,3.63825733661652,3.60614486087127,10.8934033467924,0.989799998204524,0.110838595210776,0.927974581018547
-0.0003874803909086,7.21008894467011e-05,0.255493986665974,4.05430845331627,3242.54739776213,2206.59320894847,3.96000037018541,3.63958078514446,3.6088623274488,10.8120918943653,0.990307475964823,0.11013160946935,0.928410175107094
-0.0003915213269067,7.23407055723571e-05,0.256419655693784,4.03422487620169,3245.01663485071,2190.10953310638,3.9603672126929,3.64175068031658,3.61305477015824,10.7311039710921,0.99105360337507,0.109384988678006,0.928846081711377
-0.0003935430677151,7.23414786791173e-05,0.252763429689768,4.20754989288426,3248.20467056672,2176.95589041646,3.95919403682152,3.64415613737973,3.61817426069034,10.6662988237895,0.99203986245663,0.108563509130515,0.929688843247665
-0.0003896769238879,7.26131167036332e-05,0.25349625236792,4.00105862377466,3251.43971704785,2163.23590016429,3.95928794608833,3.64649535525929,3.62319123341326,10.5993988299916,0.99301091109541,0.107974916982045,0.930339256174521
-0.0003985032863532,7.2760757008323e-05,0.256779454572109,4.04050616621985,3251.23672255816,2155.37670983374,3.95810324293344,3.64667200391943,3.62327174419857,10.5611334576375,0.992969136639128,0.107319936330847,0.931293249849987
-0.0003952717455846,7.27233818833234e-05,0.252226615340172,3.98796782973467,3252.5652801324,2151.25199919567,3.95791360874868,3.64770986383611,3.62536966746903,10.5409207008918,0.993356136039499,0.107223080955338,0.931027916425552
-0.0003949832577688,7.27495150832497e-05,0.253666577413333,4.11626048491722,3252.00108966621,2140.03375183645,3.95714086695656,3.6475008205934,3.62460277505142,10.4859927479128,0.993165804428795,0.106822234967861,0.931374704103451
-0.0003948677918313,7.27512826393755e-05,0.253202708310484,4.0084960522401,3250.42488889891,2144.84602719737,3.95750248988058,3.64669114459645,3.62249382371516,10.5097290393673,0.992694772224524,0.10693104871923,0.931167742365116
-0.0003959547841737,7.2687387913754e-05,0.250907084972729,4.03378407718369,3252.87820670672,2148.25236695423,3.95783727156684,3.64846799590371,3.62637348488103,10.5259240347057,0.993446402518302,0.107001161074254,0.930819234511352
-0.0003971663804752,7.26687548752137e-05,0.251626398930908,4.075478681628,3252.972439965,2117.36256899312,3.95564821470587,3.64880364374681,3.62677820665023,10.3750121391075,0.993475025028337,0.105550049950895,0.931512937891867
-0.0003950029168552,7.27371636702638e-05,0.257571266716695,3.94372891992547,3253.50216086244,2126.42479346489,3.95654767164912,3.64924234043468,3.62764390828394,10.4191291243995,0.993628566446711,0.1060637580921,0.931422896374199
-0.0003985452176425,7.27460717066907e-05,0.255843854309536,4.05309294478284,3255.78603182157,2116.62885869626,3.9560593434566,3.64241923727431,3.63139719598412,10.371130924147,0.994348741456033,0.105591160911568,0.931657863779015
-0.0003943284734814,7.30112346671887e-05,0.257578756935067,3.970199099339,3257.05237546453,2112.92630340427,3.95645274452327,3.64361259314391,3.63367064058153,10.3531620238662,0.994739136692009,0.105324464789697,0.932145468691985
-0.0003992233838225,7.2980880760525e-05,0.254111441553545,4.00699093725824,3257.4744892671,2096.08243069082,3.95549532801835,3.64413485655913,3.63444733189148,10.2706125914523,0.994838813324915,0.104470030505718,0.932578023161357
-0.0004059443431795,7.30578103287228e-05,0.253989240203514,4.05644634199736,3215.46683552855,2069.14363214589,3.95589681998971,3.63051297686516,3.56901245750173,10.1385513648845,0.982048676444583,0.103512732017336,0.930834738527189
-0.000366507881824,7.20527771917119e-05,0.259266917769556,3.93404941757765,3192.69975332951,2358.30683442426,3.96634864173037,3.62298805183834,3.5344273726398,11.5553066512111,0.975089531969911,0.117466446086887,0.919736723968409
-0.0003687683656021,7.08922984056692e-05,0.256648557665056,4.013837926809,3206.35414566647,2331.35445271101,3.96908179706431,3.62572924587705,3.55673464276494,11.4231029749947,0.979247083381581,0.116548934384058,0.91560424471993
-0.0003758445118794,7.14469057723112e-05,0.24815530582171,4.13290317559597,3194.29375744803,2314.21409289038,3.96699638062335,3.62489525918607,3.53764593810857,11.3395018806256,0.975583059102084,0.115112902896567,0.918802322294836
-0.0003440439334795,7.16216174646958e-05,0.264702522687071,3.808235425033,3184.96528478904,2356.0550970168,3.96724752713275,3.61994130302359,3.52496579415248,11.5440619218698,0.972727883624986,0.117386185945093,0.915774881020809
-0.0003577110807562,7.1337292180651e-05,0.258928990137755,3.95355053427715,3216.42165535328,2401.41806161241,3.97049839906795,3.6353382976777,3.57460312044897,11.7663123859819,0.982340950576497,0.119550921260956,0.913732612341663
-0.0003919584956423,7.22374759600381e-05,0.255382446797225,4.04607673400766,3229.36105053243,2195.45351059258,3.96148507344095,3.63631855357777,3.59499527730027,10.7576058105487,0.986299490622606,0.109358697866438,0.922718161147233
-0.0003936180735957,7.27365960202943e-05,0.26220490525409,3.93297821110275,3232.2701371063,2179.01684828271,3.95952050598504,3.6386606910012,3.59955183189675,10.6767015690298,0.987164017330409,0.108435832900717,0.925342958225665
-0.0003647040504833,7.42467956128567e-05,0.279384503319877,3.64766054427536,3180.35616799182,2362.63494937832,3.96162757848171,3.6171599207101,3.51839724927221,11.5761199561661,0.971312622410251,0.117446689023864,0.923631408870741
-0.0003611512093631,7.13722853048866e-05,0.257373676165814,3.97522147859993,3183.65285882977,2406.57109845092,3.97025668556626,3.62125326085974,3.52515774577862,11.7920842521219,0.972327360381931,0.119630501850246,0.911741547938957
-0.0003407166892163,7.15259312805471e-05,0.25635483663706,4.00782878538724,3179.79385141074,2359.33824992902,3.96966086664507,3.62060852403994,3.52138569490087,11.5599989461893,0.971151695431501,0.117382259737826,0.913258605981484
-0.0003668954379819,7.11611596493209e-05,0.257261300951188,4.03804373686609,3179.27833294019,2371.3382014205,3.96902335785531,3.620960869171,3.52130006086349,11.6189194087485,0.970992151750322,0.117436275248935,0.911695772420381
-0.0003601238505276,7.17220554253728e-05,0.264925009438157,4.03575012387699,3165.60582807113,2401.00887792581,3.96956432445629,3.61849306231347,3.49933773893842,11.7645640447984,0.966823269174958,0.119174464439993,0.910906966341336
-0.000376079019967,7.24666510521701e-05,0.26208330531651,3.93103836758264,3207.626213526,2272.52976582141,3.96283984815002,3.63382000223212,3.56614952994557,11.1346533735485,0.979744466227222,0.112870797688425,0.92213059785289
-0.0003311896058824,6.57733693615085e-05,0.254816607245419,4.01306877373906,3219.91757809348,2560.16229049516,3.98008303771148,3.62167790395404,3.56408532854889,12.5443141722437,0.9834272908859,0.124885371088766,0.917736996656503
-0.0003429140575605,7.05888675378502e-05,0.252469014198885,4.07738179357904,3212.29234497131,2484.8352536919,3.96836046611561,3.61783754716226,3.55381731882665,12.1754881187145,0.981065240044342,0.122218135828347,0.924414193265298
-0.0003482654041781,7.06733421770845e-05,0.25264664752065,4.02980111742774,3233.87224681668,2507.58474164572,3.97089511697943,3.6263124964454,3.58861164120744,12.2868248043219,0.987668375956286,0.122499433497616,0.921529773233902
-0.0003678216694997,7.13833629784821e-05,0.250413442191762,4.14060218289719,3243.93654602701,2327.45013453877,3.96399079247525,3.63428405198184,3.60482794802224,11.4040228349065,0.990758052849626,0.115386937720427,0.928118323378022
-0.000368621016621,7.17373429094905e-05,0.255466250067786,4.00616689699492,3246.12492183789,2299.93545773814,3.96296265861751,3.63628910238093,3.60855875432013,11.2694481669677,0.991401647469021,0.11430008686739,0.929501111340552
-0.0003508849137222,7.35271215049011e-05,0.287635741515041,3.48603385874547,3200.87032727875,2459.53916984754,3.96280332068179,3.61998027342337,3.53842283224152,12.0508856116346,0.977618775640487,0.121607342975721,0.927894840360056
-0.0003452346375043,7.07351779354528e-05,0.254136998360474,3.98455275795455,3199.99527495413,2508.4908268338,3.9719495683103,3.62077046323706,3.53838473020013,12.2908378187231,0.97732145097359,0.124279206573252,0.917404220358053
-0.0003481794465961,7.11501444620107e-05,0.253909590216342,4.008923402906,3196.15212894176,2464.28881450847,3.97073695480183,3.61987531405908,3.53435195984747,12.0744371095719,0.976162715941999,0.122555626873689,0.91751479952608
-0.0003225214809416,7.106138668149e-05,0.261352628831752,3.85606695164479,3191.93334280359,2481.21034214195,3.97096833022865,3.61821699142456,3.52916601033534,12.1573491381273,0.974877159665028,0.122876152720002,0.916341627417192
-0.0003204836452699,7.14505003319896e-05,0.252452133947475,4.1352418304291,3179.91773407956,2531.89384802352,3.97113358456155,3.61014878529089,3.51119546565333,12.405707642648,0.971183926650551,0.125555959916491,0.914905108515589
-0.0003604702364811,6.97389912283882e-05,0.241203852655646,4.18359201692022,3215.95153489352,2360.99549159521,3.97160060046821,3.63012374212982,3.56906539361538,11.5681754283896,0.982203183098872,0.117886807785144,0.913354571551809
-0.0003693988610191,7.20634857567542e-05,0.260187724196068,4.00885017963104,3219.46777732656,2318.77801649226,3.9657401029395,3.63335349362925,3.57506783647468,11.3612382488491,0.983240307665873,0.115547579182069,0.921805756948912
-0.0003760384676829,7.21539859135438e-05,0.260316115063572,3.95745491511708,3221.24955174665,2297.8412223742,3.96416189178588,3.63519420755019,3.57839093927881,11.2589024015693,0.983784510112077,0.114555585437302,0.922764593748494
-0.0003755921246076,7.21228242843202e-05,0.256731201653758,4.03517237493462,3221.85948905809,2281.87287729492,3.96317314218592,3.63591472818217,3.57965744988075,11.180792098044,0.983982013224905,0.113783035346343,0.923038119572259
-0.0003759987410339,7.23373464388389e-05,0.260112743204729,3.8769245527181,3225.15643769858,2267.12363257387,3.96368398289931,3.63868098958917,3.58518307074405,11.1086887417781,0.984983789426789,0.113095149463581,0.923183476923837
-0.0003785830870149,7.24651216762086e-05,0.258722750799191,4.09021517446,3228.17270463888,2243.71806972957,3.96204333305359,3.63281340815804,3.59047726222732,10.993731743992,0.985920743028424,0.11212435703132,0.924061164633089
-0.000383248684167,7.25246171408978e-05,0.262853918404807,3.9035945563339,3229.34509510163,2233.64303037146,3.96105468022196,3.63422959934581,3.59285727959255,10.9442870067442,0.986278153597888,0.111512382907653,0.924903580502834
-0.0003908833341719,7.2615301099623e-05,0.258436350352567,3.89657302139568,3226.34555315023,2230.46884149109,3.96057143211365,3.64099856035425,3.58848491224163,10.9291013980656,0.985345473694772,0.110810642707864,0.925281196039315
-0.000382787939434,7.24885175833747e-05,0.254778670755038,3.98925685925424,3225.62686695799,2228.01553905156,3.96092087093152,3.64109809464271,3.58796202571181,10.916798173291,0.985123051296873,0.111135228192018,0.924242729336086
-0.0003816319430423,7.25281715320906e-05,0.255720379385921,4.05440265302777,3224.61113907161,2224.64134515219,3.96084076856312,3.64088713794673,3.58692961363153,10.9001421168451,0.984824754115801,0.110992043228043,0.923934696855463
-0.0003844109850006,7.25584851077415e-05,0.258123752973724,4.16290565342731,3223.34597869768,2217.40670768451,3.96092512733058,3.64067024703419,3.58558759764784,10.8651213083569,0.984424960289807,0.110826703575403,0.923519988782462
-0.0003867988597498,7.2580675404129e-05,0.253282238116801,4.0162844068002,3222.75225929628,2214.82865360047,3.96090637131741,3.64061378339015,3.5850768718762,10.8525877319559,0.984257789854124,0.110663251331802,0.923338521551328
-0.0003820447622127,7.25917110683212e-05,0.255399076747956,3.99253336546336,3222.61195492459,2210.56314947683,3.96083480182447,3.64101638706452,3.58528891312338,10.8314427929135,0.984196116950427,0.110579360917261,0.923045619674034
-0.000388422162066,7.2629967084857e-05,0.258768600526255,3.9747813658285,3223.08101153298,2202.68858660321,3.96043678208401,3.64177258080299,3.58651626724301,10.7930619995463,0.984361298191015,0.110035437343763,0.923202776176586
-0.0003858252013355,7.26550104073241e-05,0.254680616656924,4.00235809788255,3223.0968762628,2194.47007494333,3.95995268319782,3.64223907409458,3.58695244070982,10.7528206490923,0.984354013119664,0.109612214599934,0.923192880632611
-0.0003830318938591,7.27141220963395e-05,0.256454977191488,4.18517976935027,3222.87855913932,2190.5017221772,3.95972172084608,3.64248568202377,3.58700539142733,10.7332171393746,0.98428656335336,0.109510203552227,0.923129028963605
-0.0003855287460911,7.27492851954642e-05,0.258518984818785,3.97931320456731,3221.95687647758,2187.01746392355,3.95961346124348,3.64228512169024,3.58595200069205,10.7160634515448,0.983986317256433,0.109336398407308,0.923020920556205
-0.0003903463350044,7.27467983546193e-05,0.256593041496361,4.01776450077391,3182.15250418428,2172.49987849873,3.95970551967621,3.62260120665585,3.52512118984713,10.6448638164972,0.971838002553955,0.107643866680486,0.92107313363896
-0.0003623453555353,7.22222955678875e-05,0.262729153522948,3.83284946212107,3162.24615388433,2426.46135126083,3.96936638847641,3.61763192560071,3.49548078049227,11.8888635168216,0.965746120430846,0.120803385961366,0.910942474683355
-0.0003421881914467,7.14835257385798e-05,0.265147583579747,4.07383552218798,3162.40320402657,2434.44564480707,3.97155638470676,3.61808443292279,3.49609084751853,11.928443358226,0.965810481803016,0.122053716486975,0.907086616265507
-0.0003585380801818,7.17940755008706e-05,0.269382198072338,3.7783563947191,3154.29367462406,2451.25780306349,3.97188644070443,3.6148760095935,3.48629748381434,12.0111830133586,0.96335353165685,0.12199345096018,0.907003430314456
-0.0003527149558618,7.15231806547083e-05,0.26584674626313,3.92215726521024,3144.88697823725,2463.75740128814,3.97269116915189,3.60836839898724,3.47226328506928,12.0718447687706,0.960477887084285,0.122806127310521,0.904462653261591
-0.0003448979339057,7.14768233960588e-05,0.268537725496037,3.7691775628418,3178.96744371857,2518.75717259129,3.97469556529219,3.62546952344753,3.52542438097127,12.3417143467195,0.970889643300597,0.125457189442764,0.902979401944397
-0.0003812831163314,7.24124597750145e-05,0.267583834995229,3.78539710061972,3189.9533502729,2304.52878170478,3.96577532060685,3.63374767480073,3.54261575437261,11.291982315033,0.974240207942744,0.114215978911603,0.912804602380577
-0.0003758593315599,7.26390385406084e-05,0.26955858932067,3.78673355906992,3194.00122395466,2276.49863258854,3.96437792344527,3.63661598938483,3.54881892298468,11.154149383548,0.975468289251226,0.113552796688626,0.914437248504013
-0.0003607940838264,7.43338188252541e-05,0.286488737740027,3.54545948407456,3145.74681433849,2441.43027705472,3.96668977479677,3.61063093782585,3.47514784653176,11.9623700883709,0.960738706168408,0.12089743014084,0.913656252020268
-0.0003512461109159,7.18772089843767e-05,0.272616743737168,3.70966348686191,3141.66860091069,2491.39753618912,3.97507301398686,3.61714581723483,3.46982622203758,12.207456423471,0.959485892466374,0.123742192460362,0.902207989821873
-0.0003532050404446,7.16779377290032e-05,0.270930343223577,3.72009876259335,3137.02786406654,2476.27273498068,3.97449291538406,3.61476874576425,3.4637152423522,12.1331714661824,0.958074498491519,0.123027931168482,0.901260231428435
-0.0003466917258467,7.18425411941481e-05,0.265547177130454,3.81317357544151,3139.21539525746,2510.97534850118,3.97504807045447,3.61699609036715,3.46768096548045,12.3033647185412,0.958741125684158,0.124979819204516,0.900034533645192
-0.000346134878796,7.17446630462502e-05,0.273220998662339,3.764358183409,3135.24635855667,2472.39783504774,3.97373112657452,3.61477484118264,3.46216220668784,12.1142913069248,0.957516115753271,0.123296406777338,0.900165276974493
-0.0003620176353899,7.06411478812733e-05,0.255017112990425,4.07353282673416,3170.01544025156,2355.79281119478,3.97367391951097,3.62325344703816,3.51597157096912,11.5431615279038,0.96813833505078,0.117592977226267,0.900601855335448
-0.0003708034807906,7.31806235486501e-05,0.27511379624532,3.74774735915482,3176.70347065106,2349.59022997884,3.96695762324978,3.62876670007352,3.52677293346695,11.5128498127145,0.970192214484829,0.117175186699845,0.909257924127116
-0.0003741030707256,7.29936577555687e-05,0.26842624760532,3.76847210244743,3144.96619356127,2252.59177758498,3.96557334417938,3.61404214841183,3.47783186381525,11.0372756128516,0.960503787259181,0.113673369140663,0.909578664059222
-0.0003160541104645,7.24595879293907e-05,0.273380080974908,3.69959611593848,3127.9651333933,2508.77191760857,3.97362288585684,3.61062109245444,3.45205999818131,12.292358503267,0.955296188131677,0.124375095096387,0.900673803342347
-0.0003461868125389,7.18573458236303e-05,0.271316645687282,3.82685493801039,3133.90292942291,2500.67852033227,3.97487262222502,3.61530037646024,3.46154220243982,12.2527861140839,0.957109637209104,0.124433613425907,0.897679793560609
-0.000345151977266,7.23929610216171e-05,0.270789292344085,3.77038062435466,3118.5433329175,2538.31838542258,3.97462071842617,3.60595250804469,3.43983704942451,12.4370289157694,0.952428984787941,0.125915873175091,0.898740624462406
-0.000347552304147,7.19479652068351e-05,0.274035341229786,3.68482384505421,3123.5122155369,2509.69412356452,3.97698225710127,3.61021321674563,3.44800143175562,12.2967119330032,0.953943452927339,0.124516327968408,0.895205927343595
-0.0003113492254524,7.23791833714528e-05,0.274984347504819,3.66825084318956,3144.90414363379,2564.53690655937,3.97678073777093,3.61792856287733,3.48150731457176,12.5659910340925,0.960462081540409,0.126187460716588,0.896648056903299
-0.0003597337792077,7.27529942332978e-05,0.274050079798879,3.80666644394284,3158.70314168278,2368.77726883336,3.97036176660786,3.62796695210109,3.50260916787034,11.6064018366857,0.964677563655519,0.117927743405626,0.903338822881577
-0.0003681393173738,7.30598033475102e-05,0.274298589350174,3.67710004252616,3163.29763684829,2337.38771106722,3.96868461918186,3.63111784970649,3.50992577594066,11.4524011765698,0.966194190263261,0.116112181239246,0.905806352051822
-0.0003313424465323,6.70702355621826e-05,0.261623011930907,3.94959925863754,3144.21505716324,2643.55148546223,3.98307141019494,3.60705022945582,3.47053106219399,12.9526244253829,0.960295277532664,0.12904075724643,0.905029561248631
-0.0003388475540022,7.16380182887621e-05,0.275322829085126,3.66185049530807,3141.32466447531,2556.1777930014,3.97509997589153,3.6153355184591,3.46799060837011,12.5243808687281,0.959433452737958,0.126576555539589,0.9028510965113
-0.0003384307346604,7.16369200786538e-05,0.276871757636053,3.66911070308606,3160.96868708397,2565.58506061183,3.9771013404783,3.62385200785699,3.50054778537609,12.5705470267237,0.965386664285644,0.128073064815025,0.905078656754497
-0.0003589792129089,7.25138535011857e-05,0.277159697264456,3.68910961490825,3170.48372628435,2392.93280728277,3.96939807741538,3.6228995875076,3.51597543123111,11.7249462919817,0.968278376894143,0.1191777706432,0.907443414234226
-0.0003619502839824,7.28986968385661e-05,0.272693673650913,3.71609105554775,3155.37397002259,2358.09003257233,3.96765351037721,3.62563933390323,3.49760867281088,11.5539478798805,0.963673674138662,0.11750742006571,0.909102106632279
-0.0003423137036882,7.25498235850131e-05,0.276150163767785,3.70549371291739,3119.04312055699,2541.81838404603,3.97354772868077,3.60478078869154,3.43917087774519,12.454056050979,0.95259916164026,0.125989219197918,0.902499459808468
-0.0003082558073462,7.18516793184264e-05,0.268296522365138,3.86719979648941,3121.99617722284,2556.72439806943,3.97727619069915,3.60868552270925,3.44535068794422,12.527612216779,0.953499611266748,0.126817304030431,0.895453931704308
-0.0003381173050604,7.22362694937272e-05,0.279160884130799,3.62918619223849,3119.9964399272,2555.41171047806,3.97594453236244,3.60803168449762,3.44301053883613,12.5212014951381,0.952868141821969,0.127129630249257,0.895503700539956
-0.0003376449153102,7.23464723196039e-05,0.277841154146588,3.70781279375631,3115.52756624394,2551.58358130723,3.97616708878032,3.60562099375815,3.43703582380245,12.5017363679448,0.951500222611236,0.127028357618339,0.894972002703016
-0.0003400241266699,7.25086018781032e-05,0.282741034051122,3.53737051830424,3121.62132964731,2585.05164227808,3.97683199737849,3.60757643096852,3.44385722228967,12.6663822783039,0.953358045456232,0.127970222597259,0.893836226856916
-0.0003590703108235,7.316573254075e-05,0.276256642191393,3.64106529526403,3148.12406063263,2437.7752445892,3.9703925549984,3.62271393125302,3.48877001903651,11.9446924223625,0.961458124975759,0.120188487566297,0.906835957231959
-0.0003562462393204,7.3046495960669e-05,0.280109777654761,3.6993898122499,3150.07757073088,2390.02643711909,3.96916807544687,3.62433629615285,3.49198501662908,11.7104154135096,0.962067301396443,0.118876077870919,0.903052505296708
-0.0003608552761569,7.32214633123971e-05,0.281675997412455,3.64131589986615,3152.20301814986,2374.32374107392,3.96954857396043,3.62605249770334,3.49541813698493,11.6336977842359,0.962721450323936,0.117817328588552,0.903402150284823
-0.00036356509999,7.32331572272167e-05,0.273178584319962,3.94222814378645,3154.03126948973,2358.98079112673,3.96872745648674,3.62777625066098,3.49854023793759,11.5587551785358,0.963263765904142,0.117195741980583,0.903840080608356
-0.0003714750374718,7.30958370672696e-05,0.28298139587491,3.69108918941392,3160.93815325433,2324.96597070817,3.96754464507103,3.6327689652131,3.5091563946002,11.3918891983831,0.965372473270703,0.115393655246581,0.904602318953358
-0.0003711034984438,7.35324002126795e-05,0.281332530591222,3.59157298345046,3163.65726399992,2309.48207860478,3.96621360907683,3.63484081152444,3.51348471086847,11.3160111190287,0.966204818673505,0.114633311173962,0.906264508941645
-0.00036872706937,7.35229945983388e-05,0.280901900420017,3.69585865866113,3164.54819285372,2299.71654330101,3.96531465117996,3.63563837069217,3.51499891180001,11.2679855306772,0.966473201282738,0.114292597822081,0.906804951323829
-0.0003746441587358,7.36711362422092e-05,0.274203398352618,3.68051607870555,3165.48605527542,2290.09224336923,3.96602607029741,3.63647377379587,3.51664001621967,11.2217546297161,0.966767887198914,0.113598345557454,0.907158365709876
-0.0003749133849287,7.3661369407796e-05,0.277279282380399,3.68915070839417,3166.29880466705,2278.07676529579,3.96556551225724,3.63735759592502,3.51814463876514,11.1623193657939,0.96700341930001,0.113226650441418,0.907238789781695
-0.0003762937095568,7.36966456720062e-05,0.275865804020936,3.70890678822422,3166.73661785218,2275.28039948174,3.96509798752364,3.63770417409522,3.51891501530979,11.1485108732837,0.967153612305425,0.112928114877868,0.907516686359822
-0.0003762302593355,7.36745339819915e-05,0.275274502351045,3.65654209253716,3167.330542821,2268.42077304702,3.96476802261927,3.63828379862776,3.51999815982287,11.1150503543376,0.967339549632058,0.112740034942709,0.907562178470692
-0.0003778226012043,7.367651951418e-05,0.273811824020064,3.68041896462125,3167.94011795981,2263.04648208531,3.96445024654429,3.6389375913923,3.52113739418941,11.0882987160828,0.967518926102216,0.112352495701176,0.907744894784258
-0.0003803532957908,7.36978886046537e-05,0.276514829525413,3.63438318319737,3169.12805069867,2255.79680428258,3.96397663957329,3.63119119184988,3.52302271358344,11.0531742941072,0.967872112635544,0.111948385111891,0.90799256641214
-0.0003879258899428,7.37274304088687e-05,0.279202902964393,3.766270721098,3170.9255623357,2252.93776401953,3.96342292780517,3.63281653987037,3.52602951201026,11.0386982541983,0.968411307253046,0.111415512371945,0.908633930577065
-0.0003742825682983,7.37715836977472e-05,0.27602870199486,3.71142290938499,3170.42520046001,2241.09444158093,3.96271511431663,3.6325196645878,3.52539308961311,10.9805944801153,0.968268855382625,0.11137701131453,0.908524220563422
-0.0003837905837007,7.37871201434466e-05,0.274714299185554,3.67183847543671,3170.61283457692,2239.73509111133,3.96270641460214,3.63281502988603,3.52576448502346,10.9747157655799,0.968308192115274,0.111009953409043,0.908601619061668
-0.0003848770813098,7.3953045674138e-05,0.278668831948051,3.64725211693745,3146.6424363791,2229.32883271348,3.96381766018383,3.6288855655171,3.49361423905732,10.9233798846073,0.961016587027141,0.110779793593889,0.908499552091452
-0.0003543209782071,7.32457345877923e-05,0.281588794104846,3.6204780717374,3112.05970004934,2469.92902691825,3.97146226292816,3.60970754218551,3.43822832453328,12.1026190301445,0.950455054658485,0.122348514648435,0.899328813744264
-0.0003472479321997,7.27190277412274e-05,0.283413546422981,3.58982820625815,3104.63780186541,2502.14767038618,3.97462644390554,3.6144604796455,3.42830443201739,12.2602081512815,0.94819451791821,0.124458693430133,0.892749653884343
-0.0003494595942394,7.26474495812813e-05,0.278362956902476,3.62511032656659,3102.07541485358,2503.56966184644,3.97630277692273,3.61343642870585,3.42516982941514,12.2671277072144,0.947410589188373,0.124739612908717,0.890877090188379
-0.0003235188368986,7.26981824216775e-05,0.276699329134222,3.63966548042704,3100.1225619883,2521.61594038515,3.97528544302737,3.61294755254473,3.42306904271444,12.3554385345291,0.946817237681337,0.125294702470584,0.890263249502259
-0.0003409362758365,7.30887337617943e-05,0.287586587051892,3.55190669511102,3107.3723397202,2561.88063699828,3.9772859597474,3.61402401015872,3.43011466098569,12.5526399067787,0.949004069471778,0.126859853916788,0.889108621479554
-0.0003605468173515,7.31400152993707e-05,0.288028454824432,3.51947554107167,3132.71977212583,2384.5744879191,3.97195075098322,3.62801219382376,3.47279283139012,11.6841231928239,0.95675474152066,0.118515505196428,0.89354920715298
-0.0003677966196434,7.3541836235719e-05,0.282883912691575,3.63361726169862,3139.50210469548,2340.26335654058,3.96905568649209,3.62395945887699,3.4830070636977,11.4666229486619,0.958810659774188,0.116289726779741,0.898742223862607
-0.0003542719615207,7.38105613885916e-05,0.281110894013902,3.61410742381709,3103.20102363697,2385.13470760395,3.96702752868986,3.61571430024647,3.42825498697752,11.6865927418211,0.947747494408329,0.116968082715292,0.898336517428435
-0.0003160768917252,7.33872571463638e-05,0.288787683546628,3.61966020220999,3092.6067985032,2549.99026283744,3.97597502054793,3.60852596419198,3.41255845057587,12.4942055637756,0.94450744037741,0.126164833502164,0.889860437413243
-0.0003458668002201,7.28550345088826e-05,0.2839012786151,3.52531946496783,3102.06042929995,2512.69370080891,3.97599411278628,3.61672447068351,3.42821452706489,12.3117729123532,0.947388358006436,0.124387718375805,0.888086240160734
-0.0003489392683961,7.31905978958633e-05,0.284688611050069,3.55397201657582,3097.11817890126,2503.9756503948,3.97576540408854,3.61311410949344,3.42063199896279,12.269098792349,0.945878481068523,0.123923206908231,0.890149648687713
-0.0003446303285563,7.32464422272509e-05,0.284343211246678,3.52276220028675,3089.85689490219,2513.36579247826,3.97540004869525,3.60810341380891,3.40982137785779,12.3151529716057,0.943645053999449,0.124670703080366,0.888603904435147
-0.0003212431913147,7.3207983184501e-05,0.289575785465041,3.51076167371742,3116.90671739791,2564.05401711038,3.97707076530672,3.61966189573396,3.45163405560367,12.5629150259805,0.951915436764734,0.128157188562493,0.887980717304281
-0.0003616014757046,7.37415880334623e-05,0.287502712545046,3.54948601320348,3127.86133519123,2382.88731127576,3.97111097403935,3.62770970137614,3.46842175107383,11.6755346411396,0.955272422006972,0.117971267279675,0.895201557755525
-0.0003670192610686,7.39151154099102e-05,0.286896482737043,3.53239855754307,3132.97116582643,2346.37305353029,3.96921675452769,3.63122337269333,3.47599116621687,11.4965796705074,0.956804645826896,0.116142865066767,0.897461559132959
-0.000346750345963,7.52692150366696e-05,0.298625336864208,3.37746602454114,3094.21681203233,2485.89847994392,3.97055776079715,3.61235686256772,3.41752502625774,12.1803945161123,0.944994356796393,0.123095662543969,0.896411066563235
-0.0003429195044145,7.33634297495219e-05,0.283531167035245,3.65669502886388,3094.65417548164,2524.78797951288,3.97606780020039,3.61338555245172,3.41887272352686,12.3709655278596,0.945128239523342,0.125057956597601,0.88784035262105
-0.0003460352547354,7.34962302537351e-05,0.28134670682516,3.6161282351758,3093.49808296829,2511.47613600781,3.97510075033381,3.61298917815799,3.41746594220203,12.3055926217148,0.944757113039747,0.124356500984358,0.888312160972673
-0.0003433770514406,7.35588512266005e-05,0.291662815049815,3.48834760456649,3093.38848888117,2502.10103251529,3.97527179691229,3.61253269286383,3.41665159810796,12.2602843750802,0.944646570490112,0.124380549181343,0.886760119013149
-0.0003525660421999,7.36203762290677e-05,0.289235890901282,3.54331143283163,3089.02917771134,2502.69890852622,3.97568118036463,3.60999881426493,3.41073832173945,12.2631923095051,0.943339390114204,0.123588776943427,0.886893252667188
-0.0003591974725673,7.22288919943686e-05,0.269871985728165,3.73568626183205,3122.95476323413,2403.04300329194,3.97521356364202,3.62624619816834,3.46249433402641,11.7750484941207,0.953665281793999,0.119350896107121,0.887488389243175
-0.0003239510300103,6.79646007204777e-05,0.270923841998181,3.7680830695193,3112.80989853982,2666.42617580894,3.98627419150277,3.61502491860163,3.43537064886694,13.0655314803048,0.950614999485981,0.1304728719101,0.892297372584346
-0.0003105273824987,7.26787117506953e-05,0.290149362651263,3.50215947013776,3113.66892820607,2590.83344931021,3.9758894979284,3.60434079844997,3.43405202978771,12.6945279087702,0.950868367693091,0.128363026073259,0.893558715071331
-0.0003609095070601,7.25742535124588e-05,0.282998260916609,3.59216209257446,3107.38788514913,2363.22951686857,3.97366493051223,3.61260671388535,3.42853956708992,11.5797823621744,0.948947218399844,0.119299158411792,0.893155168426604
-0.0003354082810068,7.28318605861987e-05,0.285331022154177,3.54701439922245,3095.71540831032,2584.09889887836,3.97713295349293,3.6056327638172,3.41215066264434,12.6617277870259,0.945396204067196,0.128655092232338,0.889637587808315
-0.0003293054604581,7.3000662392041e-05,0.286888900265295,3.55472214503674,3090.35610337842,2613.75435498975,3.97938172561301,3.60265007700239,3.40490713739842,12.8071984831478,0.943762304532259,0.130153065750343,0.887210115904748
-0.0003362629418996,7.27217277027596e-05,0.2912347999336,3.51705475743449,3090.57484318533,2605.53602852648,3.97928671945225,3.60387616157532,3.40619714756314,12.7664997983989,0.94381170186987,0.129487547909599,0.88618549835863
-0.0003075437827677,7.29641639082948e-05,0.283196300073258,3.60328066714033,3090.40318742134,2590.42701392817,3.97899017765024,3.60473517690386,3.40687817344895,12.6929628775152,0.943760492180852,0.128675563432121,0.886433825154943
-0.0003333525760811,7.31874014851839e-05,0.282805125447794,3.67232799108944,3087.05974079862,2585.13026118556,3.97893619941453,3.60323767434983,3.40272870283566,12.667159093943,0.942742486800649,0.128736956723988,0.8859477311792
-0.000338766829449,7.30603986279162e-05,0.287922892683681,3.50879378816897,3080.85632459671,2592.8488173525,3.97852398048748,3.6078355220648,3.39389057707056,12.7046234179151,0.940872161047765,0.12858813365175,0.885227519834842
-0.0003234704153114,7.30674436142806e-05,0.288741640098892,3.54865390926561,3107.43640650431,2651.41044745366,3.9794404724666,3.61933390299479,3.43501694804496,12.9915125201641,0.948954519109923,0.131942404573004,0.88392001211083
-0.0003453616657554,7.38072627738466e-05,0.286385655492114,3.59704740250557,3117.32764093897,2461.29066797979,3.97385962804158,3.61855279724553,3.45071633535253,12.0604251097672,0.951991559131941,0.122662607972974,0.891568302185805
-0.0003555988116674,7.38039159307195e-05,0.288321682132802,3.54978455173481,3121.5939626554,2420.80747366826,3.97113644944297,3.62201299757328,3.45755238815754,11.8619451310249,0.953303056551188,0.120418131619059,0.893505609229084
-0.0003666315954304,7.40173658952154e-05,0.289668387927011,3.51832757026185,3124.42227333589,2410.07349693045,3.97082795359153,3.62426937076281,3.4620712716257,11.8091555152179,0.954171317993575,0.118833896725793,0.89518479882077
-0.0003593156351808,7.403844124728e-05,0.291789420675752,3.49480351188363,3125.70383097682,2397.30844822136,3.96980624304292,3.6255602634178,3.46433080080567,11.7466995290413,0.95455014755114,0.118926028576448,0.895384951559926
-0.0003568947450178,7.40759218064103e-05,0.288738068310439,3.52230342264491,3127.09493797852,2386.71488463628,3.96906189101836,3.62688935702702,3.4667612165153,11.6950884442848,0.954972805876609,0.118668859220774,0.895534771170428
-0.0003623326898703,7.42464497561888e-05,0.288946985443854,3.52373603997741,3128.29825842829,2377.73115062193,3.96967935431135,3.62801066659531,3.4688624248561,11.6509237060216,0.955347787767925,0.117931517394856,0.895996567064814
-0.0003609271128943,7.38516957057441e-05,0.281934451834291,3.62036524225668,3118.76282826903,2340.6927106273,3.96929587636675,3.6279174741709,3.4608903562315,11.4694003305045,0.952422361736746,0.115947479264264,0.894823271714842
-0.0003692776036968,7.44127016824287e-05,0.284686079847967,3.58911449811123,3125.73192870087,2280.61604904742,3.96824514540167,3.63108893610396,3.46966441641206,11.1749741215915,0.954550892703573,0.113415476835261,0.894182144988397
-0.0003652770459965,7.45013121080915e-05,0.286696465696442,3.7108807214286,3128.84161000382,2279.14752845912,3.96742573201331,3.63221481836067,3.47325120782628,11.1674303376325,0.955477377413198,0.113742733514712,0.895451065672118
-0.0003558393799382,7.53329214858858e-05,0.299067293137046,3.40827774287917,3106.5252855146,2384.65901269631,3.96800619857746,3.62300750868661,3.43779733761683,11.6847143723819,0.94869582429674,0.119297223850924,0.895111122483839
-0.0003586227213816,7.36215874338069e-05,0.27961650373045,3.75177505948591,3111.46297978416,2389.87763637889,3.97206217050552,3.61739024126305,3.44489500467366,11.7103078221208,0.950207634359619,0.11932737565899,0.890337477200148
-0.0003648974981085,7.40458484605296e-05,0.282486027494891,3.5729930975333,3111.91682015956,2361.45702155688,3.97098272808349,3.61846572498106,3.44619652863606,11.5708169949389,0.95032267418876,0.118062112849332,0.892308896609964
-0.0003687931515928,7.36358269084624e-05,0.282245505757304,3.58308836491151,3120.30871602769,2330.05179842339,3.96967026278459,3.62485294297056,3.45926653680602,11.4173663394046,0.952924074492213,0.116639196447732,0.892397114334639
-0.0003663053123002,7.40645301634954e-05,0.281310793463235,3.63881535492929,3116.65212177084,2322.19178837907,3.96868018789606,3.62235061402591,3.45381278148678,11.3785657759559,0.951790547041974,0.115859661038613,0.894030234251763
-0.0003761403564714,7.34451227200436e-05,0.280165601489841,3.62851193081785,3135.51501588158,2273.3203061808,3.96827356238942,3.63590723163677,3.48252800437855,11.1393995052486,0.957539491258415,0.113539717763713,0.893578865079934
-0.0003726450970121,7.47827002895355e-05,0.28239864918253,3.61570680682576,3139.31265252185,2261.10186461089,3.96571848185166,3.62952725909581,3.4880346198758,11.0792635580757,0.958689408145722,0.11286990020668,0.89834620182884
-0.0003835037611353,7.48253932522168e-05,0.28367736988008,3.55554426137374,3125.21561291223,2254.58705613166,3.96460342795952,3.62881879986457,3.46701840116296,11.0475037125901,0.954396403863527,0.111886403739331,0.8995894385417
-0.0003505511352235,7.42390888352865e-05,0.279351435500002,3.62846295370321,3108.49495251145,2423.19067118384,3.96977403809352,3.62505556969416,3.44141107242051,11.8735687467951,0.949294304757377,0.120601763776201,0.8958688798172
-0.0003607025487104,7.38111901236686e-05,0.276395905027912,3.73909508515578,3111.62087173675,2357.97307688501,3.97006570436678,3.61949537610108,3.44701766234236,11.5542889515565,0.950251896520633,0.117327270078013,0.891834603444946
-0.0003694709605342,7.40223086694391e-05,0.284507692334674,3.65189047670979,3113.43363151405,2342.70816043008,3.96902431967509,3.62109027943521,3.4499985640478,11.4792306075949,0.950805590384943,0.116259098415143,0.89202434886787
-0.0003616532333932,7.43765613583408e-05,0.284000472911239,3.60606948041419,3109.29272340535,2366.97295226852,3.96929896470591,3.62717151641846,3.44405639841674,11.598135082821,0.949528298981201,0.11767936208628,0.891798836495763
-0.0003749043506473,7.36201385690417e-05,0.275717664641309,3.76944578692833,3128.92184619568,2300.94558819974,3.96979594099653,3.63296492594593,3.47412199331802,11.2743681321385,0.955528324989774,0.114264918952049,0.891867954634425
-0.0003707503043784,7.49344440815891e-05,0.286597284212484,3.53811869511785,3132.73513528693,2284.88376304813,3.9657763223179,3.63571169466343,3.48000508721227,11.195830010462,0.956698020017598,0.113576954694574,0.896452985143794
-0.0003773551329715,7.49626027415968e-05,0.292101592526417,3.67968356045403,3110.34016599821,2241.05615992306,3.96489231573428,3.62778377760024,3.44553253355859,10.9812775795572,0.949860241475734,0.112405436234034,0.896701048162417
-0.0003612321528818,7.4360963464042e-05,0.282800324272372,3.57652362351941,3098.07371738032,2394.89388934305,3.97006857527627,3.62008959225246,3.42780162919928,11.7347296427382,0.946094431431531,0.119000755668966,0.890392041041598
-0.0003573739597991,7.3788825985975e-05,0.282137553051486,3.61493170710946,3101.33969600539,2374.95736096101,3.97136314709981,3.62389119693211,3.43423602516617,11.6373238811654,0.947109260897384,0.118112729799022,0.888153556901334
-0.0003578704661167,7.4134981243936e-05,0.281217746341795,3.64251738238614,3099.54275837264,2388.8320094432,3.97081976466709,3.62229806128002,3.43120648635952,11.7054170086709,0.946560518135749,0.118711770137836,0.888736106409825
-0.0003493547012746,7.46078202413048e-05,0.285082663888547,3.55882502619958,3090.40142111352,2467.09616801865,3.97115623023775,3.61561715035211,3.41724036285079,12.0889713108696,0.943762955521957,0.121936634438578,0.892294438987694
-0.0003650499589628,7.40459063203792e-05,0.285861594486617,3.562620911076,3118.81292005075,2340.97632111277,3.97031417157915,3.62893948689947,3.46182291848536,11.4708102736657,0.952424128224262,0.116085369099495,0.887377556960256
-0.0003662564144878,7.50417114493592e-05,0.291324842732578,3.48955285658489,3121.17285070079,2318.58664385369,3.9668980221172,3.63040911476567,3.46518077690855,11.3613425047681,0.953149283461068,0.114886267376504,0.893974309510154
-0.0003696775106424,7.50169337309457e-05,0.292453241929216,3.50395056849444,3095.54333162314,2291.14777404326,3.96589883343204,3.62073886962164,3.42634614906136,11.2266888272527,0.945329880324481,0.113076432581495,0.893261057582902
-0.0003644316137352,7.44089454030839e-05,0.281596222492584,3.58287921997094,3089.0110364795,2426.7218892274,3.97154608252328,3.61670441400437,3.41708007315551,11.8909096633643,0.943323619785069,0.119396872521898,0.887140606911902
-0.0003670686338557,7.39706011897408e-05,0.283573896997645,3.70923240353879,3094.18366813392,2390.25432564324,3.97167724737242,3.62136193911234,3.42575999203678,11.7121368412088,0.94490038583376,0.11820102449692,0.886085979547195
-0.0003551022194739,7.43371705081482e-05,0.286963854304775,3.5300549614389,3093.15264143265,2395.39472500584,3.97021622364747,3.62087305613926,3.42444190773762,11.7375174926069,0.944586234618721,0.118728574731629,0.886898553577637
-0.000360446993913,7.4152284965726e-05,0.278830696766853,3.64042236643376,3097.88750176248,2365.34902475559,3.97077118820614,3.62464688618978,3.43200995544341,11.5901761839044,0.946041255637613,0.117040407528437,0.88686424387006
-0.0003522014245281,7.46614293381743e-05,0.286109552501716,3.72057941796057,3109.7024434848,2415.56680407864,3.96977928230882,3.62383246646737,3.44965558467262,11.8361179504334,0.949654936857242,0.119202559614953,0.887683961044675
-0.0003718712816427,7.51333466394318e-05,0.29328897692616,3.42670543902073,3117.56334349047,2308.35257628665,3.96721744668353,3.63010052465043,3.46186229546807,11.3108211205088,0.95202850511074,0.113982796276809,0.892181318961239
-0.0003714488367206,7.51447441175659e-05,0.291083973545069,3.49873710391585,3119.97041825438,2288.07201149681,3.96550111325232,3.63206359800303,3.46582616291205,11.211441059566,0.952793297996215,0.113149234848261,0.893373828868182
-0.000371457302078,7.5324078376955e-05,0.287184397833924,3.54869399187359,3121.50194200326,2275.29124735826,3.96589666246716,3.63336212680025,3.46825896824889,11.148894121006,0.9532418540239,0.112557719971745,0.893860371915728
-0.0003830637881185,7.53070535761577e-05,0.290848327841512,3.52475632390095,3122.58057740325,2267.32279398263,3.96527722624482,3.63419928640689,3.46988327882186,11.1099096834903,0.953552593869813,0.11160339602081,0.894573595907199
-0.0003776447632805,7.53198126193398e-05,0.290744125744737,3.51677937262668,3123.84651764471,2261.37006501027,3.96476135358133,3.63519532500573,3.47195758653461,11.0808096369396,0.953958265088798,0.111684319511076,0.894630796755883
-0.0003785652525609,7.52390544919824e-05,0.289195045905491,3.47164502105564,3127.72213944804,2240.15195931919,3.96420386710454,3.63821708481267,3.47810729379506,10.9766786879607,0.955145406071847,0.110852876332911,0.895097507873944
-0.0003835461688511,7.54375564069737e-05,0.288619331074986,3.52496433932407,3129.45738296298,2228.58977782045,3.96370662684026,3.63944532736292,3.48075868686521,10.9201887424141,0.955682215092148,0.11003530237669,0.896181193335033
-0.0003787519708898,7.54445263845465e-05,0.290845412150146,3.49154178770759,3129.94178469904,2219.18397384667,3.96317241114119,3.63993420016091,3.48162290577452,10.8741367828338,0.955824128524045,0.109696798735807,0.896463951053739
-0.0003856907531297,7.54449766832839e-05,0.287507979258647,3.54812355119769,3130.44191844994,2214.43421279226,3.96280279107716,3.64034666880122,3.48246116356414,10.8507209667184,0.955983551064098,0.109389192215602,0.89665689148352
-0.0003811191136763,7.54330249326601e-05,0.290592695214383,3.4835956239026,3130.33301913534,2208.73128667631,3.96258014181386,3.64035429594652,3.48240712207244,10.8229516861738,0.955956449834583,0.109363378258614,0.896586382210486
-0.000381970983137,7.54289433861674e-05,0.289706998826056,3.60253832426523,3130.27055545151,2208.51262605574,3.96246660921885,3.64051929284941,3.48246392055629,10.8218124488147,0.955923845242569,0.109176814389157,0.896648982082623
-0.0003806498342471,7.54826580975392e-05,0.289053215150165,3.54527982360371,3129.52051201765,2207.15322687628,3.96243756102479,3.64023973357003,3.48148974823553,10.8148327376438,0.955676594618782,0.109190701572025,0.896517659349765
-0.0003837504369686,7.54518091909427e-05,0.286969687178924,3.5335477037368,3129.2080989817,2205.66910633811,3.96256165530371,3.64002738358839,3.48117106929582,10.8079820591473,0.955621507431988,0.109035780174943,0.896394780636913
-0.0003900244551513,7.54628053190238e-05,0.290578723366892,3.49941961528998,3129.48986304808,2199.99752373539,3.96252203894698,3.64054680095529,3.48187938504308,10.7801625619845,0.955699647516542,0.108824879580904,0.896446331345644
-0.0003732522276453,7.58268718253124e-05,0.290422065531819,3.5009200147641,3129.45902322722,2232.65375694749,3.96214073928627,3.64086149998431,3.48217227768449,10.9401090389855,0.95569473944774,0.110015233966665,0.900272976387542
-0.000344441844704,6.93561358697922e-05,0.280710442391662,3.59042763620031,3123.76256731688,2499.94071600842,3.97780452436871,3.62583982944488,3.46304812865638,12.2496892760678,0.95397482365723,0.122692283221587,0.89479738926655
-0.0003548444383852,7.40607608683535e-05,0.286362875436611,3.53681738161846,3117.1687195033,2359.3337160597,3.96794169551724,3.62211076943379,3.45405886276824,11.5606972803849,0.951960889442705,0.117750416924173,0.89650909498239
-0.0003645763153219,7.4037799149883e-05,0.286548387008561,3.64329975411765,3131.62531756615,2396.22384240045,3.96987335853155,3.63318796877591,3.47671893230099,11.7415311233577,0.956383330844818,0.11859240229074,0.893552941232592
-0.0003704835810606,7.45908159738883e-05,0.289416136157827,3.56287146144874,3137.22120810986,2278.40381113625,3.96528962010243,3.6377755920842,3.48590854315507,11.1641839242019,0.958100552210302,0.113947293089154,0.897831134606317
-0.0003735442987374,7.48270332641724e-05,0.287612201854201,3.81519821011173,3138.28432110345,2257.37020152572,3.96496514133785,3.63915812069515,3.48808933887251,11.0613219593934,0.958409285249374,0.112617252963468,0.898657979327628
-0.0003717895536672,7.59886878822541e-05,0.287686893988898,3.61364355166228,3105.49682300899,2355.5993304938,3.96411489523374,3.62580355916704,3.43968118837389,11.5424019999734,0.94841108447379,0.116911863070538,0.897808465077995
-0.0003617125901949,7.39041951304227e-05,0.282920903115434,3.60215456058743,3106.71488389633,2358.77057067217,3.969980416033,3.62690625644865,3.44178092135109,11.5581947761353,0.9487867950695,0.11778384558422,0.889856260177236
-0.0003681099814864,7.42076071576703e-05,0.286171014154957,3.57630333996146,3108.32622139766,2326.86538268448,3.96892411537592,3.63039167949132,3.44642416979848,11.4016743320251,0.949263824661156,0.116184267297231,0.890624407967196
-0.0003704480371077,7.42923469155646e-05,0.288230173925144,3.51676762102783,3106.18565658858,2316.31657454648,3.96782904435258,3.62975938433693,3.44398249911246,11.350299492343,0.948605571191134,0.115460691157382,0.890758328683548
-0.0003637722588246,7.44761737806808e-05,0.284410236023297,3.57508985851837,3096.10700998107,2337.92782098739,3.96882569328856,3.62313397725423,3.4292289212487,11.4559667531617,0.945535374489787,0.116363575959644,0.889497416876348
-0.0003749145678209,7.3889737191341e-05,0.285369428161066,3.72169438814304,3118.56517046473,2293.2438521868,3.97076621503461,3.63095602899227,3.46379743363702,11.2371258308766,0.952410098750977,0.114388941417008,0.888186594009723
-0.0003777874876089,7.51009636657548e-05,0.290153008821503,3.66211207694692,3121.51955040157,2254.07374396551,3.96584445791818,3.63321850659712,3.4683309787871,11.0449418503841,0.953296609509716,0.112177126739863,0.893676466931602
-0.0003796790568876,7.51098387704827e-05,0.290891164500465,3.64324354486801,3111.36270692767,2239.10566592994,3.96489318733007,3.62885239889037,3.45589956158445,10.9717474826762,0.950189646099288,0.111531921980668,0.894303654775719
-0.0003662165910439,7.4852463628752e-05,0.287726216290379,3.53009250971462,3088.73185764119,2343.69372914123,3.96880332936239,3.61977037248157,3.41994347899382,11.4844538068687,0.943283177170129,0.116631109570447,0.88999150630769
-0.0003647974654645,7.43300478169035e-05,0.287897480397979,3.55844854611709,3094.59193510105,2345.83415176033,3.97070101632012,3.6251003015609,3.42978007016752,11.4943805658222,0.945056642413759,0.116799980734667,0.885560435881354
-0.0003706431801333,7.45519899911405e-05,0.289087217470757,3.51893610985749,3093.81076705045,2318.71173131122,3.96818474398719,3.62545500709897,3.42937214178838,11.36186156883,0.944791728098608,0.115168221106554,0.887127171624333
-0.0003721927968014,7.44700396653554e-05,0.287399139597994,3.56303199265851,3094.63956138361,2304.77286138744,3.96832868390613,3.6267936706543,3.43170477770475,11.292957367516,0.945146509198715,0.114753931945156,0.886537353099687
-0.0003652044449119,7.51475848674772e-05,0.294278036403574,3.42132668574049,3087.81038777064,2348.25586698414,3.96904929214054,3.62210683595566,3.42162092039627,11.5060728239348,0.943054643598651,0.116781788511567,0.886284449754613
-0.000382364945081,7.44153688047318e-05,0.291595243526543,3.52722918703008,3108.76929465163,2266.32331572115,3.9684481594444,3.63700166883923,3.45332945196359,11.1046514570687,0.949457132657004,0.112137723809658,0.886301470991407
-0.0003800239085128,7.52798865921334e-05,0.295172891063308,3.44048998754287,3112.45792953679,2250.16828679855,3.96500820772988,3.6309254799249,3.45898195213552,11.0254341036604,0.950585218544171,0.111372430414449,0.890973055334838
-0.0003832120792304,7.55051823915525e-05,0.292370667610411,3.61917424711113,3090.81192972112,2209.83939495514,3.96517458900076,3.62496458008176,3.42682648693472,10.8279841986962,0.943981112129429,0.11011325696273,0.8908842040313
-0.0003614454976577,7.50975834513797e-05,0.295338012586686,3.43482822483088,3078.84104890592,2371.88005042551,3.96910080163838,3.62589426224048,3.40960019971232,11.6219544786865,0.940328252487902,0.117517039749298,0.884704573750141
-0.0003638030942272,7.44246733410381e-05,0.293898149797555,3.55631300244285,3083.232472976,2350.78721940419,3.970545535647,3.62063554355076,3.41622213539349,11.5185797393667,0.941575135850444,0.116242899835057,0.882932087753763
-0.0003694102218064,7.4945803177642e-05,0.298956734788294,3.43394530786048,3080.06028420979,2354.59938475036,3.96956216423205,3.62803054085145,3.41230433294119,11.5373809986653,0.940612531601658,0.116365989660863,0.884057010383963
-0.0003722662020264,7.48727346561509e-05,0.296232257934402,3.46439971224611,3078.45071519294,2347.70887604559,3.96969244333619,3.62732676359323,3.41031119233858,11.5032777374014,0.940124863324996,0.115671669440183,0.883097626303803
-0.0003613989383555,7.50661807928076e-05,0.299535753431257,3.40643467298309,3088.37525295606,2388.28591858136,3.97017722987057,3.62551361492702,3.42504113670802,11.702533701208,0.943147523515551,0.118040653906158,0.881931185672344
-0.0003758808458857,7.5500746185264e-05,0.298058794322686,3.37696953402958,3100.2219943201,2292.99464959872,3.96763490708493,3.63454337801252,3.44346582301826,11.2355748874591,0.946773722070388,0.113065767693421,0.886768566088299
-0.0003786371690434,7.55586104573109e-05,0.297193048150038,3.56391307672713,3102.86350097205,2268.18332018849,3.96516922692568,3.63664234479268,3.44769821906804,11.1142937955901,0.947581936937272,0.111847033662672,0.888666394243632
-0.0003615821143604,7.6459566849587e-05,0.296637308675139,3.42460192730199,3073.10676548228,2355.63081528473,3.96433071825239,3.6247856433575,3.4033737046566,11.5424552884067,0.938490463481388,0.115971698919596,0.887497487602452
-0.0003575628464971,7.51155543813772e-05,0.299576012917415,3.40646798856445,3067.37202455167,2409.33239822247,3.97223597564054,3.62126979461083,3.39518372825157,11.8056553355939,0.936721053312378,0.119069395246387,0.880618473777404
-0.0003591737021349,7.50627535256472e-05,0.299068170554128,3.49322464439571,3068.87246156327,2394.33292170649,3.97210224156969,3.62328931918511,3.3984265682707,11.7321043763132,0.937205279995779,0.118282920645292,0.879742295028696
-0.0003630257562362,7.49659107556135e-05,0.29445831387686,3.49877924481319,3070.31050105102,2368.16173904826,3.97063027071149,3.62506592273712,3.40128626893149,11.603628170836,0.937640322278044,0.116906154463021,0.880165417199013
-0.0003720476393654,7.50266020385972e-05,0.295634934793033,3.53421452457315,3063.8878638054,2368.81793714961,3.97006169329868,3.62063452830681,3.39180992575735,11.6071997448308,0.935689327314584,0.115576801169623,0.880450241891596
-0.0003618539289306,7.52363147172359e-05,0.299762080145055,3.42847854857048,3083.87673668226,2383.85117898916,3.97277999192141,3.62640039126078,3.42233399158123,11.680645925409,0.941796173600273,0.118285934710436,0.879297703794385
-0.0003696311522592,7.56977275052063e-05,0.301596360651912,3.41384856836986,3089.65973047947,2305.02556619252,3.96728509664535,3.6306014356159,3.43095616129181,11.2948555723546,0.9435459315405,0.11352594332304,0.884539090083043
-0.0003747867670311,7.59038664952489e-05,0.299919026900841,3.38035523348495,3091.92575994274,2287.5423886216,3.96704889134149,3.6322284857432,3.43431489672537,11.2092072136678,0.944225446286886,0.112536575035879,0.885747783334663
-0.0003793305200582,7.59070991974013e-05,0.302278154467928,3.36374393079508,3093.17640966177,2278.2771070734,3.96629827852407,3.63336973644438,3.43652626631197,11.1637595123939,0.94463507355985,0.111926157868841,0.886387831404267
-0.0003825094581648,7.59109909931921e-05,0.298843073065049,3.56272682142333,3094.03621570498,2272.24620020209,3.96580173956096,3.63407145000639,3.43787315784126,11.1340107373198,0.944888091306966,0.111464512838507,0.886744959268507
-0.000379963897641,7.59043017677022e-05,0.300520638023303,3.42728605388861,3095.17738601158,2262.13755933929,3.96529445990673,3.63514946074713,3.43977843265246,11.0843619631,0.94522010424225,0.111291605130601,0.886821874975889
-0.0003786258570093,7.58785799356552e-05,0.301572243473256,3.52984006795358,3097.39693612512,2253.8880551075,3.96467000476563,3.63677034150986,3.44321649080195,11.044023348095,0.945911537750927,0.110875339911101,0.88714906274408
-0.0003810440851225,7.61188589415844e-05,0.29756315102897,3.38074645584587,3097.5538492194,2243.90424101171,3.96516212526258,3.63721140679859,3.44374046411805,10.9952367530736,0.945948641890238,0.110469269529837,0.887727486579738
-0.0003812001224956,7.61241353713435e-05,0.29969306427452,3.40211117714203,3096.77228358632,2243.06044540805,3.96508116381509,3.63674103646051,3.44269562456925,10.9909649536624,0.945725004233378,0.110349302061117,0.887685926436449
-0.0003800414731772,7.61484281550756e-05,0.297470644617217,3.41603125403703,3096.47566031403,2242.65418599197,3.96507672032157,3.63672099113464,3.44237877145961,10.9888010626361,0.945623898439166,0.110352403228443,0.887433870124337
-0.0003840430911057,7.61383124075138e-05,0.300861304231312,3.54532853614229,3095.75691357156,2243.95062672749,3.9651274235694,3.63652974537441,3.44159940580459,10.9951806224211,0.945402912439498,0.110101886625431,0.887424914379299
-0.0003769768736585,7.61892291116261e-05,0.300119001897622,3.51411520500961,3094.52277560323,2238.54484577157,3.96523685638721,3.63596220924741,3.4400690839858,10.9689189228663,0.945034056275634,0.110359882815936,0.886940073890986
-0.0003812482476521,7.60185687602801e-05,0.301379021111643,3.36089917264887,3093.89757489116,2242.23223924305,3.96407950648945,3.63595604896545,3.43955983187661,10.9872162799414,0.944846121908145,0.110395622107396,0.886827970698729
-0.0003791701609169,7.60059867301243e-05,0.30334966628339,3.38864343077538,3093.99181108421,2235.09228708391,3.96402224914804,3.63619971502395,3.43979327405662,10.9520752095192,0.944860506605186,0.110210108703863,0.88660259726283
-0.0003813275025133,7.61785259409063e-05,0.30303978516038,3.32396941975328,3093.85134776111,2225.23296062823,3.96503134743198,3.63642026810419,3.43989107863794,10.9036518292719,0.944814601719804,0.109773666405688,0.886537895972765
-0.0003918878318643,7.62250318224864e-05,0.299480979930158,3.42661212713009,3093.33588067594,2223.2175393817,3.96497704956558,3.63634006863549,3.43932716272178,10.8937921874353,0.944640007664074,0.109307683833912,0.886790297155355
-0.0003768958147959,7.62353651900301e-05,0.298020769349295,3.37687750525779,3092.91432976013,2226.40813894418,3.96485339940249,3.63621822992961,3.43925801555326,10.9092186182633,0.944620594359205,0.10967559283983,0.886214411396456
-0.0003374735111643,7.03221385019757e-05,0.291247892036399,3.56643350823693,3090.07709984269,2490.44249383962,3.97891529356496,3.62525144531613,3.42631460021531,12.2032346761651,0.943704423371398,0.122458122541824,0.884321684131646
-0.0003636804300931,7.51393845851732e-05,0.301860365678173,3.48690008391399,3081.99802688364,2354.9283616273,3.96900341775682,3.62039034934271,3.41509817386872,11.539211410332,0.94122634266385,0.117022203201853,0.887070368728247
-0.0003548790863239,7.51699218606753e-05,0.301958756368832,3.40855212911134,3096.11217211655,2415.08461416844,3.97013357382142,3.63138797850836,3.43699567239628,11.8340317762666,0.945510120725623,0.119507806514096,0.883612085157255
-0.000371789572327,7.55312492714295e-05,0.295909163043317,3.398549832575,3100.380445674,2272.60762427211,3.96613633961967,3.63520961034866,3.44424967568384,11.1358454316458,0.946827518367461,0.113107149274652,0.88792093938875
-0.0003777161735658,7.55369228103234e-05,0.300048766028461,3.39902663157151,3100.70938098715,2255.57730425832,3.96501891784246,3.63614420890808,3.44548674280071,11.0523923812364,0.946951126968593,0.112154373133562,0.888330149103954
-0.000366801420435,7.68536413900594e-05,0.295795414047749,3.41658047009421,3069.42031591704,2354.36310409754,3.96568736632665,3.62447890868554,3.40003077105175,11.5365296925624,0.937378555912192,0.116679078838237,0.88679199923476
-0.0003564778596496,7.5266260850208e-05,0.302425197081571,3.36326095597235,3062.90453434381,2395.11180292383,3.97072605898151,3.62102846915905,3.39143067287853,11.736048352479,0.93540369953513,0.119166620233305,0.879236221451645
-0.0003632690344527,7.51723925857789e-05,0.299469677754381,3.42260375619578,3055.68602493375,2382.9122225694,3.97044337940755,3.61748616282756,3.38211121817098,11.6764091717733,0.933179435416339,0.117952542398621,0.878446946479994
-0.0003615049902454,7.51435674441339e-05,0.3009197160031,3.38067077060283,3054.98339673568,2387.99033566093,3.9719977486605,3.61792058211106,3.38197750875339,11.7011819359085,0.932972219968395,0.118254364319481,0.876342484902347
-0.000367126583203,7.52239223592291e-05,0.299696670223742,3.44896377873758,3049.21733127922,2377.99021136219,3.97139483791287,3.62348226899082,3.37413706295593,11.6522901894665,0.931205845499535,0.117163300747244,0.875822488501523
-0.0003683632139912,7.47406541033546e-05,0.301220921110116,3.42207338149324,3075.67613888365,2333.9633244892,3.97260979474601,3.63369979995948,3.41401410385146,11.4364217423056,0.939287244190324,0.115755947247996,0.875619645043046
-0.0003784942736914,7.60063568019342e-05,0.30409706853013,3.37628658270155,3080.86576453262,2276.5126029146,3.96743174923791,3.62854562941052,3.42199746454732,11.155392703121,0.940881999630314,0.112273181968373,0.882153419626346
-0.0003762321278452,7.6038243175095e-05,0.303260144638673,3.32084749114651,3072.8815293583,2261.38879465242,3.96577554146449,3.63547485608321,3.41334755364828,11.081269470617,0.938436843940357,0.111733191783035,0.88310409961823
-0.0003681933861897,7.58324950464267e-05,0.302045932452232,3.34300484708305,3047.56176136702,2361.77245567899,3.96941305278392,3.62471484443516,3.37382051304133,11.5726969761273,0.930681392956788,0.116281000222973,0.879381292876449
-0.0003366256418099,7.53889452141421e-05,0.30305599653843,3.31886080847235,3048.98367494709,2383.97483110378,3.97176507521759,3.62633104231751,3.37651968605389,11.6816430794465,0.931111947372051,0.117270560910246,0.87438325159031
-0.0003651612123823,7.56533132051705e-05,0.30213807678107,3.33212478003235,3045.29646104388,2372.31908127401,3.97120179698966,3.6252776696844,3.37237442138952,11.624422868736,0.929974770050026,0.116675511517801,0.874635336700503
-0.0003659511005561,7.5604174551119e-05,0.297443474108101,3.44100615953613,3040.98382571261,2372.9436067256,3.97184862390076,3.6229147286091,3.3665957808625,11.6275557247712,0.928674822047907,0.116488048057425,0.873272544136118
-0.0003603282306278,7.57601400256579e-05,0.302848004855287,3.32790696026632,3033.18628680095,2409.36452802844,3.97234473580664,3.61836954922352,3.35582198767342,11.8061531349772,0.926279969171925,0.118280695395454,0.871795899294509
-0.0003748040862297,7.46052750375541e-05,0.293573241926743,3.4672805735095,3064.33279001471,2311.16692468314,3.97239113258103,3.63137355905313,3.40220562260358,11.3247220749768,0.935794342174301,0.113464971388052,0.871548092217355
-0.0003780231823921,7.64469327323517e-05,0.30919863173704,3.24794571451563,3068.33393785523,2288.79324824965,3.96723989801034,3.63406570370381,3.40808243528418,11.2149828853639,0.937020441285356,0.112252552813588,0.878869436601009
-0.0003900489723527,7.6386986377817e-05,0.309780928339747,3.26889313233268,3044.93797584972,2265.48180731674,3.96592271927349,3.62744571861711,3.37410550106855,11.1012077182392,0.929874896367703,0.11071356713822,0.880009843142976
-0.0003592149938446,7.60785458427499e-05,0.304701268793827,3.31819743112434,3022.35715531273,2420.25487880444,3.9724431891333,3.62074830952813,3.34088871851715,11.8591108598129,0.922979327516714,0.118519647164375,0.871113077417043
-0.0003567770343203,7.54891586889995e-05,0.303449149970618,3.36251521293,3029.65581017308,2423.92705016406,3.97512747219631,3.61911477394474,3.35368579855577,11.877114205625,0.925220095977577,0.119010689858641,0.867293307244946
-0.0003695970627472,7.57196438420959e-05,0.301469872011936,3.39400834824613,3027.03076403908,2400.14679212653,3.97149552072797,3.61778941432249,3.35030209493075,11.7606314729857,0.92441556153635,0.116643118494715,0.869649654212591
-0.0003483832878037,7.70018597970423e-05,0.320566081515361,3.18878559989391,2992.87085472007,2517.18935424811,3.97277233366332,3.6120167651979,3.30007147169953,12.3342529368278,0.913965454600593,0.122812143243751,0.866561676078714
-0.0003206968441597,7.59797099062149e-05,0.31178895580264,3.24994335661513,2993.46465910215,2619.49964338477,3.98030200425316,3.60056531195547,3.29833404885326,12.8353946725648,0.914169772604677,0.128795561271269,0.858112166287061
-0.0003632616349131,7.57665602153049e-05,0.309890920461541,3.26551805644951,3032.97069702065,2407.9916443195,3.97566862901052,3.62464567064082,3.36154062779848,11.7991606126406,0.926221958764743,0.117643368672752,0.862630484212891
-0.0003675467559694,7.66116275479028e-05,0.316166456856741,3.25375415527519,3038.98768377031,2364.35303554841,3.97026259790767,3.62852264145046,3.37017914153349,11.5853092519259,0.928069687556074,0.115374715306803,0.87060802694674
-0.0003677594705811,7.67524904452143e-05,0.310332420544132,3.31998815997096,2990.37120795721,2340.52194059402,3.97010393735379,3.61230857301467,3.29836415585746,11.4687495970224,0.913226046736191,0.112091323421064,0.869322169317725
-0.0003142807804258,7.66108055673403e-05,0.320319602772971,3.27831424633837,2966.79201548017,2643.10859703529,3.97929918413331,3.59627550663334,3.26409900215681,12.9511985849999,0.906023150489156,0.129608931077551,0.856540979966738
-0.0003339928498804,7.59539409767011e-05,0.323027481795061,3.1215455986158,2972.69838855608,2634.95226228394,3.98133512196087,3.60269194546312,3.27482229597409,12.910831515263,0.90782673612246,0.128318079754865,0.852586781713232
-0.0003294662600641,7.65925612123608e-05,0.318783421192626,3.22760257994943,2959.19784447097,2675.62341845181,3.98090428255853,3.60277701377869,3.25557066188337,13.110599201482,0.903689573563386,0.129938975916296,0.853415456031828
-0.0003282920942238,7.62061552616788e-05,0.318088050345106,3.19535677614466,2949.85411887441,2674.84263549739,3.98242968142389,3.59770362615585,3.24325991793256,13.1063937192348,0.900863687615646,0.129995669713694,0.849960115363319
-0.000311115408012,7.62250973949389e-05,0.326217521542882,3.16603377850075,2978.49440184195,2719.16958079743,3.98407980763769,3.60965508989768,3.28601229998717,13.3235802994588,0.909589183742681,0.132608420213284,0.847339629730782
-0.0003488962361997,7.65696318518943e-05,0.324607990118005,3.10625922287508,3005.53129608452,2490.22200683004,3.97659368570461,3.62029108814165,3.32639722656078,12.2020279891607,0.917839809578223,0.121208120707101,0.858669074359605
-0.0003586877860825,7.69858245941145e-05,0.319570706063259,3.17907722562185,3014.23549237248,2440.35052251775,3.97396457469326,3.62596672890233,3.33892553731542,11.9576098154549,0.920496161016434,0.118357325951508,0.863352249604219
-0.0003596386839556,7.69545365243936e-05,0.320506547976543,3.18697884519669,3018.95540780754,2410.05460599926,3.97143876963648,3.62914030458413,3.34590354066721,11.8094205821331,0.9219480188855,0.117215177882698,0.865298463458178
-0.0003649438197522,7.71109933786519e-05,0.317218023226002,3.23512523218527,3021.72115735884,2384.91488138388,3.97110503605434,3.62203272338052,3.34993413196601,11.6858423851673,0.922776091367145,0.115965971600243,0.866513893747002
-0.000358224740896,7.69985964032074e-05,0.313285759120234,3.3202060461373,3029.34837862162,2404.51012486621,3.96932411329313,3.62804628807364,3.36198052072017,11.7813626357872,0.925183001319976,0.116649917109868,0.872522259753247
-0.0003713376191532,7.71691349195803e-05,0.318724256825461,3.14056200632544,3030.25525453826,2339.26088261936,3.96815284951167,3.62870974448121,3.36338172447294,11.4619476185242,0.925469324155558,0.113559960497402,0.869599084512279
-0.0003702266817519,7.72404558967722e-05,0.316602814676026,3.18441140989924,3031.64627660351,2324.90218499588,3.96926774143499,3.62980239831128,3.36548087703279,11.3919017631043,0.925879144446169,0.1130573903158,0.86940458699673
-0.0003769968537539,7.71890275161239e-05,0.315499728317907,3.22328899743417,3027.53695836296,2307.54312167328,3.96865110343459,3.62715171841742,3.35974896840694,11.3066637029012,0.924648298371495,0.112106625904694,0.869433786392839
-0.0003759919882164,7.71772298431861e-05,0.315562519894385,3.23335117606444,3025.91168310086,2334.19896660821,3.96908580715006,3.62616439236021,3.35749599955699,11.4371951110578,0.924145496437505,0.113257782555476,0.868417344150044
-0.0003739525315437,7.72089928657138e-05,0.318015769769841,3.17384305102305,3024.80255332234,2332.98024279595,3.96923761882565,3.62567387969748,3.35614127844642,11.431178912261,0.923805763175005,0.113419286054452,0.867986692835657
-0.0003725659294,7.72140020753849e-05,0.316611386655405,3.19689065700696,3023.80528740829,2334.43333816068,3.96935170888901,3.62523523812155,3.35489159511782,11.4384059680371,0.923493317851757,0.113507739031949,0.867689737405999
-0.0003716494174303,7.72568439191031e-05,0.317465295375484,3.24666467128416,3022.1305490536,2333.74574624543,3.96949063106017,3.62454348397486,3.35285465047376,11.434712142426,0.922969782671614,0.113589886703156,0.867255909781803
-0.0003714053118939,7.71781633149976e-05,0.317861769169244,3.16853227072382,3023.27163761621,2326.90243383986,3.96939679844813,3.62554967982098,3.35480760285576,11.4014345837804,0.923341345874468,0.113237100836379,0.867029474050061
-0.0003658982014362,7.74400505554482e-05,0.316993421144601,3.2367320095037,3022.2410718255,2362.0119991363,3.96866207877121,3.62561413848284,3.35440717038723,11.5735418847984,0.923129817854133,0.114332197215246,0.871983831749428
-0.0003137951197371,7.08813546790172e-05,0.306538712042466,3.29843863471584,2981.88626059317,2771.87306905236,3.98926818864585,3.60794116954992,3.28733840373542,13.5822864189685,0.910663083359001,0.134217878481592,0.862436680392995
-0.000323944946773,7.64343474196719e-05,0.322973553888477,3.14264667652219,2967.12040107615,2637.53089062198,3.98106787344989,3.59909732743065,3.26702825548321,12.9238802090336,0.906145996747528,0.129893245229512,0.857538197146394
-0.0003042346806667,7.6416630758909e-05,0.326749915112829,3.11517595392154,3001.01527282062,2671.4228007137,3.98241468554451,3.61548387770559,3.31832385665761,13.0895768500167,0.916486398772148,0.132687637264968,0.854118178750885
-0.0003562074488785,7.66616373819882e-05,0.323227232365658,3.120229436044,3012.97017033905,2434.38191440365,3.97452271466999,3.62416322558534,3.33620888237341,11.9284438970911,0.920115774568354,0.119926328964606,0.862332178159735
-0.0003615937188472,7.69022573798441e-05,0.3226855597554,3.20234572960718,3018.42423622156,2394.72687315993,3.97225311295739,3.62822267354703,3.34455900118016,11.7339549947615,0.921775904232116,0.117893255313972,0.864770405286435
-0.0003063928596935,7.96049842874168e-05,0.365395575132534,2.78880569992688,2954.1677160917,2605.93835702774,3.97278163028739,3.60332921981811,3.25197172090224,12.7690956174051,0.902179086100683,0.127406347048214,0.862928356182334
-0.0003244291763803,7.65595929053011e-05,0.327983673153726,3.10216320432716,2940.91802025749,2711.15483160541,3.98247446332659,3.59825582504272,3.23633994063097,13.2845016735243,0.89812927412129,0.131311657668791,0.853117616411699
-0.0003245936261774,7.68993484822384e-05,0.327357506211423,3.09933681524251,2934.69879496936,2689.5299851969,3.98327695318015,3.60340685796256,3.22774496769344,13.1787344339395,0.896233076573824,0.131084872933393,0.845320052522403
-0.0003310320145773,7.70710184084194e-05,0.331974212396503,3.1844057896144,2922.46409171277,2654.62431496888,3.98361545872975,3.59625396343193,3.21124342038088,13.007406439798,0.892519982021697,0.12960747654673,0.84296684152079
-0.0003146524858655,7.73348719263549e-05,0.338457706884154,2.9760371286543,2955.21716539866,2798.7786955003,3.98641151771313,3.61092392206192,3.25971211367836,13.7139271124139,0.90248456041675,0.134798219825364,0.840403578009088
-0.0003484338699337,7.74895206365227e-05,0.332282473197517,3.0299378523438,2975.98501677072,2525.92694346003,3.97865885706509,3.61713131819621,3.29079532181979,12.3767501397465,0.908837910373162,0.122470560159537,0.851411733219519
-0.0003565855613797,7.76170586765514e-05,0.330875470332013,3.03443770591192,2981.86084679142,2480.72517547803,3.97527692610757,3.62107065172479,3.29926018774326,12.1552532755434,0.910622250408314,0.119862313492612,0.855266252382575
-0.0003116564152546,7.94966454491094e-05,0.329934807485059,3.04751817431448,2924.52682339842,2629.53101907185,3.97384037350762,3.6007668466279,3.21696337906687,12.884386850943,0.893129799073491,0.127889192774158,0.853051237899816
-0.0002929780880704,7.76398399866475e-05,0.337998288435831,3.01105528053169,2908.73017219175,2761.51268455375,3.98600964429902,3.5906189908885,3.19468352229681,13.5310191962346,0.888289205902953,0.134413727904638,0.839608227975354
-0.0002993318212512,7.73409983264543e-05,0.331015802155167,3.10005784903837,2905.72961556073,2754.05979104998,3.98597554633954,3.58981912304657,3.19158312746714,13.4943151845256,0.887392598347048,0.133902141490275,0.836157874756387
-0.0003268592502741,7.67096285308174e-05,0.336125698199717,3.0408209608372,2911.67549937768,2442.18515379001,3.98205172297466,3.59748563621983,3.2035578663428,11.9660069179396,0.889257942327317,0.122719383233469,0.837727695758537
-0.0003238448119318,7.73304338835684e-05,0.333933772683936,3.00955305093104,2907.7376979152,2540.08909701719,3.98522778713342,3.59361558008676,3.19684018358427,12.4458034247982,0.888053606569232,0.127774360472443,0.835349531246968
-0.0003052792722785,7.76323797890017e-05,0.33784023273137,3.03581096681345,2903.62827870856,2641.55566053796,3.9860629786743,3.59741026771312,3.18867806317494,12.9430647367787,0.886786957193834,0.131722833116828,0.834451731839666
-0.0003518514612405,7.62489841691152e-05,0.324954949379184,3.18635101955235,2949.30370291494,2468.37465865557,3.98456462750952,3.61415124416351,3.25781151687834,12.0946823067297,0.900716909013643,0.123161381170215,0.835994102628743
-0.0003527339359402,7.80621929732923e-05,0.336348810070247,2.98587119650832,2959.42657513814,2437.95413771924,3.97789639551964,3.62027396917343,3.27193066891795,11.9451695088505,0.903817425393699,0.121475573536213,0.8467406952492
-0.0003659268614592,7.81579313018362e-05,0.335214235127425,3.07807101185871,2929.176213231,2404.75190324076,3.97669374101302,3.60579987728234,3.22547326322568,11.7831838408564,0.894596210275481,0.119552658681519,0.849475865725061
-0.0003015744783486,7.79567335889964e-05,0.337263659383193,2.99417361717482,2904.06593190669,2695.08574695414,3.98455916090709,3.59628169147336,3.18794718231383,13.2056015144792,0.886900693737003,0.132931521836908,0.83820898515613
-0.0003234557141053,7.7638990599802e-05,0.335241200074167,3.02116887721567,2904.95668126221,2719.30229543864,3.98778265239271,3.58968499212554,3.19087031192125,13.3245577979552,0.887165235877391,0.13329329975243,0.834559132447358
-0.0003202556756102,7.813252443003e-05,0.33482058658782,3.03675824515763,2894.64259275465,2728.75712736927,3.98653188073562,3.59163518097936,3.17596435411297,13.3707735799539,0.884012879364921,0.133524181478639,0.834345889835939
-0.0003143974393863,7.81234198277764e-05,0.342385137585555,2.98003034381432,2891.59774635149,2773.34770679114,3.98839800004606,3.59094446046012,3.17283490271757,13.5893175392729,0.88309057161653,0.135509638658176,0.83130674384384
-0.0002898740916634,7.86333995750802e-05,0.348545836199352,2.88547248286187,2887.26943336612,2814.39522169821,3.98801318310803,3.58620543139321,3.16489501134927,13.790605275102,0.881738630115058,0.137528711869091,0.830522233604635
-0.0003342319924034,7.79359085612098e-05,0.344358228091975,2.93940165708899,2927.81680807855,2629.79326102417,3.98598794530078,3.61071350839403,3.22868275862106,12.8856845867917,0.894131476218681,0.128227018472195,0.832247674837926
-0.0003387410464823,7.877219999534e-05,0.344818848019664,2.91229529943721,2937.00654677986,2567.71745424156,3.98044381312981,3.60833296537399,3.24228079856999,12.5817274184776,0.896932202996973,0.125578173087354,0.841489094735222
-0.0003528367269921,7.87753227995747e-05,0.338918470835506,2.96797251184283,2904.59719206218,2477.32964160625,3.97888975484031,3.60266650452906,3.19393786367163,12.1388536623711,0.887034742633764,0.122490691568936,0.842756139909761
-0.0003177376713145,7.87012661763141e-05,0.345643343046093,2.90984954152218,2880.84748115004,2780.38083172706,3.98538123236762,3.5870431783248,3.1603836923458,13.623490307206,0.879791345754223,0.134087377351575,0.83240968512626
-0.0002971928004384,7.83520950708436e-05,0.349348484169318,2.89539422559639,2879.73810559159,2774.06685491861,3.98885102597823,3.58805610452379,3.16036342332101,13.5924513303792,0.879447628969583,0.1354802830566,0.828101783223572
-0.0002802314877517,7.87836482815571e-05,0.34149739431884,2.98735610123834,2867.97275056815,2807.03714185453,3.98858548691554,3.58982427095629,3.14411991612073,13.7542020373365,0.875845989344902,0.135151619632386,0.827386183897444
-0.0002801322221046,7.86576802554281e-05,0.35201572823523,2.89597910672375,2864.70720522417,2833.23898884302,3.98900828721388,3.58873414255909,3.14040660206925,13.8821310365685,0.874832901462064,0.137031153237803,0.824324229804689
-0.0003062432306876,7.92097608267301e-05,0.35244087676327,2.87035667135189,2868.73820590432,2869.37879290042,3.99032921011343,3.58800793431469,3.14314650973318,14.0596809637727,0.876082746974285,0.138720438198079,0.823233049335014
-0.0002956287842275,7.86039299546475e-05,0.349307932376915,2.90782016327115,2904.42812956663,2685.71330829602,3.98591300440423,3.60070305400424,3.20028253707725,13.159724631785,0.88698311396383,0.129292847624576,0.827351134826448
-0.0003357707727672,7.92291481413445e-05,0.351174520966532,2.89184592326459,2912.95979080748,2627.87128404842,3.98188116911686,3.60713133426628,3.2129565480156,12.8764121335736,0.889570445372842,0.126565050049171,0.835389127484838
-0.000345130064753,7.91978011586999e-05,0.350765610449848,2.8788634696556,2868.09578779654,2536.46599276664,3.97955127918359,3.59346527414224,3.14744825598588,12.4284549417504,0.875891914327068,0.124002988334658,0.835199190251484
-0.0002809808870585,7.89133610531665e-05,0.351918418941556,2.85399174048614,2856.14500830145,2834.25662645506,3.98894413462225,3.58719158909984,3.13194363931475,13.8871272966362,0.872226555639968,0.136741369482611,0.823618126957511
-0.0002847972339316,7.84451883671465e-05,0.346729848068838,2.91117991290506,2866.27056637325,2775.31910236817,3.98923076987266,3.59603952132549,3.14818445836766,13.598723710138,0.875323174004679,0.133102563854846,0.822376981054727
-0.0002923766817973,7.89995055070864e-05,0.354552016638041,2.84219881316675,2860.75520899351,2752.89802213735,3.98707981583495,3.59274241850548,3.14064582115814,13.4888132135191,0.873631403925107,0.132404096956194,0.824211873120247
-0.0002884416655866,7.85518257380304e-05,0.347805566997337,2.90542836468902,2860.52074500395,2742.28704604151,3.9862926736474,3.59300283795779,3.14070889874951,13.436807600855,0.873570255550098,0.131297739327916,0.82279710610736
-0.0003187964517705,7.89780115214497e-05,0.343581209486002,2.94529375184977,2863.67688157334,2768.80356992129,3.98655785024166,3.59241856004774,3.14278626887805,13.5664490600604,0.874523608440046,0.132205881292248,0.821913425903681
-0.0003340283728073,7.89989055129345e-05,0.352989686082322,2.86905397594222,2896.86673493695,2636.1367938366,3.98337205986918,3.61094165091612,3.19493634054644,12.9165115342375,0.884670303747297,0.126266450534955,0.825427016962485
-0.0003087403137143,7.96795884152191e-05,0.35325911039868,2.85883353815267,2902.64970566216,2611.18418267334,3.98121477618362,3.61450915677207,3.20288671454668,12.7943214581197,0.886427558606441,0.125128537499181,0.832949479718293
-0.0003113643705254,7.96061351476002e-05,0.353749492853591,2.85140525050744,2869.23991777003,2550.88970739069,3.97948454510082,3.60144677850389,3.15538904735412,12.4992856753348,0.876231451421969,0.122805218482082,0.833273816864095
-0.0003010665332696,7.93494500476466e-05,0.348885062912347,2.8888293460743,2852.9110577699,2748.24136958166,3.98592211593012,3.59077584374811,3.13242717862124,13.4660964775366,0.871241557637406,0.132203886215565,0.823469031417965
-0.0003252440442484,7.87408222526698e-05,0.344062320014721,2.92723503264108,2856.05182280793,2724.99222863855,3.98646473288536,3.59509964087575,3.1388318311879,13.3522766888349,0.872199459695533,0.130079816226603,0.821054852376124
-0.0002928825553669,7.89840048115511e-05,0.345471675378272,2.96469475578953,2853.75532400888,2723.86534683156,3.98562671393156,3.59360217556511,3.13562471809092,13.3466243427621,0.871504321556112,0.130346164539163,0.821372350349256
-0.0002938664984901,7.90311686240484e-05,0.344806636453786,2.92139726671854,2850.86429011734,2725.05437640089,3.98575728237629,3.59236177709914,3.1322076089712,13.3529798905416,0.870633683162983,0.130214791226156,0.820643160009113
-0.0002848056205382,7.95433029662949e-05,0.35607299616463,2.82856963935026,2857.1924211079,2763.1936654849,3.986458076621,3.59292271456768,3.13785854381581,13.5392708305536,0.872552424770355,0.131707908960527,0.819197765665729
-0.000334688544987,7.95573533009601e-05,0.356838124099741,2.86974230867215,2885.46234795358,2638.62256070686,3.98325910833147,3.60766662383566,3.1824394374928,12.9288500011086,0.881172534249184,0.125775641954856,0.823663746361046
-0.0003039490782404,7.99410962718932e-05,0.356998620760871,2.81663875307681,2889.94717240176,2614.28021074523,3.98090282300623,3.61065745110414,3.18886399680404,12.8096064097607,0.88255629424162,0.124552540144497,0.829831802237197
-0.0003423503376535,7.98263544720648e-05,0.354358124091069,2.85794132264175,2892.55675193504,2593.76561375457,3.9795392170185,3.61249819823674,3.19264483713035,12.7089082441802,0.883339721410207,0.123470922345454,0.830993117989545
-0.0003081594365452,7.99812697560659e-05,0.355279802797603,2.85115528354917,2893.22892883141,2584.89052817551,3.98019115852587,3.61325499719503,3.19392534638853,12.6654718119538,0.883559322142008,0.123416091184466,0.831473516745066
-0.0003076536821318,7.99740357503452e-05,0.352810172737991,2.94356909469409,2893.36970944342,2577.70344761701,3.97982215736852,3.6135540811383,3.1942902117892,12.630595908525,0.883597713838564,0.122863010234298,0.831693180054094
-0.0003460039195372,7.99155189652527e-05,0.356094506505544,2.82335110853495,2893.97922450327,2568.09432416281,3.97952479304689,3.61416380989308,3.19535265848424,12.583164141279,0.883788475001659,0.122277881801542,0.831653336825152
-0.0003224117994755,7.99359325607216e-05,0.35603099714895,2.8518472601662,2893.87013554457,2563.1727929216,3.9791243466464,3.61451907790437,3.19555387236691,12.5596457798038,0.883746829792454,0.12307122705265,0.831809364581942
-0.0003181805166767,7.95449827931518e-05,0.346250483764725,2.91553592321972,2900.74558511638,2532.67401014868,3.97817239616856,3.61921845163618,3.20554504632179,12.4102729291427,0.8858570510373,0.121064275357701,0.83213700546717
-0.0003518338248129,8.00346245864046e-05,0.350205017936312,2.86868422235777,2900.27843725693,2525.37722722499,3.97782582690917,3.61922506896817,3.2051905423379,12.3741240197781,0.885720405056796,0.120285609061415,0.833746164768001
-0.0003165670846892,7.99721285965629e-05,0.351948750091227,2.87044420447494,2900.7926322213,2515.6588405536,3.97765803624348,3.61987281332211,3.20618069598548,12.3261033933237,0.885875389342525,0.120052353578509,0.833527296764488
-0.0003058070540495,8.00335720722568e-05,0.350116310160272,2.8818140070314,2898.71469120501,2586.59525848128,3.97757167444971,3.6193093450702,3.20389222760131,12.6738874693315,0.885223328780466,0.122297761340917,0.839264345563485
-0.0003313075210834,8.01727528777725e-05,0.353353010640312,2.84813743430808,2899.23037428258,2528.04711375001,3.97759854649923,3.61945805500965,3.20441690121341,12.3873942832883,0.885370901500011,0.121268743812708,0.833661330559483
-0.0003145470927012,8.01600755017618e-05,0.351991677053316,2.87734066072023,2898.48052581854,2514.0792877822,3.97768828380539,3.61927960356887,3.20424948780918,12.3181257309908,0.885309869041768,0.119735696311881,0.833040449938538
-0.0003122546718726,7.31660025803172e-05,0.335444576385437,3.01765006675832,2877.6933642414,2801.33552010811,3.99372212635064,3.59758705752236,3.16727555190428,13.7262600404999,0.878856442411223,0.133844133598886,0.829008054635244
-0.0003277084258929,7.86674696409537e-05,0.344622139562878,2.92172235782753,2863.72471076949,2652.35406264627,3.98440983544098,3.5982715493625,3.14813286065057,12.996051160594,0.874576428626382,0.129390731558927,0.829206103841017
-0.0003228265748619,7.9046511413153e-05,0.349897119571992,2.88551093853584,2875.85009854561,2709.85230749712,3.98582306802273,3.59573308545716,3.16399198262682,13.2784385997917,0.878248202163225,0.132157173282865,0.822930493074419
-0.0003450629146295,7.93207370602026e-05,0.356111489229177,2.90465640371036,2896.33722811959,2560.34294898381,3.98252708592066,3.61303357445464,3.19647982033053,12.545569580976,0.884542405702686,0.124420427445077,0.828958039588374
-0.0003448058711167,7.95545649451243e-05,0.353430250183818,2.89876480740908,2897.08776589899,2533.42237186306,3.97965827421709,3.61390438858344,3.1977917074999,12.4137000368912,0.884747553920832,0.123047522852668,0.832443807801475
-0.0003494055699218,7.96586565358018e-05,0.350116102645996,2.94380757226405,2853.39778477134,2531.17059817584,3.97939425237251,3.594503658334,3.13618052850688,12.4027477095207,0.871408944156429,0.120488452090734,0.830895673916862
-0.0002911845239167,7.96377744496649e-05,0.352766098061073,2.9045449503112,2835.78751983435,2710.07151679603,3.98678251355886,3.59360621869564,3.1127702049528,13.2794269108261,0.866035412709337,0.131197300081038,0.819307136514352
-0.0003004005843716,7.94506920386008e-05,0.352917756551569,2.9216643645243,2835.11593531711,2705.83709130104,3.98804483323727,3.59533859044313,3.1137293356569,13.2583864989822,0.865828827743266,0.131778904534777,0.815827989829463
-0.0003055993623623,7.95689071518474e-05,0.359207580159681,2.79132528561913,2833.28782754623,2708.93085608071,3.98770669721207,3.59447492162387,3.11141507893459,13.2734016351118,0.865258531630391,0.13137990698977,0.815398149332288
-0.0003079181749934,7.96501203281498e-05,0.356032185899686,2.82692466178637,2825.24067452546,2728.49284591005,3.98820879174478,3.59012801200151,3.10093892031256,13.3694305518908,0.86280583019287,0.132513271498546,0.814791167098544
-0.0002933286431769,7.99240445569415e-05,0.361740398678136,2.83045198035519,2841.772509521,2756.96104166523,3.98850010618379,3.5985873863101,3.12206920866339,13.5089375169767,0.867855574087167,0.13261933449688,0.812726988697502
-0.0003009383961576,8.03501553677709e-05,0.365529292078105,2.77031480500654,2862.80610052323,2642.8099497284,3.98392461397633,3.60786738592325,3.15568925099487,12.9497376063998,0.874259112618962,0.12641277386234,0.819523242360339
-0.0003108350987576,8.03560567784937e-05,0.362936111797551,2.78221146792487,2865.32261518319,2615.9830598447,3.98128890255351,3.60981225475822,3.15950692001385,12.8177248931016,0.875023865555393,0.125167753513863,0.823644406669187
-0.0003314544080373,8.04609191527926e-05,0.360881211807802,2.79941018519011,2823.71068528105,2560.1394340347,3.98171062264706,3.59206449240446,3.1015567497658,12.5444841047682,0.862392794096042,0.123729344554344,0.822508964104968
-0.0003036523185768,8.01253093037121e-05,0.361804816959005,2.80124495346618,2804.56925725864,2760.77308322405,3.98702107569215,3.58941883538899,3.07541832030379,13.5267019407153,0.856559865770049,0.133098792780438,0.810913946431655
-0.0002854303055806,7.99863812008356e-05,0.360462875428729,2.79498394556966,2818.06922074853,2788.8975692408,3.98964502401413,3.59152975181739,3.09639094873838,13.6646335769218,0.860649806224297,0.132661198334094,0.808255559808333
-0.0002876500695356,8.0395955195583e-05,0.360807571874147,2.80177570617949,2806.02242517611,2766.74529610606,3.98784623719469,3.59360866044697,3.0801264362258,13.5560569303384,0.856972909679331,0.131521353169883,0.81183338509756
-0.0003156815655054,8.02938543158427e-05,0.364915831105404,2.80541511112597,2808.14747594824,2775.67913774733,3.9889942111483,3.59480185759695,3.08297531977562,13.6001984044677,0.857639221956149,0.133218863878293,0.808049575854924
-0.000288182096336,8.06986523491362e-05,0.369128833227091,2.75272885704278,2807.35041957413,2774.1011484116,3.98824125945948,3.59151374666314,3.07942823775932,13.5922362902824,0.857382252263909,0.132005316561897,0.808682298504732
-0.0003119526497716,8.06142299816089e-05,0.36855482215597,2.7819086816693,2838.32162610031,2682.66814096423,3.98649270879398,3.60731157412132,3.12705101137695,13.1442098262225,0.866861872371525,0.127976275888322,0.81067818220864
-0.0003039238675432,8.08867174679002e-05,0.364570772772952,2.76898013411417,2826.93153549795,2735.5270090093,3.98270732237969,3.60549150655667,3.1159275586517,13.4038116433268,0.863374869600598,0.129292116770918,0.82450095250167
-0.0003143507154125,8.11245222528031e-05,0.368205826611574,2.72668186591906,2790.92876410604,2809.14741655192,3.987421913992,3.58622447315015,3.0613927752642,13.764296292704,0.852405725468621,0.134043755743482,0.812636308309322
-0.0002841812164501,8.10210262093557e-05,0.373703789032736,2.71895989273528,2789.0727821113,2863.95450448731,3.99033584440908,3.58599946373387,3.05965359137609,14.0324924015067,0.851828334810918,0.135622197768255,0.803845808384222
-0.0002975920538865,8.10497420009654e-05,0.368945062842135,2.78230766607278,2791.92920273915,2803.77265299961,3.98926211778934,3.58904721862391,3.06454666358232,13.7375490264535,0.852682918941963,0.133760741564307,0.804532507156542
-0.0003249224391987,8.08410936999689e-05,0.37053492439247,2.76197600515257,2775.60094838118,2699.58714693494,3.98813999004853,3.59007788972652,3.04391432458935,13.2270457084792,0.847706876479255,0.130813876150223,0.803279110969895
-0.0002844054203583,8.09350782011031e-05,0.370516794318562,2.72839223749812,2769.35055827076,2816.39652523008,3.99030031081169,3.58491667027169,3.0343099675643,13.7996398383823,0.845795628397516,0.132841836420093,0.800301961694008
-0.0002984393135033,8.07713925928298e-05,0.373986441757977,2.69932258341443,2807.68081969209,2815.88340059417,3.99201443597868,3.6020189962889,3.08887948114937,13.7970185936444,0.857502708099583,0.134438829042255,0.799841480343405
-0.0002939842759816,8.14674618163315e-05,0.37652959158836,2.67820285160247,2815.25970457064,2714.26101913647,3.98502877995938,3.60734746832597,3.09975249278981,13.2995526532127,0.859817498731328,0.127983560953043,0.809560629258471
-0.0003091124127021,8.14664633889297e-05,0.371630138448479,2.71778884852607,2819.47884433763,2688.71519650437,3.98436209690646,3.60088650385539,3.10581608889076,13.1741784961732,0.861110642868641,0.127556095794429,0.81124049751908
-0.0002798446718955,8.13339270691992e-05,0.372518678895938,2.72490880174831,2760.63195792917,2972.87766734872,3.99105878799192,3.58259447077487,3.0250127960877,14.5660283637195,0.843105680125705,0.139836565389482,0.806050994577976
-0.0003082044625789,8.1092880692336e-05,0.372625137057665,2.71199426544332,2767.49207990884,2851.47444089415,3.99067060823564,3.58831727251093,3.03561164776752,13.9716017963821,0.845215894975976,0.13458105119047,0.79800192836632
-0.0002893619439785,8.13820158279384e-05,0.375050490568834,2.69188390128995,2768.35128265689,2831.4280592142,3.99012276259336,3.58978501786577,3.03765250470474,13.8731718827002,0.845493428730973,0.133573463416105,0.798075676206916
-0.0002911098668618,8.16679236328557e-05,0.379660816571298,2.67449632396784,2760.80442788399,2827.99080762092,3.98995030081117,3.58557129920797,3.027817391902,13.8564355981985,0.843192924946406,0.133594328828347,0.797995742247579
-0.0002922550716037,8.16904197995765e-05,0.380959484465948,2.66842336483058,2780.60224849405,2866.6147011494,3.99132411308538,3.59756301311736,3.05449557391844,14.0457760200844,0.849232189097141,0.135768364844999,0.795381645782868
-0.0002943052376198,8.18964526313662e-05,0.378094753598907,2.65595307024315,2796.80657558882,2743.08871653263,3.98599333946521,3.60047124059577,3.0785008276245,13.4411605227913,0.854187434322606,0.129210748031213,0.803352827741325
-0.0003086059273334,8.19918154105483e-05,0.380159124811352,2.63959983306233,2800.9008375624,2718.0272816408,3.98451370038804,3.60306731274253,3.08413764795935,13.3177404815549,0.855440023178833,0.128688737091249,0.806072734071404
-0.000304154401077,8.21093857328017e-05,0.376389208685631,2.71708863229666,2803.77613966603,2692.46558337286,3.98465674134749,3.60521164442364,3.08834000305657,13.1927579689393,0.856301911775164,0.127362568464268,0.806979161865305
-0.0003052251260451,8.2101965828789e-05,0.376066591577595,2.71461395747181,2804.55751074781,2684.82529616705,3.98371180099777,3.60600427828337,3.08974693318933,13.1554966253377,0.85655778012961,0.126984493811795,0.807797529992349
-0.0003280204656205,8.20466748476325e-05,0.378444059442683,2.68757728322775,2805.26101335208,2673.81020010408,3.9832761996909,3.60688723262988,3.0909977133402,13.1009235871896,0.856747131921653,0.127209539369698,0.808015986300869
-0.0003294549315442,8.19660310038609e-05,0.377940345723504,2.69458463703444,2806.08947156847,2664.52935101808,3.98278527320186,3.60767816242419,3.0924304272379,13.0554583615752,0.857013656421395,0.12669073089747,0.80821793545429
-0.0003212129411521,8.21688450441455e-05,0.377025480292282,2.68788650902793,2805.82402680436,2651.45181833603,3.98361150423686,3.60788951673006,3.09235790131025,12.991182639448,0.856925068903966,0.126125559599477,0.808286908210511
-0.0003172410450469,8.21262641962851e-05,0.37730440675502,2.66393699034963,2806.73043922184,2645.48352941859,3.98338744625355,3.60890374183655,3.09396866477038,12.9622806379307,0.857194411664227,0.125675597238543,0.808286065615095
-0.0003217626293605,8.20842644605123e-05,0.375166317620081,2.67735770826453,2807.10590533481,2632.43692002789,3.98281201026725,3.6096861387554,3.09502533441387,12.8981670636848,0.857325617601833,0.125273885741948,0.808399991289143
-0.0003107796075663,8.214092867488e-05,0.37261249099472,2.71165860209488,2807.21560161992,2616.62498976762,3.98233537553991,3.61014467289573,3.09549087822566,12.8207753773524,0.857351607035318,0.123959563600532,0.808501358313694
-0.0003165085183636,8.21143903255986e-05,0.373716804639637,2.7186016884032,2808.43463335343,2610.87549773289,3.98196975690014,3.61121514972888,3.097301688062,12.7926415725142,0.857691504955418,0.123952571241565,0.808587609226264
-0.0003179469408826,8.21214941538277e-05,0.376929164594562,2.66261448890662,2809.35702320514,2602.03205904079,3.98136887760282,3.61207254058436,3.09905551678383,12.7491926325959,0.858041717090729,0.123670519532417,0.808887660300765
-0.0003195030984359,8.21363415792605e-05,0.374216016894625,2.72007438895853,2808.3573072002,2589.73597417655,3.98076390170451,3.61189867571781,3.09839973576541,12.6885695961426,0.857823580311646,0.122982343194126,0.808798946042193
-0.0003090109478824,8.21571339537796e-05,0.374223573994795,2.72322997664529,2808.73247586802,2583.86351323838,3.98078835535349,3.61224639290258,3.09902840126392,12.6593627295508,0.8579435489097,0.122078595332523,0.808579276854353
-0.0002592325737559,7.52269683299979e-05,0.356182748293716,2.83114333140065,2769.78602011081,3049.42105756633,4.0030914466632,3.58324565025086,3.03304882864296,14.9417100262098,0.84587301747745,0.144069508737281,0.801989077732748
-0.0002900335825656,8.16347010699719e-05,0.380751402899336,2.67062255852724,2750.64577342309,2892.29669329408,3.99291273503522,3.58229919915558,3.00843198660662,14.1717603941099,0.840039101407371,0.140296601206733,0.799996269669989
-0.0002954369943831,7.96105748411993e-05,0.36299724210303,2.78081251980595,2778.36674102979,2891.26966982066,3.9960413508945,3.59695317897391,3.05179070663203,14.1671086438603,0.848459875167619,0.139314711935815,0.799830194685115
-0.0002907881896371,8.2492009830351e-05,0.388001794352591,2.59249800362342,2785.99348103396,2734.88506924694,3.98868910624431,3.59273251734282,3.06271429560943,13.400598137904,0.850821686503276,0.131010829011875,0.801901996465045
-0.0002955431120626,8.2407178375892e-05,0.385111453556484,2.61581587178112,2766.05598576882,2704.05792251795,3.98658811740386,3.59388848568531,3.03900162923526,13.2489755534658,0.844720236167797,0.129488731409828,0.802865398919015
-0.0002788906865856,8.22789778410048e-05,0.387745718908364,2.60757665180062,2729.47441302704,2842.90986399888,3.99174649307602,3.57465522520004,2.98445616969672,13.9300638196451,0.833574305935663,0.136330817874753,0.794448343237873
-0.0002925801526989,8.20221895142016e-05,0.381700202915895,2.63875761826908,2733.22453419933,2822.64453930782,3.99494558770136,3.57893514889543,2.99114968770967,13.830472321749,0.834708986937495,0.136206854897882,0.78633146257577
-0.0002798280244588,8.28903241414357e-05,0.382350487793388,2.66030979619009,2729.86530598914,2879.0809287072,3.9936683383209,3.57823518783815,2.98778719612468,14.1075344723155,0.833683250560299,0.137193482529336,0.788042363587688
-0.0002999185562038,8.2430991515854e-05,0.388812161032461,2.60270892425304,2728.92838452609,2736.55348067458,3.99288762484165,3.58020450222877,2.98865931457691,13.4091057141932,0.833390999518293,0.134157516195633,0.78594434905226
-0.0003075141987767,8.25941617112281e-05,0.390193828999875,2.61191983971773,2727.36545311639,2833.86339017173,3.99208975785615,3.58855936319932,2.98634707429049,13.8856201643114,0.832912135098848,0.135469868971092,0.787695620109023
-0.0002959140818585,8.27842516621186e-05,0.389664535781301,2.68751886608645,2760.6655442374,2816.72632077363,3.99360400319889,3.59213132553912,3.0331342845763,13.8017705849195,0.843089079973057,0.135240839285536,0.787110849483784
-0.000289348317662,8.32883958114909e-05,0.39387608578355,2.57411943088719,2766.16604768363,2746.02576252866,3.9874151047174,3.59614523928216,3.04093642485063,13.4555285669813,0.844726314030079,0.129896791407076,0.795792533024777
-0.0003121687399683,8.34047240203524e-05,0.393912916353735,2.60231837890059,2767.55692868755,2731.02646294358,3.98735938379841,3.59750960228291,3.04325838176875,13.3818483406577,0.845152362189341,0.130483064198324,0.797033569099533
-0.0003086823198696,8.50942324710583e-05,0.411880957829373,2.46242583436019,2716.02262388211,2865.7852989088,3.98823360212488,3.58318736501362,2.97236211563988,14.0421296337722,0.82941994313199,0.13683214782734,0.795458448057475
-0.0002914727847133,8.25835491244397e-05,0.380270818417705,2.68197145366331,2715.50699917486,2847.14470194525,3.99377300739288,3.58379814158315,2.97247410118058,13.9508693479176,0.829266992827457,0.135569508231961,0.783070323883641
-0.0002880023360902,8.2934096577211e-05,0.39430031552035,2.55827561218821,2717.08558107523,2850.23864990572,3.99316091219584,3.58614265918732,2.97578025261173,13.965994545769,0.829759577077743,0.13512319986343,0.783046688851265
-0.0002954456681931,8.29958157383824e-05,0.394070370350673,2.57360700842565,2720.97843466164,2829.08396319652,3.99218715031942,3.58780775899472,2.9803911716381,13.8621780708421,0.830951367820763,0.134566316460281,0.7834169850723
-0.0002918142656474,8.33183684740977e-05,0.395475611735107,2.60058552865723,2707.46142674232,2816.14639503072,3.99214015101755,3.58110335857972,2.9636018634552,13.799135502072,0.826825089402379,0.133643212684323,0.784187534644192
-0.0002896984645775,8.32086052081262e-05,0.392813567370853,2.56352011018584,2737.2912804911,2885.16152456112,3.99302268188272,3.59146673704988,3.00508854782464,14.1368726747242,0.83594186774578,0.136247836242139,0.780754970130636
-0.0002891855739241,8.38497376377717e-05,0.396225440469666,2.52922950450322,2743.26039645661,2765.36941728456,3.98924435042088,3.59593821084627,3.01376450547978,13.5502051963082,0.837748230447304,0.130424874421182,0.789576586884345
-0.0002936794472831,8.38437734824045e-05,0.39713863234177,2.55961109438065,2743.81067639202,2756.97939557824,3.9881859651578,3.59644490672696,3.01465167627108,13.5085372859398,0.837915401463523,0.130246004939484,0.790587076328119
-0.0002925384960507,8.42823376294418e-05,0.397562391483881,2.55690817012789,2690.74316415886,2842.94391948468,3.98711753362103,3.58129948836106,2.94185150242915,13.930186841071,0.821698158023665,0.13405420511228,0.788479102720336
-0.00030439439085,8.34308715326142e-05,0.398394915524533,2.55742015313137,2690.88180472562,2887.04851312455,3.99600421254699,3.58222126436757,2.94279192971418,14.1461942749468,0.821754028304738,0.137484033724885,0.77557868823069
-0.0002882454361316,8.36380562555432e-05,0.395370770252247,2.56146122883752,2687.7568422567,2879.80037983361,3.99516715874543,3.5817283640851,2.93981839009567,14.110617925189,0.820804090187472,0.13657405190219,0.775834371482499
-0.0003079573794763,8.40412816275145e-05,0.403224435897684,2.50530708726508,2688.19498507329,2897.39407816529,3.9956420176738,3.58300422574138,2.94130102770885,14.1971050025945,0.82095294681752,0.137791888689985,0.775324745857265
-0.0002920765604184,8.40955932782575e-05,0.397967606378547,2.53236538619935,2684.25758003222,2887.19083975389,3.99497569896079,3.58122830600529,2.93655161740882,14.1466929311956,0.819747353812353,0.137029777772093,0.7751807205122
-0.0002916264484901,8.41582044645362e-05,0.40168847836666,2.5101689581321,2702.44591171108,2887.05019101495,3.99562014921291,3.58089390526647,2.95935427482717,14.1459448304197,0.825307003724073,0.13688133563782,0.774468486959026
-0.0003056449147658,8.43082957077741e-05,0.399963157611587,2.52852787955817,2725.09119760909,2773.51020445034,3.99154282247783,3.59938604417054,2.99351362310317,13.5901046448047,0.832208815785832,0.13154693995203,0.7805940036784
-0.0003125088029219,8.42359410327304e-05,0.398773905810811,2.55386805976248,2731.82421135984,2736.58973968879,3.9882116427547,3.5942527094195,3.00292080439623,13.4092461857911,0.834269577157532,0.129938424231898,0.785763578710066
-0.000312900465673,8.43096421236298e-05,0.396556464100569,2.59516615301036,2706.19717681001,2684.21571323328,3.98762395491008,3.58762647276339,2.96804364918864,13.1524724596209,0.826446786343114,0.128131694628418,0.786809493928692
-0.0003039704410656,8.38813635894743e-05,0.398172141910132,2.55315154997814,2696.57213041728,2783.78945263906,3.99092728296916,3.59179850987026,2.95553561921756,13.6402205389969,0.823522307374568,0.131979266663296,0.779426665197607
-0.0002962267023949,8.40611536000527e-05,0.395048210290612,2.53699593450912,2695.0255198112,2805.85126963217,3.99186306511796,3.59120770601126,2.95364954553024,13.7484004863578,0.823015438815105,0.132942416983176,0.777268862541112
-0.0002958091679588,8.38992069077021e-05,0.397585706064076,2.5370552642753,2698.02580244915,2763.8217775877,3.99185247262319,3.59438943862915,2.95873922293007,13.54274315555,0.823927142678917,0.130897155758112,0.777528483152302
-0.0002955353951767,8.41218273712356e-05,0.397962996958704,2.53917327545042,2693.82322134281,2767.91558150126,3.99125654856364,3.59206542339954,2.95327455160608,13.5626559985421,0.822629117905945,0.130922785361569,0.777944514130451
-0.0003020239074613,8.41743056891054e-05,0.396164049471811,2.55720945257242,2693.01060765982,2760.75918385596,3.99195395151774,3.5919728750711,2.95256489225705,13.527572972506,0.822389607091933,0.131014541700599,0.776424945383797
-0.0003112004357334,8.33378718199568e-05,0.398207058236417,2.52667847624831,2728.01287168264,2686.21648417501,3.99167580004559,3.60506605324538,3.00059298686365,13.1624908085703,0.833075470590771,0.127491570944173,0.777876558319201
-0.0003148447754101,8.44900774287295e-05,0.401305641537081,2.52457380128014,2731.79493566841,2661.87373456877,3.98607872669993,3.59836199719419,3.00627197878421,13.0428019666773,0.834234761809185,0.12626771047545,0.786310606460602
-0.0003130996883383,8.46361528502239e-05,0.399106455944736,2.5143243072274,2734.10770614364,2646.98398536048,3.98625107245012,3.59993780556545,3.00952132125668,12.969921041792,0.834945704522072,0.125443288898445,0.787317317301327
-0.0003084667283164,8.45667173573523e-05,0.398341009822301,2.58107536591926,2734.60808612511,2632.20356802543,3.98555076122284,3.60061861622718,3.01048665407382,12.8976418651554,0.835090856301386,0.124610555020395,0.787845847430292
-0.0003110707739543,8.45241869941567e-05,0.400017877812026,2.53820850586513,2734.28001338872,2624.9537943324,3.985110166785,3.60085020270399,3.01051101263983,12.8620678438272,0.835018153448089,0.124247522539203,0.787949510293142
-0.0003192601022494,8.45743083385201e-05,0.400277778144451,2.5220485727609,2734.01483261649,2619.51686326868,3.98497452519157,3.60101040204366,3.01048378709936,12.8351581572374,0.83495205350197,0.124447709891989,0.787856223475038
-0.0003176274372228,8.45586041999223e-05,0.398645440664074,2.51647384402579,2734.85891577508,2609.89053054486,3.98460859137696,3.60199767287059,3.01192551333842,12.7879717771914,0.835187003935904,0.124020721238291,0.787860356916863
-0.0003274386618149,8.45472249085253e-05,0.398827153580269,2.51640676255861,2734.89042679401,2605.01581574453,3.98420271006497,3.60216657577022,3.01206296812351,12.764381733739,0.835187741640742,0.124057533031128,0.788000496290501
-0.0003172019364478,8.45165234007096e-05,0.397369716122396,2.55557882487496,2734.71887308912,2594.4088440034,3.98390934838877,3.60251134441745,3.0122644821948,12.7127548198793,0.835150383203719,0.123207464589656,0.787954771111084
-0.000314956200029,8.4502242208492e-05,0.397745968518884,2.55114943978988,2731.90699204127,2680.90774483606,3.98356328407923,3.60225015301858,3.0097478590921,13.1363394549553,0.834297540034209,0.126632633529373,0.797084741847649
-0.0002954700058395,8.4653270667918e-05,0.397322812083638,2.54225756128746,2728.65721010399,2676.58011899574,3.98357886687303,3.60138999262164,3.00681051895769,13.1143429636784,0.833432804019243,0.125211440483047,0.796365307929849
-0.0003054292520046,8.48382911606193e-05,0.399706291424385,2.51061587656373,2729.07905233221,2589.00329139363,3.9837757983765,3.60159893958799,3.00729034345973,12.6852508531397,0.833551347815583,0.121953251276014,0.786912768768633
-0.0003197159480549,7.75710814888585e-05,0.373287790607203,2.70273061749341,2757.01100035049,2750.33906049978,3.9982632602516,3.60657884997706,3.03419495211432,13.4765340243416,0.84197590976287,0.129906116186825,0.785264956091016
-0.0003028425748328,8.30580921644765e-05,0.384536241472483,2.62174343289932,2739.54203719255,2611.82579835437,3.98567050389754,3.59909854140333,3.01338766086272,12.7975781518059,0.836631188006622,0.125266349793965,0.796283388504381
-0.0003009083463906,8.35799880771757e-05,0.392803180811517,2.567616071883,2726.44796524313,2626.45015070271,3.98725842810296,3.60134861261948,2.99626872634468,12.8690909911056,0.832627402719168,0.125922523804703,0.789264876815522
-0.000345593528298,8.27187787317821e-05,0.387026465332233,2.6237753491734,2755.51444585217,2533.20542594649,3.98678208326364,3.61247463123773,3.03793846970674,12.4124822077298,0.84150207171813,0.121743360410194,0.786892457099781
-0.0003476729651589,8.41185105895477e-05,0.398134231681325,2.54393635361785,2756.75002508859,2523.20672941474,3.98283871779075,3.60430394334996,3.04019756718419,12.3639490151017,0.841861613490894,0.12108940403659,0.79355599432247
-0.0003497416212642,8.42171860077248e-05,0.393440214226447,2.59776394170735,2738.54626534761,2522.39457733052,3.98212871643213,3.60563857581026,3.01800570814912,12.3601409745099,0.836304148021044,0.120610650362555,0.793954145555617
-0.0003237258602847,8.41442289749863e-05,0.396593562454592,2.59230647757304,2709.85284451849,2597.99859809333,3.9861080754887,3.59522503096124,2.97733484244385,12.7299551582177,0.827537344528805,0.125154096386742,0.78743998307097
-0.0003324258219613,8.41642594552629e-05,0.398473944375654,2.5331650962299,2701.83996218398,2661.32458331193,3.98825482816886,3.59092324713002,2.96712632519511,13.0398354467566,0.825096433743558,0.126636177823507,0.780359906862524
-0.0003119585352136,8.43464432326462e-05,0.396275102281726,2.53685541872509,2703.40078968818,2642.90385048177,3.98843391052145,3.59366906984993,2.97076788828228,12.9499785840407,0.825587973681383,0.126660487865816,0.778960411004955
-0.0003034789417403,8.45330525704546e-05,0.401637447771814,2.50374547331505,2694.48105349271,2638.93541379471,3.98771861215301,3.59995569763603,2.96044539995128,12.9307323098646,0.822851833548029,0.125744788156524,0.779275877903287
-0.0003086510263379,8.45287936528254e-05,0.401530541420943,2.50777439147297,2684.9654409068,2649.20042491006,3.98976582880841,3.59432538001092,2.94790644994033,12.9806614527334,0.819944828403231,0.126553143304048,0.776520998840765
-0.0003030911507683,8.44375057917316e-05,0.401804801784585,2.50945798582668,2721.70288228669,2652.93728024082,3.98993193149567,3.60862859694854,2.99842721398183,12.9995802765582,0.83116358207339,0.127424880810432,0.775331691682758
-0.0003480714535381,8.50566937149058e-05,0.403223999222113,2.50373443466547,2727.06358965079,2545.39439608989,3.98396085918724,3.60301108257745,3.00635657164801,12.4725040723524,0.832802118991427,0.120476525332454,0.785009421133968
-0.0003119712403202,8.50066021539905e-05,0.405360693105406,2.4786168434779,2727.62720027915,2530.58343320841,3.98281260125049,3.60393393167885,3.00763434494096,12.3995408028818,0.832983300689485,0.119904919743441,0.785971759800805
-0.0003089934544891,8.58079924068891e-05,0.403044451342422,2.53043863742341,2688.23260943499,2595.42201006314,3.98203671991435,3.59986315716754,2.9552149598652,12.7174237767514,0.820948558274157,0.123185365953338,0.784694861498577
-0.0003220724769892,8.47568843678243e-05,0.404356181121683,2.48387859816929,2667.35676580109,2631.79496666166,3.98809777259827,3.59836089346144,2.9288300689747,12.8948375191438,0.81465303200797,0.125805795542434,0.774352486235613
-0.0003119755006745,8.49213370924089e-05,0.403895651155426,2.48826494534679,2653.57635330458,2622.93756425643,3.99029478770774,3.59203647772471,2.91225236556882,12.851558199442,0.810447134476092,0.125666738158856,0.768978617398231
-0.0003017915420297,8.49032805683809e-05,0.407558726018227,2.48609264598471,2658.9663768108,2648.29495735388,3.99149740064466,3.59426217079163,2.91855448315249,12.9761784841551,0.81209790252421,0.125804192087246,0.765528609675939
-0.0003014020213265,8.55683246348023e-05,0.41171262914002,2.4847672359018,2656.46632496794,2661.45071401831,3.98998090222075,3.59464181264241,2.91684066943642,13.0410861535717,0.811341834972371,0.126007283197789,0.767025542606581
-0.0003065305598606,8.55791749158064e-05,0.41200733426338,2.43432527950634,2667.41991615822,2664.57567675793,3.99086826556438,3.59962037934197,2.92990732665719,13.0557511659313,0.814668003820965,0.126920768261097,0.76647867371025
-0.0003002938099038,8.54297283395171e-05,0.408487403356125,2.48366404466362,2688.67406360674,2640.19024371068,3.98445508851633,3.60798478650523,2.96257887818434,12.9364501854822,0.821153379986368,0.123885833062691,0.787188036994102
-0.0003132044717906,8.59336148090391e-05,0.410126299237231,2.44703839514439,2691.0651085251,2564.97309372592,3.98543424198502,3.60936743872506,2.96574847222449,12.5677414545799,0.821894705822113,0.12120554674074,0.776396021704899
-0.0003375728869793,8.64973879486799e-05,0.411853237957412,2.46247326733196,2655.84192743368,2630.82724076297,3.98683173766989,3.59747926659054,2.91855373313136,12.8906518468311,0.811123343361793,0.123826358677096,0.774798710141522
-0.000301575866889,8.60613367030386e-05,0.415245630701401,2.41542841891336,2641.82559239303,2665.153438571,3.99035511951189,3.5888337691625,2.89987410016238,13.0580057242041,0.806841605773565,0.126282100173707,0.765513856239014
-0.0003053104134718,8.61889242333682e-05,0.414650327097276,2.44095388930491,180.090355107153,2682.65296307468,3.9917084132733,3.93269613810948,0.215720897949392,13.1438571033094,0.055004377065464,0.127414267715212,0.762019356030434
-0.0003438214656722,8.52437918268789e-05,0.391564446587597,2.62500057996244,2696.23675248851,2268.5831747621,3.97949372127557,3.61148181946381,2.97990012962345,11.1155318167225,0.82342564560853,0.11077603909571,0.783476626250774
-0.0003248476121363,8.8438763455791e-05,0.405266316064774,2.50786473500663,2597.60022474667,2554.39910493846,3.98065892750064,3.58967825228518,2.84777444452426,12.5161916010894,0.793319658308331,0.123018621321386,0.771641550749812
-0.0003118715804156,8.74927349545911e-05,0.423595559857445,2.37711121821792,2546.69286885198,2765.4689678464,3.99597371464044,3.5765565994174,2.77915077106023,13.5501335501737,0.777761495878208,0.13260299338953,0.74759789109402
-0.0003221183855104,8.66133176373706e-05,0.429944377309688,2.36135052864356,2599.88601115472,2677.27446630679,4.00294859020422,3.59626418352127,2.85486194147486,13.1181505740547,0.793997002945843,0.129138748295402,0.737164049572708
-0.0003285125089936,8.79045420686386e-05,0.42749553698979,2.35211874389523,2608.77837749777,2599.49696098699,3.99157629835195,3.59295847978485,2.86768234377045,12.7370656375569,0.796710528658021,0.124443141672352,0.750561526171882
-0.0003399800748628,8.81727743309053e-05,0.425716043487032,2.40327683864053,2606.81037022812,2591.29472638461,3.99106382997069,3.60307644714009,2.86604662711427,12.6972560811591,0.796112680334971,0.123214853153164,0.752882849198391
-0.000278221449145,9.14127408474291e-05,0.457575891087687,2.19276022399085,2512.39433535312,2833.72009902565,3.99072226504205,3.57213131119223,2.73943699889389,13.8849097572744,0.767300843711051,0.13345804881586,0.748542429568749
-0.0002948938067133,8.97061414488179e-05,0.448331683205127,2.23741085443738,2473.11510244879,2954.07658928212,4.00519235399034,3.55937479507355,2.68918466326452,14.4743458012313,0.755292805383543,0.1394341667455,0.724103893541805
-0.0002761966119346,9.08952570988085e-05,0.452327488880128,2.22401816813581,2454.80314553772,3027.68221219732,4.00779747962952,3.55888907018914,2.66586464145609,14.8346880639262,0.749706457231286,0.144442489363268,0.713202288902169
-0.0002602149426716,9.13361405478939e-05,0.458783497133996,2.18902545480691,2427.1470115322,3078.6675851395,4.01088351427123,3.55376252604694,2.63133597325629,15.0853957451655,0.741259741124516,0.146155210521594,0.708030133325652
-0.00028687445088,9.21393574541246e-05,0.465119592818494,2.17188208226082,2421.0692900853,3082.27709853748,4.01366457343102,3.55360850182975,2.6261548975498,15.1026145242478,0.739389710718909,0.145543111567802,0.700814799651109
-0.0002536045642778,9.32026518946844e-05,0.47040750262987,2.14911180438545,2396.30364942856,3123.15105024178,4.01398389545951,3.54746385562567,2.59339810513509,15.3028974191487,0.731839401993691,0.147113439736888,0.698042642811096
-0.0002992379114582,9.15580794617104e-05,0.463367114179303,2.16822484219409,2464.71187792269,2935.34453350042,4.01288907043636,3.56716497455324,2.68821162614978,14.3834475032941,0.752713127788313,0.138708307814665,0.694724526176703
-0.0002693720606792,9.07436469802695e-05,0.453124446047425,2.21153435451185,2487.30816994508,3028.87846358385,4.00118154330845,3.58250049182347,2.71869658949645,14.8418699691636,0.759626841788512,0.1412831646911,0.733887136746229
-0.0002623307735317,9.28478980406063e-05,0.456959070451568,2.21559471775401,2402.72586785795,3007.91949234361,3.99879198863094,3.54632345060023,2.60551907127571,14.7382610171255,0.733778126776779,0.138634728281069,0.717770336222582
-0.0002780542606771,9.40937288850469e-05,0.479278941378637,2.11014373730753,2379.11627829628,3177.7905447392,4.01455627059936,3.54266182581584,2.57563228803965,15.5707078660824,0.726580658958081,0.150094290161098,0.693337340732447
-0.0002530892067374,9.44729869910833e-05,0.476086021162472,2.11560626606099,2375.67894004172,3158.8378076969,4.01667045777844,3.54305365056167,2.57301141226362,15.4774346464568,0.725511267048715,0.148696301816398,0.687428457048117
-0.000255356175251,9.50238967664031e-05,0.484553224798142,2.07553468754659,2357.99177807191,3185.19664162138,4.01620178494027,3.54311892688274,2.55077262358738,15.6068003178436,0.720115810284601,0.150122794293718,0.685980836508711
-0.0002539677548334,9.55789296487537e-05,0.49074208931554,2.05201416099349,2351.36674566264,3184.41525099552,4.0175279457061,3.53964950442314,2.54276264611573,15.6026137360102,0.718093698716875,0.150067418659999,0.681148888768564
-0.0002561202121139,9.64296995282744e-05,0.490938743455555,2.04860959669874,2324.46071403302,3250.69511422352,4.01839018065082,3.53402326378641,2.50882673001577,15.9276698266302,0.70987988343872,0.153086213351816,0.678418545223742
-0.0002675303677506,9.5945686785648e-05,0.494829047090714,2.02638326141612,2381.08935319603,3167.6834520644,4.02225988507271,3.5559064105705,2.5870190851949,15.5213073039359,0.727163747537489,0.151279568148367,0.673941490312374
-0.0002663609421992,9.52298605049912e-05,0.484018031275989,2.08990525169599,2400.46252855504,3026.23341858789,4.01145387452746,3.56892309954137,2.61269771354286,14.8276311009394,0.733092892681289,0.142057191399159,0.68975213564213
-0.0002843969759381,9.44908590205742e-05,0.480080940626466,2.09472195184323,2412.49754000659,2969.1894910284,4.0091810207814,3.56662245494563,2.62883248800914,14.5492280774779,0.736760587469807,0.140566038982735,0.695103816903191
-0.0002683837698015,9.53666419976067e-05,0.472707125637969,2.12839910460207,2333.52368871955,3078.66795104643,4.00543964378477,3.54317151142072,2.52297685058575,15.0856015139132,0.712663368804331,0.143309532715879,0.694863241197996
-0.0002673005652624,9.67172802734442e-05,0.497791218694612,2.04348351813434,2317.35152128231,3236.42988046169,4.01891714985631,3.53245722794835,2.50183656933878,15.8580028437705,0.70771124238649,0.153309609911603,0.673477104413705
-0.0002569905576615,9.72892455663023e-05,0.502051207891837,1.99451302982164,2313.88304907735,3234.41467132547,4.02126857412963,3.5322132925444,2.49877836689005,15.8484784209744,0.706647543567676,0.152543761048886,0.66971732265826
-0.000265573359684,9.76142810336859e-05,0.502955489245182,2.02281275750495,2302.53920561395,3237.67992772913,4.01993932562359,3.5380829847776,2.48597714772455,15.8644896123463,0.703176957591184,0.153355005831952,0.668653661671437
-0.0002641983543097,9.79780981086091e-05,0.507599354459974,1.98182555683299,2297.44545737613,3226.74083551543,4.02234776545379,3.53440211980771,2.47915064066131,15.8108696456629,0.701621874650711,0.153307337281086,0.665232684751707
-0.0002735574898868,9.86550086655768e-05,0.513398689436511,1.95787497212609,2280.86765674601,3289.83490514051,4.02152709919831,3.53363411767142,2.45729459336703,16.1199027144945,0.696560909824772,0.155422984293171,0.663606418738368
-0.0002546988306175,9.93230798446026e-05,0.51831704379586,1.93647485376548,2271.18005895155,3315.58447232487,4.02423348012178,3.52826716992762,2.44554512589345,16.2461615047997,0.693610057204525,0.157109369008553,0.658640607732272
-0.000258612349908,9.96392852028507e-05,0.517309407620121,1.94078925898471,2262.24285684898,3329.53723920311,4.02477284481651,3.52417886411989,2.43528669193688,16.314324877726,0.690879903621355,0.15780221076991,0.656022163742637
-0.0002655657646189,0.0001000325456162,0.522674525212854,1.93487845094487,2253.77428091207,3333.31618286844,4.02508389211334,3.51953324714264,2.42501312736696,16.3324888413531,0.688287359931097,0.158063756685656,0.653586852252278
-0.0002547495500059,0.0001005244140409,0.525891173091783,1.91537606421769,2248.82119504805,3346.6932799053,4.02663729043134,3.52757454545874,2.41898195804014,16.3981701216218,0.686767040029933,0.158679239903609,0.651160047844774
-0.0002610349969219,0.000100684916168,0.52751535526742,1.90753380522859,2243.78999415733,3349.69298342947,4.02616096607276,3.52563986966484,2.41347800709038,16.4124230625016,0.6852262373224,0.1589215338754,0.649849993421105
-0.0002557591403545,0.0001004512031886,0.524712336564757,1.91043305426405,2255.66515202459,3322.14668280753,4.02658746923719,3.52507055579842,2.43045845324923,16.2776996346715,0.688861877639315,0.158101465533231,0.649226440814767
-0.0002585822853959,0.0001004919070228,0.527791175751671,1.92319399357497,2281.97783929261,3335.64718946919,4.02561520066178,3.53410108578511,2.46617289034664,16.344482029027,0.696896966282206,0.158031411324427,0.653698705849521
-0.0002730242220013,9.74994623871743e-05,0.504198647286445,1.99240134554445,2298.0095874368,3086.028183761,4.01915436882084,3.54883914421766,2.48996309687935,15.1211375880062,0.701804859333804,0.146280176719567,0.662043400110674
-0.0002752419896957,9.75630757644769e-05,0.500824951761285,2.03333731126156,2288.18142973864,3081.12168001401,4.01703652614305,3.5417431195577,2.4768060173386,15.097286431574,0.698806740525938,0.145773961262439,0.665385026224893
-0.0002768087501835,9.73806087261405e-05,0.501491178187264,2.00477506465463,2285.9626047241,3079.59021193947,4.02009831356401,3.54061789084703,2.47412742884428,15.0898321231301,0.698116786378736,0.1463706238773,0.662579479076186
-0.0002791595977522,9.72545085081114e-05,0.500192435015532,2.01769179028585,2284.04103885067,3072.96540798451,4.01867679822243,3.54021928249261,2.47225867431444,15.0569555272444,0.697528482669093,0.146177501972676,0.661990126507457
-0.0002768685177349,9.73815041531462e-05,0.504452060611614,1.99147362594049,2285.58796982857,3052.3409005258,4.01997175336886,3.54216041014745,2.47493693181124,14.9561580629119,0.698007114939704,0.145272769375461,0.661557125890832
-0.0002735593488747,9.72707294068281e-05,0.504822714735589,2.01849047625233,2286.60360312439,3035.51344967581,4.01910085437679,3.54369462147737,2.47682845622957,14.8736259855456,0.698306790697864,0.144408091032121,0.662069150443599
-0.000273068327555,9.52144390960911e-05,0.489845468631525,2.10644274938915,2281.54119944171,3202.91685103072,4.01575463912526,3.54250710132795,2.47199445463586,15.6933622621892,0.696811687697416,0.150660835343291,0.682113886885686
-0.0002804646035649,9.74369694227287e-05,0.503698362750143,1.99600211076797,2283.69756905339,3037.73228865012,4.01823402052166,3.54403718618246,2.47482961694365,14.8845556963553,0.697459796285148,0.144212371477877,0.662407549526426
-0.0002893608595527,9.73554364458464e-05,0.500192679361895,2.00945217936073,2277.83847824112,3005.35986813752,4.01768562773696,3.55280542373657,2.46867025483211,14.7252817407671,0.695734745324338,0.143289094495448,0.661910222344416
-0.0002776449855798,9.75381490880165e-05,0.501749843273895,1.99555851492706,2278.72674754664,2988.26408160222,4.01849120204188,3.55319028086476,2.4697106637631,14.641482640104,0.69601511614288,0.14219823350402,0.659854766429674
-0.0002930750677609,9.74596165224208e-05,0.497968761870275,2.01985444860095,2275.82243829936,2990.98291503673,4.01835103996661,3.55135432156649,2.46604001338412,14.6549669237991,0.695133929196859,0.142765520798529,0.660268644930596
-0.0002640924295872,8.5857332379709e-05,0.435694313054179,2.31283206271086,2383.54119242381,3035.62387069388,4.0289869809351,3.56935292703134,2.5990070070066,14.8743516146085,0.727922507902681,0.14072129618148,0.658436440563807
-0.0003039818883703,9.35424451604732e-05,0.469839319924688,2.1352907614472,2356.35416328195,2867.33037756639,4.00841558996097,3.56558929681778,2.565814027494,14.0494949107038,0.719594674459866,0.135523560355958,0.693923381658808
-0.0002750077020507,9.47813122364813e-05,0.485816173765286,2.07191993696728,2332.05701491718,2853.4890381096,4.01006073611123,3.56272657611702,2.53578039981961,13.9816253938466,0.712176398283812,0.134983707114659,0.683837296835873
-0.0002792295802577,9.5914408685197e-05,0.488676981152909,2.07067722350028,2310.69489101647,2922.65378941632,4.01292754382622,3.54859731770769,2.50796504234403,14.3209169368554,0.705660386903517,0.139632761959389,0.676061229266604
-0.0002721216795605,9.67094666894964e-05,0.498098235119971,2.02315462059443,2297.15017621457,2939.60894388322,4.01604398743051,3.55201552770077,2.49148583597448,14.4034571649491,0.701530201969326,0.13986289015111,0.669502663370851
-0.0002785184553112,9.70639257963355e-05,0.50257157459491,1.99930275579359,2286.35339610645,2956.35815573276,4.0161846657594,3.54611533421736,2.4782940013214,14.4853822017861,0.698213839670714,0.141236257529428,0.665481760701587
-0.0002843160578135,9.76727030795579e-05,0.502651947957047,2.03619636154232,2277.71309512786,2960.85818493515,4.01837347745895,3.55295684740141,2.46827795486794,14.5078776609408,0.695584052792515,0.142244472238144,0.662162200407593
-0.0002793984293829,9.78142034148783e-05,0.502894333050037,2.00046228211793,2271.51241404268,2968.90488827076,4.01802445660118,3.55092951539275,2.46173390252694,14.5470234662835,0.693690508750245,0.141813652204786,0.660111431467748
-0.0002787744607407,9.69879820580577e-05,0.500729262782977,2.00697764950288,2293.01119626801,2918.3918669291,4.01775639598109,3.55586666327256,2.49082144828511,14.2992264197568,0.700264158694694,0.138794221281345,0.659180941539731
-0.0002803791937663,9.78658381259796e-05,0.50226167223587,2.00680494974221,2280.26151317476,2930.13945913354,4.01610571096751,3.54825577674768,2.47481939762831,14.3570849462284,0.696357769374361,0.139417021700814,0.664645272794142
-0.0002768732962043,9.77049330400463e-05,0.498681294999393,2.01528102417245,2285.6211021145,2910.0648920706,4.0162319223086,3.55135325590769,2.48141943145929,14.2589946806706,0.697985661575053,0.138183638806493,0.661415179895364
-0.0002898879884891,9.80065557746929e-05,0.504375818529109,1.99509738941326,2265.96493783008,2899.51797052691,4.0148176908493,3.55239322897676,2.45814679342145,14.2074841744967,0.691982914525219,0.138842051183309,0.662528542517805
-0.0002814621500022,9.82809569841657e-05,0.507891528872672,1.99395113588522,2251.10550859525,2931.72000652396,4.0190055851175,3.54256362729258,2.43894771029719,14.3649097823227,0.687442175459934,0.140231743460691,0.656658376724016
-0.0002743628791435,9.86627339471869e-05,0.509946665652088,1.97894281813505,2245.4021884566,2963.54725708536,4.0188752769405,3.55082484922911,2.43231283157236,14.5211314485747,0.685712549685181,0.140984445793122,0.652567638116652
-0.000288780132701,9.89410000916345e-05,0.511188505760807,1.96412414037634,2242.2461905237,2961.5316355463,4.02000326580471,3.54950381266443,2.42879499782471,14.5111808438369,0.684750288892799,0.141671542549047,0.650937921922242
-0.0002820373997424,9.91793569652605e-05,0.509329837691015,1.97979737742815,2238.44929868591,2965.96920258875,4.02049045277457,3.54809541451304,2.42467545048332,14.532411301992,0.68358629985443,0.141775691315387,0.650007709806025
-0.0002808348585503,9.92239704622521e-05,0.515051534193598,1.95182427425928,2230.85565643295,2968.10975157548,4.01965228648021,3.54408968749799,2.41572835468308,14.5427235288145,0.681296425296772,0.141676862399881,0.648856597153238
-0.0002839724603915,9.93430458396015e-05,0.51479539136681,1.95607695090601,2233.18387168172,2963.92211649031,4.02110551965648,3.54611811826104,2.41911628106843,14.5225286961497,0.682022553188896,0.14202270832983,0.646815238167784
-0.0002841758816573,9.91430584450657e-05,0.51372317655287,1.95061831595191,2261.49751210553,2924.10890354344,4.02049736080007,3.55061825529321,2.4533861290311,14.32715587709,0.690668787100066,0.13975415295084,0.648158460079767
-0.000305480212731,9.55057176977939e-05,0.474614816862526,2.12046318811469,2248.48104529519,2684.36709813768,4.01287564684133,3.55863604733818,2.44027682708177,13.1532701421229,0.686646752716038,0.124861331466945,0.656953927548913
-0.0002767575260694,0.0001002117409469,0.524784880834086,1.91033241949494,2223.94763599048,2989.55975333485,4.01974030437632,3.53944260509391,2.40670060930556,14.6483878164527,0.679160834269381,0.142532868215773,0.650508768634604
-0.0002781480107957,0.0001004821667466,0.523395041121004,1.92290047241116,2205.69710044537,3000.10817509255,4.02152425309886,3.53924385070801,2.383955063059,14.6999711404642,0.67362586167686,0.143044789134332,0.643874511619309
-0.0002854021651231,0.0001015004253908,0.530234313831921,1.88826222524122,2197.49424752689,3053.12063502922,4.02383283598233,3.53344443957011,2.37311273601946,14.9597858571126,0.671094615205655,0.146187418354142,0.638948243347756
-0.0002738315084987,0.0001017370191691,0.533330261241885,1.88149753412936,2190.96308917066,3067.16712633258,4.02435366170747,3.54059123670733,2.36493079581518,15.0280238314206,0.669097150368701,0.146770443471604,0.63665598062563
-0.000273272859321,0.0001021186232864,0.534655256705878,1.8806301338212,2181.0414572061,3077.13359162569,4.02586600610188,3.53528896537987,2.35311710397206,15.0772430679189,0.666058297733209,0.147161398406443,0.634764633871969
-0.0002705800704715,0.0001024297794689,0.539962439291878,1.85777922380992,2170.0414933365,3084.33869442382,4.02643610335685,3.52927555909028,2.34001587142368,15.1128937981125,0.662710137165341,0.147422442197044,0.631922923169927
-0.0002771337465554,0.0001028218795382,0.53927834634817,1.86436632694115,2167.87198544026,3096.97885152957,4.02719765142961,3.52706975872452,2.336680717553,15.1744343856229,0.662036650629537,0.148204250602205,0.628766054933623
-0.0002802738867677,0.0001027696920677,0.542730299186738,1.84544039388238,2176.97910113976,3091.4946147741,4.02784540869973,3.53519926844416,2.349618369814,15.1475781700904,0.664791489080293,0.148160108085346,0.628453835705246
-0.000281492349832,0.0001021543269421,0.532249335114464,1.88455654179563,2173.52584648161,3028.40247310916,4.02625059229987,3.53346393237243,2.34564456077548,14.8383010494333,0.663754814791294,0.14484229792462,0.631645513599779
-0.0002729325158858,0.0001018893801101,0.534353856381168,1.87842122218946,2179.38553678792,3043.41763633094,4.02606845331622,3.53804405959877,2.35367443522772,14.9118477396208,0.665567652148638,0.144840789333584,0.630431385080282
-0.000283778099799,0.0001017477260403,0.531072173529011,1.88925030011366,2173.38546518824,3032.99625692179,4.02604962672506,3.53504609739458,2.34668655797683,14.8610026825629,0.663732979567323,0.145010446566606,0.632013683867969
-0.0002703409533383,0.0001026348379194,0.538662985498054,1.88809174833846,2154.49487625313,3071.40167355217,4.02729684597737,3.53298485442384,2.32207098060084,15.0492015857906,0.657963291312947,0.146603094807786,0.629539802776453
-0.0002650427723489,0.0001032461259298,0.546661845871627,1.84053592969302,2146.0260905684,3075.08873040735,4.02792708370664,3.52840189737816,2.31190574870947,15.0678174875287,0.655343628406833,0.146795342693174,0.624268291197068
-0.0002863674710601,0.0001035497350222,0.549251365826723,1.84293781887809,2124.68228962913,3085.76037816209,4.02842266692056,3.52448798881637,2.28420000366272,15.1194487387532,0.648844527912354,0.147723916304984,0.621610447638463
-0.0002674911608987,0.0001049303284233,0.556544406702337,1.81050981558296,2110.62015633623,3163.19610963127,4.03175477936583,3.51587850517697,2.26697693152499,15.4992505967307,0.644564286883577,0.151391179661408,0.615268786604436
-0.0002722162448729,0.0001055917600866,0.562693257895341,1.78152030589277,2097.04216811166,3177.69584789558,4.0330936613537,3.51948763283206,2.25060102129892,15.5700503264336,0.640403884187168,0.152285528135896,0.611615934253956
-0.0002620256300486,0.0001061936870689,0.564937140338633,1.77772637074703,2089.49570670788,3188.50819101138,4.03423253848003,3.51566736127289,2.24193190275666,15.6227423212131,0.638108390649229,0.152406953140178,0.607766397928694
-0.0002838893617873,0.0001060325564967,0.565113301827498,1.77663368063862,2105.21440352686,3160.27463157912,4.03422162395257,3.51703452401691,2.26328234526857,15.4846692906157,0.642914526917747,0.150973988840168,0.606860055729357
-0.0002728118239869,0.0001056367739023,0.56228274650671,1.78604613393543,2094.10483598127,3142.0561605937,4.03150052570161,3.52153803261233,2.24951075207746,15.3956519066718,0.639505387552979,0.150120110060569,0.610454887254821
-0.0002651887419642,0.0001063037835673,0.566947799436592,1.77787210782511,2090.41761666618,3162.47774232394,4.03296973613592,3.52006923312872,2.24560849856458,15.4958370985263,0.638407425767832,0.151330610398651,0.607399410839789
-0.0002655761040949,0.000106156695322,0.567710747890798,1.77726073754338,2080.12066819728,3141.55627251882,4.03346020900286,3.51288482504831,2.232360969643,15.3928982830458,0.635237959359011,0.150363806880309,0.606176899912655
-0.0002800189465975,0.0001071892553348,0.573665473679484,1.75032436946755,2066.21467781544,3184.88338286913,4.03513879914886,3.51546407767704,2.21509494213044,15.6051846508181,0.63099013677318,0.152406899108519,0.602915466939178
-0.0002832344863585,0.0001079344220465,0.580883033252845,1.72441678805768,2044.82463746838,3206.96087121824,4.03675661601272,3.50404772417886,2.19023882849472,15.7134177549246,0.624488131397257,0.153124117161656,0.599501165405084
-0.0002618635399899,0.0001088997462933,0.58848474296815,1.70557253511012,2028.6217506238,3206.49201708438,4.03707091331482,3.50685077819271,2.17128282735952,15.7113032163767,0.619540842836884,0.153427209282773,0.592977793650475
-0.0002631579131405,0.0001096945560802,0.591076358866025,1.69499762366275,2020.49670667428,3221.27325186471,4.03875074001274,3.50220865788667,2.16170679178779,15.7837802646219,0.617075772286597,0.154318869364092,0.58854820184503
-0.0002566417016005,0.0001099755841793,0.594094164043596,1.69214886630838,2012.76257329929,3222.19499416504,4.03869184182615,3.4979139065397,2.15279305093006,15.7870408070325,0.614764675212236,0.153800229135532,0.586136006191705
-0.0002517515261381,0.0001106921572671,0.599800425978763,1.69981464780913,2004.63783734734,3225.56967145926,4.04009801757579,3.50576171454261,2.14367567301345,15.8039459725758,0.612284666972435,0.153758697754548,0.584069854628397
-0.0002668943321046,0.0001109354232029,0.600346255203525,1.67448734622971,2000.6065024152,3225.72625527426,4.04011248804859,3.50443051492467,2.13955414812533,15.8047092908512,0.611063913776935,0.154678037203681,0.581902924461181
-0.0002561853800916,0.0001104978516432,0.597091819179793,1.68276010133869,2000.96581421077,3182.30514414498,4.041039882874,3.50634992473266,2.14104170334457,15.5919897006811,0.611171152676067,0.152063275912146,0.581228511657784
-0.0002505914705825,0.000110454360172,0.596626715166399,1.68379704209585,1998.59097344696,3174.58674469363,4.04108282741235,3.50554026575649,2.13852258225089,15.5537802768279,0.610430275480078,0.151218412814029,0.581164543420218
-0.0002680314838627,9.73297624087295e-05,0.541356405765076,1.85837080141169,2081.87131287748,3331.2566773069,4.04918582169051,3.52485198370168,2.24159884597959,16.3225912575509,0.635775569458052,0.155779070982222,0.581380982269339
-0.0002772054772865,0.0001049256607886,0.564776801149347,1.77542565023407,2042.65329455373,3115.72903935192,4.03150670641944,3.51109186921801,2.19284641287941,15.2664629295013,0.623791792649647,0.147437724658538,0.60822831724723
-0.0002751379059878,0.0001078829695054,0.581727406894742,1.72827062362781,2000.48186322604,3143.63424007333,4.03608972011226,3.50673571053673,2.14047022295385,15.4032838520353,0.610907616705976,0.149810466280058,0.593515230905353
-0.0002508417497852,0.0001060439037371,0.577104312438154,1.73525694951421,1971.29477778849,3405.95808224806,4.0365322344374,3.5008552679375,2.10544178939385,16.6888735325657,0.602005092635079,0.160881764682932,0.606018604761763
-0.0002698222556506,0.0001120351529799,0.611607544343467,1.6416188946617,1957.02937492019,3216.32236644985,4.04148046091983,3.49202383098318,2.0882607992823,15.7590095820771,0.597651783351569,0.15323335615794,0.573760438531148
-0.0002701758214476,0.0001130602589069,0.613771821250318,1.63910572377355,1945.43357966547,3208.96132615248,4.04278663371472,3.49793960831382,2.07494893393603,15.7232645952967,0.594089655083482,0.15322013195148,0.568891889210768
-0.0002672887123434,0.0001136374107588,0.618637880411624,1.64070935128518,1937.18611621387,3209.24252435994,4.04365600309064,3.49353548613462,2.06552878296061,15.7250274383916,0.591583101998741,0.154331866512186,0.565699246754222
-0.0002601196266452,0.0001143078776423,0.62414465709952,1.60796763573465,1932.14007485117,3215.36756283544,4.04510466001367,3.49159473361391,2.06016555189038,15.7549863468704,0.590034083157041,0.154325307227831,0.563426240557797
-0.0002767420095979,0.0001140794269322,0.62268791871331,1.61686660007913,1947.43612851336,3168.69466739913,4.0443507266301,3.50496655521971,2.08092219853895,15.5253039036193,0.594722228495544,0.151184954263129,0.562646783309942
-0.0002820847782653,0.0001121199942101,0.607069393734261,1.65768928409016,1959.63945944894,3081.68376075719,4.04180943840428,3.50468607802889,2.09818774940772,15.0997181170042,0.598448838896899,0.147401769359508,0.567751855524457
-0.000265669217994,0.0001134591118799,0.61689449187408,1.62946478552926,1940.40502717542,3141.11922011474,4.04126228282326,3.50203701582822,2.0732853280076,15.3912461227875,0.592555021283072,0.15093589769576,0.569349479461311
-0.0002533808896478,0.0001104841776125,0.612479044299351,1.64036030245782,1904.32713765383,3416.20780293073,4.04012586406826,3.4907488822937,2.02954621141907,16.7389675661225,0.581562264755212,0.161240820010735,0.587618075803605
-0.0002462390468074,0.0001168898705033,0.640885660911086,1.56134955147337,1881.70229649318,3241.58360610674,4.04706599686172,3.48717176541686,2.00158160333067,15.8832502112306,0.574662191360659,0.15413092538338,0.554903930886196
-0.0002629852225869,0.0001185525729665,0.64661583743493,1.55115389052369,1866.9680793655,3274.6318243954,4.04836168885231,3.4765752106905,1.98316898726603,16.0447950909714,0.570147979401891,0.157166955407684,0.547371664987757
-0.0002578008604181,0.000119913462137,0.657386038444087,1.52496741431091,1852.73399015545,3297.36399480358,4.04997674624125,3.48074365040613,1.96668494526991,16.1566367914939,0.565791904063558,0.158325098420821,0.543145703283514
-0.0002390450961903,0.0001208016770574,0.665647886478317,1.50633098665951,1839.99969097364,3294.396805545,4.05138459039289,3.47307361875262,1.95174381573934,16.1415230210883,0.561900595216839,0.157019791982036,0.539253023698178
-0.0002651762444739,0.0001215175702763,0.669654388961811,1.49603375787475,1834.343590125,3306.51958869569,4.05203305132249,3.46922063827515,1.9448961087988,16.2012509563771,0.560185095850835,0.158810698684486,0.535709922189077
-0.0002637171171993,0.0001220111900243,0.664571645604716,1.50814774191185,1826.90613219136,3311.61529991595,4.0531074888566,3.47791362193323,1.93662084990332,16.2260710981287,0.557904681501176,0.159240520800761,0.534294230868537
-0.0002470951933508,0.0001216400022698,0.664354314387619,1.51396189768492,1838.54684094939,3267.60069914788,4.05336661338806,3.47659247640579,1.95264126882779,16.0108277535395,0.561474513168163,0.156500523929082,0.532734009499415
-0.0002712080519287,0.0001209778194961,0.660275463643806,1.51713678663156,1836.98440217116,3236.44469421709,4.05126407534577,3.47679297886197,1.95137829381511,15.8577618997252,0.560970624580453,0.154332291757321,0.535680003027406
-0.0002735523321311,0.0001210107779866,0.661455772362997,1.51668246164594,1830.09388137821,3231.41389196998,4.05149192588274,3.48529467659612,1.94348633852054,15.8334636454825,0.558888709283512,0.153760237797258,0.535425564368722
-0.0002614029157707,0.0001205333438619,0.660055833058407,1.51809479282548,1829.51579147531,3191.47752417837,4.05157099490942,3.48645171426958,1.94362155188757,15.6372146490296,0.558701609416582,0.15364857051077,0.533873283385109
-0.0002419676868664,0.0001227547834817,0.671784830320857,1.50437814952161,1801.57858879014,3271.9127704213,4.05287510367001,3.46393506373129,1.9077422878573,16.0318570791354,0.550155208706451,0.156031445318742,0.531968719033966
-0.0002394495954604,0.0001247810843591,0.687660850113306,1.46424573524701,1792.39123104775,3295.03758936038,4.05346503781109,3.4714813506017,1.8974399809821,16.1443004876962,0.547364642233516,0.157325852848293,0.524694433191729
-0.000248831144671,0.0001251427487893,0.686182207298947,1.46095876335404,1778.67282672317,3294.63111486592,4.05478223358713,3.46246079929539,1.88106675833437,16.1430574982113,0.543169352254285,0.157960136254066,0.522119090656727
-0.0002657926774871,0.0001262800485076,0.693615282330454,1.44604767670636,1773.12579643691,3297.20916910033,4.05622432261338,3.46010879219555,1.87511844701369,16.1557739239379,0.541457490202432,0.15800422484167,0.518267501432221
-0.0002613153912278,0.0001267236249622,0.694166022963554,1.44404990459038,1763.96988788556,3293.7249268716,4.05667616114204,3.46773326794306,1.86506248873462,16.138134817913,0.538740704181539,0.158981265628039,0.516930293734652
-0.000264659467052,0.00012745332914,0.701172519132937,1.42961820976118,1756.14140292732,3290.86543052681,4.05666206479073,3.46330980062485,1.85610985820479,16.1235706284697,0.536330134105999,0.157726908950313,0.513926896309686
-0.0002462367919141,0.0001281725898149,0.709199726948571,1.41565306825423,1762.89155221629,3305.05290822664,4.05623359619817,3.46979522307714,1.86528403821881,16.1928023676242,0.538403833339764,0.158546383910449,0.512420647869333
-0.0002679899375468,0.000126579830638,0.693419387063154,1.44408296452716,1767.26680397496,3244.33526897224,4.05711996996844,3.47580029169718,1.87217667371863,15.8960826425754,0.53973714336071,0.155924830718462,0.514467980783774
-0.0002632472289087,0.0001262706283012,0.69299469576309,1.44694042326567,1760.53244605288,3226.773301621,4.05541466194906,3.47104483048121,1.86398047982529,15.8098904164267,0.537670289306711,0.15579193919131,0.515601378338613
-0.0002676554185612,0.0001267354943998,0.6974375336085,1.45423220463001,1757.06386301672,3233.06988795148,4.05535647273064,3.46949026584625,1.86026005207405,15.8396522994739,0.53661037466324,0.155670913376349,0.513427487703972
-0.0002734960551949,0.0001268136136294,0.699541665552915,1.43044467391773,1743.78258920583,3211.4920274287,4.05587669312954,3.45881341298421,1.8434859442959,15.7346596686942,0.53256744736491,0.154141985131381,0.512405562086143
-0.0002694510017914,0.0001288081700341,0.708830670091302,1.41578118824152,1726.75158709829,3268.8657063049,4.0580045995833,3.45921973858849,1.82263828452107,16.0156499701327,0.527346189428985,0.156341237588229,0.508266038921906
-0.0002687286304129,0.0001303186008498,0.713956038193563,1.40753141230038,1717.98603969702,3277.41244449123,4.05814658511769,3.45348065990513,1.81232605470535,16.0579448245576,0.524674610461693,0.156977248392362,0.503601814226221
-0.0002678009845155,0.0001307975835307,0.718952445095521,1.39420617211798,1712.03306060645,3285.86543206719,4.06003299936072,3.44990713717574,1.80557129698671,16.0992330249598,0.522882327824839,0.157410868926103,0.50134183791229
-0.0002619104797485,0.0001316192086764,0.723216469275907,1.38447895829484,1704.29868297256,3288.69380956923,4.0593187683507,3.4578894582288,1.79650120247702,16.1132478533315,0.520502005020896,0.158423243325977,0.499203837781128
-0.0002388774164732,0.0001322522119895,0.728225844582851,1.37510370883392,1695.78330725117,3292.00577490591,4.06107660343772,3.45281367055301,1.78674678820292,16.1293992870292,0.517890659610889,0.157739937630736,0.497476626627058
-0.0002622008350845,0.000132902868408,0.731266314518378,1.36905718623398,1690.15842116432,3289.78715802001,4.06073377291361,3.44853357611031,1.78000090554464,16.1179733097719,0.516222272288061,0.158389486521276,0.494558946966341
-0.0002637949024359,0.0001333302910426,0.734884671608715,1.36816306263087,1683.56496101781,3289.69336304907,4.06184570630391,3.44448523274783,1.77239567343228,16.1174486794292,0.514202578382459,0.158315909303365,0.493020969501351
-0.0002677273462443,0.0001340747244503,0.734608731780228,1.36222482517739,1677.00236821233,3289.50584556273,4.06121108016452,3.45439319025006,1.76535024378923,16.11647866936,0.512202563240497,0.157623023394753,0.491608459224564
-0.000240061675894,0.0001344052580465,0.740255173523591,1.35365214190178,1669.86143150087,3283.45921167068,4.06230739967243,3.45073973086842,1.75773379724379,16.0863768431162,0.510074155096982,0.157382095679752,0.48962783646457
-0.0002662491145821,0.0001346237633361,0.743511495799048,1.3523625875002,1663.48698534962,3278.11541799258,4.06355910687833,3.44678230871234,1.75036887159311,16.0600790365701,0.508115202844165,0.157504891695612,0.487477208304925
-0.0002730842358846,0.0001312484231477,0.721780541074679,1.38977445463222,1739.64294528443,3150.11917206919,4.06299869219462,3.48051813901481,1.84511735054958,15.4336482368646,0.531378261024809,0.152579165124699,0.487239905827486
-0.0002790406916773,0.0001275730772421,0.705300932413177,1.41946103432108,1753.89342801715,3078.12096508907,4.05413320918142,3.47937093178431,1.8634084639996,15.0805604265544,0.53573740291474,0.148657757974388,0.507938842458615
-0.0002867163144828,0.0001264277822123,0.694397263881015,1.44685518614545,1760.79937265621,3049.80936597288,4.05229987458485,3.48534629742304,1.87239928638106,14.9420040177925,0.537847006901611,0.146852989165278,0.512054138804071
-0.0002889968370039,0.0001256502243348,0.692829386347099,1.44637929181764,1763.189870773,3027.15354896587,4.05203450731484,3.48764307101568,1.87562396737447,14.8306735103092,0.538575360221591,0.1458762998864,0.51396500529589
-0.0002929016730488,0.0001253177195099,0.689517468426664,1.45458954886954,1764.28396006016,3014.4511212876,4.05122680261911,3.48901948134104,1.87729171808754,14.7688120598218,0.538911466774181,0.144738855683296,0.514918102404958
-0.0002527583434837,0.0001116895653345,0.660477170948791,1.51926888497707,1753.57931753717,3578.2354193756,4.06926956424465,3.47156031131744,1.85845623571377,17.5323962074061,0.535524423286276,0.169152985733481,0.511461798656085
-0.0002720090252335,0.000124184491009,0.694598045560167,1.44167325933528,1713.70502853998,3167.71144813921,4.05598883512543,3.45905503176026,1.8116968646012,15.5207423891859,0.523335869089939,0.152722410525744,0.515771402629794
-0.0002761136082429,0.0001283586464099,0.71284823607067,1.40438588872885,1686.73672823768,3141.10234516719,4.05832694432674,3.45358146470168,1.77957267421022,15.3907050578262,0.515095733470149,0.152396376687243,0.501412418362659
-0.0002715281916213,0.0001315109669935,0.727794700070202,1.37596147845331,1657.39338221567,3180.16416093109,4.06148355258139,3.44461181289271,1.74382786348477,15.5817738868558,0.50614548827562,0.154257809192219,0.492476592467226
-0.000250573196926,0.0001346413898139,0.745883640173934,1.34398831569701,1636.62799124703,3210.46037948463,4.06305680536244,3.44334909745625,1.71917350103369,15.7303185173414,0.499785473918207,0.155707450124218,0.484372198544032
-0.000260968716648,0.0001367649295419,0.755482696838559,1.33000179177919,1620.03463585975,3236.55355120223,4.0656037694878,3.44568842107599,1.69995032439956,15.8583041714958,0.494746026342378,0.157275342844092,0.478067432700496
-0.0002682383480304,0.0001382366888042,0.762097217512223,1.31451888337104,1605.8317905742,3248.20939086609,4.06736494118059,3.43722956397317,1.68395715935457,15.9154575423809,0.490405051467723,0.156775478679083,0.473827218404222
-0.0002679480427369,0.0001394849444899,0.765786132915386,1.30832631158404,1594.92559953538,3254.99085600881,4.06829965795789,3.42948326631026,1.67103902801146,15.9488138335835,0.487066287772128,0.156731585502402,0.469912060701267
-0.0002551897366278,0.0001407399823759,0.772713411141268,1.30125012090521,1584.55089152079,3262.05338923972,4.06840955001721,3.43668606104674,1.65938767570596,15.9834185131239,0.48390530007485,0.158136137652698,0.466275405612515
-0.0002587611148475,0.0001419315662702,0.784525305862805,1.27931695405519,1577.23831002267,3264.16278494788,4.06856078610701,3.43220887360749,1.6510945110509,15.9935653144068,0.481658997789378,0.157825996278463,0.463386568285603
-0.000243003583053,0.0001425498352607,0.783091871112921,1.28022124521222,1584.16033426194,3264.41243320816,4.07000626886592,3.4403475522995,1.66088071747219,15.9948632923125,0.483787518567678,0.157264054074532,0.462526604550054
-0.0002718862959649,0.0001408138705202,0.775898687548675,1.29448058811329,1583.69181865187,3198.08589528248,4.0683367597884,3.44254865469756,1.66158211096097,15.6695662953789,0.483644422281804,0.154492481889943,0.464237872823699
-0.0002640732020596,0.0001407548876491,0.774879289989586,1.29322270917319,1574.72309454177,3212.08558449059,4.06840484729712,3.43602331479391,1.65093419596171,15.7389082795788,0.480897620768126,0.155150541222594,0.463542004327642
-0.0002665417092418,0.0001422623161213,0.780381750646785,1.28842577961315,1572.6760411298,3217.81986991424,4.06855603176005,3.43526762503165,1.6488694586774,15.7663929019586,0.480272703934657,0.155500962632687,0.461105731286127
-0.0002663795950417,0.0001409941291756,0.77421124434978,1.2945492541317,1583.79908048638,3178.47682478525,4.06931778313457,3.44702581123069,1.66384332971249,15.5739518003403,0.483664001242079,0.153886030556635,0.461005585403953
-0.000272615128591,0.0001413755150424,0.77789683007475,1.28718677938601,1553.67653537546,3192.1017457656,4.06675734381745,3.4362350364901,1.62693985137412,15.6404853021014,0.47447280508523,0.15330211216766,0.463622131258038
-0.0002571306496887,0.0001454376926241,0.796354929512364,1.26040641869678,1526.70800354116,3257.49102807691,4.06984369321303,3.42619701532217,1.59312902298663,15.9612739904318,0.466223718732312,0.157266372721008,0.454164431010315
-0.000262186941555,0.0001485457175426,0.809128648948244,1.24036475317965,1507.47395187119,3280.06861895531,4.07193801179528,3.41483985002224,1.57191640323893,16.0711028503542,0.460368127669164,0.157397445747129,0.447208755038965
-0.0002621312000246,0.0001502916241631,0.815630652604026,1.23050759598393,1498.42716297461,3291.69475504372,4.07365582859705,3.42329685360778,1.56190371186926,16.128742345878,0.4576172447268,0.157475117555702,0.442279562259384
-0.0002605857891967,0.0001499114908459,0.818413216703616,1.22375289566325,1509.16165092151,3250.31941096039,4.07460942722502,3.42020544180503,1.57582835794281,15.9257408598908,0.460871486372344,0.156556061098241,0.439840075299404
-0.0002567798996432,0.0001486513285265,0.812223509027511,1.23368310202482,1511.88031144504,3229.00743829701,4.07364339753985,3.42343791173055,1.57965951492725,15.82176151312,0.461717679606667,0.156072647556798,0.442523599055536
-0.0002643357475459,0.0001485707831844,0.811167213525948,1.23560609462805,1509.80242321821,3214.42957657509,4.07233526557684,3.42260332290943,1.57748183157271,15.7499980543527,0.461064161582242,0.154964702075622,0.443521438680664
-0.0002628251755352,0.0001486728296657,0.806289002140777,1.2431114979019,1509.08370943737,3211.19555520374,4.07256298139691,3.42343166241279,1.57733560291611,15.7346926206743,0.460857122578973,0.15505670326395,0.443007576268058
-0.0002696452102194,0.0001483849117352,0.804695341822073,1.24793961906365,1519.27098810035,3188.35232713071,4.07207465916872,3.43265567376063,1.59008195213054,15.6224752495838,0.463955635552135,0.153704501398396,0.4432480228694
-0.00026860307568,0.0001465312175491,0.795824388120565,1.26067979650013,1521.13043789138,3144.91570168998,4.07073896848238,3.43695316864894,1.5936632568202,15.4096862187636,0.464522449352384,0.152602889052366,0.446091871444893
-0.000266178532503,0.0001465461246636,0.796465728505659,1.25649003404626,1517.4274959607,3138.30645659758,4.06979727378258,3.43276780843735,1.58869533818843,15.3773637111668,0.463414386403736,0.152059107449012,0.446143387248388
-0.0002714768328835,0.000147173257843,0.807287187592729,1.24050645280129,1494.14655854131,3138.13461432379,4.07069414212153,3.42807867012772,1.56052904428182,15.3759975683398,0.456287405277539,0.151958079779998,0.444928071863859
-0.0002609200718597,0.0001502163755015,0.81505475700951,1.2302507107247,1486.61333485993,3183.60217129075,4.07302863635714,3.42196328967225,1.55147899836545,15.5994143607532,0.453994781735859,0.153769228290068,0.43809585329127
-0.000264156251938,0.0001512780230061,0.821300999333314,1.21999974662249,1476.35012369984,3188.88359105386,4.07434466150072,3.41522874551661,1.53988061438001,15.6251138323144,0.450863364318168,0.153980971569218,0.436179898740306
-0.0002620712289387,0.0001522329953903,0.826104552780842,1.21356513391099,1468.16248942094,3186.39919736036,4.07434771137853,3.42285221576691,1.53005879911008,15.6126053491427,0.448358824846684,0.153806932127871,0.433212943870398
-0.0002699254851156,0.0001536419175818,0.830966971818362,1.20625005169696,1460.27212254895,3200.78951886427,4.07426052797036,3.41835690975189,1.52150323328525,15.6835143815572,0.445951774807155,0.153594409867878,0.431505518922037
-0.0002542030317835,0.0001559748454151,0.833439137602966,1.20077950715192,1427.7570130614,3238.397743943,4.07530137697856,3.40302342298079,1.48117281849301,15.8670387805339,0.436009418988172,0.156030572945713,0.428000352208421
-0.000248640343843,0.0001449015956243,0.825287608117268,1.21425098635858,1407.86660641289,3475.76869938616,4.07527255255078,3.40213451286157,1.45794698342639,17.0309490771412,0.429935355370598,0.163734350961104,0.44878840181462
-0.0002598907433529,0.0001618911177022,0.862895912105674,1.16142871827001,1407.85095208249,3274.443908822,4.07970254463062,3.40389218429724,1.45872996508892,16.0440790918029,0.429937949828209,0.155787827685153,0.414921823959884
-0.0002531293220907,0.0001618961154921,0.868697426711168,1.15425578574268,1396.36667649407,3246.00673449363,4.07871675909611,3.3959439098835,1.44575033001726,15.9045656862019,0.426428846067528,0.155086027252515,0.414035395429654
-0.0002624099065161,0.0001633646680236,0.870996602954416,1.14912095948909,1380.57003856183,3236.0383015867,4.07919433712959,3.39784162602526,1.42715954661593,15.8551605626732,0.421601132505784,0.154339318319977,0.410727876506317
-0.0002646882053147,0.0001653629120204,0.87942207652501,1.14160662753176,1368.71084527322,3237.35063300532,4.08058728304776,3.38983106105886,1.41395746322886,15.8622596607232,0.417987127595814,0.15388630215291,0.40642115314647
-0.0002544814428916,0.0001672008507051,0.881498022526959,1.13622202513441,1360.42982816556,3244.91301204573,4.08079032986252,3.38277831990668,1.40409049766372,15.8991478463262,0.415460290697928,0.15462212690083,0.40288949445417
-0.0002564877946443,0.0001679091476373,0.886602844532486,1.13087121462998,1348.52385766874,3232.52277575456,4.08262257664292,3.38910250041796,1.39074245350037,15.838166006368,0.411840427703093,0.154103497118538,0.40022616471894
-0.0002544487058164,0.0001695217479699,0.896513476954434,1.11773938108755,1342.16443531646,3238.06947454961,4.08266313121004,3.38413536548614,1.38341652807744,15.8649107566659,0.409902602546539,0.154078510134026,0.397217469939131
-0.0002666077482265,0.0001801332429561,1.02858804919891,0.974266216513538,1431.61657118781,3026.1996650637,4.15671906471252,3.39379980126206,1.4803936292152,14.8269596904821,0.437238688196994,0.140748327605456,0.243429216786688
-0.0002547452646261,0.0001539927045496,0.810672942559592,1.23633736961004,1376.60170163523,3219.27363240268,4.08093035632166,3.38701960888315,1.41935731291776,15.7725398459646,0.420429674398891,0.154451555013808,0.419559551792762
-0.0002538947101831,0.0001629988574822,0.849283184252916,1.1795084721362,1343.69618195541,3240.7735913708,4.08412795596653,3.3810374788616,1.38338039539741,15.8779895357271,0.410373441461395,0.155092340366896,0.404286348474162
-0.0002462858452653,0.0001654530543581,0.850284614677094,1.17896128134489,1322.14950459067,3218.35459433704,4.08820863489835,3.36863545231197,1.36042178974057,15.768733969792,0.403803034645505,0.154337649755811,0.395356076542789
-0.0002482144350805,0.0001702764817045,0.872830110116881,1.14851734889759,1280.04280867855,3244.71304914672,4.08870567059984,3.36604562130841,1.31230901749847,15.897467978025,0.390916979073134,0.15455538536864,0.388261209596982
-0.0002528955381638,0.0001777097034257,0.898349086226387,1.11649914003212,1254.22889313829,3255.94486132861,4.09126128753026,3.36581275074981,1.28486049480735,15.9527185296105,0.383043245478838,0.153904705506075,0.377010399286182
-0.0002453088349584,0.0001807091699931,0.910070925137235,1.10043212642332,1237.8852488078,3243.91366727613,4.09402668222468,3.35302747682083,1.26633018336925,15.8938164509772,0.378048092232447,0.153895693852086,0.369517603522236
-0.0002538943490591,0.0001833564240533,0.919893967461755,1.09362374840829,1229.58837792768,3242.27562181282,4.09505351730015,3.36351374217442,1.25755633079378,15.8859708819722,0.375518935566061,0.152357651937235,0.36539012979682
-0.0002483312408782,0.0001859591433102,0.922396998933926,1.08569025217622,1216.32321861407,3240.58558731685,4.09431597921583,3.35426809674218,1.24301703526338,15.8776548077392,0.371456040541834,0.153245215509717,0.362749757648596
-0.0002526311297795,0.0001887022597247,0.934961438746267,1.07030949844716,1202.12011345584,3235.47623828195,4.09431046247482,3.34430529957726,1.22750250820922,15.8519069229725,0.367127842255793,0.151995922125411,0.359340907332765
-0.0002517781608794,0.0001901688074012,0.939078648982449,1.06823376643494,1186.77659612458,3226.10137659707,4.09731725129214,3.34951840377435,1.21089177862677,15.8063876034679,0.362437708263167,0.151920492177847,0.355198750277965
-0.0002576849523979,0.0001931598741154,0.947736355715461,1.0602656480122,1177.16748907817,3229.85134807482,4.09813829355462,3.34293045648714,1.20044766419551,15.824363920277,0.359488610258124,0.150398471223848,0.351474336624444
-0.0002483747809475,0.0001956001944486,0.953710049083049,1.05035176720572,1176.54243722161,3212.4453936858,4.09743696167356,3.34340440936205,1.20017520010572,15.7393652900043,0.359318447816616,0.151384467516697,0.348152518868442
-0.0002543273955673,0.000195455858138,0.946386022099031,1.06007812900116,1211.05760004743,3206.44563176802,4.09688949584961,3.34811073825473,1.23628710074788,15.7098188800826,0.369842553563625,0.150446531653242,0.348788316801653
-0.0002562224478672,0.0001890191741657,0.932407543282126,1.07507826574102,1208.59154923502,3193.18041574811,4.09490614467197,3.35459968021938,1.2367981453615,15.6457027481752,0.369104387978203,0.150278057745776,0.358461102515064
-0.0002506273967544,0.0001885200288528,0.934198252963561,1.07191784203217,1183.71446571842,3190.65140519063,4.09591015709771,3.35597206906574,1.21075290293321,15.6331730369349,0.361492084148274,0.1507225006042,0.357281337511096
-0.0002517328885477,0.000192659076483,0.947334519519236,1.05650259896982,1181.02679022409,3179.05352799708,4.09685037856878,3.35065589881525,1.20654225624248,15.5762293992836,0.360671330126429,0.14994481765867,0.350471628730142
-0.0002553215864232,0.0001931782171315,0.947251441195551,1.06162447690599,1164.38652991032,3162.1184562174,4.09670350163482,3.35458732247353,1.18833072007058,15.4933270309827,0.355599997089873,0.149010814742155,0.349545256295748
-0.0002580816607525,0.0001951230909122,0.95283640647512,1.05115503853813,1144.2775522406,3142.82374208797,4.09756805215563,3.3368919968605,1.16526103008385,15.3987158521035,0.349458182140939,0.147298033288616,0.344658689256042
-0.0002540515878183,0.0002004932328706,0.976509304674902,1.02614884953619,1129.01223891776,3168.46192091327,4.10036264396295,3.34177129696577,1.14856543899082,15.5242217982758,0.344791240709478,0.148448170577596,0.338885695412344
-0.0002578058107974,0.0002038507993677,0.978341061082323,1.02321368775001,1117.68416189926,3163.66785664002,4.10099758505821,3.33372027446062,1.13634546829128,15.5004686379199,0.341331345449691,0.147562158402948,0.334967622122608
-0.0002480101339936,0.0002065616147387,0.986416749027692,1.01453131852708,1109.43420376518,3149.30846919825,4.1005397882217,3.34452101431395,1.12749918407599,15.430734482335,0.338813089959647,0.147521155166205,0.331325245208399
-0.0002587400958352,0.0002074092034266,0.991366072156911,1.01120354694971,1101.80936556228,3152.25690102257,4.10208441049625,3.33828228398373,1.1189923274303,15.4455594589274,0.336470732576931,0.146449644757455,0.329682426973576
-0.0002559028338741,0.0002106244602154,0.999967182261527,1.00181600349255,1089.96595265318,3146.99143647979,4.10110196941777,3.33052224861948,1.10658150551473,15.4189410860533,0.332869505052657,0.146415256752458,0.32720554431364
-0.0002578709632075,0.0002110689844784,1.008301043244,0.994531165493115,1082.88778479592,3134.16571554681,4.10323267861417,3.32502928533052,1.09884251975342,15.3563249005235,0.330711121837607,0.145417919378758,0.324166649874131
-0.0002495338092894,0.0002142013224929,1.01194371941176,0.988853273403585,1068.8100761995,3131.74387670425,4.10196591712333,3.33368995382979,1.08441766781941,15.3443625725133,0.326406907634558,0.145583316751862,0.321847009286596
-0.0002471400696322,0.0002151188050495,1.02507677397843,0.977002571068295,1060.73198131649,3102.71302864331,4.10468814824079,3.32784722946786,1.07577390720558,15.2021959420545,0.32393762833625,0.144303074273071,0.31763021047933
-0.0002669879799606,0.0002186797035559,1.01970928398568,0.981512612244065,1065.0288497147,3122.00965282318,4.10402483410305,3.32939654427606,1.07983537977972,15.2974054600678,0.325249790859798,0.142952216367224,0.316939363003954
-0.0002651400442028,0.0002156446478063,1.01976465973671,0.983330595129476,1088.29422727413,3097.04167835839,4.10487194319029,3.33313448805558,1.10605461031651,15.1746100785953,0.332342465791764,0.143237491113507,0.317880492962529
-0.0002615718293828,0.0002115203679874,1.00264403388393,0.998009172656037,1075.07577616675,3087.91658087773,4.10151533076638,3.34669720159995,1.09399984338752,15.1301953807445,0.328322394260436,0.143838326537686,0.32396248969816
-0.0002685147329205,0.0002107537585243,0.999499658357063,1.00175698543297,1092.43480603042,3048.714408923,4.1039358063748,3.3423732456408,1.11275173523959,14.9375438165065,0.333627032977562,0.142218486598288,0.321028638775076
-0.0002641281812297,0.00020718721625,0.988453249361384,1.012661452187,1093.29423086657,3042.79277577612,4.10199306561397,3.3397482319882,1.11258392446455,14.9081520173965,0.33390004928804,0.142201612306785,0.32511109839065
-0.0002628731037404,0.0002069966338886,0.99281056005823,1.00871352136658,1072.12231642133,3040.21441931857,4.10132872141325,3.34469273283675,1.09103623859782,14.8956643531224,0.327463650061368,0.141968216783465,0.325119278422015
-0.000255303977106,0.0002133492176159,1.02026152311083,0.982125210240914,1072.09144501024,3040.80837717932,4.10172954765526,3.33751949104103,1.08857581945716,14.8980764206643,0.327454219348712,0.142122601909478,0.318620642067348
-0.0002540216892895,0.0002174037128428,1.01789724571419,0.98430925958944,1008.0628012238,3091.68206525341,4.10296374398309,3.32510610307966,1.02012583295101,15.1475846262229,0.307904182665465,0.143612019028224,0.31804401734179
-0.0002569119826571,0.0002278378600858,1.06447005797748,0.944000358476857,1009.92010504642,3036.12035647925,4.10897758427788,3.32381987571716,1.02122792206931,14.8753242967483,0.30846544041525,0.14020690676405,0.300699144239289
-0.0002542481406602,0.0002285084503124,1.06433457240643,0.940630620573439,997.983143379999,3044.4014638167,4.10837746367735,3.31513096945626,1.00862276434332,14.9159290746232,0.304827092347468,0.14053072642966,0.301174727179088
-0.0002518318134128,0.0002322645151834,1.06360435700503,0.941047910822232,994.139078231907,3025.93289524125,4.10804537570838,3.31021743501936,1.00384899188502,14.8252212530867,0.303645496840559,0.139444492165975,0.29783663066943
-0.0002606895136519,0.0002331240718773,1.07449363074073,0.932147621060472,986.778083869023,3026.62032955402,4.10864405921011,3.32076409283806,0.995456079591521,14.8289086987161,0.301394244341361,0.1392346226928,0.296848745431638
-0.0002558136688142,0.0002364247740931,1.07555576600653,0.930996483909561,978.702023887599,3025.04226111696,4.10758624225855,3.31871611230514,0.988160795925628,14.821031787642,0.298927011221021,0.138924239731179,0.294804718924417
-0.0002566920041122,0.0002376714031153,1.07787399679291,0.928844060327714,970.233338317426,3007.71425134991,4.10904873907566,3.31262929299298,0.979269724034486,14.7360832416213,0.296336532408414,0.1382245144535,0.292454007320222
-0.0002544560569827,0.0002379037958527,1.10300081346707,0.912592600252548,957.858791143342,3008.26125936714,4.1113967821002,3.32225845076821,0.966356473009425,14.7387078581105,0.292556886029541,0.13792488518732,0.290072644898365
-0.0002589758530079,0.0002427917500455,1.1080496182943,0.903993561947147,955.624248104519,2996.43343480903,4.11082719218346,3.32164505756263,0.964359731482126,14.6808644709442,0.291883547111727,0.137209253563775,0.286802855937216
-0.0002439423800997,0.000241778339278,1.10154381127878,0.909065856085783,968.092699847679,2974.54611856744,4.11086900003495,3.3110052206937,0.976987050606972,14.5734437153248,0.295680097872275,0.135913381336773,0.2864886540228
-0.000238211018583,0.0001899567689867,1.00688756275484,0.994568212877285,976.780150307284,3306.05319297398,4.09826146684042,3.32196910942302,0.98762597817212,16.1972937224773,0.29835113509796,0.152207873724162,0.346543842233893
-0.0002614881874221,0.00023642255682,1.0797124804513,0.926630768247986,973.046088787029,3004.77708426083,4.10830483585596,3.31550600949456,0.982502768549116,14.7215517898899,0.297201630119032,0.137541419692198,0.292883262541957
-0.0002578472478945,0.0002381437166688,1.08593349539354,0.921399879560349,947.655765313481,3004.995469118,4.11018730700016,3.31831313624526,0.956776078521088,14.7228883524136,0.289449118082736,0.138014292765274,0.291117195085283
-0.0002614483080252,0.0002425144137539,1.11099608246211,0.903363329181396,960.515014734818,2969.18375944352,4.11253013149385,3.30948110888986,0.970287943751335,14.5471461778318,0.293374312990546,0.136148248320153,0.284336507525806
-0.0002513877493528,0.0002416526912354,1.08570057792469,0.922270074459727,942.968518502312,2950.15289016662,4.10904594390623,3.31268963669286,0.951192849416907,14.4541790746031,0.288012138870208,0.135812595894628,0.287559421783001
-0.0002547452646261,0.0001539927045496,0.810672942559592,1.23633736961004,1376.60170163523,3219.27363240268,4.08093035632166,3.38701960888315,1.41935731291776,15.7725398459646,0.420429674398891,0.154451555013808,0.419559551792762
-0.0002538947101831,0.0001629988574822,0.849283184252916,1.1795084721362,1343.69618195541,3240.7735913708,4.08412795596653,3.3810374788616,1.38338039539741,15.8779895357271,0.410373441461395,0.155092340366896,0.404286348474162
-0.0002462858452653,0.0001654530543581,0.850284614677094,1.17896128134489,1322.14950459067,3218.35459433704,4.08820863489835,3.36863545231197,1.36042178974057,15.768733969792,0.403803034645505,0.154337649755811,0.395356076542789
-0.0002482144350805,0.0001702764817045,0.872830110116881,1.14851734889759,1280.04280867855,3244.71304914672,4.08870567059984,3.36604562130841,1.31230901749847,15.897467978025,0.390916979073134,0.15455538536864,0.388261209596982
-0.0002528955381638,0.0001777097034257,0.898349086226387,1.11649914003212,1254.22889313829,3255.94486132861,4.09126128753026,3.36581275074981,1.28486049480735,15.9527185296105,0.383043245478838,0.153904705506075,0.377010399286182
-0.0002453088349584,0.0001807091699931,0.910070925137235,1.10043212642332,1237.8852488078,3243.91366727613,4.09402668222468,3.35302747682083,1.26633018336925,15.8938164509772,0.378048092232447,0.153895693852086,0.369517603522236
-0.0002538943490591,0.0001833564240533,0.919893967461755,1.09362374840829,1229.58837792768,3242.27562181282,4.09505351730015,3.36351374217442,1.25755633079378,15.8859708819722,0.375518935566061,0.152357651937235,0.36539012979682
-0.0002483312408782,0.0001859591433102,0.922396998933926,1.08569025217622,1216.32321861407,3240.58558731685,4.09431597921583,3.35426809674218,1.24301703526338,15.8776548077392,0.371456040541834,0.153245215509717,0.362749757648596
-0.0002526311297795,0.0001887022597247,0.934961438746267,1.07030949844716,1202.12011345584,3235.47623828195,4.09431046247482,3.34430529957726,1.22750250820922,15.8519069229725,0.367127842255793,0.151995922125411,0.359340907332765
-0.0002517781608794,0.0001901688074012,0.939078648982449,1.06823376643494,1186.77659612458,3226.10137659707,4.09731725129214,3.34951840377435,1.21089177862677,15.8063876034679,0.362437708263167,0.151920492177847,0.355198750277965
-0.0002576849523979,0.0001931598741154,0.947736355715461,1.0602656480122,1177.16748907817,3229.85134807482,4.09813829355462,3.34293045648714,1.20044766419551,15.824363920277,0.359488610258124,0.150398471223848,0.351474336624444
-0.0002483747809475,0.0001956001944486,0.953710049083049,1.05035176720572,1176.54243722161,3212.4453936858,4.09743696167356,3.34340440936205,1.20017520010572,15.7393652900043,0.359318447816616,0.151384467516697,0.348152518868442
-0.0002543273955673,0.000195455858138,0.946386022099031,1.06007812900116,1211.05760004743,3206.44563176802,4.09688949584961,3.34811073825473,1.23628710074788,15.7098188800826,0.369842553563625,0.150446531653242,0.348788316801653
-0.0002562224478672,0.0001890191741657,0.932407543282126,1.07507826574102,1208.59154923502,3193.18041574811,4.09490614467197,3.35459968021938,1.2367981453615,15.6457027481752,0.369104387978203,0.150278057745776,0.358461102515064
-0.0002506273967544,0.0001885200288528,0.934198252963561,1.07191784203217,1183.71446571842,3190.65140519063,4.09591015709771,3.35597206906574,1.21075290293321,15.6331730369349,0.361492084148274,0.1507225006042,0.357281337511096
-0.0002517328885477,0.000192659076483,0.947334519519236,1.05650259896982,1181.02679022409,3179.05352799708,4.09685037856878,3.35065589881525,1.20654225624248,15.5762293992836,0.360671330126429,0.14994481765867,0.350471628730142
-0.0002553215864232,0.0001931782171315,0.947251441195551,1.06162447690599,1164.38652991032,3162.1184562174,4.09670350163482,3.35458732247353,1.18833072007058,15.4933270309827,0.355599997089873,0.149010814742155,0.349545256295748
-0.0002580816607525,0.0001951230909122,0.95283640647512,1.05115503853813,1144.2775522406,3142.82374208797,4.09756805215563,3.3368919968605,1.16526103008385,15.3987158521035,0.349458182140939,0.147298033288616,0.344658689256042
-0.0002540515878183,0.0002004932328706,0.976509304674902,1.02614884953619,1129.01223891776,3168.46192091327,4.10036264396295,3.34177129696577,1.14856543899082,15.5242217982758,0.344791240709478,0.148448170577596,0.338885695412344
-0.0002578058107974,0.0002038507993677,0.978341061082323,1.02321368775001,1117.68416189926,3163.66785664002,4.10099758505821,3.33372027446062,1.13634546829128,15.5004686379199,0.341331345449691,0.147562158402948,0.334967622122608
-0.0002480101339936,0.0002065616147387,0.986416749027692,1.01453131852708,1109.43420376518,3149.30846919825,4.1005397882217,3.34452101431395,1.12749918407599,15.430734482335,0.338813089959647,0.147521155166205,0.331325245208399
-0.0002587400958352,0.0002074092034266,0.991366072156911,1.01120354694971,1101.80936556228,3152.25690102257,4.10208441049625,3.33828228398373,1.1189923274303,15.4455594589274,0.336470732576931,0.146449644757455,0.329682426973576
-0.0002559028338741,0.0002106244602154,0.999967182261527,1.00181600349255,1089.96595265318,3146.99143647979,4.10110196941777,3.33052224861948,1.10658150551473,15.4189410860533,0.332869505052657,0.146415256752458,0.32720554431364
-0.0002578709632075,0.0002110689844784,1.008301043244,0.994531165493115,1082.88778479592,3134.16571554681,4.10323267861417,3.32502928533052,1.09884251975342,15.3563249005235,0.330711121837607,0.145417919378758,0.324166649874131
-0.0002495338092894,0.0002142013224929,1.01194371941176,0.988853273403585,1068.8100761995,3131.74387670425,4.10196591712333,3.33368995382979,1.08441766781941,15.3443625725133,0.326406907634558,0.145583316751862,0.321847009286596
-0.0002471400696322,0.0002151188050495,1.02507677397843,0.977002571068295,1060.73198131649,3102.71302864331,4.10468814824079,3.32784722946786,1.07577390720558,15.2021959420545,0.32393762833625,0.144303074273071,0.31763021047933
-0.0002669879799606,0.0002186797035559,1.01970928398568,0.981512612244065,1065.0288497147,3122.00965282318,4.10402483410305,3.32939654427606,1.07983537977972,15.2974054600678,0.325249790859798,0.142952216367224,0.316939363003954
-0.0002651400442028,0.0002156446478063,1.01976465973671,0.983330595129476,1088.29422727413,3097.04167835839,4.10487194319029,3.33313448805558,1.10605461031651,15.1746100785953,0.332342465791764,0.143237491113507,0.317880492962529
-0.0002615718293828,0.0002115203679874,1.00264403388393,0.998009172656037,1075.07577616675,3087.91658087773,4.10151533076638,3.34669720159995,1.09399984338752,15.1301953807445,0.328322394260436,0.143838326537686,0.32396248969816
-0.0002685147329205,0.0002107537585243,0.999499658357063,1.00175698543297,1092.43480603042,3048.714408923,4.1039358063748,3.3423732456408,1.11275173523959,14.9375438165065,0.333627032977562,0.142218486598288,0.321028638775076
-0.0002641281812297,0.00020718721625,0.988453249361384,1.012661452187,1093.29423086657,3042.79277577612,4.10199306561397,3.3397482319882,1.11258392446455,14.9081520173965,0.33390004928804,0.142201612306785,0.32511109839065
-0.0002628731037404,0.0002069966338886,0.99281056005823,1.00871352136658,1072.12231642133,3040.21441931857,4.10132872141325,3.34469273283675,1.09103623859782,14.8956643531224,0.327463650061368,0.141968216783465,0.325119278422015
-0.000255303977106,0.0002133492176159,1.02026152311083,0.982125210240914,1072.09144501024,3040.80837717932,4.10172954765526,3.33751949104103,1.08857581945716,14.8980764206643,0.327454219348712,0.142122601909478,0.318620642067348
-0.0002540216892895,0.0002174037128428,1.01789724571419,0.98430925958944,1008.0628012238,3091.68206525341,4.10296374398309,3.32510610307966,1.02012583295101,15.1475846262229,0.307904182665465,0.143612019028224,0.31804401734179
-0.0002569119826571,0.0002278378600858,1.06447005797748,0.944000358476857,1009.92010504642,3036.12035647925,4.10897758427788,3.32381987571716,1.02122792206931,14.8753242967483,0.30846544041525,0.14020690676405,0.300699144239289
-0.0002542481406602,0.0002285084503124,1.06433457240643,0.940630620573439,997.983143379999,3044.4014638167,4.10837746367735,3.31513096945626,1.00862276434332,14.9159290746232,0.304827092347468,0.14053072642966,0.301174727179088
-0.0002518318134128,0.0002322645151834,1.06360435700503,0.941047910822232,994.139078231907,3025.93289524125,4.10804537570838,3.31021743501936,1.00384899188502,14.8252212530867,0.303645496840559,0.139444492165975,0.29783663066943
-0.0002606895136519,0.0002331240718773,1.07449363074073,0.932147621060472,986.778083869023,3026.62032955402,4.10864405921011,3.32076409283806,0.995456079591521,14.8289086987161,0.301394244341361,0.1392346226928,0.296848745431638
-0.0002558136688142,0.0002364247740931,1.07555576600653,0.930996483909561,978.702023887599,3025.04226111696,4.10758624225855,3.31871611230514,0.988160795925628,14.821031787642,0.298927011221021,0.138924239731179,0.294804718924417
-0.0002566920041122,0.0002376714031153,1.07787399679291,0.928844060327714,970.233338317426,3007.71425134991,4.10904873907566,3.31262929299298,0.979269724034486,14.7360832416213,0.296336532408414,0.1382245144535,0.292454007320222
-0.0002544560569827,0.0002379037958527,1.10300081346707,0.912592600252548,957.858791143342,3008.26125936714,4.1113967821002,3.32225845076821,0.966356473009425,14.7387078581105,0.292556886029541,0.13792488518732,0.290072644898365
-0.0002589758530079,0.0002427917500455,1.1080496182943,0.903993561947147,955.624248104519,2996.43343480903,4.11082719218346,3.32164505756263,0.964359731482126,14.6808644709442,0.291883547111727,0.137209253563775,0.286802855937216
-0.0002439423800997,0.000241778339278,1.10154381127878,0.909065856085783,968.092699847679,2974.54611856744,4.11086900003495,3.3110052206937,0.976987050606972,14.5734437153248,0.295680097872275,0.135913381336773,0.2864886540228
-0.000238211018583,0.0001899567689867,1.00688756275484,0.994568212877285,976.780150307284,3306.05319297398,4.09826146684042,3.32196910942302,0.98762597817212,16.1972937224773,0.29835113509796,0.152207873724162,0.346543842233893
-0.0002614881874221,0.00023642255682,1.0797124804513,0.926630768247986,973.046088787029,3004.77708426083,4.10830483585596,3.31550600949456,0.982502768549116,14.7215517898899,0.297201630119032,0.137541419692198,0.292883262541957
-0.0002578472478945,0.0002381437166688,1.08593349539354,0.921399879560349,947.655765313481,3004.995469118,4.11018730700016,3.31831313624526,0.956776078521088,14.7228883524136,0.289449118082736,0.138014292765274,0.291117195085283
-0.0002614483080252,0.0002425144137539,1.11099608246211,0.903363329181396,960.515014734818,2969.18375944352,4.11253013149385,3.30948110888986,0.970287943751335,14.5471461778318,0.293374312990546,0.136148248320153,0.284336507525806
-0.0002513877493528,0.0002416526912354,1.08570057792469,0.922270074459727,942.968518502312,2950.15289016662,4.10904594390623,3.31268963669286,0.951192849416907,14.4541790746031,0.288012138870208,0.135812595894628,0.287559421783001
