SCC,SCV,DVV,ICP,CCDT,CVCT,ACCV C,ACCV D,ECD,ECV,CCD,CCV,SoH
-0.038147,0.013996,0.303628,3.282461,20.009612,10.750158,3.441978,2.741207,180.027628,6.067559,1.079449,0.030282,0.981473
-0.036369,0.014298,0.281241,2.115677,20.010857,10.666740,3.443939,2.756010,180.249421,5.989371,1.080653,0.029795,0.982540
-0.039111,0.014185,0.292105,3.328758,20.010717,10.583425,3.445535,2.736905,180.359707,5.795538,1.081288,0.028875,0.983054
-0.038762,0.014774,0.271082,3.200169,20.010652,10.583548,3.445234,2.754701,180.469255,5.897327,1.081791,0.029296,0.983503
-0.036840,0.014901,0.271342,3.424557,20.011015,10.500080,3.448353,2.759536,180.519866,5.649981,1.082120,0.028124,0.983762
-0.037424,0.013736,0.249279,18.647561,20.011052,10.500078,3.442408,2.734030,180.559549,5.701111,1.082323,0.028285,0.983948
-0.039389,0.014448,0.297982,3.857006,20.010875,10.500130,3.443758,2.748033,180.618108,5.734952,1.082486,0.028453,0.984128
-0.035994,0.014587,0.268044,5.214349,20.011087,10.416773,3.445748,2.733890,180.636741,5.450049,1.082648,0.027157,0.984214
-0.037217,0.014530,0.291026,2.635930,20.010642,10.416640,3.442008,2.742963,180.644713,5.461046,1.082788,0.027214,0.984287
-0.037538,0.014145,0.265419,3.968752,20.010650,10.416760,3.444293,2.752247,180.685546,5.491408,1.082872,0.027304,0.984408
-0.036990,0.014697,0.291893,3.313627,20.010905,10.416768,3.444222,2.738938,180.644031,5.500387,1.082953,0.027343,0.984467
-0.038075,0.014441,0.236332,3.482352,19.968712,10.416827,3.445004,2.765732,180.671972,5.520629,1.083068,0.027395,0.984532
-0.035876,0.013938,0.237891,3.654202,20.011255,10.416722,3.442364,2.746223,180.635253,5.521796,1.083055,0.027403,0.984521
-0.036614,0.014022,0.218457,3.565694,20.011022,10.416627,3.442878,2.738926,180.608971,5.520478,1.083054,0.027365,0.984504
-0.038201,0.013539,0.264546,12.050158,20.011203,10.416758,3.441085,2.764382,180.620784,5.526235,1.083102,0.027390,0.984538
-0.036655,0.013900,0.248085,3.329649,20.011288,10.416750,3.441879,2.767381,180.622154,5.528061,1.083148,0.027435,0.984553
-0.036600,0.013978,0.276516,4.071733,20.010978,10.416760,3.444646,2.740229,180.575465,5.541450,1.083125,0.027425,0.984564
-0.038750,0.014098,0.265163,7.781670,20.004128,10.416790,3.442684,2.743363,180.592488,5.529105,1.083191,0.027448,0.984615
-0.036483,0.014565,0.252502,3.959477,20.010207,10.416787,3.446718,2.746123,180.579464,5.552272,1.083240,0.027500,0.984647
-0.038649,0.014647,0.180056,12.021596,20.011432,10.416732,3.445280,2.739783,180.563675,5.546475,1.083248,0.027473,0.984625
-0.035692,0.013870,0.275118,2.899754,20.011433,10.333373,3.442407,2.752685,180.565333,5.247231,1.083260,0.026155,0.984644
-0.034554,0.014314,0.259640,3.647525,20.001972,10.333287,3.445735,2.737663,180.563977,5.264324,1.083306,0.026189,0.984696
-0.035056,0.014044,0.284704,4.542115,19.986690,10.333365,3.444200,2.756371,180.517179,5.250675,1.083287,0.026152,0.984653
-0.036378,0.014421,0.234996,3.812909,19.970675,10.499998,3.445111,2.742890,180.517577,5.512568,1.083343,0.027274,0.983034
-0.037745,0.014763,0.269234,3.697108,20.011630,10.333503,3.447034,2.742904,180.488238,5.259404,1.083303,0.026147,0.984683
-0.033832,0.014031,0.272017,3.664659,19.912683,10.333350,3.443992,2.753344,180.470724,5.244193,1.083282,0.026123,0.984679
-0.036941,0.013962,0.278155,2.178816,19.927223,10.333462,3.443440,2.742462,180.491929,5.249102,1.083310,0.026098,0.984688
-0.036574,0.014013,0.246913,3.431687,19.909275,10.333508,3.441319,2.749169,180.477384,5.249419,1.083324,0.026109,0.984687
-0.037241,0.013625,0.255231,4.376347,20.011715,10.333278,3.441169,2.735687,180.463802,5.247392,1.083362,0.026097,0.984686
-0.036659,0.014458,0.267147,7.371981,19.975903,10.333397,3.445093,2.748998,180.447685,5.249058,1.083315,0.026080,0.984657
-0.034782,0.014027,0.226237,4.387698,19.939652,10.333328,3.443077,2.746834,180.398019,5.235727,1.083244,0.026043,0.984624
-0.036135,0.014112,0.256318,4.236155,19.946683,10.333370,3.443812,2.746896,180.391444,5.223273,1.083218,0.026008,0.984582
-0.036613,0.013642,0.263613,7.971660,20.003847,10.333502,3.442102,2.759469,180.385832,5.232176,1.083251,0.026023,0.984609
-0.039284,0.014516,0.285031,4.821099,19.960590,10.333505,3.444152,2.754824,180.365370,5.239058,1.083254,0.026028,0.984622
-0.034426,0.013967,0.267181,3.851789,19.945910,10.333395,3.442878,2.769519,180.370012,5.233355,1.083259,0.026026,0.984612
-0.036583,0.013586,0.235065,12.695008,19.992492,10.333545,3.440226,2.767784,180.355177,5.242821,1.083256,0.026020,0.984608
-0.038470,0.013527,0.260150,4.206271,19.986325,10.333418,3.442065,2.742560,180.347187,5.239897,1.083305,0.026025,0.984623
-0.036120,0.014638,0.286074,4.117062,19.928340,10.333502,3.446635,2.739370,180.325571,5.239512,1.083302,0.026021,0.984606
-0.036867,0.014533,0.245499,3.506868,19.941700,10.333277,3.447789,2.751498,180.313522,5.233914,1.083291,0.026029,0.984638
-0.037966,0.013905,0.267544,4.712118,19.896365,10.333362,3.443947,2.748283,180.281670,5.250284,1.083262,0.026026,0.984646
-0.037012,0.014088,0.246342,3.322264,19.899652,10.333320,3.443807,2.745724,180.242948,5.230779,1.083230,0.025978,0.984578
-0.035262,0.014016,0.185268,4.022477,19.890087,10.333432,3.444306,2.743038,180.202686,5.229547,1.083170,0.025918,0.984530
-0.038170,0.013916,0.245552,4.145679,19.892195,10.333510,3.443170,2.737928,180.188462,5.219406,1.083176,0.025949,0.984539
-0.039154,0.014447,0.263512,3.481377,19.925388,10.333410,3.445161,2.749362,180.186208,5.225103,1.083193,0.025919,0.984513
-0.038232,0.013666,0.279997,3.882871,19.905137,10.333305,3.442243,2.746472,180.180067,5.217567,1.083178,0.025938,0.984555
-0.038343,0.014925,0.273585,4.240295,19.904745,10.333380,3.447055,2.747316,180.124682,5.214600,1.083110,0.025871,0.984490
-0.036791,0.014161,0.227552,3.677766,19.888402,10.333477,3.444300,2.742515,180.120621,5.193943,1.083097,0.025834,0.984465
-0.038674,0.013880,0.260809,3.402070,19.871352,10.333448,3.444277,2.738513,180.111475,5.210120,1.083103,0.025848,0.984470
-0.035009,0.013928,0.264017,3.379779,19.865690,10.333450,3.443561,2.754520,180.111533,5.204881,1.083120,0.025859,0.984482
-0.037730,0.013794,0.233292,6.668458,19.865632,10.333347,3.442728,2.746728,180.301641,5.258043,1.083395,0.026043,0.984689
-0.035590,0.013945,0.221021,3.833895,19.913178,10.250020,3.444001,2.734496,180.440366,5.022898,1.083600,0.024902,0.984912
-0.037525,0.013717,0.261314,3.301448,19.887660,10.250057,3.442084,2.752540,180.525155,5.056268,1.083720,0.025076,0.985044
-0.039347,0.014607,0.241076,4.438738,19.862300,10.249958,3.445198,2.751139,180.560106,5.039747,1.083786,0.025031,0.985132
-0.036616,0.013380,0.268781,4.199145,19.950247,10.250115,3.440547,2.736672,180.414706,4.973694,1.083798,0.024725,0.984796
-0.037914,0.013919,0.272732,6.883798,19.881815,10.333478,3.441940,2.749355,180.020015,5.208182,1.083158,0.025892,0.984535
-0.034603,0.014180,0.273311,3.499144,19.829628,10.333493,3.442664,2.753029,179.954520,5.178773,1.083038,0.025756,0.984364
-0.037201,0.014227,0.269852,6.064853,19.806393,10.333503,3.442692,2.753152,179.944600,5.191570,1.083012,0.025752,0.984387
-0.038878,0.014364,0.289640,4.215630,19.835542,10.333390,3.444506,2.752719,179.931635,5.162935,1.082987,0.025719,0.984329
-0.037168,0.013557,0.243772,3.460350,19.808392,10.333345,3.442926,2.760601,179.919657,5.168244,1.082964,0.025690,0.984300
-0.036255,0.014810,0.185008,200.977632,19.832578,10.333358,3.447081,2.752045,179.906968,5.169920,1.083016,0.025715,0.984346
-0.034196,0.013704,0.243995,4.262237,19.794772,10.333308,3.442814,2.757535,179.894603,5.181145,1.082963,0.025734,0.984339
-0.035794,0.013254,0.245697,4.501502,19.780162,10.333297,3.441138,2.756658,179.878423,5.162451,1.082898,0.025699,0.984322
-0.035899,0.014701,0.281827,3.916769,19.803427,10.333390,3.445396,2.742155,179.856950,5.151772,1.082907,0.025645,0.984306
-0.036637,0.013732,0.209909,3.190537,19.773375,10.333397,3.441998,2.746403,179.830944,5.154853,1.082891,0.025666,0.984267
-0.037326,0.013535,0.285844,3.944964,19.801020,10.333470,3.442855,2.737042,179.807798,5.153853,1.082887,0.025617,0.984254
-0.038503,0.014663,0.277922,3.645187,19.730963,10.333467,3.447197,2.756366,179.791327,5.160667,1.082851,0.025619,0.984226
-0.036246,0.014342,0.270336,3.530839,19.780282,10.333508,3.445272,2.767638,179.774744,5.144167,1.082870,0.025608,0.984219
-0.038360,0.013582,0.197301,11.694797,19.800643,10.333252,3.442504,2.749803,179.746901,5.140477,1.082809,0.025573,0.984194
-0.036243,0.014637,0.248286,3.434151,19.766815,10.333283,3.446050,2.751553,179.733807,5.135751,1.082786,0.025523,0.984137
-0.037009,0.014433,0.256010,3.435249,19.786543,10.333332,3.447074,2.741910,179.721950,5.131251,1.082776,0.025510,0.984135
-0.037676,0.014235,0.272573,5.250877,19.762307,10.333433,3.446088,2.737724,179.681091,5.124191,1.082737,0.025474,0.984108
-0.036620,0.015212,0.246256,3.320321,19.780632,10.333522,3.449480,2.749865,179.667360,5.116997,1.082683,0.025442,0.984046
-0.036278,0.014046,0.224261,3.466938,19.736227,10.333348,3.445663,2.749146,179.636485,5.104019,1.082643,0.025408,0.984012
-0.036283,0.014080,0.254835,3.877405,19.767343,10.333517,3.445712,2.740119,179.607753,5.094442,1.082610,0.025372,0.983958
-0.034090,0.014616,0.267468,3.494595,19.796928,10.333522,3.446379,2.739222,179.607845,5.101082,1.082595,0.025360,0.983945
-0.039253,0.014874,0.275343,4.171997,19.743975,10.333375,3.447992,2.754929,179.571865,5.095283,1.082574,0.025332,0.983928
-0.035294,0.014282,0.210115,4.460952,19.735303,10.333222,3.445075,2.751077,179.566111,5.100347,1.082529,0.025317,0.983910
-0.038690,0.014065,0.278263,2.970370,19.747385,10.333492,3.444933,2.753805,179.534417,5.080453,1.082509,0.025282,0.983884
-0.035589,0.014486,0.286033,2.758235,19.812113,10.333305,3.447503,2.737903,179.517556,5.059131,1.082495,0.025231,0.983827
-0.033828,0.014408,0.246064,15.278721,19.767023,10.333488,3.445590,2.744728,179.499825,5.070043,1.082430,0.025246,0.983824
-0.037169,0.014195,0.247814,4.501708,19.792977,10.333562,3.444799,2.748162,179.479447,5.056644,1.082408,0.025199,0.983774
-0.042847,0.014652,0.275472,3.483633,19.821552,10.416630,3.448859,2.731902,179.465026,5.346389,1.082333,0.026511,0.983756
-0.037022,0.014190,0.264051,4.103737,19.752153,10.416772,3.444266,2.738393,179.449779,5.342922,1.082281,0.026469,0.983715
-0.038700,0.014219,0.277131,4.003085,19.707443,10.416827,3.446183,2.748000,179.436758,5.342291,1.082328,0.026424,0.983675
-0.040721,0.014884,0.247523,5.077497,19.773433,10.416708,3.446997,2.754647,179.409681,5.339561,1.082278,0.026432,0.983674
-0.039150,0.014395,0.272387,2.510264,19.740632,10.416785,3.446009,2.753216,179.368131,5.337209,1.082244,0.026418,0.983657
-0.041055,0.014800,0.190244,3.239619,19.778153,10.416607,3.449128,2.739043,179.353380,5.325845,1.082237,0.026361,0.983607
-0.040543,0.014780,0.287807,3.402521,19.805113,10.416583,3.447048,2.759794,179.327108,5.332933,1.082183,0.026323,0.983570
-0.037121,0.014137,0.232922,3.117503,19.711925,10.416625,3.444138,2.747574,179.316454,5.302889,1.082143,0.026320,0.983562
-0.037863,0.014432,0.203270,3.891525,19.725165,10.416632,3.447226,2.742759,179.296024,5.317176,1.082148,0.026295,0.983541
-0.036710,0.014368,0.302399,2.425222,19.696645,10.416648,3.446071,2.730404,179.292079,5.310980,1.082097,0.026239,0.983501
-0.040882,0.014622,0.141823,325.987234,19.736650,10.416722,3.446752,2.745255,179.280191,5.309732,1.082101,0.026251,0.983511
-0.037686,0.013965,0.312129,2.960942,19.735582,10.416795,3.444920,2.741448,179.237426,5.308719,1.082069,0.026220,0.983461
-0.041050,0.014742,0.210648,3.870238,19.696710,10.416832,3.446774,2.761719,179.273118,5.297538,1.082029,0.026192,0.983434
-0.036453,0.013828,0.234409,3.194307,19.729538,10.416823,3.442757,2.759133,179.226000,5.277101,1.082005,0.026118,0.983375
-0.040979,0.013917,0.269248,3.627152,19.677498,10.416767,3.444612,2.750536,179.183632,5.285539,1.081933,0.026101,0.983361
-0.036866,0.013983,0.302559,2.660669,19.789143,10.416715,3.444744,2.748022,179.157179,5.271607,1.081897,0.026048,0.983323
-0.038828,0.014302,0.226774,3.229366,19.706587,10.416727,3.446549,2.725528,179.161234,5.249076,1.081866,0.025945,0.983226
-0.039484,0.013921,0.261279,9.115435,19.730212,10.416903,3.444857,2.739937,179.133895,5.266724,1.081806,0.025982,0.983248
-0.036662,0.013904,0.238971,4.358507,19.710008,10.416822,3.445923,2.737836,179.119857,5.238995,1.081827,0.025935,0.983211
-0.036449,0.013830,0.271008,3.357837,19.757968,10.416637,3.445766,2.739282,179.065820,5.235414,1.081755,0.025917,0.983188
-0.036856,0.014332,0.152742,6.546558,19.716100,10.416665,3.447027,2.741384,179.071111,5.220266,1.081738,0.025837,0.983127
-0.038398,0.014049,0.271919,3.566126,19.783058,10.416693,3.444290,2.746319,179.024110,5.226748,1.081690,0.025866,0.983152
-0.039434,0.014227,0.275828,3.196762,19.714582,10.416708,3.444884,2.740418,179.008514,5.206552,1.081643,0.025748,0.983022
-0.038591,0.014278,0.296327,5.603300,19.700207,10.416788,3.446240,2.725742,178.997984,5.195692,1.081620,0.025727,0.983012
-0.036880,0.013739,0.297776,2.894605,19.697635,10.416662,3.444758,2.751517,178.942712,5.189068,1.081523,0.025733,0.983014
-0.037721,0.014775,0.252413,3.665478,19.670565,10.416758,3.448130,2.748956,178.897794,5.169781,1.081460,0.025630,0.982936
-0.037411,0.014152,0.303815,4.692204,19.616175,10.416905,3.444318,2.743761,178.911881,5.143897,1.081437,0.025545,0.982843
-0.037560,0.014619,0.281653,3.322536,19.712255,10.416758,3.446964,2.742896,178.896016,5.161439,1.081427,0.025599,0.982877
-0.039913,0.014463,0.283927,4.319587,19.723815,10.416770,3.446913,2.742403,178.889585,5.148664,1.081394,0.025565,0.982856
-0.036478,0.014383,0.300889,3.768619,19.614745,10.416740,3.445930,2.749894,178.885085,5.152004,1.081382,0.025562,0.982837
-0.037860,0.014703,0.301979,2.661665,19.587468,10.416707,3.448035,2.754342,178.874764,5.150202,1.081398,0.025525,0.982840
-0.038000,0.013977,0.247531,3.122670,19.691763,10.416710,3.445250,2.742434,178.855370,5.143446,1.081315,0.025518,0.982841
-0.037373,0.014113,0.262338,2.962783,19.669292,10.416697,3.444479,2.738882,178.800826,5.128509,1.081210,0.025440,0.982732
-0.036570,0.013954,0.258206,3.507634,19.627872,10.416850,3.443586,2.757089,178.783659,5.099711,1.081168,0.025350,0.982628
-0.036615,0.013812,0.242681,4.340693,19.678343,10.416817,3.445294,2.735581,178.747412,5.102216,1.081143,0.025340,0.982635
-0.039992,0.014167,0.304895,3.308793,19.562837,10.416802,3.445994,2.746521,178.757223,5.101678,1.081089,0.025304,0.982592
-0.036387,0.014294,0.316608,3.552732,19.611583,10.416705,3.447371,2.748865,178.732925,5.097956,1.081066,0.025291,0.982573
-0.038247,0.014489,0.272403,3.958213,19.574405,10.416718,3.447351,2.743054,178.734067,5.077386,1.081078,0.025245,0.982549
-0.038316,0.014258,0.283249,7.801426,19.650123,10.416747,3.446213,2.735333,178.718218,5.082118,1.081051,0.025288,0.982573
-0.036909,0.013876,0.288020,4.493556,19.518060,10.416833,3.444185,2.760054,178.726008,5.091306,1.081026,0.025242,0.982550
-0.036151,0.014332,0.306384,4.215851,19.577433,10.416737,3.446709,2.738080,178.708288,5.084994,1.080988,0.025307,0.982523
-0.036913,0.015020,0.301693,2.716539,19.522070,10.416685,3.449223,2.736158,178.677228,5.088536,1.080929,0.025188,0.982483
-0.036715,0.014636,0.264046,2.210211,19.573508,10.416768,3.447155,2.752883,178.626908,5.064687,1.080862,0.025127,0.982422
-0.035879,0.014721,0.285425,3.509821,19.512770,10.416583,3.449103,2.746802,178.626428,5.049168,1.080803,0.025057,0.982331
-0.037875,0.014438,0.291198,4.038870,19.551167,10.328887,3.446949,2.753682,178.579288,5.025461,1.080690,0.024998,0.982281
-0.035441,0.014196,0.290799,3.753094,19.463363,10.416728,3.447228,2.727740,178.553273,5.027106,1.080697,0.024965,0.982234
-0.036519,0.014375,0.293822,3.402193,19.561102,10.416770,3.445725,2.736551,178.536696,5.008730,1.080670,0.024945,0.982225
-0.037488,0.015091,0.310372,3.182030,19.476728,10.416750,3.448463,2.752145,178.530940,5.004629,1.080618,0.024906,0.982162
-0.034956,0.015153,0.258125,7.361857,19.581180,10.416887,3.447818,2.738828,178.502526,4.994445,1.080581,0.024885,0.982173
-0.035510,0.014606,0.295339,2.606574,19.466217,10.416695,3.447008,2.734709,178.487489,5.004076,1.080520,0.024841,0.982090
-0.035520,0.015255,0.300806,3.459856,19.541373,10.416665,3.449019,2.750458,178.450494,4.969936,1.080483,0.024800,0.982058
-0.039469,0.014871,0.315762,2.755423,19.476503,10.500093,3.448401,2.736835,178.438348,5.271018,1.080423,0.026097,0.982004
-0.039403,0.014576,0.289298,4.148266,19.526262,10.499952,3.447596,2.731866,178.385674,5.256071,1.080345,0.026032,0.981928
-0.040368,0.015048,0.301314,3.333103,19.460368,10.500142,3.450192,2.751432,178.358107,5.240025,1.080280,0.025958,0.981851
-0.039206,0.015166,0.202126,6.638865,19.548007,10.499995,3.450507,2.750345,178.345765,5.251089,1.080245,0.025931,0.981813
-0.037815,0.014720,0.268019,4.322272,19.452718,10.499990,3.447947,2.755519,178.357731,5.235556,1.080217,0.025889,0.981806
-0.039665,0.014721,0.289628,4.532316,19.517098,10.499972,3.446858,2.749273,178.327239,5.223652,1.080161,0.025831,0.981743
-0.037216,0.014048,0.314318,2.655625,19.452380,10.499947,3.445746,2.754270,178.341761,5.221650,1.080136,0.025850,0.981753
-0.039895,0.014252,0.295051,3.381239,19.499350,10.500037,3.447258,2.736950,178.328928,5.227180,1.080100,0.025824,0.981717
-0.036162,0.014524,0.296939,5.360014,19.433747,10.500147,3.448078,2.760741,178.310749,5.204099,1.080055,0.025767,0.981666
-0.038178,0.014510,0.238188,3.393268,19.550487,10.500143,3.446748,2.734139,178.312504,5.209681,1.080009,0.025694,0.981604
-0.035755,0.015203,0.290804,3.136818,19.422307,10.500113,3.450169,2.775346,178.392769,5.181775,1.079907,0.025610,0.981516
-0.037477,0.014230,0.282386,3.103536,19.560980,10.500052,3.447113,2.741731,178.214160,5.204899,1.079874,0.025552,0.981450
-0.040286,0.015413,0.280054,3.105722,19.398065,10.499962,3.451405,2.750818,178.235856,5.131734,1.079835,0.025497,0.981407
-0.038337,0.015112,0.309026,3.816875,19.478093,10.500093,3.450822,2.746347,178.190457,5.151512,1.079787,0.025515,0.981416
-0.036198,0.014287,0.321293,2.346710,19.430167,10.500137,3.447075,2.743501,178.166902,5.136870,1.079748,0.025452,0.981349
-0.036676,0.014956,0.286546,3.320840,19.459498,10.500117,3.448724,2.744934,178.143835,5.129577,1.079663,0.025421,0.981314
-0.037434,0.014542,0.317120,2.912507,19.409928,10.500065,3.447008,2.760141,178.134885,5.110522,1.079659,0.025374,0.981265
-0.036840,0.015267,0.316430,2.977451,19.513033,10.500045,3.451550,2.754870,178.135587,5.109922,1.079627,0.025361,0.981256
-0.038502,0.015054,0.283411,3.847189,19.416125,10.500210,3.449675,2.747183,178.137371,5.115257,1.079588,0.025341,0.981229
-0.036941,0.015260,0.277464,3.216075,19.555778,10.500150,3.449507,2.759242,178.124731,5.097973,1.079553,0.025309,0.981208
-0.039169,0.015353,0.299117,5.746749,19.414020,10.500012,3.451704,2.760552,178.102755,5.087741,1.079500,0.025280,0.981164
-0.037579,0.014868,0.306746,3.260085,19.488822,10.499975,3.451148,2.759148,178.096519,5.071494,1.079466,0.025232,0.981130
-0.037224,0.015104,0.293463,3.325065,19.443807,10.500115,3.449980,2.751850,178.073458,5.079682,1.079431,0.025186,0.981067
-0.038395,0.015381,0.325787,3.708786,19.474793,10.500072,3.451901,2.735244,178.042715,5.070720,1.079348,0.025151,0.981022
-0.035628,0.015429,0.308282,3.243118,19.396912,10.500138,3.452854,2.740664,178.012415,5.055649,1.079308,0.025098,0.980965
-0.035948,0.014961,0.317246,4.493078,19.514432,10.500113,3.450687,2.758274,177.988107,5.030117,1.079276,0.025048,0.980916
-0.035612,0.015774,0.282009,3.259599,19.424717,10.500102,3.452403,2.744077,177.956266,5.024544,1.079130,0.024992,0.980851
-0.037054,0.014864,0.283631,3.699855,19.473632,10.500037,3.449914,2.741233,177.922031,5.019326,1.079127,0.024932,0.980796
-0.035931,0.015657,0.334375,2.446510,19.399478,10.500140,3.453622,2.735883,177.925731,5.019765,1.079088,0.024922,0.980783
-0.035277,0.014674,0.328102,3.069249,19.452912,10.500015,3.449910,2.736510,177.931057,5.022560,1.079075,0.024881,0.980754
-0.036983,0.015609,0.307723,3.130418,19.370192,10.500063,3.451559,2.742854,177.988715,4.993391,1.079063,0.024884,0.980769
-0.036382,0.015447,0.277803,3.122547,19.447285,10.500040,3.452032,2.743245,178.118182,5.025291,1.079172,0.024922,0.980849
-0.035587,0.014969,0.318893,2.689198,19.400275,10.500078,3.449476,2.754308,178.144131,5.025380,1.079227,0.024949,0.980877
-0.035243,0.015201,0.298604,3.221836,19.497153,10.500158,3.451777,2.750227,178.089487,5.032563,1.079201,0.024934,0.980864
-0.038092,0.014724,0.249370,2.987964,19.362712,10.499988,3.448205,2.757674,177.964379,4.988763,1.079045,0.024843,0.980756
-0.035894,0.015120,0.303150,3.072077,19.477327,10.583387,3.451253,2.746050,177.834420,5.270481,1.078904,0.026097,0.980607
-0.036367,0.014886,0.341840,3.287860,19.331048,10.583553,3.449970,2.756424,177.830788,5.248898,1.078767,0.026027,0.980528
-0.037145,0.014772,0.318749,3.399756,19.380858,10.583428,3.449715,2.744291,177.776672,5.243947,1.078708,0.025947,0.980440
-0.038046,0.015384,0.299317,2.290748,19.372990,10.583478,3.453547,2.753821,177.890632,5.245732,1.078768,0.025952,0.980449
-0.037917,0.014608,0.296284,2.670657,19.395978,10.016400,3.450264,2.745147,177.967384,4.911434,1.078615,0.024389,0.980311
-0.035925,0.014383,0.262789,3.012001,19.391922,10.500103,3.448182,2.762607,178.068154,4.975234,1.078916,0.024674,0.980596
-0.034282,0.014601,0.310119,3.364119,19.421367,10.500132,3.447275,2.735360,178.080284,4.978879,1.078918,0.024695,0.980638
-0.039601,0.015046,0.313130,3.596230,19.343245,10.500238,3.450656,2.753400,178.085404,4.976021,1.078885,0.024655,0.980601
-0.034682,0.015601,0.321825,2.838277,19.422938,10.583482,3.452136,2.731596,178.036729,4.908421,1.078899,0.024411,0.978938
-0.038305,0.015232,0.296485,3.347023,19.351592,10.353915,3.451869,2.746141,177.937486,4.928283,1.078713,0.024471,0.980388
-0.036228,0.015103,0.301969,3.778956,19.416418,10.500130,3.450331,2.742041,177.848733,4.944819,1.078675,0.024478,0.980360
-0.038018,0.015277,0.330623,2.742680,19.329512,10.583338,3.452302,2.744823,177.659907,5.176353,1.078396,0.025648,0.980160
-0.038967,0.014718,0.321807,3.281844,19.411960,10.583507,3.449860,2.747167,177.645440,5.168501,1.078337,0.025568,0.980077
-0.040086,0.014754,0.313459,2.851327,19.254505,9.887822,3.449090,2.759664,177.578942,5.057929,1.077885,0.025123,0.979681
-0.036942,0.014938,0.315578,2.995316,19.418025,10.583375,3.450276,2.753941,177.580158,5.137162,1.078203,0.025444,0.979955
-0.035943,0.014712,0.306780,2.786761,19.316488,10.583380,3.448536,2.747098,177.570286,5.122103,1.078158,0.025429,0.979951
-0.036868,0.015352,0.304847,3.213874,19.389235,10.583305,3.452200,2.733641,177.557745,5.119910,1.078104,0.025368,0.979890
-0.037375,0.015065,0.348097,2.199770,19.275990,10.583465,3.451067,2.744643,177.532828,5.110201,1.078041,0.025328,0.979848
-0.038015,0.015572,0.273300,3.060766,19.315928,10.583462,3.452756,2.740590,177.502295,5.083657,1.077988,0.025272,0.979784
-0.036088,0.015730,0.257180,2.880879,19.294515,10.583300,3.452402,2.736718,177.465969,5.077787,1.077930,0.025210,0.979730
-0.036200,0.015138,0.295427,2.504496,19.342515,10.583487,3.450292,2.757723,177.472163,5.064301,1.077892,0.025133,0.979683
-0.037411,0.015674,0.310193,2.941016,19.290450,10.583368,3.451298,2.745179,177.436209,5.061903,1.077841,0.025103,0.979611
-0.033869,0.015358,0.339677,3.285806,19.351977,10.583218,3.451639,2.733496,177.471211,5.054097,1.077847,0.025096,0.979614
-0.038659,0.014904,0.336709,2.726082,19.265207,10.583380,3.449569,2.757899,177.546363,5.069241,1.077872,0.025119,0.979642
-0.034408,0.014948,0.313220,2.739738,19.384023,10.583433,3.449495,2.741368,177.640965,5.075777,1.077973,0.025159,0.979709
-0.040951,0.015064,0.349274,2.803366,19.293568,10.583555,3.450580,2.742499,177.708309,5.098982,1.078025,0.025210,0.979776
-0.039278,0.015428,0.332466,2.939750,19.406790,10.583380,3.450302,2.732389,177.672172,5.100669,1.078014,0.025212,0.979776
-0.041749,0.015238,0.250229,30.791331,19.295620,10.508487,3.451797,2.761070,177.537544,5.058975,1.077809,0.025043,0.979598
-0.034423,0.015958,0.330398,2.496259,19.346318,10.583425,3.454054,2.745518,177.401877,5.016639,1.077668,0.024960,0.979471
-0.038555,0.015435,0.322001,3.007134,19.259913,10.583458,3.452570,2.742978,177.325914,5.006768,1.077533,0.024869,0.979337
-0.038246,0.015485,0.330951,2.649888,19.324690,10.666670,3.452548,2.745443,177.316511,5.279647,1.077462,0.026164,0.979257
-0.039251,0.015032,0.326201,3.155066,19.285030,10.583337,3.448788,2.752934,177.525881,5.008699,1.077589,0.024836,0.979361
-0.035837,0.015355,0.296475,3.000589,19.352605,10.583502,3.449856,2.747468,177.685354,5.045134,1.077768,0.024960,0.979519
-0.035216,0.014519,0.334049,2.633270,19.280795,10.583492,3.446609,2.748486,177.776268,5.068947,1.077885,0.025046,0.979614
-0.036683,0.015024,0.305221,3.278416,19.377857,10.583265,3.450431,2.746789,177.811698,5.085415,1.077926,0.025094,0.979660
-0.036231,0.015031,0.294110,2.586634,19.333143,10.583358,3.450399,2.734071,177.830606,5.083010,1.077935,0.025079,0.979666
-0.038217,0.014994,0.333471,2.612675,19.360430,10.583305,3.449456,2.736081,177.795839,5.081505,1.077858,0.025059,0.979637
-0.036218,0.015013,0.336073,2.166027,19.287592,10.583305,3.452316,2.737903,177.737468,5.037018,1.077805,0.024929,0.979514
-0.035916,0.015134,0.271308,3.806526,19.302155,10.583355,3.451036,2.749435,177.385560,5.025304,1.076465,0.024855,0.979462
-0.037886,0.015687,0.338983,3.298098,19.191155,10.583437,3.453966,2.750395,177.358844,4.977089,1.077364,0.024662,0.979193
-0.038435,0.015588,0.329413,3.035746,19.288300,10.666770,3.454552,2.761388,177.151806,5.223194,1.077140,0.025841,0.978981
-0.036906,0.015353,0.363413,2.464825,19.198125,10.666855,3.452236,2.764114,177.133575,5.204891,1.077058,0.025786,0.978910
-0.038204,0.015619,0.299317,16.196822,19.311047,10.666788,3.453507,2.754883,177.095958,5.200760,1.076991,0.025702,0.978831
-0.037573,0.015597,0.334222,2.847481,19.213278,10.666823,3.454586,2.744085,177.069788,5.172688,1.076892,0.025611,0.978742
-0.039291,0.015423,0.358726,2.493331,19.280077,10.666700,3.452975,2.750894,177.047844,5.166180,1.076862,0.025533,0.978667
-0.036015,0.016070,0.339990,3.944034,19.208352,10.666713,3.456988,2.734079,177.030228,5.143974,1.076783,0.025505,0.978626
-0.034091,0.014933,0.368175,3.066413,19.265577,10.666773,3.449282,2.748222,177.001491,5.121031,1.076733,0.025399,0.978528
-0.035291,0.015585,0.077873,4.137233,19.169328,10.666843,3.455420,2.747594,176.991638,5.123371,1.076640,0.025392,0.978507
-0.036012,0.015627,0.353397,2.299247,19.283670,10.666595,3.454794,2.748107,176.970366,5.112171,1.076612,0.025347,0.978470
-0.036498,0.015188,0.351738,2.861393,19.225063,10.666783,3.451742,2.730874,176.994311,5.090693,1.076592,0.025292,0.978433
-0.038625,0.015053,0.341710,3.150661,19.348812,10.666782,3.449491,2.741724,177.064472,5.108311,1.076621,0.025325,0.978483
-0.036616,0.015361,0.359915,2.295883,19.153995,10.666862,3.453028,2.733553,177.100338,5.123906,1.076616,0.025372,0.978508
-0.037570,0.014683,0.360186,2.312561,19.296345,10.666622,3.448634,2.730226,177.199185,5.124486,1.076712,0.025385,0.978535
-0.040128,0.015345,0.336653,3.357331,19.235053,10.666627,3.451705,2.748432,177.299897,5.159105,1.076800,0.025481,0.978624
-0.039458,0.015408,0.339605,2.694245,19.293170,10.666558,3.451838,2.758056,177.192630,5.142094,1.076725,0.025459,0.978599
-0.037582,0.015871,0.305050,4.474722,19.204220,10.666675,3.453492,2.753087,177.040963,5.098501,1.076535,0.025242,0.978404
-0.039449,0.015748,0.325916,2.951938,19.243872,10.666747,3.453254,2.733481,176.858200,5.050301,1.076332,0.025100,0.978238
-0.037086,0.016149,0.267990,48.474603,19.163392,10.398537,3.457504,2.737288,176.811681,5.005903,1.076102,0.024902,0.978010
-0.038579,0.015539,0.338321,2.764666,19.204130,10.493845,3.453590,2.738389,176.776493,5.004827,1.076040,0.024875,0.977977
-0.038686,0.015474,0.356332,2.681852,19.205818,10.666690,3.450930,2.748550,176.867761,5.024628,1.076142,0.024928,0.978038
-0.037867,0.016219,0.273143,3.306131,19.229268,10.666823,3.456214,2.756564,176.992450,5.031502,1.076210,0.024975,0.978127
-0.037878,0.016163,0.353269,3.631122,19.220457,10.658827,3.456556,2.751946,177.078414,5.040784,1.076316,0.024983,0.978163
-0.036907,0.015201,0.279608,3.868136,19.264003,10.666767,3.450748,2.761610,177.107684,5.063116,1.076316,0.025044,0.978225
-0.041222,0.015812,0.310602,4.247379,19.137155,9.865750,3.452184,2.747857,177.080248,4.953763,1.075887,0.024586,0.977811
-0.036976,0.015244,0.372139,2.865072,19.250833,10.666763,3.451664,2.744028,177.046558,5.045410,1.076176,0.024921,0.978097
-0.037862,0.015395,0.281305,3.690626,19.198252,10.666838,3.452734,2.757696,177.024734,5.022848,1.076160,0.024871,0.978055
-0.037248,0.015016,0.312274,2.754162,19.279760,10.466055,3.452310,2.735124,176.918724,4.970673,1.075980,0.024717,0.977898
-0.038429,0.016087,0.344213,2.623188,19.072485,9.987987,3.456183,2.749679,176.698231,4.919319,1.075450,0.024335,0.977471
-0.039862,0.015335,0.348756,3.189265,19.182872,10.494332,3.453443,2.757669,176.614364,5.202055,1.075489,0.025750,0.977495
-0.040583,0.015542,0.317962,3.669530,19.073163,10.528028,3.451944,2.756085,176.611116,5.136991,1.075453,0.025435,0.977192
-0.035606,0.015621,0.327245,3.468452,19.193892,10.750117,3.453966,2.748661,176.613605,5.223884,1.075517,0.025796,0.977543
-0.042207,0.016013,0.351151,3.075673,19.094007,9.861940,3.454482,2.759982,176.570833,5.115217,1.075015,0.025261,0.977048
-0.040002,0.015582,0.315798,4.253597,19.188497,10.750023,3.453049,2.752124,176.550681,5.176028,1.075352,0.025642,0.977390
-0.036740,0.015415,0.373028,4.709346,19.149022,10.750125,3.453807,2.761638,176.545056,5.160004,1.075321,0.025588,0.977323
-0.037669,0.015594,0.352662,2.597332,19.132112,10.336837,3.453409,2.736822,176.479048,5.114962,1.075015,0.025319,0.977072
-0.037134,0.015522,0.320563,2.808171,19.094580,10.750048,3.453979,2.755508,176.466339,5.131098,1.075127,0.025421,0.977151
-0.041203,0.015816,0.288036,2.529391,19.156450,9.883907,3.453440,2.741691,176.434739,5.035391,1.074700,0.024961,0.976732
-0.037930,0.015900,0.338285,3.873379,19.096327,10.749997,3.455928,2.739729,176.475717,5.105111,1.075036,0.025352,0.977063
-0.037083,0.016216,0.264500,12.821057,19.207112,10.750140,3.457464,2.735307,176.495119,5.103282,1.075069,0.025332,0.977088
-0.038585,0.016172,0.368752,2.543808,19.122260,10.750107,3.455998,2.757651,176.532621,5.117930,1.075064,0.025345,0.977088
-0.038045,0.015291,0.323722,2.357918,19.174538,10.749953,3.453504,2.742806,176.622576,5.129082,1.075120,0.025356,0.977123
-0.037204,0.015495,0.306597,2.573685,19.187725,10.750107,3.452880,2.731528,176.719408,5.142332,1.075245,0.025412,0.977175
-0.039522,0.015931,0.365640,2.858561,19.212857,10.313230,3.455787,2.749403,176.677495,5.128589,1.075002,0.025245,0.977021
-0.040025,0.015483,0.338692,3.033029,19.076510,10.474218,3.452591,2.746360,176.527102,5.085467,1.074862,0.025171,0.976940
-0.038812,0.015810,0.233169,2.914439,19.119675,10.396330,3.453347,2.736395,176.350495,5.024346,1.074646,0.024975,0.976742
-0.036767,0.015651,0.319847,3.041425,19.057712,10.750018,3.453480,2.749555,176.320630,5.042627,1.074692,0.025059,0.976766
-0.036427,0.016088,0.315134,2.747482,19.117752,10.749963,3.454499,2.745724,176.291250,5.040887,1.074608,0.025007,0.976720
-0.033200,0.016025,0.386859,2.701662,19.035105,10.750113,3.457337,2.738225,176.344609,5.029873,1.074572,0.024948,0.976647
-0.034650,0.015980,0.355584,3.426903,19.141765,10.750038,3.454887,2.744248,176.465805,5.037214,1.074696,0.024977,0.976729
-0.039798,0.015816,0.389854,2.608576,19.135388,10.750010,3.455598,2.728450,176.572318,5.044904,1.074781,0.025034,0.976804
-0.047694,0.016118,0.312472,2.714035,19.084247,9.272545,3.454818,2.752131,176.538540,4.923450,1.074048,0.024305,0.976160
-0.034733,0.016107,0.280767,106.909091,19.089937,10.750208,3.454188,2.749083,176.629716,5.025023,1.074722,0.024905,0.976687
-0.037018,0.015987,0.361916,4.291939,19.174442,10.749917,3.452996,2.742173,176.600677,5.049266,1.074731,0.024991,0.976781
-0.038219,0.015754,0.344866,3.432420,19.075458,10.750143,3.454222,2.741971,176.570095,5.019910,1.074666,0.024913,0.976690
-0.042622,0.015550,0.347945,3.022656,19.109482,9.628897,3.450789,2.740080,176.490172,4.927350,1.074089,0.024340,0.976181
-0.038508,0.016337,0.274155,3.010071,19.100525,10.483205,3.457540,2.740135,176.335225,4.959502,1.074273,0.024633,0.976393
-0.037429,0.016297,0.369062,2.936322,19.032245,10.752420,3.456202,2.747572,176.158695,5.236617,1.074151,0.025939,0.976261
-0.042255,0.016188,0.354963,2.447170,19.063317,10.190145,3.454637,2.736028,176.113759,5.185857,1.073812,0.025628,0.975987
-0.040435,0.015738,0.335232,5.530733,19.117993,10.321938,3.455808,2.739374,176.077793,5.176914,1.073776,0.025580,0.975944
-0.042298,0.015636,0.337399,2.965428,19.216115,10.402062,3.453013,2.731895,176.072460,5.168747,1.073735,0.025545,0.975902
-0.039911,0.016302,0.332344,1.962533,19.260150,10.833505,3.456204,2.739418,176.058831,5.175235,1.073905,0.025678,0.976026
-0.036506,0.016377,0.260282,2.621754,19.313080,10.657960,3.457504,2.729476,176.021845,5.158415,1.073745,0.025595,0.975945
-0.039899,0.016386,0.309803,2.569686,19.246143,10.413335,3.457284,2.732519,175.996002,5.121059,1.073579,0.025356,0.975719
-0.037534,0.016536,0.345085,4.089085,19.506792,10.795188,3.458248,2.721558,175.973600,5.123185,1.073691,0.025501,0.975848
-0.036387,0.015702,0.280825,2.424195,19.349315,10.833495,3.456251,2.723868,175.968171,5.108817,1.073695,0.025470,0.975798
-0.037518,0.016452,0.353700,4.997158,19.477553,10.833383,3.458926,2.734706,175.953932,5.139164,1.073624,0.025489,0.975795
-0.036029,0.016620,0.334986,2.123296,19.310702,10.833382,3.457089,2.741803,175.928047,5.106564,1.073580,0.025407,0.975727
-0.035651,0.016194,0.376043,3.309453,19.473180,10.833335,3.457250,2.715618,175.924040,5.117278,1.073538,0.025388,0.975699
-0.037958,0.016324,0.382382,2.607497,19.251432,10.417907,3.457704,2.720347,175.975778,5.054364,1.073322,0.025144,0.975483
-0.039921,0.015936,0.340310,3.034677,19.494990,10.833427,3.455721,2.721849,176.069952,5.113352,1.073570,0.025365,0.975706
-0.041617,0.016116,0.346669,2.476578,19.279312,10.035203,3.456653,2.742583,176.014856,5.021744,1.073188,0.024963,0.975353
-0.038767,0.016053,0.370664,4.268512,19.413632,10.273012,3.457265,2.746452,175.904322,5.029673,1.073128,0.024987,0.975326
-0.040457,0.016155,0.387047,2.475132,19.237858,10.660093,3.456476,2.737571,175.840000,5.330000,1.073129,0.026407,0.975303
-0.043131,0.015990,0.345625,25.003764,19.373092,9.641707,3.453676,2.737844,175.768393,4.948918,1.072649,0.024533,0.974888
-0.038915,0.016329,0.381050,2.386138,19.246322,10.804557,3.457720,2.734925,175.786240,5.327345,1.073057,0.026366,0.975273
-0.039144,0.016705,0.383645,3.593369,19.423205,10.916610,3.457832,2.744696,175.815127,5.328822,1.073079,0.026383,0.975286
-0.037701,0.016152,0.337275,2.117587,19.209925,10.916638,3.457075,2.738417,175.913184,5.328059,1.073121,0.026385,0.975291
-0.041427,0.016341,0.318009,7.885021,19.425272,10.213597,3.456676,2.725127,175.968075,4.983895,1.072927,0.024737,0.975122
-0.037879,0.016092,0.386033,2.388213,19.294445,10.833520,3.452821,2.733045,176.114550,5.047877,1.073254,0.025054,0.975418
-0.039734,0.016317,0.388161,3.277482,19.538972,10.833462,3.456019,2.729869,176.178601,5.068310,1.073342,0.025106,0.975482
-0.039371,0.016896,0.400912,3.553914,19.312260,10.833370,3.460088,2.737943,176.239330,5.064419,1.073345,0.025100,0.975482
-0.036693,0.016180,0.363210,2.753402,19.450127,10.833368,3.454125,2.729270,176.222702,5.081825,1.073312,0.025109,0.975490
-0.035760,0.016243,0.360274,4.115606,19.405938,10.833467,3.454806,2.722423,176.221725,5.066222,1.073274,0.025060,0.975460
-0.039910,0.016003,0.366444,2.608240,19.251788,10.190783,3.453819,2.721335,176.064989,4.982954,1.072919,0.024690,0.975111
-0.039898,0.016515,0.291274,17.405017,19.458675,10.666815,3.456942,2.746570,175.801700,4.981150,1.072816,0.024727,0.975063
-0.046233,0.015997,0.391561,2.652505,19.358920,9.510743,3.455312,2.727456,175.557311,5.111704,1.071938,0.025227,0.974239
-0.036696,0.016361,0.376445,5.175738,19.206738,10.811998,3.456367,2.735349,175.604266,5.219636,1.072446,0.025797,0.974748
-0.036843,0.016525,0.364106,4.473843,19.433670,10.916687,3.456220,2.729833,175.580701,5.201165,1.072490,0.025825,0.974773
-0.039789,0.016868,0.314220,2.778737,19.212595,10.780595,3.459912,2.720698,175.562867,5.176662,1.072370,0.025706,0.974646
-0.038098,0.016303,0.383106,2.486809,19.471315,10.785455,3.455478,2.742842,175.567415,5.185916,1.072383,0.025695,0.974643
-0.037303,0.017063,0.371102,3.130002,19.198337,10.841037,3.460487,2.732501,175.533170,5.173471,1.072255,0.025644,0.974581
-0.040481,0.016472,0.303691,3.166860,19.469978,10.916797,3.459379,2.731325,175.503156,5.168516,1.072282,0.025609,0.974533
-0.041489,0.016429,0.401067,2.535368,19.178992,10.059637,3.459620,2.757859,175.476087,5.074753,1.071794,0.025158,0.974133
-0.034504,0.016169,0.404451,2.761606,19.435738,10.916813,3.454940,2.722442,175.467864,5.139995,1.072099,0.025491,0.974406
-0.037604,0.016451,0.389248,2.174426,19.257025,10.722957,3.457270,2.748601,175.450118,5.107164,1.071965,0.025337,0.974243
-0.044940,0.016263,0.327802,3.051369,19.384023,9.638852,3.456821,2.722609,175.394461,4.980247,1.071389,0.024771,0.973733
-0.036666,0.016894,0.290626,7.902221,19.233205,11.000158,3.459852,2.735674,175.416143,5.362477,1.071877,0.026694,0.974182
-0.039173,0.017336,0.376959,3.090142,19.415795,10.331442,3.461737,2.742384,175.408119,5.042723,1.071639,0.025042,0.973971
-0.043142,0.016145,0.378049,2.739953,19.212682,10.357362,3.457973,2.734342,175.350962,5.321991,1.071518,0.026324,0.973853
-0.040394,0.016454,0.395868,2.477552,19.424223,10.161102,3.458765,2.727916,175.393451,5.002948,1.071464,0.024888,0.973813
-0.041705,0.016980,0.386280,2.599166,19.373515,10.570595,3.460025,2.700934,175.355436,5.322782,1.071515,0.026367,0.973881
-0.041093,0.016800,0.402013,2.576631,19.188032,10.661937,3.460448,2.738569,175.353954,5.333968,1.071511,0.026371,0.973875
-0.042351,0.016898,0.308345,5.907663,19.393990,10.735558,3.458509,2.733994,175.346230,5.319866,1.071519,0.026374,0.973900
-0.037969,0.017059,0.400130,2.530561,19.370073,10.999985,3.460761,2.709511,175.298349,5.320134,1.071492,0.026332,0.973848
-0.038716,0.016632,0.323239,3.097495,19.356312,10.999872,3.457557,2.748839,175.333907,5.321229,1.071493,0.026311,0.973831
-0.044885,0.016801,0.324960,3.701598,19.237843,10.583195,3.459073,2.741724,175.391128,5.280672,1.071343,0.026140,0.973679
-0.039268,0.017096,0.396032,2.634512,19.430740,11.000010,3.460736,2.749903,175.426263,5.324213,1.071506,0.026334,0.973866
-0.045154,0.016671,0.334587,2.667408,19.445245,10.677303,3.459197,2.716217,175.459985,5.291533,1.071381,0.026169,0.973711
-0.044594,0.016529,0.338094,2.649965,19.417883,10.142185,3.458230,2.732140,175.440225,5.244818,1.071093,0.025886,0.973456
-0.045510,0.017048,0.387352,2.504096,19.339167,10.070905,3.460366,2.739525,175.418881,5.218328,1.070947,0.025777,0.973361
-0.039081,0.017257,0.393102,2.635840,19.380792,10.732797,3.461715,2.730725,175.429261,5.256204,1.071218,0.026040,0.973573
-0.040944,0.017640,0.381729,3.436656,19.266752,11.000132,3.460772,2.742317,175.417453,5.286717,1.071348,0.026167,0.973697
-0.040155,0.016294,0.332094,1.978496,19.456725,11.000202,3.456884,2.717656,175.188628,5.250975,1.071121,0.026004,0.973544
-0.042827,0.016926,0.421966,2.750198,19.343558,9.977120,3.460584,2.733762,175.131388,5.096399,1.070510,0.025396,0.972960
-0.042543,0.017058,0.403387,3.099675,19.208767,10.028613,3.462578,2.737751,175.115429,5.097938,1.070440,0.025331,0.972883
-0.042299,0.017008,0.348033,6.418750,19.395645,9.770892,3.461082,2.739006,175.076625,5.072965,1.070240,0.025151,0.972719
-0.035839,0.017530,0.367707,2.932362,19.363793,11.000132,3.463994,2.745395,175.089959,5.162939,1.070704,0.025672,0.973169
-0.038951,0.017038,0.411915,2.870795,19.331672,10.628132,3.459318,2.727206,175.054220,5.128126,1.070524,0.025473,0.972983
-0.039508,0.016955,0.408636,2.906394,19.299367,10.514337,3.461749,2.727368,175.047387,5.113251,1.070419,0.025371,0.972885
-0.057424,0.017308,0.415109,2.549391,19.215098,8.941397,3.460920,2.721773,174.960169,5.218081,1.069459,0.025851,0.972019
-0.040776,0.017464,0.396777,4.222102,19.360012,11.083290,3.460784,2.724405,174.999599,5.412051,1.070417,0.026817,0.972895
-0.042771,0.016952,0.425635,2.647118,19.314343,10.718450,3.458005,2.717183,174.781886,5.374498,1.069038,0.026673,0.972771
-0.044283,0.017316,0.354487,3.129633,19.295632,10.316050,3.459611,2.728918,174.960354,5.333745,1.070004,0.026394,0.972528
-0.039620,0.017280,0.406643,3.097485,19.408623,11.083327,3.461325,2.717660,174.952721,5.385465,1.070296,0.026681,0.972782
-0.041045,0.017405,0.416278,2.400762,19.347447,10.410007,3.461287,2.734905,175.307176,5.063023,1.070270,0.025205,0.972761
-0.045013,0.016777,0.402103,2.581668,19.358505,9.715113,3.457738,2.740945,175.693905,5.097998,1.070345,0.025153,0.972784
-0.039343,0.016354,0.376492,3.383773,19.368980,10.033048,3.456144,2.745912,175.907744,4.864025,1.070733,0.024115,0.973177
-0.036906,0.017043,0.387050,2.538701,19.447392,10.536863,3.458673,2.722659,175.937428,4.926177,1.070990,0.024379,0.973435
-0.038926,0.016628,0.325308,3.276410,19.496170,10.509442,3.456749,2.730824,175.869890,4.904726,1.070937,0.024316,0.973362
-0.038466,0.016402,0.341735,3.063412,19.458973,10.557035,3.457296,2.733500,175.843684,4.906973,1.070851,0.024289,0.973317
-0.038113,0.016527,0.384926,2.998288,19.451727,10.708237,3.459197,2.729986,175.813099,4.895816,1.070841,0.024289,0.973323
-0.037185,0.016198,0.299229,3.260093,19.468328,10.599372,3.456653,2.726649,175.859223,4.865961,1.070764,0.024219,0.973238
-0.041483,0.016255,0.393523,1.907718,19.367070,9.901395,3.453814,2.710849,176.060643,4.842978,1.070599,0.023955,0.973058
-0.036395,0.016611,0.398518,2.843006,19.557337,10.916697,3.455749,2.718899,176.327466,4.978974,1.071258,0.024546,0.973614
-0.038121,0.016278,0.339167,5.518908,19.333510,10.153640,3.454314,2.732011,176.505105,4.647782,1.071065,0.023027,0.973537
-0.043437,0.016610,0.376165,2.465817,19.300155,9.795355,3.455684,2.744492,176.583001,4.616982,1.071020,0.022871,0.973442
-0.038820,0.016374,0.298534,3.345578,19.390182,9.955553,3.454854,2.737797,176.680091,4.635577,1.071151,0.022946,0.973529
-0.036327,0.016015,0.332363,3.400245,19.421670,10.638383,3.452611,2.755862,176.750827,4.706801,1.071423,0.023271,0.973832
-0.042607,0.016818,0.386561,2.452028,19.333758,9.688503,3.454540,2.740250,176.705280,4.633472,1.070995,0.022845,0.973439
-0.045715,0.016684,0.346936,3.755205,19.364125,9.057292,3.456774,2.743841,176.641114,4.543028,1.070652,0.022427,0.973054
-0.046058,0.016702,0.290927,2.433304,19.218780,9.137280,3.454783,2.739458,176.409960,4.510018,1.070336,0.022307,0.972889
-0.041663,0.016345,0.366596,3.402632,19.337672,9.805688,3.456919,2.751833,176.132222,4.796482,1.070287,0.023663,0.972802
-0.040611,0.016820,0.391049,4.045747,19.294742,9.672412,3.456778,2.731616,175.883454,4.725598,1.069938,0.023373,0.972478
-0.042621,0.016938,0.415165,2.071239,19.410272,10.568463,3.457387,2.760145,175.749176,5.039062,1.070109,0.024956,0.972600
-0.040248,0.016429,0.399686,2.359250,19.431095,10.326795,3.458985,2.728997,175.623567,5.009671,1.069858,0.024729,0.972391
-0.046753,0.016163,0.386402,4.248261,19.350432,9.298150,3.455256,2.721697,175.521781,4.868018,1.069239,0.024108,0.971819
-0.046461,0.016634,0.345410,2.886977,19.321243,9.277145,3.457941,2.744892,175.475677,4.840211,1.069083,0.023985,0.971697
-0.046208,0.016910,0.357378,4.906980,19.313537,9.393752,3.458889,2.730574,175.441107,4.829368,1.069040,0.023973,0.971658
-0.042785,0.016670,0.379922,2.312392,19.363710,9.829700,3.459293,2.732575,175.450826,4.868547,1.069180,0.024112,0.971790
-0.048071,0.017027,0.385512,2.261967,19.275170,8.758997,3.456850,2.738666,175.409414,4.748068,1.068597,0.023523,0.971236
-0.043348,0.017170,0.389499,2.194016,19.329845,9.905640,3.460473,2.726841,175.440947,4.843431,1.069092,0.024029,0.971669
-0.041516,0.016763,0.407848,2.324593,19.324170,10.303143,3.461803,2.749824,175.435471,4.871119,1.069238,0.024196,0.971857
-0.038263,0.017381,0.403306,2.522692,19.341098,10.333558,3.461968,2.733687,175.423219,4.867034,1.069194,0.024159,0.971785
-0.043544,0.017057,0.418097,2.408530,19.351632,10.057043,3.459381,2.747718,175.477900,4.837756,1.069060,0.024009,0.971671
-0.044240,0.017244,0.413417,2.387823,19.333635,9.276768,3.459657,2.730265,175.497265,4.758454,1.068718,0.023630,0.971344
-0.039581,0.016485,0.246474,2.899506,19.370370,9.930745,3.456450,2.740672,175.508195,4.822029,1.068972,0.023900,0.971588
-0.042206,0.016664,0.365038,3.400067,19.300767,9.485425,3.457295,2.736304,175.397955,4.779725,1.068624,0.023608,0.971294
-0.039303,0.017181,0.409135,2.412145,19.351258,10.523208,3.458804,2.731352,175.362069,5.129831,1.068932,0.025331,0.971569
-0.046623,0.017094,0.392202,2.222426,19.256418,9.225777,3.462072,2.736289,175.246996,4.984193,1.068209,0.024626,0.970915
-0.048793,0.017118,0.309119,6.113891,19.307990,9.841782,3.460338,2.741570,175.207144,5.008217,1.068383,0.024795,0.971060
-0.045594,0.016616,0.389549,3.115923,19.286677,9.890878,3.458355,2.742557,175.307623,5.031225,1.068410,0.024807,0.971079
-0.045032,0.016745,0.378776,2.155695,19.298807,9.584902,3.459055,2.717511,175.495715,4.721610,1.068436,0.023403,0.971088
-0.033990,0.016902,0.334559,3.095466,19.435548,10.875197,3.457171,2.735824,175.692929,4.857962,1.069130,0.024042,0.971731
-0.046011,0.016694,0.410444,2.408704,19.337595,9.641990,3.457311,2.710374,175.771959,4.774535,1.068711,0.023591,0.971347
-0.042289,0.016637,0.372957,2.595598,19.301285,10.112577,3.455352,2.743625,175.872096,4.806055,1.068937,0.023813,0.971569
-0.045219,0.016771,0.385398,3.453288,19.244375,9.556130,3.458287,2.740410,175.921098,4.776519,1.068701,0.023571,0.971332
-0.042000,0.016976,0.403419,2.805188,19.292913,10.129103,3.458187,2.732781,175.980928,4.833777,1.068963,0.023815,0.971560
-0.045808,0.016851,0.386125,2.630514,19.236072,9.901450,3.456344,2.738597,175.992126,4.809048,1.068831,0.023725,0.971496
-0.045688,0.016565,0.328477,2.606366,19.278537,10.250440,3.456290,2.749296,175.969081,4.821587,1.068963,0.023813,0.971556
-0.046463,0.016516,0.366330,4.113693,19.353953,9.457708,3.457883,2.743416,175.695977,4.701030,1.068385,0.023270,0.971059
-0.044232,0.017698,0.370023,2.701600,19.303415,9.366155,3.460869,2.726175,175.451184,4.636640,1.068000,0.023014,0.970734
-0.048763,0.016571,0.387278,2.639316,19.307213,9.452453,3.458089,2.739646,175.311192,4.890062,1.067748,0.024165,0.970493
-0.041803,0.017338,0.407651,2.890876,19.322620,10.360118,3.460987,2.733359,175.210219,4.942072,1.067951,0.024423,0.970720
-0.046951,0.016998,0.402287,3.095587,19.232032,9.456317,3.458457,2.717115,175.091806,4.833950,1.067442,0.023914,0.970212
-0.043774,0.017656,0.380447,2.106784,19.306405,10.045920,3.461721,2.708501,175.064113,4.859864,1.067600,0.024068,0.970331
-0.042522,0.017285,0.432344,2.917268,19.311725,9.796090,3.460025,2.740577,175.013394,4.822617,1.067420,0.023897,0.970166
-0.041523,0.017262,0.391082,2.600119,19.293552,10.199917,3.462980,2.733553,175.005178,4.847382,1.067508,0.024028,0.970267
-0.038276,0.016892,0.409839,2.209471,19.403027,10.303050,3.459189,2.730920,175.016834,4.843829,1.067550,0.024020,0.970276
-0.052001,0.017492,0.420460,2.456105,19.202688,9.053985,3.459813,2.731333,174.967960,4.999248,1.066820,0.024747,0.969638
-0.047613,0.017639,0.412531,2.483027,19.209897,8.977315,3.461671,2.744609,174.970166,4.705765,1.066746,0.023287,0.969596
-0.048821,0.017646,0.349548,2.693150,19.202177,9.286962,3.463288,2.727137,174.987025,5.013436,1.066766,0.024677,0.969614
-0.052269,0.017200,0.386732,2.562998,19.245568,9.225703,3.457812,2.735857,174.993064,4.994535,1.066716,0.024621,0.969532
-0.045263,0.017504,0.403490,2.648735,19.273017,10.116742,3.461531,2.745821,175.108679,5.070929,1.067119,0.025062,0.969916
-0.047304,0.017619,0.389187,3.024688,19.289138,9.216623,3.459912,2.744111,175.155060,4.697873,1.066835,0.023297,0.969627
-0.046267,0.017077,0.382832,2.485426,19.296193,9.806265,3.458318,2.736234,175.141512,5.001246,1.066996,0.024634,0.969528
-0.045368,0.016966,0.384164,2.800495,19.226193,9.712828,3.459560,2.742584,175.027753,5.021699,1.066808,0.024750,0.969643
-0.046360,0.017653,0.358558,2.463520,19.281300,9.792360,3.461016,2.723225,174.908014,4.986574,1.066709,0.024614,0.969530
-0.039464,0.016874,0.379643,2.630639,19.290203,10.353408,3.458869,2.736100,174.837929,4.989595,1.066787,0.024759,0.969630
-0.048041,0.017327,0.340482,4.192616,19.228738,9.461968,3.462440,2.723569,174.772281,4.899375,1.066262,0.024239,0.969148
-0.044937,0.017970,0.417481,2.396144,19.235125,10.179357,3.466921,2.742026,174.876863,4.941169,1.066549,0.024522,0.969420
-0.044915,0.017984,0.435040,2.614702,19.332792,10.436193,3.461412,2.726367,175.103599,5.013435,1.066838,0.024744,0.969621
-0.050152,0.016959,0.409565,3.318512,19.188673,8.713758,3.458764,2.750782,175.220936,4.580301,1.066197,0.022690,0.969066
-0.051465,0.017812,0.411420,3.611901,19.204392,9.078235,3.459681,2.755377,175.337151,4.624436,1.066398,0.022851,0.969250
-0.050293,0.016873,0.399564,2.655165,19.185885,9.044115,3.456956,2.756499,175.407950,4.614259,1.066421,0.022846,0.969258
-0.046630,0.017352,0.350856,2.133357,19.222763,9.923528,3.459062,2.737812,175.504092,4.699945,1.066813,0.023250,0.969631
-0.047165,0.016985,0.321006,3.214457,19.231658,9.064267,3.458358,2.734615,175.499380,4.627576,1.066441,0.022816,0.969277
-0.044238,0.017250,0.341860,2.922765,19.268687,9.670208,3.459016,2.730913,175.512430,4.667199,1.066678,0.023068,0.969479
-0.046820,0.017275,0.331911,2.377241,19.145912,9.216627,3.458157,2.741292,175.418045,4.623874,1.066360,0.022820,0.969249
-0.040502,0.017128,0.344496,3.363618,19.234615,9.739130,3.458967,2.731774,175.164922,4.604479,1.066308,0.022861,0.969203
-0.053724,0.017564,0.415713,2.866310,19.214275,8.652533,3.459488,2.739995,174.889000,4.740465,1.065462,0.023419,0.968422
-0.042313,0.017299,0.417129,2.292046,19.258432,9.890760,3.459884,2.734566,174.773206,4.812948,1.065805,0.023829,0.968735
-0.049102,0.017488,0.216752,2.557434,19.263487,9.696290,3.459304,2.725683,174.656883,5.054727,1.065524,0.024994,0.968479
-0.049037,0.017982,0.386165,2.590471,19.234755,9.833797,3.460667,2.720883,174.613306,5.067729,1.065470,0.024943,0.968426
-0.051632,0.018420,0.405118,2.197022,19.217963,9.645643,3.463550,2.730055,174.543716,5.010601,1.065268,0.024746,0.968259
-0.052022,0.017270,0.437483,2.405023,19.189295,9.213762,3.461385,2.732043,174.509800,4.949882,1.064960,0.024424,0.967952
-0.045676,0.017546,0.455088,2.244382,19.227715,9.846978,3.461901,2.739367,174.499785,4.977664,1.065178,0.024650,0.968141
-0.044578,0.017039,0.419867,2.074362,19.179693,9.598530,3.460764,2.738948,174.506428,4.945600,1.065004,0.024495,0.967995
-0.042694,0.017358,0.437257,2.413324,19.245095,10.308837,3.459326,2.735849,174.541024,4.998535,1.065285,0.024746,0.968245
-0.045286,0.017538,0.427189,3.273721,19.221068,9.887983,3.461656,2.732595,174.558459,4.963153,1.065088,0.024564,0.968091
-0.047153,0.016936,0.434565,2.800438,19.206680,9.818823,3.458779,2.749118,174.589672,4.959022,1.065007,0.024484,0.967996
-0.042675,0.017431,0.441996,2.473051,19.183937,9.953875,3.460959,2.740645,174.619672,4.964777,1.065022,0.024487,0.968007
-0.050189,0.017771,0.411424,2.510865,19.252690,9.503397,3.460656,2.738558,174.702897,4.914923,1.064893,0.024276,0.967833
-0.048470,0.017545,0.321646,6.855332,19.205523,9.778808,3.459969,2.729770,174.792345,4.938248,1.064995,0.024456,0.967971
-0.045023,0.017722,0.405587,2.465051,19.279657,9.562757,3.462051,2.717421,174.761246,4.912932,1.064891,0.024309,0.967858
-0.044098,0.016961,0.417596,2.519022,19.228443,10.142973,3.458734,2.739826,174.625165,4.950275,1.064930,0.024436,0.967950
-0.055729,0.017754,0.444834,2.295734,19.139457,8.265187,3.461512,2.722850,174.419083,4.710674,1.063856,0.023333,0.966932
-0.053337,0.017567,0.417147,2.266795,19.116097,8.826848,3.460827,2.733161,174.332852,4.961767,1.063883,0.024556,0.965301
-0.044570,0.017886,0.375620,2.661283,19.186967,9.754317,3.462590,2.735304,174.328038,4.807997,1.064213,0.023814,0.967297
-0.048590,0.017832,0.354212,2.562372,19.207642,9.636758,3.462292,2.732461,174.404776,5.064430,1.064158,0.025058,0.967142
-0.049902,0.017774,0.405164,3.099332,19.172968,8.866623,3.460794,2.731507,174.556872,4.718136,1.063957,0.023383,0.966965
-0.047289,0.016893,0.449084,1.944675,19.145497,9.469575,3.456556,2.754695,174.752146,4.801752,1.064336,0.023765,0.967362
-0.047803,0.017380,0.433332,2.529309,19.182470,9.582593,3.460888,2.745475,174.871988,4.846774,1.064450,0.023895,0.967478
-0.046131,0.017803,0.398089,3.419316,19.146910,9.735887,3.460466,2.723529,174.950572,4.846304,1.064556,0.023908,0.967481
-0.047506,0.017631,0.430169,2.125156,19.165640,9.122268,3.460054,2.726329,174.974405,4.504560,1.064330,0.022317,0.967326
-0.043182,0.017338,0.433048,3.002121,19.194390,9.594277,3.459382,2.735549,174.993429,4.533774,1.064472,0.022503,0.967477
-0.045252,0.017139,0.401725,2.974639,19.137432,9.629710,3.458053,2.716802,174.964618,4.825625,1.064371,0.023816,0.967393
-0.057549,0.017493,0.419052,2.907217,19.086352,8.073598,3.457869,2.737035,174.818571,4.636670,1.063518,0.022896,0.966588
-0.047152,0.017478,0.408351,2.405046,19.210328,9.547357,3.457828,2.744198,174.614901,4.720329,1.063920,0.023395,0.966980
-0.049731,0.018096,0.375054,5.009566,19.155622,9.125227,3.463651,2.754794,174.378001,4.650631,1.063455,0.023023,0.966569
-0.057481,0.017665,0.407048,2.345947,19.153030,8.675238,3.464111,2.726085,174.188764,4.839110,1.062940,0.023903,0.966086
-0.046974,0.017824,0.335560,4.754107,19.170180,9.741252,3.463921,2.735144,174.128261,4.891985,1.063249,0.024258,0.966371
-0.047050,0.018220,0.450278,2.269895,19.180700,9.775395,3.465375,2.714175,174.066353,4.874837,1.063155,0.024188,0.966294
-0.048433,0.018006,0.410098,2.889989,19.105277,9.331835,3.463894,2.729581,174.012495,4.825607,1.062847,0.023903,0.966021
-0.048241,0.017693,0.424425,2.503604,19.135043,9.676137,3.463188,2.731064,174.015249,4.844386,1.062928,0.023996,0.966102
-0.042429,0.017967,0.467948,2.692192,19.165298,9.987753,3.462977,2.734966,174.010057,4.859544,1.062998,0.024072,0.966148
-0.051573,0.017975,0.460421,2.335223,19.104117,9.221018,3.463307,2.734398,174.003648,5.066751,1.062552,0.025021,0.965722
-0.047607,0.017755,0.438201,2.273116,19.157220,9.701678,3.461791,2.741896,173.986341,5.093094,1.062674,0.025174,0.965856
-0.051935,0.018526,0.409269,2.275880,19.157162,9.718255,3.463964,2.745271,174.004572,5.091978,1.062636,0.025133,0.965827
-0.045018,0.018402,0.418440,2.571780,19.147332,9.833017,3.463011,2.734135,174.013273,5.083373,1.062629,0.025113,0.965797
-0.059239,0.017854,0.391439,2.739218,19.096502,8.664832,3.462590,2.724645,173.985346,4.961371,1.062024,0.024502,0.965250
-0.042224,0.018116,0.446563,2.793155,19.198533,10.142270,3.463233,2.741777,174.125397,5.083019,1.062695,0.025173,0.965887
-0.045871,0.017496,0.443237,2.326678,19.152845,9.608807,3.458777,2.723414,174.221078,4.771762,1.062596,0.023628,0.965783
-0.045472,0.017511,0.409222,2.423174,19.204142,9.719890,3.461002,2.724647,174.172612,4.763913,1.062594,0.023612,0.965773
-0.052031,0.018519,0.353114,2.835264,19.160230,9.665910,3.465287,2.737217,174.030946,5.018364,1.062313,0.024863,0.965570
-0.047292,0.018114,0.353065,2.622726,19.141982,9.900953,3.462676,2.728703,173.940448,5.029137,1.062252,0.024793,0.965500
-0.045621,0.018233,0.294113,5.605645,19.158218,10.041608,3.462871,2.730958,173.881727,5.009952,1.062185,0.024715,0.965447
-0.053393,0.018091,0.360177,3.266660,19.036918,9.118477,3.463755,2.747294,173.797850,4.901838,1.061637,0.024178,0.964928
-0.044697,0.018373,0.435040,2.269330,19.111465,10.140490,3.465771,2.739956,173.711999,4.950696,1.060818,0.024546,0.965275
-0.051905,0.018173,0.444976,1.983364,19.111778,9.054292,3.462154,2.748678,173.981137,4.874470,1.061627,0.024108,0.964880
-0.043055,0.018332,0.400462,3.258158,19.194743,10.026597,3.463710,2.731507,174.142767,4.983275,1.062126,0.024615,0.965348
-0.056266,0.017868,0.393323,3.350099,19.083480,8.449155,3.460911,2.750206,174.132930,4.833147,1.061377,0.023879,0.964675
-0.050797,0.018558,0.437369,2.712653,19.128510,9.211957,3.463615,2.732449,174.221406,4.899301,1.061703,0.024201,0.964973
-0.046713,0.017887,0.408571,2.633494,19.104277,9.089182,3.462846,2.747702,174.267927,4.597943,1.061683,0.022787,0.964971
-0.039346,0.017972,0.436153,1.757746,19.132317,10.097595,3.462470,2.726591,174.332037,4.676698,1.062084,0.023179,0.965331
-0.052082,0.018190,0.437847,2.493346,19.044162,8.582588,3.460902,2.750772,174.279683,4.531553,1.061374,0.022438,0.964661
-0.046303,0.017612,0.461216,2.647552,19.145427,9.421385,3.458533,2.739220,174.281453,4.601130,1.061700,0.022757,0.964940
-0.047791,0.018220,0.447987,4.073790,19.166027,9.542478,3.461802,2.743724,174.099263,4.876737,1.061520,0.024056,0.964841
-0.043363,0.018448,0.457923,2.627009,19.146608,9.541793,3.464068,2.733207,173.914395,4.808737,1.061260,0.023826,0.964600
-0.055336,0.018638,0.381478,2.285693,19.073372,8.289470,3.465559,2.730865,173.701692,4.656348,1.060413,0.023006,0.963817
-0.059969,0.018687,0.372038,2.475662,19.066445,8.572363,3.466496,2.735856,173.615970,4.922037,1.060290,0.024349,0.963726
-0.053934,0.018157,0.464099,2.445839,19.054008,9.109622,3.463556,2.734286,173.565372,4.964159,1.060397,0.024463,0.963817
-0.042435,0.018257,0.459915,2.372705,19.171632,10.391763,3.464560,2.723944,173.577598,5.050427,1.060901,0.024988,0.964287
-0.047425,0.018067,0.441438,2.217483,19.120167,9.833068,3.463749,2.734387,173.553264,4.988050,1.060642,0.024698,0.964031
-0.049245,0.018374,0.483530,2.158228,19.089580,9.286615,3.464063,2.743590,173.497655,4.915921,1.060287,0.024369,0.963716
-0.047494,0.018343,0.356558,1.870827,19.098633,9.271977,3.465219,2.743686,173.473820,4.912497,1.060199,0.024263,0.963630
-0.043542,0.018512,0.377591,2.184861,19.086152,9.950667,3.464506,2.742524,173.460669,4.950342,1.060396,0.024510,0.963824
-0.043451,0.018493,0.462877,2.160305,19.081538,9.842640,3.467668,2.729642,173.433832,4.916482,1.060300,0.024416,0.963747
-0.050457,0.018047,0.483027,2.330316,19.029088,9.266132,3.462497,2.723875,173.375779,4.848919,1.059865,0.024012,0.963349
-0.047010,0.018987,0.438174,2.063712,19.057100,9.762437,3.467353,2.727446,173.373679,4.868464,1.060000,0.024156,0.963472
-0.043956,0.018485,0.434004,1.684084,19.068530,9.692492,3.464397,2.714552,173.358788,4.843940,1.059924,0.024072,0.963378
-0.048645,0.018626,0.482095,2.442864,19.093672,10.043255,3.461635,2.728987,173.355506,5.161097,1.059958,0.025549,0.963423
-0.053448,0.018512,0.485984,2.279732,19.033392,9.440182,3.461570,2.732256,173.310024,5.095310,1.059605,0.025190,0.963100
-0.046967,0.018713,0.486610,2.073364,19.063862,9.756282,3.466680,2.712271,173.317647,5.094510,1.059653,0.025240,0.963142
-0.048072,0.018867,0.474643,2.307645,19.054545,9.740185,3.466069,2.738883,173.270718,5.090539,1.059548,0.025151,0.963059
-0.045549,0.018405,0.478549,1.913227,19.125563,10.284917,3.465022,2.748856,173.291404,5.121107,1.059715,0.025290,0.963192
-0.048249,0.018971,0.456678,2.144337,19.092253,9.591068,3.469579,2.724618,173.212240,5.040698,1.059317,0.024921,0.962840
-0.044477,0.018124,0.462858,2.834428,19.116063,10.122135,3.464780,2.729004,173.314795,5.070941,1.059476,0.025056,0.962959
-0.051208,0.018951,0.431451,2.070643,19.071743,9.635933,3.469806,2.735448,173.561067,5.059291,1.059417,0.024982,0.962900
-0.050940,0.018277,0.458536,3.100183,19.048010,8.912870,3.464070,2.736081,173.750795,4.709816,1.059270,0.023315,0.962745
-0.048760,0.018754,0.478764,2.360247,19.084282,9.387718,3.465741,2.739991,173.769767,4.774967,1.058359,0.023595,0.963030
-0.045155,0.018453,0.442067,2.275782,19.072830,9.599223,3.463586,2.735615,174.134739,4.826209,1.059766,0.023783,0.963201
-0.044794,0.018080,0.419674,2.511835,19.099245,9.259145,3.462050,2.749296,174.215461,4.500709,1.059719,0.022296,0.963162
-0.054235,0.017780,0.427342,2.608521,19.005500,8.542477,3.458560,2.750314,174.246281,4.434644,1.059373,0.021924,0.962827
-0.046790,0.018434,0.474218,2.349554,19.068603,9.122578,3.465228,2.739932,174.291463,4.471109,1.059604,0.022149,0.963042
-0.047524,0.018372,0.469071,2.317438,19.099363,9.318570,3.461283,2.755303,174.281502,4.474030,1.059651,0.022174,0.963046
-0.045281,0.018143,0.388580,2.406638,19.191270,9.389450,3.461968,2.725836,174.075879,4.753535,1.059490,0.023491,0.962946
-0.046368,0.018247,0.437581,2.250663,19.089978,9.260823,3.462485,2.744466,173.753812,4.697551,1.059030,0.023156,0.962603
-0.047542,0.018235,0.410705,2.383440,19.137605,9.831642,3.464055,2.717900,173.516364,4.991932,1.058929,0.024500,0.962465
-0.040321,0.018427,0.496455,2.342492,19.118972,10.663802,3.464852,2.737971,173.373972,4.983124,1.058960,0.024634,0.962565
-0.046413,0.018816,0.471841,2.069814,19.092285,9.815020,3.466922,2.747480,173.241875,4.856901,1.058521,0.024137,0.962093
-0.044546,0.018628,0.460575,2.348908,19.041033,9.471918,3.461886,2.737236,173.160391,4.816109,1.058187,0.023861,0.961797
-0.048006,0.018392,0.455538,2.521415,19.059865,9.620772,3.464563,2.726738,173.112111,5.101022,1.058091,0.025200,0.961728
-0.050745,0.018506,0.451148,2.101347,19.078805,9.299053,3.463505,2.741565,172.471610,5.037034,1.057740,0.024878,0.961419
-0.044001,0.019387,0.492134,2.031838,19.112580,10.375040,3.467826,2.731095,172.128288,5.239933,1.057242,0.026001,0.960988
-0.052043,0.019880,0.511444,2.103252,19.231260,9.104985,3.470887,2.717885,170.879346,5.257133,1.055835,0.026073,0.959682
-0.040467,0.020506,0.619184,1.668518,19.493030,11.791373,3.474723,2.690972,169.302782,6.262785,1.054923,0.031223,0.958805
-0.042865,0.019537,0.495947,2.522420,19.002710,11.119283,3.475308,2.724498,171.820542,5.966139,1.056480,0.029651,0.960195
-0.048658,0.019246,0.531674,2.004108,19.061510,10.455722,3.468877,2.708677,171.037611,5.559666,1.055933,0.027576,0.959697
-0.051033,0.019178,0.420103,2.958170,19.055918,9.797572,3.468808,2.724839,172.096903,5.100988,1.056639,0.025303,0.960390
-0.058797,0.019575,0.511500,2.296585,19.056662,9.183210,3.471610,2.721705,171.821179,5.229296,1.055890,0.026023,0.959662
-0.043400,0.018952,0.538036,1.858715,19.103338,10.538787,3.467680,2.717203,171.810622,5.365335,1.056332,0.026545,0.960109
-0.041205,0.019642,0.507124,2.587229,19.061802,10.791487,3.472245,2.717554,171.843978,5.361989,1.056404,0.026632,0.960192
-0.055626,0.019031,0.519427,1.939850,19.059180,9.361332,3.467541,2.729740,171.787166,5.204422,1.055740,0.025903,0.959543
-0.050159,0.019150,0.541685,1.780577,19.066692,9.561818,3.470933,2.720465,171.789916,5.240506,1.055696,0.025917,0.959527
-0.043363,0.019326,0.485565,2.078839,19.098503,10.474275,3.469082,2.726417,171.832275,5.290485,1.055966,0.026253,0.959808
-0.043421,0.019391,0.521146,1.799729,19.077662,10.289675,3.469671,2.709190,171.752152,5.254103,1.055826,0.026104,0.959699
-0.048138,0.019629,0.534714,1.970179,19.096557,9.962158,3.470243,2.717570,171.805327,5.198115,1.055647,0.025856,0.959459
-0.049346,0.018772,0.458902,3.198266,19.074967,9.727210,3.465625,2.722822,171.922366,5.175516,1.055549,0.025746,0.959368
-0.047902,0.019038,0.503206,2.267299,19.036895,9.901610,3.468319,2.719875,172.038724,5.217294,1.055656,0.025826,0.959497
-0.055871,0.019491,0.453922,1.971200,19.057465,9.412320,3.471680,2.723157,172.100989,5.151188,1.055392,0.025549,0.959223
-0.047050,0.019202,0.454803,2.991901,19.069898,9.820275,3.467035,2.741994,172.180141,5.213726,1.055580,0.025767,0.959432
-0.045690,0.018808,0.495824,1.962320,19.043502,10.104253,3.465043,2.725507,172.027096,5.232473,1.054451,0.025852,0.959519
-0.052584,0.018997,0.546476,1.965877,19.036435,9.466347,3.467034,2.714980,172.264024,5.163831,1.055394,0.025518,0.959226
-0.047155,0.019570,0.499821,2.285365,19.067615,10.106690,3.467025,2.729406,172.316487,5.211305,1.055650,0.025757,0.959435
-0.044994,0.018995,0.511523,2.140636,19.074393,10.072265,3.466549,2.737399,172.214373,5.193535,1.055548,0.025702,0.959383
-0.053506,0.019395,0.536074,2.734602,19.076692,9.354157,3.467825,2.731344,171.904226,5.063333,1.054927,0.025121,0.958822
-0.048591,0.018964,0.481103,2.206476,19.077820,10.084703,3.468544,2.719226,171.680063,5.370651,1.054865,0.026575,0.958805
-0.047926,0.019695,0.547210,1.433258,19.098700,10.251502,3.473872,2.719556,171.538833,5.319994,1.054690,0.026428,0.958626
-0.051813,0.019167,0.503953,2.241443,19.008952,9.550850,3.468208,2.712012,171.498958,5.224990,1.054247,0.025994,0.958207
-0.042215,0.019856,0.531830,1.982919,19.102492,10.520010,3.469976,2.714968,171.495994,5.303147,1.054554,0.026319,0.958503
-0.041613,0.020108,0.472364,2.133091,19.068540,10.370463,3.472152,2.716132,171.501969,5.262627,1.054421,0.026187,0.958359
-0.046598,0.019483,0.520042,2.663043,19.111165,10.086382,3.468295,2.721882,171.452375,5.235949,1.054218,0.025977,0.958162
-0.051866,0.019369,0.449464,2.031100,18.998483,9.861370,3.468543,2.721687,171.426539,5.472773,1.053986,0.027166,0.957943
-0.056620,0.020232,0.482671,2.450313,19.035230,9.275382,3.471846,2.709103,171.382447,5.419404,1.053605,0.026773,0.957590
-0.044719,0.020202,0.468009,2.111148,19.154460,10.646223,3.472334,2.715432,171.404299,5.515533,1.054099,0.027309,0.958068
-0.043440,0.020101,0.548275,1.857453,19.105917,10.211198,3.472681,2.714894,171.382820,5.463229,1.053843,0.027078,0.957858
-0.060929,0.019617,0.528998,1.831534,19.070475,8.750483,3.470721,2.712694,171.331202,5.298832,1.053084,0.026257,0.957131
-0.053486,0.019826,0.490926,1.782200,19.094498,9.412115,3.471833,2.721675,171.374650,5.357048,1.053277,0.026485,0.957319
-0.051298,0.019973,0.528684,1.682922,19.095620,10.039682,3.470716,2.716565,171.444473,5.397319,1.053522,0.026763,0.957567
-0.050862,0.020268,0.424075,2.357924,19.109160,10.117940,3.471202,2.719194,171.473489,5.410519,1.053563,0.026734,0.957557
-0.052139,0.018886,0.521464,1.850358,19.127033,9.984382,3.467210,2.722160,171.388656,5.376694,1.053380,0.026594,0.957427
-0.056815,0.019532,0.501691,3.076072,19.083017,9.054397,3.468396,2.714699,171.274305,5.229014,1.052745,0.025937,0.956840
-0.053660,0.020054,0.506090,1.957701,19.090722,9.383155,3.471826,2.725139,171.255606,5.232515,1.052785,0.026031,0.956883
-0.049606,0.019769,0.455773,4.981081,19.164975,9.704478,3.470765,2.718054,171.244538,5.262887,1.052839,0.026086,0.956938
-0.049372,0.020077,0.485349,3.319965,19.150855,9.566823,3.470424,2.725939,171.201262,5.225168,1.052648,0.025958,0.956792
-0.044820,0.020375,0.524850,1.822626,19.162072,10.036108,3.473428,2.718950,171.252197,5.247834,1.052781,0.026070,0.956878
-0.054185,0.019418,0.540358,2.218364,19.035075,9.123697,3.468191,2.698352,171.320074,5.174461,1.052326,0.025586,0.956458
-0.050326,0.019788,0.444184,2.696599,19.072912,9.532098,3.470434,2.721906,171.436290,5.188602,1.052535,0.025743,0.956624
-0.048043,0.019226,0.505774,1.977140,19.099895,10.108170,3.469011,2.717307,171.522195,5.245849,1.052785,0.025998,0.956894
-0.048545,0.019627,0.466822,1.981551,19.123085,10.002497,3.470269,2.714625,171.554434,5.240390,1.052739,0.025937,0.956807
-0.042955,0.019449,0.525944,2.049283,19.129492,10.262078,3.468917,2.738203,171.584431,5.241089,1.052787,0.025961,0.956860
-0.055061,0.019453,0.535073,1.887195,19.097712,9.482065,3.468231,2.716778,171.504656,5.160076,1.052345,0.025553,0.956456
-0.044820,0.019223,0.510550,2.007017,19.119778,10.116313,3.467400,2.713605,171.467197,5.193931,1.052464,0.025714,0.956587
-0.050889,0.019784,0.521084,2.821880,19.076460,9.518642,3.468420,2.715386,171.226624,5.096403,1.050885,0.025324,0.956236
-0.053192,0.019881,0.573334,2.059846,19.152085,9.403782,3.468318,2.700048,171.137258,5.342540,1.051729,0.026445,0.955901
-0.050951,0.019875,0.568994,1.914399,19.128278,9.741863,3.468769,2.715307,171.032517,5.308943,1.051594,0.026359,0.955785
-0.052367,0.019709,0.542334,1.894005,19.111122,9.288123,3.468559,2.707781,170.983005,5.259779,1.051267,0.026058,0.955503
-0.046752,0.020096,0.534714,1.909649,19.160862,10.545288,3.471552,2.707053,171.016531,5.336611,1.051742,0.026536,0.955946
-0.056735,0.020635,0.550029,2.102601,19.143757,9.272987,3.473572,2.709837,170.956409,5.202877,1.051056,0.025873,0.955319
-0.048279,0.020331,0.563083,1.991666,19.141707,10.115905,3.471261,2.707541,170.948399,5.559375,1.051244,0.027532,0.955500
-0.054372,0.019812,0.575725,1.869718,19.128083,9.469157,3.469246,2.703722,170.902497,5.466179,1.050866,0.027117,0.955128
-0.056080,0.020494,0.448299,2.233711,19.129450,9.359295,3.472990,2.710865,170.868598,5.436802,1.050649,0.026931,0.954948
-0.053381,0.020391,0.543972,1.755384,19.150922,9.634975,3.471726,2.707980,170.817602,5.439167,1.050663,0.026930,0.954949
-0.054202,0.019813,0.547978,1.499902,19.118580,9.333780,3.470136,2.708731,170.786872,5.386676,1.050370,0.026662,0.954719
-0.056694,0.019923,0.563359,1.763860,19.135110,9.390067,3.468494,2.709799,170.765903,5.368372,1.050284,0.026585,0.954625
-0.045237,0.020110,0.577320,1.814250,19.191728,10.521278,3.470446,2.701612,170.777709,5.441244,1.050730,0.026992,0.954988
-0.050195,0.020214,0.538914,1.769633,19.194300,9.818705,3.472213,2.704871,170.740352,5.368705,1.050363,0.026646,0.954674
-0.049005,0.020306,0.557360,1.954661,19.200198,10.167657,3.474086,2.710023,170.765526,5.388730,1.050407,0.026707,0.954719
-0.044932,0.020049,0.558495,2.434447,19.205833,10.572298,3.471547,2.711899,170.845705,5.406119,1.050561,0.026859,0.954882
-0.052087,0.019834,0.581125,1.866977,19.179638,9.694840,3.471377,2.696858,170.815367,5.321378,1.050121,0.026400,0.954472
-0.056449,0.020410,0.574481,1.790300,19.116322,8.799320,3.472457,2.718363,170.645344,5.189609,1.049463,0.025763,0.953833
-0.048461,0.021007,0.535348,1.806183,19.155420,9.946623,3.476665,2.714362,170.638473,5.564928,1.049783,0.027586,0.954162
-0.047451,0.020958,0.474877,2.205792,19.180845,10.256647,3.474338,2.702169,170.648739,5.571370,1.049841,0.027664,0.954232
-0.053173,0.020297,0.579944,1.737234,19.160432,9.618900,3.469794,2.710629,170.638790,5.501530,1.049468,0.027266,0.953860
-0.043859,0.020510,0.465806,3.639776,19.202108,10.608238,3.472254,2.698256,170.590568,5.561072,1.049696,0.027546,0.954135
-0.047893,0.020695,0.532396,2.656545,19.218992,10.445477,3.470639,2.698068,170.701168,5.537202,1.049631,0.027411,0.954008
-0.041264,0.020147,0.527023,2.072084,19.205868,10.557890,3.471193,2.716133,170.912500,5.267273,1.049798,0.026123,0.954170
-0.053000,0.020070,0.567604,1.933764,19.124470,9.605532,3.469616,2.719990,171.045741,5.190770,1.049452,0.025729,0.953839
-0.052169,0.020454,0.488795,2.398791,19.144373,9.869325,3.472946,2.710571,171.121790,5.211985,1.049525,0.025807,0.953914
-0.045953,0.020160,0.554591,1.592400,19.155435,10.096583,3.468713,2.732699,171.189249,5.225172,1.049572,0.025827,0.953964
-0.052903,0.019972,0.566501,1.824681,19.099435,9.293875,3.470025,2.723746,171.170077,5.130570,1.049147,0.025409,0.953576
-0.047373,0.020649,0.476398,2.234352,19.130268,10.080320,3.472242,2.726418,171.189337,5.178684,1.049367,0.025656,0.953771
-0.050917,0.020589,0.566798,1.897653,19.143958,9.613998,3.474967,2.723821,171.156377,5.122626,1.049096,0.025360,0.953495
-0.052294,0.020573,0.555576,1.971802,19.077062,9.221452,3.472540,2.719092,170.971618,5.038909,1.048676,0.025036,0.953173
-0.056075,0.020643,0.551891,1.658157,19.166327,9.183383,3.471378,2.708127,170.630044,5.266199,1.048231,0.026050,0.952750
-0.058392,0.021116,0.559029,2.059361,19.172702,9.564142,3.475566,2.707083,170.353699,5.502112,1.047965,0.027327,0.952527
-0.047553,0.020382,0.592273,1.735030,19.225923,10.345817,3.472072,2.703137,170.336500,5.491195,1.048185,0.027228,0.951050
-0.054586,0.020494,0.551058,1.670728,19.172902,9.227335,3.472781,2.693952,170.227810,5.427259,1.047527,0.026863,0.952110
-0.058215,0.020861,0.569600,1.899020,19.135205,9.071635,3.473541,2.714463,170.201040,5.374068,1.047274,0.026634,0.951890
-0.045855,0.021530,0.579861,1.681875,19.228660,10.795875,3.475847,2.703966,170.202084,5.497015,1.047840,0.027271,0.952445
-0.054967,0.020789,0.605489,1.695872,19.189555,9.549285,3.472221,2.712974,170.175339,5.371271,1.047267,0.026648,0.951878
-0.044564,0.020870,0.608251,1.788133,19.235083,10.211780,3.471915,2.718794,170.135555,5.385641,1.047365,0.026801,0.951992
-0.054655,0.020934,0.600863,2.030975,19.154782,9.242197,3.472824,2.724746,170.087526,5.286114,1.046778,0.026240,0.951468
-0.053555,0.021084,0.593172,2.138681,19.194518,9.782538,3.473976,2.703663,170.027808,5.593774,1.046727,0.027676,0.951464
-0.052719,0.020991,0.349987,1.687509,19.183413,9.440837,3.472126,2.701051,170.010832,5.532387,1.046453,0.027343,0.951159
-0.059000,0.020881,0.607881,1.810710,19.126310,9.028195,3.473690,2.718767,169.963622,5.448801,1.046083,0.026986,0.950841
-0.050927,0.021092,0.564912,1.753327,19.207710,10.086430,3.473736,2.696366,169.996994,5.509096,1.046458,0.027350,0.951160
-0.052795,0.021437,0.550680,1.470688,19.151740,9.654465,3.474714,2.702276,169.961835,5.445171,1.046174,0.027065,0.950890
-0.051679,0.020721,0.461171,1.541758,19.095425,9.332158,3.471209,2.715815,169.970760,5.410206,1.045926,0.026823,0.950665
-0.055001,0.021202,0.587299,1.424862,19.182737,9.524530,3.475186,2.711439,169.942148,5.403345,1.045895,0.026803,0.950659
-0.053457,0.021131,0.611660,1.998966,19.167365,9.642985,3.471604,2.705870,169.886370,5.382257,1.045777,0.026723,0.950531
-0.060938,0.021018,0.570511,1.706107,19.070457,8.591073,3.473778,2.705179,169.871739,5.248799,1.045161,0.026087,0.949949
-0.059460,0.021055,0.615886,1.543021,19.141780,9.324862,3.471497,2.703443,169.875358,5.579893,1.045308,0.027725,0.950130
-0.046511,0.021104,0.616455,2.024574,19.178662,10.270607,3.472655,2.695276,169.860161,5.662163,1.045593,0.028041,0.950412
-0.056283,0.021352,0.602922,1.623718,19.156372,9.355203,3.473806,2.701320,169.825779,5.534462,1.045065,0.027414,0.949842
-0.061268,0.021232,0.623551,1.693892,19.026687,8.943335,3.474531,2.708132,168.892293,5.477798,1.044813,0.027141,0.949590
-0.051028,0.020728,0.612018,1.657189,19.166878,9.976048,3.469878,2.723841,170.093925,5.560682,1.045266,0.027611,0.950015
-0.052324,0.020860,0.577871,1.984851,19.127487,9.561463,3.472866,2.721560,170.178656,5.229606,1.045131,0.026013,0.949888
-0.050771,0.021402,0.614212,1.741509,19.105405,9.605562,3.471718,2.715918,170.224226,5.222791,1.045039,0.025957,0.949844
-0.053593,0.020285,0.583788,1.772579,19.139818,9.676282,3.470092,2.711905,170.212988,5.215223,1.044983,0.025877,0.949773
-0.062212,0.021172,0.549604,1.647995,19.042527,9.040120,3.472381,2.716304,170.156943,5.427010,1.044477,0.026844,0.949328
-0.050644,0.021424,0.588069,1.735384,19.159628,10.074837,3.473880,2.714683,170.128871,5.467805,1.044769,0.027129,0.949560
-0.060655,0.020913,0.608286,1.714839,19.081858,8.891947,3.474598,2.698440,170.025952,5.345862,1.044083,0.026428,0.948931
-0.054490,0.021026,0.602314,1.706976,19.186618,9.620357,3.471909,2.712309,169.794597,5.347844,1.044097,0.026534,0.949001
-0.059647,0.021107,0.602916,1.725774,19.152415,9.151633,3.472703,2.717566,169.526314,5.516692,1.043427,0.027375,0.948405
-0.047652,0.021596,0.630945,1.710452,19.208268,10.102878,3.474213,2.706457,169.520121,5.583023,1.043707,0.027665,0.948671
-0.058095,0.021187,0.591959,1.862280,19.180660,9.447120,3.473601,2.699855,169.479336,5.477860,1.043290,0.027245,0.948272
-0.056842,0.021316,0.588660,1.720218,19.159660,9.085008,3.471906,2.700949,169.428100,5.423987,1.042922,0.026905,0.947963
-0.047494,0.022393,0.563974,2.237385,19.203592,10.050517,3.478386,2.704889,169.215741,5.473371,1.041967,0.027190,0.948184
-0.055822,0.021692,0.621892,1.629604,19.191855,9.392955,3.474051,2.680164,169.373896,5.375817,1.042754,0.026785,0.947802
-0.055513,0.022133,0.582566,2.041093,19.217498,9.849453,3.476431,2.705274,169.382191,5.692893,1.042738,0.028232,0.947812
-0.046678,0.021553,0.595199,1.703235,19.240447,10.796695,3.474124,2.706944,169.383959,5.746842,1.042943,0.028473,0.948021
-0.051668,0.021532,0.632451,1.659513,19.210193,9.969555,3.471813,2.713288,169.327638,5.647430,1.042493,0.027979,0.947569
-0.051994,0.021887,0.651542,1.718556,19.192167,10.009447,3.476438,2.702809,169.281393,5.605426,1.042281,0.027818,0.947408
-0.055647,0.022198,0.645896,1.816593,19.200078,9.184285,3.478027,2.706414,169.218391,5.491522,1.041736,0.027242,0.946870
-0.059652,0.022102,0.637497,1.687152,19.170505,8.646168,3.476702,2.705211,169.174511,5.399273,1.041214,0.026777,0.946411
-0.054788,0.021941,0.665057,1.575190,19.170035,10.124518,3.473574,2.713822,169.177216,5.779993,1.041651,0.028708,0.946840
-0.046209,0.021695,0.631486,1.502597,19.248307,10.623222,3.474559,2.706109,169.146925,5.791783,1.041689,0.028735,0.946860
-0.058123,0.021289,0.666663,1.926297,19.222618,9.304105,3.472363,2.713419,169.071971,5.646197,1.040989,0.027985,0.946194
-0.050800,0.022232,0.660423,1.669146,19.214015,10.349157,3.476306,2.723521,169.101777,5.704062,1.041248,0.028313,0.946480
-0.050248,0.022610,0.661616,1.707456,19.254933,9.941973,3.476708,2.693468,169.099326,5.643686,1.040984,0.028022,0.946212
-0.057058,0.022175,0.645508,1.563692,19.211795,9.652463,3.475344,2.722134,169.048421,5.584661,1.040642,0.027734,0.945942
-0.047687,0.022656,0.667778,1.566097,19.242180,10.257408,3.479205,2.704172,169.024066,5.601709,1.040703,0.027835,0.945994
-0.045715,0.022358,0.631974,1.589785,19.292363,10.765922,3.476980,2.718124,169.002908,5.604859,1.040739,0.027900,0.946041
-0.046464,0.022777,0.659380,1.547733,19.289365,10.911563,3.479614,2.690239,168.932445,5.857071,1.040513,0.029080,0.945790
-0.054542,0.022392,0.561446,1.669054,19.216393,9.958727,3.478965,2.686701,168.892801,5.750773,1.039953,0.028515,0.945269
-0.049848,0.022432,0.612317,1.753911,19.247428,10.554182,3.477137,2.711962,168.914332,5.758649,1.040013,0.028595,0.945336
-0.049317,0.022459,0.675831,1.483316,19.246072,10.304850,3.476024,2.703620,168.945183,5.711592,1.039808,0.028358,0.945135
-0.054828,0.022465,0.619120,1.445358,19.212117,9.981328,3.477069,2.713343,168.895557,5.653301,1.039491,0.028072,0.944866
-0.060358,0.022420,0.666382,1.861600,19.177102,9.206448,3.478262,2.705348,168.819729,5.535355,1.038907,0.027499,0.944312
-0.055935,0.022426,0.643633,1.612673,19.256445,9.887063,3.475395,2.708005,168.703843,5.843185,1.038924,0.029011,0.944339
-0.056194,0.022818,0.707952,1.518454,19.233727,9.597688,3.478448,2.707192,168.660057,5.783035,1.038556,0.028670,0.944024
-0.054886,0.022736,0.679590,1.554730,19.217903,10.099385,3.476990,2.719506,168.667187,5.781326,1.038604,0.028718,0.944068
-0.055916,0.022278,0.678939,1.898782,19.209235,9.447773,3.474812,2.705965,168.622714,5.703931,1.038170,0.028300,0.943697
-0.054290,0.022628,0.668290,1.539937,19.232637,9.702593,3.476381,2.709098,168.586346,5.683125,1.038069,0.028224,0.943591
-0.054048,0.023155,0.688156,1.445797,19.270407,10.011930,3.476708,2.689676,168.548835,5.667335,1.038017,0.028179,0.943542
-0.053721,0.022999,0.628069,1.559843,19.232353,9.626890,3.477633,2.700233,168.500157,5.613104,1.037644,0.027851,0.943220
-0.055581,0.022718,0.685493,1.553637,19.264900,9.635057,3.475928,2.689311,168.463305,5.863337,1.037443,0.029045,0.942989
-0.056689,0.023042,0.665732,1.692437,19.303192,9.980598,3.476991,2.698879,168.426561,5.862143,1.037379,0.029030,0.942973
-0.056549,0.022909,0.667257,1.638741,19.245895,9.498103,3.477784,2.704106,168.363574,5.774333,1.036966,0.028631,0.942596
-0.053932,0.023563,0.674090,1.595174,19.296307,10.012810,3.481109,2.698867,168.327924,5.772908,1.036973,0.028666,0.942618
-0.056408,0.022521,0.697364,1.668532,19.264553,9.469728,3.473630,2.715446,168.251977,5.809341,1.036500,0.028782,0.941356
-0.054823,0.023884,0.697865,1.432896,19.292538,9.818710,3.480417,2.705693,168.237630,5.962348,1.036369,0.029560,0.942066
-0.056206,0.023496,0.617247,1.546164,19.295193,9.697135,3.478699,2.713368,168.150473,5.901267,1.036101,0.029295,0.941815
-0.053128,0.022883,0.553354,1.509439,19.308473,10.316027,3.475763,2.701399,168.112841,5.905735,1.036128,0.029332,0.941853
-0.059878,0.023362,0.712573,1.469175,19.294687,9.492787,3.478968,2.711130,168.060819,5.796700,1.035607,0.028773,0.941345
-0.052831,0.023646,0.727022,1.451954,19.293787,9.878152,3.478328,2.692268,168.008181,5.776010,1.035475,0.028724,0.941268
-0.053613,0.023414,0.709448,1.593287,19.281205,9.840982,3.477220,2.693681,168.005852,5.737509,1.035266,0.028520,0.941053
-0.048113,0.023124,0.752192,1.492534,19.378812,10.437267,3.475679,2.693922,167.989042,6.043392,1.035331,0.030016,0.941094
-0.067946,0.023518,0.707291,1.491772,19.251113,8.589700,3.477950,2.703930,167.855545,5.818450,1.034180,0.028887,0.940078
-0.052112,0.022749,0.721283,1.450180,19.330165,9.833998,3.472763,2.695125,167.886480,5.889718,1.034542,0.029290,0.940419
-0.052868,0.023867,0.714608,1.473500,19.317033,9.964768,3.479858,2.703012,167.870016,5.870856,1.034414,0.029196,0.940339
-0.052643,0.024096,0.719303,1.650773,19.350032,10.032197,3.480299,2.695321,167.822120,5.832841,1.034224,0.029010,0.940117
-0.060395,0.023929,0.684614,1.461103,19.337015,9.442582,3.479506,2.690292,167.765442,6.036656,1.033695,0.029944,0.939646
-0.050476,0.023863,0.720939,1.391314,19.389658,10.587948,3.476922,2.710625,167.721848,6.074284,1.033885,0.030172,0.939845
-0.055613,0.023892,0.626699,1.638550,19.439233,10.144030,3.479569,2.693953,167.745378,5.999118,1.033579,0.029825,0.939530
-0.049777,0.023620,0.712836,1.457530,19.414770,10.609187,3.478746,2.713162,167.829103,6.014078,1.033621,0.029899,0.939579
-0.057943,0.024166,0.714803,1.398832,19.360963,9.537123,3.482156,2.703595,167.812654,5.894602,1.033012,0.029254,0.938992
-0.055098,0.023885,0.739737,1.519170,19.382250,9.599727,3.479854,2.714650,167.756257,5.845835,1.032781,0.029069,0.938827
-0.055340,0.024310,0.684759,1.460175,19.428172,9.873963,3.479671,2.691095,167.699477,5.813565,1.032663,0.028973,0.938719
-0.055407,0.024519,0.734773,1.388587,19.440780,9.996380,3.481931,2.721455,167.582778,6.072534,1.032408,0.030181,0.938468
-0.053430,0.023506,0.769350,1.325894,19.485717,9.942298,3.473855,2.692921,167.467819,6.008042,1.032087,0.029870,0.938181
-0.050179,0.024209,0.772217,1.617932,19.552262,10.318717,3.478243,2.702631,167.358069,5.984097,1.031995,0.029799,0.938085
-0.052824,0.024242,0.779288,1.562588,19.547578,10.085782,3.480770,2.685340,167.297181,5.914931,1.031632,0.029530,0.937799
-0.049441,0.024397,0.775330,1.225204,19.612057,10.574100,3.481672,2.692867,167.273971,6.224512,1.031566,0.030929,0.937746
-0.054259,0.024359,0.643502,1.673401,19.606670,9.907703,3.480134,2.675103,167.218383,6.121007,1.031050,0.030373,0.937237
-0.058274,0.024701,0.779369,1.283202,19.615995,9.868518,3.481983,2.697428,167.194199,6.068033,1.030759,0.030117,0.936996
-0.054583,0.024584,0.773945,1.291235,19.654210,9.946543,3.479318,2.676587,167.124651,6.012427,1.030513,0.029910,0.936774
-0.054577,0.024695,0.745322,1.416892,19.631695,10.161697,3.479684,2.688165,167.086640,6.264029,1.030302,0.031177,0.936598
-0.057905,0.025429,0.596337,2.754826,19.717723,9.884835,3.483217,2.682207,167.021271,6.208957,1.029928,0.030789,0.936242
-0.051039,0.024687,0.784861,1.516131,19.780922,10.536798,3.478817,2.677187,166.990200,6.216074,1.029945,0.030881,0.936304
-0.048448,0.024679,0.808203,1.502594,19.811460,10.486968,3.481324,2.666725,166.929923,6.140622,1.029704,0.030619,0.936038
-0.050002,0.025362,0.815881,1.007791,19.853688,10.631728,3.483190,2.678663,166.868808,6.408261,1.029439,0.031869,0.935842
-0.049693,0.024868,0.818690,1.108918,19.843513,10.462585,3.479686,2.687918,166.615945,6.358413,1.027906,0.031552,0.935539
-0.053169,0.024528,0.804623,1.269624,19.912577,10.084447,3.478445,2.668197,166.749366,6.257421,1.028711,0.031106,0.935123
-0.051722,0.025656,0.803218,1.357407,19.952047,10.498375,3.483166,2.647829,166.679196,6.240479,1.028578,0.031056,0.935073
-0.049084,0.026007,0.822620,1.279817,20.010627,10.767263,3.486900,2.656073,166.607450,6.208210,1.028417,0.030914,0.934907
-0.054752,0.025511,0.824081,1.431476,20.011000,10.200970,3.482036,2.692334,166.505903,6.398997,1.027859,0.031783,0.934365
-0.052008,0.025113,0.792531,1.241413,20.010527,10.232905,3.480704,2.682559,166.472080,6.338258,1.027569,0.031540,0.934130
-0.051060,0.025501,0.827781,1.318010,20.010187,10.604958,3.479889,2.678500,166.472637,6.334771,1.027461,0.031469,0.934058
-0.052509,0.025378,0.834308,1.198592,20.010030,10.091107,3.482596,2.677973,166.440980,6.228741,1.026954,0.031000,0.933609
-0.052400,0.025914,0.828794,1.293280,20.009843,10.770640,3.479359,2.685376,166.362600,6.507854,1.026805,0.032398,0.933527
-0.047250,0.026359,0.824188,1.213449,20.009630,10.952185,3.485119,2.686143,166.320271,6.468278,1.026606,0.032172,0.933325
-0.056733,0.026011,0.850579,1.248898,20.009403,9.992905,3.481625,2.679919,166.152906,6.335346,1.025801,0.031367,0.932564
-0.050109,0.025879,0.864065,1.174979,20.008847,10.823603,3.483187,2.663464,166.092770,6.579959,1.025760,0.032815,0.932533
-0.052751,0.026272,0.862320,1.426695,20.009215,10.508130,3.482371,2.682612,166.073395,6.503874,1.025365,0.032396,0.932153
-0.049879,0.026057,0.870053,1.281704,20.008728,10.887213,3.482199,2.677917,166.088624,6.497707,1.025214,0.032309,0.932064
-0.046611,0.025930,0.854449,1.302317,20.008537,10.849715,3.479796,2.666596,166.054814,6.423610,1.024931,0.032000,0.931769
-0.047126,0.026268,0.897124,1.213383,20.008183,11.025957,3.483508,2.690459,165.978541,6.375507,1.024659,0.031769,0.931558
-0.049956,0.026432,0.886804,1.174059,20.008540,10.702922,3.483027,2.658812,165.890521,6.276200,1.024201,0.031321,0.931097
-0.054724,0.026980,0.851110,1.240318,20.008457,10.520492,3.484557,2.667250,165.759546,6.491555,1.023691,0.032289,0.930648
-0.050860,0.027084,0.868974,1.151149,20.007933,10.365732,3.483903,2.672031,165.637457,6.398377,1.023175,0.031844,0.930225
-0.051188,0.027458,0.911805,1.196998,20.016003,10.537475,3.489691,2.659986,165.520386,6.630497,1.022816,0.032947,0.929867
-0.046808,0.027253,0.914236,1.145662,20.016237,11.171508,3.487301,2.672724,165.518268,6.599002,1.022717,0.032932,0.929840
-0.054223,0.026884,0.911517,1.115919,20.015778,10.233862,3.483668,2.677598,165.421488,6.447424,1.021988,0.032135,0.929114
-0.051311,0.027079,0.847080,1.180793,20.015587,10.628985,3.485540,2.668931,165.372877,6.411452,1.021777,0.031995,0.928951
-0.057919,0.027130,0.861121,1.328246,20.015190,10.115805,3.483507,2.681059,165.293102,6.578952,1.021167,0.032824,0.928362
-0.052341,0.027284,0.850913,1.248593,20.014832,10.748382,3.484789,2.668633,165.234943,6.587511,1.021024,0.032747,0.928297
-0.049872,0.027449,0.949062,1.131043,20.014462,10.857693,3.485576,2.670963,165.181446,6.498928,1.020667,0.032423,0.927978
-0.048222,0.027883,0.936909,1.155477,20.014600,10.652223,3.487485,2.682046,165.090486,6.422533,1.020219,0.031961,0.927539
-0.049484,0.027679,0.967961,1.113000,20.014165,10.604838,3.484399,2.671091,165.020694,6.335776,1.019807,0.031622,0.927180
-0.054577,0.027780,0.916168,1.091706,20.013885,10.250070,3.484687,2.652262,164.891653,6.520048,1.019202,0.032421,0.926603
-0.050673,0.027337,0.933681,1.103726,20.013643,10.453990,3.484728,2.662918,164.825365,6.436996,1.018872,0.032108,0.926296
-0.055337,0.028350,0.939490,1.266808,20.013682,10.238422,3.486567,2.663887,164.713563,6.342196,1.018343,0.031680,0.925875
-0.051930,0.028532,0.935188,1.249807,20.013338,10.591143,3.487102,2.645007,164.627052,6.599301,1.018054,0.032841,0.925602
-0.049254,0.027860,0.940455,1.268160,20.012998,10.648243,3.483171,2.664148,164.554606,6.517669,1.017636,0.032471,0.925273
-0.051401,0.029135,1.005640,1.021366,20.012807,10.290168,3.488649,2.655740,164.465406,6.349344,1.017085,0.031655,0.923082
-0.060529,0.028858,0.969405,1.067927,20.012555,9.975065,3.488274,2.654807,164.382575,6.579081,1.016471,0.032790,0.924187
-0.057265,0.029078,0.970968,1.038348,20.012617,9.471340,3.490714,2.670788,164.300486,6.463192,1.015772,0.032118,0.923557
-0.055869,0.028952,0.999970,1.041052,20.012710,10.114802,3.486653,2.665308,164.240469,6.420624,1.015601,0.031970,0.923410
-0.044849,0.029249,0.959038,1.134164,20.011958,11.228798,3.487594,2.664561,164.197271,6.438085,1.015617,0.032074,0.923466
-0.057200,0.029392,1.010976,1.099066,20.012172,9.978488,3.487331,2.668791,164.078729,6.530395,1.014685,0.032523,0.922539
-0.058361,0.028503,1.011917,1.018950,20.012278,10.039485,3.482706,2.644915,164.021208,6.453078,1.014201,0.032135,0.922173
-0.045864,0.029160,1.023735,1.031207,20.011422,11.047423,3.486164,2.676053,163.857619,6.428046,1.014064,0.032038,0.922047
-0.057126,0.029893,1.072338,0.970054,20.011848,10.132053,3.488971,2.654882,163.657083,6.544559,1.013160,0.032523,0.921144
-0.053026,0.030244,1.000877,0.999035,20.011793,10.054065,3.489491,2.653637,163.603288,6.440975,1.012677,0.032057,0.920717
-0.053459,0.029637,1.058930,1.048067,20.011575,10.329213,3.487214,2.663015,163.599034,6.379369,1.012371,0.031802,0.920452
-0.051051,0.030564,1.054251,0.948478,20.011405,10.757292,3.492410,2.664595,163.589822,6.348728,1.012146,0.031634,0.920282
-0.052203,0.029941,1.079252,0.964773,20.011505,10.325728,3.487594,2.667013,163.536144,6.517555,1.011559,0.032433,0.919693
-0.059836,0.029604,1.048511,0.953833,20.011552,9.875188,3.486185,2.664954,163.471631,6.410653,1.010956,0.031814,0.919094
-0.055494,0.029660,1.073468,0.976272,20.011383,10.271462,3.489056,2.674279,163.411613,6.339565,1.010646,0.031614,0.918911
-0.057380,0.030556,1.070977,0.960241,20.011245,9.670072,3.492425,2.655622,163.334382,6.201440,1.009989,0.030883,0.918226
-0.055473,0.031359,1.108721,0.973171,20.010822,10.289038,3.493965,2.655207,163.072396,6.473989,1.009679,0.032166,0.918036
-0.056590,0.030844,1.068132,0.981482,20.010973,10.023077,3.493639,2.655263,162.957359,6.325526,1.008996,0.031542,0.917448
-0.054269,0.031242,1.090267,0.917141,20.010953,10.844363,3.493806,2.679501,162.891729,6.583573,1.008832,0.032824,0.917254
-0.051369,0.030978,1.081737,0.932379,20.010673,10.943330,3.492626,2.657002,162.833576,6.531114,1.008431,0.032489,0.916962
-0.052700,0.031222,1.142026,0.915279,20.010897,10.073383,3.491330,2.667031,162.735043,6.344861,1.007648,0.031622,0.916141
-0.053308,0.031261,1.123219,1.005341,20.010757,10.091442,3.489930,2.657654,162.620331,6.272862,1.007119,0.031226,0.915738
-0.059284,0.031308,1.153481,0.901221,20.010795,10.131253,3.490085,2.652740,162.509787,6.463642,1.006564,0.032148,0.915241
-0.054606,0.031813,1.132813,1.037772,20.010528,10.430157,3.491653,2.643366,162.435123,6.380077,1.006157,0.031764,0.914888
-0.053394,0.031697,1.071443,0.975140,20.010512,10.521798,3.494926,2.673809,162.540351,6.310095,1.005895,0.031441,0.914590
-0.055886,0.031712,1.166835,0.940115,20.010590,9.897102,3.491761,2.651355,162.586445,6.190686,1.005316,0.030849,0.914034
-0.055207,0.031421,1.130597,0.920116,20.010833,9.771622,3.491806,2.660503,162.612169,6.115108,1.004868,0.030425,0.913656
-0.058658,0.032457,1.158173,0.977350,20.010408,10.142507,3.492996,2.657737,162.599439,6.350792,1.004584,0.031616,0.913384
-0.058114,0.032658,1.157203,0.864102,20.010792,9.600293,3.495086,2.654083,162.545705,6.220543,1.003926,0.030966,0.912777
-0.059637,0.031912,1.152978,0.969868,20.010695,9.591622,3.489367,2.645099,162.522091,6.133412,1.003471,0.030541,0.912419
-0.056289,0.031975,1.161869,0.860324,20.010607,9.683122,3.491957,2.683963,162.440691,6.056124,1.003034,0.030140,0.912010
-0.061243,0.033315,1.111721,0.927984,20.010647,9.733263,3.497655,2.651920,162.351562,6.261786,1.002549,0.031140,0.911560
-0.053575,0.032519,1.207189,0.830836,20.010495,10.598665,3.491242,2.650845,162.286012,6.252903,1.002397,0.031034,0.911478
-0.063581,0.033247,1.223133,0.857667,20.010793,9.094535,3.490767,2.661696,162.153204,5.943013,1.001326,0.029605,0.908731
-0.050706,0.032555,1.221149,0.845724,20.010603,10.235962,3.491754,2.659512,162.046672,6.295805,1.001263,0.031366,0.910402
-0.052521,0.032610,1.237165,0.824555,20.016290,10.177228,3.489046,2.644966,161.910334,6.218491,1.000689,0.030882,0.909948
-0.059937,0.033402,1.239968,0.806388,20.016368,9.208318,3.494253,2.662377,161.743996,6.000384,0.999753,0.029897,0.908997
-0.056337,0.033990,1.263932,0.791138,20.016088,10.141858,3.495875,2.635367,161.681840,6.309065,0.999504,0.031276,0.908896
-0.054613,0.034093,1.209757,0.826667,20.010568,10.137128,3.497871,2.650162,161.762645,6.199186,0.999067,0.030834,0.908502
-0.062614,0.034336,1.254343,0.863124,20.010602,9.258013,3.495405,2.662669,161.895272,6.045449,0.998420,0.030028,0.907762
-0.060745,0.033722,1.262368,0.867058,20.010738,9.806480,3.492373,2.662784,162.069393,6.035371,0.998308,0.029959,0.907704
-0.063747,0.033997,1.176414,0.849972,20.010793,8.869955,3.491109,2.654879,162.145057,5.894308,0.997619,0.029227,0.907029
-0.055164,0.033910,1.230555,0.858614,20.010992,9.555115,3.488426,2.655306,162.207694,5.884857,0.997512,0.029187,0.907001
-0.061552,0.033471,1.255824,0.806711,20.010625,9.313410,3.489453,2.641151,162.206012,5.786213,0.996964,0.028655,0.906525
-0.062626,0.034450,1.270445,0.805863,20.010780,9.073947,3.492827,2.657349,162.175697,5.650217,0.996455,0.028074,0.905987
-0.061942,0.034273,1.222958,0.837636,20.010505,9.204317,3.493517,2.662844,162.121539,5.585932,0.995994,0.027762,0.905657
-0.060801,0.035016,1.258715,0.794732,20.010632,8.994195,3.491049,2.660556,162.016258,5.746815,0.995389,0.028580,0.905040
-0.060155,0.034929,1.299952,0.838552,20.010540,9.384463,3.491567,2.677544,161.730266,5.658306,0.994844,0.028178,0.904657
-0.065908,0.035368,1.294653,0.801667,20.010763,8.712488,3.494497,2.653546,161.324392,5.722406,0.993823,0.028519,0.903599
-0.057103,0.036068,1.305666,0.766201,20.016020,9.437557,3.498395,2.653163,160.942120,5.972621,0.993248,0.029620,0.903236
-0.056397,0.036192,1.391502,0.762301,20.015965,9.699570,3.495943,2.636933,160.609851,5.826088,0.992580,0.029050,0.902634
-0.061017,0.036582,1.374552,0.744316,20.015830,9.481438,3.498462,2.634038,160.282012,5.944070,0.991715,0.029593,0.901776
-0.056910,0.036308,1.472409,0.712874,20.015793,10.245857,3.496282,2.630207,160.053224,6.164206,0.991237,0.030708,0.901444
-0.056992,0.036767,1.453818,0.687749,20.015663,10.079132,3.500969,2.649415,159.849441,6.343378,0.990542,0.031407,0.900703
-0.059092,0.036916,1.496966,0.700386,20.015700,9.673520,3.496294,2.656564,159.694893,6.166101,0.989746,0.030644,0.900007
-0.051865,0.037410,1.491706,0.719644,20.015433,9.962545,3.498633,2.632337,159.555589,6.076354,0.989269,0.030281,0.899610
-0.054082,0.037568,1.506010,0.708034,20.015455,9.941158,3.496682,2.643706,159.424690,6.256812,0.988617,0.031109,0.899027
-0.055155,0.038184,1.537328,0.670267,20.015407,10.308678,3.500206,2.652459,159.309695,6.166676,0.988122,0.030690,0.898605
-0.062517,0.038527,1.518082,0.659214,20.015437,9.724423,3.500992,2.645884,159.200086,6.283290,0.987267,0.031278,0.897801
-0.064016,0.038613,1.506597,0.721969,20.015675,8.916712,3.499083,2.648108,159.085364,6.087860,0.986329,0.030268,0.896869
-0.056571,0.039184,1.552275,0.675411,20.015793,9.880948,3.500900,2.646726,158.980568,6.089678,0.986119,0.030262,0.896817
-0.055971,0.038914,1.606415,0.708357,20.016317,10.001443,3.499027,2.629317,158.865310,6.252271,0.985574,0.031127,0.896278
-0.051892,0.039712,1.559893,0.640993,20.015603,10.360173,3.505781,2.656610,158.775201,6.173887,0.985088,0.030726,0.895898
-0.060870,0.039825,1.594993,0.626979,20.015290,9.390145,3.504460,2.646507,158.638944,5.978805,0.984151,0.029716,0.894927
-0.062848,0.040104,1.631183,0.619755,20.015727,9.403142,3.505002,2.654984,158.539069,6.145573,0.983488,0.030578,0.894388
-0.049858,0.040254,1.596154,0.646751,20.015593,10.363773,3.504654,2.626915,158.477222,6.122647,0.983227,0.030512,0.894281
-0.051123,0.040257,1.652190,0.621398,20.015855,10.234448,3.499622,2.643023,158.407219,6.281111,0.982593,0.031217,0.893588
-0.051693,0.040953,1.735588,0.577232,20.015657,10.268002,3.503063,2.641680,158.315141,6.116386,0.982038,0.030386,0.891413
-0.054805,0.040563,1.666169,0.599969,20.015820,9.902187,3.501010,2.636939,158.198252,6.021297,0.981219,0.029968,0.892405
-0.065669,0.041729,1.719070,0.597883,20.016090,9.345108,3.504180,2.655279,158.214299,6.161478,0.980485,0.030584,0.891625
-0.052110,0.041954,1.745988,0.584633,20.016123,10.191418,3.504684,2.648655,158.297672,6.145494,0.980292,0.030534,0.891557
-0.051080,0.041455,1.734257,0.597638,20.016007,10.395833,3.505501,2.633410,158.335467,6.066330,0.979858,0.030125,0.891180
-0.052845,0.041297,1.768272,0.576629,20.016313,10.106155,3.501802,2.627358,158.337476,5.916260,0.979289,0.029457,0.890560
-0.051673,0.042146,1.744250,0.586741,20.016277,10.099515,3.500579,2.646440,158.314086,5.816860,0.978750,0.028918,0.890036
-0.053259,0.042126,1.794684,0.569012,20.016353,9.745750,3.502828,2.635209,158.247296,5.973535,0.978008,0.029656,0.889368
-0.057626,0.042912,1.786793,0.559685,20.010843,9.616658,3.506687,2.630175,158.165858,5.843466,0.977325,0.029004,0.888786
-0.053186,0.043066,1.787234,0.559404,20.010598,9.596197,3.504346,2.632904,158.056826,5.727197,0.976714,0.028488,0.888259
-0.059841,0.044236,1.809279,0.552429,20.010532,9.491760,3.507169,2.648845,157.937178,5.893669,0.976003,0.029243,0.887614
-0.055468,0.043576,1.859865,0.576198,20.010702,9.147678,3.501769,2.651856,157.658864,5.721341,0.975166,0.028437,0.886837
-0.054539,0.044654,1.785498,0.560061,20.016335,9.734940,3.510096,2.642078,157.311012,5.921140,0.974533,0.029375,0.886326
-0.052308,0.045191,1.923255,0.539574,20.015890,10.516727,3.504140,2.628753,156.999544,6.116690,0.974005,0.030394,0.885878
-0.052140,0.045394,1.976495,0.509669,20.015888,10.126103,3.510369,2.633264,156.721784,5.922075,0.973077,0.029548,0.885040
-0.059089,0.045906,1.979019,0.505300,20.015967,9.223958,3.513971,2.620409,156.478865,5.956366,0.971973,0.029647,0.883776
-0.056189,0.046176,2.049659,0.547865,20.015447,10.060777,3.505095,2.612255,156.308294,6.221030,0.971505,0.030888,0.883544
-0.054715,0.047282,2.074181,0.486037,20.015807,9.692183,3.515071,2.640078,156.139943,6.026635,0.970681,0.030003,0.882713
-0.056367,0.047936,2.115178,0.472810,20.015612,9.976452,3.517321,2.619528,155.986766,6.229141,0.970041,0.030904,0.882173
-0.058345,0.047239,2.153200,0.480785,20.015697,9.556643,3.507975,2.626426,155.835488,6.053414,0.969151,0.030097,0.881401
-0.054135,0.048205,2.193356,0.459436,20.015848,10.382143,3.510641,2.630149,155.712883,6.280035,0.968768,0.031255,0.881107
-0.050210,0.048587,2.203251,0.458906,20.015528,10.692528,3.514375,2.646588,155.584744,6.190026,0.968202,0.030716,0.880586
-0.061201,0.049699,2.234043,0.447630,20.015770,9.412677,3.517221,2.638851,155.464697,6.227085,0.967021,0.030887,0.879385
-0.053804,0.049210,2.267864,0.447225,20.015485,10.178625,3.512492,2.621063,155.347718,6.159290,0.966606,0.030624,0.879124
-0.049565,0.050147,2.308535,0.438945,20.015900,9.869853,3.509374,2.613265,155.234416,6.005675,0.965863,0.029923,0.878427
-0.057702,0.050470,2.347861,0.432201,20.015790,9.893955,3.513109,2.632828,155.087379,6.174624,0.965143,0.030729,0.877832
-0.054606,0.050989,2.341808,0.432448,20.015772,9.855403,3.513052,2.625528,154.950425,6.039416,0.964431,0.030066,0.877192
-0.047234,0.051647,2.404883,0.417779,20.015620,10.501092,3.516296,2.632948,154.803383,6.251861,0.963918,0.031020,0.876725
-0.049651,0.052839,2.404020,0.422420,20.015660,10.206187,3.517231,2.631200,154.643547,6.070379,0.963127,0.030240,0.875943
-0.059786,0.052862,2.377594,0.420651,20.015955,9.447477,3.519486,2.613168,154.522441,6.154298,0.962141,0.030601,0.874942
-0.058390,0.053556,2.529841,0.405383,20.016072,9.860870,3.515015,2.626781,154.391933,6.070427,0.961608,0.030246,0.874571
-0.052484,0.054246,2.525766,0.403016,20.015752,10.057127,3.517586,2.622839,154.250751,6.261075,0.960981,0.031047,0.873978
-0.049483,0.055233,2.563257,0.406437,20.015593,10.395223,3.517212,2.638335,154.120853,6.149136,0.960420,0.030591,0.873511
-0.054682,0.055185,2.647093,0.381585,20.015597,10.064693,3.517652,2.634223,154.046081,6.286747,0.959600,0.031298,0.872794
-0.051246,0.055304,2.639123,0.381689,20.015978,10.191212,3.514767,2.644138,153.885604,6.184394,0.957845,0.030764,0.872313
-0.058575,0.055344,2.641817,0.388285,20.010527,9.303232,3.516729,2.634961,154.155687,6.000843,0.958230,0.029848,0.871484
-0.055192,0.056779,2.671585,0.376110,20.010535,9.623830,3.520206,2.638914,154.180324,5.928068,0.957811,0.029478,0.871126
-0.050107,0.056965,2.637839,0.379098,20.010608,10.099423,3.517555,2.616612,154.174425,5.846415,0.957426,0.029137,0.870781
-0.052514,0.057582,2.720736,0.373233,20.010670,10.176713,3.523733,2.628894,154.119307,6.030445,0.956836,0.029949,0.870182
-0.054501,0.057934,2.747604,0.367761,20.010968,9.506128,3.519220,2.621960,154.039495,5.857294,0.955957,0.029100,0.869416
-0.059401,0.058809,2.813929,0.360861,20.010753,9.225607,3.523274,2.626586,153.927589,5.712041,0.955160,0.028413,0.868739
-0.056947,0.058846,2.854831,0.355060,20.010677,9.662433,3.517931,2.625418,153.814827,5.918330,0.954671,0.029385,0.868301
-0.062400,0.059785,2.878661,0.347384,20.011080,9.114493,3.520940,2.627238,153.701577,5.732935,0.953821,0.028496,0.867442
-0.054953,0.061120,2.817015,0.372380,20.010660,9.955760,3.523921,2.615208,153.425917,5.949911,0.953271,0.029582,0.867068
-0.053764,0.062289,3.023005,0.333185,20.010643,9.755235,3.522156,2.621257,153.107393,6.066587,0.952354,0.030078,0.866143
-0.050276,0.063269,3.092184,0.331833,20.016010,10.392193,3.524107,2.606683,152.805725,5.961599,0.951719,0.029645,0.865669
-0.054973,0.064593,3.192540,0.319180,20.016327,9.589810,3.521821,2.627374,152.564094,6.010263,0.950590,0.029882,0.864558
-0.061993,0.065866,3.192754,0.313213,20.016087,9.549208,3.533581,2.625182,152.359172,6.165382,0.949762,0.030645,0.863878
-0.050553,0.066515,3.316689,0.301513,20.015853,10.414527,3.534241,2.625335,152.202107,6.086652,0.949385,0.030344,0.863555
-0.052181,0.067498,3.367435,0.296965,20.015715,10.621473,3.524609,2.613398,152.046083,6.274465,0.948740,0.031179,0.862972
-0.049964,0.068328,3.395694,0.294492,20.015687,10.349473,3.526754,2.602972,151.914946,6.095741,0.947943,0.030439,0.862272
-0.052213,0.070089,3.494070,0.296251,20.015528,10.528103,3.531485,2.618070,151.764479,6.267320,0.947229,0.031202,0.861612
-0.048993,0.070542,3.550920,0.284013,20.015767,10.986132,3.530502,2.616700,151.649701,6.172766,0.946694,0.030727,0.861159
-0.049880,0.072073,3.588942,0.284694,20.015970,10.270260,3.532296,2.620145,151.525724,6.275547,0.945730,0.031221,0.860237
-0.049875,0.072309,3.647746,0.274490,20.015632,10.575453,3.528370,2.619298,151.405358,6.163319,0.945163,0.030692,0.859740
-0.049878,0.073999,3.705477,0.269874,20.015597,10.546693,3.539338,2.616160,151.275954,6.039842,0.944439,0.030074,0.859134
-0.051565,0.074548,3.764809,0.265665,20.015870,10.394903,3.537126,2.610736,151.156048,6.179402,0.943702,0.030713,0.858390
-0.050696,0.076041,3.891076,0.261842,20.015460,10.163515,3.532835,2.615260,151.012245,6.033142,0.942835,0.029942,0.857624
-0.044050,0.077411,3.934669,0.261792,20.015670,11.311560,3.531557,2.604820,150.868045,6.255036,0.942441,0.031116,0.857365
-0.045829,0.078519,4.001279,0.249917,20.015423,11.068905,3.534177,2.612048,150.736164,6.085008,0.941612,0.030343,0.856626
-0.046143,0.080208,4.108531,0.000000,20.015542,11.052982,3.535649,2.607310,150.564006,6.223377,0.940913,0.030946,0.855824
-0.049756,0.081946,4.182943,0.000000,20.015532,10.032425,3.534014,2.599727,150.406184,6.000806,0.939783,0.029858,0.854790
-0.046222,0.082551,4.208959,0.000000,20.015658,10.712277,3.538089,2.618351,150.288656,6.226505,0.939333,0.030941,0.854415
-0.051070,0.084172,4.298177,0.000000,20.015588,10.172228,3.539018,2.593665,150.146065,6.060322,0.938360,0.030107,0.853663
-0.049917,0.085808,4.363827,0.000000,20.015692,9.598275,3.541692,2.601677,150.022761,5.848737,0.937488,0.029166,0.852737
-0.055986,0.087457,4.450588,0.000000,20.015570,9.792945,3.529524,2.615599,149.895051,6.025615,0.936840,0.029958,0.852135
-0.045409,0.088139,4.486150,0.000000,20.015555,11.076415,3.538844,2.600033,149.913834,6.035377,0.936735,0.030001,0.852148
-0.053879,0.088684,4.620594,0.000000,20.016047,9.484198,3.535686,2.613266,149.897258,5.765604,0.935526,0.028710,0.850938
-0.058631,0.090136,4.670150,0.000000,20.016007,9.733087,3.540368,2.605784,149.895673,5.983615,0.935025,0.029761,0.850580
-0.049311,0.091349,4.733808,0.000000,20.015715,10.343543,3.534966,2.593034,149.652153,5.932395,0.933402,0.029444,0.850282
-0.047597,0.092733,4.779496,0.000000,20.016205,10.166523,3.540654,2.613248,149.799105,5.785790,0.933936,0.028734,0.849612
-0.052267,0.093972,4.899763,0.000000,20.016245,9.696227,3.534823,2.609282,149.755419,5.606354,0.933066,0.027887,0.848786
-0.049442,0.095210,4.955376,0.000000,20.016212,10.219345,3.543774,2.602456,149.692618,5.824440,0.932598,0.028899,0.848402
-0.048287,0.096843,5.057547,0.000000,20.016280,10.073440,3.542369,2.608214,149.557732,5.657853,0.931805,0.028117,0.847659
-0.052570,0.099413,5.152245,0.000000,20.016210,10.196717,3.533226,2.597673,149.398643,5.824437,0.931095,0.028913,0.847037
-0.049527,0.101132,5.310516,0.000000,20.016020,10.031812,3.544297,2.594205,149.155185,5.641179,0.930207,0.028120,0.846283
-0.051600,0.105145,5.513269,0.000000,20.016073,9.880522,3.549725,2.602116,148.794961,5.754267,0.929218,0.028504,0.845274
-0.045718,0.108795,5.696807,0.000000,20.015648,10.187935,3.544996,2.606673,148.473821,5.617236,0.928420,0.027940,0.844682
-0.053149,0.111906,5.870301,0.000000,20.015630,9.442728,3.543932,2.592608,148.195717,5.655246,0.927254,0.028062,0.843463
-0.046410,0.114995,5.924202,0.000000,20.015275,10.180687,3.549501,2.603412,147.987545,5.567439,0.926765,0.027766,0.843112
-0.043765,0.118382,6.153762,0.000000,20.015127,11.193690,3.543307,2.589775,147.810994,5.797225,0.926280,0.028801,0.842746
-0.044064,0.121575,6.389110,0.000000,20.015472,10.290702,3.540893,2.604095,147.644056,5.559236,0.925261,0.027673,0.841678
-0.043931,0.123622,6.563738,0.000000,20.014913,10.953007,3.550414,2.606715,147.490620,5.780149,0.924625,0.028644,0.841223
-0.042892,0.127015,6.719036,0.000000,20.015237,10.218195,3.552221,2.604670,147.355872,5.563265,0.923657,0.027590,0.840254
-0.042256,0.130233,6.852862,0.000000,20.015162,10.697873,3.543790,2.576756,147.219771,5.464384,0.923011,0.027205,0.839832
-0.045886,0.132544,6.965037,0.000000,20.014780,10.258207,3.553622,2.582463,147.061456,5.567343,0.922028,0.027592,0.838871
-0.042462,0.007653,7.126312,0.000000,20.014912,10.532142,3.548050,2.596119,146.898236,5.447834,0.921328,0.026991,0.838301
-0.049188,0.140030,7.434583,0.000000,20.015125,9.268197,3.553300,2.587243,146.737269,5.143001,0.920084,0.025605,0.836966
-0.043722,0.142774,7.378654,0.000000,20.014833,10.610528,3.552754,2.600304,146.602372,5.469603,0.919708,0.027055,0.837010
-0.040154,0.147741,7.851219,0.000000,20.015073,10.316328,3.557091,2.591305,146.463873,5.242657,0.918850,0.026006,0.836016
-0.040221,0.151459,8.032605,0.000000,20.015047,10.115037,3.553173,2.593921,146.334227,5.082368,0.918068,0.025237,0.835243
-0.040091,0.163796,8.748991,0.000000,20.015007,10.349320,3.554789,2.576949,145.874754,4.933465,0.915693,0.024521,0.833208
-0.039878,0.167937,8.727717,0.000000,20.014875,10.634197,3.561213,2.602449,145.734244,5.100238,0.914998,0.025194,0.832534
-0.031689,0.182923,9.760101,0.000000,20.014873,10.919730,3.565744,2.595935,145.340200,4.687478,0.912746,0.023261,0.830598
