SCC,SCV,DVV,ICP,CCDT,CVCT,ACCV C,ACCV D,ECD,ECV,CCD,CCV,SoH
-0.042707,0.014109,0.312794,4.074922,20.007897,10.166708,3.444845,2.757441,182.398356,6.713953,1.093858,0.033469,0.994200
-0.040200,0.014096,0.256839,3.353414,20.008238,9.999983,3.446390,2.755375,182.653469,6.370542,1.095105,0.031837,0.995484
-0.040723,0.013852,0.293468,2.942999,20.008545,9.916772,3.444262,2.752464,182.821330,6.206539,1.095949,0.031032,0.996105
-0.045655,0.014420,0.286743,3.083146,20.008588,9.916717,3.446613,2.747642,182.920079,6.342353,1.096467,0.031545,0.996624
-0.040650,0.014115,0.231263,4.181852,20.008868,9.833320,3.444985,2.753981,182.978213,6.105977,1.096957,0.030489,0.996985
-0.043318,0.013226,0.272482,3.408158,20.008942,9.833410,3.442669,2.753030,183.041594,6.180691,1.097283,0.030716,0.997033
-0.045129,0.014004,0.243629,2.737713,20.009128,9.833570,3.445437,2.755094,183.086716,6.184822,1.097459,0.030730,0.996951
-0.043677,0.013651,0.266498,3.831987,20.009240,9.750110,3.443469,2.773043,183.077356,5.937130,1.097493,0.029613,0.997022
-0.043546,0.013777,0.249192,5.350774,20.009153,9.750087,3.443838,2.745120,183.088079,5.961238,1.097583,0.029709,0.997655
-0.042847,0.013316,0.282219,2.909024,19.994918,9.750153,3.441813,2.742579,182.944884,5.937247,1.097052,0.029617,0.997750
-0.043126,0.013121,0.249402,5.887857,20.009448,9.750150,3.443147,2.751690,183.078955,5.970998,1.097797,0.029699,0.997729
-0.043283,0.007404,0.299097,3.480202,20.012588,9.172888,3.414900,2.750904,182.144941,4.966716,1.094171,0.024667,1.002552
-0.039508,0.014363,0.288232,3.109156,20.016330,10.083497,3.446271,2.731035,182.474436,5.980448,1.095084,0.029749,0.992188
-0.038827,0.013971,0.295980,3.989644,20.011567,9.916808,3.444315,2.761855,182.696441,5.853493,1.096059,0.029185,0.994447
-0.041794,0.014230,0.238409,3.049364,20.013508,9.833477,3.445621,2.769749,182.654417,5.837484,1.096410,0.029112,0.995683
-0.044608,0.013801,0.274160,3.301708,20.015285,9.833288,3.445469,2.766912,182.756471,5.997082,1.096747,0.029760,0.996386
-0.041318,0.013647,0.278958,3.315968,20.007952,9.749955,3.442427,2.772150,182.776632,5.776366,1.097149,0.028791,0.996814
-0.043740,0.013504,0.301978,2.730456,20.002077,9.750168,3.443163,2.748498,182.803009,5.847607,1.097020,0.029103,0.997106
-0.046049,0.013062,0.254369,3.298567,20.008998,9.750025,3.441572,2.759851,182.796633,5.858572,1.094884,0.029127,0.997119
-0.044176,0.012925,0.272262,5.313448,20.009583,9.749892,3.441931,2.762889,182.831125,5.907828,1.097544,0.029341,0.997358
-0.045935,0.013104,0.258349,4.215996,20.009213,9.750002,3.442550,2.745179,182.851301,5.915798,1.096261,0.029371,0.997363
-0.045418,0.013905,0.290417,3.997326,20.009597,9.750178,3.444136,2.766045,182.881938,5.936513,1.097586,0.029481,0.997517
-0.045231,0.014343,0.303683,4.064720,20.009658,9.750045,3.445724,2.762461,182.864552,5.945308,1.097609,0.029545,0.997574
-0.041786,0.013166,0.264742,4.345610,20.009517,9.666833,3.441776,2.753740,182.850704,5.656481,1.097758,0.028230,0.997613
-0.040720,0.013090,0.292647,3.255981,20.009682,9.666747,3.441468,2.760330,182.865439,5.660267,1.097713,0.028219,0.997682
-0.041046,0.013764,0.295091,3.307346,20.009640,9.666688,3.443873,2.758025,182.845340,5.671140,1.097779,0.028256,0.997676
-0.044322,0.013343,0.199819,17.989399,20.009693,9.666805,3.443376,2.766753,182.844011,5.675912,1.097969,0.028249,0.997683
-0.040431,0.013504,0.249426,3.287206,20.009885,9.666695,3.445601,2.763685,182.823375,5.662158,1.097860,0.028270,0.997717
-0.042513,0.013883,0.271396,2.878575,20.009937,9.666760,3.444476,2.760487,182.795778,5.664281,1.097905,0.028261,0.997747
-0.041749,0.012898,0.294438,3.349820,20.009600,9.666735,3.442133,2.753413,182.776354,5.660882,1.097633,0.028162,0.997626
-0.043919,0.013818,0.248886,3.282438,20.009873,9.666632,3.443880,2.756217,182.744496,5.649946,1.097765,0.028138,0.997611
-0.043017,0.013452,0.279989,4.403341,20.010398,9.666910,3.442181,2.762283,182.743314,5.648128,1.097746,0.028146,0.997666
-0.038792,0.012790,0.250796,8.548929,20.009707,9.666713,3.439874,2.745941,182.704333,5.642741,1.097768,0.028124,0.997610
-0.042446,0.013458,0.196114,5.002155,20.009878,9.666682,3.443720,2.746677,182.709808,5.643939,1.097606,0.028116,0.997600
-0.042177,0.013243,0.287946,4.498756,20.009995,9.666635,3.443207,2.765111,182.731281,5.656373,1.097626,0.028163,0.997612
-0.041522,0.013674,0.273835,17.614977,20.009943,9.666803,3.443831,2.754975,182.666478,5.641231,1.097635,0.028111,0.997667
-0.044131,0.013224,0.313029,4.158061,20.010248,9.666645,3.442432,2.767134,182.652127,5.643425,1.097605,0.028123,0.997625
-0.042336,0.013166,0.291412,7.401960,20.010067,9.666767,3.441857,2.759506,182.636537,5.627644,1.097581,0.028045,0.997536
-0.041697,0.013820,0.249034,2.875019,20.010375,9.666538,3.445149,2.758744,182.591629,5.622399,1.097460,0.027982,0.997490
-0.042043,0.013492,0.274923,3.762883,20.010862,9.666873,3.443340,2.760240,182.573795,5.602419,1.097461,0.027951,0.997517
-0.041840,0.013146,0.275726,3.020814,20.009838,9.666698,3.443479,2.753980,182.550424,5.629226,1.097517,0.028005,0.997530
-0.042974,0.013294,0.277199,4.404751,20.009848,9.666712,3.443629,2.748488,182.541784,5.607148,1.097472,0.027950,0.997465
-0.040692,0.013459,0.241722,3.178852,20.010078,9.666873,3.443885,2.764092,182.549016,5.621961,1.097502,0.027963,0.997451
-0.041071,0.013181,0.243327,10.261035,20.010008,9.666840,3.443825,2.759461,182.548849,5.626917,1.097566,0.028020,0.997571
-0.041118,0.013308,0.269209,3.649976,20.010085,9.666803,3.443560,2.751553,182.536446,5.631788,1.097604,0.028008,0.997551
-0.040115,0.013033,0.251606,5.249795,20.010225,9.666780,3.441870,2.756538,182.523369,5.622838,1.097587,0.028001,0.997590
-0.040655,0.013400,0.291556,3.548459,20.010000,9.666763,3.442192,2.751377,182.494238,5.630496,1.097555,0.027976,0.997542
-0.043494,0.013409,0.258796,4.242973,20.009963,9.666825,3.442162,2.763781,182.460005,5.579751,1.097492,0.027802,0.997445
-0.043034,0.013035,0.262749,4.215438,20.010010,9.666697,3.441092,2.765840,182.453563,5.628952,1.097501,0.027978,0.997486
-0.040732,0.013201,0.263893,3.895959,20.009847,9.666650,3.443418,2.745775,182.461083,5.608693,1.097520,0.027914,0.997492
-0.040719,0.012505,0.274502,3.836309,20.009968,9.666842,3.439234,2.752019,182.440000,5.600364,1.097557,0.027865,0.997474
-0.039897,0.013009,0.270652,7.673557,20.010210,9.666613,3.441565,2.747451,182.408942,5.565209,1.097465,0.027712,0.997368
-0.042901,0.013536,0.265626,2.952816,19.998262,9.666703,3.443147,2.731721,182.313273,5.609742,1.096883,0.027902,0.997430
-0.040932,0.013370,0.270934,3.683502,20.009720,9.666620,3.444522,2.737467,182.456709,5.601213,1.097353,0.027865,0.997414
-0.042893,0.013689,0.305029,3.352759,20.009405,9.666777,3.444915,2.756533,182.371011,5.590838,1.097350,0.027812,0.997348
-0.046246,0.013135,0.288884,3.427312,20.009655,9.666653,3.443125,2.745459,182.358659,5.591264,1.097198,0.027790,0.997323
-0.041531,0.013357,0.259211,3.063503,20.009702,9.666832,3.444578,2.760538,182.323858,5.582099,1.097262,0.027775,0.997332
-0.041889,0.013634,0.243489,4.625942,20.009718,9.666642,3.445344,2.752191,182.264577,5.570853,1.097222,0.027689,0.997269
-0.039841,0.013523,0.271490,3.472160,20.009570,9.666835,3.445690,2.754609,182.250880,5.561685,1.097152,0.027669,0.997197
-0.043022,0.013617,0.284492,4.536130,20.010157,9.666827,3.443625,2.743494,182.234155,5.539769,1.097114,0.027598,0.997121
-0.041055,0.013257,0.301260,3.994012,20.010025,9.666727,3.443091,2.769382,182.237609,5.547197,1.097132,0.027593,0.997146
-0.042494,0.013651,0.314113,4.208317,20.010063,9.666752,3.443901,2.752489,182.190074,5.539978,1.097101,0.027546,0.997099
-0.040991,0.013378,0.286043,2.926704,20.010025,9.666710,3.443364,2.763370,182.168038,5.532926,1.097115,0.027520,0.997054
-0.042246,0.012783,0.285985,3.230477,20.009807,9.666683,3.441896,2.756901,182.178678,5.521321,1.097090,0.027397,0.996976
-0.040265,0.013139,0.305113,4.638480,20.010242,9.666742,3.441491,2.753264,182.124110,5.492123,1.097025,0.027307,0.996942
-0.045982,0.014381,0.264338,5.103306,20.009943,9.750077,3.449219,2.746069,182.144014,5.774873,1.096750,0.028470,0.996723
-0.041096,0.012737,0.268751,5.505982,20.010318,9.666643,3.442425,2.762339,182.286105,5.527975,1.096941,0.027206,0.996734
-0.039575,0.013141,0.290048,3.453159,20.010020,9.666682,3.441551,2.747478,182.422251,5.586198,1.097295,0.027473,0.997072
-0.043234,0.013126,0.262588,4.725347,20.010097,9.666693,3.443262,2.748385,182.484128,5.608804,1.097496,0.027812,0.997431
-0.042482,0.013875,0.281524,2.811387,20.009745,9.666735,3.445095,2.764365,182.477722,5.606789,1.097462,0.027813,0.997407
-0.043139,0.013120,0.280542,3.542033,20.009708,9.666545,3.439852,2.739493,182.207459,5.570936,1.097253,0.027594,0.997243
-0.040894,0.013371,0.293151,3.335894,20.009757,9.666727,3.444605,2.748273,182.032478,5.487249,1.096883,0.027365,0.996916
-0.041504,0.013621,0.264041,5.791711,20.010155,9.666875,3.444480,2.742226,182.000895,5.484175,1.096788,0.027279,0.996819
-0.041239,0.013242,0.275081,3.527356,20.009888,9.666752,3.444886,2.746049,181.974128,5.459108,1.096727,0.027231,0.996707
-0.040888,0.013775,0.257510,3.454230,20.009687,9.666845,3.444584,2.748286,181.960012,5.440496,1.096648,0.027124,0.996765
-0.041242,0.013547,0.256486,3.306094,20.009847,9.666820,3.445366,2.766225,181.935727,5.439175,1.096618,0.027125,0.996655
-0.041767,0.013301,0.274487,3.716311,20.009977,9.666688,3.444284,2.761440,181.916951,5.441174,1.096599,0.027049,0.996684
-0.039845,0.013632,0.265865,3.683502,20.009902,9.666652,3.446710,2.757793,181.911024,5.440522,1.096724,0.027113,0.996652
-0.041477,0.013367,0.227426,3.180954,20.010063,9.666783,3.445514,2.744103,181.893080,5.426913,1.096573,0.027032,0.996598
-0.041365,0.013620,0.266823,2.979883,20.009882,9.666727,3.446101,2.756746,181.874157,5.433022,1.096525,0.027064,0.996569
-0.042837,0.013616,0.291112,3.416502,20.009972,9.666887,3.445706,2.777784,181.844098,5.420662,1.096498,0.027022,0.996557
-0.039469,0.013254,0.280731,2.939650,20.009677,9.666687,3.443776,2.753725,181.810839,5.392608,1.096451,0.026910,0.996518
-0.039379,0.013476,0.294597,2.662354,20.009732,9.666818,3.444305,2.761092,181.788175,5.392112,1.096405,0.026873,0.996422
-0.041280,0.014203,0.268546,4.187558,20.009603,9.666803,3.448639,2.760223,181.781822,5.387367,1.096372,0.026872,0.996420
-0.045773,0.013512,0.264442,4.594547,20.010070,9.750067,3.444111,2.758281,181.739929,5.674263,1.096304,0.028143,0.996364
-0.043804,0.013679,0.319638,3.968617,20.009620,9.750140,3.443601,2.735890,181.737981,5.660409,1.096278,0.028066,0.996370
-0.045313,0.013584,0.269142,2.575172,20.010040,9.750102,3.445989,2.726952,181.707853,5.680139,1.096242,0.028130,0.996337
-0.045379,0.013345,0.278896,3.516338,20.009562,9.750187,3.444221,2.726631,181.696455,5.674924,1.096294,0.028174,0.996339
-0.046051,0.013272,0.294064,3.046913,20.009745,9.750005,3.442797,2.753921,181.682033,5.653591,1.096047,0.028021,0.996256
-0.042007,0.013185,0.237219,2.964295,20.009822,9.750042,3.443577,2.746708,181.651267,5.635676,1.096103,0.027918,0.996232
-0.044481,0.012868,0.208721,24.928642,20.010080,9.750112,3.442409,2.741199,181.615381,5.639458,1.096071,0.027975,0.996170
-0.043679,0.013169,0.315360,4.303496,20.010073,9.750113,3.442642,2.750290,181.625637,5.633110,1.096144,0.027905,0.996146
-0.045943,0.013173,0.292989,4.144715,20.009983,9.749977,3.444325,2.744089,181.605513,5.632960,1.096152,0.027906,0.996113
-0.039819,0.013065,0.283274,2.952840,20.009832,9.750102,3.442610,2.753044,181.582184,5.607790,1.095885,0.027805,0.996010
-0.039319,0.013106,0.305177,4.250070,20.009907,9.750042,3.443285,2.732004,181.556647,5.589531,1.095932,0.027767,0.996024
-0.040581,0.013157,0.285872,3.469774,20.010132,9.750037,3.443443,2.751137,181.518966,5.585317,1.095829,0.027694,0.995916
-0.041167,0.013671,0.222982,5.839970,20.009988,9.750095,3.446119,2.745689,181.501826,5.588552,1.095892,0.027721,0.995959
-0.042041,0.013200,0.289029,7.273324,19.992798,9.749937,3.443505,2.721783,181.314196,5.558676,1.094789,0.027638,0.995860
-0.040777,0.013556,0.246429,3.647669,20.010170,9.750083,3.445592,2.745986,181.478800,5.537219,1.095762,0.027531,0.995818
-0.044160,0.013490,0.289225,2.546566,20.010413,9.750138,3.444323,2.755087,181.459477,5.549255,1.095758,0.027553,0.995778
-0.040282,0.013058,0.232754,4.714127,20.010027,9.749922,3.445149,2.753265,181.425733,5.544758,1.095613,0.027566,0.995795
-0.041460,0.013048,0.292098,2.380312,20.010057,9.750048,3.444131,2.746403,181.416413,5.523850,1.095536,0.027508,0.995178
-0.039703,0.013053,0.289998,2.925732,20.009808,9.750065,3.442985,2.748414,181.375199,5.519227,1.095402,0.027434,0.995635
-0.042672,0.013438,0.314789,4.414953,20.010098,9.749960,3.444922,2.730857,181.351178,5.492255,1.095330,0.027299,0.995568
-0.039982,0.013735,0.292484,6.143715,20.010180,9.750058,3.447567,2.738924,181.321294,5.489493,1.095347,0.027282,0.995544
-0.039176,0.013062,0.294398,3.047770,20.010063,9.750082,3.443336,2.754615,181.309207,5.476744,1.095268,0.027290,0.995502
-0.043842,0.013228,0.276822,3.425130,20.010445,9.749965,3.444561,2.752975,181.303681,5.490892,1.095226,0.027300,0.995519
-0.041051,0.013230,0.312435,3.070302,20.010113,9.750152,3.444246,2.755365,181.269390,5.464161,1.095256,0.027180,0.995408
-0.040384,0.013825,0.298125,2.897888,20.010013,9.750098,3.448724,2.744377,181.262875,5.441009,1.095533,0.027100,0.995421
-0.040329,0.013226,0.298783,2.654450,20.003772,9.750152,3.443577,2.731003,181.207319,5.434657,1.095298,0.027099,0.995371
-0.041490,0.013814,0.323644,3.649952,20.010048,9.750033,3.445533,2.738225,181.228783,5.457897,1.095249,0.027120,0.995438
-0.038335,0.013724,0.263851,14.991988,20.010428,9.749990,3.446790,2.744861,181.222191,5.460840,1.095155,0.027090,0.995333
-0.040071,0.013361,0.294228,3.836393,20.010052,9.749993,3.444228,2.740580,181.186168,5.434050,1.095120,0.027038,0.995287
-0.041324,0.013763,0.282166,3.722895,20.010240,9.749998,3.447901,2.735850,181.154694,5.430522,1.095032,0.027008,0.995233
-0.040355,0.013808,0.244460,3.572937,20.010408,9.749958,3.446593,2.746623,181.124514,5.426431,1.095052,0.026997,0.995237
-0.038687,0.013325,0.284282,4.117935,20.010108,9.750067,3.446007,2.717597,181.117400,5.428531,1.095042,0.027000,0.995230
-0.040468,0.013557,0.322343,3.713082,20.010130,9.750147,3.446517,2.738211,181.100205,5.433069,1.094889,0.027060,0.995298
-0.039812,0.013443,0.267864,3.146184,19.927078,9.749965,3.442928,2.737509,180.027458,5.387722,1.094894,0.026840,0.995068
-0.039357,0.013520,0.307585,2.981501,20.010228,9.750152,3.446474,2.740180,181.073421,5.368926,1.094920,0.026764,0.995047
-0.039530,0.013563,0.304875,3.328472,20.010425,9.750078,3.446881,2.739527,181.040808,5.375880,1.094843,0.026768,0.995016
-0.038833,0.013738,0.280927,4.068276,20.010270,9.750082,3.447176,2.744163,181.050264,5.380018,1.094814,0.026826,0.995033
-0.041343,0.013432,0.282197,4.161003,20.010568,9.750063,3.444687,2.754804,180.995252,5.372631,1.094747,0.026742,0.994937
-0.039698,0.013829,0.287661,3.097723,20.010437,9.750140,3.446398,2.729152,180.983445,5.369109,1.094715,0.026714,0.994929
-0.041301,0.013488,0.316940,3.161451,20.010158,9.833317,3.446387,2.743166,180.937746,5.637040,1.094600,0.027944,0.994810
-0.045249,0.014128,0.303889,2.883257,20.005728,9.833458,3.447170,2.728529,180.858808,5.626650,1.094375,0.027871,0.994716
-0.040417,0.013134,0.311211,3.749840,20.010445,9.833355,3.443683,2.727658,180.863663,5.589884,1.094340,0.027743,0.994637
-0.041796,0.014087,0.271747,3.528403,20.010273,9.833527,3.447035,2.749154,180.897077,5.633611,1.094449,0.027887,0.994722
-0.044028,0.013655,0.307579,3.275638,20.010193,9.833312,3.444948,2.737116,180.894710,5.629957,1.094366,0.027893,0.994729
-0.041726,0.013851,0.307224,3.044018,20.010465,9.833462,3.447009,2.742512,180.889590,5.623097,1.094420,0.027874,0.994730
-0.041935,0.013721,0.300627,2.741110,20.010410,9.833380,3.446371,2.755921,180.855951,5.573584,1.094416,0.027615,0.994635
-0.042920,0.013581,0.318564,2.806394,20.010193,9.833353,3.445200,2.744496,180.831985,5.593552,1.094356,0.027682,0.994630
-0.042568,0.013910,0.335242,2.996603,20.010467,9.833552,3.447378,2.751093,180.802861,5.577819,1.094298,0.027637,0.994530
-0.039491,0.013324,0.340645,3.595905,20.010367,9.916753,3.445222,2.746657,180.802995,5.582474,1.094334,0.027703,0.993224
-0.042592,0.013917,0.308146,3.496673,20.010615,9.833408,3.446997,2.729286,180.798570,5.546834,1.094169,0.027562,0.994437
-0.042991,0.013674,0.337449,2.939362,20.010363,9.833465,3.446783,2.743165,180.772389,5.542085,1.094158,0.027522,0.994389
-0.040796,0.014217,0.274574,3.310941,20.010682,9.833422,3.448651,2.749349,180.761749,5.520445,1.093901,0.027424,0.994363
-0.042401,0.013676,0.265395,3.466282,20.010200,9.833425,3.444682,2.742409,180.770657,5.531704,1.094094,0.027505,0.994372
-0.043089,0.013983,0.329376,4.112081,20.010380,9.833432,3.448981,2.730903,180.779083,5.509657,1.094012,0.027392,0.994256
-0.038744,0.013803,0.295227,4.214056,20.010505,9.833515,3.446825,2.740172,180.744242,5.520470,1.093939,0.027405,0.994282
-0.039637,0.013439,0.316542,4.737772,20.010355,9.833505,3.444104,2.755323,180.735833,5.496867,1.093917,0.027335,0.994200
-0.042335,0.013598,0.297176,4.579808,20.010492,9.833582,3.446558,2.738691,180.667701,5.493357,1.093829,0.027276,0.994150
-0.040460,0.013727,0.319270,2.669125,20.010525,9.833493,3.446303,2.733554,180.633620,5.421492,1.093794,0.027000,0.993999
-0.042799,0.013814,0.298044,3.662317,20.010528,9.833485,3.446616,2.746662,180.603521,5.448345,1.093619,0.027118,0.993940
-0.039603,0.013945,0.334513,3.189678,20.010460,9.833380,3.446998,2.730921,180.584180,5.431381,1.093646,0.027021,0.993904
-0.040039,0.014081,0.326182,2.723042,20.010827,9.833408,3.448726,2.744447,180.563519,5.419648,1.093322,0.026991,0.993834
-0.038734,0.013582,0.307440,2.990291,20.010715,9.833488,3.446840,2.737268,180.528110,5.422096,1.093468,0.026992,0.993872
-0.039897,0.013693,0.315352,2.788245,20.010695,9.833488,3.447439,2.746819,180.525108,5.413745,1.093481,0.026970,0.993816
-0.038340,0.013600,0.323488,3.220845,20.010812,9.833300,3.446556,2.741379,180.504339,5.412875,1.093477,0.026934,0.993806
-0.038109,0.013920,0.327213,2.619959,20.010550,9.833298,3.448726,2.732973,180.479075,5.382461,1.093411,0.026829,0.993730
-0.039397,0.014211,0.302824,3.420044,20.010862,9.833310,3.449290,2.746507,180.449518,5.374074,1.093330,0.026788,0.993665
-0.038089,0.014173,0.310314,3.253054,20.010793,9.833303,3.446512,2.729821,180.405522,5.378188,1.093228,0.026802,0.993642
-0.045544,0.014062,0.278809,3.004698,20.011023,9.916328,3.448745,2.750794,180.365648,5.650010,1.093172,0.028060,0.993571
-0.041999,0.013794,0.333545,3.053080,20.011040,9.916718,3.446384,2.727932,180.334267,5.665304,1.093104,0.028073,0.993578
-0.041590,0.013722,0.356191,3.912168,20.011008,9.916720,3.446278,2.726137,180.342413,5.654475,1.093118,0.028052,0.993510
-0.039823,0.013766,0.364274,2.711867,20.010753,9.833412,3.446333,2.733284,180.295374,5.391342,1.093022,0.026848,0.993662
-0.042228,0.014095,0.321403,3.311438,20.010883,9.916733,3.448134,2.745430,180.310181,5.617877,1.093032,0.027850,0.993410
-0.042139,0.013951,0.344365,3.034173,20.002502,9.916585,3.448431,2.724149,180.242685,5.618874,1.092662,0.027858,0.993406
-0.041029,0.013963,0.324182,3.162276,20.010602,9.916670,3.447771,2.723147,180.297956,5.620835,1.093049,0.027895,0.993394
-0.040950,0.013788,0.316288,2.640524,20.010570,9.916797,3.447568,2.731870,180.292567,5.611227,1.092793,0.027859,0.993276
-0.042696,0.013751,0.262757,7.965136,20.010968,9.916650,3.447644,2.735058,180.246294,5.608558,1.092789,0.027678,0.993251
-0.042500,0.013343,0.323007,2.812498,20.010902,9.916608,3.444304,2.733638,180.270377,5.653720,1.092774,0.027643,0.993136
-0.042399,0.013800,0.334057,3.369097,20.011320,9.916667,3.447281,2.741421,180.178328,5.591318,1.092746,0.027654,0.993091
-0.044013,0.013586,0.325164,3.072185,20.011052,9.916757,3.445492,2.740836,180.179403,5.578498,1.092719,0.027635,0.993138
-0.039509,0.014054,0.340654,2.956748,20.010903,9.916715,3.446114,2.730139,180.155576,5.538829,1.092622,0.027483,0.993026
-0.040329,0.013760,0.346313,3.263763,20.011233,9.916707,3.448223,2.713166,180.120034,5.548683,1.092507,0.027532,0.992998
-0.040474,0.013865,0.343082,3.500250,20.010815,9.916597,3.448498,2.725850,180.108509,5.510317,1.092511,0.027398,0.992927
-0.040067,0.014417,0.363441,2.912864,20.011050,9.916782,3.448343,2.732359,180.087382,5.509425,1.092434,0.027386,0.992904
-0.038838,0.014085,0.336255,2.755686,20.011090,9.916632,3.449600,2.739114,180.110579,5.513093,1.092348,0.027396,0.992828
-0.039962,0.013663,0.338328,2.640930,20.011132,9.916770,3.446138,2.742386,180.111347,5.491513,1.092368,0.027307,0.992802
-0.039836,0.014278,0.346954,2.849962,20.011222,9.916702,3.448683,2.752023,180.080864,5.480386,1.092323,0.027295,0.991918
-0.039066,0.014440,0.299714,3.531799,20.011315,9.916830,3.450604,2.729361,180.074578,5.476200,1.092292,0.027213,0.992761
-0.042017,0.014222,0.318926,2.687350,20.010745,9.916773,3.448723,2.722275,180.075665,5.450294,1.092225,0.027140,0.992665
-0.038210,0.014148,0.332923,3.416326,20.010895,9.916798,3.449538,2.738442,180.042027,5.451006,1.092158,0.027158,0.992597
-0.039732,0.014574,0.300400,3.426180,20.010982,9.916828,3.450690,2.737479,180.000005,5.440973,1.092077,0.027115,0.992497
-0.040375,0.014104,0.334565,2.806714,20.010755,9.916840,3.448547,2.734551,179.965371,5.430935,1.092031,0.027039,0.992522
-0.039467,0.014335,0.286396,3.072727,20.011233,9.916573,3.447948,2.738759,179.952062,5.408670,1.092032,0.026965,0.992420
-0.039281,0.014339,0.305128,2.625103,20.011157,9.916693,3.450071,2.737078,179.891119,5.398029,1.091863,0.026898,0.992326
-0.038010,0.014502,0.301090,3.110608,20.011090,9.916838,3.451121,2.733700,179.862649,5.400293,1.091877,0.026883,0.992347
-0.037444,0.014671,0.297662,3.380781,20.011372,9.916597,3.451535,2.746725,179.847862,5.389908,1.091863,0.026851,0.992310
-0.037999,0.014027,0.302143,2.411450,19.964092,9.916838,3.448528,2.753340,179.866000,5.389551,1.091812,0.026842,0.992287
-0.040794,0.014507,0.336970,3.443797,20.010712,9.916715,3.449614,2.742581,179.921259,5.384225,1.091770,0.026782,0.992367
-0.040748,0.013842,0.318004,2.675648,20.011052,9.916607,3.447838,2.734095,180.081823,5.426854,1.092067,0.026964,0.992578
-0.043940,0.014718,0.325946,3.035200,20.011410,9.916780,3.451155,2.725550,180.111454,5.440865,1.092295,0.026999,0.992519
-0.039501,0.013698,0.292398,2.683725,20.011612,9.916713,3.447441,2.732740,180.032740,5.435509,1.092057,0.026978,0.992476
-0.042653,0.013902,0.325828,2.799265,19.991308,9.916637,3.448779,2.741941,179.896547,5.400144,1.091819,0.026851,0.992327
-0.039261,0.014783,0.325775,3.619976,19.985397,9.916822,3.451819,2.734356,179.742922,5.373315,1.091540,0.026796,0.992243
-0.043444,0.014160,0.244935,2.964492,19.999138,9.999965,3.449979,2.742211,179.746377,5.642436,1.091537,0.027926,0.991993
-0.044487,0.014542,0.315193,3.172992,19.984067,9.999910,3.451061,2.735652,179.700116,5.647635,1.091408,0.027958,0.992138
-0.041150,0.013752,0.345781,2.250879,19.969560,10.000103,3.446510,2.728075,179.845802,5.637134,1.091493,0.027968,0.991999
-0.042158,0.014071,0.297561,3.653727,19.955905,9.916610,3.448823,2.750920,179.968321,5.326939,1.091674,0.026555,0.992204
-0.043016,0.013804,0.333042,3.408958,20.011450,9.916618,3.447121,2.735390,180.045370,5.383418,1.091689,0.026761,0.992244
-0.041507,0.013768,0.337356,2.932037,20.011198,9.916772,3.447284,2.752513,180.056646,5.375351,1.091794,0.026708,0.992241
-0.041784,0.013766,0.333108,2.872125,20.011037,9.916617,3.446049,2.746280,180.041569,5.365677,1.091563,0.026642,0.992242
-0.040047,0.014566,0.304191,2.910212,20.011225,9.916613,3.449961,2.746532,179.996357,5.345494,1.091550,0.026608,0.992214
-0.041073,0.014302,0.322626,2.913734,20.006437,9.916653,3.452374,2.731540,179.906008,5.331418,1.091703,0.026533,0.992026
-0.039800,0.014484,0.351974,2.089267,19.961135,10.000038,3.448645,2.729147,179.792212,5.594105,1.091458,0.027679,0.991896
-0.042021,0.013667,0.344265,2.873568,19.935250,10.000223,3.447312,2.746383,179.579037,5.552976,1.091084,0.027583,0.991640
-0.041055,0.014366,0.325884,2.822005,19.946475,10.000175,3.449539,2.731862,179.578147,5.535818,1.090980,0.027523,0.991561
-0.039123,0.014379,0.331775,5.119633,19.969252,10.000133,3.449321,2.731543,179.562255,5.502941,1.090947,0.027378,0.991511
-0.036778,0.014018,0.325395,3.096269,19.949840,10.000158,3.449083,2.741815,179.530906,5.506399,1.090811,0.027383,0.991448
-0.036987,0.014487,0.339901,2.564413,19.955895,10.083333,3.450717,2.747211,179.516249,5.453952,1.090903,0.027163,0.989564
-0.039777,0.014748,0.364011,4.121866,19.936830,10.000157,3.451942,2.718453,179.485206,5.473843,1.090674,0.027223,0.991303
-0.039822,0.014400,0.350383,2.764563,19.993115,9.999935,3.452369,2.737540,179.458103,5.449877,1.090669,0.027149,0.991220
-0.038683,0.014111,0.336111,3.281250,19.923107,10.000180,3.447341,2.749729,179.423563,5.451125,1.090576,0.027132,0.991165
-0.041041,0.015099,0.354369,3.441494,19.973762,10.000108,3.452505,2.723315,179.394897,5.431573,1.090376,0.027047,0.991101
-0.039606,0.014635,0.335342,3.148153,19.890607,10.000168,3.452139,2.748210,179.360402,5.433268,1.090424,0.027062,0.990237
-0.041671,0.014791,0.310512,2.752216,19.953515,9.999922,3.450702,2.737400,179.355421,5.411844,1.090492,0.026953,0.990984
-0.038636,0.014755,0.347944,2.849672,19.912017,10.000160,3.451974,2.730480,179.373678,5.422008,1.090349,0.026781,0.990780
-0.038664,0.014703,0.251000,3.046296,19.955848,9.999990,3.451248,2.736083,179.438516,5.422444,1.090467,0.026976,0.991057
-0.041043,0.013965,0.266889,13.485903,19.973753,10.000035,3.448881,2.740778,179.561639,5.449966,1.090601,0.027062,0.991180
-0.042957,0.014166,0.372687,2.368499,19.969490,10.000087,3.448628,2.739117,179.649193,5.465316,1.090742,0.027134,0.991258
-0.040331,0.014055,0.289671,3.060450,19.964238,10.000200,3.448830,2.739790,179.613942,5.457511,1.090639,0.027121,0.991231
-0.038194,0.014602,0.237546,37.250000,19.922070,10.000015,3.451380,2.743688,179.465279,5.438636,1.090549,0.027021,0.991121
-0.039603,0.014402,0.355125,2.866924,19.933885,9.999973,3.448794,2.724774,179.306386,5.391923,1.090314,0.026831,0.990950
-0.043818,0.014756,0.337348,2.963963,19.907955,10.083387,3.451726,2.743588,179.221342,5.657447,1.090047,0.028051,0.990759
-0.042626,0.014082,0.322084,3.436926,19.904155,10.083523,3.449299,2.720297,179.196013,5.615354,1.089950,0.027842,0.990640
-0.042914,0.014425,0.371872,2.608032,19.921808,10.083400,3.450533,2.737377,179.392760,5.663541,1.090171,0.028091,0.990760
-0.041939,0.014203,0.297762,3.213322,19.994010,10.000025,3.449168,2.708513,179.462866,5.397455,1.089721,0.026799,0.990913
-0.039353,0.014839,0.353277,3.219742,19.967882,9.999998,3.450813,2.735529,179.730176,5.433690,1.090580,0.026918,0.991079
-0.044223,0.013736,0.354008,2.387183,19.998063,10.000068,3.447459,2.721280,179.769342,5.456025,1.090566,0.026954,0.991167
-0.040696,0.014322,0.350850,2.594561,19.957610,9.999958,3.449393,2.739276,179.803914,5.459402,1.090638,0.027023,0.991177
-0.040527,0.014573,0.317126,2.664483,19.972077,10.000197,3.449271,2.739394,179.774787,5.459236,1.090534,0.027005,0.991138
-0.041346,0.014236,0.367626,3.606212,19.981413,9.999998,3.450065,2.739293,179.720316,5.451217,1.090543,0.026928,0.991053
-0.042336,0.014276,0.323297,3.375872,19.923793,10.000172,3.449493,2.725884,179.589043,5.395146,1.090354,0.026766,0.990915
-0.040939,0.014790,0.359767,2.730432,19.945527,10.000153,3.452406,2.725865,179.293375,5.338245,1.090024,0.026501,0.990621
-0.040992,0.014546,0.364316,2.416189,19.853910,10.083512,3.450095,2.734334,179.064544,5.544780,1.089625,0.027546,0.990310
-0.040011,0.014832,0.368530,2.750935,19.871125,10.083413,3.451482,2.731896,179.073652,5.528623,1.089497,0.027529,0.990173
-0.041129,0.014722,0.285716,2.597239,19.978330,10.083317,3.451463,2.731477,179.027750,5.519095,1.089447,0.027432,0.990095
-0.041298,0.014525,0.357398,3.315914,19.829712,10.083467,3.450390,2.743900,178.984595,5.494791,1.089361,0.027359,0.990075
-0.040248,0.015247,0.327169,3.047926,19.887720,10.083373,3.452854,2.742864,178.951454,5.497383,1.089315,0.027347,0.990002
-0.039772,0.014847,0.349308,3.785860,19.936718,10.083492,3.452229,2.735361,178.916046,5.470927,1.089175,0.027225,0.989914
-0.039968,0.014763,0.325406,3.254532,19.888292,10.083410,3.452880,2.739099,178.895728,5.467099,1.089167,0.027212,0.989907
-0.040824,0.014712,0.330254,2.639337,19.849435,10.083332,3.452196,2.742545,178.858583,5.451348,1.088986,0.027154,0.989827
-0.037403,0.014716,0.349543,2.463704,19.867467,10.083507,3.450532,2.737639,178.841672,5.431189,1.088987,0.027097,0.989715
-0.039271,0.015147,0.359862,2.570635,19.861833,10.083357,3.454308,2.744501,178.878745,5.435000,1.089020,0.027103,0.989704
-0.041420,0.014779,0.336276,3.913430,19.888965,10.083513,3.451867,2.738740,178.927866,5.423867,1.088949,0.027001,0.989716
-0.040101,0.014106,0.357770,2.726699,19.897183,10.083457,3.449772,2.723797,178.978263,5.417917,1.088831,0.026982,0.989754
-0.038601,0.014857,0.362833,2.871026,19.923737,10.083540,3.450939,2.727009,179.075614,5.410073,1.089153,0.026893,0.989854
-0.040445,0.014344,0.371598,2.952429,20.002095,10.083550,3.449231,2.745908,179.216549,5.484223,1.089290,0.027228,0.989941
-0.038884,0.014354,0.374908,2.555709,19.907228,10.083522,3.450633,2.742142,179.179560,5.498632,1.089263,0.027241,0.989958
-0.040724,0.014860,0.339213,3.859945,19.913463,10.083488,3.452772,2.729691,178.990529,5.424804,1.089041,0.026974,0.989815
-0.041031,0.014847,0.313697,2.552396,19.895103,10.083467,3.454094,2.730961,178.801904,5.397501,1.088798,0.026932,0.989542
-0.041372,0.014709,0.366838,3.738322,19.889515,10.166682,3.452854,2.737874,178.710302,5.660656,1.088609,0.028077,0.989351
-0.044064,0.014400,0.328846,2.681355,19.867660,10.166817,3.451762,2.737243,178.690329,5.642340,1.088491,0.028004,0.989300
-0.041439,0.014207,0.317515,2.651580,19.847500,10.166670,3.449032,2.745737,178.740088,5.640457,1.088463,0.027961,0.989316
-0.039820,0.014391,0.373595,4.369487,19.820282,10.166668,3.449775,2.714705,177.907240,5.662034,1.088617,0.028040,0.989336
-0.036957,0.014925,0.348825,3.353133,19.871472,10.083418,3.452516,2.735863,178.990904,5.392596,1.088759,0.026793,0.989456
-0.040413,0.014860,0.316533,3.151197,19.949518,10.083427,3.452786,2.727601,179.065988,5.392650,1.088730,0.026794,0.989568
-0.041180,0.015041,0.342542,3.356593,19.926558,10.083428,3.452436,2.722721,179.071546,5.389755,1.088818,0.026795,0.989547
-0.038836,0.014892,0.340588,2.605907,19.952022,10.083407,3.452427,2.719015,179.043214,5.364487,1.088778,0.026689,0.989495
-0.038036,0.014662,0.292887,2.928628,19.925547,10.083355,3.451259,2.730051,178.983341,5.367023,1.088659,0.026688,0.989427
-0.036827,0.014323,0.249055,3.088267,19.875447,10.083413,3.451110,2.739600,178.907211,5.342757,1.088498,0.026613,0.989321
-0.041123,0.014749,0.351431,3.105232,19.910220,10.166773,3.451989,2.733470,178.707922,5.617674,1.088382,0.027822,0.989200
-0.039051,0.014499,0.328121,2.395163,19.879300,10.166848,3.451351,2.726173,178.534341,5.545708,1.088074,0.027621,0.988908
-0.042500,0.014708,0.364061,2.980480,19.856340,10.166683,3.452654,2.722675,178.527415,5.507939,1.087917,0.027429,0.988685
-0.040809,0.014744,0.351912,2.988786,19.867608,10.166870,3.452651,2.724355,178.506661,5.532471,1.087909,0.027499,0.988758
-0.038855,0.014764,0.361453,2.781339,19.875465,10.166748,3.453612,2.727955,178.471167,5.482412,1.087831,0.027322,0.988560
-0.043133,0.014877,0.335853,3.770522,19.849037,10.166765,3.452613,2.747359,178.437571,5.489223,1.087805,0.027301,0.988582
-0.040118,0.015284,0.301237,3.009829,19.825153,10.166655,3.455393,2.741916,178.416620,5.470923,1.087705,0.027258,0.988503
-0.040245,0.015281,0.311333,2.956105,19.839085,10.166813,3.454972,2.735754,178.369683,5.466817,1.087660,0.027217,0.988503
-0.040033,0.014864,0.353662,2.971713,19.880295,10.166673,3.452275,2.731531,178.355001,5.464324,1.087589,0.027199,0.988582
-0.037282,0.015182,0.285874,7.276145,19.886982,10.166728,3.455273,2.724578,178.336187,5.442572,1.087523,0.027115,0.988306
-0.042932,0.014967,0.353042,8.362427,19.886490,10.250177,3.453080,2.728495,178.347036,5.747378,1.087370,0.028542,0.988429
-0.039828,0.014997,0.360548,2.952933,19.857128,10.250137,3.452705,2.727238,178.389915,5.725269,1.087437,0.028440,0.988307
-0.041319,0.014933,0.362626,2.650451,19.868740,10.249965,3.453716,2.730713,178.401551,5.727974,1.087437,0.028374,0.988225
-0.037571,0.014458,0.367207,2.583234,19.881795,10.166803,3.450829,2.744212,178.482929,5.430049,1.087481,0.027055,0.988339
-0.037638,0.014447,0.328772,3.949487,19.863688,10.166795,3.451241,2.727284,178.599754,5.459707,1.087565,0.027133,0.988407
-0.041917,0.014700,0.325646,2.344757,19.878032,10.166753,3.452806,2.732788,178.621496,5.451193,1.087656,0.027121,0.988448
-0.039767,0.014949,0.368127,2.298257,19.914782,10.166663,3.452600,2.732614,178.489389,5.422064,1.087356,0.026995,0.988276
-0.041112,0.015262,0.318254,3.265151,19.814913,10.250133,3.454055,2.745945,178.304251,5.677403,1.087245,0.028116,0.988067
-0.041085,0.015250,0.339676,2.642700,19.835167,10.250170,3.455684,2.717701,178.182359,5.617042,1.086956,0.027889,0.987802
-0.040164,0.014750,0.380249,2.277667,19.855658,10.250143,3.452001,2.718882,178.172145,5.635551,1.086828,0.028008,0.987833
-0.042930,0.015555,0.389074,3.140691,19.803080,10.249955,3.458025,2.736589,178.175295,5.619422,1.086902,0.027881,0.987772
-0.041517,0.015797,0.361485,2.899754,19.826472,10.250097,3.458755,2.737971,178.307098,5.623785,1.086882,0.027920,0.987822
-0.042316,0.014730,0.363551,2.667641,19.826583,10.250063,3.452335,2.744992,178.438050,5.660464,1.087018,0.028033,0.987898
-0.041674,0.015431,0.350430,3.098077,19.913595,10.166665,3.454599,2.736103,178.514788,5.362448,1.087095,0.026690,0.987955
-0.038743,0.014881,0.367472,2.928231,19.903260,10.166713,3.453330,2.735121,178.541603,5.353927,1.087074,0.026618,0.987987
-0.039672,0.014818,0.315874,3.271468,19.894543,10.166873,3.450584,2.738011,178.531105,5.347590,1.087043,0.026754,0.987934
-0.043134,0.015309,0.357770,3.606553,19.898848,10.249970,3.453801,2.704090,178.499467,5.599945,1.087022,0.027785,0.987689
-0.041657,0.014782,0.349291,3.320558,19.889873,10.250073,3.452161,2.720492,178.454712,5.621684,1.086845,0.027664,0.987609
-0.042521,0.015106,0.340675,2.544824,19.898673,10.250043,3.453316,2.712156,178.325362,5.618113,1.086728,0.027832,0.987774
-0.042681,0.014762,0.361167,2.923841,19.842820,10.250132,3.455371,2.740370,178.043223,5.536932,1.086439,0.027519,0.987417
-0.038100,0.015348,0.341218,3.518503,19.819382,10.250187,3.455077,2.716093,177.990268,5.514812,1.086140,0.027431,0.987299
-0.043146,0.015168,0.230560,2.788999,19.825793,10.333368,3.454368,2.724554,177.975575,5.781705,1.086207,0.028683,0.987147
-0.039835,0.015242,0.347102,3.054144,19.839753,10.333410,3.456301,2.707324,177.977369,5.749147,1.086120,0.028537,0.987060
-0.041938,0.015259,0.379296,2.519088,19.843282,10.333522,3.453964,2.737121,177.926923,5.732245,1.086017,0.028374,0.986846
-0.040260,0.014841,0.361974,3.951018,19.832750,10.333302,3.452636,2.728260,177.898953,5.671406,1.085824,0.028163,0.986800
-0.042482,0.015194,0.386914,3.305734,19.821408,10.333435,3.452488,2.716539,177.871635,5.723651,1.085912,0.028388,0.986844
-0.039502,0.014825,0.341885,3.052095,19.848978,10.333478,3.453901,2.735644,177.835428,5.711067,1.085713,0.028338,0.986801
-0.041411,0.015202,0.403463,2.758666,19.789832,10.333492,3.455572,2.736351,177.793108,5.704459,1.085694,0.028287,0.986724
-0.044540,0.015738,0.368076,2.899545,19.788580,10.333397,3.457690,2.730148,177.773291,5.683775,1.085551,0.028216,0.986662
-0.039531,0.015428,0.391052,2.805143,19.863570,10.333257,3.456201,2.722703,177.765173,5.661387,1.085581,0.028129,0.986572
-0.036573,0.015353,0.361903,3.018891,19.838178,10.333380,3.456375,2.727805,177.721714,5.628555,1.085492,0.027975,0.986553
-0.041729,0.015715,0.325887,2.238611,19.828098,10.333340,3.456609,2.722579,177.762910,5.611553,1.085415,0.027937,0.986440
-0.043008,0.014917,0.382276,2.628783,19.854835,10.333298,3.453084,2.719603,177.873934,5.636554,1.085627,0.027982,0.986426
-0.041700,0.014385,0.377408,2.642710,19.761092,10.333273,3.451381,2.723466,177.900188,5.655501,1.085557,0.028031,0.986552
-0.037691,0.015134,0.395020,2.670450,19.782983,10.333465,3.455950,2.734315,177.800548,5.597910,1.085422,0.027810,0.986420
-0.040040,0.015483,0.368701,3.148059,19.764178,10.333373,3.457303,2.727885,177.656883,5.580808,1.085048,0.027797,0.986260
-0.040658,0.015270,0.396032,2.444958,19.780550,10.333355,3.454058,2.727118,177.691784,5.538604,1.085143,0.027594,0.986057
-0.041183,0.015308,0.383802,2.507716,19.808163,10.333487,3.453649,2.727002,177.667194,5.569755,1.085059,0.027705,0.986177
-0.040483,0.015979,0.381678,2.689352,19.800420,10.333412,3.457514,2.738948,177.608273,5.551346,1.084900,0.027377,0.985819
-0.038526,0.015660,0.362057,2.689794,19.811480,10.333450,3.457693,2.717398,177.671378,5.526126,1.084888,0.027519,0.986050
-0.040080,0.015688,0.397902,2.810651,19.779605,10.333405,3.456307,2.721012,177.772396,5.527091,1.085010,0.027500,0.985970
-0.039902,0.015071,0.356699,3.511859,19.901278,10.333325,3.451506,2.724869,177.897291,5.560972,1.085148,0.027608,0.986115
-0.041276,0.014673,0.383964,2.707162,19.796458,10.333413,3.452167,2.734242,177.978774,5.602985,1.085078,0.027780,0.986291
-0.039560,0.015149,0.387179,2.882979,19.826697,10.333507,3.454495,2.734350,178.032173,5.625876,1.085264,0.027887,0.986394
-0.043055,0.015461,0.364309,2.668979,19.840670,10.333367,3.454020,2.741797,178.064399,5.599058,1.085274,0.027716,0.986280
-0.041846,0.015499,0.391045,2.178088,19.830262,10.333287,3.453417,2.733922,178.067925,5.618733,1.085311,0.027825,0.986305
-0.042538,0.015458,0.319583,2.788066,19.743325,10.332673,3.455387,2.728840,178.041005,5.596502,1.085207,0.027733,0.986245
-0.039483,0.015026,0.368794,3.030202,19.847472,10.333407,3.453112,2.729092,177.772532,5.542868,1.084926,0.027473,0.986019
-0.040038,0.015847,0.406689,2.465264,19.758172,10.333328,3.458270,2.729210,177.508357,5.470119,1.084520,0.027251,0.985702
-0.042962,0.016269,0.406624,2.444782,19.745740,10.416560,3.459384,2.732275,177.460194,5.719617,1.084311,0.028344,0.985447
-0.041089,0.015987,0.384278,2.719312,19.780622,10.416602,3.457551,2.701930,177.427973,5.693978,1.084270,0.028318,0.985346
-0.043673,0.015388,0.405685,2.408296,19.794153,10.416758,3.454836,2.719945,177.394987,5.678725,1.084063,0.028218,0.985277
-0.038658,0.015296,0.360219,2.650183,19.714418,10.416760,3.454944,2.726903,177.378763,5.629554,1.084032,0.028010,0.985153
-0.042836,0.015860,0.301903,24.272019,19.757953,10.416612,3.458074,2.722863,177.329616,5.630248,1.083927,0.028029,0.985082
-0.040628,0.015411,0.368478,2.056802,19.742725,10.416672,3.455582,2.732044,177.295525,5.627076,1.083850,0.027987,0.985102
-0.040621,0.015584,0.386161,2.466398,19.784407,10.416682,3.457532,2.724860,177.264900,5.597473,1.083812,0.027822,0.984944
-0.040728,0.015520,0.342568,1.940411,19.744885,10.416735,3.455712,2.729659,177.243260,5.580930,1.083718,0.027780,0.984973
-0.043138,0.016063,0.405033,2.916717,19.752252,10.416667,3.457914,2.714716,177.230719,5.573178,1.083683,0.027750,0.984827
-0.038787,0.015722,0.385452,2.484699,19.819968,10.416782,3.457400,2.730536,177.210791,5.561076,1.083623,0.027677,0.984827
-0.041991,0.015608,0.375169,2.534454,19.741848,10.416612,3.455962,2.735007,177.213290,5.568140,1.083581,0.027692,0.984715
-0.037480,0.015776,0.410646,2.501953,19.743833,10.416717,3.458111,2.740063,177.227590,5.557150,1.083556,0.027685,0.984758
-0.039245,0.015575,0.405445,2.536555,19.752310,10.416703,3.454499,2.719946,177.225282,5.557357,1.083479,0.027639,0.984708
-0.041290,0.015884,0.354453,2.777459,19.729577,10.499905,3.455983,2.733355,177.107481,5.826612,1.083304,0.028867,0.984502
-0.042418,0.015907,0.382330,2.457929,19.727510,10.500002,3.458434,2.697956,176.991493,5.810833,1.082489,0.028809,0.984474
-0.041104,0.015054,0.323230,8.368534,19.732965,10.499958,3.452897,2.718171,177.114836,5.814811,1.083145,0.028862,0.984482
-0.041688,0.015568,0.310816,2.959670,19.749567,10.500238,3.456355,2.725921,177.094127,5.794129,1.083197,0.028754,0.984418
-0.039236,0.015304,0.388730,2.563077,19.723255,10.500077,3.454917,2.727153,177.086923,5.785303,1.083129,0.028676,0.984328
-0.039850,0.015636,0.419976,2.218118,19.769912,10.500078,3.458642,2.711486,177.111671,5.751073,1.083028,0.028555,0.984356
-0.043290,0.016183,0.356975,2.695122,19.718658,10.500143,3.457883,2.731283,177.152955,5.790443,1.083108,0.028725,0.984380
-0.040586,0.015633,0.393120,2.669874,19.744910,10.500112,3.454959,2.736969,177.208890,5.766950,1.082971,0.028572,0.984283
-0.041792,0.015797,0.412956,2.194180,19.761167,10.500003,3.456229,2.722443,177.250477,5.767146,1.083027,0.028640,0.984284
-0.040891,0.015494,0.369971,2.356846,19.762423,10.416755,3.456081,2.725997,177.288659,5.473881,1.083085,0.027229,0.984342
-0.044132,0.016252,0.398342,2.502765,19.766860,10.499997,3.458066,2.717864,177.268242,5.758733,1.083030,0.028536,0.984196
-0.041060,0.015907,0.413924,2.970603,19.758353,10.500093,3.456857,2.717738,177.255920,5.735645,1.082968,0.028415,0.984191
-0.041849,0.016091,0.381584,2.477650,19.803065,10.499998,3.456672,2.728239,177.269322,5.743804,1.082859,0.028507,0.984163
-0.041832,0.015959,0.416693,2.505177,19.797283,10.500012,3.455763,2.721012,177.111115,5.714975,1.082762,0.028320,0.984009
-0.042596,0.016150,0.384500,2.704191,19.738553,10.499987,3.457162,2.713199,176.887697,5.627711,1.082378,0.028055,0.983731
-0.041003,0.016061,0.331892,2.305685,19.731287,10.499932,3.458122,2.706373,176.877904,5.632539,1.082330,0.027991,0.983715
-0.040811,0.016341,0.391581,2.550173,19.751823,10.500130,3.459562,2.724338,176.863690,5.598023,1.082272,0.027853,0.983582
-0.040866,0.016253,0.387633,2.577778,19.730282,10.500120,3.459583,2.728958,176.832864,5.601644,1.082186,0.027840,0.983542
-0.039438,0.015849,0.399175,3.952914,19.716943,10.500037,3.455999,2.708473,176.810561,5.559472,1.082077,0.027681,0.983319
-0.041387,0.015712,0.373075,2.490587,19.748510,10.500013,3.457558,2.730362,176.798090,5.576172,1.082024,0.027787,0.983450
-0.044616,0.016508,0.406657,2.103281,19.764525,10.583475,3.460722,2.716950,176.783319,5.865163,1.082012,0.029115,0.983331
-0.039683,0.016310,0.379593,2.468162,19.742502,10.500007,3.460678,2.710358,176.763884,5.550047,1.081862,0.027617,0.983271
-0.042174,0.016479,0.408384,2.982328,19.770233,10.583375,3.460565,2.718802,176.725012,5.808971,1.081771,0.028858,0.983165
-0.044046,0.016228,0.421720,2.416924,19.719645,10.583415,3.457397,2.708950,176.696693,5.824812,1.081614,0.028835,0.983127
-0.044861,0.015711,0.390248,2.913524,19.752157,10.583273,3.455520,2.706676,176.678712,5.777647,1.081576,0.028638,0.982893
-0.038452,0.015776,0.421006,2.251397,19.740767,10.583353,3.458313,2.706658,176.666197,5.755412,1.081436,0.028573,0.982947
-0.037385,0.016462,0.423574,3.138772,19.741753,10.500037,3.460443,2.718527,177.076766,5.521433,1.081753,0.027470,0.983191
-0.037361,0.015573,0.411731,2.422905,19.740400,10.500075,3.454916,2.734412,177.465261,5.592974,1.082215,0.027743,0.983459
-0.040185,0.015424,0.233967,12.172720,19.763038,10.416863,3.454472,2.733351,177.592696,5.338190,1.082337,0.026540,0.983714
-0.037306,0.015937,0.382415,2.206495,19.756270,10.416568,3.454489,2.729516,177.541103,5.324669,1.082344,0.026448,0.983625
-0.037924,0.016003,0.373035,3.552656,19.771098,10.416767,3.456349,2.727329,177.476909,5.319158,1.082232,0.026449,0.983593
-0.041611,0.015830,0.403824,2.317885,19.758192,10.500113,3.456457,2.726241,177.449039,5.592576,1.082101,0.027720,0.983491
-0.041669,0.016292,0.343886,2.472723,19.810355,10.500080,3.459964,2.719142,177.428360,5.592113,1.082158,0.027714,0.983453
-0.041697,0.016127,0.359012,3.349546,19.811420,10.499950,3.456514,2.735634,177.593432,5.589815,1.082126,0.027687,0.983479
-0.043170,0.015648,0.406240,2.874782,19.808422,10.416592,3.455084,2.721022,177.847386,5.323829,1.082356,0.026403,0.983662
-0.038721,0.015470,0.365204,2.323039,19.828978,10.416652,3.454667,2.718370,178.064206,5.382440,1.082516,0.026675,0.983892
-0.039649,0.015599,0.330547,2.619904,19.813673,10.333437,3.454036,2.735584,178.234022,5.086807,1.082602,0.025335,0.983993
-0.036236,0.015639,0.334995,2.699450,19.833325,10.333408,3.456159,2.731351,178.366809,5.110030,1.082839,0.025357,0.984111
-0.040985,0.015525,0.333134,2.647879,19.896737,10.333290,3.454225,2.727627,178.475330,5.122604,1.082886,0.025420,0.984168
-0.040952,0.015109,0.346621,4.367790,19.873033,10.333287,3.452430,2.737440,178.492373,5.140678,1.082921,0.025456,0.984146
-0.037825,0.015251,0.358110,4.369568,19.900498,10.333390,3.453105,2.735017,178.479544,5.093308,1.082865,0.025258,0.984134
-0.036089,0.015126,0.321497,4.074435,19.879923,10.333352,3.452445,2.732067,178.367497,5.095867,1.082811,0.025277,0.984064
-0.039497,0.015313,0.372822,2.402258,19.807513,10.416762,3.451379,2.734380,178.008790,5.351793,1.082414,0.026503,0.983721
-0.039409,0.015602,0.357899,2.398812,19.847165,10.416810,3.456073,2.738187,177.730815,5.250325,1.082025,0.026068,0.983329
-0.042770,0.016278,0.379411,3.397461,19.795267,10.499880,3.456997,2.715046,177.496355,5.511587,1.081708,0.027305,0.983167
-0.038635,0.015531,0.310742,2.550546,19.724110,10.500070,3.455686,2.732770,177.319617,5.466717,1.081440,0.027099,0.982583
-0.040436,0.015545,0.409688,2.420561,19.790150,10.499983,3.455163,2.719225,177.254804,5.416092,1.081286,0.026893,0.982668
-0.041160,0.016089,0.369628,2.675777,19.800525,10.499935,3.459119,2.716469,177.202953,5.404733,1.081144,0.026903,0.982657
-0.038972,0.016209,0.381309,2.612090,19.787843,10.500212,3.457658,2.730819,177.151785,5.377708,1.081114,0.026734,0.982488
-0.039778,0.015680,0.397594,2.710503,19.731227,10.500130,3.454117,2.703312,177.131809,5.369161,1.081011,0.026692,0.982443
-0.037922,0.016129,0.390055,2.853455,19.808393,10.500008,3.457739,2.718920,177.129584,5.355416,1.080909,0.026618,0.982383
-0.037913,0.016399,0.391233,2.689774,19.774807,10.500058,3.458223,2.736044,177.109794,5.343782,1.080858,0.026608,0.982347
-0.041351,0.016046,0.398997,4.005479,19.765733,10.583492,3.455503,2.726434,177.098846,5.622955,1.080785,0.027888,0.982218
-0.040901,0.016222,0.427913,2.502822,19.798648,10.583488,3.456983,2.726624,177.056386,5.599455,1.080717,0.027754,0.981900
-0.040237,0.015944,0.387172,2.405082,19.763975,10.583387,3.455832,2.738723,177.057151,5.596230,1.080636,0.027706,0.982175
-0.041588,0.016145,0.387419,2.398009,19.741562,10.583462,3.458618,2.717944,177.160444,5.591668,1.080700,0.027721,0.982193
-0.039354,0.016104,0.371014,2.649983,19.804055,10.500038,3.457419,2.715208,177.192461,5.304562,1.080707,0.026368,0.982154
-0.044401,0.016762,0.415247,2.509762,19.743003,10.583273,3.459531,2.723512,177.094753,5.599292,1.080543,0.027734,0.982084
-0.039637,0.015735,0.417244,2.713039,19.802820,10.583420,3.458490,2.733333,177.001002,5.541555,1.080439,0.027509,0.981876
-0.038775,0.016344,0.392038,2.537299,19.755340,10.583440,3.458651,2.715390,176.948210,5.492899,1.080268,0.027287,0.981724
-0.039158,0.016143,0.365761,2.644174,19.801275,10.583440,3.457651,2.728860,176.895482,5.482126,1.080154,0.027218,0.981600
-0.040468,0.016325,0.398340,2.419911,19.729547,10.583348,3.459397,2.729615,176.931726,5.489318,1.080064,0.027247,0.981586
-0.041875,0.016337,0.423071,2.625043,19.736328,10.583345,3.457935,2.734792,177.150366,5.521982,1.080221,0.027347,0.981711
-0.037793,0.015976,0.356083,2.592889,19.724600,10.583383,3.456869,2.727154,177.333632,5.493407,1.080335,0.027232,0.981762
-0.039498,0.015460,0.314978,8.664476,19.778102,10.500105,3.452672,2.734452,177.474023,5.253225,1.080494,0.026113,0.982050
-0.039968,0.015529,0.381801,2.597563,19.789028,10.500068,3.454526,2.739645,177.580345,5.254703,1.080491,0.026055,0.982045
-0.037510,0.015868,0.304159,3.307859,19.791472,10.500028,3.454993,2.731288,177.660768,5.263571,1.080651,0.026101,0.981985
-0.040963,0.015354,0.376116,2.464159,19.787753,10.500000,3.454450,2.744028,177.707841,5.294590,1.080645,0.026204,0.982102
-0.037719,0.015807,0.399997,2.689058,19.821447,10.500180,3.455543,2.748428,177.742290,5.256316,1.080659,0.026024,0.981669
-0.038649,0.015643,0.369371,2.886744,19.840020,10.500125,3.455898,2.724242,177.740617,5.310678,1.080598,0.026219,0.982112
-0.037455,0.016038,0.401538,2.581374,19.785638,10.500133,3.455635,2.738972,177.493856,5.224240,1.080365,0.025961,0.981843
-0.039334,0.016239,0.372413,2.444769,19.813338,10.500022,3.457479,2.723790,177.211361,5.213115,1.080050,0.025867,0.981659
-0.039783,0.015787,0.369841,2.195914,19.781595,10.583452,3.457446,2.728102,177.013860,5.434338,1.079762,0.026963,0.981358
-0.038296,0.016084,0.423200,2.080049,19.748470,10.583388,3.457192,2.713879,176.886021,5.380044,1.078337,0.026734,0.981124
-0.037372,0.016232,0.365714,2.689979,19.734620,10.583400,3.457346,2.724918,176.796843,5.356870,1.079369,0.026654,0.981027
-0.042145,0.016626,0.408058,2.188306,19.775630,10.666257,3.460158,2.724674,176.742126,5.620798,1.079315,0.027890,0.980847
-0.039753,0.016337,0.412914,2.261734,19.670778,10.666630,3.457511,2.729040,176.701226,5.613347,1.079120,0.027825,0.980781
-0.038808,0.016617,0.384872,2.544002,19.660588,10.666742,3.460190,2.748708,176.677843,5.577869,1.079009,0.027676,0.980641
-0.038994,0.015593,0.402328,2.277894,19.732542,10.666815,3.453340,2.741666,176.684300,5.552061,1.078710,0.027521,0.980646
-0.040456,0.015596,0.387589,2.491669,19.697988,10.666685,3.454967,2.722812,176.705704,5.569886,1.078863,0.027602,0.980594
-0.040422,0.016056,0.393684,2.094432,19.760927,10.666752,3.456800,2.723213,176.720075,5.529143,1.078891,0.027401,0.980407
-0.041044,0.015658,0.401370,1.724100,19.722165,10.666808,3.455886,2.720396,176.716719,5.552630,1.078707,0.027496,0.980469
-0.039661,0.016331,0.433546,3.726286,19.719138,10.666788,3.460651,2.719222,176.741434,5.524735,1.078723,0.027442,0.980404
-0.041985,0.015780,0.397502,2.018161,19.716750,10.666792,3.455635,2.703747,176.622687,5.533756,1.077739,0.027394,0.980375
-0.040078,0.016082,0.389711,2.519633,19.728220,10.666628,3.456158,2.735417,176.884610,5.550836,1.078845,0.027498,0.980478
-0.040218,0.016294,0.435210,2.445631,19.849953,10.666510,3.456760,2.736715,176.833180,5.537771,1.078700,0.027437,0.980430
-0.042054,0.016153,0.399827,2.355837,19.719875,10.666578,3.457217,2.720892,176.564809,5.537323,1.077701,0.027396,0.980407
-0.040320,0.016341,0.395961,2.494318,19.742938,10.666638,3.458886,2.704418,176.440078,5.464716,1.077687,0.027128,0.980184
-0.036919,0.016433,0.396725,2.746324,19.687338,10.666703,3.460071,2.712983,176.496150,5.457345,1.078348,0.027099,0.980094
-0.039918,0.016521,0.372379,3.001822,19.792245,10.666683,3.458041,2.746646,176.464831,5.391506,1.078116,0.026816,0.979836
-0.038660,0.016478,0.439120,2.277061,19.680422,10.666697,3.460365,2.719641,176.596629,5.401454,1.078122,0.026872,0.979842
-0.039715,0.016078,0.376906,5.768959,19.684162,10.666670,3.456927,2.743904,176.835194,5.446343,1.078308,0.026987,0.980022
-0.041382,0.015714,0.404740,2.651684,19.712392,10.666710,3.455510,2.713686,177.018284,5.485241,1.078464,0.027119,0.980148
-0.038632,0.016123,0.424269,2.512736,19.723053,10.583442,3.456170,2.720088,177.141251,5.182705,1.078578,0.025792,0.980282
-0.038581,0.015993,0.421922,2.615269,19.694875,10.583405,3.456130,2.727033,177.223676,5.233097,1.078597,0.025942,0.980428
-0.040417,0.016271,0.388769,2.899105,19.757447,10.583528,3.456188,2.721335,177.282056,5.188792,1.078617,0.025752,0.980278
-0.035906,0.016130,0.370069,2.930375,19.724562,10.583388,3.456219,2.725826,177.295686,5.205772,1.078566,0.025847,0.980368
-0.036837,0.016480,0.398932,2.535489,19.732638,10.583300,3.457724,2.740547,177.290430,5.183034,1.078557,0.025705,0.980260
-0.038865,0.016133,0.412975,3.062178,19.726442,10.583497,3.455167,2.729162,177.099488,5.142924,1.078355,0.025557,0.980074
-0.040866,0.016450,0.426962,2.558612,19.794290,10.666668,3.457995,2.721684,176.810638,5.395947,1.078065,0.026717,0.979751
-0.036594,0.016647,0.382669,2.464342,19.718003,10.666798,3.459273,2.725814,176.575702,5.344762,1.077729,0.026523,0.978978
-0.039711,0.016293,0.411488,2.574895,19.721322,10.749997,3.458382,2.732343,176.427191,5.599579,1.077523,0.027707,0.979324
-0.039074,0.016746,0.326781,3.097597,19.655027,10.749950,3.460935,2.716954,176.338067,5.595275,1.077324,0.027681,0.979225
-0.038592,0.016514,0.388014,2.816595,19.661878,10.750170,3.459632,2.731716,176.278804,5.516750,1.077094,0.027411,0.978972
-0.038788,0.016420,0.444741,2.744803,19.681242,10.750017,3.459532,2.733688,176.238045,5.511354,1.077020,0.027336,0.978965
-0.038048,0.016605,0.393930,2.342205,19.674052,10.749927,3.457826,2.715674,176.214236,5.518936,1.074494,0.027405,0.979005
-0.038527,0.016546,0.404737,5.394616,19.669448,10.750148,3.458846,2.707288,176.199703,5.452426,1.076885,0.027132,0.978721
-0.039747,0.017065,0.403982,2.710223,19.710408,10.749993,3.461951,2.737851,176.218718,5.439271,1.076838,0.027068,0.978679
-0.038702,0.016816,0.426120,2.488811,19.674250,10.749950,3.461133,2.714670,176.249675,5.394106,1.076717,0.026857,0.978515
-0.039183,0.017032,0.380589,2.850920,19.671993,10.750083,3.460039,2.727458,176.276826,5.415157,1.076758,0.026901,0.978601
-0.041047,0.016882,0.437805,2.545280,19.697258,10.750100,3.462583,2.717893,176.304092,5.415137,1.076695,0.026953,0.978596
-0.037814,0.016616,0.418365,3.581750,19.677428,10.749923,3.461186,2.726707,176.398574,5.419394,1.076650,0.026906,0.978504
-0.039064,0.016394,0.384552,2.972708,19.688872,10.749942,3.459431,2.731665,176.511300,5.398905,1.076807,0.026814,0.978471
-0.039844,0.016672,0.425316,2.321729,19.715618,10.750058,3.458354,2.724515,176.510597,5.422847,1.076802,0.026906,0.978562
-0.038757,0.016236,0.430707,1.979866,19.747310,10.749962,3.457502,2.720399,176.376205,5.402736,1.076571,0.026791,0.978508
-0.039113,0.016214,0.413024,1.984521,19.721290,10.750203,3.456715,2.711082,176.237276,5.364638,1.076364,0.026670,0.978273
-0.039732,0.016434,0.372919,2.231046,19.700845,10.833302,3.458777,2.723686,176.105701,5.634929,1.076208,0.027976,0.978092
-0.039726,0.016012,0.399275,2.610504,19.704293,10.833247,3.458934,2.716792,176.021343,5.604424,1.076083,0.027782,0.977980
-0.040419,0.016459,0.421770,2.499708,19.667627,10.833432,3.460718,2.732337,176.086064,5.576967,1.075898,0.027655,0.977822
-0.037223,0.016225,0.433781,2.560905,19.711592,10.749965,3.457724,2.723733,176.306391,5.318897,1.076121,0.026451,0.978016
-0.037112,0.016342,0.405502,2.347123,19.699398,10.750135,3.457430,2.736534,176.509270,5.334674,1.076242,0.026477,0.978149
-0.038347,0.016424,0.407663,2.360756,19.724713,10.750140,3.460040,2.742420,176.639937,5.326919,1.076319,0.026453,0.978096
-0.037660,0.016408,0.404702,2.521354,19.695067,10.750205,3.456537,2.735662,176.732615,5.355830,1.076364,0.026492,0.978238
-0.039262,0.016095,0.389909,2.579079,19.693783,10.750057,3.456795,2.708493,176.771249,5.351479,1.076361,0.026524,0.978219
-0.042450,0.016350,0.422933,2.596765,19.743535,10.750097,3.457619,2.719013,176.777789,5.359417,1.076314,0.026520,0.978201
-0.042090,0.015883,0.399066,2.448638,19.696712,10.750135,3.454787,2.724817,176.744595,5.343249,1.076047,0.026447,0.978201
-0.037576,0.016458,0.426246,3.107915,19.729353,10.750072,3.456653,2.744705,176.632933,5.319786,1.076215,0.026341,0.978079
-0.040617,0.016532,0.411356,2.624952,19.700003,10.758743,3.458106,2.740455,176.344648,5.505017,1.075770,0.027281,0.977521
-0.039928,0.016391,0.453484,2.459552,19.671930,10.833487,3.459191,2.729108,176.091498,5.516553,1.075443,0.027297,0.977518
-0.039832,0.017135,0.433950,1.694657,19.635855,10.833380,3.461845,2.715968,175.918731,5.443148,1.075212,0.027079,0.977267
-0.038663,0.017060,0.389434,2.668542,19.646545,10.833392,3.460577,2.725985,175.812473,5.388991,1.075005,0.026812,0.976979
-0.038451,0.016782,0.420799,2.324981,19.658052,10.916650,3.459594,2.725227,175.725945,5.653307,1.074857,0.028100,0.976824
-0.040428,0.017266,0.436528,2.212790,19.701087,10.916782,3.461081,2.722424,175.709820,5.627491,1.074707,0.027870,0.976736
-0.040110,0.017135,0.449534,1.965485,19.625602,10.916730,3.461697,2.729173,175.688818,5.645525,1.074673,0.027992,0.976770
-0.036953,0.016567,0.461554,2.563752,19.679230,10.916648,3.458565,2.730064,175.683256,5.610214,1.074604,0.027815,0.976613
-0.038704,0.016599,0.396020,2.837350,19.626983,10.916715,3.461007,2.726654,175.683066,5.570614,1.074444,0.027700,0.976618
-0.039510,0.016766,0.436413,2.467551,19.613877,10.916807,3.459166,2.731214,175.685692,5.542150,1.074288,0.027511,0.976483
-0.037437,0.017642,0.452919,2.858831,19.664523,11.083402,3.463607,2.718236,175.710388,5.633702,1.074452,0.027925,0.973878
-0.042438,0.016732,0.386412,2.563900,19.648862,10.916755,3.458352,2.722126,175.716694,5.573286,1.074260,0.027655,0.976416
-0.040268,0.016866,0.445137,2.246630,19.616765,10.916632,3.461861,2.724109,175.763562,5.537118,1.074253,0.027518,0.976307
-0.038117,0.016741,0.408678,2.351568,19.672948,10.916730,3.461369,2.729395,175.907590,5.591619,1.074268,0.027722,0.976491
-0.042313,0.016520,0.428090,1.886306,19.677068,10.916868,3.459490,2.725365,175.949131,5.565517,1.074295,0.027548,0.976407
-0.035743,0.016655,0.440067,2.219382,19.653587,10.916583,3.459450,2.725893,175.802771,5.492432,1.074164,0.027296,0.976102
-0.038185,0.017102,0.429353,2.626250,19.648400,10.916638,3.462326,2.731251,175.663149,5.498769,1.073928,0.027283,0.976090
-0.038016,0.016725,0.440219,2.116669,19.688913,10.916608,3.459953,2.706215,175.573735,5.469611,1.072572,0.027157,0.975947
-0.039346,0.017053,0.429348,2.783943,19.632872,10.916873,3.460076,2.713446,175.508530,5.421159,1.073655,0.026993,0.975790
-0.045130,0.016687,0.419147,2.289770,19.621493,10.808233,3.460130,2.716959,175.490167,5.682139,1.073458,0.028019,0.975388
-0.038681,0.016908,0.456638,4.154077,19.661325,10.916860,3.461458,2.732003,175.656665,5.403550,1.073532,0.026855,0.975657
-0.039153,0.016495,0.434165,2.346594,19.667205,10.916815,3.457794,2.727316,175.803515,5.403102,1.073494,0.026828,0.975749
-0.036351,0.016550,0.403520,1.722539,19.665908,10.916715,3.459290,2.727478,175.877495,5.424193,1.073689,0.026879,0.975700
-0.038328,0.016904,0.454692,2.016459,19.708465,10.916622,3.460155,2.715262,175.952787,5.431883,1.073686,0.026934,0.975816
-0.038963,0.016949,0.367069,2.591795,19.683083,10.916757,3.459911,2.732416,176.025910,5.425480,1.073639,0.026889,0.975770
-0.039426,0.016975,0.371913,2.477121,19.668097,10.999933,3.459106,2.726983,176.043640,5.428877,1.073582,0.026929,0.974390
-0.038221,0.016854,0.417912,3.106584,19.718018,10.916782,3.461248,2.734568,176.033064,5.387102,1.073547,0.026683,0.975604
-0.038724,0.016475,0.350899,2.254713,19.715698,10.916833,3.459957,2.725406,176.050973,5.397232,1.071033,0.026754,0.975625
-0.040362,0.017154,0.437228,2.271969,19.721958,10.916635,3.460619,2.727862,175.836127,5.344663,1.073292,0.026556,0.975488
-0.039610,0.016726,0.407415,2.013807,19.678793,11.000163,3.460043,2.707339,175.624476,5.592168,1.072983,0.027784,0.975180
-0.037253,0.016729,0.400277,3.430559,19.656282,11.000025,3.460928,2.736201,175.447618,5.559641,1.072729,0.027546,0.975010
-0.040789,0.016783,0.436392,2.217845,19.631818,11.000073,3.460728,2.732092,175.327428,5.513516,1.072531,0.027411,0.974796
-0.041162,0.017255,0.384465,4.187256,19.651455,11.000202,3.462056,2.721025,175.262995,5.480582,1.072222,0.027259,0.974651
-0.040139,0.017309,0.439632,2.277692,19.648683,11.083268,3.462872,2.720111,175.211835,5.747151,1.072182,0.028521,0.974451
-0.040261,0.017184,0.476341,2.284212,19.723028,11.083510,3.461067,2.716808,175.177829,5.735678,1.072093,0.028451,0.974393
-0.040723,0.017713,0.467555,2.319882,19.652422,11.083318,3.464275,2.712200,175.125737,5.715009,1.071766,0.028302,0.974331
-0.040912,0.017513,0.316863,9.675679,19.644975,11.083362,3.461885,2.720483,175.116466,5.684695,1.071811,0.028200,0.974199
-0.041247,0.016876,0.430866,2.152990,19.703292,11.083297,3.462113,2.719997,175.067724,5.661325,1.071736,0.028122,0.974060
-0.045388,0.017378,0.442903,2.490518,19.604212,10.353800,3.464288,2.715070,174.987543,5.519168,1.071233,0.027536,0.973595
-0.039270,0.017327,0.429356,2.212944,19.635215,11.083380,3.464436,2.726874,174.976736,5.613394,1.071410,0.027884,0.973873
-0.038176,0.017531,0.454371,3.265449,19.655942,11.083282,3.462519,2.712832,174.980515,5.587124,1.071306,0.027757,0.973804
-0.039013,0.017712,0.446252,2.159282,19.668455,11.083430,3.465568,2.721433,174.955219,5.591287,1.071299,0.027735,0.973700
-0.040575,0.017761,0.466153,2.296166,19.620788,10.355290,3.462684,2.710631,174.879676,5.451905,1.070793,0.027115,0.973121
-0.038009,0.017779,0.447785,2.593437,19.652362,11.083413,3.464119,2.736203,174.916785,5.521235,1.071050,0.027421,0.973407
-0.040414,0.017459,0.470236,2.201527,19.646578,11.166657,3.463090,2.725530,174.886364,5.780805,1.070986,0.028741,0.973399
-0.043611,0.017498,0.439552,2.221167,19.587800,11.166832,3.465061,2.734040,174.846999,5.785784,1.070805,0.028753,0.973293
-0.040135,0.017048,0.422358,1.979819,19.655455,11.166722,3.461173,2.720837,174.807396,5.755255,1.070710,0.028583,0.973131
-0.039770,0.017961,0.460954,1.859859,19.581882,11.166777,3.463838,2.707417,174.773286,5.744295,1.070547,0.028512,0.973065
-0.039695,0.017581,0.452168,2.344443,19.604640,11.166697,3.462675,2.726220,175.015800,5.761632,1.070597,0.028503,0.973059
-0.038730,0.016758,0.432208,2.287799,19.636467,11.083387,3.461092,2.709627,175.275557,5.462175,1.070808,0.027161,0.973187
-0.040222,0.017013,0.449073,3.064283,19.614573,10.351268,3.460280,2.724215,175.466524,5.441209,1.070489,0.026945,0.973108
-0.036106,0.016803,0.441130,2.191047,19.645670,10.919648,3.461019,2.742166,175.677061,5.190498,1.069684,0.025860,0.973338
-0.035435,0.016502,0.427507,2.102306,19.709988,11.000138,3.456256,2.723684,175.835663,5.246015,1.071242,0.026023,0.973575
-0.037597,0.016979,0.343701,4.898770,19.717400,10.999962,3.461049,2.715550,175.916731,5.234850,1.071175,0.025923,0.973524
-0.036604,0.017251,0.429645,2.594740,19.697818,10.999915,3.459105,2.729050,175.969297,5.246820,1.071152,0.025962,0.973572
-0.039373,0.016076,0.430988,2.230527,19.701753,10.999950,3.455085,2.719898,175.956537,5.244525,1.071093,0.025940,0.973566
-0.035826,0.017062,0.414263,4.014087,19.708510,10.999935,3.459682,2.721365,175.789192,5.205039,1.071001,0.025799,0.973403
-0.040466,0.017268,0.377899,2.129467,19.625713,10.636112,3.459887,2.725009,175.406634,5.382238,1.070287,0.026650,0.972746
-0.036022,0.017099,0.430898,3.387734,19.684057,11.083328,3.459697,2.728119,175.114602,5.342358,1.070147,0.026593,0.972638
-0.039472,0.017008,0.464224,2.452882,19.672253,11.166720,3.461312,2.729861,174.896320,5.600709,1.069789,0.027762,0.972369
-0.042618,0.017033,0.414382,3.124095,19.612962,10.802823,3.459596,2.709259,174.757148,5.506496,1.069347,0.027378,0.971982
-0.038313,0.017585,0.455798,2.075027,19.617887,11.166710,3.463277,2.733511,174.699873,5.520342,1.068118,0.027404,0.972052
-0.039355,0.017220,0.492355,2.129077,19.687270,11.250097,3.460930,2.721539,174.666127,5.733658,1.069225,0.028400,0.971643
-0.037800,0.017697,0.479768,2.129106,19.779452,11.054158,3.462276,2.726559,173.854160,5.736871,1.068793,0.028491,0.970257
-0.042374,0.018822,0.548537,2.025610,19.662683,11.583277,3.473555,2.685645,172.008242,6.451798,1.066522,0.032129,0.969357
-0.040212,0.018447,0.522938,2.224974,19.822728,11.666607,3.470214,2.674411,171.446842,6.639905,1.066024,0.033107,0.968925
-0.044221,0.019343,0.553107,2.027210,19.975575,11.916755,3.475128,2.658623,170.079540,7.176487,1.064056,0.035792,0.967234
-0.042006,0.019023,0.606331,1.838385,19.710117,11.749950,3.475377,2.680165,172.233437,6.859667,1.064924,0.034231,0.968528
-0.041349,0.018650,0.548184,1.858104,19.654377,11.666748,3.468526,2.682546,171.246579,6.505238,1.065166,0.032404,0.968249
-0.035831,0.017947,0.459417,2.560848,19.581893,11.333380,3.467204,2.707705,173.426441,5.643750,1.066848,0.028074,0.969832
-0.039091,0.018275,0.449799,2.412207,19.637498,11.193092,3.466859,2.714097,173.216756,5.837699,1.066418,0.029065,0.969310
-0.041242,0.018840,0.518268,2.092325,19.645242,11.500130,3.472762,2.702249,173.216977,6.141677,1.066362,0.030464,0.969313
-0.038209,0.018265,0.527310,2.147417,19.627642,11.499970,3.467034,2.724096,173.253991,6.118645,1.066328,0.030379,0.969284
-0.040822,0.017689,0.463796,1.984628,19.622657,11.500183,3.465632,2.699313,173.267527,6.045631,1.065995,0.030029,0.969001
-0.041088,0.018371,0.536244,1.638799,19.649683,11.120858,3.467586,2.690829,173.233185,5.993847,1.065730,0.029808,0.968736
-0.040506,0.017963,0.508461,2.079604,19.636683,11.500063,3.465886,2.690227,173.223009,6.012004,1.065422,0.029790,0.968696
-0.038151,0.018194,0.433909,2.306470,19.659927,11.500037,3.466301,2.710844,173.171830,5.993341,1.065525,0.029815,0.968652
-0.039198,0.017955,0.489967,2.041487,19.587060,11.500007,3.467782,2.710965,173.267960,5.995473,1.065538,0.029760,0.968651
-0.039793,0.018193,0.487185,2.111430,19.621907,11.499918,3.465107,2.681718,173.160463,5.942356,1.064283,0.029532,0.968027
-0.041353,0.018357,0.498465,2.140252,19.657630,11.500090,3.466411,2.708830,173.473576,5.986754,1.065492,0.029815,0.968346
-0.041453,0.018660,0.473068,2.115976,19.692567,11.500032,3.468593,2.682631,173.574892,5.994205,1.065557,0.029718,0.968729
-0.035625,0.017661,0.457132,2.199519,19.635505,11.416715,3.463706,2.700803,173.612608,5.686395,1.065455,0.028257,0.968579
-0.042196,0.018611,0.480764,2.428040,19.666990,11.500145,3.465845,2.717303,173.660722,5.916428,1.065400,0.029337,0.968132
-0.040192,0.018384,0.509586,2.341265,19.664158,11.500047,3.464525,2.718047,173.701155,5.906979,1.065422,0.029320,0.967992
-0.036896,0.018312,0.505873,2.267724,19.636105,11.416750,3.464142,2.722349,173.696437,5.607430,1.065321,0.028009,0.968281
-0.037733,0.018076,0.499297,1.894614,19.654420,11.499887,3.465004,2.714575,173.409670,5.799358,1.064840,0.028827,0.967995
-0.041481,0.018831,0.509316,1.634875,19.629337,11.583400,3.467891,2.700076,173.092185,6.052734,1.064432,0.030063,0.967647
-0.040112,0.018281,0.527077,1.915067,19.673897,11.583362,3.466438,2.713886,172.877581,5.987141,1.064077,0.029850,0.967290
-0.039122,0.018987,0.513847,1.804038,19.621662,11.666762,3.470245,2.689017,172.799249,5.971238,1.063908,0.029629,0.965719
-0.038387,0.018826,0.539514,2.087587,19.655990,11.583383,3.469669,2.690985,172.769856,5.901356,1.063699,0.029396,0.966841
-0.038714,0.018883,0.527474,2.076206,19.634293,11.666482,3.469565,2.693978,172.731110,6.169375,1.063559,0.030612,0.966657
-0.038232,0.018824,0.530310,2.262256,19.691963,11.666632,3.468770,2.707952,172.697535,6.130141,1.060905,0.030411,0.966175
-0.039275,0.018377,0.482263,2.069164,19.692693,11.666817,3.467795,2.710721,172.664227,6.114570,1.063155,0.030347,0.966174
-0.040540,0.018623,0.521238,2.100211,19.740635,11.666867,3.468913,2.697401,172.637481,6.078440,1.061793,0.030161,0.966229
-0.038371,0.018284,0.544922,2.204647,19.674820,11.666662,3.467188,2.711218,172.594810,6.044246,1.061667,0.030050,0.966201
-0.038218,0.018814,0.450755,1.851509,19.689112,11.833403,3.468320,2.701434,172.585690,6.036959,1.062825,0.029976,0.963424
-0.035939,0.018919,0.533501,2.062848,19.696238,11.666627,3.469187,2.713262,172.568930,5.985811,1.061352,0.029746,0.965894
-0.037797,0.019043,0.514568,1.815622,19.695207,11.666845,3.467930,2.700362,172.584890,5.943004,1.062500,0.029566,0.965848
-0.041377,0.019072,0.496293,2.377841,19.629188,10.987465,3.467866,2.723103,172.592930,5.855613,1.061974,0.029127,0.965274
-0.037888,0.018258,0.508779,1.966940,19.697268,11.666613,3.465215,2.708853,172.630042,5.922621,1.060947,0.029480,0.965583
-0.040876,0.018547,0.531692,2.331062,19.697533,11.750033,3.466980,2.708719,172.502448,6.163501,1.060795,0.030582,0.965347
-0.039367,0.019741,0.501463,1.794351,19.703643,11.833427,3.471455,2.713799,172.434667,6.152484,1.061739,0.030582,0.963829
-0.038631,0.018074,0.540330,1.508192,19.697052,11.833297,3.463191,2.708219,172.416665,6.097766,1.061541,0.030382,0.963771
-0.042209,0.018955,0.547190,1.837157,19.693742,11.750075,3.468269,2.706624,172.405251,6.032210,1.061306,0.030002,0.964682
-0.038514,0.019082,0.564050,1.992914,19.685845,11.750100,3.471558,2.712690,172.356184,6.014893,1.061048,0.029936,0.964629
-0.037816,0.019051,0.440455,1.938200,19.701932,11.677277,3.467881,2.690765,172.344062,5.943211,1.059715,0.029585,0.963134
-0.040194,0.019172,0.492299,2.033161,19.640150,11.746337,3.467795,2.710990,172.470782,5.943186,1.060865,0.029601,0.963005
-0.039076,0.018998,0.469571,1.958476,19.712967,11.750113,3.469190,2.704483,172.564702,5.927332,1.060845,0.029464,0.963699
-0.038441,0.018918,0.517060,2.186623,19.692005,11.750060,3.468204,2.708107,172.612741,5.925848,1.060655,0.029449,0.964183
-0.039398,0.018890,0.540821,2.198820,19.629630,11.577335,3.468970,2.704714,172.610931,5.893508,1.060590,0.029333,0.964143
-0.037814,0.019183,0.531487,1.345050,19.661763,11.749903,3.466669,2.697953,172.587323,5.895735,1.059240,0.029266,0.964123
-0.039075,0.018875,0.464707,2.114625,19.635458,11.435875,3.470101,2.705394,172.492918,5.778575,1.058937,0.028815,0.963630
-0.040241,0.019058,0.468640,1.853660,19.668843,11.833462,3.468416,2.713776,172.443506,6.097702,1.060045,0.030333,0.963650
-0.036288,0.019932,0.498048,2.312158,19.698885,11.804780,3.472779,2.719306,172.227801,6.041772,1.059827,0.030028,0.960654
-0.037703,0.019693,0.539116,2.506177,19.692158,11.916613,3.469207,2.711177,171.954303,5.985992,1.059459,0.029851,0.961678
-0.038894,0.019638,0.503016,2.488355,19.660488,11.916008,3.470557,2.708338,171.922649,6.229368,1.059120,0.030933,0.962771
-0.037583,0.019567,0.489161,2.042766,19.651645,11.916740,3.472803,2.712757,171.921111,6.140612,1.057761,0.030560,0.962666
-0.042317,0.019084,0.542789,1.837908,19.621498,11.490998,3.468374,2.686178,171.833207,6.078697,1.051182,0.030223,0.962126
-0.039642,0.019501,0.569690,1.713160,19.650585,11.916713,3.468560,2.697238,171.824365,6.044182,1.055579,0.030090,0.962191
-0.038665,0.019697,0.515341,1.687970,19.708735,11.916650,3.471423,2.709411,171.796006,6.053365,1.058306,0.030136,0.961991
-0.038650,0.019262,0.482480,1.987935,19.695487,11.916627,3.469359,2.701008,171.751372,6.051486,1.058053,0.030169,0.962055
-0.037913,0.019356,0.562674,2.064912,19.711030,12.000092,3.469790,2.709292,171.710214,6.298838,1.057844,0.031267,0.961715
-0.037561,0.019502,0.507309,2.238946,19.711323,12.000132,3.469803,2.698895,171.647088,6.224816,1.057650,0.030984,0.961418
-0.038675,0.019185,0.542328,2.104830,19.711897,12.000057,3.468724,2.700091,171.608506,6.167137,1.057414,0.030661,0.961192
-0.040998,0.019896,0.452825,2.007176,19.688248,12.000093,3.472967,2.688305,171.568166,6.192461,1.053622,0.030774,0.961299
-0.041939,0.020105,0.575204,1.839240,19.694698,11.117970,3.471513,2.699895,171.461804,6.025696,1.056638,0.029963,0.960486
-0.039053,0.020474,0.534384,1.903516,19.734432,12.000200,3.473274,2.705281,171.521712,6.055618,1.056776,0.030168,0.960627
-0.039789,0.019314,0.580531,1.857732,19.731660,11.365635,3.468833,2.705282,171.559999,5.993800,1.056569,0.029853,0.960332
-0.040287,0.019504,0.525570,2.026236,19.693818,12.000148,3.467666,2.703066,171.520773,6.022995,1.056650,0.029996,0.960458
-0.040512,0.019882,0.540627,1.866298,19.793875,12.083272,3.472479,2.697849,171.363668,6.307060,1.056287,0.031304,0.960352
-0.038871,0.020039,0.541961,1.885430,19.672472,12.083408,3.472610,2.704709,171.351701,6.196823,1.054809,0.030857,0.959973
-0.039491,0.020511,0.523647,1.854304,19.684040,12.083440,3.472297,2.680809,171.318648,6.175836,1.055826,0.030727,0.959811
-0.039379,0.019578,0.521776,1.823062,19.707047,12.083440,3.467862,2.689063,171.209684,6.184483,1.053918,0.030823,0.959843
-0.038487,0.020134,0.513436,1.847135,19.667568,12.083253,3.472057,2.688495,171.107726,6.080468,1.053486,0.030168,0.959263
-0.036336,0.019866,0.558092,2.239455,19.670908,12.083388,3.470997,2.698373,171.425820,6.064889,1.055126,0.030232,0.959380
-0.041058,0.019521,0.568314,2.325584,19.670962,11.531033,3.468294,2.708632,171.591276,6.009926,1.055150,0.029814,0.959005
-0.036745,0.020110,0.576042,1.840130,19.692102,12.081397,3.470406,2.694975,171.736475,6.017761,1.055260,0.029942,0.959224
-0.040560,0.020084,0.584924,2.065416,19.742022,11.923382,3.472405,2.691848,171.783115,6.060838,1.055017,0.029996,0.959168
-0.038657,0.019366,0.546119,1.853473,19.705565,12.083483,3.469777,2.685754,171.610304,6.010571,1.053944,0.029855,0.958964
-0.041468,0.019269,0.567192,1.764439,19.676258,11.211963,3.467774,2.704919,171.760135,5.886957,1.054414,0.029243,0.958456
-0.037311,0.019410,0.541796,1.973329,19.772965,12.083385,3.466084,2.702667,171.748460,5.908259,1.054629,0.029377,0.958550
-0.038947,0.019829,0.545109,2.038363,19.791862,12.083440,3.470113,2.701128,171.608937,5.886716,1.054445,0.029278,0.958164
-0.039192,0.020245,0.580799,2.030157,19.763700,11.761843,3.471022,2.698183,171.213460,6.129045,1.052339,0.030475,0.958209
-0.040004,0.020177,0.569039,1.892716,19.791877,11.838898,3.473271,2.711814,170.843130,6.266371,1.053204,0.031187,0.957430
-0.035844,0.020235,0.610670,1.669672,19.717167,12.250110,3.471057,2.698615,170.813692,6.236626,1.053050,0.031063,0.956735
-0.040059,0.019914,0.574083,1.744401,19.665895,12.250098,3.470076,2.689426,170.675629,6.235348,1.052571,0.031044,0.957235
-0.036113,0.020865,0.569026,2.187347,19.715553,11.919342,3.476548,2.705772,170.646811,6.130485,1.051181,0.030483,0.956763
-0.040758,0.020364,0.586668,1.789116,19.718643,11.726780,3.472015,2.698537,170.544109,6.343517,1.052019,0.031414,0.954873
-0.040887,0.021405,0.570365,1.690413,19.735992,12.114783,3.476180,2.692410,170.534687,6.323463,1.051964,0.031500,0.954905
-0.037903,0.020554,0.541376,1.603860,19.713830,12.333467,3.473378,2.700962,170.477880,6.296519,1.051679,0.031295,0.956146
-0.046886,0.020584,0.589152,1.784711,19.629865,10.731712,3.473472,2.697560,170.376509,6.077820,1.050757,0.030211,0.955133
-0.040697,0.020885,0.568207,1.687564,19.682938,12.279382,3.473452,2.710024,170.357942,6.451854,1.051035,0.032129,0.955560
-0.038928,0.021074,0.611564,1.746239,19.730472,12.258695,3.475002,2.692128,170.318087,6.405095,1.049609,0.031878,0.954987
-0.040639,0.020846,0.624112,1.729850,19.665877,11.679833,3.473680,2.689340,170.259149,6.312286,1.050366,0.031378,0.954873
-0.037502,0.021011,0.615406,2.033685,19.708352,12.416667,3.474093,2.698964,170.255340,6.231610,1.050401,0.031078,0.954664
-0.040769,0.020585,0.610683,2.025007,19.713505,11.664818,3.469960,2.694510,170.188670,6.214020,1.049783,0.030965,0.952836
-0.037046,0.021440,0.615246,1.987131,19.795660,12.416785,3.476467,2.692757,170.219003,6.203989,1.049988,0.030929,0.954441
-0.043333,0.021382,0.611061,1.636283,19.678775,11.108080,3.475812,2.690097,170.042308,6.068082,1.047941,0.030227,0.953742
-0.039839,0.020598,0.581646,1.637153,19.770730,11.888955,3.472081,2.689795,170.065584,6.395153,1.049006,0.031798,0.953847
-0.036466,0.021022,0.615940,1.572270,19.724608,12.500087,3.473810,2.689068,170.066420,6.362946,1.049190,0.031666,0.953796
-0.041603,0.020498,0.635470,2.260234,19.691528,11.439217,3.469870,2.678228,169.978253,6.324504,1.048451,0.031398,0.952069
-0.037555,0.020925,0.610784,1.637927,19.737348,12.200553,3.473061,2.695397,169.956313,6.210313,1.048506,0.030973,0.953073
-0.045010,0.021527,0.632721,1.949072,19.671218,11.805290,3.476185,2.688008,169.979547,6.437736,1.048101,0.031980,0.952680
-0.036783,0.021252,0.634633,1.822492,19.708858,12.500017,3.470924,2.665061,170.133554,6.257551,1.048209,0.031118,0.953192
-0.045077,0.020653,0.631214,1.603262,19.721607,11.559412,3.472432,2.704479,170.200189,6.137382,1.047747,0.030579,0.952707
-0.038012,0.020838,0.610381,1.645796,19.743217,12.312553,3.469827,2.693420,170.286517,6.146177,1.047909,0.030535,0.951215
-0.035484,0.021086,0.606532,1.629600,19.752093,12.494127,3.470984,2.700496,170.264221,6.105308,1.046583,0.030422,0.952507
-0.044477,0.021007,0.587360,1.736760,19.658500,11.431312,3.471961,2.683778,170.157237,6.269277,1.047101,0.031217,0.951935
-0.042620,0.021684,0.627387,1.782350,19.728267,11.634912,3.472563,2.691939,170.088766,6.248637,1.044468,0.031012,0.951765
-0.041738,0.021042,0.606750,1.908622,19.673643,11.657735,3.471670,2.701460,170.004924,6.187223,1.045349,0.030923,0.951500
-0.036508,0.022014,0.631281,1.638111,19.707230,12.227500,3.475166,2.694238,169.723998,6.169561,1.046453,0.030728,0.948650
-0.037899,0.021654,0.612502,1.634883,19.809980,12.384257,3.475131,2.689955,169.421147,6.340095,1.045951,0.031617,0.950835
-0.049963,0.021949,0.608616,2.394843,19.675710,10.829820,3.476018,2.708952,169.326676,6.421236,1.045047,0.031945,0.949999
-0.041488,0.021382,0.642268,1.416267,19.755220,11.830742,3.474348,2.697005,169.321495,6.467544,1.045147,0.032202,0.950041
-0.039753,0.020991,0.594851,1.684216,19.727205,11.990362,3.473091,2.710472,169.259847,6.453411,1.044917,0.032109,0.949924
-0.040896,0.021356,0.652700,1.763444,19.697698,11.665827,3.471092,2.679448,169.178847,6.365844,1.044473,0.031671,0.949521
-0.043586,0.021631,0.633643,1.577623,19.755393,11.447905,3.475190,2.679635,169.110500,6.291599,1.044095,0.031322,0.949160
-0.046138,0.021802,0.575911,1.569356,19.666562,10.926613,3.474120,2.706820,169.072842,6.450885,1.043482,0.032112,0.948599
-0.046462,0.021618,0.655075,1.727849,19.754393,11.395132,3.476902,2.686782,169.037605,6.415798,1.043439,0.031931,0.948523
-0.041004,0.021841,0.650459,1.636109,19.763705,12.208468,3.474649,2.680712,169.001393,6.469876,1.043434,0.032219,0.948626
-0.046877,0.021773,0.608834,1.842925,19.684268,10.427667,3.473242,2.672779,168.852487,6.219371,1.042416,0.031055,0.947609
-0.041527,0.022162,0.651026,1.652840,19.786493,11.645245,3.474402,2.677118,168.837076,6.292972,1.042601,0.031401,0.947831
-0.047601,0.022893,0.669300,1.494295,19.731235,11.291782,3.480495,2.679911,168.763936,6.495982,1.042167,0.032316,0.947411
-0.039445,0.022145,0.634999,1.650092,19.748512,11.700923,3.477668,2.674816,168.712937,6.495323,1.041995,0.032316,0.947342
-0.039511,0.022417,0.669595,1.446236,19.794275,12.558082,3.478034,2.698099,168.681008,6.485247,1.042068,0.032311,0.947346
-0.040128,0.023151,0.640242,1.911189,19.818728,11.879287,3.479384,2.700011,168.623384,6.382930,1.041526,0.031821,0.946887
-0.046301,0.023110,0.674121,1.600832,19.774647,11.511505,3.482501,2.688105,168.562542,6.596402,1.041097,0.032832,0.946456
-0.041779,0.023423,0.666852,1.611172,19.790662,11.890195,3.480969,2.699233,168.536667,6.584792,1.040879,0.032746,0.946348
-0.044867,0.022454,0.694069,1.509489,19.824260,11.808500,3.474887,2.670959,168.478751,6.521932,1.040603,0.032457,0.946091
-0.047409,0.023339,0.705248,1.632707,19.744687,10.996793,3.482910,2.674907,168.396511,6.362846,1.039919,0.031695,0.945352
-0.045535,0.023435,0.661412,1.700822,19.793492,11.440492,3.480864,2.683116,168.307645,6.635970,1.039722,0.033006,0.945240
-0.042326,0.022876,0.715027,1.400893,19.869522,12.007782,3.479816,2.686797,168.244616,6.585067,1.039644,0.032816,0.945085
-0.047063,0.022902,0.704454,1.441201,19.757007,10.782977,3.474233,2.690744,168.170993,6.466062,1.038798,0.032181,0.944446
-0.052706,0.022801,0.708683,1.854272,19.774275,9.890113,3.477485,2.680732,168.115313,6.246524,1.038064,0.031181,0.943439
-0.042100,0.023020,0.677607,1.499646,19.862837,11.871062,3.476500,2.681003,168.186213,6.444133,1.038687,0.032183,0.944380
-0.043353,0.022991,0.725987,1.544908,19.903580,12.280175,3.474426,2.680212,168.143621,6.707110,1.038509,0.033431,0.944222
-0.039739,0.022100,0.703485,1.945918,19.971568,11.800220,3.472353,2.662857,168.006161,6.614196,1.038094,0.032939,0.943747
-0.037114,0.022884,0.673335,1.535440,20.006415,12.528758,3.476158,2.690004,167.913333,6.608902,1.037989,0.032927,0.943699
-0.039600,0.022771,0.737890,1.402360,19.951547,12.266527,3.472945,2.669165,167.871946,6.534390,1.037563,0.032627,0.943386
-0.043458,0.023510,0.686599,1.950045,19.982970,11.765232,3.478772,2.685810,167.814818,6.734888,1.037064,0.033494,0.942870
-0.044567,0.023146,0.722033,1.419398,20.003452,11.938113,3.476186,2.687035,167.774151,6.669810,1.036828,0.033276,0.942630
-0.039153,0.023365,0.736990,1.542483,20.011255,12.288858,3.478756,2.697366,167.697665,6.631443,1.036607,0.033078,0.942468
-0.042726,0.023728,0.749707,1.527619,20.011258,11.570642,3.480482,2.692548,167.609069,6.516021,1.036033,0.032530,0.941918
-0.044171,0.023349,0.735647,1.480592,19.977988,11.918220,3.477881,2.665839,167.558479,6.783318,1.035744,0.033769,0.941720
-0.037589,0.023818,0.737807,1.363115,20.010798,12.789847,3.477207,2.680615,167.513188,6.779411,1.035721,0.033771,0.941717
-0.041811,0.024007,0.680194,1.519545,20.010693,12.043265,3.481409,2.688821,167.418551,6.637896,1.035094,0.033098,0.941104
-0.043589,0.024580,0.746349,1.491322,20.010642,12.022023,3.480522,2.671097,167.333527,6.858449,1.034730,0.034194,0.940729
-0.045852,0.023419,0.730160,1.414002,20.010695,11.390610,3.475900,2.676951,167.219551,6.757979,1.034124,0.033579,0.940176
-0.041638,0.024026,0.739105,1.564321,20.010347,12.334462,3.479296,2.687056,167.163770,6.736984,1.034074,0.033595,0.940220
-0.043752,0.023910,0.767706,1.302587,20.010380,11.571680,3.479421,2.665558,167.056103,6.603317,1.033412,0.032950,0.939533
-0.051900,0.024567,0.734077,1.399954,20.010348,11.059212,3.481781,2.662630,166.962651,6.783471,1.032767,0.033775,0.938964
-0.042265,0.024227,0.783679,1.403520,20.009975,11.840513,3.482171,2.671593,166.908006,6.765960,1.032725,0.033739,0.938914
-0.042963,0.025116,0.761060,1.315097,20.009270,11.732445,3.486075,2.654256,166.841570,6.693340,1.032276,0.033390,0.938576
-0.041237,0.025108,0.760589,1.298463,20.010185,12.226257,3.484399,2.683661,166.833988,6.666326,1.032197,0.033330,0.938477
-0.055027,0.024653,0.780443,1.417672,20.009958,10.485215,3.478596,2.667427,166.669782,6.739583,1.031035,0.033571,0.937396
-0.043678,0.024873,0.797643,1.296533,20.009852,12.128828,3.485362,2.683735,166.640190,6.789008,1.031274,0.033876,0.937643
-0.045593,0.025314,0.803993,1.411133,20.009748,11.725657,3.483586,2.674202,166.591425,6.688014,1.030864,0.033374,0.937202
-0.049966,0.024933,0.790047,1.283512,20.009855,10.637977,3.480511,2.670356,166.474575,6.824556,1.029963,0.033993,0.936389
-0.047299,0.024690,0.803591,1.348288,20.009762,11.815688,3.481232,2.650223,166.454998,6.857185,1.030026,0.034200,0.936548
-0.050263,0.025478,0.803649,1.294229,20.009603,10.703950,3.484416,2.671575,166.296014,6.661328,1.029186,0.033233,0.935664
-0.049575,0.025413,0.829122,1.206380,20.009372,11.210422,3.479789,2.672354,166.219394,6.932660,1.028930,0.034521,0.935486
-0.049156,0.025613,0.827419,1.285315,20.009293,11.462197,3.483246,2.665628,166.294297,6.901534,1.028770,0.034342,0.935312
-0.054153,0.025989,0.815374,1.385143,20.009097,10.513918,3.482084,2.680021,166.273032,6.754351,1.028059,0.033624,0.934696
-0.049248,0.025319,0.807940,1.466052,20.009187,11.341967,3.478409,2.675409,166.281624,6.756907,1.028076,0.033709,0.934771
-0.035141,0.024750,0.783950,1.282114,20.008708,13.523333,3.480301,2.666267,166.309319,6.859536,1.028535,0.034239,0.935212
-0.040994,0.025535,0.835286,1.344247,20.008583,11.806637,3.480248,2.667379,166.122042,6.663572,1.027577,0.033280,0.934309
-0.038157,0.025086,0.838261,1.302551,20.008600,13.026332,3.479648,2.653854,166.011809,6.967173,1.027438,0.034738,0.934258
-0.045155,0.025872,0.791216,1.273353,20.008387,11.377837,3.482688,2.667249,165.810377,6.749028,1.026458,0.033677,0.933271
-0.041379,0.026204,0.858165,1.203506,20.008732,12.008412,3.483612,2.658899,165.683405,6.966375,1.026142,0.034738,0.932868
-0.042948,0.026064,0.863535,1.220149,20.008463,12.007015,3.482281,2.686855,165.650119,6.924679,1.025753,0.034537,0.932696
-0.038462,0.025716,0.814093,1.282227,20.008358,12.429903,3.480784,2.664733,165.604518,6.868778,1.025473,0.034311,0.932490
-0.049633,0.026352,0.816797,1.132932,20.008165,11.425258,3.482574,2.687189,165.470736,6.981944,1.024612,0.034817,0.931663
-0.050478,0.026172,0.826046,1.526579,20.008147,11.346453,3.480813,2.674697,165.351703,6.908145,1.024242,0.034451,0.931226
-0.040548,0.026167,0.883722,1.162141,20.007993,12.115830,3.483471,2.670046,165.325615,6.884591,1.024079,0.034392,0.931197
-0.050059,0.026683,0.877821,1.228900,20.008097,11.059430,3.482952,2.655237,165.166819,7.009974,1.023187,0.034916,0.930287
-0.042866,0.026768,0.894783,1.189124,20.007772,12.297428,3.483627,2.661020,165.132373,7.041467,1.023220,0.035107,0.930440
-0.047653,0.026690,0.898321,1.138185,20.008387,11.443783,3.483616,2.656048,165.006249,6.870808,1.022456,0.034270,0.929690
-0.054674,0.026762,0.897549,1.350276,20.007892,10.736022,3.482810,2.670786,164.871454,7.019025,1.021662,0.034986,0.928910
-0.044970,0.026989,0.894153,1.110711,20.007798,11.907387,3.482701,2.693293,164.823960,7.029361,1.021660,0.035069,0.929016
-0.042844,0.027828,0.885619,1.149026,20.008082,12.334263,3.487134,2.685926,164.783182,6.991856,1.021411,0.034863,0.928821
-0.045827,0.027697,0.918208,1.088279,20.016107,11.219062,3.488741,2.667070,164.631966,6.795502,1.020583,0.033981,0.927973
-0.042210,0.028084,0.922321,1.122539,20.015790,12.236113,3.486794,2.668935,164.584906,7.105006,1.020435,0.035392,0.927943
-0.055160,0.027679,0.944832,1.061175,20.016243,10.187565,3.486267,2.650260,164.379583,6.804156,1.019089,0.033925,0.926580
-0.045351,0.027872,0.949199,1.077697,20.015587,11.719978,3.484062,2.670356,164.358279,7.160144,1.019148,0.035709,0.926851
-0.045588,0.029004,0.920014,1.085066,20.015522,12.105178,3.488915,2.640666,164.330255,7.101156,1.018982,0.035410,0.926538
-0.050189,0.028663,0.909685,1.360068,20.015493,11.407242,3.488336,2.662842,164.281714,6.945626,1.018297,0.034633,0.925860
-0.050226,0.028345,0.974963,1.114854,20.015760,11.114877,3.487111,2.654768,164.136206,6.853306,1.016488,0.034231,0.924842
-0.046793,0.028387,0.968402,1.192136,20.015118,11.853235,3.489848,2.646510,164.067028,7.113430,1.017431,0.035512,0.924717
-0.052813,0.027754,0.946557,1.222131,20.014972,10.542173,3.483213,2.670164,163.878129,6.929887,1.016418,0.034539,0.924391
-0.046837,0.029558,0.976038,1.103610,20.014892,11.429293,3.490290,2.658580,163.776646,6.887122,1.016367,0.033991,0.922413
-0.045055,0.028838,0.985970,1.015727,20.014557,11.964993,3.489073,2.650445,163.735400,7.123050,1.015889,0.035483,0.923565
-0.045570,0.028948,0.833478,1.383081,20.014612,11.844115,3.489654,2.681140,163.707970,7.025086,1.015462,0.035051,0.923436
-0.044679,0.028917,1.003210,0.994752,20.014215,11.714260,3.488395,2.656471,163.662771,6.901159,1.014962,0.034483,0.921200
-0.047468,0.029001,0.990942,1.009691,20.014320,11.512130,3.490888,2.646500,163.555533,7.024921,1.014326,0.035036,0.922047
-0.048116,0.029400,1.013437,1.006673,20.014147,11.568760,3.488147,2.659954,163.447734,7.052007,1.013974,0.035129,0.920732
-0.044189,0.030090,1.026249,1.018336,20.014055,11.679347,3.489381,2.637555,163.319338,6.902535,1.013404,0.034444,0.920251
-0.045450,0.029030,1.027384,0.973343,20.013990,11.873488,3.485210,2.657110,163.178203,7.142404,1.012902,0.035588,0.921182
-0.045621,0.029835,1.042764,1.062215,20.013543,12.217070,3.490944,2.674312,163.063403,7.049854,1.012576,0.035162,0.920758
-0.046403,0.029939,1.045505,1.007119,20.013478,12.415997,3.491003,2.657136,163.017414,7.275248,1.012035,0.036342,0.920425
-0.044560,0.030422,1.086461,0.938061,20.013570,11.771167,3.490003,2.668232,162.907910,7.131623,1.011366,0.035557,0.919753
-0.058384,0.030532,1.065384,0.956412,20.013935,9.785863,3.492531,2.651735,162.711789,6.813385,1.009948,0.034060,0.918349
-0.041787,0.031259,1.056876,0.997220,20.013228,12.835205,3.494632,2.658630,162.749816,7.303976,1.010543,0.036402,0.919131
-0.046957,0.031333,1.106296,1.012970,20.013282,11.465813,3.493158,2.642603,162.620527,7.086014,1.009590,0.035318,0.918131
-0.053171,0.031374,1.010574,0.991683,20.013160,10.545865,3.492231,2.637796,162.486556,6.897520,1.008641,0.034412,0.917249
-0.056258,0.031424,1.111498,0.912616,20.013210,10.072485,3.491744,2.660376,162.309617,7.021632,1.007794,0.034967,0.916468
-0.040652,0.031398,1.090295,0.938829,20.012690,12.386435,3.487962,2.670132,162.323833,7.107166,1.008232,0.035498,0.916886
-0.041771,0.031181,1.112560,0.991005,20.012495,12.504467,3.491073,2.652801,162.190547,7.035064,1.007755,0.035168,0.916554
-0.047787,0.030611,1.135881,0.962352,20.012437,11.180012,3.488130,2.650904,162.019981,7.116478,1.006690,0.035479,0.915505
-0.049064,0.032422,1.117620,0.894785,20.012508,11.318673,3.496481,2.659388,161.914639,7.010194,1.006197,0.035027,0.915057
-0.046648,0.032788,1.138033,0.892304,20.012360,11.818703,3.496153,2.665374,161.828730,7.245156,1.005796,0.036129,0.914709
-0.047078,0.031935,1.167312,0.908419,20.012270,11.404183,3.491981,2.648597,161.728282,7.097284,1.005019,0.035396,0.914041
-0.049015,0.033214,1.174130,0.898051,20.012025,11.824767,3.498075,2.669777,161.635650,7.300995,1.004572,0.036459,0.913616
-0.051838,0.032188,1.147929,0.932892,20.011880,11.253823,3.494829,2.640034,161.502722,7.145659,1.003802,0.035675,0.912911
-0.043068,0.032672,1.183191,0.845140,20.011947,12.162790,3.491468,2.667104,161.461472,7.117876,1.003543,0.035570,0.912769
-0.050875,0.033464,1.215549,0.870993,20.012030,11.193468,3.496487,2.637780,161.293854,7.234915,1.002684,0.036047,0.911863
-0.038124,0.032575,1.230062,0.820993,20.011387,13.015850,3.493893,2.656845,161.271991,7.266419,1.002710,0.036263,0.912062
-0.056332,0.033651,1.232220,0.811522,20.011735,10.362393,3.496325,2.636643,161.041652,6.932613,1.001226,0.034592,0.910495
-0.052889,0.034012,1.253400,0.797752,20.011530,11.403823,3.496534,2.649832,160.945010,7.209297,1.000970,0.035930,0.910357
-0.044666,0.034335,1.256109,0.828816,20.011282,11.696660,3.494573,2.655938,160.824375,7.123923,1.000477,0.035546,0.910007
-0.047628,0.033712,1.250576,0.825282,20.011388,11.412463,3.493746,2.644371,160.647121,7.240629,0.999627,0.036131,0.909161
-0.048334,0.034478,1.322359,0.783111,20.011040,10.964210,3.493898,2.654545,160.515473,7.070922,0.998774,0.035341,0.908404
-0.048293,0.034919,1.274582,0.853340,20.010918,11.672473,3.497255,2.640634,160.492682,7.316402,0.998450,0.036512,0.908145
-0.047512,0.035333,1.299227,0.880459,20.010893,12.022470,3.495083,2.634599,160.467217,7.251072,0.998077,0.036161,0.907785
-0.052139,0.035402,1.296029,0.771627,20.010988,10.685100,3.498190,2.650488,160.358450,7.017105,0.996989,0.035023,0.906732
-0.045651,0.035130,1.317643,0.776549,20.010627,11.604282,3.493405,2.647303,160.311513,6.977741,0.996766,0.034878,0.906563
-0.052626,0.035570,1.324211,0.756148,20.010837,11.386368,3.496885,2.642090,160.219585,7.156850,0.996097,0.035672,0.905972
-0.047745,0.035201,1.362371,0.785418,20.010707,11.478172,3.493088,2.646229,160.110504,7.047582,0.995487,0.035136,0.905443
-0.050322,0.036846,1.400881,0.748571,20.010598,11.240697,3.501269,2.653143,159.957491,7.190984,0.994798,0.035874,0.904759
-0.047713,0.036991,1.389216,0.720962,20.010482,11.470360,3.499088,2.648521,159.600078,7.054908,0.994016,0.035222,0.904134
-0.047587,0.037227,1.427540,0.741560,20.016257,11.667440,3.502397,2.643086,159.564889,7.261912,0.993476,0.036215,0.903678
-0.057157,0.037044,1.425289,0.769972,20.016240,10.377542,3.499671,2.639427,159.396565,6.999433,0.992338,0.034950,0.902534
-0.046807,0.037040,1.463698,0.709767,20.015947,11.479580,3.498209,2.631564,159.327787,7.287412,0.992085,0.036364,0.902445
-0.050706,0.037253,1.469505,0.693212,20.015787,11.445810,3.496014,2.655289,159.211856,7.138198,0.991442,0.035658,0.901752
-0.051350,0.037396,1.503295,0.686796,20.015707,11.538585,3.494503,2.642750,159.073649,7.332620,0.990759,0.036538,0.901199
-0.053427,0.037805,1.480808,0.694188,20.015708,10.728072,3.499155,2.638202,158.928816,7.130795,0.989826,0.035551,0.900279
-0.057909,0.039263,1.450629,0.701328,20.015683,10.610445,3.501582,2.618049,158.643314,7.263065,0.988889,0.036256,0.899586
-0.048289,0.038323,1.478853,0.686474,20.015070,11.502355,3.493972,2.635757,158.705474,7.234946,0.988705,0.036075,0.899376
-0.051161,0.038983,1.517008,0.659204,20.015253,11.249362,3.501139,2.627637,158.717978,7.092721,0.988043,0.035426,0.898776
-0.046749,0.039220,1.564657,0.664093,20.014880,11.518307,3.501371,2.637661,158.703977,6.985571,0.987533,0.034990,0.898356
-0.049845,0.039443,1.580462,0.643540,20.014760,11.250913,3.499030,2.638744,158.647401,7.150152,0.986844,0.035649,0.897610
-0.056843,0.039188,1.562801,0.677636,20.014655,10.085217,3.499894,2.648726,158.531060,6.937857,0.985689,0.034552,0.896582
-0.058044,0.040132,1.552412,0.670681,20.014693,10.281367,3.498121,2.631025,158.455423,6.813452,0.985055,0.034028,0.896075
-0.059083,0.040734,1.607449,0.627158,20.014767,10.123985,3.502850,2.637264,158.315219,6.966969,0.984326,0.034663,0.895318
-0.051143,0.040490,1.587212,0.682176,20.014457,10.741233,3.498868,2.648747,158.209633,6.872545,0.983869,0.034347,0.894984
-0.057053,0.042493,1.637504,0.620776,20.014148,10.812222,3.506962,2.638846,158.070648,7.052527,0.983190,0.035116,0.894336
-0.052509,0.041980,1.547144,0.718989,20.013948,10.899437,3.505450,2.629848,157.940013,6.909799,0.982514,0.034495,0.893753
-0.048470,0.042702,1.706041,0.608452,20.014110,11.345462,3.506628,2.650151,157.787638,7.109599,0.981919,0.035436,0.893253
-0.053247,0.043336,1.728693,0.580065,20.013947,10.732102,3.506930,2.648504,157.582788,6.900834,0.980885,0.034469,0.892330
-0.053500,0.043169,1.775438,0.592695,20.013358,10.543233,3.504821,2.635793,157.387807,7.034713,0.980019,0.035027,0.891498
-0.054768,0.044053,1.761139,0.586307,20.013787,10.434380,3.509060,2.632594,157.257539,6.861718,0.979169,0.034333,0.890809
-0.053527,0.044087,1.792812,0.558002,20.013692,11.053698,3.505375,2.617336,157.325509,7.097615,0.978720,0.035419,0.890456
-0.055686,0.043918,1.826687,0.548604,20.013220,10.311917,3.504127,2.646100,157.444285,6.917013,0.977938,0.034485,0.889581
-0.053115,0.044753,1.810136,0.552586,20.013503,10.774260,3.509509,2.638318,157.582344,6.876024,0.977641,0.034225,0.889374
-0.058080,0.044694,1.839973,0.551424,20.013227,10.325610,3.506059,2.652931,157.650417,6.723559,0.976907,0.033502,0.888694
-0.059907,0.045396,1.831373,0.565771,20.013222,9.973817,3.503810,2.666373,157.650139,6.541434,0.976129,0.032669,0.887931
-0.054306,0.047041,1.854598,0.553675,20.013000,10.169497,3.509977,2.633474,157.621081,6.441879,0.975546,0.032158,0.887416
-0.060533,0.045758,1.865228,0.536048,20.013000,9.698952,3.503218,2.654825,157.528596,6.570553,0.974609,0.032700,0.886598
-0.061830,0.045408,1.891633,0.553744,20.012892,9.444062,3.500500,2.668590,157.411970,6.396179,0.973736,0.031888,0.885847
-0.062689,0.046624,1.877261,0.532714,20.012922,9.583148,3.505064,2.631399,157.294796,6.568236,0.973107,0.032703,0.885219
-0.061485,0.047359,1.956945,0.513916,20.012908,9.202367,3.509252,2.629326,156.954661,6.371750,0.972066,0.031707,0.884281
-0.052345,0.048396,1.913013,0.522745,20.012702,10.252272,3.508278,2.643325,156.548396,6.558444,0.971454,0.032706,0.883794
-0.055378,0.048572,2.089414,0.493167,20.012710,10.514522,3.509030,2.626611,156.109994,6.670493,0.970547,0.033284,0.882952
-0.055275,0.049336,2.145812,0.476007,20.012777,10.868522,3.512531,2.629884,155.698023,6.816359,0.969637,0.033934,0.882150
-0.054188,0.050459,2.191706,0.473451,20.012708,10.415732,3.510919,2.627025,155.306918,6.878958,0.968475,0.034248,0.881038
-0.046707,0.051790,2.250357,0.462870,20.012603,11.581682,3.518013,2.615181,155.022136,6.782704,0.967907,0.033896,0.880689
-0.056760,0.051745,2.321678,0.440606,20.012748,10.242730,3.511821,2.607687,154.737705,6.803563,0.966499,0.033908,0.879340
-0.052491,0.052763,2.391291,0.420644,20.012497,10.841945,3.512023,2.614401,154.534111,6.974383,0.965819,0.034761,0.878755
-0.045214,0.053885,2.386093,0.419111,20.012375,11.576090,3.516155,2.629368,154.372191,6.854392,0.965282,0.034247,0.878219
-0.048759,0.054018,2.489678,0.407035,20.012253,11.207140,3.517173,2.638455,154.177890,6.980630,0.964273,0.034764,0.877334
-0.050023,0.055300,2.515443,0.403149,20.012333,10.597722,3.517649,2.624998,153.984232,6.749312,0.963095,0.033679,0.876279
-0.043913,0.055639,2.567010,0.402079,20.012467,11.528853,3.512466,2.629347,153.863048,6.939811,0.962568,0.034640,0.875862
-0.047844,0.056639,2.583588,0.416828,20.012170,11.377313,3.515515,2.624936,153.723451,6.778716,0.961789,0.033879,0.875099
-0.050796,0.057672,2.640317,0.378788,20.012422,11.025602,3.518677,2.623359,153.565796,6.899881,0.960793,0.034356,0.874204
-0.046704,0.058259,2.669335,0.375019,20.012215,11.562330,3.517860,2.620700,153.420599,6.773326,0.960135,0.033796,0.873627
-0.050340,0.058763,2.743828,0.365985,20.012122,11.097963,3.516826,2.618019,153.241723,6.834806,0.959013,0.034141,0.872623
-0.055024,0.060551,2.766401,0.361469,20.012090,10.780700,3.520143,2.611889,153.053518,6.951927,0.958031,0.034627,0.871696
-0.049152,0.061370,2.847632,0.352823,20.012185,11.176948,3.522859,2.625023,152.921957,6.817242,0.957315,0.033994,0.871077
-0.047945,0.062807,2.887385,0.346331,20.012160,10.726862,3.520910,2.621096,152.806566,6.616806,0.956356,0.033084,0.870197
-0.053063,0.062384,2.963368,0.337447,20.012227,10.570292,3.518228,2.625273,152.660388,6.740143,0.955389,0.033592,0.869336
-0.056691,0.064218,2.989835,0.334353,20.012093,10.130338,3.517299,2.619423,152.516463,6.524195,0.954351,0.032588,0.868373
-0.044391,0.065660,3.109064,0.321670,20.011960,11.930355,3.528310,2.612223,152.413314,6.800067,0.954100,0.033909,0.868228
-0.048237,0.066037,3.146527,0.317814,20.011903,10.778385,3.522037,2.617733,152.328940,6.548348,0.952900,0.032695,0.867046
-0.048528,0.067030,3.142582,0.323233,20.016467,10.766967,3.517026,2.620380,152.348887,6.713008,0.952089,0.033395,0.866371
-0.054114,0.067318,3.245534,0.310299,20.012108,9.901200,3.521729,2.616617,152.341503,6.481121,0.951044,0.032290,0.865357
-0.051630,0.069476,3.306718,0.307448,20.012118,10.427700,3.528574,2.621147,152.337345,6.380140,0.950477,0.031821,0.864879
-0.054666,0.069387,3.364602,0.304322,20.012148,10.367818,3.524776,2.637878,152.277350,6.510980,0.949652,0.032405,0.864085
-0.048888,0.070736,3.377631,0.307227,20.012043,10.830843,3.520518,2.606087,152.191189,6.391852,0.948974,0.031862,0.863561
-0.054911,0.072245,3.418216,0.292550,20.012112,10.231107,3.526048,2.620164,152.036276,6.461031,0.947861,0.032132,0.862447
-0.048252,0.073320,3.513300,0.284648,20.012080,10.832952,3.523590,2.633699,151.923076,6.343497,0.947202,0.031601,0.861933
-0.050967,0.074584,3.579770,0.299437,20.012268,10.310212,3.522281,2.615584,151.762941,6.441871,0.946182,0.032029,0.860969
-0.054080,0.075317,3.686170,0.271224,20.012162,10.477415,3.524831,2.599962,151.572147,6.284360,0.945417,0.031299,0.860270
-0.053847,0.078114,3.865951,0.261067,20.012283,10.486797,3.526395,2.618847,151.177236,6.354269,0.944354,0.031636,0.859206
-0.052868,0.079922,3.981907,0.253603,20.012175,10.533735,3.526149,2.610502,150.757858,6.468250,0.943170,0.032173,0.858328
-0.054515,0.082567,4.107553,0.244507,20.012335,10.258393,3.530787,2.617197,150.396885,6.524091,0.941999,0.032441,0.857177
-0.050749,0.085033,4.248988,0.236050,20.012283,10.810723,3.535442,2.609543,150.096505,6.365253,0.941195,0.031765,0.856503
-0.050644,0.086884,4.411898,0.227384,20.012333,10.495308,3.530864,2.607923,149.839684,6.455706,0.940121,0.032134,0.855501
-0.051183,0.089009,4.531949,0.222154,20.012270,10.714708,3.529809,2.615009,149.638575,6.582921,0.939179,0.032767,0.854704
-0.049642,0.091589,4.665446,0.000000,20.012190,10.618310,3.540712,2.597176,149.417021,6.374902,0.938219,0.031788,0.853762
-0.046689,0.094321,4.787356,0.000000,20.012242,11.084733,3.534304,2.630828,149.233914,6.539035,0.937420,0.032511,0.853075
-0.042616,0.096596,4.837440,0.210431,20.012090,11.102135,3.540104,2.595942,149.052381,6.353633,0.936509,0.031692,0.852287
-0.053400,0.098893,5.061563,0.000000,20.012430,10.117565,3.535223,2.610435,148.844528,6.388075,0.935229,0.031795,0.851037
-0.044632,0.101010,5.178371,0.000000,20.012303,11.047895,3.536058,2.607087,148.694055,6.287268,0.934621,0.031381,0.850608
-0.051686,0.103315,5.365297,0.000000,20.012292,10.443042,3.531516,2.591472,148.518961,6.357157,0.933453,0.031658,0.849528
-0.044773,0.106764,5.545508,0.000000,20.012435,10.829155,3.539569,2.594135,148.363324,6.199008,0.932628,0.030939,0.848784
-0.044385,0.109658,5.685406,0.000000,20.012363,11.392585,3.539652,2.587479,148.191841,6.367716,0.931855,0.031654,0.848125
-0.045066,0.113002,5.920516,0.000000,20.012562,10.586627,3.543053,2.607260,147.991469,6.097369,0.930664,0.030424,0.846922
-0.046344,0.115524,6.111826,0.000000,20.012628,11.003280,3.544204,2.599069,147.808073,6.249746,0.929846,0.031122,0.846244
-0.049513,0.119233,6.232063,0.000000,20.012522,10.106707,3.541594,2.601527,147.607621,5.996936,0.928633,0.029864,0.845028
-0.048556,0.122818,6.441273,0.000000,20.012417,10.619175,3.533712,2.608467,147.428430,6.172937,0.927841,0.030655,0.844461
-0.045136,0.126253,6.676964,0.000000,20.012728,10.368212,3.543286,2.587855,147.255189,5.958282,0.926817,0.029694,0.843505
-0.043784,0.130122,6.919550,0.000000,20.012538,11.242525,3.539295,2.583920,147.078976,6.144315,0.926061,0.030513,0.842929
-0.044480,0.134522,7.172191,0.000000,20.012557,10.663083,3.541625,2.603316,146.873117,5.900433,0.924914,0.029363,0.841818
-0.044721,0.139449,7.414338,0.000000,20.012637,10.939958,3.537824,2.603695,146.687682,6.035795,0.923988,0.029947,0.841022
-0.042808,0.144229,7.628116,0.000000,20.012635,10.201802,3.548504,2.586486,146.548746,5.768267,0.922879,0.028732,0.839846
-0.042292,0.148628,7.885924,0.000000,20.012905,10.603233,3.547414,2.575943,146.591546,5.824179,0.921331,0.028881,0.838668
-0.046686,-0.021381,8.151709,0.000000,20.012990,10.076428,3.552438,2.598887,146.584122,5.588249,0.920450,0.027749,0.837605
-0.042774,0.160460,8.534073,0.000000,20.012867,10.360610,3.552521,2.604407,146.412335,5.624855,0.918775,0.027838,0.836289
-0.041425,0.170962,9.008709,0.000000,20.013293,10.111480,3.563114,2.598822,146.128534,5.216297,0.916895,0.025962,0.834482
