SCC,SCV,DVV,ICP,CCDT,CVCT,ACCV C,ACCV D,ECD,ECV,CCD,CCV,SoH
-0.034598,0.015050,0.300612,4.338136,20.008048,11.083530,3.447274,2.753325,179.186808,6.244114,1.074535,0.031060,0.976760
-0.037541,0.015681,0.287324,3.528898,20.008037,10.999973,3.446628,2.743352,179.368133,6.136084,1.075514,0.030334,0.977530
-0.036790,0.015404,0.294240,3.321938,20.008273,10.916750,3.447686,2.751361,179.508696,5.964936,1.076184,0.029579,0.978195
-0.033781,0.014723,0.150042,8.853775,20.008670,10.833347,3.444685,2.751036,179.584982,5.717985,1.076469,0.028460,0.978561
-0.038812,0.015223,0.287043,4.149008,20.009163,10.833563,3.448812,2.752909,179.693526,5.842945,1.076991,0.028954,0.979020
-0.034180,0.014803,0.303956,3.644318,20.008737,10.750088,3.445543,2.740670,179.701877,5.574708,1.077191,0.027758,0.979205
-0.035561,0.014880,0.298861,3.644161,20.009512,10.750098,3.445443,2.760859,179.751209,5.591002,1.077347,0.027853,0.979362
-0.038124,0.014197,0.253520,2.802544,20.009320,10.750002,3.441857,2.750356,179.772731,5.643149,1.077446,0.027986,0.979527
-0.037091,0.014641,0.299526,3.339720,20.009788,10.750323,3.444312,2.738973,179.792332,5.653184,1.077691,0.028053,0.979588
-0.038720,0.014869,0.293282,3.453137,20.009797,10.750035,3.442929,2.755358,179.828109,5.713302,1.077913,0.028344,0.979857
-0.033736,0.015324,0.280869,10.876475,20.009748,10.666892,3.448838,2.738821,179.842487,5.424264,1.077927,0.027029,0.979925
-0.034807,0.014264,0.299245,3.597728,20.010063,10.666757,3.443816,2.736055,179.854485,5.415734,1.078060,0.026966,0.979893
-0.035564,0.014259,0.233320,178.562353,20.009853,10.666765,3.443365,2.754883,179.834165,5.425569,1.078132,0.026992,0.979913
-0.035043,0.014105,0.266582,2.881509,20.010288,10.666900,3.443303,2.748539,179.801620,5.414127,1.078077,0.026948,0.979898
-0.037746,0.014142,0.280897,4.386878,20.010350,10.666687,3.441744,2.764834,179.772667,5.414665,1.078114,0.026952,0.979893
-0.035391,0.014599,0.164350,4.307823,20.010513,10.666740,3.445955,2.741422,179.789593,5.422921,1.078177,0.026962,0.979983
-0.036935,0.014734,0.259796,4.368514,20.010322,10.666903,3.446538,2.756446,179.792178,5.453771,1.078231,0.027086,0.980087
-0.034238,0.014723,0.290765,3.603511,20.010790,10.666650,3.447854,2.743775,179.789314,5.455649,1.078204,0.027129,0.980123
-0.032554,0.014037,0.292639,3.538557,20.011063,10.666838,3.443113,2.746720,179.794721,5.453107,1.078299,0.027061,0.980081
-0.034148,0.014245,0.308969,2.107440,20.011177,10.666767,3.443048,2.758734,179.793703,5.471853,1.078297,0.027150,0.980128
-0.036528,0.014470,0.241293,2.739874,20.011150,10.667010,3.443214,2.730365,179.772731,5.468747,1.078323,0.027100,0.980080
-0.039069,0.014209,0.272016,6.948282,20.011272,10.666747,3.443582,2.739019,179.792093,5.496041,1.078204,0.027212,0.980210
-0.036491,0.014215,0.158316,3.030684,20.011042,10.666715,3.442549,2.735424,179.760946,5.508176,1.078334,0.027259,0.980253
-0.034000,0.014460,0.268673,3.277869,20.011178,10.666798,3.444270,2.721636,179.507671,5.477834,1.077095,0.027121,0.980165
-0.035429,0.014860,0.287963,4.248261,20.010950,10.666665,3.445746,2.745452,179.741018,5.489507,1.078276,0.027182,0.980186
-0.037726,0.013929,0.289315,4.085326,20.011232,10.666785,3.444713,2.752773,179.723422,5.472770,1.078209,0.027144,0.980171
-0.036190,0.014653,0.253500,3.350531,20.011552,10.666857,3.443575,2.756262,179.733161,5.483019,1.078313,0.027117,0.980136
-0.039258,0.014701,0.271932,7.052760,20.010933,10.665783,3.444145,2.748890,179.760514,5.501410,1.078504,0.027203,0.980207
-0.036395,0.014089,0.197044,3.641322,20.011460,10.666673,3.442499,2.748311,179.741656,5.492364,1.078490,0.027269,0.980268
-0.033746,0.013869,0.288591,3.598582,19.947247,10.583305,3.441895,2.762017,179.738334,5.215123,1.078472,0.025934,0.980286
-0.034668,0.014252,0.246147,4.245325,20.011602,10.583573,3.443020,2.745330,179.735133,5.197631,1.078674,0.025867,0.980288
-0.034531,0.014744,0.197692,6.006834,20.011243,10.583528,3.444326,2.732156,179.691780,5.206634,1.078507,0.025930,0.980327
-0.034016,0.014321,0.284011,4.544235,19.988152,10.583263,3.443632,2.754211,179.694453,5.213366,1.078569,0.025967,0.980329
-0.034488,0.014804,0.243172,4.645727,19.993295,10.583465,3.444599,2.735835,179.696340,5.231211,1.078625,0.026032,0.980429
-0.036655,0.014371,0.273451,3.119865,20.011107,10.583512,3.443721,2.754550,179.687601,5.229856,1.078642,0.025999,0.980372
-0.036596,0.014356,0.199781,5.766427,19.951760,10.583382,3.444655,2.752124,179.674931,5.211650,1.078685,0.025940,0.980362
-0.034717,0.014672,0.271062,3.091807,20.011320,10.583317,3.445239,2.728349,179.672595,5.232159,1.078730,0.025986,0.980415
-0.033912,0.014277,0.304205,2.777268,19.964940,10.583355,3.444241,2.744635,179.648408,5.241527,1.078644,0.026008,0.980437
-0.034607,0.014490,0.207204,12.118348,19.990902,10.583343,3.443282,2.748438,179.634001,5.243093,1.077453,0.026013,0.980446
-0.034817,0.014218,0.206696,4.839575,19.980773,10.583552,3.445354,2.764153,179.628613,5.220873,1.078682,0.025932,0.980414
-0.033969,0.014889,0.300253,3.788489,19.946072,10.583453,3.444010,2.754468,179.577310,5.209784,1.078627,0.025863,0.980360
-0.034345,0.014319,0.172198,3.323593,19.914003,10.583275,3.443790,2.746011,179.529679,5.215104,1.078556,0.025896,0.980367
-0.035394,0.014137,0.254026,4.354607,19.936537,10.583502,3.443318,2.770229,179.526995,5.212328,1.077356,0.025892,0.980313
-0.034060,0.015069,0.279732,3.727251,19.987957,10.583290,3.445849,2.752886,179.532180,5.183098,1.078662,0.025794,0.980290
-0.036323,0.013899,0.198626,3.739356,19.945038,10.583268,3.441427,2.756271,179.513355,5.217252,1.078605,0.025893,0.980359
-0.036641,0.014343,0.255065,3.380243,19.898225,10.583332,3.442884,2.747594,179.495252,5.203744,1.078515,0.025846,0.980264
-0.037408,0.014859,0.266399,4.165037,19.912615,10.583507,3.444437,2.754054,179.478817,5.175721,1.078552,0.025793,0.980271
-0.033664,0.014191,0.288870,3.526932,19.861535,10.583420,3.442742,2.749934,179.472014,5.199469,1.078537,0.025809,0.980291
-0.032207,0.014529,0.272641,4.195883,19.823742,10.583383,3.445201,2.766620,179.454395,5.187424,1.078525,0.025785,0.980235
-0.035746,0.014088,0.282496,3.077717,19.825335,10.583278,3.443683,2.749509,179.585693,5.230550,1.078644,0.025898,0.980378
-0.034747,0.014615,0.293757,3.629391,19.835137,10.583500,3.445351,2.762100,179.729684,5.284200,1.078840,0.026118,0.980536
-0.033668,0.014725,0.121390,3.043673,19.883843,10.500132,3.446836,2.752881,179.801124,4.996488,1.078965,0.024865,0.980715
-0.033984,0.014213,0.251380,3.807572,19.846268,10.500148,3.442894,2.754910,179.824688,5.030609,1.079067,0.024943,0.980828
-0.033732,0.014733,0.274347,3.098799,19.839505,10.499903,3.445734,2.749407,179.755415,4.974757,1.079026,0.024776,0.980660
-0.035893,0.014593,0.287897,5.973255,19.781677,10.583417,3.444983,2.746389,179.405845,5.211864,1.078493,0.025797,0.980317
-0.033559,0.014730,0.217280,3.763072,19.808740,10.583407,3.446446,2.744056,179.356922,5.197045,1.078395,0.025822,0.980295
-0.033591,0.014306,0.271362,4.487305,19.807418,10.583503,3.444750,2.747071,179.340842,5.176144,1.078411,0.025785,0.980286
-0.037907,0.014334,0.281070,4.629381,19.789712,10.583462,3.445939,2.764358,179.337431,5.188204,1.078421,0.025742,0.980215
-0.034652,0.014469,0.280492,3.632918,19.804738,10.583343,3.446671,2.740589,179.322743,5.173118,1.078444,0.025709,0.980249
-0.034357,0.014485,0.285978,2.968466,19.831778,10.583500,3.445242,2.743947,179.321582,5.170179,1.078501,0.025704,0.980199
-0.033049,0.014226,0.260366,9.699747,19.744528,10.583433,3.443412,2.720582,179.095518,5.181094,1.077341,0.025754,0.980237
-0.036491,0.013986,0.072853,3.482029,19.782888,10.583515,3.442883,2.747131,179.277970,5.190473,1.078445,0.025682,0.980218
-0.033653,0.014348,0.302361,6.565169,19.770177,10.583448,3.443866,2.752203,179.254879,5.174710,1.078375,0.025699,0.980176
-0.034999,0.014527,0.296209,8.147632,19.803605,10.583408,3.444468,2.745290,179.231391,5.166759,1.078373,0.025661,0.980155
-0.037716,0.014617,0.259106,4.913278,19.791658,10.583255,3.444722,2.746083,179.196783,5.139141,1.078291,0.025560,0.980101
-0.032437,0.014307,0.272964,4.634647,19.791617,10.583380,3.443741,2.753231,179.200110,5.166987,1.078376,0.025625,0.980141
-0.037030,0.014429,0.242195,3.052760,19.814657,10.583477,3.445689,2.758473,179.161575,5.148438,1.078380,0.025557,0.980031
-0.034735,0.014851,0.273530,3.552686,19.768868,10.583357,3.447440,2.750170,179.141573,5.145426,1.078287,0.025554,0.980057
-0.034867,0.013732,0.284311,4.730034,19.800438,10.583337,3.442434,2.740950,179.152375,5.142697,1.077120,0.025508,0.979985
-0.035053,0.014655,0.281795,3.920815,19.800107,10.583325,3.446771,2.746865,179.100808,5.128719,1.078189,0.025484,0.980035
-0.034020,0.014497,0.252534,3.934335,19.738697,10.583540,3.444530,2.744452,179.089319,5.130543,1.076930,0.025487,0.979995
-0.035269,0.013860,0.253310,2.949050,19.832548,10.583317,3.442698,2.752827,179.060379,5.123716,1.078238,0.025484,0.979977
-0.033970,0.014729,0.300432,3.835967,19.744117,10.583417,3.445715,2.745162,179.036896,5.146990,1.078133,0.025523,0.980036
-0.032168,0.014483,0.245777,3.529799,19.793112,10.583493,3.445970,2.744854,179.034779,5.136007,1.078086,0.025496,0.979998
-0.035561,0.014237,0.250102,5.975156,19.740970,10.583395,3.445684,2.750435,179.004628,5.154102,1.078113,0.025544,0.980048
-0.034894,0.014350,0.191660,23.515432,19.749822,10.583423,3.446365,2.743979,179.001309,5.132477,1.078006,0.025446,0.979959
-0.034142,0.014961,0.153528,6.286238,19.778047,10.583380,3.446754,2.736977,178.937255,5.117520,1.078059,0.025375,0.979874
-0.034283,0.014502,0.278420,3.382285,19.707765,10.583360,3.444041,2.756838,178.985636,5.113350,1.078071,0.025320,0.979819
-0.033278,0.014065,0.275595,5.286806,19.693468,10.583368,3.445166,2.762061,178.942997,5.092645,1.078009,0.025379,0.979929
-0.036739,0.014371,0.292546,3.905470,19.734133,10.583375,3.446268,2.762264,178.943178,5.065277,1.077945,0.025100,0.979597
-0.035861,0.014565,0.276917,4.955909,19.716783,10.583373,3.445096,2.743305,178.942195,5.091065,1.078029,0.025267,0.979787
-0.035761,0.014465,0.204450,3.679802,19.673967,10.583375,3.446186,2.732236,178.924476,5.084142,1.077832,0.025284,0.979787
-0.035804,0.014642,0.302889,5.440823,19.738017,10.583292,3.445686,2.755912,178.902571,5.094187,1.077904,0.025292,0.979768
-0.035030,0.014798,0.258484,3.781787,19.730447,10.666635,3.446465,2.740454,178.891729,5.207628,1.078029,0.025775,0.978912
-0.033470,0.015087,0.194071,19.757928,19.711997,10.583327,3.448752,2.751625,178.868704,5.068066,1.077911,0.025246,0.979762
-0.036219,0.014713,0.240898,3.254357,19.744040,10.583410,3.445244,2.744476,178.822219,5.073693,1.077879,0.025212,0.979715
-0.032694,0.014396,0.303635,11.629533,19.673618,10.583408,3.443833,2.758987,178.818486,5.053194,1.077798,0.025146,0.979674
-0.033604,0.014597,0.260508,3.601979,19.712298,10.583457,3.444906,2.754695,178.790323,5.056394,1.077764,0.025131,0.979616
-0.035434,0.014210,0.240037,22.688024,19.698005,10.583440,3.444978,2.753462,178.798154,5.045843,1.077805,0.025126,0.979617
-0.034513,0.014334,0.263179,3.095344,19.740155,10.583438,3.445308,2.757362,178.763079,5.067369,1.077700,0.025129,0.979579
-0.034916,0.014863,0.291747,2.939743,19.640097,10.583420,3.449087,2.747640,178.758254,5.061199,1.077765,0.025165,0.979644
-0.034451,0.015051,0.271161,3.136427,19.701727,10.583417,3.449222,2.735259,178.750015,5.060766,1.077717,0.025122,0.979606
-0.034931,0.014608,0.267612,3.093961,19.714350,10.583395,3.446393,2.759121,178.761627,5.037989,1.077780,0.025144,0.979653
-0.033531,0.014741,0.261843,3.609097,19.693352,10.583523,3.445301,2.746335,178.721412,5.056088,1.077729,0.025097,0.979540
-0.035193,0.014595,0.261741,5.600623,19.697037,10.583395,3.444952,2.729376,178.627361,5.048645,1.077347,0.025036,0.979516
-0.035360,0.014552,0.267691,3.600911,19.675267,10.583492,3.445839,2.743478,178.685823,5.013310,1.076350,0.025000,0.979499
-0.036153,0.014393,0.264461,3.733486,19.675952,10.583342,3.446384,2.742046,178.663777,5.027197,1.076455,0.025005,0.979520
-0.032188,0.013960,0.243902,5.664782,19.614820,10.583490,3.444564,2.737376,178.637756,5.019220,1.077636,0.024942,0.979451
-0.036118,0.014993,0.155027,3.119285,19.664180,10.583392,3.446981,2.746705,178.630656,5.010889,1.077630,0.024943,0.979444
-0.036092,0.015042,0.209141,9.122169,19.676060,10.583440,3.447612,2.744442,178.600074,5.010753,1.077645,0.024920,0.979391
-0.036506,0.014580,0.297789,2.939924,19.580820,10.583488,3.446435,2.759167,178.585747,5.006975,1.077567,0.024925,0.979432
-0.033406,0.014505,0.299644,3.464226,19.618378,10.583355,3.444993,2.744163,178.561507,4.996987,1.077469,0.024806,0.979336
-0.032616,0.014897,0.291144,3.726814,19.613178,10.583418,3.447052,2.744708,178.566088,4.981962,1.077458,0.024820,0.979299
-0.036223,0.014822,0.213558,3.487602,19.581352,10.666707,3.448112,2.753325,178.529579,5.286422,1.077443,0.026168,0.979283
-0.035836,0.014376,0.281943,8.767863,19.604630,10.666665,3.445913,2.743666,178.501564,5.282173,1.077414,0.026138,0.979249
-0.037928,0.015456,0.296160,4.404717,19.619077,10.666625,3.450269,2.747161,178.469514,5.260047,1.077328,0.026021,0.979143
-0.036767,0.015094,0.288577,5.193420,19.542793,10.666785,3.448103,2.733074,178.436607,5.243817,1.077236,0.025929,0.979055
-0.039412,0.015132,0.223107,17.303649,19.589082,10.666837,3.446608,2.747095,178.457564,5.252114,1.077273,0.025969,0.979074
-0.035874,0.015350,0.294167,6.190242,19.606263,10.666888,3.450633,2.744608,178.453500,5.251618,1.077263,0.026019,0.979132
-0.037873,0.014974,0.306164,3.293301,19.603497,10.666690,3.448749,2.759323,178.448608,5.263417,1.077287,0.026026,0.979128
-0.035919,0.014982,0.292579,3.295297,19.523687,10.666770,3.449574,2.753181,178.448877,5.249074,1.077206,0.025968,0.979069
-0.038395,0.015091,0.312549,3.546005,19.596693,10.666823,3.449058,2.754972,178.450216,5.242101,1.077175,0.025954,0.979091
-0.036911,0.015197,0.297792,4.557039,19.526200,10.666812,3.450582,2.750213,178.384217,5.239563,1.077118,0.025897,0.978986
-0.037009,0.015030,0.324892,3.086211,19.592108,10.666750,3.449443,2.725198,178.376129,5.222895,1.077114,0.025831,0.978970
-0.038238,0.014063,0.296492,4.516082,19.529137,10.666648,3.446175,2.739131,178.355193,5.234876,1.077091,0.025870,0.979013
-0.035818,0.014623,0.257393,3.649253,19.532655,10.666742,3.445638,2.744668,178.366206,5.230578,1.077064,0.025820,0.978965
-0.034757,0.014138,0.283321,4.870746,19.525592,10.666782,3.445172,2.750379,178.353178,5.229660,1.077065,0.025822,0.978974
-0.038766,0.014008,0.255599,3.827341,19.524525,10.666717,3.444443,2.740909,178.361922,5.231084,1.077124,0.025793,0.978948
-0.037560,0.014167,0.263052,19.806010,19.573308,10.666812,3.445494,2.769139,178.355479,5.204629,1.077141,0.025777,0.978919
-0.037337,0.015108,0.279862,2.865410,19.545300,10.666728,3.450207,2.727702,178.290171,5.209942,1.076664,0.025805,0.978932
-0.035459,0.014956,0.315933,2.578083,19.537868,10.666702,3.447271,2.745502,178.341631,5.207743,1.076955,0.025726,0.978843
-0.035973,0.014617,0.228724,4.996658,19.544100,10.666820,3.447192,2.750690,178.312907,5.172685,1.076988,0.025613,0.978851
-0.037753,0.014243,0.310587,2.398758,19.574550,10.666552,3.447630,2.765283,178.255364,5.164860,1.076863,0.025563,0.978757
-0.036012,0.014544,0.239325,5.895201,19.531922,10.666778,3.448467,2.751405,178.222768,5.182108,1.076845,0.025624,0.978768
-0.037902,0.014654,0.242963,34.134375,19.597775,10.666710,3.447541,2.735576,178.205487,5.197144,1.076833,0.025688,0.978839
-0.036043,0.015133,0.278003,3.417903,19.529820,10.666660,3.450223,2.742757,178.207214,5.174153,1.076648,0.025568,0.978728
-0.035198,0.014690,0.317553,3.716260,19.530610,10.666637,3.447987,2.731667,178.183496,5.144660,1.076664,0.025488,0.978622
-0.036052,0.015260,0.260928,6.728609,19.577862,10.666793,3.451117,2.761541,178.168416,5.141406,1.076715,0.025441,0.978590
-0.037087,0.014832,0.303277,3.212886,19.508418,10.666775,3.449455,2.749959,178.139685,5.134104,1.076657,0.025429,0.978636
-0.033356,0.014275,0.260885,3.316209,19.545805,10.666745,3.446605,2.740056,178.137126,5.108619,1.076610,0.025347,0.978501
-0.034611,0.014825,0.299168,4.605484,19.497157,10.666788,3.446830,2.743232,178.085261,5.112464,1.076567,0.025336,0.978491
-0.034619,0.014991,0.301408,3.312105,19.465582,10.666783,3.449656,2.742447,178.055737,5.109433,1.076592,0.025258,0.978449
-0.034108,0.014689,0.222678,3.835980,19.472875,10.666820,3.448290,2.728042,177.987685,5.094322,1.076221,0.025243,0.978417
-0.036696,0.014561,0.309478,4.212725,19.475833,10.666750,3.446087,2.740037,178.001032,5.088726,1.076397,0.025252,0.978401
-0.034504,0.014069,0.328352,2.833295,19.439033,10.666730,3.445276,2.756233,178.006325,5.077868,1.076490,0.025208,0.978383
-0.033604,0.014378,0.287926,3.082101,19.463623,10.666582,3.446520,2.752441,177.976281,5.064814,1.076258,0.025143,0.978280
-0.035233,0.014691,0.320130,3.736813,19.543902,10.666647,3.447273,2.755507,177.997870,5.066794,1.076429,0.025182,0.978366
-0.035683,0.015217,0.314486,3.312552,19.420050,10.666602,3.449062,2.749529,177.988994,5.079221,1.076314,0.025210,0.978350
-0.035035,0.015385,0.300029,3.792518,19.467477,10.666807,3.451145,2.735583,177.993777,5.047350,1.076291,0.025095,0.978266
-0.032986,0.014906,0.309158,3.003124,19.454660,10.666700,3.448548,2.740807,177.970279,5.067855,1.076307,0.025130,0.978310
-0.032565,0.014794,0.267515,3.614110,19.474593,10.666860,3.448722,2.760540,177.957249,5.095175,1.076262,0.025106,0.978238
-0.036221,0.015101,0.216282,5.173735,19.392895,10.666595,3.450116,2.742017,177.943263,5.151898,1.076170,0.025046,0.978217
-0.034539,0.014700,0.302705,1.982794,19.468615,10.666672,3.447945,2.752782,177.696252,5.053123,1.074954,0.025053,0.978167
-0.035736,0.015149,0.302119,3.021499,19.450173,10.666722,3.449680,2.741473,177.890518,5.017804,1.076140,0.024984,0.978123
-0.035357,0.014882,0.301206,3.142680,19.416657,10.666730,3.447561,2.731464,177.853189,5.017269,1.076065,0.024944,0.978152
-0.035369,0.015085,0.300478,2.997970,19.454603,10.666732,3.449989,2.744395,177.819833,5.027072,1.075967,0.024942,0.977821
-0.036543,0.014951,0.331767,2.891444,19.452125,10.666673,3.448184,2.743473,177.811686,5.010197,1.075946,0.024879,0.978019
-0.035610,0.015371,0.344061,3.013889,19.437238,10.666783,3.449914,2.741035,177.796787,4.996583,1.075972,0.024831,0.977883
-0.033996,0.015035,0.242573,3.285953,19.486847,10.666902,3.449148,2.753480,177.809695,5.007185,1.075994,0.024863,0.977963
-0.035253,0.014905,0.290588,3.293516,19.426658,10.666650,3.449288,2.757020,177.817605,4.998649,1.075973,0.024824,0.977952
-0.035201,0.015228,0.322399,2.651695,19.431880,10.666778,3.448505,2.752326,177.799715,4.989483,1.075852,0.024848,0.977997
-0.033445,0.014807,0.305974,3.749730,19.431817,10.666840,3.446663,2.730982,177.766041,5.002724,1.075929,0.024860,0.977978
-0.034209,0.015078,0.299623,4.800467,19.384390,10.750207,3.449580,2.746630,177.777063,4.964303,1.075894,0.024669,0.976366
-0.033761,0.015491,0.295415,3.389492,19.387302,10.833378,3.449166,2.739288,177.739830,5.061922,1.075915,0.025098,0.975441
-0.035571,0.015455,0.235348,3.679890,19.352253,10.466088,3.451648,2.750721,177.684605,5.187372,1.075595,0.025624,0.976009
-0.035206,0.015810,0.300351,4.990526,19.410848,10.666797,3.451784,2.753215,177.675153,4.950313,1.075714,0.024582,0.977702
-0.035534,0.015028,0.301640,4.575524,19.361845,10.749888,3.451049,2.730914,177.400550,5.238531,1.074413,0.025916,0.977659
-0.037454,0.015510,0.319310,3.462333,19.373538,10.750170,3.450640,2.740555,177.627583,5.233843,1.075618,0.025894,0.977626
-0.035743,0.015458,0.320764,3.676982,19.370397,10.666732,3.451969,2.741109,177.597752,4.960859,1.075616,0.024631,0.977730
-0.034373,0.015215,0.271010,2.947819,19.435547,10.916875,3.447033,2.744037,177.624384,5.133609,1.075629,0.025367,0.974358
-0.033185,0.015590,0.326006,2.527198,19.378550,10.666605,3.453269,2.745497,177.687757,4.942153,1.075534,0.024543,0.977636
-0.035982,0.015254,0.316748,3.156995,19.386405,10.518388,3.450774,2.738652,177.780378,4.918665,1.075608,0.024461,0.977652
-0.033205,0.015275,0.316285,3.014068,19.386582,10.666643,3.449779,2.758784,177.832534,4.934050,1.075734,0.024517,0.977708
-0.036351,0.015423,0.329198,2.800018,19.359767,10.666663,3.450396,2.756226,177.775620,4.936034,1.075701,0.024482,0.977666
-0.033555,0.015030,0.283160,2.698232,19.381050,10.666753,3.449907,2.746889,177.664556,4.913370,1.075572,0.024436,0.977587
-0.035334,0.014652,0.322452,5.897755,19.330392,10.750097,3.449785,2.756821,177.545310,5.174982,1.075373,0.025576,0.977402
-0.035175,0.014801,0.324006,2.935660,19.351693,10.602665,3.449531,2.755071,177.507181,5.152988,1.075267,0.025489,0.977296
-0.038023,0.014720,0.327127,4.719727,19.317103,10.750017,3.447323,2.744820,177.476291,5.156255,1.075156,0.025487,0.977291
-0.036979,0.015764,0.323832,3.562723,19.355605,10.750142,3.452402,2.735770,177.601446,5.167731,1.075257,0.025551,0.977324
-0.037197,0.015471,0.317331,4.359531,19.405620,10.666660,3.450092,2.738396,177.706670,4.891743,1.075412,0.024320,0.977445
-0.035823,0.015273,0.315041,3.439594,19.395778,10.666800,3.449982,2.746418,177.777133,4.901059,1.075519,0.024337,0.977514
-0.032580,0.015215,0.266908,3.489182,19.402868,10.666918,3.449608,2.736994,177.803127,4.914397,1.075525,0.024366,0.977560
-0.032894,0.015473,0.324978,3.439023,19.336165,10.666843,3.451600,2.745746,177.588096,4.923714,1.074347,0.024476,0.977697
-0.035505,0.014544,0.220566,3.321382,19.371638,10.666650,3.447056,2.745254,177.719546,4.902761,1.075534,0.024339,0.977542
-0.033832,0.015578,0.326157,4.847719,19.393030,10.666740,3.452133,2.743230,177.658699,4.885043,1.075381,0.024273,0.977437
-0.037749,0.015573,0.349418,2.889231,19.353615,10.750022,3.450801,2.748708,177.539750,5.168628,1.075265,0.025604,0.977351
-0.036642,0.015427,0.268092,3.752280,19.273777,10.750048,3.451220,2.746394,177.365962,5.148194,1.074909,0.025464,0.977274
-0.035061,0.015397,0.215811,4.776954,19.318140,10.750028,3.450701,2.751735,177.355499,5.133224,1.075032,0.025341,0.977112
-0.034033,0.014534,0.322116,2.721786,19.346462,10.750028,3.447458,2.753058,177.335229,5.096453,1.074719,0.025262,0.977058
-0.035492,0.014712,0.244461,57.394757,19.260962,10.750040,3.449559,2.753925,177.326830,5.073694,1.074883,0.025193,0.976993
-0.037126,0.015261,0.319783,2.673086,19.291050,10.750027,3.452612,2.737190,177.294803,5.036073,1.074825,0.024977,0.976886
-0.036076,0.014721,0.320418,2.944402,19.290460,10.749967,3.449177,2.750130,177.263613,5.049279,1.074702,0.025085,0.976887
-0.034674,0.015221,0.309105,4.977792,19.300055,10.750010,3.452206,2.750331,177.268337,5.040222,1.074534,0.024944,0.976788
-0.036711,0.015059,0.311009,2.362521,19.287950,10.750102,3.451119,2.753628,177.219941,5.036304,1.074672,0.025009,0.976800
-0.034729,0.015039,0.333348,5.097629,19.271528,10.750007,3.451343,2.739588,177.193695,5.030035,1.074598,0.024942,0.976717
-0.034163,0.015423,0.268953,2.838855,19.285090,10.749930,3.451495,2.728399,177.188419,5.006642,1.074563,0.024807,0.976652
-0.033593,0.016160,0.357996,2.964155,19.260530,10.393633,3.455131,2.745819,177.206648,4.980380,1.074267,0.024687,0.976438
-0.032988,0.014955,0.263097,3.648051,19.318220,10.750140,3.451473,2.744441,177.259439,4.998058,1.074574,0.024802,0.976579
-0.036374,0.014922,0.328925,3.371413,19.291712,10.750143,3.450599,2.727263,177.226328,4.993577,1.074047,0.024760,0.976645
-0.035355,0.014768,0.342573,3.032484,19.294127,10.750115,3.449541,2.762527,177.464293,5.050707,1.074753,0.024967,0.976748
-0.034977,0.015643,0.328991,3.054619,19.317605,10.749902,3.452738,2.751340,177.460807,5.058767,1.074902,0.024974,0.976775
-0.035545,0.015238,0.323153,4.248978,19.300098,10.727332,3.450786,2.753664,177.379880,5.035970,1.074636,0.024909,0.976748
-0.034663,0.014925,0.325796,2.586566,19.334872,10.750205,3.450111,2.757035,177.223846,4.978417,1.074561,0.024735,0.976676
-0.033407,0.015519,0.329399,2.927328,19.258123,10.749995,3.452174,2.739734,177.112435,5.020188,1.074372,0.024852,0.976581
-0.033173,0.015556,0.325957,2.853845,19.203475,10.750150,3.452651,2.745642,177.067253,4.969225,1.074256,0.024702,0.976448
-0.036632,0.015345,0.321338,2.946389,19.254142,10.750160,3.451104,2.742976,177.203253,4.957313,1.074248,0.024623,0.976374
-0.037790,0.015311,0.336923,3.182452,19.286897,10.749875,3.450971,2.765741,177.389683,5.039012,1.074525,0.024919,0.976732
-0.033724,0.015240,0.350125,2.890876,19.370723,10.749955,3.450795,2.742242,177.536819,5.066762,1.074700,0.024962,0.976789
-0.036674,0.014937,0.338463,3.295167,19.314415,10.750127,3.449197,2.759275,177.576831,5.062389,1.074685,0.024995,0.976787
-0.038113,0.014848,0.341524,3.453122,19.309380,10.750023,3.449907,2.759802,177.591544,5.068103,1.074585,0.025032,0.976838
-0.036189,0.015462,0.314518,2.850855,19.349082,10.750010,3.451799,2.749176,177.595117,5.061626,1.074731,0.024978,0.976786
-0.036819,0.014800,0.342764,1.903083,19.291178,10.750113,3.448662,2.757441,177.545727,5.045216,1.074598,0.024945,0.976750
-0.037399,0.014755,0.321494,2.516970,19.273158,10.750192,3.449631,2.750777,177.255754,5.016785,1.073383,0.024749,0.976589
-0.034231,0.014803,0.297243,2.731157,19.266285,10.750195,3.448094,2.738753,177.207469,4.964485,1.074354,0.024615,0.976448
-0.036805,0.015606,0.331982,2.968755,19.281868,10.833460,3.451233,2.736879,177.005811,5.224680,1.074040,0.025772,0.976138
-0.032895,0.015946,0.306555,2.847199,19.170873,10.833383,3.455705,2.745586,176.981935,5.203575,1.071603,0.025713,0.976079
-0.035692,0.015454,0.282456,3.533237,19.218935,10.833473,3.452660,2.739266,176.945844,5.190799,1.073910,0.025621,0.975976
-0.037326,0.015513,0.349456,3.030651,19.235900,10.833418,3.452002,2.733803,176.910366,5.162216,1.073832,0.025529,0.975914
-0.034755,0.015259,0.330751,2.436459,19.225752,10.833398,3.451889,2.750114,176.898873,5.158780,1.070054,0.025554,0.975902
-0.035979,0.015493,0.314046,3.323989,19.243407,10.833367,3.453847,2.741035,176.860694,5.142172,1.068824,0.025427,0.975793
-0.035065,0.014980,0.256821,3.348447,19.228360,10.833448,3.451898,2.737166,176.841953,5.155035,1.073582,0.025475,0.975839
-0.037420,0.015711,0.322451,2.780499,19.168090,10.833410,3.453453,2.748275,176.815136,5.134877,1.073509,0.025430,0.975785
-0.035403,0.015067,0.348817,3.368124,19.180712,10.833427,3.450747,2.729051,176.800539,5.107991,1.073529,0.025293,0.975683
-0.032798,0.015956,0.338101,3.008116,19.220635,10.833568,3.455458,2.736599,176.831271,5.092082,1.073579,0.025232,0.975674
-0.036032,0.015373,0.371006,3.394317,19.156723,10.833303,3.452804,2.739982,176.879865,5.118468,1.073508,0.025319,0.975709
-0.039029,0.015297,0.344100,2.911956,19.256098,10.833462,3.451830,2.732687,176.946033,5.132200,1.073679,0.025340,0.975752
-0.037560,0.015483,0.353329,2.962307,19.221778,10.833408,3.452203,2.707329,176.908484,5.140324,1.072821,0.025413,0.975774
-0.034469,0.016053,0.331921,2.208541,19.216683,10.749958,3.455475,2.733947,177.099060,4.831824,1.073543,0.024056,0.975932
-0.033316,0.015304,0.260806,2.423280,19.198305,10.750025,3.450165,2.743329,177.052277,4.846587,1.073679,0.024079,0.975886
-0.037308,0.015676,0.366150,3.187542,19.196285,10.833380,3.453247,2.761360,176.877136,5.123441,1.073531,0.025293,0.975697
-0.033046,0.015608,0.356839,1.940932,19.155298,10.833483,3.452584,2.751549,176.725804,5.072233,1.073177,0.025125,0.975505
-0.034881,0.015981,0.311127,3.651015,19.210778,10.769487,3.455700,2.750781,176.707449,5.073649,1.073236,0.025103,0.975494
-0.034697,0.016531,0.350743,3.213668,19.161487,10.833458,3.456650,2.738191,176.687757,5.046507,1.073142,0.025038,0.975413
-0.035172,0.015566,0.363765,2.582868,19.145473,10.833380,3.452328,2.739846,176.779308,5.047395,1.073178,0.024994,0.975423
-0.037064,0.015187,0.333145,3.014683,19.149283,10.833293,3.449012,2.739588,176.879603,5.070438,1.073274,0.025030,0.975455
-0.036037,0.014756,0.359802,2.729386,19.180765,10.833505,3.450752,2.751488,176.965268,5.078223,1.073368,0.025121,0.975522
-0.038727,0.015856,0.330509,3.043568,19.213287,10.833370,3.453727,2.747276,176.995625,5.104322,1.073382,0.025198,0.975598
-0.039187,0.016033,0.340199,2.833649,19.222387,10.736223,3.452805,2.742012,176.971821,5.075966,1.073321,0.025085,0.975524
-0.036610,0.015791,0.352187,2.482526,19.188952,10.833462,3.453433,2.733281,176.953400,5.039368,1.073365,0.024922,0.975526
-0.036804,0.015363,0.350676,2.346263,19.164728,10.833465,3.453734,2.753133,176.881741,5.072931,1.073151,0.025053,0.975463
-0.037373,0.015995,0.356615,3.505586,19.143098,10.833392,3.452972,2.734869,176.791146,5.031094,1.073068,0.024933,0.975346
-0.035879,0.015441,0.324351,4.968803,19.128252,10.833428,3.455191,2.736830,176.566673,5.010146,1.072838,0.024781,0.975160
-0.032848,0.015619,0.320667,2.837224,19.097283,10.833538,3.452626,2.759937,176.556046,4.955775,1.072612,0.024691,0.975031
-0.033388,0.015658,0.355448,2.729263,19.151233,10.916742,3.453789,2.742809,176.552503,5.096068,1.072665,0.025214,0.974196
-0.035529,0.015927,0.318115,2.674645,19.116415,10.803545,3.454446,2.734045,176.503552,4.950421,1.072653,0.024556,0.974965
-0.033242,0.016358,0.365703,2.726485,19.151003,10.833437,3.456414,2.742316,176.497271,4.922814,1.072642,0.024521,0.974880
-0.036439,0.016571,0.345201,3.103536,19.109432,10.916580,3.458115,2.738727,176.449593,5.226382,1.072516,0.025915,0.974897
-0.036898,0.015826,0.355201,3.294263,19.120430,10.916745,3.453529,2.752347,176.416444,5.223001,1.072473,0.025813,0.974791
-0.033988,0.015711,0.335552,2.728296,19.102262,10.906840,3.454398,2.743169,176.391622,5.194572,1.072395,0.025739,0.974657
-0.033572,0.016341,0.316682,6.892102,19.088737,10.916822,3.456367,2.751519,176.405463,5.199775,1.072369,0.025662,0.974661
-0.036305,0.015780,0.242593,7.929839,19.125957,10.916662,3.455019,2.742767,176.404852,5.216218,1.072364,0.025719,0.974683
-0.038497,0.016200,0.336457,3.264052,19.100698,10.916768,3.454942,2.744368,176.422696,5.218061,1.072286,0.025801,0.974773
-0.038743,0.016096,0.354325,3.775109,19.123262,10.834252,3.454549,2.741826,176.431458,5.182470,1.072273,0.025679,0.974602
-0.035609,0.015828,0.344865,3.397512,19.118042,10.746812,3.454643,2.749798,176.486144,5.172798,1.072203,0.025556,0.974539
-0.033259,0.016165,0.351038,2.648281,19.156113,10.833463,3.454929,2.756839,176.608224,4.922716,1.072434,0.024384,0.974796
-0.035281,0.015264,0.351570,3.461401,19.140548,10.704223,3.450897,2.746484,176.648544,4.876637,1.072361,0.024251,0.974698
-0.046856,0.015518,0.355049,2.648024,19.030900,9.254840,3.454307,2.751769,176.439709,4.963857,1.071292,0.024505,0.973823
-0.038419,0.015956,0.346930,2.496875,19.089708,10.444695,3.457290,2.744435,176.335423,5.106799,1.071864,0.025225,0.974246
-0.034890,0.015077,0.286508,3.490971,19.064230,10.916813,3.451158,2.751754,176.276163,5.115123,1.071945,0.025405,0.974373
-0.033631,0.016030,0.155551,2.115187,19.092953,10.916678,3.456087,2.754840,176.290468,5.078165,1.071934,0.025233,0.974282
-0.033963,0.016236,0.356097,2.849776,19.097087,10.916733,3.456428,2.743955,176.253198,5.088668,1.071884,0.025194,0.974206
-0.036944,0.015647,0.383970,2.180703,19.073948,10.588743,3.453179,2.763744,176.353209,5.060492,1.071797,0.025048,0.974197
-0.039444,0.015837,0.265217,5.146307,19.163070,10.916755,3.455202,2.729871,176.504602,5.109937,1.072027,0.025184,0.974339
-0.036872,0.015865,0.364850,2.794432,19.112372,10.916893,3.456255,2.770029,176.548681,5.112248,1.072127,0.025375,0.974440
-0.037158,0.015638,0.331126,4.851889,19.108175,10.648398,3.452429,2.738224,176.591367,4.814780,1.072074,0.023894,0.974322
-0.036441,0.015961,0.342765,2.868542,19.097875,10.704662,3.454706,2.744838,176.551638,4.812714,1.072023,0.023904,0.974309
-0.034598,0.015940,0.318096,2.916482,19.112042,10.833330,3.453701,2.747399,176.527340,4.821811,1.072025,0.023918,0.974317
-0.037665,0.016055,0.340882,2.305061,19.150107,10.880925,3.454456,2.738490,176.525900,5.111116,1.071999,0.025243,0.974251
-0.038050,0.016203,0.357362,2.358323,19.105553,10.789000,3.454912,2.737634,176.321639,5.085773,1.071751,0.025172,0.974189
-0.035796,0.015997,0.359863,3.079754,19.074365,10.916747,3.453789,2.749817,176.135815,5.043671,1.071573,0.025028,0.974034
-0.038694,0.016086,0.330986,2.852654,19.048863,10.517477,3.454588,2.749552,176.101020,4.986623,1.071302,0.024723,0.973751
-0.037009,0.015985,0.335748,3.741573,19.046243,10.560227,3.455865,2.743252,176.096592,4.984737,1.071242,0.024688,0.973694
-0.036309,0.016276,0.355211,2.978036,19.034707,10.916715,3.457399,2.751080,176.067631,5.003148,1.071403,0.024853,0.973838
-0.035313,0.015598,0.355698,2.791667,19.041377,10.985438,3.453982,2.753807,176.059216,5.107736,1.071333,0.025331,0.972950
-0.038170,0.015610,0.352279,2.910562,19.014562,10.251355,3.454501,2.741645,175.993083,4.908892,1.071013,0.024395,0.973451
-0.033845,0.016667,0.308895,2.785400,19.047765,10.803555,3.456776,2.748009,176.014994,4.975544,1.071166,0.024661,0.973660
-0.034811,0.016462,0.362626,3.241667,19.061390,10.916902,3.457926,2.757355,175.982102,4.966862,1.071075,0.024661,0.973662
-0.033686,0.016119,0.313594,3.065039,19.030393,10.916628,3.456376,2.751041,175.954805,4.944205,1.071086,0.024606,0.973566
-0.034424,0.016470,0.352912,3.526273,19.079407,10.916752,3.458060,2.751090,175.953346,4.944407,1.071082,0.024568,0.973544
-0.036351,0.015830,0.396285,2.725036,19.052472,11.000128,3.455187,2.757037,175.922327,5.238260,1.071018,0.025882,0.973176
-0.037686,0.015809,0.297994,3.978697,19.023445,10.999973,3.453808,2.736201,175.920663,5.234277,1.070873,0.025850,0.972867
-0.033114,0.016142,0.324003,2.905896,19.077002,10.916848,3.453448,2.741328,175.999434,4.915573,1.071012,0.024424,0.972829
-0.035879,0.015913,0.359575,2.431871,19.092923,10.478485,3.453557,2.744190,176.072563,4.896976,1.070874,0.024279,0.973263
-0.038877,0.016521,0.319164,3.382216,19.034137,10.204908,3.456900,2.750643,176.010464,4.854653,1.070677,0.024110,0.973102
-0.038250,0.016760,0.335244,2.421936,19.029443,11.000108,3.458673,2.760411,175.934660,5.203101,1.070860,0.025738,0.973354
-0.037971,0.016508,0.374241,3.896087,19.037102,10.919008,3.457764,2.746502,175.870590,5.163153,1.070738,0.025590,0.973194
-0.038071,0.016806,0.329644,3.029851,19.044377,10.999980,3.458804,2.746599,175.885900,5.188452,1.070755,0.025635,0.972972
-0.037882,0.016392,0.385293,3.340477,19.037617,10.809267,3.457393,2.749399,175.816222,5.148006,1.070583,0.025438,0.972774
-0.036038,0.015785,0.395746,2.383712,19.009608,10.999993,3.454699,2.737784,175.857259,5.161905,1.070632,0.025483,0.973115
-0.035970,0.015988,0.368436,2.714495,18.996127,11.000025,3.454323,2.757260,175.985105,5.154868,1.070706,0.025511,0.973102
-0.033037,0.016678,0.322952,3.531157,19.060485,10.916708,3.456081,2.745469,176.100998,4.879300,1.070750,0.024246,0.973279
-0.034301,0.016215,0.279799,2.457376,19.051583,10.879688,3.454970,2.750911,176.181297,4.877783,1.070851,0.024198,0.973212
-0.038694,0.015957,0.370460,2.733237,19.045647,10.603368,3.454413,2.756389,176.240583,4.986650,1.070776,0.024630,0.972304
-0.037450,0.016270,0.372800,2.996215,19.065772,11.000208,3.455100,2.754538,176.246345,5.018005,1.070928,0.024802,0.972508
-0.037360,0.016217,0.376830,2.362119,19.038695,10.639553,3.456486,2.736621,176.279950,4.920167,1.070729,0.024257,0.973432
-0.041395,0.016254,0.364143,3.642628,18.982455,9.672023,3.455773,2.752209,176.189929,4.765597,1.070261,0.023629,0.972769
-0.037041,0.016217,0.359178,3.019752,18.986753,9.895312,3.453747,2.753909,175.990107,4.751452,1.070305,0.023552,0.972619
-0.036060,0.016079,0.300433,2.659559,18.990698,11.000048,3.456492,2.751510,175.787682,5.118388,1.070257,0.025299,0.972912
-0.041528,0.016144,0.371449,2.848506,18.937677,10.221167,3.455313,2.739007,175.692726,5.008947,1.069770,0.024731,0.972372
-0.033144,0.016205,0.390889,2.910983,18.986272,10.999988,3.455764,2.748185,175.716063,5.028502,1.070057,0.024958,0.972630
-0.033428,0.016121,0.384392,2.602741,18.994765,11.000053,3.456378,2.753049,175.681641,5.023005,1.070028,0.024953,0.972598
-0.035930,0.016199,0.400083,3.110567,18.973980,10.563755,3.457601,2.733439,175.661681,5.000307,1.069762,0.024756,0.972361
-0.039282,0.016547,0.352386,2.781036,18.905915,10.409128,3.458488,2.742394,175.623938,4.969137,1.069593,0.024631,0.972255
-0.033923,0.016628,0.347058,2.553637,18.920477,10.988007,3.457549,2.753825,175.623193,4.995262,1.069739,0.024758,0.972383
-0.035145,0.015862,0.353300,6.446638,18.971963,10.929343,3.453541,2.751696,175.601749,4.984477,1.069746,0.024740,0.972340
-0.034345,0.017060,0.165818,6.092255,18.940167,10.764555,3.458432,2.737098,175.584579,4.959262,1.069720,0.024610,0.972214
-0.035095,0.016805,0.381966,3.020352,18.941750,10.878275,3.460063,2.745955,175.565997,4.952468,1.069597,0.024586,0.972198
-0.037177,0.016212,0.401248,2.775416,18.892613,10.355900,3.454908,2.751423,175.542302,4.901475,1.069533,0.024321,0.971906
-0.036510,0.016523,0.379885,3.351256,18.942162,11.000073,3.457815,2.756531,175.557898,4.947496,1.069561,0.024561,0.972119
-0.035944,0.016515,0.379358,2.395837,18.921455,11.000092,3.458968,2.737203,175.581665,4.940316,1.069765,0.024567,0.972136
-0.033361,0.017188,0.385400,3.017962,18.917603,10.999885,3.459975,2.738231,175.574142,4.932909,1.069598,0.024518,0.972141
-0.038865,0.016912,0.363250,2.747480,18.892598,10.777668,3.458220,2.751152,175.535109,5.193222,1.069360,0.025691,0.971876
-0.039251,0.016270,0.401113,3.057839,18.940750,10.913538,3.455658,2.743892,175.553905,5.202839,1.069366,0.025713,0.971938
-0.040789,0.016470,0.400973,2.739282,18.874630,10.499182,3.456879,2.745203,175.525239,5.170878,1.069091,0.025456,0.971740
-0.037635,0.017023,0.399950,2.737842,18.891178,10.660637,3.460474,2.750997,175.528690,5.151654,1.069103,0.025479,0.971701
-0.044600,0.016900,0.377162,12.180302,18.843970,9.654308,3.457606,2.748012,175.392596,5.034101,1.068463,0.024873,0.971231
-0.034565,0.016133,0.269991,2.383626,18.904075,11.004143,3.457250,2.748597,175.483317,5.150250,1.069151,0.025436,0.971695
-0.041293,0.016567,0.401083,2.891524,18.877960,10.307035,3.458125,2.726680,175.520269,5.109164,1.068887,0.025229,0.971480
-0.036189,0.016609,0.245783,11.669149,18.906650,11.083350,3.456720,2.754898,175.590380,5.190530,1.069209,0.025623,0.971802
-0.034652,0.016123,0.380763,2.283805,18.931790,11.000130,3.457056,2.751787,175.642423,4.871073,1.069214,0.024233,0.971803
-0.035732,0.016807,0.373472,2.622899,18.938850,10.889142,3.458308,2.746343,175.650769,4.887147,1.069217,0.024235,0.971868
-0.035378,0.015911,0.405395,2.352014,18.929618,10.926533,3.457354,2.740933,175.650729,4.873677,1.069225,0.024158,0.971769
-0.034242,0.017086,0.374247,4.583023,18.897030,10.910433,3.460664,2.755640,175.611366,4.881139,1.069170,0.024136,0.971713
-0.038578,0.016331,0.317417,2.735334,18.917055,10.084050,3.455974,2.757106,175.605963,4.763471,1.068785,0.023677,0.971362
-0.040175,0.016634,0.335127,3.905703,18.852168,10.292433,3.458532,2.748225,175.400907,5.067609,1.068575,0.025060,0.971289
-0.040276,0.017128,0.416297,2.687980,18.832837,10.118783,3.458671,2.747199,175.311211,5.003727,1.068183,0.024722,0.970988
-0.034973,0.016088,0.370285,2.585776,18.884165,10.872075,3.456341,2.752042,175.330602,5.055161,1.068678,0.025105,0.971314
-0.036920,0.016791,0.393226,3.226329,18.908827,11.083392,3.460093,2.738430,175.343427,5.063522,1.068725,0.025097,0.971305
-0.038670,0.016602,0.347789,3.194130,18.855478,10.564580,3.457340,2.765055,175.292714,5.018358,1.068374,0.024853,0.971069
-0.036958,0.016727,0.330683,2.790994,18.853138,11.083420,3.458804,2.744465,175.292022,5.034828,1.068583,0.024983,0.971226
-0.036911,0.016741,0.383393,2.242486,18.856947,10.676380,3.458772,2.729738,175.117057,4.988397,1.067571,0.024728,0.970976
-0.037258,0.016420,0.407103,2.393523,18.878578,10.894077,3.458822,2.732746,175.260485,4.984036,1.068371,0.024743,0.971012
-0.038476,0.016182,0.385415,2.540468,18.880207,10.849827,3.456828,2.725272,175.119696,4.984533,1.067808,0.024697,0.970990
-0.034247,0.017422,0.417374,2.496710,18.846940,10.839182,3.461331,2.749230,175.217341,4.980397,1.068338,0.024692,0.970982
-0.036828,0.016650,0.381294,2.704694,18.859723,10.542472,3.458688,2.744482,175.188376,4.957084,1.068145,0.024539,0.970798
-0.036491,0.016818,0.348894,4.466355,18.835193,10.478365,3.457791,2.742282,175.168023,4.924851,1.067978,0.024423,0.970651
-0.035693,0.016163,0.404978,2.575834,18.906323,11.033542,3.456513,2.754779,175.392278,4.995001,1.068303,0.024760,0.971006
-0.034353,0.016790,0.419032,2.395544,18.886777,10.461445,3.459794,2.751457,175.799461,4.735989,1.068501,0.023489,0.971125
-0.038766,0.016214,0.383559,2.225622,18.923697,10.067650,3.455367,2.761481,176.001964,4.742113,1.068557,0.023438,0.971251
-0.037723,0.015821,0.385593,2.522900,18.941217,10.194353,3.454263,2.749202,176.062810,4.793883,1.068626,0.023587,0.971350
-0.038644,0.016253,0.360071,2.665076,18.947112,10.354383,3.456531,2.761006,175.975350,4.744761,1.068664,0.023572,0.971372
-0.034161,0.016174,0.352787,5.456603,18.989768,11.000168,3.454473,2.750057,175.966002,4.816173,1.068879,0.023799,0.971535
-0.038161,0.016134,0.374899,2.851660,18.912618,10.162597,3.456276,2.728624,175.921292,4.717044,1.068477,0.023401,0.971174
-0.039045,0.016643,0.319949,2.871204,18.939770,10.200225,3.459043,2.751659,175.959894,4.722565,1.068449,0.023314,0.971112
-0.043940,0.015850,0.304346,18.841307,18.936112,9.289220,3.454163,2.766999,176.150753,4.639695,1.068161,0.022880,0.970784
-0.035192,0.016481,0.328780,3.110044,18.942468,9.919705,3.455942,2.757364,176.375261,4.456015,1.068658,0.022110,0.971287
-0.036421,0.016326,0.368410,3.424637,19.005080,10.005788,3.455878,2.763673,176.565920,4.492893,1.068850,0.022268,0.971509
-0.037987,0.016311,0.214100,4.029294,18.994235,10.154393,3.455577,2.759956,176.687625,4.538966,1.068932,0.022418,0.971617
-0.042673,0.015591,0.373102,2.597321,19.056655,9.999117,3.452105,2.740836,176.793543,4.559997,1.069063,0.022479,0.971717
-0.037448,0.016206,0.350874,3.313982,19.050898,10.420558,3.451838,2.766189,176.846489,4.594058,1.069292,0.022610,0.971872
-0.037136,0.015959,0.302201,2.249095,19.056898,10.090007,3.454858,2.745094,176.832961,4.552491,1.069170,0.022405,0.971698
-0.042631,0.015877,0.379338,2.460372,19.053135,9.861622,3.452593,2.756194,176.792574,4.544604,1.069048,0.022350,0.971614
-0.039829,0.015783,0.355380,3.297761,19.010667,10.064067,3.451577,2.754691,176.551136,4.503038,1.068934,0.022259,0.971517
-0.041023,0.016281,0.285537,3.280649,18.948165,9.569145,3.455525,2.762769,176.266805,4.387260,1.068340,0.021751,0.970976
-0.039277,0.016095,0.389412,2.734661,18.961755,10.336607,3.453701,2.744400,176.070162,4.707168,1.068249,0.023215,0.971027
-0.035737,0.016469,0.350173,2.703898,18.932697,10.396952,3.454496,2.741709,175.895528,4.674229,1.068244,0.023074,0.970841
-0.046269,0.016526,0.318367,2.529677,18.895152,9.158012,3.458581,2.738098,175.739095,4.508205,1.067455,0.022384,0.970182
-0.037513,0.016406,0.311491,3.139400,18.870565,10.109077,3.455336,2.745957,175.707863,4.865432,1.067682,0.024053,0.970452
-0.039503,0.016297,0.383489,2.744829,18.859680,10.371047,3.457191,2.754519,175.708562,4.886730,1.067725,0.024170,0.970514
-0.042732,0.016357,0.387196,2.777544,18.848738,9.591327,3.457243,2.770941,175.651903,4.789128,1.067319,0.023623,0.970025
-0.040370,0.015815,0.341964,2.476997,18.928157,10.907008,3.456552,2.741061,175.698632,4.892117,1.067929,0.024122,0.970500
-0.039886,0.016189,0.336136,8.484941,18.865403,10.005888,3.456750,2.761895,175.641582,4.847851,1.067351,0.023843,0.970215
-0.043437,0.016380,0.375964,2.464531,18.851060,9.850977,3.456599,2.751376,175.645806,4.811125,1.067180,0.023703,0.970086
-0.038365,0.016606,0.377208,2.796298,18.854797,9.921940,3.457480,2.737089,175.634862,4.804426,1.067146,0.023640,0.970010
-0.036196,0.016555,0.370317,2.927109,18.900408,10.816385,3.458115,2.746772,175.428761,4.848239,1.066367,0.023959,0.970320
-0.036557,0.016683,0.328193,2.416507,18.894073,10.680457,3.458490,2.753985,175.729303,4.834676,1.067443,0.023914,0.970267
-0.034689,0.016225,0.386956,2.975615,18.911138,10.650170,3.453871,2.756423,175.779330,4.855196,1.067510,0.023937,0.970274
-0.041065,0.016662,0.403262,2.999921,18.920540,10.619465,3.460341,2.741337,175.722292,4.827701,1.067538,0.023842,0.970241
-0.043075,0.016922,0.377890,2.260853,18.846978,9.645398,3.457794,2.761942,175.589424,4.715879,1.066940,0.023304,0.969756
-0.040624,0.016756,0.375685,2.866484,18.868790,9.777290,3.456498,2.763148,175.534865,4.681237,1.066876,0.023148,0.969631
-0.037206,0.016243,0.334349,2.553573,18.839047,10.530328,3.456784,2.744865,175.505281,4.745052,1.067037,0.023509,0.969853
-0.043512,0.016819,0.407079,2.657075,18.813818,9.405862,3.458563,2.757832,175.445805,4.636512,1.066408,0.022979,0.969355
-0.043019,0.016657,0.380285,2.706182,18.855642,9.631488,3.455858,2.747526,175.559631,4.638661,1.066401,0.022985,0.969396
-0.043666,0.015973,0.313221,2.145681,18.832205,9.506288,3.456323,2.737481,175.791748,4.676431,1.066764,0.023041,0.969458
-0.037912,0.016695,0.362298,2.974517,18.902350,10.090725,3.458231,2.761511,175.938817,4.761557,1.067058,0.023457,0.969853
-0.040886,0.015871,0.316152,10.984052,18.869402,9.176330,3.453615,2.766259,176.015273,4.384544,1.066705,0.021649,0.969538
-0.039833,0.016593,0.343308,2.979756,18.877087,9.261503,3.456164,2.740535,176.072824,4.398284,1.066869,0.021748,0.969609
-0.042395,0.016068,0.345595,3.196170,18.896192,9.373982,3.454126,2.761468,176.151923,4.411830,1.066830,0.021797,0.969660
-0.035898,0.016486,0.371389,3.154043,18.910963,10.687688,3.454767,2.765244,176.252735,4.549480,1.067453,0.022449,0.970277
-0.037101,0.016670,0.388071,3.117464,18.889498,9.822868,3.457020,2.754390,176.225493,4.451071,1.067336,0.022001,0.969886
-0.041363,0.016544,0.382679,2.607076,18.919900,9.840660,3.456293,2.767553,176.094734,4.451885,1.067100,0.021995,0.969855
-0.044408,0.016596,0.359123,3.206404,18.855238,9.998467,3.458947,2.753654,175.874054,4.687370,1.066679,0.023186,0.969613
-0.038543,0.016180,0.367736,3.542337,18.823883,9.619368,3.454778,2.730280,175.636261,4.610456,1.066391,0.022781,0.969217
-0.043145,0.016617,0.377246,3.125472,18.823910,9.871155,3.458262,2.750021,175.524504,4.568227,1.066313,0.022653,0.969120
-0.036648,0.016805,0.409533,2.361018,18.877550,10.239233,3.459749,2.747038,175.466879,4.601904,1.066393,0.022859,0.969205
-0.035980,0.016381,0.364308,4.893590,18.861152,10.848868,3.457987,2.760406,175.392547,4.924751,1.066556,0.024357,0.969338
-0.041447,0.017095,0.403535,2.306529,18.761272,9.738627,3.458404,2.752523,175.315484,4.831122,1.065842,0.023783,0.968796
-0.048078,0.017123,0.380809,2.624341,18.753003,8.915740,3.461322,2.746916,175.260935,4.697939,1.065396,0.023199,0.968245
-0.042001,0.016868,0.356881,1.715873,18.775895,9.782228,3.459050,2.742137,175.260933,4.789137,1.065712,0.023590,0.968598
-0.043486,0.017199,0.404634,2.643443,18.783338,9.286937,3.462400,2.750266,175.274841,4.734445,1.065482,0.023344,0.968373
-0.046166,0.016667,0.345148,4.331735,18.741777,9.338555,3.457692,2.762154,175.265897,4.714400,1.064012,0.023288,0.968288
-0.047845,0.016752,0.371162,2.892278,18.758432,9.147260,3.456866,2.754244,175.269209,4.708262,1.065226,0.023176,0.968244
-0.043799,0.016614,0.363146,2.743589,18.776420,9.834460,3.457869,2.749778,175.322008,4.754970,1.065458,0.023453,0.968454
-0.043466,0.017019,0.368757,2.546966,18.783220,9.809840,3.460606,2.741827,175.361436,4.738725,1.061870,0.023342,0.968487
-0.037270,0.016627,0.379947,3.707184,18.828213,10.619103,3.456882,2.760983,175.494845,4.834487,1.065981,0.023848,0.968848
-0.041983,0.016686,0.370211,3.024058,18.749185,9.416353,3.456109,2.763899,175.233277,4.435598,1.064217,0.022005,0.968436
-0.042593,0.017038,0.415941,2.315973,18.762902,9.617248,3.459175,2.739428,175.362743,4.702621,1.065433,0.023246,0.968309
-0.041836,0.016786,0.290651,8.894875,18.742738,9.359753,3.458248,2.755265,175.255290,4.685254,1.065087,0.023130,0.968135
-0.042064,0.016777,0.385959,3.043672,18.740563,9.685287,3.457954,2.764464,175.151209,4.653154,1.065152,0.023060,0.968110
-0.039530,0.016716,0.338974,2.847073,18.779262,10.058057,3.457650,2.762267,175.106534,4.698597,1.065201,0.023168,0.968167
-0.045268,0.017418,0.281112,8.290217,18.755860,9.170900,3.460932,2.760357,175.105215,4.571063,1.064712,0.022674,0.967715
-0.040702,0.016779,0.392789,2.543285,18.787100,10.242783,3.462076,2.752238,175.323255,4.712429,1.065207,0.023273,0.968272
-0.047799,0.017118,0.403528,2.718845,18.744942,8.952370,3.460508,2.747522,175.468897,4.616357,1.064855,0.022741,0.967789
-0.042603,0.016707,0.324977,2.987256,18.749808,9.246600,3.457125,2.758489,175.633227,4.381208,1.065128,0.021629,0.968096
-0.039083,0.016237,0.367351,3.654517,18.808442,9.958002,3.455462,2.751729,175.740646,4.436454,1.065555,0.021956,0.968474
-0.044192,0.016772,0.409411,2.519292,18.835058,9.076188,3.457382,2.750880,175.777438,4.368339,1.065168,0.021579,0.968079
-0.046561,0.016496,0.394568,3.347654,18.788443,8.818113,3.456177,2.766567,175.786499,4.349673,1.065112,0.021485,0.968035
-0.039059,0.016507,0.387808,2.567480,18.826705,10.388540,3.455023,2.766976,175.875037,4.478584,1.065789,0.022122,0.968639
-0.039009,0.016530,0.360870,2.950406,18.878022,9.824330,3.457444,2.759734,175.831609,4.440251,1.065481,0.021945,0.968448
-0.037157,0.016898,0.380581,3.406328,18.793553,10.199433,3.458236,2.753590,175.598840,4.464789,1.065474,0.022006,0.968442
-0.040310,0.016877,0.373203,2.184569,18.773657,10.122667,3.460697,2.729104,175.159841,4.671728,1.064029,0.023015,0.968082
-0.041809,0.016358,0.371822,3.379270,18.772157,9.661077,3.455053,2.759345,175.177214,4.594695,1.064640,0.022693,0.967733
-0.038442,0.016647,0.371243,2.776268,18.758072,10.324603,3.457165,2.744766,175.092961,4.603827,1.064725,0.022793,0.967768
-0.040723,0.016593,0.286960,2.862396,18.716290,9.727828,3.458237,2.753739,174.990829,4.534132,1.064300,0.022505,0.967505
-0.044987,0.017050,0.278328,7.791825,18.692017,9.194345,3.458341,2.744654,174.926130,4.744245,1.063973,0.023406,0.967047
-0.050905,0.016925,0.398496,2.509369,18.671212,8.888422,3.459966,2.749890,174.886552,4.690384,1.063759,0.023089,0.966770
-0.045149,0.016687,0.423974,2.358798,18.729788,9.771525,3.458791,2.760228,174.882714,4.737084,1.064011,0.023416,0.967075
-0.038349,0.017068,0.355996,2.562903,18.703952,9.951118,3.460842,2.751665,174.887072,4.774323,1.063919,0.023492,0.967163
-0.045630,0.016663,0.346842,2.867537,18.716548,9.350582,3.457594,2.749575,174.881957,4.687336,1.063743,0.023154,0.966856
-0.046811,0.017067,0.282487,8.244757,18.707232,9.691222,3.461310,2.754908,174.930505,4.735232,1.063873,0.023280,0.966911
-0.044178,0.016278,0.337192,2.837739,18.692750,9.665002,3.457151,2.748546,174.944659,4.718636,1.063845,0.023237,0.966939
-0.051712,0.017381,0.288005,4.421758,18.664763,8.500918,3.460790,2.759067,174.927024,4.596250,1.063228,0.022615,0.966330
-0.045236,0.017564,0.403349,2.305623,18.693157,9.540635,3.459982,2.765410,175.055899,4.706351,1.063734,0.023162,0.966832
-0.041169,0.016535,0.427065,2.235339,18.679482,9.536667,3.457189,2.751215,175.158965,4.698599,1.063820,0.023178,0.966886
-0.040165,0.017454,0.382297,2.499590,18.730175,9.354720,3.460159,2.761431,175.131472,4.392891,1.063751,0.021755,0.966838
-0.048479,0.017356,0.417798,2.017480,18.706127,9.092610,3.461300,2.761145,175.001585,4.640217,1.063444,0.022827,0.966521
-0.036040,0.016533,0.396641,2.450232,18.755722,10.490248,3.456700,2.749303,174.934393,4.743560,1.063735,0.023361,0.967020
-0.047042,0.017021,0.394882,2.439891,18.729190,9.440905,3.458185,2.748008,174.807179,4.749571,1.063340,0.023443,0.965674
-0.041753,0.017560,0.417317,2.739882,18.698238,9.696105,3.461723,2.763984,174.733046,4.567711,1.063298,0.022690,0.966144
-0.042042,0.016662,0.189379,2.891106,18.708223,9.906427,3.458739,2.754068,174.832799,4.625169,1.063337,0.022860,0.966214
-0.044849,0.017037,0.374702,3.843421,18.710068,9.470193,3.458422,2.744421,174.999938,4.594904,1.063367,0.022734,0.966403
-0.047046,0.017079,0.409497,2.212730,18.748205,9.443617,3.459820,2.755108,175.160949,4.646979,1.063424,0.022827,0.966504
-0.040403,0.016818,0.365231,2.858628,18.782990,9.632813,3.458656,2.750416,175.284480,4.357884,1.063555,0.021597,0.966740
-0.041023,0.016509,0.403996,2.887403,18.776858,9.519393,3.456219,2.759378,175.348228,4.387865,1.063664,0.021673,0.966805
-0.038541,0.016146,0.404155,2.049853,18.789282,9.557622,3.454933,2.751574,175.406105,4.375226,1.063648,0.021633,0.966729
-0.035497,0.017069,0.402947,3.402133,18.813093,9.887787,3.459401,2.755077,175.429012,4.383145,1.063696,0.021741,0.966827
-0.036951,0.016636,0.383420,2.597035,18.761468,9.620518,3.456538,2.769798,175.362423,4.354866,1.063568,0.021515,0.966660
-0.040944,0.017170,0.349899,3.025555,18.797490,9.639915,3.458549,2.757124,175.261066,4.342089,1.063463,0.021470,0.966586
-0.045178,0.017147,0.343106,2.176321,18.719778,9.569557,3.457669,2.764299,175.021781,4.607077,1.063122,0.022651,0.966339
-0.046844,0.017551,0.418485,2.112371,18.701205,9.088960,3.461089,2.748363,174.813193,4.511053,1.062676,0.022184,0.965871
-0.035746,0.016833,0.431557,2.806166,18.711420,10.128123,3.456771,2.745066,174.676418,4.528216,1.062908,0.022438,0.966037
-0.043047,0.017672,0.427626,2.820569,18.700887,9.390893,3.460433,2.763678,174.557682,4.474597,1.062483,0.022159,0.965800
-0.045895,0.017667,0.315747,8.405543,18.695725,9.011513,3.461565,2.758742,174.505124,4.673831,1.062068,0.023041,0.965313
-0.045172,0.016842,0.399384,2.503986,18.707963,9.774517,3.458372,2.740047,174.475448,4.740604,1.062176,0.023370,0.965621
-0.048687,0.017526,0.439067,1.830495,18.664402,9.269250,3.460829,2.750416,174.448810,4.647559,1.062049,0.022951,0.965266
-0.040053,0.016839,0.308162,2.245387,18.720658,10.330412,3.459380,2.753589,174.484987,4.734964,1.062416,0.023438,0.965658
-0.043612,0.017359,0.392177,2.617330,18.687553,9.685873,3.460624,2.752467,174.484238,4.680416,1.062166,0.023070,0.965377
-0.044503,0.017472,0.421179,2.550864,18.675187,9.526268,3.463300,2.751139,174.459877,4.649692,1.061996,0.022945,0.965238
-0.039888,0.017018,0.431696,1.827765,18.742645,10.114068,3.459242,2.745913,174.493581,4.703081,1.062239,0.023219,0.965423
-0.041614,0.017069,0.413209,2.675951,18.686588,9.879435,3.460428,2.744351,174.511341,4.690421,1.062151,0.023093,0.965349
-0.045462,0.017225,0.405373,1.836848,18.659230,9.440867,3.461547,2.749604,174.523517,4.623625,1.061620,0.022832,0.965162
-0.037601,0.017050,0.356641,10.732986,18.739390,10.458077,3.457737,2.760161,174.689584,4.745943,1.062310,0.023345,0.965616
-0.045623,0.016987,0.394238,3.349358,18.780033,9.652565,3.459124,2.739800,174.732209,4.682398,1.062143,0.023077,0.965330
-0.043724,0.016508,0.409369,2.087849,18.701950,9.847103,3.459109,2.763660,174.630493,4.674308,1.062143,0.023044,0.965303
-0.043755,0.016728,0.388554,13.428472,18.651098,9.251572,3.458104,2.733614,174.465689,4.578097,1.061606,0.022560,0.964891
-0.048156,0.017296,0.426879,13.505067,18.687162,8.901142,3.460515,2.758582,174.378761,4.526823,1.061303,0.022316,0.964598
-0.044871,0.018219,0.353226,2.418101,18.665647,9.185648,3.464796,2.747984,174.335011,4.518383,1.061287,0.022332,0.964588
-0.041022,0.017568,0.386496,1.538931,18.678735,10.068408,3.462389,2.753321,174.347901,4.574728,1.061572,0.022705,0.964919
-0.043992,0.017856,0.428529,2.860551,18.690095,9.222532,3.463023,2.739272,174.455496,4.470314,1.061263,0.022169,0.964468
-0.041927,0.017805,0.444080,2.372634,18.743730,10.097035,3.462662,2.745517,174.611784,4.597820,1.061783,0.022724,0.965030
-0.042284,0.016937,0.423095,2.213902,18.757218,9.641758,3.457641,2.759384,174.682205,4.577979,1.061671,0.022574,0.964895
-0.042917,0.017428,0.390389,3.801760,18.685982,9.535805,3.459562,2.748887,174.735667,4.577118,1.061511,0.022563,0.964879
-0.040816,0.017395,0.396355,2.496934,18.750487,9.991182,3.459211,2.750210,174.812095,4.622634,1.061780,0.022772,0.965045
-0.042008,0.017099,0.337116,2.958125,18.704552,9.221682,3.459239,2.761692,174.818562,4.558428,1.061354,0.022399,0.964736
-0.052883,0.016713,0.418334,2.394309,18.673818,8.686268,3.457328,2.750325,174.771989,4.486675,1.061233,0.022043,0.964398
-0.042635,0.017710,0.376530,2.325924,18.714258,9.095995,3.460113,2.752679,174.799437,4.437194,1.061331,0.021903,0.962849
-0.051879,0.017259,0.429302,2.192249,18.661353,8.191675,3.459211,2.739214,174.678368,4.311296,1.060654,0.021328,0.962389
-0.042912,0.016923,0.429308,2.467729,18.660870,9.448388,3.457678,2.745115,174.510455,4.473387,1.061006,0.022092,0.964408
-0.042448,0.017507,0.389307,2.569256,18.679352,9.387092,3.462088,2.738577,174.367452,4.408289,1.060847,0.021903,0.964116
-0.043558,0.017395,0.400545,2.423930,18.667778,9.580502,3.460043,2.746183,174.249620,4.726908,1.060648,0.023233,0.964084
-0.041463,0.017840,0.402563,2.891759,18.646752,9.727742,3.463821,2.754429,174.172403,4.697619,1.060639,0.023149,0.964010
-0.048884,0.017332,0.429584,2.354059,18.667683,8.827772,3.460542,2.754060,174.113575,4.599354,1.060124,0.022704,0.963612
-0.051956,0.017275,0.423861,2.668644,18.581652,8.590275,3.461194,2.741120,174.045345,4.548587,1.059872,0.022377,0.963318
-0.040694,0.017602,0.283641,3.543465,18.609977,9.410265,3.461625,2.768137,174.071045,4.610954,1.060145,0.022830,0.963766
-0.045854,0.017493,0.438293,2.590220,18.655195,9.324618,3.461782,2.731435,174.049063,4.593942,1.060114,0.022678,0.963604
-0.043310,0.017598,0.438598,2.910563,18.611363,9.614138,3.462119,2.745681,174.022374,4.606018,1.060177,0.022777,0.963681
-0.047239,0.017339,0.404805,2.467467,18.511328,9.163480,3.459947,2.750858,173.893345,4.573807,1.059835,0.022661,0.963506
-0.042723,0.017286,0.408213,2.735995,18.615535,9.488332,3.460440,2.754416,173.978813,4.567407,1.059968,0.022607,0.963487
-0.051361,0.017172,0.434723,3.138401,18.566005,8.766903,3.462618,2.738316,173.901768,4.477143,1.059497,0.022183,0.963036
-0.040606,0.017348,0.380533,2.284264,18.639150,9.935663,3.460663,2.745694,173.947549,4.555748,1.060022,0.022589,0.963425
-0.049787,0.017215,0.374698,2.409268,18.609682,9.224947,3.460814,2.752041,173.899287,4.475349,1.059686,0.022228,0.963087
-0.045757,0.017652,0.356433,2.466420,18.632360,9.182772,3.461382,2.747988,173.899429,4.486258,1.059573,0.022169,0.963015
-0.052408,0.017766,0.408399,2.252942,18.618150,9.035010,3.462723,2.748133,173.884489,4.746136,1.059293,0.023325,0.962833
-0.044154,0.017615,0.451421,2.448693,18.651252,9.533072,3.464154,2.755683,173.875617,4.768752,1.059571,0.023509,0.963018
-0.042412,0.017790,0.365024,2.741745,18.630390,9.596597,3.461115,2.754241,173.852816,4.774852,1.059560,0.023570,0.962986
-0.045173,0.018260,0.402591,1.786739,18.633618,9.874852,3.464727,2.747776,173.827862,4.781253,1.059589,0.023594,0.963024
-0.047710,0.017555,0.446487,2.635243,18.662630,9.668728,3.461976,2.743305,173.844058,4.757394,1.059385,0.023409,0.962893
-0.041461,0.018052,0.438196,1.717757,18.636503,10.236625,3.464631,2.759947,174.100252,4.804013,1.059734,0.023562,0.963102
-0.039551,0.017318,0.419703,2.469829,18.683713,9.935175,3.458200,2.756831,174.314982,4.526452,1.059895,0.022366,0.963265
-0.036010,0.017486,0.402018,2.960913,18.695365,10.486063,3.460676,2.763549,174.567329,4.598322,1.060279,0.022672,0.963588
-0.043613,0.017528,0.247872,7.853419,18.704618,9.331475,3.461549,2.749753,174.664597,4.365270,1.060019,0.021510,0.962484
-0.038832,0.016910,0.348893,2.866981,18.710832,9.809113,3.457320,2.757882,174.813464,4.276024,1.060238,0.021184,0.963601
-0.042612,0.017555,0.341705,3.531783,18.694122,8.824695,3.461185,2.738463,174.708467,4.214536,1.059152,0.020794,0.963232
-0.052933,0.017545,0.414887,2.528261,18.675178,8.297435,3.459760,2.762184,174.830653,4.155318,1.059636,0.020428,0.962865
-0.039800,0.016843,0.413475,3.882664,18.694272,9.281343,3.457782,2.748965,174.870576,4.225549,1.059947,0.020869,0.963289
-0.043144,0.016702,0.421793,3.132241,18.656712,8.787703,3.457274,2.768844,174.701977,4.176156,1.059568,0.020643,0.963014
-0.043591,0.017257,0.422649,3.416678,18.670057,9.548468,3.462059,2.778709,174.420051,4.491367,1.059745,0.022094,0.963029
-0.046972,0.017279,0.442622,2.302686,18.656748,8.918465,3.459438,2.759296,174.125558,4.341105,1.058987,0.021432,0.962411
-0.054072,0.018317,0.425416,2.378810,18.636552,9.026348,3.466028,2.754676,173.942380,4.602939,1.058657,0.022683,0.962214
-0.041477,0.017765,0.417437,2.429452,18.580457,9.584947,3.463409,2.739498,173.855108,4.627159,1.058650,0.022810,0.962299
-0.047547,0.017492,0.442885,2.766198,18.590128,9.026168,3.460340,2.745435,173.776628,4.545304,1.058328,0.022414,0.961883
-0.045386,0.017402,0.318553,13.289688,18.574180,8.904142,3.461993,2.737103,173.722999,4.506780,1.058140,0.022221,0.961755
-0.039613,0.017584,0.441845,2.259317,18.665803,9.785837,3.460885,2.723561,173.184014,4.585284,1.058399,0.022690,0.962126
-0.046813,0.018230,0.454853,2.204141,18.575280,9.577860,3.465819,2.734433,172.216237,5.186808,1.056894,0.025627,0.960751
-0.046006,0.019206,0.480030,2.113412,18.655668,9.848172,3.470029,2.735548,171.587754,5.086322,1.056473,0.025251,0.960315
-0.039476,0.018916,0.520089,1.882083,18.889232,12.000055,3.470836,2.720045,170.231049,5.815545,1.055716,0.028979,0.959559
-0.039065,0.018799,0.509545,1.893157,18.551750,11.513948,3.472636,2.750101,172.121406,5.702684,1.056689,0.028337,0.960408
-0.040163,0.018968,0.474894,2.867759,18.558255,9.956207,3.469491,2.735609,171.525821,5.038408,1.056282,0.025025,0.960071
-0.051127,0.018386,0.445055,2.414027,18.536897,9.146452,3.464322,2.729049,172.816247,4.880810,1.056949,0.024030,0.960662
-0.043122,0.018209,0.416401,2.082437,18.584233,9.536740,3.462639,2.731043,172.595501,4.845105,1.056755,0.023974,0.960544
-0.049371,0.018257,0.458863,2.171932,18.530910,8.840812,3.467108,2.732839,172.515943,4.718068,1.056299,0.023413,0.960012
-0.047175,0.018651,0.507539,1.950173,18.528418,9.525703,3.466896,2.741972,172.561438,4.772890,1.056543,0.023709,0.960268
-0.043620,0.017876,0.430726,2.320510,18.532698,9.916663,3.464918,2.744351,172.592620,4.815290,1.056685,0.023898,0.960468
-0.047056,0.018347,0.480259,1.917497,18.516700,9.464273,3.464107,2.740007,172.584775,4.778376,1.056438,0.023673,0.960272
-0.038311,0.018302,0.482961,1.615310,18.575430,10.391390,3.468054,2.747991,172.601274,4.836039,1.056812,0.024001,0.960540
-0.042710,0.018823,0.459931,2.450601,18.534695,9.692743,3.466308,2.743340,172.535786,4.774036,1.056455,0.023695,0.960257
-0.043601,0.018479,0.467040,2.187402,18.569522,9.870370,3.466851,2.732328,172.604012,5.062346,1.056449,0.025022,0.960157
-0.050377,0.018540,0.412684,4.018899,18.506492,8.864610,3.467198,2.746920,172.682233,4.674761,1.056019,0.023139,0.959802
-0.046980,0.017936,0.434167,2.451232,18.524662,9.660678,3.461968,2.757582,172.814491,4.754616,1.056356,0.023562,0.960207
-0.046166,0.018117,0.460386,1.792434,18.555110,9.618050,3.465845,2.733081,172.908736,4.748861,1.056403,0.023513,0.960187
-0.045740,0.018483,0.430615,2.533158,18.524268,9.051247,3.465914,2.749389,172.959635,4.708571,1.056159,0.023250,0.959923
-0.049210,0.018098,0.460957,2.456660,18.552190,9.284758,3.464296,2.737143,172.795483,4.735347,1.055072,0.023341,0.960048
-0.042656,0.018267,0.488914,2.226860,18.545780,9.489222,3.465059,2.763368,173.058730,4.736391,1.056412,0.023418,0.960083
-0.041129,0.017779,0.446136,2.489400,18.588587,10.343090,3.464384,2.751159,173.153751,4.824916,1.056792,0.023808,0.960443
-0.053809,0.017825,0.457972,2.809280,18.560150,8.665448,3.463687,2.747903,172.991776,4.670043,1.056014,0.023007,0.959725
-0.048589,0.018145,0.482565,2.203833,18.533432,9.560678,3.462208,2.736887,172.752656,4.686400,1.056059,0.023215,0.959844
-0.050464,0.019090,0.471642,2.410218,18.512632,9.386643,3.467388,2.733398,172.527051,4.918430,1.055708,0.024262,0.959483
-0.041346,0.018539,0.488713,2.454122,18.560005,10.231673,3.466012,2.741082,172.422220,4.932835,1.055819,0.024479,0.959721
-0.043882,0.018407,0.485707,2.641749,18.531508,9.714443,3.465329,2.743509,172.395093,4.880211,1.055546,0.024163,0.959352
-0.045565,0.018320,0.430574,2.401144,18.574762,10.400102,3.464695,2.726881,172.387567,4.928837,1.055743,0.024412,0.959587
-0.041141,0.018153,0.483118,2.226251,18.599617,10.262297,3.464925,2.735508,172.386057,4.890634,1.054440,0.024270,0.959429
-0.046918,0.018413,0.417579,2.271025,18.565347,9.592198,3.466377,2.735720,172.340037,4.824682,1.055183,0.023899,0.959074
-0.047777,0.018301,0.442904,2.126992,18.537383,9.554795,3.466954,2.728479,172.298791,4.802947,1.055112,0.023844,0.959038
-0.042838,0.018432,0.444344,2.148309,18.579397,10.154088,3.465806,2.739211,172.324358,4.841958,1.055335,0.023962,0.959151
-0.038971,0.018587,0.474657,2.415235,18.590280,10.342805,3.467173,2.736803,172.305560,4.843285,1.055277,0.024042,0.959207
-0.041428,0.018383,0.434829,3.027124,18.539875,9.697942,3.464951,2.743252,172.274914,4.775452,1.054943,0.023655,0.958863
-0.044050,0.018796,0.461408,2.021796,18.518053,9.693753,3.468863,2.750758,172.302319,5.032596,1.054833,0.024848,0.958711
-0.037411,0.018596,0.509244,2.151236,18.584898,10.704847,3.467278,2.738020,172.368836,4.845077,1.055304,0.024032,0.959178
-0.051366,0.018508,0.486148,2.135269,18.538453,8.981010,3.464956,2.728464,172.337564,4.676899,1.054547,0.023142,0.958424
-0.044469,0.018675,0.475698,2.548868,18.597165,9.525383,3.465308,2.729969,172.369506,4.724799,1.054688,0.023379,0.958603
-0.050750,0.019073,0.502247,2.222466,18.529700,9.447395,3.467432,2.747285,172.262169,4.987771,1.054522,0.024663,0.958450
-0.047644,0.018665,0.472472,2.643094,18.540875,9.770125,3.467094,2.747933,172.264875,4.988159,1.054563,0.024678,0.958442
-0.046130,0.019479,0.449597,2.121430,18.565678,9.687225,3.469022,2.730938,172.263435,5.004516,1.054437,0.024649,0.958446
-0.050919,0.018697,0.453834,2.446001,18.521182,9.228848,3.468063,2.730214,172.240880,4.897656,1.054118,0.024259,0.958133
-0.045294,0.018500,0.414913,2.248328,18.539297,9.869797,3.466018,2.746898,172.227325,4.938979,1.054291,0.024480,0.958319
-0.047272,0.018657,0.474063,2.374493,18.519150,9.395475,3.469414,2.749020,172.194028,4.905358,1.054003,0.024215,0.958044
-0.051394,0.018314,0.468086,2.170486,18.500553,9.140875,3.464379,2.742144,172.305012,4.879958,1.053898,0.024053,0.957913
-0.042300,0.019316,0.471008,2.014263,18.558283,10.075153,3.469723,2.738138,172.415305,4.975745,1.054397,0.024514,0.958294
-0.043775,0.018866,0.479501,2.697414,18.556975,10.147537,3.466195,2.748107,172.498689,4.847093,1.054489,0.023998,0.955065
-0.039247,0.018477,0.499021,2.077501,18.554767,9.974780,3.465858,2.756781,172.520392,4.650291,1.054473,0.023090,0.958371
-0.043852,0.018765,0.428008,2.108802,18.549538,9.191528,3.467108,2.738948,172.492201,4.588161,1.054025,0.022732,0.957983
-0.047926,0.018621,0.451782,2.099960,18.530793,9.125612,3.468405,2.751788,172.448560,4.598511,1.053780,0.022787,0.958083
-0.045058,0.019138,0.424452,2.053235,18.539028,9.753555,3.469652,2.754888,172.407530,4.899805,1.054008,0.024142,0.957995
-0.056236,0.018885,0.396721,2.520856,18.540043,8.676788,3.465043,2.738803,172.286150,4.770182,1.053437,0.023527,0.957408
-0.043352,0.018874,0.464623,2.067861,18.552403,9.720838,3.469443,2.741236,172.077602,4.794916,1.053627,0.023780,0.957625
-0.053639,0.018659,0.484044,2.541704,18.592377,8.559875,3.466573,2.737274,171.964898,4.670206,1.051722,0.023136,0.957017
-0.045307,0.018586,0.486742,1.982134,18.536895,9.729462,3.467620,2.747376,171.968829,4.773060,1.053357,0.023680,0.957467
-0.043577,0.018419,0.456857,2.181579,18.578227,9.408553,3.466156,2.745676,171.951431,4.715445,1.053216,0.023384,0.957249
-0.043947,0.018752,0.502211,2.205663,18.553192,10.110518,3.467535,2.730511,171.955976,5.063584,1.053393,0.025016,0.957420
-0.056193,0.019015,0.499131,2.141393,18.535650,9.067812,3.465803,2.727237,171.892957,4.948037,1.052636,0.024462,0.956902
-0.050800,0.019539,0.507314,2.153726,18.550088,9.255637,3.469785,2.724597,171.905446,4.942375,1.052832,0.024430,0.956870
-0.046716,0.018970,0.438574,2.589767,18.542950,9.335078,3.468535,2.752206,171.874435,4.955184,1.052782,0.024469,0.956911
-0.045488,0.018738,0.486934,2.155348,18.551850,9.986260,3.467897,2.750466,171.872722,5.006400,1.052929,0.024675,0.957058
-0.045302,0.018865,0.482482,2.655837,18.552187,9.648080,3.466931,2.740432,171.854384,4.936984,1.052775,0.024392,0.956759
-0.049087,0.018506,0.504693,2.332167,18.549737,9.450633,3.465211,2.730784,171.836607,4.896733,1.052565,0.024211,0.956663
-0.048638,0.019079,0.492996,2.053020,18.525580,9.516505,3.469409,2.753120,171.831774,4.897086,1.052567,0.024143,0.956619
-0.046752,0.019126,0.515163,1.894095,18.532157,9.375130,3.467098,2.731433,171.801075,4.849745,1.052398,0.024009,0.956489
-0.042242,0.018476,0.479141,1.972079,18.555085,9.821403,3.466312,2.753147,171.877339,4.877804,1.052632,0.024188,0.956631
-0.045008,0.018820,0.476097,1.989035,18.533937,9.780825,3.466469,2.751760,171.928340,4.927282,1.052490,0.024268,0.956646
-0.041564,0.019133,0.467716,3.029326,18.559725,10.039130,3.469835,2.749258,171.878132,4.891175,1.052613,0.024194,0.956670
-0.047467,0.019173,0.468623,5.267586,18.565627,9.436070,3.466152,2.739953,171.770539,4.832107,1.052203,0.023858,0.956268
-0.048614,0.018849,0.502694,1.925568,18.531032,9.048798,3.465125,2.733297,171.771524,4.763534,1.051842,0.023549,0.956032
-0.049896,0.019016,0.522710,2.074879,18.499992,9.152688,3.469362,2.755769,171.765624,4.760344,1.051861,0.023572,0.956002
-0.046328,0.018872,0.496740,2.063687,18.545755,9.312350,3.467111,2.732948,171.743628,4.750194,1.051851,0.023606,0.956058
-0.052949,0.019325,0.513817,2.059197,18.508695,9.126295,3.469675,2.740058,171.715368,4.995241,1.051581,0.024696,0.955764
-0.040500,0.018996,0.517392,1.935486,18.631125,10.420670,3.467713,2.743282,171.957753,4.814739,1.052291,0.023932,0.956404
-0.041160,0.018604,0.513708,2.170612,18.621515,10.084792,3.465093,2.750596,172.164038,4.838016,1.052297,0.023932,0.956402
-0.049594,0.019332,0.487434,2.269976,18.506352,9.320738,3.466931,2.737761,172.231698,4.798568,1.052012,0.023733,0.956327
-0.048461,0.018780,0.487173,2.004922,18.527593,9.533295,3.463825,2.748683,172.308082,4.801834,1.052026,0.023755,0.956241
-0.045697,0.018469,0.484769,2.018474,18.539327,9.607460,3.462926,2.753367,172.351171,4.819536,1.052106,0.023763,0.956265
-0.046610,0.018802,0.414173,2.161875,18.514375,9.582182,3.465877,2.731096,172.354637,4.783082,1.052098,0.023572,0.956149
-0.052634,0.018822,0.507018,1.885804,18.542803,9.098902,3.465579,2.752303,172.326252,4.742590,1.051798,0.023440,0.955993
-0.044382,0.019313,0.449127,2.102233,18.563735,10.228917,3.466934,2.730587,172.319191,4.820514,1.052129,0.023775,0.956278
-0.054354,0.018826,0.397672,1.942995,18.550005,8.734782,3.467309,2.719639,171.974523,4.638207,1.051243,0.022877,0.955428
-0.050062,0.018575,0.475520,1.919826,18.554578,9.334622,3.463930,2.744436,171.686752,4.921355,1.051023,0.024308,0.955368
-0.058529,0.019288,0.492418,1.937771,18.467002,8.472063,3.468636,2.738788,171.564182,4.767249,1.050384,0.023580,0.954670
-0.040760,0.019135,0.509139,1.994503,18.575468,9.940610,3.468356,2.746820,171.567816,4.909532,1.050913,0.024282,0.955271
-0.043348,0.019199,0.443778,3.390512,18.577712,10.049155,3.467662,2.735777,171.578758,4.895931,1.051004,0.024269,0.955264
-0.049822,0.020032,0.471122,2.173757,18.541417,9.302370,3.473316,2.741971,171.494561,4.744430,1.050597,0.023532,0.953188
-0.044827,0.019615,0.530790,2.034577,18.574008,9.995845,3.468983,2.752233,171.508886,4.849465,1.050764,0.024013,0.955038
-0.044229,0.019618,0.510679,2.001987,18.591325,9.837008,3.470025,2.748681,171.496553,4.826081,1.050645,0.023897,0.954910
-0.041973,0.020063,0.512429,2.062613,18.616632,9.888413,3.470711,2.736792,171.455531,4.805970,1.050542,0.023823,0.954860
-0.041090,0.018936,0.536854,2.129949,18.588993,10.491192,3.467617,2.741994,171.428769,5.146393,1.050870,0.025421,0.954986
-0.044355,0.019057,0.433365,3.482748,18.575558,9.945030,3.469379,2.741259,171.398298,5.079298,1.050519,0.025135,0.954705
-0.053262,0.019295,0.473678,2.063887,18.554072,9.201728,3.470144,2.732452,171.364484,4.992781,1.050007,0.024702,0.954311
-0.046424,0.019287,0.490941,2.090667,18.535698,9.588127,3.471192,2.727984,171.367070,5.017534,1.049946,0.024756,0.954373
-0.037691,0.019729,0.538426,1.946022,18.618532,11.020840,3.469297,2.734070,171.407948,5.122298,1.050566,0.025305,0.954865
-0.048716,0.019482,0.531549,2.248438,18.557628,9.434982,3.471196,2.729776,171.371642,4.986300,1.049732,0.024619,0.954227
-0.044593,0.019331,0.528588,2.032675,18.541697,9.898755,3.469507,2.736026,171.380268,4.993265,1.049930,0.024708,0.954338
-0.053294,0.018687,0.538087,2.029684,18.519637,9.214888,3.465054,2.732317,171.308804,4.915590,1.049479,0.024292,0.953962
-0.042378,0.019418,0.529524,1.928374,18.575683,10.271400,3.467769,2.737795,171.359429,5.008104,1.049955,0.024711,0.954309
-0.048909,0.019636,0.447377,2.027558,18.566608,9.731163,3.469174,2.736859,171.382608,4.916244,1.049689,0.024395,0.954091
-0.047197,0.018787,0.528113,2.317808,18.591160,9.633175,3.467531,2.743324,171.315539,4.914948,1.049567,0.024275,0.953986
-0.049541,0.019192,0.520807,2.070376,18.537618,9.318933,3.468935,2.748786,171.281931,4.853943,1.049228,0.024007,0.953692
-0.046330,0.019527,0.533198,2.064749,18.570848,9.625660,3.469371,2.751158,171.423456,4.868137,1.049289,0.024076,0.953731
-0.048739,0.018759,0.513381,2.311507,18.545237,9.250432,3.466299,2.754959,171.534339,4.877208,1.049243,0.024012,0.953706
-0.043657,0.019577,0.470711,2.215466,18.570615,10.017313,3.468163,2.751798,171.652047,4.936629,1.049610,0.024400,0.954034
-0.047676,0.019701,0.458775,1.849405,18.607043,9.353225,3.469435,2.749689,171.679108,4.868620,1.049334,0.024008,0.953704
-0.047785,0.019417,0.532377,2.111771,18.571347,9.554370,3.469554,2.732449,171.700143,4.872439,1.049245,0.024070,0.953763
-0.055400,0.019068,0.534283,1.588599,18.529988,8.626918,3.463868,2.730463,171.569443,4.788021,1.048558,0.023612,0.953320
-0.042664,0.018615,0.488447,2.162971,18.626363,10.077330,3.465130,2.745087,171.650660,4.881443,1.049382,0.024064,0.953764
-0.043856,0.019199,0.519034,2.147868,18.674242,10.168055,3.468769,2.749132,171.594618,4.871207,1.049380,0.024034,0.953709
-0.042232,0.018792,0.470065,2.022606,18.612398,10.418265,3.467965,2.736874,171.319482,4.854730,1.049157,0.024000,0.953670
-0.053310,0.019928,0.537422,1.702482,18.562540,8.971728,3.470956,2.742121,171.094924,4.965401,1.048249,0.024501,0.952794
-0.047452,0.019342,0.463507,2.211918,18.546078,9.630662,3.467051,2.751955,171.094286,5.009870,1.048420,0.024718,0.952929
-0.052718,0.019925,0.507801,1.969415,18.586138,9.163395,3.471040,2.742910,171.067991,4.936113,1.048137,0.024419,0.952634
-0.050428,0.019706,0.537600,2.038392,18.578578,9.483598,3.468351,2.733474,171.044375,4.980371,1.048104,0.024602,0.952844
-0.052983,0.020040,0.448246,2.229594,18.537107,8.889615,3.473151,2.726634,171.007864,4.844331,1.047798,0.023907,0.952262
-0.046289,0.019797,0.480948,2.278803,18.596687,10.053583,3.468783,2.741970,171.059551,4.954391,1.048199,0.024528,0.952757
-0.051767,0.019131,0.488275,2.045998,18.550777,8.591615,3.467118,2.757609,171.011147,4.799139,1.047467,0.023742,0.952074
-0.049958,0.019671,0.549768,1.951121,18.545363,9.196903,3.469258,2.759400,171.021893,4.811441,1.047654,0.023863,0.952164
-0.042566,0.020215,0.515434,1.884575,18.657367,10.200835,3.471910,2.731829,171.035533,4.894227,1.048088,0.024256,0.952471
-0.048295,0.019336,0.528078,1.607911,18.571233,9.448530,3.466781,2.733928,170.984103,4.833437,1.047586,0.023933,0.952175
-0.053679,0.020336,0.524393,1.920125,18.561737,9.024453,3.471069,2.734392,170.945474,4.895789,1.047280,0.024178,0.946857
-0.048987,0.019260,0.529542,1.942340,18.624038,9.653170,3.466395,2.716885,170.933380,4.797888,1.047431,0.023781,0.952015
-0.042265,0.019787,0.553392,1.859595,18.592443,9.713255,3.471275,2.721988,170.913195,4.794022,1.047355,0.023771,0.952014
-0.044921,0.019970,0.515221,1.977269,18.589990,10.167782,3.470910,2.738444,170.885154,5.091751,1.047396,0.025208,0.951998
-0.046727,0.019945,0.552152,1.895986,18.604243,9.670793,3.470498,2.744573,170.850683,5.037136,1.047133,0.024875,0.951689
-0.048213,0.020256,0.542491,1.913508,18.599078,10.149012,3.472264,2.713149,170.894131,5.084063,1.047155,0.025052,0.951854
-0.050086,0.019667,0.531404,1.923487,18.650735,9.475338,3.469824,2.737700,170.886838,5.006226,1.046960,0.024783,0.951579
-0.044753,0.020162,0.493312,1.668010,18.592098,9.621390,3.471308,2.743861,170.856943,5.005442,1.046822,0.024657,0.951504
-0.046169,0.019449,0.538367,1.904956,18.565708,10.027383,3.467599,2.727316,170.861898,4.995689,1.046827,0.024685,0.951527
-0.048439,0.019924,0.542004,2.029622,18.591608,9.863850,3.468401,2.746096,170.789281,4.965638,1.046753,0.024522,0.951354
-0.047315,0.020269,0.527182,1.847214,18.626605,9.721372,3.471427,2.731666,170.732433,4.908086,1.046471,0.024266,0.951112
-0.051489,0.020574,0.539035,1.915843,18.576058,9.192383,3.473263,2.743937,170.730695,4.839458,1.046172,0.023938,0.950890
-0.045235,0.019954,0.538151,1.828644,18.603750,9.983175,3.471513,2.721841,170.800741,4.902035,1.046414,0.024238,0.951089
-0.051459,0.020000,0.564092,1.843088,18.568552,9.024782,3.470502,2.729263,170.798549,4.775514,1.045973,0.023694,0.950563
-0.050981,0.019658,0.537930,1.969960,18.574430,9.245972,3.467414,2.730919,170.760559,4.809508,1.045920,0.023778,0.950658
-0.047168,0.019687,0.517969,2.351320,18.596368,9.729655,3.467649,2.737178,170.732190,4.827943,1.046006,0.023927,0.950754
-0.055450,0.020163,0.536193,1.873604,18.578982,9.215477,3.472388,2.751618,170.626444,5.036249,1.045579,0.024870,0.950320
-0.047048,0.020415,0.527431,1.942613,18.635680,9.933313,3.468940,2.722807,170.661671,5.074447,1.045834,0.025093,0.950513
-0.050239,0.020356,0.548050,1.805228,18.580287,9.502397,3.472172,2.722760,170.653300,5.037984,1.045543,0.024892,0.950336
-0.039346,0.020353,0.478838,1.951191,18.628885,10.553728,3.472386,2.741346,170.681432,5.113266,1.045833,0.025266,0.950682
-0.058938,0.020439,0.519846,1.950796,18.541973,8.459395,3.471899,2.752181,170.586820,4.899767,1.044873,0.024234,0.949669
-0.041318,0.019970,0.524794,1.930653,18.611853,10.130582,3.470950,2.722445,170.614611,5.015666,1.045481,0.024820,0.950228
-0.052074,0.019465,0.547536,1.934095,18.528988,8.802942,3.467556,2.740322,170.577962,4.889865,1.044791,0.024166,0.949683
-0.046816,0.020148,0.540884,1.916273,18.607042,10.098477,3.471705,2.740438,170.569811,4.977685,1.045184,0.024658,0.950084
-0.047750,0.019728,0.326612,8.763037,18.626353,9.616087,3.468899,2.731236,170.560188,4.905474,1.044930,0.024304,0.949781
-0.055299,0.020100,0.552096,1.574295,18.581467,8.904978,3.470450,2.737304,170.493497,4.804898,1.044523,0.023780,0.949365
-0.048546,0.020448,0.582366,1.717669,18.559020,9.343422,3.473711,2.742440,170.474569,4.829074,1.044431,0.023927,0.949412
-0.052505,0.021363,0.558293,1.826950,18.569110,9.485825,3.478104,2.746939,170.451609,5.095967,1.044464,0.025180,0.949288
-0.049472,0.020428,0.558923,1.935614,18.646913,9.944748,3.467949,2.742720,170.426827,5.117076,1.044474,0.025286,0.949323
-0.053344,0.020205,0.545946,1.725574,18.596027,9.385115,3.471640,2.743332,170.359016,5.064984,1.044138,0.025044,0.949063
-0.052748,0.020469,0.585703,1.996601,18.608685,9.216345,3.471116,2.737745,170.328623,5.016641,1.043914,0.024786,0.948831
-0.047401,0.020072,0.582088,1.813914,18.656672,9.708117,3.469647,2.726321,170.328741,5.053555,1.042847,0.024975,0.949009
-0.056648,0.019965,0.549574,1.936398,18.564358,8.709320,3.468821,2.744646,170.267341,4.884071,1.043392,0.024182,0.948390
-0.046401,0.020048,0.592929,2.197796,18.602522,9.661035,3.470603,2.738304,170.317604,4.994357,1.043756,0.024691,0.948777
-0.046156,0.019969,0.564790,1.752990,18.628682,10.160758,3.469328,2.718752,170.268035,5.002848,1.043878,0.024764,0.948797
-0.051490,0.020186,0.582157,2.108730,18.590463,9.269222,3.470171,2.735187,170.250067,4.913341,1.043310,0.024302,0.948374
-0.049859,0.020113,0.529122,1.903833,18.595177,9.331077,3.470490,2.730945,170.263879,4.901857,1.043350,0.024258,0.948334
-0.049709,0.020155,0.579265,1.906912,18.632925,9.524322,3.468397,2.740220,170.262045,4.918429,1.043360,0.024296,0.948350
-0.057144,0.020345,0.549268,1.816786,18.602935,8.593982,3.470538,2.729009,170.180513,4.777058,1.042630,0.023679,0.947770
-0.051525,0.020541,0.550238,1.805072,18.612020,9.192102,3.469590,2.726381,170.136849,4.812997,1.042823,0.023858,0.947949
-0.050243,0.021302,0.513628,1.794483,18.686283,9.558680,3.474466,2.744308,170.159420,5.083771,1.042903,0.025137,0.947851
-0.057306,0.020521,0.579665,1.736696,18.597563,9.020368,3.470654,2.738069,170.218819,5.051610,1.042607,0.024906,0.947593
-0.049089,0.020216,0.544706,1.757720,18.636048,9.654292,3.468965,2.742142,170.287652,4.814376,1.042879,0.023826,0.947916
-0.040722,0.020214,0.576318,1.801444,18.634495,9.941907,3.468356,2.736120,170.306760,4.816105,1.042940,0.023896,0.947939
-0.059979,0.020627,0.578280,1.932414,18.589970,8.766513,3.472365,2.719400,170.239552,4.978472,1.042252,0.024626,0.947312
-0.056283,0.020863,0.540774,2.049008,18.588870,8.933607,3.472440,2.727819,170.146138,4.951493,1.041909,0.024454,0.947200
-0.048577,0.020693,0.555869,1.752224,18.637540,9.561253,3.471847,2.736016,170.078005,4.985103,1.042242,0.024637,0.947284
-0.049537,0.020583,0.603695,1.857655,18.637523,9.301565,3.471793,2.723929,169.998991,4.920356,1.041997,0.024312,0.947088
-0.051466,0.020904,0.536644,1.709334,18.660492,9.265280,3.472080,2.738706,169.974238,4.882918,1.041813,0.024242,0.946917
-0.052021,0.020172,0.586002,1.904150,18.582297,9.105703,3.469735,2.736794,169.961215,4.864195,1.041506,0.024167,0.946854
-0.049844,0.020926,0.566199,1.968104,18.628350,9.247700,3.473295,2.744561,169.967719,4.858981,1.041482,0.024058,0.946723
-0.054923,0.020660,0.594304,1.925302,18.597033,8.585288,3.470790,2.721129,169.929740,4.756802,1.041117,0.023578,0.946274
-0.058204,0.021408,0.602857,1.958107,18.587173,8.911938,3.475793,2.729292,169.906852,5.051347,1.041055,0.024921,0.946309
-0.049041,0.021533,0.612223,1.681544,18.673188,9.879810,3.474715,2.722547,169.898899,5.135998,1.041387,0.025334,0.946286
-0.054125,0.021396,0.557004,1.878630,18.591155,9.132533,3.471396,2.723907,169.839084,5.040883,1.040908,0.024975,0.946256
-0.056843,0.021014,0.577875,1.769937,18.647605,8.694050,3.471451,2.730803,169.816558,4.958452,1.040587,0.024511,0.945811
-0.048986,0.021142,0.571942,1.669254,18.683043,9.934782,3.471243,2.732391,169.819857,5.030438,1.040953,0.024892,0.946221
-0.048512,0.020975,0.565738,2.165779,18.621233,9.401595,3.475615,2.727185,169.763404,4.983473,1.040655,0.024631,0.945924
-0.055991,0.021600,0.598741,1.768844,18.655840,8.750528,3.471814,2.729834,169.734018,4.752561,1.040240,0.023644,0.942123
-0.054778,0.021592,0.528410,1.812417,18.628693,8.585890,3.472012,2.757495,169.683489,4.779350,1.039914,0.023697,0.943628
-0.050280,0.020682,0.590435,1.732014,18.668668,9.595403,3.472966,2.750343,169.683701,4.901343,1.040204,0.024283,0.945529
-0.048162,0.020935,0.585715,1.770415,18.655985,9.685235,3.472669,2.735552,169.655408,5.165384,1.040135,0.025591,0.945414
-0.054250,0.021146,0.622603,1.645490,18.646730,9.043023,3.471591,2.726985,169.579221,5.067734,1.039697,0.025062,0.944988
-0.044485,0.021201,0.584138,1.880805,18.717150,10.037427,3.472221,2.722431,169.585465,5.149221,1.039914,0.025426,0.945254
-0.061275,0.021316,0.581109,1.690530,18.600215,8.743947,3.474430,2.728035,169.591725,5.015373,1.039228,0.024783,0.944679
-0.047570,0.020664,0.585089,1.844649,18.697672,9.910735,3.470293,2.725865,169.633421,5.082351,1.039743,0.025085,0.945077
-0.051861,0.020610,0.594965,1.586224,18.680213,9.602262,3.469952,2.732806,169.577500,5.054311,1.039501,0.024989,0.944825
-0.048676,0.021519,0.601342,1.817280,18.708412,9.475718,3.474757,2.735956,169.519852,4.996734,1.039204,0.024761,0.944638
-0.049911,0.021566,0.599019,1.774057,18.676302,9.510075,3.477227,2.801517,170.918495,4.989491,1.039048,0.024696,0.944562
-0.049629,0.021596,0.584440,1.754354,18.705763,9.373542,3.473636,2.719760,169.371491,4.897489,1.038721,0.024326,0.944193
-0.050411,0.022353,0.637323,1.655119,18.683588,9.604983,3.475700,2.732990,169.363964,5.169764,1.038679,0.025577,0.944091
-0.049308,0.021701,0.595787,1.685943,18.703378,9.886377,3.473555,2.734185,169.410748,5.202004,1.038715,0.025713,0.944128
-0.051450,0.022008,0.611269,2.364148,18.647125,9.323700,3.477900,2.726626,169.417627,5.129437,1.038296,0.025370,0.943847
-0.051799,0.021963,0.583510,1.766247,18.711710,9.808888,3.474521,2.726325,169.412817,5.145958,1.038419,0.025428,0.943905
-0.048605,0.021580,0.534934,1.869438,18.686488,9.501853,3.475924,2.727491,169.351153,5.089961,1.038103,0.025121,0.943625
-0.045135,0.022212,0.629113,1.589239,18.742677,10.206258,3.478951,2.728459,169.328850,5.087690,1.038248,0.025234,0.943666
-0.044017,0.021003,0.614950,1.799776,18.758992,10.529247,3.471973,2.724037,169.259894,5.090411,1.038183,0.025247,0.943695
-0.049553,0.021544,0.609854,1.717340,18.714977,9.276382,3.474560,2.727744,169.152962,4.938911,1.037542,0.024471,0.942984
-0.054624,0.021846,0.630483,1.683620,18.716055,9.260592,3.475882,2.719911,169.169425,5.200975,1.037222,0.025709,0.942829
-0.052141,0.020875,0.517959,1.859491,18.692017,9.262025,3.470378,2.719569,169.152804,5.201424,1.037110,0.025688,0.942697
-0.047000,0.021519,0.628126,1.761886,18.734203,10.069600,3.472565,2.736556,169.143428,5.231624,1.037311,0.025918,0.942909
-0.063231,0.022665,0.625896,1.724013,18.687588,8.577575,3.479841,2.728354,169.086171,5.064220,1.036507,0.025020,0.942126
-0.045640,0.021598,0.659493,1.946973,18.753920,10.046363,3.472558,2.713904,169.112931,5.161700,1.036993,0.025521,0.942579
-0.053086,0.021505,0.657613,1.740977,18.702683,8.854287,3.472243,2.723486,169.021694,5.030416,1.036273,0.024882,0.941997
-0.040879,0.021180,0.611439,1.717017,18.789963,10.894168,3.472063,2.735521,169.038789,5.156589,1.036954,0.025558,0.942564
-0.054474,0.022370,0.615286,1.721265,18.711127,9.035808,3.477042,2.726667,168.979964,4.990134,1.036080,0.024712,0.941744
-0.050873,0.022003,0.647133,1.781929,18.761413,9.178917,3.472780,2.716267,168.919925,4.927160,1.034649,0.024451,0.941598
-0.057362,0.022611,0.625686,1.790476,18.765195,9.399278,3.476864,2.720935,168.880189,5.212370,1.035745,0.025767,0.941453
-0.060495,0.022363,0.603124,1.530240,18.762308,9.086912,3.473739,2.737814,168.827791,5.155777,1.035427,0.025505,0.941155
-0.051325,0.021912,0.627726,1.680626,18.731720,9.412210,3.474858,2.719064,168.817188,5.143215,1.035374,0.025460,0.941097
-0.050446,0.021970,0.656053,2.047694,18.786327,9.533292,3.475034,2.727677,168.790889,5.109921,1.035279,0.025327,0.941020
-0.052035,0.021775,0.632654,1.580631,18.758357,9.207003,3.473279,2.721084,168.758908,5.044069,1.035054,0.024968,0.940670
-0.047969,0.022051,0.657452,1.580933,18.813175,9.671620,3.473796,2.724187,168.758489,5.066303,1.035091,0.025144,0.940774
-0.050263,0.022413,0.650525,1.520803,18.772937,9.349568,3.475448,2.725553,168.747350,5.032507,1.034711,0.024877,0.940518
-0.055247,0.022674,0.584091,1.813991,18.798420,9.423197,3.477433,2.722176,168.718941,5.267553,1.034520,0.026131,0.940350
-0.053965,0.022748,0.642670,1.639081,18.811605,8.815065,3.478425,2.724363,168.655448,4.914577,1.034120,0.024344,0.939993
-0.056676,0.022799,0.608159,1.522286,18.831115,9.220315,3.476752,2.723512,168.627706,5.215976,1.033959,0.025771,0.940026
-0.052533,0.022140,0.603364,1.225082,18.849193,9.422702,3.474304,2.711289,168.637486,5.166802,1.033895,0.025564,0.939840
-0.044114,0.022063,0.643438,1.292491,18.892643,10.615315,3.474762,2.717945,168.517536,5.231846,1.034220,0.025883,0.940088
-0.039885,0.022378,0.673390,1.562598,18.959977,11.043173,3.476448,2.708497,168.440919,5.210435,1.034120,0.025876,0.940081
-0.043615,0.021859,0.674103,1.757192,18.913430,10.604053,3.471603,2.707789,168.415461,5.150773,1.033806,0.025589,0.939750
-0.049917,0.022695,0.638749,1.569598,18.913780,10.067422,3.476504,2.697471,168.435013,5.366277,1.033374,0.026612,0.939363
-0.051619,0.022808,0.654888,1.570402,18.869912,9.289997,3.475789,2.715009,168.456425,5.269259,1.032968,0.026072,0.938906
-0.062884,0.023452,0.660032,1.565095,18.842763,8.842928,3.477157,2.712957,168.427849,5.194873,1.032580,0.025675,0.938562
-0.055785,0.023355,0.643088,1.960198,18.872138,9.320138,3.476327,2.732206,168.453275,5.209289,1.032649,0.025757,0.938630
-0.051022,0.022512,0.669174,1.500835,18.927622,9.576823,3.475986,2.723477,168.448724,5.183912,1.032614,0.025691,0.938538
-0.056744,0.022213,0.671654,1.608539,18.896032,9.013995,3.473634,2.711103,168.393903,5.104729,1.032210,0.025300,0.938212
-0.054610,0.022412,0.674262,1.531439,18.904375,9.222287,3.472547,2.696428,168.246678,5.074601,1.032046,0.025189,0.938078
-0.050368,0.023115,0.586843,1.666197,18.916595,9.797718,3.477103,2.707884,168.157092,5.378933,1.031953,0.026628,0.938024
-0.056405,0.023301,0.668798,1.618114,18.954633,8.974647,3.478344,2.700771,168.103694,5.267299,1.031388,0.026086,0.937490
-0.052080,0.022799,0.700248,1.456609,18.947417,9.693400,3.474483,2.702836,168.103299,5.308694,1.031225,0.026262,0.937643
-0.053738,0.022585,0.651419,1.534540,18.993775,9.465057,3.475154,2.701182,168.077208,5.225145,1.031178,0.025910,0.937380
-0.054504,0.023078,0.679684,1.659071,18.938842,9.385023,3.477359,2.716949,168.017377,5.190498,1.030995,0.025730,0.937163
-0.055904,0.023534,0.662631,1.767426,18.994923,9.237002,3.478115,2.697854,167.941493,5.126662,1.030726,0.025458,0.936917
-0.049283,0.023433,0.689998,1.379118,19.055983,9.839492,3.477459,2.702740,167.903187,5.141234,1.030749,0.025555,0.936981
-0.055382,0.023063,0.652426,1.621794,18.978163,8.941063,3.475800,2.708729,167.957514,5.325051,1.030204,0.026400,0.936470
-0.056026,0.023179,0.675761,1.512709,18.991628,9.027515,3.476920,2.710639,168.040910,5.020180,1.030172,0.024907,0.936375
-0.049379,0.023465,0.653537,1.528981,19.043775,9.327545,3.477346,2.712075,168.139000,5.025008,1.030067,0.024938,0.936426
-0.055892,0.023440,0.693587,1.508870,19.051258,8.867570,3.477734,2.708647,168.153033,4.947779,1.029885,0.024608,0.936103
-0.056141,0.023796,0.573617,1.741114,19.046070,8.790090,3.481052,2.718259,168.161816,4.932453,1.029646,0.024449,0.935948
-0.051970,0.023188,0.627837,1.703609,19.063633,9.422622,3.474254,2.715698,168.204303,5.248316,1.029741,0.025976,0.936028
-0.047352,0.023130,0.677862,1.481227,19.077727,9.531658,3.474896,2.703868,168.185437,5.235521,1.029634,0.025900,0.935932
-0.062555,0.023281,0.621113,1.434764,19.126392,8.229737,3.476098,2.714963,168.107961,5.058351,1.028820,0.025005,0.935174
-0.050798,0.023533,0.690222,1.521881,19.153675,9.415705,3.475474,2.704244,168.088577,5.130338,1.029135,0.025431,0.935595
-0.049681,0.023765,0.605715,1.740461,19.199857,9.218993,3.477993,2.699963,168.037274,5.009374,1.028886,0.024871,0.933378
-0.049294,0.023899,0.646499,1.561049,19.185045,9.453217,3.479758,2.717577,167.951838,5.034022,1.028755,0.024986,0.935139
-0.058798,0.023905,0.694181,1.606104,19.105538,8.705408,3.479567,2.707060,167.845967,5.225088,1.028096,0.025856,0.934576
-0.058807,0.023839,0.593573,1.678065,19.185245,8.727252,3.478386,2.713787,167.758541,5.180742,1.027793,0.025554,0.934248
-0.060446,0.023453,0.675791,1.655330,19.232900,8.943798,3.473331,2.718239,167.774070,5.148542,1.027697,0.025480,0.934184
-0.051640,0.023770,0.664257,1.614010,19.269925,9.643252,3.477441,2.712056,167.961053,5.208320,1.027926,0.025717,0.934439
-0.057824,0.024159,0.654760,1.526893,19.306075,9.258037,3.476692,2.707147,168.174906,5.168048,1.027811,0.025539,0.934226
-0.062836,0.024342,0.649502,1.557872,19.328675,8.310412,3.478544,2.717971,168.358565,4.786999,1.027438,0.023739,0.933933
-0.055028,0.024375,0.545886,1.820464,19.317060,8.340020,3.480719,2.708525,168.495773,4.781508,1.027333,0.023667,0.933900
-0.049375,0.023232,0.668792,1.686382,19.353773,8.940927,3.473166,2.703546,167.606161,4.805986,1.027610,0.023771,0.934057
-0.049630,0.024565,0.647195,1.558111,19.437173,10.044675,3.477785,2.705873,168.706006,5.035616,1.027955,0.024802,0.933600
-0.053208,0.023784,0.685008,1.547930,19.453683,8.886677,3.474701,2.707355,168.691890,4.738671,1.027367,0.023414,0.932284
-0.054055,0.023338,0.704798,1.464457,19.449432,8.868648,3.472670,2.708297,168.682956,4.885019,1.027215,0.024100,0.932945
-0.058490,0.023115,0.688783,1.516770,19.529802,8.709547,3.470406,2.685634,168.527247,4.715020,1.026852,0.023303,0.933551
-0.065414,0.023248,0.686651,1.875021,19.438153,8.063450,3.474539,2.719224,168.176912,4.820775,1.025941,0.023857,0.932748
-0.053938,0.023808,0.616871,2.549504,19.484792,9.090357,3.473209,2.710720,167.839884,5.102399,1.025959,0.025245,0.932577
-0.061010,0.024700,0.762644,1.334820,19.525725,8.612248,3.476307,2.705250,167.501832,5.080298,1.025182,0.025189,0.928616
-0.057322,0.023842,0.756271,1.427619,19.519792,8.967477,3.476769,2.705228,167.216618,5.194681,1.024864,0.025748,0.930345
-0.052003,0.024338,0.756955,1.407180,19.596218,9.503302,3.478018,2.689194,166.997184,5.166704,1.024637,0.025695,0.930697
-0.058063,0.024751,0.785200,1.381534,19.609753,8.726797,3.478259,2.678759,166.829985,5.342423,1.023966,0.026437,0.930937
-0.051844,0.024829,0.740470,1.343111,19.685553,9.539885,3.477083,2.679498,166.751414,5.332545,1.023864,0.026490,0.930624
-0.053865,0.024693,0.740232,1.291282,19.795975,9.477135,3.479553,2.692943,166.668648,5.280366,1.023723,0.026230,0.930367
-0.057148,0.025024,0.770669,1.380038,19.832927,9.342502,3.480488,2.684927,166.585881,5.507516,1.023369,0.027406,0.930277
-0.048522,0.024645,0.752166,1.410448,19.876458,10.250835,3.477661,2.673421,166.561726,5.550127,1.023481,0.027552,0.930429
-0.050169,0.024942,0.763738,1.366599,19.804373,9.953262,3.478746,2.664543,166.512724,5.465753,1.022788,0.027147,0.928468
-0.056955,0.025194,0.765999,1.702853,19.901552,9.389172,3.481128,2.673187,166.454143,5.355926,1.022673,0.026683,0.929710
-0.058043,0.024676,0.811272,1.294884,19.814243,8.719115,3.478351,2.659130,166.367402,5.244729,1.022021,0.026131,0.928965
-0.063645,0.025204,0.788491,1.382998,19.929032,8.636955,3.478598,2.660770,166.305098,5.498484,1.019275,0.027170,0.927964
-0.053921,0.025034,0.775448,1.470520,19.994432,9.580322,3.479255,2.684935,166.303525,5.507887,1.021889,0.027315,0.928967
-0.055204,0.025323,0.815175,1.343463,20.010552,9.582233,3.482022,2.670654,166.231540,5.487782,1.018036,0.027177,0.928197
-0.058516,0.025763,0.823135,1.313586,20.011537,9.261515,3.481131,2.683579,166.223627,5.373782,1.021389,0.026745,0.927891
-0.052744,0.025521,0.789790,1.278820,20.010565,9.512790,3.480627,2.667154,166.221314,5.396514,1.021270,0.026831,0.928402
-0.049926,0.025962,0.812317,1.231603,20.010357,9.451828,3.485040,2.671579,166.179943,5.334678,1.020687,0.026551,0.927869
-0.063848,0.025964,0.810923,1.366133,20.010590,8.972330,3.482826,2.676305,166.129106,5.538424,1.020316,0.027440,0.927638
-0.054876,0.025520,0.834331,1.316171,20.009935,9.984553,3.482755,2.669077,166.180139,5.589938,1.020568,0.027700,0.927869
-0.063749,0.025734,0.804679,1.242952,20.010352,8.492932,3.479906,2.682652,166.291256,5.434230,1.019881,0.026909,0.925198
-0.059472,0.026026,0.797340,1.396675,20.010100,9.241428,3.479142,2.695680,166.431911,5.477284,1.020002,0.027007,0.926978
-0.054193,0.025575,0.799018,1.324497,20.010028,9.886350,3.481382,2.686798,166.534035,5.500581,1.020236,0.027252,0.927491
-0.063961,0.026717,0.812190,1.342665,20.010242,8.333947,3.485613,2.664617,166.544638,5.318467,1.019416,0.026396,0.926374
-0.055435,0.026588,0.767843,1.299116,20.009988,9.508633,3.481463,2.657069,166.569577,5.403355,1.019736,0.026759,0.927021
-0.050536,0.026331,0.724916,1.379749,20.009672,9.790763,3.482427,2.685064,166.545793,5.377223,1.019539,0.026591,0.926875
-0.050338,0.025780,0.817710,1.229076,20.009818,9.598997,3.481349,2.698177,166.515614,5.306773,1.019252,0.026287,0.926580
-0.050831,0.025370,0.810693,1.320928,20.009645,9.803282,3.477774,2.677773,166.444985,5.289821,1.019004,0.026226,0.926494
-0.050672,0.026553,0.815271,1.301216,20.009607,9.142935,3.482836,2.694311,166.186362,5.142397,1.018356,0.025512,0.924704
-0.052178,0.025776,0.840631,1.281582,20.009485,9.261873,3.479629,2.668587,165.849484,5.345468,1.017802,0.026502,0.923952
-0.052985,0.026275,0.850503,1.213303,20.009603,9.650838,3.479162,2.663121,165.591788,5.564940,1.016205,0.027588,0.924997
-0.053245,0.026466,0.870118,1.186296,20.009202,9.589208,3.481707,2.681362,165.376625,5.467011,1.016897,0.027155,0.924032
-0.050998,0.026958,0.862086,1.032610,20.009138,10.506582,3.482587,2.659553,165.245653,5.750188,1.016892,0.028571,0.923722
-0.059786,0.027080,0.896097,1.344726,20.009432,9.070743,3.485729,2.682529,165.094054,5.564403,1.014724,0.027596,0.923608
-0.051456,0.027721,0.900753,1.112935,20.009100,10.060262,3.484003,2.663199,165.014194,5.593056,1.013435,0.027784,0.921794
-0.051748,0.026998,0.909104,1.119177,20.009127,9.683530,3.484127,2.674010,164.940932,5.790757,1.015455,0.028653,0.922117
-0.049305,0.027063,0.900569,1.134517,19.996182,10.102942,3.485858,2.640235,164.753853,5.781551,1.012228,0.028624,0.922342
-0.052355,0.027176,0.904835,1.340696,20.008958,9.797062,3.483369,2.671270,164.794123,5.635299,1.014934,0.028048,0.922370
-0.054879,0.027532,0.938031,1.149474,20.009078,9.289832,3.485715,2.670978,164.731298,5.545367,1.014372,0.027505,0.922138
-0.054889,0.027749,0.865528,1.286954,20.008977,9.367848,3.484515,2.655099,164.671276,5.492195,1.014047,0.027313,0.921912
-0.052251,0.027411,0.917982,1.198642,20.008855,10.118288,3.482503,2.668064,164.614879,5.807621,1.013939,0.028806,0.921939
-0.055902,0.027867,0.903285,1.106921,20.008953,9.116167,3.487395,2.649785,164.532916,5.633469,1.013327,0.027924,0.921169
-0.057027,0.028537,0.925691,1.121710,20.008733,9.103277,3.485799,2.674438,164.432271,5.550360,1.012899,0.027582,0.920811
-0.057278,0.028371,0.921194,1.094109,20.008450,9.055797,3.488665,2.665723,164.332398,5.504532,1.012413,0.027376,0.920547
-0.052119,0.027858,0.936005,1.129551,20.008405,10.195555,3.485072,2.674465,164.273659,5.849337,1.012565,0.029086,0.920828
-0.053289,0.028069,0.982735,1.125406,20.008503,9.331810,3.484499,2.656981,164.215435,5.683827,1.011911,0.028193,0.919968
-0.053657,0.027535,0.979755,1.137200,20.008298,9.675255,3.482301,2.667545,164.126373,5.633816,1.011693,0.028056,0.919839
-0.061013,0.028524,0.903404,0.989742,20.008272,9.400250,3.487874,2.645085,164.041997,5.836177,1.011182,0.029000,0.919348
-0.050268,0.028165,0.994504,1.012368,20.008217,10.628957,3.485956,2.672560,163.997931,5.881584,1.011248,0.029179,0.919508
-0.053189,0.028087,0.946911,1.101697,20.008218,9.894172,3.483438,2.665696,164.099032,5.745430,1.010876,0.028573,0.918945
-0.058083,0.027936,0.980866,1.085883,20.008103,9.112050,3.483215,2.671720,164.213563,5.638807,1.010324,0.027971,0.918441
-0.057315,0.028732,0.977508,1.090755,20.007977,9.592058,3.489158,2.651207,164.329125,5.672957,1.010346,0.028013,0.918394
-0.059178,0.028446,0.962747,1.072765,20.007992,9.312893,3.485344,2.662644,164.394627,5.601634,1.009961,0.027768,0.918266
-0.056509,0.028556,0.943000,0.950290,20.008003,9.265208,3.488884,2.679068,164.390044,5.537419,1.009607,0.027429,0.917928
-0.050122,0.028599,0.976028,1.023759,20.008112,9.807597,3.485425,2.670346,164.386775,5.514043,1.009345,0.027414,0.917852
-0.056689,0.028596,0.984208,1.101764,20.008008,9.195890,3.485826,2.682013,164.330126,5.414236,1.008905,0.026856,0.916781
-0.053783,0.028896,0.938195,1.071146,20.008045,9.617248,3.483943,2.651946,164.257115,5.351244,1.008673,0.026588,0.917128
-0.056209,0.028517,0.982623,1.052456,20.007713,9.432988,3.483303,2.659004,164.174190,5.578808,1.008322,0.027679,0.916753
-0.056140,0.028481,0.991441,1.022565,20.007743,9.300757,3.483887,2.672270,163.903638,5.458822,1.007733,0.027116,0.916209
-0.054385,0.029264,0.974423,1.077982,20.007963,9.831828,3.488164,2.666057,163.618178,5.702842,1.007331,0.028255,0.915879
-0.057532,0.029798,0.985437,1.030179,20.007858,9.137770,3.488008,2.657043,163.397666,5.529962,1.006396,0.027393,0.915067
-0.053151,0.030124,1.042480,0.959409,20.016085,9.980117,3.489700,2.663653,163.232420,5.735778,1.006351,0.028451,0.913375
-0.049659,0.030061,1.044141,1.014273,20.015898,10.051505,3.490778,2.650848,163.086055,5.716359,1.005797,0.028467,0.914587
-0.049616,0.030468,1.052719,0.968941,20.015917,10.308330,3.490619,2.669682,162.984129,5.963412,1.005528,0.029596,0.914366
-0.051740,0.030501,1.090316,0.918034,20.016122,10.224470,3.491755,2.641618,162.894333,5.858368,1.005052,0.029069,0.913865
-0.053623,0.031799,1.122966,0.892762,20.016210,9.462542,3.492286,2.663478,162.792932,5.638587,1.004475,0.028021,0.911507
-0.054854,0.030780,1.102563,1.015215,20.015895,9.620378,3.490872,2.658292,162.705473,5.655613,1.004066,0.028094,0.912872
-0.051964,0.030800,1.127624,0.936926,20.015283,10.314423,3.492808,2.638830,162.642862,5.924253,1.003881,0.029360,0.912723
-0.049737,0.030903,1.125132,1.020459,20.010085,9.992868,3.489964,2.646635,162.519831,5.781292,1.003237,0.028820,0.912187
-0.053469,0.031756,1.156852,0.950769,20.015268,9.740135,3.492346,2.645991,162.467126,5.726671,1.001620,0.028430,0.911863
-0.055455,0.031560,1.107045,0.924793,20.015485,9.774153,3.491825,2.646756,162.388149,5.937505,1.002385,0.029449,0.911384
-0.051893,0.030969,1.137070,0.945767,20.015165,10.079422,3.487281,2.656127,162.323647,5.855515,1.002141,0.029090,0.911158
-0.049165,0.031581,1.128021,0.907807,20.015298,10.226638,3.492467,2.675431,162.209354,5.795491,1.001729,0.028811,0.910815
-0.053449,0.031364,1.144383,0.966896,20.015218,9.945118,3.491279,2.670411,162.101217,5.974019,1.001122,0.029728,0.910285
-0.058065,0.031163,1.098388,0.909521,20.015152,9.741223,3.489889,2.651159,161.989131,5.868235,1.000637,0.029101,0.909733
-0.057540,0.031362,1.069787,0.974478,20.014938,9.215625,3.490180,2.644283,161.885092,5.743508,0.999942,0.028524,0.909182
-0.055946,0.032617,1.203160,0.891181,20.014833,10.019113,3.493271,2.637806,161.815157,6.008158,0.999834,0.029864,0.909021
-0.053108,0.031970,1.175746,0.876558,20.014857,10.105142,3.492136,2.660901,161.718418,5.936070,0.999348,0.029504,0.908708
-0.052156,0.032369,1.212489,0.850173,20.014727,9.966300,3.493657,2.659587,161.641048,5.825464,0.998909,0.029014,0.908260
-0.054193,0.032619,1.220122,0.904798,20.014597,9.670315,3.490809,2.659747,161.664592,5.730152,0.998397,0.028552,0.907854
-0.048453,0.032996,1.186659,0.858574,20.014485,10.348943,3.495599,2.655915,161.727067,5.744577,0.998345,0.028588,0.907833
-0.057584,0.033311,1.190383,0.858820,20.014710,8.929098,3.496148,2.660923,161.767915,5.547179,0.997441,0.027633,0.906898
-0.054643,0.033747,1.178159,0.863438,20.014432,9.645668,3.493593,2.656629,161.586718,5.849788,0.996191,0.029044,0.906883
-0.055363,0.033679,1.231484,0.879900,20.014457,9.594530,3.495472,2.664551,161.776589,5.761717,0.996950,0.028587,0.906436
-0.055067,0.032814,1.209675,0.826639,20.014170,9.680650,3.492006,2.666468,161.788699,5.677451,0.996729,0.028214,0.906251
-0.063295,0.033037,1.224228,0.865641,20.014352,8.971358,3.490918,2.665469,161.764302,5.571693,0.996027,0.027613,0.905590
-0.050843,0.033280,1.202365,0.854718,20.014205,9.676943,3.491146,2.670102,161.697945,5.535310,0.995820,0.027516,0.905585
-0.057799,0.033729,1.201231,0.834343,20.014165,9.476303,3.496515,2.654531,161.566483,5.721197,0.995349,0.028323,0.904992
-0.053180,0.033315,1.281985,0.807346,20.014123,9.617715,3.490691,2.657647,161.338766,5.626104,0.994865,0.027938,0.904439
-0.060729,0.035602,1.342311,0.811893,20.009725,9.234745,3.497168,2.644989,160.975120,5.849621,0.990220,0.028989,0.901312
-0.052837,0.033979,1.267019,0.788817,20.013845,9.812245,3.495730,2.659276,160.721561,5.716839,0.993456,0.028396,0.903462
-0.060254,0.036613,1.296571,0.818245,20.013967,9.579788,3.499928,2.650679,160.510865,5.922888,0.992828,0.029464,0.900334
-0.059493,0.034958,1.380892,0.767331,20.013782,9.406165,3.496923,2.661591,160.350032,5.872260,0.992275,0.029124,0.901426
-0.050503,0.036342,1.399983,0.800296,20.014022,9.870352,3.501455,2.649942,160.237429,5.805552,0.991900,0.028919,0.901159
-0.051093,0.035788,1.385857,0.749613,20.013753,10.186462,3.498829,2.647705,160.106234,5.917656,0.991486,0.029421,0.901603
-0.054652,0.036112,1.322971,0.755580,20.013645,10.079143,3.501743,2.655067,160.025027,6.083615,0.991048,0.030315,0.901058
-0.051727,0.035486,1.389972,0.719432,20.013658,10.145557,3.496216,2.650406,159.931562,6.018555,0.990577,0.029886,0.900686
-0.049262,0.036312,1.350791,0.740336,20.013390,10.493882,3.499934,2.658713,159.852577,5.945645,0.990262,0.029635,0.900456
-0.056336,0.036925,1.425081,0.731074,20.013312,9.916530,3.501083,2.655289,159.710519,6.088582,0.989550,0.030261,0.899652
-0.051616,0.036896,1.438281,0.703521,20.013288,10.479317,3.502711,2.636200,159.608551,6.059979,0.989243,0.030100,0.899499
-0.054460,0.036267,1.403772,0.747310,20.013463,9.516653,3.497799,2.651301,159.491285,5.891357,0.988323,0.029259,0.898731
-0.054630,0.037731,1.466388,0.695735,20.013162,10.134757,3.505553,2.657326,159.425665,6.161489,0.988078,0.030561,0.898542
-0.051803,0.036459,1.350375,0.740575,20.013285,10.398183,3.498551,2.646404,159.313433,6.071343,0.987765,0.030184,0.898201
-0.054870,0.037002,1.517087,0.690591,20.013112,9.628660,3.501282,2.659049,159.180362,5.901200,0.986993,0.029348,0.897394
-0.054327,0.038726,1.494067,0.697843,20.012925,10.316170,3.506242,2.662605,159.075118,6.192779,0.986756,0.030682,0.897249
-0.054212,0.037583,1.539093,0.670279,20.013167,9.765132,3.500991,2.630664,158.992372,6.027227,0.986089,0.029966,0.896612
-0.053417,0.037520,1.513207,0.728195,20.013232,9.866983,3.497533,2.646040,158.899003,5.942320,0.985605,0.029585,0.896212
-0.050164,0.038762,1.569425,0.643272,20.012775,10.156278,3.504850,2.643788,158.792010,6.165814,0.985185,0.030673,0.895864
-0.055475,0.038390,1.565364,0.657037,20.012685,10.225277,3.500592,2.650743,158.737591,6.091673,0.984707,0.030249,0.895465
-0.053305,0.038306,1.593467,0.660970,20.013005,9.758778,3.498942,2.640354,158.692552,5.937451,0.984089,0.029546,0.894818
-0.050590,0.038198,1.563896,0.639528,20.012950,10.236955,3.498173,2.655307,158.786604,5.915523,0.983942,0.029484,0.894746
-0.043691,0.038489,1.583768,0.638370,20.012715,10.646555,3.499150,2.649143,158.860939,5.894418,0.983729,0.029301,0.894567
-0.047640,0.038455,1.577614,0.633800,20.012923,10.019805,3.500904,2.649368,158.866462,5.745338,0.983079,0.028638,0.893934
-0.055154,0.039636,1.603403,0.627567,20.012753,9.993223,3.504550,2.637585,158.840435,5.960041,0.982643,0.029584,0.893470
-0.051950,0.039094,1.545016,0.709225,20.012727,10.225620,3.499020,2.647829,158.782256,5.887377,0.982272,0.029269,0.893174
-0.056542,0.040027,1.636206,0.634646,20.012833,9.650875,3.507383,2.647284,158.648001,5.743490,0.981534,0.028548,0.892514
-0.053043,0.040197,1.634266,0.612049,20.012685,9.810277,3.503059,2.649695,158.494543,5.959702,0.981089,0.029607,0.892121
-0.050652,0.040349,1.672035,0.609792,20.012445,10.025245,3.503798,2.656379,158.307981,5.872824,0.980567,0.029193,0.891695
-0.056399,0.040677,1.725067,0.590349,20.012538,9.603783,3.502793,2.636731,158.078315,6.002055,0.979818,0.029876,0.890981
-0.049613,0.041001,1.750320,0.585934,20.012405,10.155837,3.501658,2.654707,157.828456,5.914134,0.979376,0.029485,0.890593
-0.049846,0.041466,1.686591,0.592480,20.012200,10.297890,3.508208,2.648760,157.628464,6.136031,0.978832,0.030476,0.890122
-0.059745,0.041786,1.766166,0.568651,20.012698,9.371918,3.506224,2.634762,157.484909,5.924599,0.977898,0.029440,0.889154
-0.052633,0.042777,1.815018,0.557361,20.012327,10.265195,3.511264,2.645788,157.387378,6.215254,0.977683,0.030889,0.889103
-0.054366,0.042352,1.725026,0.579715,20.012325,9.816772,3.507848,2.625085,157.288469,6.051435,0.977031,0.030109,0.888442
-0.058894,0.042378,1.757730,0.659521,20.012352,9.362848,3.506801,2.620944,157.189378,5.924935,0.976347,0.029512,0.887832
-0.057338,0.043535,1.853612,0.541505,20.012323,9.873358,3.509540,2.645311,157.097011,6.183969,0.976004,0.030702,0.887552
-0.055100,0.042595,1.891204,0.536663,20.012367,9.668247,3.507860,2.646656,156.995998,6.058679,0.975367,0.030095,0.887001
-0.052782,0.043533,1.876560,0.542849,20.012180,9.897980,3.509605,2.648253,156.919409,5.961443,0.974962,0.029697,0.886609
-0.051837,0.044138,1.931473,0.534737,20.012192,10.402880,3.507769,2.637947,156.807847,6.214535,0.974541,0.030911,0.886348
-0.048659,0.044107,1.847883,0.581614,20.011952,10.816982,3.506904,2.629123,156.702990,6.122872,0.974199,0.030502,0.885956
-0.060829,0.045204,1.963770,0.512822,20.012243,9.089252,3.509824,2.635313,156.580770,5.872386,0.973051,0.029209,0.884776
-0.053133,0.045077,1.978839,0.505360,20.012023,10.034752,3.511322,2.638893,156.480718,6.176283,0.972803,0.030663,0.884731
-0.052436,0.044502,2.002011,0.514480,20.011887,10.091340,3.504565,2.637204,156.376524,6.067952,0.972317,0.030161,0.884265
-0.052437,0.045717,1.998192,0.500990,20.011940,10.006463,3.512053,2.649088,156.346040,5.959796,0.971822,0.029658,0.883768
-0.060579,0.046184,2.046273,0.489434,20.011898,9.589570,3.512185,2.640569,156.283419,6.120634,0.971123,0.030421,0.883116
-0.052713,0.046340,2.054548,0.486696,20.011752,10.004460,3.511703,2.632272,156.146130,6.044179,0.970721,0.030095,0.882826
-0.053208,0.046833,2.053407,0.491312,20.011965,10.282740,3.513757,2.641584,156.031395,6.244690,0.970190,0.031101,0.882352
-0.054975,0.046516,2.089088,0.493443,20.011887,9.783500,3.510654,2.633900,155.899968,6.093574,0.969459,0.030296,0.881646
-0.055786,0.047883,2.098309,0.476551,20.011993,9.755890,3.513952,2.628208,155.788709,5.979621,0.968896,0.029743,0.881089
-0.048688,0.048479,2.105941,0.481887,20.011885,10.587622,3.514790,2.634213,155.718218,6.235288,0.968629,0.031060,0.880918
-0.057116,0.048554,2.180215,0.462055,20.011590,10.152412,3.512441,2.637794,155.804708,6.129210,0.968030,0.030436,0.880362
-0.049940,0.048469,2.162782,0.462402,20.011832,10.546693,3.514533,2.617054,155.940289,6.085285,0.967788,0.030242,0.880175
-0.059105,0.048631,2.124913,0.491649,20.012125,9.230527,3.513054,2.635461,156.009416,5.894840,0.966922,0.029259,0.879303
-0.052215,0.048465,2.203996,0.455378,20.012005,10.467702,3.514053,2.627903,156.051998,5.909041,0.966956,0.029363,0.879383
-0.057516,0.048655,2.147577,0.496714,20.011940,9.380625,3.511970,2.629732,156.019011,5.713636,0.966108,0.028395,0.878479
-0.060760,0.049563,2.242045,0.446531,20.011947,9.581610,3.510313,2.635014,155.908453,5.931150,0.965598,0.029465,0.878093
-0.056414,0.049051,2.234902,0.447539,20.012262,9.486208,3.510320,2.646375,155.796569,5.823685,0.965059,0.028914,0.877598
-0.063340,0.050492,2.239235,0.459781,20.012155,8.676465,3.516198,2.632056,155.630929,5.617191,0.964118,0.027944,0.876643
-0.058420,0.055160,2.524646,0.396095,20.015608,9.270985,3.521035,2.631467,154.438460,5.836217,0.960772,0.029079,0.872142
-0.052305,0.055142,2.484569,0.411953,20.011057,10.410697,3.525735,2.629144,154.444454,6.169985,0.961009,0.030713,0.873661
-0.049690,0.054279,2.588048,0.390541,20.011550,10.191600,3.522249,2.627265,154.379765,6.153075,0.960556,0.030487,0.873461
-0.056935,0.054477,2.606101,0.389698,20.011712,9.391137,3.522492,2.617169,154.278996,5.966875,0.959815,0.029712,0.872737
-0.050703,0.054708,2.625425,0.388552,20.011767,10.576778,3.517607,2.628728,154.207311,6.005724,0.959730,0.029912,0.872881
-0.056321,0.055714,2.602155,0.389706,20.011928,9.871652,3.519912,2.626118,154.094664,6.139276,0.959013,0.030498,0.872079
-0.058917,0.055702,2.659415,0.380236,20.012062,9.422525,3.519651,2.622146,153.983970,6.005946,0.958317,0.029839,0.871469
-0.050729,0.057050,2.685377,0.372375,20.011953,10.173570,3.524940,2.642774,153.890142,5.973950,0.958055,0.029753,0.871348
-0.050531,0.056941,2.696803,0.383594,20.012085,10.171355,3.517161,2.634027,153.768784,6.169927,0.957503,0.030632,0.870817
-0.055194,0.057877,2.710820,0.369421,20.011942,9.551248,3.523985,2.617699,153.670077,5.981284,0.956706,0.029797,0.870035
-0.051274,0.058016,2.791118,0.360087,20.012165,10.132883,3.522982,2.631362,153.652289,5.965370,0.956463,0.029664,0.869878
-0.052514,0.058907,2.768368,0.361224,20.012125,10.402088,3.526080,2.633247,153.535189,6.174815,0.956031,0.030716,0.869503
-0.051142,0.059213,2.855044,0.352806,20.012042,10.017383,3.523727,2.633919,153.383184,6.028448,0.955319,0.029974,0.868809
-0.052910,0.060191,2.878154,0.353377,20.012140,10.600977,3.526036,2.616653,153.263114,6.271661,0.954918,0.031156,0.868516
-0.056857,0.059958,2.987333,0.344380,20.012273,9.813170,3.523947,2.647538,153.145318,6.083083,0.954099,0.030250,0.867683
-0.050355,0.061011,2.940232,0.350743,20.012153,10.077337,3.523235,2.635463,153.042890,6.009722,0.953623,0.029883,0.867313
-0.060711,0.061919,2.972104,0.336455,20.012527,9.379938,3.519936,2.615210,152.964604,6.116305,0.952765,0.030397,0.866433
-0.051917,0.061588,3.038137,0.333129,20.012192,10.176703,3.520795,2.606007,153.031562,6.127115,0.952606,0.030380,0.866421
-0.052580,0.062222,3.058392,0.326970,20.012328,10.264917,3.521725,2.623575,153.130103,6.036825,0.952236,0.030007,0.866077
-0.053815,0.062473,3.034318,0.340923,20.012447,9.766245,3.520516,2.632679,153.196375,5.906588,0.951671,0.029350,0.865470
-0.054589,0.062696,3.062225,0.326555,20.012593,9.478660,3.522614,2.627124,153.210901,5.803889,0.951096,0.028813,0.864973
-0.051944,0.063070,3.098707,0.325355,20.012633,10.064332,3.521195,2.629419,153.184474,5.754908,0.950807,0.028624,0.864768
-0.052217,0.064140,3.110193,0.321546,20.012660,10.154998,3.528114,2.629049,153.138492,5.955721,0.950343,0.029572,0.864296
-0.054413,0.064538,3.172222,0.316820,20.012582,9.461715,3.522775,2.611314,153.044732,5.795079,0.949602,0.028765,0.863557
-0.048973,0.065342,3.196533,0.312836,20.012462,10.186492,3.525206,2.625783,152.918465,5.758456,0.949260,0.028627,0.863387
-0.058060,0.066541,3.250847,0.320827,20.012698,9.209795,3.528221,2.638751,152.745793,5.847582,0.948369,0.028999,0.862387
-0.053013,0.067947,3.326960,0.305266,20.012325,9.786825,3.527561,2.632054,152.381804,5.783788,0.947827,0.028725,0.862081
-0.046966,0.069024,3.316251,0.315096,20.012207,10.230803,3.526910,2.629056,152.040549,5.928173,0.947217,0.029587,0.861511
-0.051287,0.070383,3.525390,0.283656,20.012285,10.329940,3.535042,2.629470,151.760430,6.122111,0.946538,0.030403,0.860884
-0.052180,0.071538,3.554879,0.281300,20.012115,9.897972,3.535432,2.620882,151.583837,5.942204,0.945765,0.029598,0.860105
-0.055489,0.071885,3.649333,0.281513,20.012263,9.579485,3.532219,2.633750,151.453821,6.109841,0.944972,0.030377,0.859470
-0.058028,0.073278,3.573018,0.289374,20.012113,9.711583,3.528130,2.628079,151.334719,5.988232,0.944424,0.029867,0.858991
-0.050880,0.074430,3.737604,0.276634,20.012152,10.212650,3.529501,2.606118,151.224940,5.934497,0.944022,0.029575,0.858669
-0.054071,0.075041,3.787420,0.264026,20.012087,10.155940,3.535352,2.609698,151.097441,6.102342,0.943340,0.030373,0.858074
-0.052285,0.076420,3.872702,0.258263,20.011965,9.648040,3.534618,2.597747,150.972160,5.926837,0.942528,0.029519,0.857266
-0.054604,0.077393,3.899001,0.256470,20.011953,10.326623,3.536459,2.617907,150.857198,6.175942,0.942147,0.030699,0.856986
-0.052845,0.078070,3.962448,0.255615,20.012087,9.818440,3.530154,2.613409,150.728068,5.993285,0.941319,0.029869,0.856218
-0.050975,0.080139,4.018166,0.257238,20.011782,10.156472,3.535977,2.611637,150.614072,5.919728,0.940817,0.029464,0.855796
-0.050925,0.080678,4.151872,0.000000,20.011780,9.932070,3.528694,2.607100,150.487439,6.077997,0.940077,0.030140,0.855084
-0.055781,0.081758,4.183673,0.000000,20.011668,9.686772,3.536343,2.615985,150.358185,5.918647,0.939338,0.029447,0.854432
-0.050293,0.083253,4.258450,0.236409,20.011592,10.113378,3.539387,2.614377,150.275285,6.138182,0.938838,0.030460,0.853995
-0.050720,0.084441,4.355125,0.000000,20.011765,10.369972,3.529270,2.601295,150.230770,6.043940,0.938329,0.030006,0.853574
-0.051289,0.085557,4.395815,0.000000,20.011872,10.073847,3.537363,2.612312,150.213325,5.896176,0.937708,0.029316,0.852919
-0.049149,0.087125,4.455519,0.000000,20.011767,9.905997,3.539455,2.606507,150.071253,5.763293,0.937005,0.028717,0.852319
-0.047318,0.087878,4.549638,0.000000,20.011698,10.344370,3.535550,2.621110,149.878560,5.952291,0.936440,0.029644,0.851853
-0.050403,0.090068,4.666244,0.000000,20.011562,9.701045,3.538047,2.615979,149.655691,5.772583,0.935509,0.028697,0.850920
-0.053221,0.091432,4.623594,0.000000,20.011685,9.870560,3.541111,2.619767,149.537716,5.984037,0.934876,0.029580,0.850412
-0.049874,0.093284,4.832911,0.000000,20.011333,10.021723,3.539413,2.600575,149.395476,5.835991,0.934253,0.029039,0.849881
-0.049579,0.094827,4.904855,0.000000,20.011552,9.746013,3.540499,2.602368,149.352336,5.680022,0.933517,0.028308,0.849143
-0.049990,0.095640,4.787014,0.000000,20.011512,10.181035,3.542484,2.606725,149.485579,5.942762,0.933163,0.029412,0.848868
-0.049505,0.095747,4.981885,0.000000,20.011675,10.274130,3.540094,2.603390,149.642567,5.845983,0.932719,0.029013,0.848507
-0.056023,0.096368,4.982569,0.000000,20.011567,9.361837,3.543320,2.595210,149.729766,5.676019,0.931936,0.028081,0.847655
-0.053655,0.097199,5.038722,0.000000,20.011593,9.410880,3.535308,2.622955,149.768804,5.571200,0.931481,0.027641,0.847247
-0.058486,0.098857,5.095788,0.000000,20.011782,9.093183,3.537015,2.617355,149.777109,5.434600,0.930849,0.027025,0.846662
-0.046677,0.099870,5.194387,0.000000,20.011498,9.822197,3.543772,2.621535,149.753391,5.403120,0.930515,0.026877,0.846479
-0.060643,0.101828,5.270995,0.000000,20.011587,8.949105,3.542139,2.616101,149.706580,5.505199,0.929679,0.027253,0.845516
-0.050330,0.102468,5.326915,0.000000,20.011870,9.669608,3.544217,2.633620,149.594780,5.449332,0.929278,0.027081,0.845350
-0.053206,0.104857,5.412481,0.000000,20.011993,9.397502,3.538632,2.608176,149.458032,5.305270,0.928612,0.026368,0.844647
-0.054189,0.107295,5.601085,0.000000,20.011542,9.271247,3.533593,2.620091,149.097483,5.452835,0.927794,0.027013,0.843906
-0.053624,0.111298,5.804571,0.000000,20.011660,8.859900,3.540311,2.624851,148.691919,5.246375,0.926815,0.026109,0.842980
-0.048951,0.114320,5.913861,0.000000,20.011313,9.669050,3.541127,2.612611,148.325606,5.455346,0.926235,0.027137,0.842610
-0.050482,0.118395,6.195840,0.000000,20.011420,9.864253,3.545507,2.625104,148.020436,5.606767,0.925479,0.027852,0.841893
-0.046782,0.121708,6.397099,0.000000,20.011072,10.094892,3.541619,2.615346,147.785287,5.479464,0.924771,0.027240,0.841310
-0.047773,0.125180,6.559566,0.000000,20.010992,9.662783,3.541775,2.605579,147.616992,5.314304,0.923926,0.026420,0.840478
-0.050200,0.127139,6.746332,0.000000,20.011240,9.703692,3.544480,2.623275,147.468996,5.487208,0.923228,0.027120,0.839837
-0.043279,0.129942,6.909312,0.000000,20.011072,10.195902,3.547184,2.589524,147.261321,5.374741,0.922666,0.026735,0.839442
-0.049555,0.133717,7.012179,0.000000,20.011165,9.251010,3.545528,2.608459,147.231738,5.161078,0.921700,0.025683,0.838407
-0.047123,0.136439,7.201637,0.000000,20.011020,10.134408,3.543586,2.587346,147.112353,5.424089,0.921253,0.026833,0.838189
-0.055064,0.005767,7.404281,0.000000,20.011220,9.266920,3.553224,2.607325,146.973370,5.195050,0.920260,0.025740,0.837156
-0.041284,0.142448,7.609083,0.000000,20.011033,10.032930,3.545305,2.597248,146.843347,5.126744,0.919812,0.025514,0.836869
-0.048896,0.145798,7.760294,0.000000,20.011008,9.453398,3.542442,2.603671,146.741367,5.250636,0.918928,0.025907,0.835957
-0.044714,0.153116,8.133865,0.000000,20.010818,9.863678,3.558311,2.599059,146.063073,5.052760,0.917927,0.025133,0.835137
-0.038374,0.161330,8.602631,0.000000,20.016045,10.629278,3.557184,2.583394,145.488189,5.216006,0.917127,0.025840,0.834478
-0.044189,0.177547,9.375942,0.000000,20.015337,9.766893,3.563694,2.603948,144.296959,5.086332,0.915295,0.025273,0.832554
-0.042382,0.186960,9.657772,0.000000,20.015257,9.553848,3.555455,2.585296,144.295340,5.035189,0.913170,0.024860,0.830848
-0.035226,0.205583,10.718274,0.000000,20.015473,10.721925,3.559831,2.592160,143.831286,4.862329,0.912380,0.024201,0.830086
