SCC,SCV,DVV,ICP,CCDT,CVCT,ACCV C,ACCV D,ECD,ECV,CCD,CCV,SoH
-0.041300,0.015094,0.299583,3.053592,20.015170,10.750178,3.446980,2.735643,180.509140,6.501364,1.082969,0.032380,0.983509
-0.040548,0.014946,0.328836,3.307644,20.015470,10.666748,3.446914,2.752791,180.691502,6.444406,1.083681,0.032069,0.984644
-0.039293,0.014619,0.297854,3.087654,20.008117,10.583480,3.445912,2.746203,180.811304,6.257101,1.084225,0.031146,0.985188
-0.038927,0.014836,0.281143,2.664255,20.008018,10.500012,3.447364,2.754749,180.867261,6.063799,1.084705,0.030280,0.985673
-0.040146,0.014320,0.320319,2.775700,20.008588,10.500045,3.446793,2.742995,181.023291,6.158504,1.085259,0.030647,0.986101
-0.038381,0.014516,0.307679,3.595744,20.008318,10.416793,3.443624,2.742764,181.109768,5.977787,1.085757,0.029834,0.986654
-0.039024,0.013907,0.319195,3.047269,20.008403,10.416638,3.444193,2.740415,181.188744,6.048631,1.086001,0.030106,0.986989
-0.039130,0.014457,0.311223,3.134353,20.008832,10.416435,3.445337,2.739982,181.230189,6.113281,1.086359,0.030398,0.987272
-0.038000,0.014321,0.294902,4.493831,20.008545,10.333477,3.446281,2.747476,181.287984,5.874227,1.086626,0.029283,0.987568
-0.038165,0.014116,0.298335,3.481445,20.009223,10.333343,3.445585,2.749865,181.329852,5.849720,1.086793,0.029119,0.987455
-0.039823,0.014444,0.300628,3.326339,20.009450,10.333490,3.447065,2.741933,181.383158,5.957013,1.087030,0.029534,0.987878
-0.038679,0.014225,0.275606,3.280554,20.009237,10.250055,3.444479,2.761154,181.376443,5.699727,1.087175,0.028425,0.988137
-0.040784,0.014024,0.263119,3.192829,20.009092,10.250223,3.443862,2.754382,181.345465,5.702620,1.087210,0.028415,0.988166
-0.038229,0.014436,0.284132,3.104280,20.009390,10.249915,3.445728,2.761202,181.312614,5.691419,1.087117,0.028370,0.988098
-0.039088,0.013953,0.271013,4.601537,20.009350,10.250035,3.443470,2.741660,181.320149,5.698190,1.087314,0.028396,0.988166
-0.037565,0.013822,0.295548,3.547251,20.009385,10.250088,3.443516,2.739799,181.308879,5.732205,1.087374,0.028528,0.988309
-0.040599,0.013376,0.286856,3.062583,20.009585,10.250218,3.441802,2.754108,181.339235,5.744471,1.087500,0.028588,0.988411
-0.037438,0.013585,0.288336,3.478640,20.009613,10.250048,3.441086,2.751345,181.296609,5.761637,1.087511,0.028615,0.988422
-0.042834,0.014001,0.288527,3.537917,20.011090,10.249962,3.443138,2.747864,181.326448,5.782400,1.087563,0.028660,0.988459
-0.038493,0.013766,0.242865,4.046571,20.009410,10.250027,3.442620,2.754089,181.312165,5.791090,1.087612,0.028713,0.988525
-0.038934,0.014036,0.276921,2.903239,20.010000,10.249917,3.443745,2.746867,181.317985,5.795478,1.087707,0.028733,0.988562
-0.039311,0.014462,0.289846,2.732156,20.009678,10.249905,3.448791,2.754445,181.300891,5.794444,1.087660,0.028771,0.988575
-0.036379,0.014021,0.278463,3.314818,20.010227,10.166593,3.442908,2.736070,181.304613,5.495228,1.087733,0.027393,0.988575
-0.037508,0.014120,0.307686,3.996653,20.009878,10.166750,3.446060,2.749301,181.268448,5.501206,1.087733,0.027436,0.988619
-0.037933,0.014030,0.304209,3.913590,20.010097,10.166582,3.442799,2.752334,181.285269,5.499948,1.087758,0.027431,0.988598
-0.039791,0.013778,0.290476,2.594086,20.010262,10.166600,3.442451,2.759287,181.253258,5.510840,1.087781,0.027465,0.988659
-0.038781,0.013880,0.317925,3.536681,20.009798,10.166630,3.444039,2.756510,181.235066,5.509821,1.087781,0.027459,0.988661
-0.037941,0.013917,0.277351,3.884831,20.009818,10.166915,3.443527,2.756896,181.311741,5.533627,1.087919,0.027546,0.988758
-0.039276,0.013499,0.289395,2.802497,20.009627,10.166593,3.440579,2.750195,181.279458,5.537778,1.087924,0.027541,0.988786
-0.038992,0.014141,0.244788,3.942045,20.009725,10.166810,3.443315,2.745501,181.289766,5.539890,1.087935,0.027545,0.988809
-0.039611,0.013980,0.302883,3.158369,20.009610,10.166780,3.443541,2.750730,181.260040,5.535574,1.087924,0.027534,0.988812
-0.039254,0.014388,0.271084,3.441073,20.009850,10.166648,3.447291,2.750705,181.221628,5.540566,1.087967,0.027568,0.988828
-0.040102,0.013764,0.262429,3.938109,20.009962,10.166765,3.442133,2.756657,181.226053,5.538398,1.087924,0.027536,0.988773
-0.039824,0.013913,0.281369,3.743861,20.010087,10.166668,3.444669,2.746639,181.252066,5.541459,1.087959,0.027559,0.988820
-0.038594,0.013314,0.255179,3.201563,20.009932,10.166750,3.439922,2.762389,181.258250,5.557925,1.088006,0.027607,0.988883
-0.038188,0.013570,0.279829,3.340893,20.010240,10.166700,3.441922,2.745696,181.288257,5.551913,1.088034,0.027607,0.988891
-0.040116,0.013902,0.282153,4.656616,20.010305,10.166703,3.446003,2.746262,181.267100,5.558780,1.088060,0.027647,0.988915
-0.040269,0.013935,0.291614,3.974324,20.009972,10.166578,3.443992,2.748677,181.274131,5.558476,1.088052,0.027643,0.988907
-0.041487,0.014093,0.276074,3.244407,20.010488,10.166645,3.444041,2.757439,181.270774,5.563692,1.088060,0.027627,0.988922
-0.042404,0.013878,0.305051,2.875207,20.010388,10.166788,3.443407,2.758318,181.278613,5.571284,1.088093,0.027662,0.988932
-0.041678,0.014182,0.282203,3.642040,20.010260,10.166812,3.446075,2.747992,181.230975,5.577280,1.088082,0.027688,0.988954
-0.037515,0.013448,0.282256,2.347574,20.010168,10.166712,3.441243,2.747435,181.213408,5.560383,1.088019,0.027619,0.988878
-0.039894,0.013362,0.294345,4.285114,20.010307,10.166708,3.441673,2.737712,181.173138,5.546074,1.087957,0.027556,0.988809
-0.038711,0.013522,0.267837,3.038818,20.010170,10.166602,3.443261,2.752234,181.160829,5.553272,1.088005,0.027621,0.988879
-0.037360,0.013027,0.280714,3.702427,20.010625,10.166643,3.440252,2.759961,181.175185,5.551671,1.088051,0.027591,0.988877
-0.042324,0.014269,0.300423,3.842620,20.010347,10.166788,3.445663,2.740649,181.155085,5.564203,1.088062,0.027641,0.988907
-0.040304,0.014170,0.253104,4.595601,20.010373,10.166755,3.444251,2.757926,181.146628,5.564286,1.088058,0.027638,0.988907
-0.039624,0.013376,0.269924,3.170189,20.010423,10.166750,3.442654,2.750532,181.142841,5.566863,1.088081,0.027651,0.988926
-0.038049,0.013282,0.282565,3.834220,20.010172,10.166690,3.441775,2.737463,181.111760,5.566358,1.088079,0.027656,0.988927
-0.040461,0.014051,0.295789,3.461341,20.010210,10.166843,3.446631,2.737749,181.101459,5.574861,1.088124,0.027667,0.988966
-0.038012,0.013462,0.303152,4.373800,20.010530,10.166687,3.440707,2.744036,181.284042,5.583614,1.088474,0.027681,0.988980
-0.038714,0.013830,0.292396,2.950193,20.010522,10.083377,3.442215,2.736768,181.433211,5.374621,1.088690,0.026737,0.989488
-0.041257,0.013062,0.243338,3.085596,20.010070,10.083325,3.440225,2.759743,181.535593,5.426352,1.088859,0.026856,0.989632
-0.041217,0.013839,0.301178,4.709744,20.010293,10.083407,3.443672,2.754353,181.538639,5.452836,1.088945,0.026986,0.989740
-0.037164,0.013668,0.229010,4.618676,20.010502,10.083447,3.443845,2.746861,181.315235,5.437693,1.088857,0.026912,0.989654
-0.038547,0.013583,0.279557,4.755196,20.010375,10.166800,3.443344,2.757508,181.064186,5.609364,1.088279,0.027837,0.989109
-0.038042,0.013911,0.285548,3.151476,20.010573,10.166790,3.446058,2.746922,181.048123,5.624902,1.088314,0.027873,0.989141
-0.042405,0.013796,0.283244,3.094372,20.010813,10.166703,3.442595,2.744871,181.024733,5.622510,1.088313,0.027837,0.989105
-0.039588,0.013773,0.280071,3.313367,20.010795,10.166600,3.444112,2.749767,181.025060,5.609667,1.088344,0.027828,0.989105
-0.039299,0.014248,0.282965,3.090200,20.010572,10.083440,3.445304,2.755125,181.013492,5.312880,1.088338,0.026479,0.989137
-0.038962,0.013424,0.289065,3.664371,20.010693,10.083523,3.441625,2.740468,180.978502,5.315106,1.088321,0.026480,0.989119
-0.038543,0.014463,0.247194,4.498704,20.010445,10.083350,3.444262,2.733166,180.965911,5.321945,1.088363,0.026529,0.989166
-0.038672,0.014087,0.281636,3.125865,20.010590,10.083460,3.444550,2.732250,180.965134,5.316361,1.088362,0.026493,0.989149
-0.034703,0.014357,0.253514,3.540116,20.010730,10.083498,3.446781,2.747379,180.966192,5.327798,1.088379,0.026527,0.989205
-0.040649,0.014451,0.248792,3.343498,20.010743,10.083312,3.447402,2.737184,180.892624,5.310048,1.088318,0.026448,0.989117
-0.035257,0.013640,0.278300,3.580460,20.010652,10.083373,3.444482,2.736062,180.877086,5.309857,1.088292,0.026429,0.989099
-0.038458,0.013997,0.250022,4.005597,19.988035,10.083388,3.444080,2.736641,180.848473,5.302603,1.088245,0.026387,0.989073
-0.038112,0.013864,0.252148,4.939368,20.010900,10.083417,3.443356,2.752877,180.838455,5.320452,1.088305,0.026466,0.989105
-0.037242,0.013486,0.260494,3.319064,20.011023,10.083460,3.442651,2.758860,180.773480,5.308832,1.088249,0.026441,0.989055
-0.038451,0.014397,0.296458,3.373124,20.010985,10.083365,3.447295,2.752376,180.785932,5.309452,1.088262,0.026426,0.989067
-0.037280,0.013845,0.301623,2.763687,20.000760,10.083472,3.443404,2.758891,180.751814,5.306779,1.088217,0.026412,0.989061
-0.037276,0.013593,0.260965,3.529053,20.011155,10.083430,3.443982,2.749046,180.727693,5.301699,1.088200,0.026387,0.989046
-0.037008,0.013813,0.293498,2.810413,20.011117,10.083552,3.443298,2.758564,180.719913,5.292895,1.088169,0.026374,0.989000
-0.038724,0.014311,0.299491,2.910582,19.962637,10.083468,3.446068,2.745551,180.676494,5.283616,1.088119,0.026312,0.988970
-0.037524,0.014247,0.270348,3.698450,19.982035,10.083370,3.445282,2.745295,180.658997,5.268194,1.088089,0.026255,0.988914
-0.037710,0.013797,0.284482,4.171024,20.010682,10.083282,3.444113,2.734189,180.661769,5.269145,1.088113,0.026245,0.988930
-0.037529,0.013864,0.270298,3.349891,19.938083,10.083378,3.445086,2.733404,180.638038,5.269394,1.088054,0.026244,0.988909
-0.036177,0.013882,0.270477,3.555220,19.945842,10.083550,3.444618,2.748637,180.644962,5.263337,1.088035,0.026211,0.988882
-0.038013,0.014098,0.262235,3.627722,20.011148,10.083455,3.446143,2.750987,180.614366,5.260741,1.088045,0.026193,0.988867
-0.041783,0.014468,0.317339,4.233981,20.006888,10.166660,3.447513,2.736570,180.578544,5.552453,1.087999,0.027525,0.988840
-0.039798,0.013503,0.305814,3.486706,19.971650,10.166797,3.443078,2.750208,180.567323,5.553824,1.087973,0.027521,0.988829
-0.040577,0.013803,0.262024,2.822300,20.011478,10.166733,3.444740,2.755326,180.582449,5.564257,1.088005,0.027558,0.988857
-0.039418,0.014102,0.306096,3.194317,19.950640,10.166673,3.445334,2.734219,180.590342,5.568265,1.088024,0.027574,0.988875
-0.040222,0.014220,0.252350,3.551937,19.928850,10.166753,3.445353,2.748527,180.538499,5.543803,1.087841,0.027487,0.988815
-0.038652,0.013432,0.297565,5.494342,19.952350,10.166727,3.443369,2.738068,180.530409,5.543996,1.087891,0.027435,0.988737
-0.039785,0.013842,0.284682,3.492668,20.011290,10.166642,3.444354,2.743149,180.545321,5.539942,1.087883,0.027424,0.988743
-0.037909,0.013409,0.295527,3.588878,19.935237,10.166730,3.444350,2.752026,180.472242,5.516368,1.087775,0.027336,0.988666
-0.039762,0.013932,0.296881,3.495077,19.998035,10.166828,3.444497,2.736556,180.466815,5.525687,1.087810,0.027344,0.988664
-0.037780,0.013942,0.277282,3.616954,20.010975,10.166653,3.445458,2.738569,180.441329,5.514933,1.087771,0.027327,0.988655
-0.038885,0.013047,0.273224,3.788151,20.011148,10.166792,3.442593,2.742238,180.442840,5.507200,1.087772,0.027309,0.988618
-0.039306,0.013576,0.305724,3.177050,19.953775,10.166708,3.442354,2.740836,180.447024,5.506977,1.087733,0.027279,0.988619
-0.039959,0.013984,0.302087,3.694527,19.937130,10.166742,3.445382,2.739747,180.442858,5.438187,1.087728,0.027014,0.988358
-0.038312,0.013844,0.294536,3.483770,20.011438,10.166827,3.443807,2.756232,180.463937,5.500247,1.087721,0.027251,0.988583
-0.038384,0.014072,0.295550,3.292823,19.953182,10.166693,3.445427,2.740369,180.490696,5.488737,1.087652,0.027236,0.988552
-0.039148,0.013979,0.309232,3.732920,19.929957,10.166550,3.447614,2.741864,180.448444,5.514941,1.087727,0.027318,0.988645
-0.041002,0.013920,0.259981,3.627189,19.899690,10.166812,3.446210,2.733856,180.414463,5.501242,1.087680,0.027245,0.988593
-0.042184,0.013710,0.276375,3.250575,19.918743,10.166915,3.443410,2.751029,180.379370,5.496712,1.087660,0.027203,0.988524
-0.039346,0.013813,0.285159,3.602633,19.916022,10.166698,3.443765,2.755915,180.390976,5.484938,1.087667,0.027167,0.988522
-0.039711,0.013983,0.258946,3.426920,19.874487,10.166870,3.444680,2.739843,180.405595,5.488470,1.087626,0.027178,0.988550
-0.038454,0.013499,0.302406,3.347680,19.893568,10.166758,3.443453,2.748744,180.368009,5.492897,1.087655,0.027218,0.988528
-0.041430,0.013499,0.300776,3.733488,19.790940,10.166763,3.445871,2.749353,180.330711,5.498538,1.087624,0.027203,0.988521
-0.038336,0.014009,0.297591,3.468452,19.888557,10.166777,3.446260,2.737286,180.316970,5.459385,1.087549,0.027081,0.988435
-0.040167,0.013251,0.293099,2.922292,19.921962,10.166843,3.442748,2.748758,180.322478,5.467222,1.087557,0.027121,0.988435
-0.040938,0.013957,0.241592,3.404853,19.963015,10.166738,3.445687,2.736939,180.320878,5.445615,1.087507,0.027040,0.988378
-0.040070,0.013842,0.278762,3.212566,19.941177,10.166778,3.445493,2.746437,180.271859,5.435684,1.087436,0.027024,0.988351
-0.039964,0.014045,0.295345,3.543782,19.950822,10.166665,3.444659,2.739883,180.247978,5.443498,1.087497,0.027038,0.988386
-0.042310,0.013391,0.294011,2.679853,19.907928,10.166698,3.443220,2.744532,180.188032,5.428995,1.087321,0.026930,0.988268
-0.038902,0.014136,0.294404,3.915564,19.901930,10.166743,3.447442,2.749474,180.115755,5.403545,1.087240,0.026846,0.988156
-0.038248,0.014065,0.280725,2.621760,19.898823,10.166883,3.446693,2.727542,180.093956,5.376690,1.087147,0.026737,0.988046
-0.036177,0.013881,0.292961,3.575018,19.937537,10.166702,3.446525,2.734509,180.182948,5.426622,1.087361,0.026923,0.988264
-0.039748,0.014103,0.263094,3.217612,19.857573,10.166757,3.446211,2.745285,180.203740,5.436739,1.087355,0.026975,0.988301
-0.043635,0.014029,0.279545,3.280871,19.938265,10.166692,3.446591,2.756663,180.188670,5.416830,1.087341,0.026870,0.988217
-0.041902,0.013285,0.276282,3.304735,19.962180,10.166692,3.443209,2.760852,180.144651,5.415192,1.087325,0.026876,0.988247
-0.036096,0.013684,0.300638,3.243409,19.910735,10.166633,3.446124,2.746082,180.139141,5.411156,1.087219,0.026875,0.988230
-0.037058,0.013871,0.313174,3.297238,19.974770,10.166697,3.445363,2.757376,180.086588,5.392387,1.087219,0.026781,0.988144
-0.040961,0.013943,0.299919,3.549977,19.910358,10.166858,3.445109,2.741336,180.074354,5.388355,1.087177,0.026795,0.988113
-0.039275,0.013661,0.277545,3.743606,19.898677,10.166788,3.444492,2.751048,180.067349,5.376182,1.087102,0.026734,0.988060
-0.039590,0.014115,0.298987,3.174279,19.930783,10.166598,3.448407,2.748052,180.058311,5.376671,1.087172,0.026731,0.988076
-0.038105,0.013757,0.288597,3.621513,19.877155,10.166712,3.445263,2.740680,180.079363,5.391671,1.087137,0.026754,0.988119
-0.037993,0.013238,0.298493,3.446031,19.900227,10.166792,3.441822,2.735581,180.071196,5.383976,1.087176,0.026752,0.988121
-0.036755,0.014243,0.308596,2.902555,19.885885,10.166762,3.448137,2.762694,180.103055,5.403731,1.087231,0.026811,0.988159
-0.039990,0.014362,0.289627,3.385214,19.872760,10.166617,3.448080,2.737662,180.085868,5.398161,1.087172,0.026769,0.988121
-0.036506,0.014114,0.299011,3.828078,19.883298,10.166750,3.448964,2.733760,180.051160,5.398580,1.087145,0.026738,0.988094
-0.039315,0.013796,0.295387,3.317195,19.890005,10.166863,3.444973,2.739923,179.972174,5.360133,1.087021,0.026623,0.987978
-0.038894,0.013884,0.299545,3.610201,19.843392,10.166680,3.444583,2.748556,179.930299,5.346536,1.086903,0.026541,0.987886
-0.038408,0.013628,0.288967,3.162661,19.841607,10.166688,3.444305,2.763569,179.918662,5.323696,1.086836,0.026484,0.987803
-0.037899,0.014188,0.288372,2.710131,19.906907,10.166830,3.447277,2.742339,179.908241,5.312402,1.086818,0.026420,0.987759
-0.039247,0.014695,0.293450,3.443324,19.833633,10.166785,3.449738,2.730612,179.874772,5.305875,1.086757,0.026398,0.987731
-0.039060,0.014625,0.319573,3.410462,19.839103,10.166700,3.450192,2.752935,179.863688,5.297341,1.086684,0.026351,0.987697
-0.037773,0.014206,0.311703,3.205787,19.864557,10.166792,3.447523,2.736708,179.844175,5.288481,1.086712,0.026305,0.987635
-0.036317,0.014019,0.290903,3.324465,19.848778,10.166757,3.447845,2.749844,179.823347,5.286121,1.086668,0.026294,0.987619
-0.035951,0.014305,0.294416,3.273285,19.809393,10.166855,3.448182,2.745537,179.795062,5.281429,1.086606,0.026270,0.987577
-0.038189,0.014250,0.317176,2.530979,19.838715,10.250218,3.448722,2.744014,179.769137,5.510107,1.086555,0.027302,0.987230
-0.038113,0.014924,0.285554,3.635244,19.962147,10.166655,3.450883,2.759354,179.730752,5.248032,1.086511,0.026136,0.987445
-0.042692,0.014584,0.290890,4.154523,19.781565,10.250112,3.448927,2.742516,179.669835,5.535106,1.086342,0.027427,0.987342
-0.038275,0.014427,0.292570,4.175232,19.799323,10.250197,3.448393,2.739961,179.637846,5.526043,1.086305,0.027340,0.987273
-0.039436,0.014300,0.310375,3.878298,19.836995,10.250047,3.447521,2.741786,179.639164,5.513302,1.086304,0.027309,0.987261
-0.039916,0.014537,0.305094,3.145277,19.838258,10.250048,3.450414,2.724684,179.635113,5.523744,1.086263,0.027306,0.987232
-0.041826,0.013954,0.306302,3.731166,19.850307,10.249967,3.446315,2.725660,179.671444,5.520323,1.086312,0.027352,0.987289
-0.040549,0.014644,0.287756,3.050350,19.795998,10.250000,3.449615,2.749046,179.664207,5.519224,1.086278,0.027338,0.987281
-0.039468,0.014338,0.322441,3.714595,19.823702,10.249927,3.448304,2.739683,179.697057,5.515411,1.086302,0.027343,0.987290
-0.035682,0.014452,0.313329,3.167380,19.766683,10.166675,3.447399,2.752859,179.635605,5.215849,1.086184,0.025960,0.987293
-0.039167,0.013081,0.311949,3.147683,19.815900,10.249992,3.444883,2.746834,182.675893,5.481714,1.086153,0.027158,0.987293
-0.039330,0.013847,0.289134,3.533102,19.796858,10.249998,3.445753,2.751928,179.551949,5.477191,1.086109,0.027157,0.987100
-0.038885,0.013479,0.319020,2.828334,19.855055,10.250048,3.445219,2.732096,179.544858,5.477585,1.086114,0.027130,0.987061
-0.039508,0.014000,0.311693,4.037718,19.787182,10.250073,3.448478,2.748117,179.528917,5.479841,1.086059,0.027123,0.987064
-0.037909,0.013644,0.291524,3.430403,19.751020,10.250125,3.446137,2.750903,179.500275,5.463563,1.085983,0.027053,0.987003
-0.040216,0.014640,0.311634,4.570759,19.790458,10.250133,3.451824,2.742364,179.472044,5.458057,1.085991,0.027037,0.986984
-0.036616,0.014175,0.319508,2.675533,19.778188,10.250195,3.447079,2.746591,179.485693,5.451682,1.085971,0.027016,0.986975
-0.041762,0.014315,0.283789,3.525179,19.776138,10.250112,3.448942,2.729514,179.480829,5.443521,1.085977,0.026982,0.986946
-0.036349,0.014189,0.320195,3.299524,19.821792,10.250100,3.446638,2.748951,179.519808,5.452131,1.085944,0.027004,0.986953
-0.037861,0.013962,0.311569,2.589990,19.796043,10.250108,3.447894,2.727585,179.523294,5.448695,1.085901,0.026983,0.986966
-0.037599,0.014052,0.324100,3.158366,19.831505,10.249988,3.447935,2.751041,179.512030,5.441401,1.085882,0.026963,0.986919
-0.039717,0.013904,0.293446,2.655625,19.779018,10.250147,3.446653,2.737281,179.485550,5.426348,1.085807,0.026900,0.986869
-0.040693,0.014367,0.310257,3.222655,19.803530,10.250048,3.449747,2.730384,179.461710,5.413629,1.085803,0.026837,0.986796
-0.040182,0.014180,0.299772,3.817167,19.731020,10.250128,3.446010,2.762150,179.408894,5.410185,1.085693,0.026824,0.986780
-0.036527,0.014089,0.310292,3.166394,19.744418,10.250142,3.447734,2.744340,179.395479,5.397519,1.085701,0.026759,0.986754
-0.040327,0.014168,0.323525,2.972509,19.793762,10.250060,3.447366,2.737894,179.392923,5.375952,1.085656,0.026686,0.986652
-0.037008,0.014097,0.304493,3.688211,19.773262,10.250108,3.447010,2.724273,179.333541,5.369964,1.085561,0.026657,0.986598
-0.041031,0.014459,0.311255,3.059980,19.786857,10.250128,3.447839,2.742355,179.285077,5.360529,1.085578,0.026620,0.986585
-0.040926,0.014430,0.297402,3.790084,19.716070,10.250033,3.447846,2.745751,179.280509,5.352640,1.085508,0.026581,0.986594
-0.037820,0.014389,0.330752,3.584377,19.812517,10.250083,3.449968,2.731290,179.284036,5.350010,1.085530,0.026583,0.986536
-0.036193,0.013722,0.318241,2.861202,19.863068,10.249990,3.443909,2.727392,179.336944,5.349418,1.085547,0.026561,0.986540
-0.040298,0.013743,0.309031,3.033043,19.829528,10.250053,3.446545,2.742360,179.463133,5.374932,1.085661,0.026661,0.986645
-0.042921,0.014924,0.329042,3.126267,19.801193,10.250053,3.448908,2.744083,179.525236,5.404156,1.085754,0.026758,0.986746
-0.038751,0.013835,0.320302,3.303632,19.793968,10.249987,3.447212,2.754300,179.465847,5.403400,1.085721,0.026739,0.986727
-0.039595,0.014464,0.300374,3.447396,19.781420,10.249950,3.449532,2.746854,179.350016,5.351103,1.085553,0.026543,0.986530
-0.036605,0.013783,0.300063,2.947654,19.769758,10.249943,3.445040,2.754953,179.207357,5.322073,1.085352,0.026449,0.986399
-0.038132,0.014160,0.313428,2.674106,19.780753,10.250088,3.448408,2.738178,179.273442,5.319575,1.085322,0.026449,0.986387
-0.038956,0.014261,0.324824,3.238463,19.729303,10.250028,3.447018,2.738064,179.168042,5.303288,1.085208,0.026372,0.986293
-0.037794,0.014513,0.329369,3.533102,19.799338,10.250115,3.450420,2.738378,179.289173,5.300277,1.085300,0.026347,0.986295
-0.038137,0.014765,0.323064,3.133114,19.779982,10.250242,3.450005,2.745454,179.398561,5.325073,1.085424,0.026422,0.986422
-0.040451,0.014072,0.313648,3.595203,19.779872,10.250132,3.447596,2.749528,179.485048,5.356893,1.085504,0.026527,0.986512
-0.040806,0.013446,0.319464,2.557002,19.774883,10.250033,3.445542,2.731362,179.490889,5.356941,1.085560,0.026497,0.986506
-0.038702,0.014037,0.298902,2.862835,19.777845,10.249967,3.447291,2.732471,179.471920,5.359848,1.085518,0.026532,0.986539
-0.040750,0.014524,0.305826,3.269709,19.725777,10.249955,3.446733,2.745011,179.427831,5.347774,1.085445,0.026470,0.986480
-0.039590,0.014198,0.298104,2.755333,19.793793,10.250075,3.449174,2.749701,179.354849,5.326450,1.085375,0.026401,0.986392
-0.040852,0.014539,0.320897,3.116483,19.755105,10.249938,3.449986,2.721163,179.234346,5.294833,1.085261,0.026310,0.986309
-0.034884,0.014001,0.314032,3.833884,19.675875,10.250162,3.448905,2.729250,179.076296,5.262542,1.084971,0.026186,0.986108
-0.040200,0.014533,0.319680,3.257950,19.782715,10.250118,3.447964,2.741460,179.112855,5.261024,1.085069,0.026163,0.986119
-0.040248,0.014359,0.318964,5.732882,19.680592,10.250038,3.448351,2.740983,179.084259,5.267707,1.084991,0.026180,0.986151
-0.036815,0.014624,0.303735,3.296073,19.678967,10.250030,3.451832,2.730848,179.059198,5.248410,1.084956,0.026112,0.986061
-0.037951,0.014069,0.328840,3.869022,19.698417,10.249987,3.447434,2.723286,179.046410,5.233283,1.084889,0.026056,0.986006
-0.038333,0.014079,0.314127,3.011943,19.678787,10.249945,3.447807,2.748866,178.991357,5.233629,1.084861,0.026025,0.985984
-0.035869,0.015126,0.342385,2.971420,19.693142,10.250065,3.451007,2.748369,178.997595,5.225797,1.084811,0.025995,0.985912
-0.042171,0.014188,0.332243,3.103570,19.656097,10.333252,3.447896,2.735000,178.946084,5.507468,1.084718,0.027289,0.985870
-0.042672,0.014756,0.316415,3.126160,19.648395,10.333383,3.450703,2.740622,178.919994,5.499315,1.084656,0.027227,0.985792
-0.037577,0.014660,0.317366,3.231731,19.745905,10.333322,3.452049,2.741778,178.919660,5.487932,1.084653,0.027183,0.985734
-0.038465,0.014772,0.337403,2.623248,19.695642,10.333320,3.452931,2.734983,178.890611,5.471596,1.084538,0.027092,0.985655
-0.038779,0.015016,0.328983,2.705943,19.718757,10.333437,3.450273,2.746851,178.927976,5.470690,1.084548,0.027096,0.985679
-0.039279,0.014356,0.289081,3.460118,19.708755,10.333435,3.448286,2.744332,178.999852,5.478037,1.084618,0.027141,0.985693
-0.035703,0.014374,0.299461,3.133545,19.741550,10.249962,3.448510,2.741548,179.124385,5.191411,1.084728,0.025822,0.985778
-0.038831,0.014872,0.306350,3.055482,19.682550,10.250020,3.448761,2.751579,179.160717,5.207110,1.084785,0.025887,0.985870
-0.039173,0.013965,0.328814,3.767310,19.712630,10.250005,3.447729,2.750645,179.103916,5.200697,1.084783,0.025849,0.985840
-0.037625,0.014732,0.332819,2.674197,19.707353,10.250110,3.450946,2.736177,178.952548,5.180026,1.084579,0.025779,0.985728
-0.043192,0.014567,0.307429,3.137977,19.710503,10.333478,3.450226,2.745064,178.831548,5.448446,1.084430,0.026987,0.985571
-0.038942,0.014479,0.340903,2.882600,19.707738,10.333422,3.449092,2.755059,178.783872,5.441373,1.084365,0.026933,0.985510
-0.038523,0.014309,0.328671,3.143749,19.660210,10.333487,3.449989,2.756543,178.826804,5.416940,1.084291,0.026843,0.985423
-0.037611,0.014416,0.324988,3.670611,19.721895,10.333305,3.448605,2.756273,179.051423,5.452039,1.084510,0.026993,0.985568
-0.038812,0.014704,0.309929,3.127811,19.758755,10.250178,3.449475,2.745539,179.206084,5.187993,1.084723,0.025768,0.985762
-0.037676,0.014419,0.295983,3.864528,19.733607,10.250090,3.449087,2.739048,179.276576,5.215232,1.084804,0.025840,0.985869
-0.036473,0.014537,0.310450,2.859371,19.713218,10.250088,3.449130,2.755283,179.332714,5.218914,1.084861,0.025874,0.985931
-0.039541,0.014186,0.309645,3.789516,19.714718,10.249918,3.446946,2.754856,179.325255,5.214726,1.084845,0.025865,0.985906
-0.040578,0.014044,0.308111,2.908408,19.689963,10.250162,3.447975,2.746287,179.284715,5.210536,1.084793,0.025831,0.985875
-0.038272,0.014394,0.308775,3.013717,19.725718,10.250148,3.448727,2.756043,179.217628,5.189444,1.084702,0.025741,0.985784
-0.038635,0.014022,0.280210,3.090263,19.673190,10.250007,3.448299,2.726871,179.004834,5.156698,1.084526,0.025645,0.985643
-0.038117,0.014639,0.304545,2.948919,19.676588,10.333343,3.449561,2.752142,178.722036,5.412722,1.084173,0.026779,0.985383
-0.037545,0.014442,0.343201,2.810485,19.682842,10.333447,3.449590,2.738180,178.661625,5.362908,1.084004,0.026611,0.985191
-0.037098,0.014705,0.325928,2.828145,19.640552,10.333233,3.450822,2.742359,178.647299,5.354417,1.083935,0.026573,0.985151
-0.039435,0.014848,0.337880,3.029593,19.578758,10.333317,3.452508,2.750980,178.613668,5.338568,1.083822,0.026485,0.985062
-0.038479,0.014569,0.360180,2.794026,19.610242,10.333422,3.450953,2.738960,178.578348,5.325357,1.083790,0.026421,0.985004
-0.039585,0.014678,0.327016,3.114722,19.574310,10.333502,3.451424,2.744011,178.546953,5.311470,1.083738,0.026396,0.984954
-0.038462,0.015062,0.342099,3.048572,19.691563,10.333488,3.451115,2.731493,178.541481,5.293641,1.083701,0.026339,0.984909
-0.037459,0.014982,0.329707,2.939500,19.608815,10.333380,3.454391,2.742850,178.535088,5.294506,1.083651,0.026301,0.984864
-0.038888,0.014251,0.273371,3.345184,19.603683,10.333473,3.447817,2.728472,178.289403,5.279655,1.082304,0.026238,0.984803
-0.035995,0.014958,0.335150,3.153086,19.680723,10.333362,3.451890,2.739137,178.524490,5.257041,1.083512,0.026175,0.984727
-0.038401,0.014989,0.341573,2.967631,19.672590,10.333500,3.452142,2.740074,178.553333,5.266261,1.083523,0.026193,0.984750
-0.037361,0.014680,0.346725,2.629173,19.652390,10.333545,3.451077,2.729658,178.595631,5.266765,1.083532,0.026192,0.984747
-0.038439,0.014972,0.313417,3.863896,19.653782,10.333272,3.451979,2.740825,178.693804,5.279873,1.083600,0.026220,0.984809
-0.039273,0.014718,0.340859,3.678983,19.821365,10.333395,3.450815,2.736105,178.832269,5.302328,1.083784,0.026289,0.984916
-0.040202,0.014419,0.313489,3.386278,19.644007,10.333327,3.448267,2.755260,178.824272,5.324843,1.083784,0.026385,0.985007
-0.039002,0.014410,0.346251,2.451100,19.680282,10.333265,3.450244,2.738827,178.701088,5.291380,1.083660,0.026251,0.984863
-0.038603,0.014351,0.333009,3.003098,19.680840,10.333332,3.448698,2.746210,178.501781,5.259400,1.083440,0.026133,0.984701
-0.042057,0.015571,0.354673,3.096660,19.591418,10.416747,3.454214,2.735799,178.417872,5.531055,1.083245,0.027381,0.984535
-0.040065,0.015313,0.342258,3.051911,19.572550,10.416853,3.452210,2.744033,178.400512,5.529853,1.083198,0.027364,0.984514
-0.042502,0.014633,0.334240,2.850558,19.621943,10.416622,3.450283,2.732328,178.408981,5.507945,1.083124,0.027244,0.984418
-0.039000,0.015197,0.342792,3.382595,19.570218,10.333487,3.455665,2.729274,177.698732,5.215232,1.083273,0.025946,0.984502
-0.039771,0.014856,0.313575,3.784903,19.702770,10.333432,3.450660,2.760409,178.659506,5.235570,1.083402,0.026004,0.984608
-0.038458,0.014264,0.340524,2.950706,19.613857,10.333353,3.448923,2.753539,178.705873,5.253935,1.083446,0.026076,0.984692
-0.035577,0.014533,0.351575,2.984437,19.604523,10.333488,3.449031,2.759821,178.708134,5.244927,1.083401,0.026026,0.984651
-0.039547,0.014373,0.342239,2.923431,19.644470,10.333397,3.450278,2.756763,178.675551,5.237714,1.083392,0.025998,0.984635
-0.036714,0.014809,0.347377,3.439883,19.687222,10.333462,3.452230,2.754373,178.635967,5.223437,1.083344,0.025949,0.984574
-0.035912,0.014361,0.338996,3.515567,19.583415,10.333437,3.448928,2.731707,178.585278,5.206739,1.083219,0.025901,0.984511
-0.038031,0.014764,0.347040,3.285174,19.580612,10.333435,3.450474,2.752935,178.396015,5.188509,1.083061,0.025798,0.984359
-0.039314,0.014429,0.359889,2.487423,19.555783,10.416627,3.448516,2.736285,178.277949,5.441309,1.082813,0.026962,0.984144
-0.044062,0.014992,0.328416,3.040836,19.650177,10.416733,3.453167,2.749485,178.304078,5.440035,1.082831,0.026954,0.984157
-0.039107,0.015264,0.343106,2.773724,19.561910,10.416697,3.452582,2.753787,178.274514,5.438128,1.082752,0.026941,0.984141
-0.040481,0.015101,0.344196,2.478071,19.611267,10.416720,3.453097,2.756503,178.265121,5.414127,1.082702,0.026845,0.984054
-0.037494,0.014881,0.307092,2.954846,19.555372,10.416920,3.453232,2.745722,178.208665,5.403660,1.082623,0.026792,0.983985
-0.042700,0.014878,0.334328,2.857004,19.568828,10.416680,3.451353,2.741151,178.199491,5.379542,1.082572,0.026710,0.983900
-0.039312,0.015300,0.339658,2.308882,19.570993,10.416708,3.453554,2.744329,178.161700,5.362333,1.082466,0.026630,0.983816
-0.038730,0.015521,0.339606,2.924569,19.540023,10.416843,3.454411,2.737188,178.089693,5.339498,1.082363,0.026542,0.983731
-0.038234,0.015048,0.351370,3.002971,19.564857,10.416693,3.453596,2.725550,178.094754,5.341224,1.082368,0.026512,0.983685
-0.040082,0.015086,0.348556,2.899487,19.562120,10.416863,3.452879,2.724643,178.104862,5.333778,1.082341,0.026504,0.983679
-0.038204,0.014659,0.341454,2.413550,19.559317,10.416755,3.450818,2.735535,178.126119,5.324948,1.082330,0.026458,0.983682
-0.035937,0.014521,0.319813,3.012180,19.577868,10.416770,3.450474,2.731242,178.145770,5.321963,1.082317,0.026437,0.983632
-0.040522,0.014754,0.337002,3.887121,19.603263,10.416585,3.450314,2.736138,178.233332,5.335116,1.082362,0.026462,0.983692
-0.041278,0.014602,0.353887,2.846564,19.551077,10.416703,3.452120,2.733929,178.359069,5.370708,1.082488,0.026577,0.983807
-0.038975,0.015404,0.334029,2.939024,19.612897,10.416832,3.453461,2.743094,178.347207,5.379024,1.082545,0.026609,0.983842
-0.040979,0.014883,0.330170,3.378368,19.542015,10.416705,3.451892,2.733752,178.217686,5.346770,1.082354,0.026488,0.983706
-0.039634,0.015227,0.326656,2.767258,19.583468,10.416687,3.452816,2.744949,178.048570,5.294400,1.082175,0.026318,0.983516
-0.036352,0.015187,0.347818,2.496614,19.520505,10.416692,3.454052,2.739050,178.029899,5.286869,1.082045,0.026291,0.983471
-0.036619,0.015117,0.350963,2.926387,19.530135,10.416715,3.451579,2.729820,177.990886,5.272337,1.081979,0.026219,0.983397
-0.038623,0.015060,0.356536,3.518337,19.511545,10.416740,3.452650,2.728514,178.020201,5.257946,1.081919,0.026150,0.983307
-0.038607,0.015183,0.365985,2.717302,19.590242,10.416830,3.453544,2.737183,178.156301,5.272642,1.082078,0.026191,0.983413
-0.038737,0.015360,0.288784,2.821359,19.544532,10.416703,3.455732,2.750794,178.251349,5.297828,1.082149,0.026266,0.983522
-0.040139,0.014431,0.337088,3.572244,19.606390,10.416788,3.449065,2.736424,178.316595,5.309790,1.082228,0.026315,0.983560
-0.040273,0.014744,0.338338,3.669834,19.582748,10.416762,3.450510,2.725836,178.332526,5.318774,1.082235,0.026350,0.983591
-0.041721,0.014758,0.356537,2.869424,19.615323,10.416732,3.451244,2.731217,178.323261,5.312667,1.082206,0.026301,0.983547
-0.037111,0.014761,0.345145,2.699662,19.580345,10.416728,3.452538,2.733514,178.286846,5.300386,1.082161,0.026265,0.983503
-0.040027,0.014802,0.354472,3.233051,19.550027,10.416835,3.451270,2.745484,178.264037,5.278485,1.082107,0.026203,0.983444
-0.038857,0.014904,0.356083,4.203495,19.534453,10.416787,3.453006,2.754492,178.040119,5.248076,1.081869,0.026062,0.983274
-0.039498,0.015508,0.329015,2.928024,19.456053,10.500038,3.454311,2.737522,177.881728,5.512023,1.081630,0.027309,0.983075
-0.041222,0.014969,0.357035,2.620284,19.496597,10.499998,3.452629,2.743053,177.914211,5.501997,1.081620,0.027256,0.983053
-0.040954,0.016003,0.331226,2.682213,19.498973,10.499903,3.454700,2.735746,177.876068,5.491486,1.081556,0.027231,0.983004
-0.040831,0.015404,0.351961,2.786000,19.460827,10.500177,3.454467,2.738232,177.854407,5.485883,1.081500,0.027168,0.982957
-0.042513,0.015821,0.350018,2.832605,19.490223,10.499937,3.453481,2.735122,177.856137,5.467859,1.081445,0.027092,0.982873
-0.038116,0.015140,0.351317,3.744709,19.461640,10.500178,3.451444,2.744690,177.795937,5.463468,1.081363,0.027033,0.982824
-0.041045,0.014858,0.343154,2.914324,19.483910,10.500115,3.451562,2.736108,177.772723,5.434866,1.081316,0.026936,0.982745
-0.040509,0.015687,0.388430,2.836890,19.479543,10.499962,3.455985,2.735915,177.729718,5.414624,1.081202,0.026858,0.982656
-0.036655,0.015538,0.356289,2.892354,19.458440,10.500202,3.453261,2.744936,177.717111,5.398161,1.081176,0.026793,0.982623
-0.038247,0.014953,0.362210,3.136253,19.495525,10.500135,3.453226,2.746422,177.711745,5.394242,1.081115,0.026737,0.982529
-0.039521,0.015166,0.342094,2.594053,19.486085,10.500060,3.452584,2.734830,177.687425,5.386152,1.081052,0.026709,0.982523
-0.039885,0.015350,0.353374,2.830292,19.470128,10.500115,3.454784,2.725618,177.681707,5.372150,1.081016,0.026677,0.982480
-0.038766,0.015120,0.328174,3.241326,19.473450,10.500202,3.454595,2.724967,177.766521,5.373636,1.081056,0.026655,0.982472
-0.039744,0.015067,0.346689,3.192542,19.477918,10.499975,3.452821,2.745050,177.860400,5.390406,1.081138,0.026711,0.982552
-0.038987,0.014784,0.363517,2.983842,19.504027,10.499993,3.451559,2.757665,177.809066,5.399086,1.081116,0.026712,0.982521
-0.040020,0.015200,0.355479,2.813036,19.527980,10.500002,3.452224,2.729742,177.682546,5.361983,1.080955,0.026598,0.982409
-0.039493,0.015439,0.355082,2.696416,19.478942,10.500110,3.454991,2.734908,177.682498,5.344336,1.080839,0.026535,0.982334
-0.039023,0.015100,0.350840,2.950578,19.433162,10.500018,3.453352,2.731514,177.692873,5.332805,1.080804,0.026502,0.982313
-0.038651,0.015777,0.353445,2.659409,19.426780,10.500045,3.455621,2.752268,177.614998,5.328236,1.080718,0.026440,0.982259
-0.035814,0.015256,0.337928,3.156401,19.446980,10.500063,3.454878,2.751826,177.639719,5.312404,1.080714,0.026375,0.982190
-0.036516,0.015513,0.320991,3.590263,19.507092,10.500185,3.454511,2.734880,177.738181,5.323317,1.080812,0.026412,0.982249
-0.040827,0.015288,0.332840,3.409617,19.517973,10.500057,3.452836,2.731837,177.870193,5.354535,1.080932,0.026503,0.982351
-0.038730,0.015403,0.354754,2.743269,19.484972,10.500150,3.453369,2.726804,177.958531,5.370914,1.080992,0.026592,0.982416
-0.042047,0.015619,0.365948,2.988045,19.510248,10.500070,3.454775,2.743628,178.013467,5.376115,1.081028,0.026615,0.982446
-0.036156,0.015294,0.347495,3.052951,19.483740,10.416765,3.454188,2.741032,178.025902,5.072294,1.081022,0.025234,0.982455
-0.036680,0.015073,0.351710,2.557926,19.508308,10.416703,3.453464,2.725441,178.035588,5.069279,1.081030,0.025195,0.982425
-0.037303,0.015522,0.322357,2.901425,19.502048,10.416795,3.452185,2.736821,178.030800,5.066704,1.080992,0.025183,0.982433
-0.042112,0.015857,0.367678,2.801705,19.454497,10.500160,3.456898,2.747647,177.780764,5.340515,1.080778,0.026434,0.982273
-0.039864,0.015140,0.350464,3.033043,19.450323,10.500078,3.454402,2.750827,177.532091,5.264079,1.080431,0.026158,0.981999
-0.038448,0.015747,0.381361,2.855327,19.450543,10.500057,3.457091,2.732540,177.559514,5.236299,1.080269,0.026034,0.981816
-0.039256,0.015523,0.375824,3.071334,19.407815,10.583485,3.456831,2.747232,177.518890,5.523085,1.080156,0.027351,0.981735
-0.039347,0.015369,0.364708,2.759315,19.432368,10.583237,3.454296,2.731703,177.487339,5.510995,1.080139,0.027308,0.981698
-0.041564,0.016214,0.355487,3.187596,19.439608,10.583468,3.456884,2.750334,177.518136,5.502996,1.080091,0.027251,0.981631
-0.041691,0.015843,0.363428,3.202873,19.439907,10.583273,3.456429,2.735233,177.445168,5.497450,1.080025,0.027206,0.981584
-0.042578,0.015720,0.367251,2.127185,19.390580,10.583375,3.454689,2.734843,177.417322,5.483401,1.079968,0.027133,0.981528
-0.038826,0.015283,0.376723,2.654225,19.403955,10.583460,3.453576,2.734507,177.407590,5.403597,1.079903,0.026797,0.981201
-0.040058,0.015893,0.369408,3.198291,19.512323,10.583420,3.457523,2.732020,177.383504,5.461077,1.079922,0.027037,0.981437
-0.041049,0.015525,0.375517,2.438509,19.457343,10.583550,3.456033,2.738550,177.336842,5.455008,1.079843,0.027018,0.981416
-0.039006,0.014777,0.359445,2.460348,19.372498,10.583365,3.452244,2.719376,177.314043,5.449051,1.079777,0.026988,0.981390
-0.037942,0.015565,0.380232,2.582253,19.391770,10.583373,3.455169,2.746599,177.299480,5.430791,1.079745,0.026897,0.981312
-0.039692,0.015466,0.391519,2.677455,19.442265,10.583453,3.452649,2.726910,177.330597,5.419349,1.079737,0.026871,0.981284
-0.040689,0.015623,0.344189,3.266831,19.387705,10.583412,3.456538,2.759742,177.330865,5.422392,1.079709,0.026857,0.981263
-0.037399,0.015375,0.356243,2.483967,19.386278,10.583507,3.453231,2.742846,177.349666,5.398704,1.079622,0.026781,0.981191
-0.037937,0.015558,0.375312,2.585084,19.429398,10.583442,3.454247,2.744822,177.389519,5.410358,1.079628,0.026796,0.981244
-0.039749,0.015097,0.384260,2.510947,19.369598,10.583338,3.453595,2.733806,177.365517,5.389431,1.079530,0.026736,0.981154
-0.036064,0.015543,0.388119,3.156409,19.393883,10.583508,3.454683,2.735249,177.354254,5.377638,1.079495,0.026680,0.981099
-0.040033,0.015352,0.336726,2.971073,19.354067,10.583483,3.457556,2.748486,177.246555,5.371973,1.079400,0.026650,0.981062
-0.038941,0.015699,0.403092,2.743201,19.385542,10.583400,3.455536,2.754384,177.275033,5.352031,1.079395,0.026556,0.980973
-0.042743,0.015835,0.369049,3.617893,19.404317,10.583268,3.456637,2.747157,177.325355,5.362552,1.079429,0.026589,0.981011
-0.037008,0.015386,0.388309,2.856804,19.412745,10.583508,3.454738,2.745842,177.369023,5.365054,1.079462,0.026582,0.981016
-0.041212,0.015204,0.379276,2.209618,19.458047,10.583268,3.453052,2.748741,177.401345,5.378690,1.079488,0.026612,0.981068
-0.039181,0.015176,0.370442,2.918526,19.384947,10.583410,3.453961,2.747233,177.430427,5.384706,1.079465,0.026628,0.981061
-0.037424,0.014985,0.378062,2.540341,19.403515,10.583490,3.453579,2.726755,177.419822,5.370997,1.079436,0.026586,0.981021
-0.039381,0.015636,0.374319,3.016677,19.414185,10.583512,3.456563,2.740459,177.440894,5.363396,1.079392,0.026554,0.980989
-0.039169,0.015367,0.364001,2.970837,19.405472,10.583480,3.452134,2.754441,177.426852,5.359541,1.079404,0.026538,0.980974
-0.038166,0.015776,0.367436,2.892241,19.416263,10.583247,3.457211,2.748335,177.208852,5.327784,1.079196,0.026431,0.980868
-0.040211,0.015996,0.360957,2.544707,19.332028,10.583258,3.456964,2.739845,177.231243,5.289979,1.079000,0.026291,0.980699
-0.038632,0.015401,0.359439,2.462736,19.355527,10.583425,3.456035,2.744779,177.202783,5.273940,1.078938,0.026219,0.980599
-0.039472,0.015954,0.381289,3.245989,19.455223,10.583427,3.455980,2.731615,177.209939,5.263265,1.078916,0.026167,0.980549
-0.036677,0.016091,0.386313,2.852659,19.457933,10.583335,3.458079,2.726988,177.186954,5.261272,1.078844,0.026155,0.980529
-0.040818,0.015836,0.364657,3.223858,19.384947,10.666878,3.457261,2.750002,177.137703,5.550894,1.078774,0.027523,0.980488
-0.041755,0.015983,0.374081,2.555226,19.315483,10.666710,3.458155,2.725136,177.112087,5.540053,1.078688,0.027466,0.980438
-0.042255,0.016545,0.361802,2.764580,19.380525,10.666737,3.460287,2.746945,177.151642,5.527388,1.078670,0.027377,0.980370
-0.038402,0.015475,0.361524,2.829511,19.358557,10.666697,3.455899,2.734908,177.092698,5.528602,1.078620,0.027359,0.980353
-0.040873,0.015917,0.354298,2.919916,19.360683,10.666793,3.457563,2.748758,177.096217,5.510480,1.078590,0.027304,0.980314
-0.041955,0.016509,0.367965,2.595190,19.313237,10.666737,3.461317,2.734247,177.058582,5.504227,1.078518,0.027243,0.980237
-0.041480,0.016472,0.367610,2.934915,19.349760,10.666808,3.459468,2.755417,177.043989,5.489565,1.078487,0.027184,0.980181
-0.040029,0.015839,0.361756,3.120479,19.374077,10.583387,3.458375,2.744919,177.346611,5.210109,1.078652,0.025926,0.980349
-0.036997,0.015876,0.348558,2.636110,19.449782,10.583420,3.455063,2.766265,177.776659,5.319252,1.079172,0.026288,0.980773
-0.039299,0.015848,0.355682,3.110711,19.447478,10.499897,3.455633,2.745272,178.028246,5.070110,1.079459,0.025127,0.981079
-0.038433,0.014859,0.347180,2.757401,19.505438,10.500013,3.452640,2.738566,178.041646,5.098735,1.079551,0.025209,0.981146
-0.045357,0.015202,0.341816,2.381677,19.419038,9.722585,3.455433,2.759821,177.932817,4.989278,1.079019,0.024727,0.980710
-0.037064,0.015693,0.300003,3.147142,19.476785,10.500125,3.454532,2.747353,177.934644,5.045899,1.079311,0.025029,0.980958
-0.035666,0.015383,0.344172,3.821398,19.426548,10.500082,3.453532,2.738826,177.901143,5.042233,1.079258,0.025006,0.980946
-0.037023,0.015281,0.364919,2.921242,19.460183,10.499962,3.454308,2.733923,177.958943,5.035757,1.079251,0.024978,0.980911
-0.038655,0.014826,0.352997,2.934223,19.436333,10.500160,3.452016,2.737752,178.219053,5.074918,1.079436,0.025085,0.981057
-0.034504,0.014827,0.325325,2.536343,19.507170,10.416675,3.450928,2.736751,178.241426,4.811476,1.078488,0.023887,0.981258
-0.038985,0.014920,0.332185,2.877108,19.531720,10.416828,3.449687,2.759330,178.614208,4.851025,1.079860,0.024017,0.981420
-0.036154,0.015148,0.316896,2.963714,19.547242,10.416830,3.450291,2.754292,178.746609,4.882477,1.080009,0.024103,0.981530
-0.036992,0.014724,0.351318,2.455982,19.550912,10.416662,3.448129,2.751375,178.829135,4.901009,1.080082,0.024180,0.981616
-0.040346,0.015086,0.322748,2.794163,19.626192,10.416597,3.450719,2.740072,178.876418,4.906360,1.080160,0.024214,0.981650
-0.037985,0.015501,0.324084,2.470162,19.544638,10.416613,3.451799,2.753471,178.866789,4.905685,1.080079,0.024228,0.981659
-0.038833,0.015131,0.337788,2.667446,19.587110,10.416597,3.449993,2.748420,178.832521,4.898978,1.080105,0.024167,0.981604
-0.036522,0.015061,0.287544,3.481240,19.531883,10.416912,3.450684,2.742256,178.560658,4.846474,1.079805,0.023985,0.981426
-0.036280,0.015285,0.353306,2.852897,19.448835,10.416723,3.452906,2.730242,178.253093,4.788274,1.079434,0.023759,0.981122
-0.037871,0.014896,0.367701,2.783914,19.447637,10.500035,3.452552,2.737427,178.020652,5.019412,1.079126,0.024850,0.980841
-0.039189,0.015509,0.378657,2.714141,19.405625,10.500092,3.451627,2.744946,177.862882,4.966546,1.078891,0.024646,0.980588
-0.034666,0.015501,0.340931,2.983372,19.412757,10.499958,3.453549,2.746796,177.785602,4.939581,1.078767,0.024546,0.980459
-0.040322,0.015454,0.387014,2.570448,19.380403,10.583187,3.455262,2.744935,177.711369,5.222455,1.078652,0.025842,0.980354
-0.041007,0.015560,0.373402,2.769662,19.384543,10.582787,3.454678,2.744898,177.682384,5.213574,1.078581,0.025754,0.980276
-0.038187,0.015584,0.378503,3.056214,19.340528,10.583407,3.453672,2.747035,177.668179,5.197542,1.078502,0.025704,0.980247
-0.037857,0.015844,0.366027,3.053096,19.375035,10.583532,3.453945,2.758612,177.653806,5.192694,1.078456,0.025635,0.980151
-0.036602,0.015886,0.365126,2.879898,19.401195,10.583245,3.455681,2.741021,177.667614,5.179409,1.078405,0.025592,0.980121
-0.039167,0.015894,0.345559,2.801687,19.385408,10.583565,3.455030,2.743669,177.656634,5.164407,1.078370,0.025564,0.980088
-0.037030,0.015517,0.330090,2.695728,19.335863,10.583390,3.456079,2.751236,177.625597,5.153344,1.078277,0.025476,0.980020
-0.039310,0.015253,0.348805,2.951097,19.409122,10.583410,3.452301,2.746048,177.614633,5.143977,1.078247,0.025416,0.979954
-0.038064,0.016048,0.359090,3.003843,19.375993,10.583450,3.456335,2.747322,177.706934,5.148672,1.078258,0.025423,0.979976
-0.038396,0.015262,0.362661,2.459054,19.390692,10.583453,3.453021,2.751314,177.746810,5.149278,1.078317,0.025463,0.980016
-0.038025,0.015263,0.364037,2.825925,19.354332,10.583500,3.454059,2.743083,177.682475,5.143919,1.078206,0.025411,0.979961
-0.038989,0.015246,0.357048,2.784063,19.390303,10.583402,3.454684,2.758390,177.578004,5.107726,1.078087,0.025264,0.979853
-0.038785,0.015074,0.363999,3.226616,19.466412,10.583308,3.452386,2.747721,177.528587,5.113159,1.078015,0.025278,0.979753
-0.040290,0.015146,0.380306,2.184023,19.355877,10.583250,3.453659,2.727272,177.476268,5.073028,1.077889,0.025153,0.979721
-0.038336,0.015476,0.374077,3.139659,19.386115,10.583378,3.453531,2.731658,177.531563,5.061290,1.077835,0.025077,0.979622
-0.035538,0.015841,0.382485,2.417650,19.462497,10.583413,3.456390,2.745638,177.724929,5.085546,1.078000,0.025150,0.979737
-0.041355,0.015657,0.351196,2.578623,19.435017,10.583510,3.452115,2.737328,177.892332,5.113798,1.078125,0.025295,0.979854
-0.035092,0.015557,0.356193,2.553281,19.427940,10.499943,3.453339,2.751737,178.032553,4.828812,1.078224,0.023943,0.979939
-0.034413,0.014847,0.347565,2.628028,19.432918,10.500088,3.451730,2.743719,178.127056,4.845128,1.078296,0.023988,0.979998
-0.035494,0.015094,0.336955,4.027971,19.497530,10.500042,3.451241,2.745745,178.193214,4.848934,1.078375,0.024030,0.980065
-0.035760,0.015324,0.344432,3.516352,19.470078,10.499975,3.451330,2.744494,178.256942,4.862109,1.078383,0.024033,0.980104
-0.037183,0.015317,0.273784,3.140183,19.525228,10.499977,3.452860,2.758665,178.280304,4.856200,1.078388,0.024003,0.980068
-0.038015,0.014983,0.322535,3.329780,19.450895,10.500188,3.451706,2.755568,178.272260,4.857706,1.078365,0.024007,0.980057
-0.035669,0.015445,0.355647,2.527737,19.397877,10.500107,3.453654,2.743142,178.009723,4.814377,1.078101,0.023869,0.979889
-0.038129,0.015885,0.354691,2.838472,19.431252,10.583448,3.454754,2.740182,177.780162,5.068811,1.077826,0.025024,0.979601
-0.036694,0.015096,0.347301,2.867698,19.483280,10.583217,3.452435,2.754500,177.602856,5.008222,1.077609,0.024818,0.979418
-0.037308,0.015992,0.378295,2.792291,19.413315,10.583243,3.457310,2.747171,177.492167,4.979819,1.077422,0.024706,0.979260
-0.036579,0.016256,0.385447,2.480211,19.372817,10.583432,3.458352,2.740818,177.410113,4.949879,1.077260,0.024581,0.979110
-0.036194,0.016577,0.346677,2.991549,19.322513,10.583500,3.460340,2.739710,177.377692,4.930694,1.077169,0.024495,0.979004
-0.041359,0.015737,0.316790,3.192172,19.348520,10.666738,3.455505,2.725827,177.357196,5.218765,1.077084,0.025806,0.978939
-0.035924,0.015960,0.369298,2.673814,19.368748,10.666613,3.456278,2.749846,177.350104,5.003546,1.077081,0.024823,0.977905
-0.036825,0.016110,0.368715,2.724501,19.374888,10.666773,3.457453,2.741466,177.353520,5.197170,1.076988,0.025695,0.978828
-0.038235,0.015863,0.364501,2.946682,19.326582,10.666792,3.454253,2.751037,177.356791,5.200885,1.076955,0.025694,0.978824
-0.038679,0.015552,0.370734,2.679325,19.331405,10.666602,3.454967,2.747191,177.372345,5.184689,1.076912,0.025626,0.978760
-0.039591,0.016340,0.352718,2.751390,19.410313,10.666657,3.459464,2.742392,177.384288,5.171045,1.076906,0.025570,0.978720
-0.037742,0.015411,0.368151,2.739111,19.349193,10.666827,3.453484,2.741878,177.421027,5.168395,1.076844,0.025548,0.978712
-0.034381,0.015306,0.360224,2.785576,19.339087,10.583368,3.452807,2.753257,177.500093,4.866844,1.076915,0.024169,0.978714
-0.035164,0.015848,0.334824,3.101727,19.363647,10.583445,3.456945,2.760170,177.539249,4.868573,1.076951,0.024173,0.978749
-0.035430,0.015723,0.338471,3.081636,19.364315,10.583342,3.455412,2.750123,177.476574,4.863192,1.076873,0.024143,0.978717
-0.041114,0.015928,0.330635,2.272557,19.394568,10.666888,3.455366,2.743639,177.362837,5.139532,1.076725,0.025435,0.978597
-0.038949,0.015644,0.347347,3.021385,19.345475,10.666802,3.455413,2.735194,177.244793,5.105754,1.076564,0.025267,0.978458
-0.035000,0.016062,0.358204,2.927995,19.299527,10.666802,3.457624,2.748751,177.183803,5.074278,1.076419,0.025164,0.978347
-0.036003,0.016345,0.372179,2.893015,19.306275,10.666682,3.458489,2.737902,177.202794,5.068476,1.076363,0.025096,0.978270
-0.036959,0.016049,0.360713,3.303020,19.438050,10.666670,3.459341,2.751436,177.412620,5.091638,1.076527,0.025145,0.978334
-0.037119,0.015517,0.347463,3.581859,19.351745,10.583577,3.453634,2.755101,177.585088,4.822594,1.076636,0.023948,0.978530
-0.035024,0.015942,0.350480,2.854673,19.377342,10.583452,3.455331,2.750165,177.754928,4.839075,1.076805,0.023981,0.978642
-0.037740,0.015127,0.353424,2.670641,19.482292,10.583367,3.452088,2.751917,177.847278,4.861548,1.076893,0.024053,0.978719
-0.037542,0.015305,0.356495,2.766812,19.384985,10.583382,3.453295,2.762982,177.909687,4.877673,1.076898,0.024090,0.978738
-0.038324,0.015366,0.347952,3.361002,19.445065,10.583307,3.453449,2.734152,177.950769,4.878403,1.076919,0.024050,0.978728
-0.038516,0.015103,0.368312,2.405251,19.406258,10.583340,3.452181,2.741027,177.943516,4.884826,1.076895,0.024081,0.978740
-0.036754,0.015359,0.343713,2.862258,19.378067,10.583495,3.453424,2.751489,177.883832,4.870941,1.076864,0.024035,0.978698
-0.035737,0.015395,0.370067,2.701768,19.332677,10.583442,3.453924,2.725070,177.631147,4.806531,1.076577,0.023829,0.978478
-0.039963,0.015957,0.380109,2.128367,19.370437,10.666737,3.455370,2.736897,177.394643,5.065354,1.076293,0.025027,0.978220
-0.038525,0.015389,0.352552,2.598791,19.336888,10.666828,3.454267,2.746983,177.243863,5.003292,1.076044,0.024805,0.978003
-0.039390,0.015929,0.374945,2.666632,19.303848,10.666798,3.455535,2.739917,177.135106,4.982012,1.075880,0.024683,0.977860
-0.037675,0.016679,0.372586,2.531863,19.277417,10.666697,3.460136,2.753494,177.064883,4.948389,1.075741,0.024563,0.977724
-0.033224,0.016151,0.386558,2.700495,19.267647,10.666805,3.457929,2.761556,177.025437,4.938085,1.075636,0.024487,0.977650
-0.040232,0.016014,0.388067,2.810138,19.254462,10.750057,3.455143,2.728052,177.014604,5.212237,1.075550,0.025781,0.977535
-0.037615,0.016293,0.377348,2.270107,19.313668,10.750000,3.459361,2.743301,176.984592,5.206041,1.075486,0.025742,0.977483
-0.040422,0.016158,0.391934,3.183761,19.272693,10.749848,3.456449,2.731071,177.007732,5.197934,1.075422,0.025698,0.977437
-0.039594,0.016388,0.362080,4.132235,19.293290,10.749987,3.459933,2.735646,177.045628,5.188172,1.075397,0.025637,0.977380
-0.047850,0.015818,0.385513,2.977223,19.186707,9.420385,3.453659,2.748870,176.979933,5.042580,1.074654,0.024929,0.976759
-0.038215,0.016020,0.373293,2.618556,19.266435,10.750257,3.455144,2.768334,177.081875,5.161135,1.075279,0.025517,0.977284
-0.039580,0.016331,0.400528,3.399087,19.279868,10.666648,3.458041,2.737729,177.134000,4.859890,1.075305,0.024159,0.977322
-0.035593,0.015360,0.372657,2.202593,19.297908,10.666805,3.454145,2.736216,177.272235,4.874330,1.075402,0.024171,0.977375
-0.042786,0.016569,0.349137,2.841819,19.264152,9.406803,3.457532,2.746976,177.241670,4.756545,1.074842,0.023552,0.976829
-0.038970,0.015888,0.356795,2.628943,19.295292,10.245112,3.454856,2.737982,177.206216,4.823781,1.075110,0.023905,0.977143
-0.038958,0.015961,0.383135,2.973378,19.285978,10.750010,3.457421,2.747917,177.096514,5.136127,1.075157,0.025412,0.977182
-0.040026,0.016114,0.370474,2.760242,19.228862,10.750015,3.455497,2.748128,176.974005,5.113524,1.075002,0.025296,0.977068
-0.036325,0.015583,0.373162,2.788473,19.264022,10.749958,3.453973,2.751951,176.898652,5.079378,1.074872,0.025134,0.976920
-0.039779,0.015698,0.398245,2.794712,19.279165,10.750127,3.454252,2.738925,176.896197,5.055875,1.074781,0.025062,0.976846
-0.038103,0.016261,0.394815,2.792181,19.249340,10.749967,3.459923,2.743061,176.891785,5.089871,1.073674,0.025137,0.976941
-0.033990,0.015733,0.379930,3.694950,19.352380,10.666632,3.454466,2.741316,177.302584,4.817223,1.075094,0.023861,0.977087
-0.036119,0.015562,0.316175,2.791452,19.333225,10.666775,3.455578,2.742549,177.433934,4.834513,1.075174,0.023946,0.977186
-0.034997,0.015799,0.357334,2.733208,19.389678,10.666843,3.452207,2.743542,177.519943,4.840432,1.075272,0.023959,0.977221
-0.038838,0.015588,0.299009,2.350076,19.354278,10.666645,3.454378,2.733803,177.568150,4.857503,1.075246,0.023994,0.977281
-0.037315,0.015257,0.372786,2.580772,19.287727,10.666633,3.452056,2.743017,177.579444,4.844348,1.075238,0.023948,0.977249
-0.036888,0.015807,0.375634,2.721417,19.392833,10.666627,3.455740,2.750410,177.556887,4.824913,1.075221,0.023864,0.977182
-0.039128,0.015910,0.364749,2.323769,19.317398,10.666805,3.453384,2.758053,177.480424,4.828119,1.075135,0.023875,0.977150
-0.034651,0.015960,0.361426,2.832313,19.281702,10.666577,3.456244,2.735219,177.232181,4.785239,1.074864,0.023713,0.976946
-0.038004,0.015946,0.380637,2.641255,19.302408,10.750222,3.455930,2.742261,176.985798,5.034598,1.074610,0.024857,0.976683
-0.035694,0.015809,0.394526,3.649309,19.309400,10.750063,3.453889,2.750679,176.825468,4.976512,1.074398,0.024645,0.976473
-0.037404,0.016479,0.392327,2.716909,19.246472,10.750058,3.457458,2.751013,176.717699,4.949502,1.074198,0.024535,0.976320
-0.036666,0.016714,0.401131,2.493045,19.199678,10.750098,3.461378,2.754150,176.658659,4.927562,1.074054,0.024433,0.976192
-0.037539,0.016416,0.388218,2.769158,19.233052,10.750020,3.458136,2.740684,176.654293,4.901123,1.073983,0.024368,0.976122
-0.035414,0.016931,0.383957,2.878951,19.217427,10.750195,3.463234,2.745910,176.635953,4.896615,1.073944,0.024329,0.976081
-0.037036,0.015994,0.357254,2.209371,19.235445,10.833435,3.456979,2.743937,176.625741,5.207121,1.073893,0.025747,0.976004
-0.037864,0.016421,0.386037,3.476479,19.246138,10.833545,3.458593,2.755562,176.618275,5.178430,1.073833,0.025600,0.975973
-0.039726,0.016126,0.406573,2.688615,19.198172,10.833248,3.457970,2.740551,176.639750,5.168468,1.073766,0.025554,0.975920
-0.040267,0.016367,0.357039,2.669609,19.258293,10.833398,3.458312,2.745991,176.634094,5.156165,1.073744,0.025492,0.975868
-0.040317,0.016367,0.383785,2.596822,19.227350,10.833515,3.457835,2.752508,176.652703,5.150054,1.073694,0.025471,0.975857
-0.039680,0.016442,0.381219,2.593771,19.245955,10.833362,3.459499,2.750658,176.709139,5.137956,1.073676,0.025426,0.975802
-0.034628,0.015928,0.394670,2.467604,19.275242,10.750178,3.456312,2.768405,176.840146,4.859353,1.073777,0.024080,0.975874
-0.035614,0.015757,0.385732,2.786014,19.254435,10.750033,3.455948,2.737742,176.878311,4.858933,1.073801,0.024081,0.975909
-0.034903,0.015782,0.391880,2.778122,19.320647,10.750003,3.455702,2.723841,176.749054,4.838107,1.073683,0.024005,0.975830
-0.036411,0.016413,0.387346,2.020071,19.186138,10.833518,3.458150,2.756425,176.621481,5.120015,1.073458,0.025267,0.975685
-0.040673,0.015951,0.394935,3.041066,19.250782,10.833532,3.456365,2.745822,176.557949,5.082429,1.073369,0.025105,0.975519
-0.037371,0.016074,0.391571,3.276844,19.168698,10.833348,3.455950,2.742845,176.493142,5.065843,1.073242,0.025052,0.975473
-0.037139,0.015889,0.392894,2.545703,19.220645,10.833347,3.456118,2.755045,176.529976,5.042392,1.073201,0.024955,0.975365
-0.036306,0.016016,0.383834,3.318320,19.246022,10.833445,3.456345,2.746502,176.671511,5.063981,1.073273,0.025009,0.975423
-0.034999,0.016075,0.390710,2.540812,19.213762,10.833395,3.458166,2.738048,176.813180,5.074381,1.073368,0.025096,0.975535
-0.037990,0.015738,0.385890,2.162888,19.265652,10.750183,3.454565,2.749328,176.875790,4.784551,1.073436,0.023723,0.975548
-0.033218,0.016328,0.350750,2.720578,19.249780,10.750168,3.457015,2.753074,176.939436,4.786560,1.073431,0.023706,0.975558
-0.035929,0.016125,0.388409,2.882082,19.321582,10.750093,3.455228,2.746256,176.985910,4.787846,1.073465,0.023710,0.975597
-0.037760,0.015409,0.378762,2.805353,19.318280,10.750218,3.453908,2.752470,177.011559,4.782245,1.073420,0.023689,0.975568
-0.036083,0.015996,0.375301,2.972722,19.269397,10.750113,3.456586,2.752874,177.005764,4.762112,1.073368,0.023646,0.975511
-0.036079,0.016181,0.364948,2.508596,19.316780,10.750138,3.455702,2.739044,176.991520,4.763759,1.073384,0.023600,0.975499
-0.037775,0.016215,0.395737,2.709918,19.269817,10.750095,3.458587,2.744648,176.796817,4.738639,1.073144,0.023518,0.975336
-0.041446,0.015802,0.399829,2.368391,19.190710,10.457150,3.454751,2.738174,176.577461,4.959743,1.072717,0.024493,0.974953
-0.038835,0.016711,0.386699,2.491360,19.242847,10.833448,3.457864,2.744889,176.480992,4.942233,1.072691,0.024504,0.974926
-0.033749,0.016295,0.394511,2.816160,19.174140,10.833445,3.455987,2.743515,176.377404,4.916056,1.072516,0.024389,0.974806
-0.036824,0.016198,0.393378,2.501081,19.207040,10.833545,3.458697,2.737591,176.338622,4.902000,1.072431,0.024308,0.974692
-0.039579,0.016966,0.397457,2.890821,19.185445,10.916797,3.459847,2.744301,176.308253,5.181364,1.072335,0.025618,0.974601
-0.041407,0.015931,0.379119,2.415714,19.211527,10.916717,3.455293,2.729775,176.294868,5.114034,1.072275,0.025261,0.974273
-0.034056,0.016134,0.366186,2.730569,19.175923,10.916790,3.458562,2.739981,176.260082,5.154551,1.072173,0.025485,0.974461
-0.039321,0.016797,0.399088,2.452348,19.144635,10.916888,3.458784,2.734602,176.246293,5.140301,1.072094,0.025421,0.974415
-0.039639,0.015704,0.389024,3.024539,19.160615,10.916755,3.457147,2.746462,176.216111,5.129309,1.072015,0.025330,0.974344
-0.036010,0.016053,0.377801,2.404433,19.186675,10.916770,3.457829,2.728385,176.175119,5.105125,1.071949,0.025238,0.974248
-0.037092,0.016169,0.345175,2.896378,19.237740,10.916800,3.458502,2.751948,176.148334,5.086916,1.071883,0.025173,0.974178
-0.037757,0.016099,0.411492,2.515680,19.215977,10.916855,3.457510,2.748195,176.158390,5.079384,1.071828,0.025131,0.974146
-0.039666,0.017031,0.407786,2.885415,19.149792,10.916703,3.460627,2.756273,176.137135,5.066467,1.071732,0.025079,0.974083
-0.038282,0.015892,0.363783,2.482695,19.153045,10.916797,3.457311,2.752782,176.101211,5.044408,1.071663,0.024999,0.974001
-0.036683,0.016324,0.388688,2.572734,19.150975,10.916692,3.459294,2.751680,176.098695,5.038731,1.071606,0.024950,0.973960
-0.035406,0.016451,0.406252,2.759892,19.196498,10.916737,3.458138,2.737851,176.074041,5.013172,1.071539,0.024868,0.973887
-0.038223,0.016570,0.397670,2.344884,19.162975,10.916580,3.457762,2.744643,176.038833,5.005844,1.071446,0.024801,0.973820
-0.036631,0.016535,0.396856,2.651684,19.222685,10.916610,3.458832,2.743874,176.007804,4.982337,1.071362,0.024728,0.973724
-0.036810,0.017023,0.420990,2.471359,19.121522,10.916772,3.461838,2.753792,176.095296,4.979836,1.071285,0.024705,0.973698
-0.037535,0.016222,0.380033,2.342879,19.203362,10.916917,3.455828,2.730182,176.356826,5.014094,1.071509,0.024788,0.973822
-0.044493,0.016252,0.391559,2.667894,19.113318,9.164795,3.458278,2.734309,176.510656,4.592101,1.070886,0.022731,0.973247
-0.038010,0.016324,0.358538,2.665475,19.236383,10.491747,3.457009,2.729457,176.759953,4.724424,1.071624,0.023415,0.973920
-0.038437,0.015567,0.395332,2.451852,19.201058,10.110692,3.451584,2.742664,176.895592,4.730362,1.071597,0.023368,0.973940
-0.036916,0.015942,0.383931,2.906958,19.272505,10.833408,3.455845,2.740876,177.048022,4.810811,1.071977,0.023727,0.974263
-0.037016,0.017034,0.381617,2.523288,19.256760,10.784485,3.456306,2.751346,177.109168,4.804811,1.072015,0.023727,0.974264
-0.037309,0.015972,0.387736,2.934550,19.315487,10.833435,3.452769,2.754120,177.125245,4.819784,1.072039,0.023777,0.974309
-0.034436,0.015860,0.352756,2.408749,19.276993,10.833308,3.454298,2.745393,177.076304,4.816402,1.072006,0.023722,0.974268
-0.039810,0.015748,0.342995,3.468316,19.184470,10.168320,3.454976,2.739306,176.762219,4.700966,1.071437,0.023235,0.973809
-0.037070,0.016065,0.377964,2.857681,19.193257,10.916860,3.455281,2.750431,176.458144,4.992542,1.071326,0.024668,0.973740
-0.037675,0.016181,0.381103,2.623703,19.196440,10.916623,3.454915,2.747818,176.238364,4.932596,1.071074,0.024398,0.973464
-0.038716,0.017077,0.379722,3.145232,19.166697,10.916780,3.460168,2.747039,176.109533,4.893484,1.070850,0.024253,0.973295
-0.036916,0.016368,0.379773,3.104145,19.125177,10.916700,3.460810,2.752839,176.020950,4.866938,1.070682,0.024125,0.973152
-0.039129,0.017108,0.413461,2.658387,19.243633,11.000102,3.459855,2.732785,175.970549,5.146758,1.070608,0.025426,0.973031
-0.038539,0.016591,0.390299,2.419021,19.101697,10.452467,3.458596,2.754150,175.909739,5.083588,1.070234,0.025114,0.972742
-0.040424,0.016965,0.386957,2.788601,19.010537,11.166817,3.462768,2.759738,175.185201,5.534543,1.069487,0.027442,0.972108
-0.035788,0.016875,0.427708,2.338390,19.052578,11.083452,3.461534,2.732397,174.348711,5.182912,1.069203,0.025727,0.971854
-0.042154,0.017525,0.521214,2.069842,19.021960,11.500160,3.465291,2.726152,171.921200,6.144929,1.066525,0.030570,0.969348
-0.042788,0.018522,0.525583,1.903377,18.830167,11.583468,3.474744,2.741258,175.192627,6.625475,1.067654,0.032965,0.970169
-0.037666,0.017013,0.425793,2.463704,19.066683,11.166690,3.461738,2.710726,173.729632,5.333535,1.068379,0.026420,0.971151
-0.035168,0.016882,0.372013,2.847118,19.105472,10.759950,3.458877,2.736951,175.176921,4.674820,1.069860,0.023149,0.972289
-0.039638,0.016742,0.444964,2.133440,19.063842,11.166858,3.460813,2.747405,174.664574,5.386820,1.068816,0.026683,0.971379
-0.035381,0.016895,0.424630,2.379088,19.023278,11.166827,3.462301,2.741522,174.650891,5.359245,1.068683,0.026563,0.971282
-0.036507,0.017665,0.449144,2.287133,19.046617,11.166713,3.465559,2.732622,174.694796,5.349868,1.068656,0.026526,0.971252
-0.037949,0.017010,0.443336,2.285479,18.986225,11.166875,3.461313,2.735113,174.709148,5.346950,1.068597,0.026499,0.971212
-0.039378,0.016788,0.414417,2.608474,19.052515,11.166855,3.462336,2.733095,174.740512,5.335673,1.068571,0.026444,0.971172
-0.038011,0.017215,0.418208,2.149002,19.048085,11.166820,3.462002,2.754198,174.756532,5.320486,1.068462,0.026388,0.971105
-0.035080,0.016834,0.439616,2.102467,19.021278,11.166817,3.461725,2.737944,174.645724,5.296105,1.068338,0.026297,0.971013
-0.036660,0.016811,0.453367,2.595598,19.022578,11.250090,3.462159,2.748713,174.730030,5.270541,1.068384,0.026154,0.969486
-0.037823,0.017494,0.409370,2.475008,19.123848,11.166782,3.465824,2.733290,174.866885,5.297524,1.068445,0.026244,0.970996
-0.038115,0.017392,0.411954,2.406140,19.021327,11.166767,3.461935,2.740139,174.981284,5.323427,1.068463,0.026312,0.971055
-0.035817,0.016986,0.418981,2.413965,19.053605,11.166683,3.459926,2.755357,175.099688,5.326282,1.068548,0.026348,0.971128
-0.038610,0.017196,0.430208,2.568879,19.087482,11.166857,3.461878,2.743614,175.138285,5.323293,1.068539,0.026357,0.971103
-0.033892,0.016719,0.440624,2.085029,19.056658,11.083387,3.461020,2.743869,175.182287,5.022109,1.068532,0.024933,0.971091
-0.036389,0.017204,0.422889,2.508601,19.093013,11.083330,3.459656,2.730532,175.222147,5.020236,1.068523,0.024907,0.971084
-0.034405,0.016619,0.407611,2.500868,19.089525,11.083358,3.459937,2.744156,175.250625,5.020259,1.068540,0.024887,0.971072
-0.039654,0.017278,0.437705,3.125715,19.104942,11.166708,3.460198,2.731846,175.035916,5.292376,1.068350,0.026184,0.970936
-0.037367,0.016849,0.439195,2.530909,19.098782,11.166668,3.459471,2.721125,174.755004,5.225395,1.068021,0.025908,0.970673
-0.038732,0.017317,0.422655,2.536507,19.076447,11.250135,3.463187,2.748689,174.568013,5.478318,1.067736,0.027130,0.970418
-0.038614,0.017677,0.438083,2.483889,19.069472,11.250115,3.464870,2.753329,174.494836,5.450351,1.067582,0.026977,0.970269
-0.038215,0.016676,0.467029,2.399232,19.017615,11.249938,3.460214,2.731007,174.513978,5.430556,1.067469,0.026878,0.970185
-0.038514,0.017071,0.442824,2.270698,19.008270,11.250022,3.463735,2.739051,174.463444,5.413725,1.067405,0.026786,0.970099
-0.039723,0.016657,0.436891,2.288667,19.016040,11.250058,3.459899,2.735674,174.449012,5.390630,1.067312,0.026702,0.970011
-0.037430,0.017303,0.427527,2.338488,19.057030,11.250033,3.464411,2.748675,174.421835,5.368497,1.067238,0.026618,0.969930
-0.037670,0.016515,0.452539,2.347723,19.008778,11.250035,3.459698,2.743937,174.426453,5.354124,1.067157,0.026570,0.969899
-0.037653,0.017195,0.465410,2.330681,19.012560,11.250158,3.461463,2.723529,174.419743,5.347834,1.067110,0.026520,0.969826
-0.034757,0.017491,0.456752,2.875772,19.066467,11.250087,3.463512,2.734167,174.405813,5.331365,1.067049,0.026439,0.969754
-0.037591,0.016629,0.450769,2.221511,19.043268,11.250032,3.464401,2.734699,174.419766,5.309631,1.066972,0.026384,0.969704
-0.038024,0.017013,0.456420,2.037602,19.013233,11.250192,3.462860,2.743729,174.435398,5.312041,1.066934,0.026338,0.969674
-0.038033,0.017540,0.434906,2.582868,19.027210,11.250050,3.462314,2.728736,174.501183,5.303433,1.066927,0.026292,0.969632
-0.038275,0.016997,0.444505,2.399843,19.062082,11.249913,3.461290,2.731045,174.533249,5.299837,1.066937,0.026274,0.969622
-0.036492,0.017617,0.446225,2.162902,19.006390,11.249883,3.464929,2.747059,174.425151,5.290258,1.066805,0.026236,0.969570
-0.036128,0.016954,0.435531,2.709513,19.005495,11.250040,3.460727,2.731864,174.468029,5.260460,1.066651,0.026093,0.969406
-0.037854,0.017550,0.445066,2.652309,19.019005,11.249945,3.463912,2.744467,174.485567,5.243342,1.066575,0.026041,0.969361
-0.034654,0.017339,0.453222,2.314026,19.004587,11.249912,3.463231,2.723356,174.490562,5.224581,1.066487,0.025984,0.969295
-0.036876,0.017846,0.474601,2.304578,19.039622,11.250058,3.464938,2.737862,174.421414,5.219730,1.066418,0.025940,0.969239
-0.034421,0.017310,0.429985,2.399246,18.981960,11.249977,3.462422,2.741229,174.370271,5.204010,1.066341,0.025849,0.969166
-0.036668,0.017543,0.450539,2.193701,19.069030,11.250110,3.463797,2.724862,174.485055,5.205675,1.066456,0.025844,0.969197
-0.038859,0.017206,0.455543,2.091431,19.049412,11.250210,3.461628,2.747745,174.587705,5.223059,1.066468,0.025884,0.969246
-0.038801,0.017199,0.467777,2.286454,19.057628,11.250030,3.462232,2.733491,174.657458,5.219886,1.066485,0.025868,0.969273
-0.039518,0.017105,0.463887,2.269195,19.015380,11.249977,3.461809,2.742277,174.670294,5.217345,1.066462,0.025844,0.969238
-0.038582,0.017145,0.431614,2.054389,19.061442,11.250137,3.461581,2.747607,174.672579,5.206455,1.066436,0.025783,0.969179
-0.036792,0.017714,0.389702,2.205870,19.080997,11.250020,3.464095,2.743934,174.606426,5.196342,1.066323,0.025731,0.969136
-0.047252,0.016907,0.428956,2.629483,18.967550,9.824863,3.463293,2.726153,174.493683,5.037969,1.065567,0.024979,0.968428
-0.037182,0.017023,0.438255,1.929300,18.995070,11.250072,3.460997,2.732181,174.368119,5.130060,1.065997,0.025502,0.968862
-0.042414,0.017081,0.426367,1.939375,18.999148,10.901513,3.464061,2.723009,174.223838,5.355923,1.065559,0.026494,0.968446
-0.035701,0.017253,0.463592,2.375392,19.009558,11.333465,3.462327,2.735898,174.264705,5.361247,1.065626,0.026579,0.968502
-0.041309,0.017270,0.436436,2.330600,18.984455,10.868310,3.462811,2.714210,174.240028,5.302309,1.065346,0.026289,0.968250
-0.038038,0.017118,0.476565,2.272802,19.027217,11.333327,3.462606,2.736374,174.226317,5.333856,1.065454,0.026425,0.968374
-0.039470,0.017535,0.485236,2.280194,18.956187,10.915448,3.465572,2.746319,173.963125,5.272675,1.063973,0.026155,0.968098
-0.037981,0.017528,0.475021,2.092343,19.033978,11.333380,3.461386,2.729766,174.179539,5.298817,1.065300,0.026292,0.968215
-0.038142,0.017373,0.452936,2.130441,19.043187,11.333490,3.464127,2.734471,174.142770,5.288171,1.065246,0.026238,0.968163
-0.035433,0.017577,0.447426,2.256175,19.029958,11.333367,3.465600,2.725923,174.093586,5.274231,1.065160,0.026174,0.968097
-0.035802,0.018001,0.455734,2.194255,19.002533,11.333467,3.465682,2.725367,174.066290,5.260668,1.065085,0.026107,0.968036
-0.037226,0.017645,0.464263,2.432968,19.056467,11.333225,3.464983,2.726199,174.040294,5.232557,1.065010,0.026005,0.967928
-0.037311,0.017623,0.465538,2.522077,19.031970,11.155793,3.464425,2.739976,174.016216,5.202426,1.064893,0.025867,0.967800
-0.035000,0.017857,0.455231,2.101800,18.973928,11.333572,3.466037,2.737857,173.993703,5.208370,1.064833,0.025867,0.967809
-0.036644,0.017583,0.464505,2.374278,19.010390,11.333530,3.463876,2.730697,174.050928,5.197702,1.064803,0.025819,0.967729
-0.036039,0.017987,0.426996,2.269228,19.028192,11.333245,3.465305,2.733155,174.118905,5.200609,1.064838,0.025804,0.967753
-0.037563,0.016854,0.427728,2.337880,19.037558,11.333313,3.459085,2.738344,174.059639,5.184096,1.064775,0.025760,0.967712
-0.041708,0.017850,0.458099,2.350423,18.959025,10.614830,3.464407,2.740762,173.953434,5.395508,1.064245,0.026726,0.967281
-0.038874,0.017687,0.439790,2.103211,19.028132,11.416710,3.464892,2.719143,174.008965,5.462430,1.064555,0.027011,0.967540
-0.038848,0.018155,0.470820,2.390531,19.014962,11.416673,3.466088,2.730334,174.026973,5.452626,1.064524,0.027011,0.967521
-0.041204,0.017911,0.479085,2.381674,19.028322,11.416665,3.466310,2.735949,173.982110,5.442814,1.064452,0.026977,0.967504
-0.038722,0.017477,0.442958,2.568894,19.028677,11.416720,3.463252,2.740695,173.956295,5.396121,1.064262,0.026699,0.967244
-0.037900,0.018081,0.444725,2.377781,19.006785,11.416743,3.466806,2.750799,174.176370,5.413144,1.064381,0.026809,0.967365
-0.034989,0.017553,0.452995,2.515556,19.022140,11.333528,3.464168,2.721297,174.380224,5.124821,1.064499,0.025434,0.967442
-0.037743,0.017229,0.454605,2.336461,19.043202,11.333428,3.461111,2.725476,174.482403,5.148545,1.064580,0.025495,0.967527
-0.036669,0.016922,0.440546,2.281270,19.071057,11.333407,3.462056,2.742402,174.553731,5.153184,1.064608,0.025498,0.967534
-0.035496,0.017549,0.457814,3.145836,19.168990,11.333280,3.461135,2.724565,174.594262,5.149944,1.064629,0.025472,0.967514
-0.038680,0.017002,0.443065,2.017583,19.094602,11.333392,3.462217,2.745494,174.621951,5.154405,1.064561,0.025479,0.967512
-0.034012,0.017536,0.464493,2.022124,19.077557,11.333440,3.463162,2.742947,174.569034,5.140545,1.064541,0.025422,0.967450
-0.036534,0.017527,0.440714,2.969635,19.040175,11.333298,3.463763,2.739679,174.419431,5.108900,1.064357,0.025300,0.967349
-0.038522,0.017625,0.463888,2.237833,19.056522,11.416657,3.460341,2.754234,174.066125,5.347489,1.064030,0.026475,0.967047
-0.036386,0.017391,0.464538,2.337563,18.989863,11.416812,3.462548,2.733948,173.776573,5.278057,1.063641,0.026172,0.966723
-0.036044,0.017244,0.455762,2.316267,19.048015,11.416673,3.464136,2.736558,173.779408,5.268927,1.063651,0.026106,0.966688
-0.033895,0.018139,0.469357,2.633747,19.001260,11.416707,3.465331,2.720014,173.732332,5.242190,1.063470,0.026004,0.966561
-0.035901,0.017711,0.451418,2.399465,18.958522,11.416572,3.462913,2.737224,173.718651,5.207458,1.063339,0.025888,0.966455
-0.035568,0.017987,0.472304,2.132351,18.985177,11.416620,3.465419,2.711688,173.718769,5.190415,1.063243,0.025787,0.966326
-0.036327,0.017805,0.475490,2.677030,19.014093,11.500127,3.462638,2.728164,173.704115,5.483052,1.063174,0.027150,0.966271
-0.040998,0.018176,0.468352,2.498642,19.003455,11.499907,3.467701,2.747149,173.699781,5.458467,1.063064,0.027034,0.966152
-0.036960,0.017354,0.450368,2.004481,19.003035,11.500042,3.464702,2.752317,173.659810,5.454827,1.062996,0.026972,0.966117
-0.038672,0.018047,0.471638,2.445348,19.017877,11.500145,3.464873,2.730337,173.645266,5.426774,1.062888,0.026834,0.965993
-0.037003,0.017988,0.467515,2.385478,19.020205,11.500065,3.466821,2.737251,173.630768,5.412784,1.062837,0.026800,0.965962
-0.040198,0.017722,0.495430,2.284033,18.991698,11.472598,3.465733,2.725209,173.622813,5.398309,1.062753,0.026733,0.965879
-0.036952,0.017883,0.492484,2.140361,19.027497,11.500152,3.465255,2.745901,173.603938,5.382556,1.062658,0.026630,0.965777
-0.035773,0.017576,0.473399,2.356757,18.960543,11.500177,3.462755,2.732822,173.635578,5.369200,1.062605,0.026574,0.965723
-0.038445,0.017566,0.473715,2.073039,19.105882,11.500145,3.463467,2.732339,173.624750,5.351834,1.062614,0.026505,0.965685
-0.035897,0.018080,0.477776,2.321793,18.997615,11.500168,3.464398,2.730495,173.595847,5.338003,1.062463,0.026460,0.965616
-0.037818,0.017938,0.463827,2.155924,19.035383,11.499972,3.466213,2.722069,173.651223,5.340005,1.062473,0.026429,0.965619
-0.040850,0.018168,0.477970,2.116422,18.965430,10.873763,3.466906,2.738314,173.620036,5.282669,1.062154,0.026138,0.965338
-0.036208,0.018238,0.446441,2.953534,19.010933,11.500042,3.464989,2.730621,173.646442,5.311146,1.062280,0.026293,0.965464
-0.039123,0.017821,0.492863,2.297686,18.995865,11.018610,3.464990,2.742563,173.549612,5.224712,1.061921,0.025910,0.965104
-0.038943,0.018288,0.481080,2.109836,18.880475,11.499973,3.465463,2.721694,172.639948,5.259214,1.062119,0.026078,0.965280
-0.034109,0.017589,0.461502,2.059407,19.042225,11.499958,3.462539,2.731649,173.836970,5.283479,1.062233,0.026128,0.965331
-0.036882,0.017696,0.475751,1.713477,19.058172,11.500192,3.463048,2.742042,173.936908,5.291107,1.062272,0.026206,0.965398
-0.037697,0.018146,0.465056,2.339477,19.045773,11.500012,3.464587,2.743703,173.970556,5.287810,1.062233,0.026182,0.965396
-0.037489,0.017993,0.450044,2.222504,19.071652,11.451940,3.463704,2.728981,173.964659,5.273042,1.062162,0.026103,0.965330
-0.036640,0.018193,0.433944,2.418583,19.044307,11.500202,3.465445,2.721624,173.948268,5.268676,1.062081,0.026058,0.965259
-0.037320,0.017685,0.440089,2.028325,19.014362,11.500000,3.463348,2.728830,173.893783,5.252377,1.061975,0.025947,0.965168
-0.035805,0.017680,0.466703,2.143165,19.007492,11.418613,3.464996,2.736675,173.758109,5.211370,1.061833,0.025790,0.965019
-0.036051,0.018295,0.455377,2.367971,19.010407,11.500168,3.465705,2.737921,173.474565,5.159280,1.061506,0.025605,0.964770
-0.036031,0.018237,0.452730,2.873821,19.065895,11.583320,3.466394,2.739037,173.555655,5.436029,1.061407,0.026938,0.964683
-0.041437,0.018003,0.494696,2.164146,18.934492,10.600363,3.464533,2.736959,173.479812,5.348875,1.060910,0.026473,0.964255
-0.035537,0.017894,0.470927,2.819586,19.002177,11.583497,3.464022,2.736748,173.486367,5.411247,1.061211,0.026768,0.964526
-0.039851,0.018508,0.433178,2.312665,19.063720,11.583373,3.468014,2.741545,173.440593,5.396489,1.061156,0.026709,0.964462
-0.038909,0.018074,0.463801,2.371136,18.983825,11.583415,3.464692,2.717392,173.388423,5.389177,1.061067,0.026677,0.964440
-0.037806,0.018131,0.493377,2.074644,18.994645,11.432597,3.466239,2.726580,173.402815,5.353272,1.060928,0.026479,0.964252
-0.037926,0.017844,0.486691,2.112671,19.005122,11.583477,3.462505,2.710921,173.388716,5.337681,1.060874,0.026428,0.964210
-0.036623,0.017850,0.462947,2.287809,19.017503,11.583540,3.465291,2.731185,173.376749,5.319580,1.060778,0.026338,0.964127
-0.036728,0.018049,0.493387,1.762546,19.015658,11.583272,3.463304,2.730194,173.347392,5.298260,1.060683,0.026253,0.964045
-0.037247,0.018184,0.479799,1.827116,18.990453,11.422907,3.464135,2.737995,173.297212,5.258450,1.060513,0.026098,0.963894
-0.039088,0.017854,0.491299,2.224588,18.982225,10.812432,3.462638,2.731199,173.249239,5.186840,1.060150,0.025727,0.963540
-0.045943,0.018309,0.465194,2.925293,18.936713,10.232862,3.466869,2.735667,173.145835,5.111692,1.059733,0.025337,0.963176
-0.042334,0.018143,0.491248,2.242411,18.911005,10.493093,3.466288,2.731619,173.100955,5.383209,1.059626,0.026658,0.963047
-0.040542,0.018863,0.476788,1.726321,19.008787,11.518428,3.466122,2.731499,173.190949,5.452698,1.060013,0.027018,0.963380
-0.036810,0.018205,0.494110,2.429727,18.964068,11.145440,3.464529,2.733136,173.223904,5.137784,1.059910,0.025534,0.963327
-0.036220,0.018641,0.438866,2.355497,19.023532,11.583285,3.467137,2.731813,173.268056,5.172054,1.060028,0.025668,0.963457
-0.034616,0.018420,0.498990,2.003626,18.981740,11.583258,3.465941,2.747343,173.246017,5.150878,1.059913,0.025585,0.963381
-0.038332,0.017876,0.458952,2.181740,19.007373,11.666723,3.462761,2.733290,173.244971,5.429343,1.059834,0.026921,0.963285
-0.037362,0.018206,0.475986,2.100206,19.025392,11.666708,3.465171,2.736259,173.100218,5.403056,1.059654,0.026745,0.963115
-0.036846,0.018096,0.491686,2.513893,19.014285,11.581773,3.465180,2.745334,173.054050,5.352871,1.059473,0.026537,0.962925
-0.036347,0.018291,0.484655,2.044240,18.996773,11.666783,3.465832,2.737859,173.099948,5.350578,1.059418,0.026503,0.962882
-0.033996,0.017990,0.487933,2.339293,18.994175,11.666750,3.464702,2.729926,173.136082,5.344909,1.059387,0.026446,0.962846
-0.040551,0.018841,0.494355,2.128518,19.076613,10.913355,3.469753,2.729894,173.093769,5.263726,1.059060,0.026084,0.962504
-0.036360,0.017736,0.488409,2.392602,18.990828,11.666545,3.462310,2.722687,173.089907,5.306072,1.059185,0.026320,0.962724
-0.036340,0.018321,0.487893,2.417877,19.095508,11.666737,3.466202,2.728536,173.012589,5.280156,1.059115,0.026189,0.962569
-0.036989,0.018176,0.478785,2.162562,19.082447,11.666658,3.466412,2.740999,173.022578,5.261129,1.058997,0.026127,0.962515
-0.036144,0.017912,0.486911,2.166515,19.020292,11.549415,3.464068,2.727509,173.053578,5.238493,1.058901,0.026018,0.962417
-0.032584,0.018231,0.469220,2.300377,19.016290,11.558012,3.464615,2.729298,173.055291,5.244112,1.058858,0.026000,0.962398
-0.037538,0.018500,0.467803,2.342802,18.984613,11.180963,3.463623,2.736586,173.043091,5.181756,1.058596,0.025747,0.962170
-0.035078,0.018516,0.492959,2.508810,18.995313,11.608978,3.464070,2.730594,173.034756,5.204556,1.058636,0.025830,0.962216
-0.037352,0.017866,0.487709,1.951408,18.977825,11.419892,3.465019,2.728954,173.024800,5.171964,1.058473,0.025683,0.962077
-0.034283,0.018713,0.481253,1.942527,19.041627,11.666887,3.465422,2.743049,173.013206,5.165819,1.058463,0.025641,0.962021
-0.036752,0.018456,0.481352,2.245214,19.005003,11.303117,3.464730,2.733488,172.989546,5.413088,1.058188,0.026826,0.961796
-0.035624,0.018474,0.470439,1.965882,18.974813,11.749980,3.466160,2.745783,172.967839,5.433044,1.058253,0.026895,0.961866
-0.037344,0.018164,0.504674,1.996927,19.078052,11.518613,3.466827,2.742435,172.947460,5.387551,1.058081,0.026655,0.961644
-0.036738,0.018807,0.496076,2.058650,19.002130,11.750068,3.467856,2.747013,172.884352,5.384520,1.057999,0.026668,0.961646
-0.034264,0.018548,0.466622,2.203303,19.023585,11.750152,3.468837,2.730116,172.835226,5.360337,1.057928,0.026552,0.961536
-0.037732,0.018195,0.493386,2.062694,18.971800,11.580817,3.467625,2.731470,172.800580,5.318281,1.057727,0.026354,0.961358
-0.034263,0.018131,0.497386,2.010479,18.987003,11.750122,3.467676,2.743213,172.772085,5.298813,1.057677,0.026299,0.961298
-0.034541,0.018450,0.506215,1.971338,19.004660,11.750082,3.467129,2.729851,172.745140,5.281077,1.057595,0.026200,0.961199
-0.036377,0.018753,0.507700,2.258911,19.017725,11.356763,3.467194,2.723480,172.724216,5.233113,1.057322,0.025945,0.960941
-0.035461,0.018454,0.476530,2.005795,18.976082,11.191950,3.466242,2.747714,172.709564,5.201290,1.057182,0.025811,0.960828
-0.035456,0.018929,0.479878,2.155144,19.007840,11.374113,3.467168,2.750510,172.686067,5.190815,1.057129,0.025767,0.960762
-0.037249,0.018280,0.495325,2.250839,18.996965,11.750073,3.464392,2.725958,172.757443,5.214733,1.057222,0.025903,0.960871
-0.034109,0.018613,0.477765,2.064256,19.007503,11.750048,3.467488,2.748702,172.776176,5.204124,1.057163,0.025847,0.960847
-0.035500,0.018150,0.485303,2.213847,19.010102,11.750158,3.464846,2.717358,172.760893,5.195642,1.057093,0.025784,0.960768
-0.033491,0.018775,0.485686,2.136125,19.038172,11.750033,3.467111,2.723790,172.670370,5.165424,1.056925,0.025668,0.960649
-0.038811,0.018399,0.475172,2.544665,18.987212,11.154010,3.466305,2.725368,172.577999,5.369199,1.056473,0.026575,0.960196
-0.038318,0.018789,0.489719,2.399465,19.033865,11.564742,3.468148,2.723648,172.688482,5.396570,1.056573,0.026667,0.960260
-0.039179,0.018353,0.511475,2.420209,18.982372,10.916883,3.464156,2.722644,172.727476,5.329325,1.056318,0.026380,0.960020
-0.038620,0.019081,0.510636,2.135172,19.018052,11.833342,3.466519,2.740798,172.769759,5.385483,1.056564,0.026641,0.960272
-0.040893,0.019363,0.514227,2.189185,19.011813,11.126175,3.468845,2.741867,172.727132,5.324017,1.056252,0.026319,0.959952
-0.037005,0.018475,0.513796,2.150134,19.017843,11.480197,3.465723,2.728922,172.676955,5.329797,1.056220,0.026334,0.959951
-0.034198,0.018622,0.498415,2.083069,19.121658,11.833417,3.463895,2.726796,172.618560,5.306115,1.056211,0.026304,0.959920
-0.035457,0.018624,0.522973,2.035592,19.002122,11.833343,3.467563,2.734674,172.530537,5.274435,1.056049,0.026194,0.959809
-0.037147,0.018789,0.511520,1.954661,18.988075,11.184710,3.466903,2.706295,172.526676,5.216585,1.055703,0.025885,0.959493
-0.037372,0.018605,0.512028,2.096326,18.959983,11.167072,3.465446,2.737248,172.552941,5.200261,1.055616,0.025809,0.959444
-0.036241,0.018437,0.470159,2.469628,19.014940,11.833355,3.465161,2.732462,172.578877,5.238556,1.055770,0.025988,0.959590
-0.040264,0.018810,0.512444,2.028518,18.983987,10.931840,3.465850,2.728124,172.548167,5.150026,1.055346,0.025561,0.959230
-0.039491,0.018832,0.510132,2.322042,18.983922,11.716073,3.467032,2.742394,172.544335,5.463726,1.055427,0.027109,0.959293
-0.035780,0.019454,0.495968,1.990751,18.995653,11.134533,3.470256,2.721001,172.477371,5.120580,1.055129,0.025417,0.959045
-0.040068,0.019357,0.503615,2.083971,18.969868,10.892348,3.468976,2.739389,172.478361,5.366195,1.054879,0.026539,0.958779
-0.038119,0.018588,0.521867,2.010604,18.999072,11.716135,3.467745,2.724203,172.448671,5.415569,1.055117,0.026795,0.959014
-0.037275,0.018345,0.496299,2.063094,19.027500,11.916760,3.464983,2.740439,172.398000,5.409472,1.055049,0.026757,0.958970
-0.037777,0.018704,0.525046,2.020144,18.983655,11.487143,3.466269,2.720872,172.390538,5.356131,1.054781,0.026494,0.958716
-0.036253,0.019432,0.504717,2.061259,19.001305,11.916700,3.469258,2.725991,172.399254,5.344629,1.054793,0.026502,0.958727
-0.052609,0.018586,0.502032,2.132205,18.849622,9.240675,3.466484,2.737463,172.257564,5.092553,1.053494,0.025206,0.957531
-0.042757,0.018502,0.502045,1.947076,18.922918,10.824552,3.465689,2.730514,172.278844,5.196225,1.054021,0.025752,0.958031
-0.041525,0.019474,0.527303,2.107261,18.957200,10.659552,3.468506,2.736815,172.175477,5.139193,1.053805,0.025528,0.957789
-0.036340,0.019142,0.528948,2.402641,18.983882,11.688153,3.467472,2.722322,172.180757,5.200978,1.054066,0.025847,0.958045
-0.044852,0.018889,0.515062,2.021858,18.844595,9.746313,3.467705,2.734069,172.167477,5.036652,1.053248,0.025018,0.957287
-0.035192,0.019134,0.536436,2.053437,18.957548,11.609430,3.469074,2.734540,172.304024,5.185712,1.053920,0.025745,0.957959
-0.044641,0.019445,0.509283,2.142030,18.983332,9.569853,3.468497,2.741608,172.235819,4.997744,1.053041,0.024793,0.957120
-0.042963,0.019251,0.508784,1.830763,18.861757,10.583522,3.468453,2.729939,171.990791,5.356384,1.052004,0.026509,0.957343
-0.035325,0.019645,0.523963,1.931948,19.024598,12.000053,3.470375,2.725564,172.216473,5.440979,1.053675,0.026924,0.957723
-0.036051,0.019138,0.530069,1.995607,19.051327,12.000145,3.469397,2.716751,172.065377,5.394420,1.053455,0.026703,0.957517
-0.033877,0.019077,0.540130,2.050195,18.996198,11.843725,3.467027,2.741133,172.028173,5.332972,1.053209,0.026458,0.957290
-0.035501,0.018935,0.527406,2.006772,18.986397,11.769708,3.467505,2.745349,172.063282,5.314773,1.053141,0.026355,0.957177
-0.033069,0.019405,0.522730,2.472832,19.050187,11.999967,3.468118,2.734258,172.113438,5.307113,1.053158,0.026340,0.957174
-0.035227,0.019434,0.493392,1.887269,19.027695,12.000108,3.469441,2.736104,172.087003,5.292356,1.053034,0.026252,0.957087
-0.035226,0.018938,0.516453,2.183462,19.015530,12.000098,3.467222,2.729027,172.056635,5.267644,1.052906,0.026154,0.956973
-0.032401,0.019552,0.545291,1.953005,19.030887,12.000053,3.468268,2.721886,171.997977,5.244127,1.052748,0.026032,0.956841
-0.035203,0.019438,0.538863,1.883258,19.025955,12.083347,3.467065,2.733088,171.949772,5.511912,1.052577,0.027313,0.956707
-0.038992,0.019705,0.515580,2.152446,19.060353,11.641240,3.468814,2.726756,171.873146,5.459831,1.052334,0.027003,0.956423
-0.037849,0.018615,0.510643,1.986720,19.011448,11.639042,3.464933,2.722985,171.937092,5.451826,1.052243,0.027014,0.956422
-0.041423,0.019287,0.537575,1.996793,18.970303,10.777868,3.466675,2.735369,171.931652,5.365261,1.051790,0.026570,0.956029
-0.044334,0.019605,0.516831,1.971997,18.974337,10.891435,3.467729,2.731001,171.885956,5.344291,1.051694,0.026467,0.955939
-0.035057,0.018853,0.539982,1.997320,19.065282,12.083390,3.465975,2.712819,171.911187,5.418814,1.052021,0.026816,0.956242
-0.036052,0.019442,0.543586,2.015582,19.054355,11.637133,3.467104,2.729584,171.909466,5.363134,1.051813,0.026573,0.956005
-0.035783,0.018810,0.542339,2.279908,19.004292,12.034897,3.463354,2.714716,171.911256,5.360825,1.051721,0.026562,0.955988
-0.039295,0.019144,0.534778,1.915529,18.966533,10.983788,3.467414,2.724011,171.828461,5.248358,1.051227,0.026009,0.955484
-0.033805,0.019437,0.518391,2.155984,19.073453,12.083507,3.468405,2.719454,171.838744,5.298522,1.051502,0.026303,0.955748
-0.034015,0.019326,0.557501,2.048042,19.055467,12.030318,3.466843,2.719361,171.782922,5.266593,1.051306,0.026145,0.955582
-0.034006,0.019503,0.539086,2.078839,19.029695,12.083475,3.466591,2.721247,171.758212,5.251788,1.051196,0.026077,0.955488
-0.040824,0.019618,0.473258,2.350322,18.954862,10.602110,3.467241,2.727034,171.669160,5.101096,1.050518,0.025351,0.954815
-0.036079,0.019601,0.535385,1.981962,19.059290,12.166720,3.468887,2.711150,171.747324,5.481166,1.050868,0.027135,0.955147
-0.037926,0.019460,0.544146,1.837733,19.048768,12.166725,3.468821,2.721102,171.717953,5.461096,1.050760,0.027049,0.955095
-0.035882,0.019622,0.543044,1.941786,19.015943,12.166795,3.467749,2.709914,171.717349,5.441030,1.050638,0.026949,0.954973
-0.036438,0.019622,0.532895,1.958958,19.094297,12.166682,3.466386,2.718958,171.738558,5.425909,1.050593,0.026881,0.954899
-0.039919,0.020034,0.529393,1.926065,19.031453,11.534783,3.470008,2.736759,171.667827,5.344097,1.050198,0.026488,0.954564
-0.034431,0.019537,0.551665,1.954326,19.055133,12.166728,3.469266,2.715041,171.649157,5.375817,1.050302,0.026641,0.954678
-0.034316,0.019355,0.555340,1.881925,19.051187,12.027013,3.465608,2.729990,171.630929,5.332691,1.050120,0.026454,0.954515
-0.040507,0.019777,0.532364,2.430278,19.017798,10.916860,3.468876,2.711266,171.585724,5.232044,1.049627,0.025939,0.954037
-0.036956,0.019328,0.552159,1.810978,19.006917,11.286645,3.469257,2.704820,171.376328,5.191818,1.049390,0.025795,0.953869
-0.035043,0.020164,0.551975,2.073028,18.997515,12.023570,3.471227,2.706868,171.299409,5.489401,1.049373,0.027177,0.953789
-0.041317,0.020404,0.572175,1.794159,18.983770,10.790730,3.471202,2.732445,171.278981,5.368277,1.048817,0.026556,0.953214
-0.043951,0.019726,0.547421,1.873951,18.900968,10.595015,3.467990,2.728450,171.319346,5.327163,1.048582,0.026349,0.953024
-0.042496,0.019809,0.550169,1.881635,18.988690,10.903035,3.470765,2.714417,171.373789,5.328256,1.048649,0.026373,0.953057
-0.037451,0.019662,0.533729,1.833381,19.098338,11.682903,3.467388,2.725241,171.423008,5.367157,1.048868,0.026572,0.953229
-0.035102,0.019761,0.556839,1.894075,19.025225,12.249982,3.469474,2.727450,171.454694,5.403719,1.048955,0.026741,0.953381
-0.044187,0.019606,0.561940,1.980127,19.007880,10.552033,3.468531,2.737998,171.396625,5.250386,1.048235,0.025969,0.952673
-0.035383,0.020515,0.558612,2.066364,18.974892,11.277647,3.472360,2.716494,171.374824,5.268449,1.048327,0.026085,0.952773
-0.043839,0.019669,0.550983,1.920407,18.930847,10.530758,3.467950,2.718660,171.146718,5.148751,1.047744,0.025573,0.952269
-0.042244,0.019880,0.547536,1.973011,18.984203,10.604122,3.470247,2.728927,171.235796,5.146892,1.047686,0.025532,0.952243
-0.042552,0.020358,0.535916,2.034915,19.033707,10.418632,3.469643,2.730660,171.207023,5.105230,1.047513,0.025358,0.952076
-0.032574,0.019700,0.562033,1.778830,19.015467,12.250002,3.468628,2.725032,171.101310,5.228224,1.046809,0.025976,0.952616
-0.039247,0.020136,0.560934,1.993735,19.036107,11.161147,3.471953,2.717501,171.210322,5.136335,1.047590,0.025477,0.952158
-0.041967,0.019790,0.549680,2.014734,19.057962,10.700712,3.468933,2.720455,171.138206,5.357395,1.047178,0.026507,0.951784
-0.037014,0.020598,0.566114,1.916355,19.008053,11.510770,3.470866,2.727117,171.083592,5.390664,1.047286,0.026669,0.951934
-0.037409,0.020116,0.583926,1.927281,19.010802,12.009892,3.471112,2.726101,171.174324,5.382945,1.047276,0.026669,0.951919
-0.045816,0.020049,0.572524,1.627796,18.999945,10.593920,3.472003,2.741687,171.266248,5.283530,1.046785,0.026095,0.951421
-0.035911,0.020305,0.554502,1.823086,19.018350,12.042080,3.469592,2.718113,171.434269,5.377313,1.047211,0.026582,0.951883
-0.043039,0.020030,0.560975,1.871803,19.031493,10.698962,3.468913,2.745020,171.464285,5.258508,1.046733,0.026025,0.951357
-0.041863,0.020693,0.540825,2.023159,18.997385,11.192817,3.469318,2.732243,171.502815,5.269361,1.046749,0.026114,0.951435
-0.045141,0.019708,0.556515,1.867616,18.993387,10.294768,3.468208,2.719044,171.504528,5.181070,1.046328,0.025650,0.951021
-0.037198,0.020653,0.552679,2.082545,18.996003,11.001267,3.469914,2.726070,171.506335,5.216638,1.046439,0.025803,0.951162
-0.038609,0.020034,0.556843,1.872431,19.077038,11.619905,3.468678,2.722012,171.530473,5.235925,1.046541,0.025895,0.951273
-0.039502,0.020122,0.536450,2.012266,19.090097,11.251980,3.469307,2.713356,171.471364,5.194794,1.046292,0.025670,0.951038
-0.042276,0.020434,0.582722,1.771228,18.993583,10.394742,3.471313,2.739180,171.392975,5.085718,1.045769,0.025170,0.950578
-0.033360,0.020165,0.553177,1.857521,19.077868,11.986920,3.469904,2.731199,171.368087,5.163172,1.046138,0.025569,0.950903
-0.044034,0.020168,0.559625,1.990885,18.979477,10.071492,3.468389,2.732355,171.231666,4.973538,1.045257,0.024674,0.950064
-0.043699,0.020676,0.514582,1.948624,18.925453,10.342578,3.472861,2.735542,171.143128,5.248500,1.045043,0.025969,0.949934
-0.045906,0.020561,0.552967,1.819745,18.920438,9.945783,3.471428,2.723248,171.206822,5.183306,1.044729,0.025622,0.949596
-0.035981,0.020295,0.560739,1.863643,19.055040,11.156298,3.468147,2.719633,171.489214,4.973942,1.045252,0.024693,0.950055
-0.036613,0.019975,0.528753,1.968736,19.124127,11.754882,3.468325,2.721802,171.762237,5.037450,1.045597,0.024952,0.950353
-0.057530,0.020383,0.546961,2.030446,18.936772,8.586553,3.466075,2.745504,171.840701,4.803307,1.044413,0.023696,0.949232
-0.051276,0.019968,0.546603,1.892251,19.006800,9.188593,3.466072,2.729796,172.009370,4.847391,1.044620,0.023919,0.949429
-0.040693,0.019705,0.509545,1.939216,19.052932,10.564227,3.465134,2.739686,172.175894,4.661100,1.045194,0.023124,0.950029
-0.043741,0.020068,0.535284,2.020180,19.071943,9.752285,3.464492,2.743447,172.212657,4.584417,1.044860,0.022698,0.949652
-0.039404,0.020274,0.521111,1.889848,19.096458,9.887370,3.466500,2.741425,172.242453,4.572899,1.044788,0.022655,0.949594
-0.038109,0.019997,0.494531,1.888339,19.113442,10.706845,3.464714,2.725924,172.241901,4.621566,1.044928,0.022855,0.949775
-0.044034,0.019654,0.519986,1.929497,19.093192,10.246432,3.463939,2.740858,171.983726,4.841533,1.044488,0.023865,0.949384
-0.037624,0.020711,0.548097,1.824320,19.087992,11.008557,3.469297,2.726756,171.639962,4.790243,1.044306,0.023764,0.949267
-0.041935,0.020424,0.531427,1.976183,19.060868,10.207258,3.466765,2.727583,171.259216,4.941530,1.043538,0.024473,0.948539
-0.053197,0.020860,0.560282,1.847626,18.911985,9.047173,3.469105,2.723644,170.895273,5.056179,1.042506,0.024967,0.947611
-0.039145,0.020643,0.581207,1.629540,19.027023,10.935053,3.468762,2.721188,170.725117,5.124573,1.042846,0.025396,0.947975
-0.039595,0.021414,0.600249,1.738451,19.055737,11.695720,3.471404,2.717801,170.600564,5.422627,1.042825,0.026857,0.947932
-0.039506,0.020377,0.547916,1.856286,19.013610,11.076097,3.470615,2.707891,170.472698,5.331625,1.042360,0.026362,0.947481
-0.038680,0.020869,0.588464,1.810392,19.052727,11.154838,3.468393,2.710640,170.379156,5.276621,1.042141,0.026158,0.947277
-0.033536,0.021790,0.580828,1.836403,19.139813,12.337192,3.475794,2.701643,170.372284,5.319318,1.042332,0.026405,0.947490
-0.041030,0.020960,0.581096,1.641715,19.088270,10.825265,3.469635,2.719071,170.281764,5.175948,1.041673,0.025684,0.946831
-0.035073,0.021160,0.574731,1.778643,19.093135,11.457413,3.472215,2.718964,170.264498,5.189415,1.041677,0.025768,0.946853
-0.042184,0.021388,0.600790,1.951135,19.026577,10.678263,3.474133,2.705768,170.205592,5.389998,1.041184,0.026704,0.946410
-0.037040,0.020514,0.578424,1.962146,19.120068,11.706175,3.470369,2.715217,170.209875,5.433697,1.041351,0.026863,0.946571
-0.036089,0.020942,0.590079,1.763626,19.188448,12.354830,3.470600,2.711854,170.191790,5.440077,1.041414,0.026938,0.946646
-0.038134,0.021112,0.608802,1.749382,19.161617,11.230820,3.471843,2.712750,170.134749,5.326249,1.040901,0.026383,0.946120
-0.042238,0.020648,0.602993,1.824734,19.134812,10.868087,3.468873,2.720271,170.063740,5.250288,1.040515,0.026040,0.945781
-0.041239,0.020994,0.609163,1.788272,19.147363,11.091353,3.470423,2.713068,170.069035,5.234526,1.040397,0.025962,0.945686
-0.038718,0.021407,0.625004,1.662743,19.175887,11.505122,3.472401,2.728739,170.081955,5.232210,1.040215,0.025955,0.945684
-0.037359,0.021328,0.586584,1.923943,19.192322,11.545427,3.468758,2.708618,170.092444,5.202651,1.040269,0.025838,0.945566
-0.042791,0.021305,0.590265,1.829543,19.133857,10.266823,3.470382,2.721361,170.028085,5.069773,1.039610,0.025182,0.944948
-0.041867,0.021942,0.599234,1.879545,19.122195,11.079313,3.473374,2.719613,170.100418,5.388029,1.039666,0.026695,0.945037
-0.042871,0.021697,0.598724,1.664104,19.195430,10.461213,3.472845,2.720856,170.256998,5.034319,1.039480,0.024980,0.944768
-0.041494,0.021623,0.596644,1.676322,19.182293,10.252663,3.470291,2.742150,170.399103,5.013348,1.039343,0.024842,0.944674
-0.039938,0.020403,0.580917,1.975181,19.241672,11.070892,3.464955,2.708885,170.551149,5.051453,1.039588,0.025026,0.944869
-0.040395,0.021065,0.574598,1.704217,19.200072,10.724045,3.467460,2.725646,170.594214,5.023995,1.039333,0.024863,0.944727
-0.043632,0.021076,0.571975,1.890714,19.180960,10.006098,3.471509,2.697413,170.576674,4.936545,1.038950,0.024429,0.944320
-0.041756,0.021705,0.590195,1.799647,19.209163,10.017235,3.468745,2.721019,170.583449,4.899438,1.038754,0.024259,0.944126
-0.037385,0.020930,0.598216,1.799022,19.287718,11.251378,3.469568,2.733252,170.602491,4.956018,1.039005,0.024574,0.944420
-0.045878,0.021537,0.576602,1.789748,19.210435,9.598350,3.470269,2.731025,170.485088,4.787284,1.038247,0.023758,0.943669
-0.041979,0.020734,0.619817,1.668598,19.192232,10.324118,3.466175,2.726268,170.230407,5.087112,1.038073,0.025153,0.943624
-0.037166,0.021592,0.627293,1.620505,19.242807,11.236685,3.470425,2.705142,169.960452,5.066314,1.037968,0.025145,0.943537
-0.046375,0.022197,0.627641,1.793817,19.238212,10.570778,3.475329,2.720794,169.666011,5.240132,1.037285,0.025915,0.942903
-0.041873,0.021925,0.659900,1.538017,19.246472,10.867353,3.472768,2.709939,169.487855,5.178316,1.037033,0.025714,0.942683
-0.045605,0.022437,0.625055,2.088734,19.195430,10.674940,3.473208,2.722672,169.354283,5.403117,1.036584,0.026750,0.942288
-0.040460,0.021853,0.656991,1.707861,19.329167,11.361333,3.473091,2.734362,169.278876,5.390915,1.036625,0.026739,0.942262
-0.041775,0.021906,0.648933,1.693757,19.313795,11.457558,3.473513,2.700843,169.221613,5.364197,1.036413,0.026610,0.942140
-0.036078,0.022807,0.651293,1.753268,19.377238,11.751723,3.477351,2.702639,169.171179,5.336802,1.036302,0.026508,0.942019
-0.047079,0.022638,0.630763,1.674048,19.272417,10.214542,3.476524,2.710434,169.043923,5.462614,1.035453,0.027030,0.941182
-0.039100,0.021922,0.643919,1.596359,19.442893,12.077320,3.474056,2.697896,169.071219,5.554213,1.035891,0.027545,0.941629
-0.039266,0.022024,0.648114,1.652368,19.354568,11.396925,3.474494,2.696538,169.022970,5.479787,1.035476,0.027146,0.941251
-0.039662,0.021842,0.645973,1.584205,19.446927,11.788727,3.471436,2.700526,168.995889,5.455162,1.035397,0.027075,0.941174
-0.041109,0.022774,0.676712,1.734078,19.309657,11.077658,3.474555,2.710108,168.939008,5.360224,1.034854,0.026628,0.940754
-0.039727,0.022737,0.668986,1.588524,19.346407,10.894437,3.476771,2.700862,168.867222,5.297199,1.034557,0.026306,0.940419
-0.046110,0.022959,0.666723,1.570508,19.417863,10.477600,3.475366,2.707253,168.784502,5.515490,1.034130,0.027288,0.940014
-0.038735,0.022119,0.682134,1.466000,19.457825,11.849607,3.471341,2.707872,168.763536,5.560562,1.034336,0.027592,0.940265
-0.049611,0.022570,0.692836,1.489387,19.323725,9.498512,3.475638,2.697740,168.612703,5.316101,1.033180,0.026376,0.939161
-0.044910,0.022481,0.669143,1.494361,19.387007,10.541588,3.473935,2.719023,168.601796,5.352545,1.033308,0.026588,0.939309
-0.053179,0.022464,0.662255,1.656861,19.345783,9.423373,3.474646,2.700375,168.489505,5.504371,1.032551,0.027272,0.938606
-0.049197,0.022805,0.672815,1.634571,19.432738,9.951543,3.474431,2.689150,168.450134,5.500515,1.032514,0.027237,0.938579
-0.043699,0.023137,0.691442,1.613038,19.544647,10.850393,3.476030,2.702610,168.504285,5.533013,1.032677,0.027433,0.938728
-0.043140,0.022596,0.680065,1.613445,19.591785,11.119438,3.472168,2.706611,168.692772,5.544260,1.032745,0.027469,0.938774
-0.041354,0.022541,0.681881,1.637503,19.644222,10.777622,3.473284,2.706229,168.853646,5.513258,1.032625,0.027311,0.938630
-0.041207,0.023267,0.667789,1.512955,19.670073,10.313887,3.475120,2.699941,168.956198,5.158692,1.032419,0.025642,0.938451
-0.040916,0.022531,0.654857,1.527011,19.583865,10.509435,3.473982,2.686181,169.012644,5.161863,1.032303,0.025604,0.938394
-0.040761,0.022958,0.681082,1.505258,19.686870,10.877267,3.473269,2.702920,169.044463,5.144130,1.032300,0.025562,0.938353
-0.044931,0.022771,0.670715,1.533731,19.706927,10.394742,3.473318,2.692591,169.033662,5.366682,1.031887,0.026585,0.937990
-0.037466,0.023441,0.642650,1.589451,19.791732,11.932862,3.476127,2.710982,169.039823,5.444900,1.032209,0.026948,0.938309
-0.040593,0.022060,0.647314,1.596456,19.842612,11.346292,3.469214,2.688919,168.979426,5.358363,1.031833,0.026526,0.937912
-0.036744,0.022561,0.650987,1.661438,19.875302,11.367875,3.472511,2.681226,168.778155,5.306804,1.031556,0.026314,0.937718
-0.053515,0.023284,0.674661,1.565192,19.623293,9.719070,3.474073,2.687461,168.403795,5.384742,1.030354,0.026661,0.936649
-0.044164,0.022593,0.708180,1.466165,19.754918,10.849250,3.471960,2.686222,168.209268,5.372401,1.030353,0.026663,0.936615
-0.050184,0.023469,0.707991,1.453792,19.726790,9.900120,3.475758,2.687123,168.010725,5.307320,1.029619,0.026353,0.934947
-0.044631,0.024368,0.719922,1.498508,19.698843,10.651507,3.481029,2.676108,167.904209,5.502098,1.029465,0.027317,0.935847
-0.034696,0.023677,0.708732,1.410855,19.853492,12.266463,3.476991,2.701072,167.876484,5.574506,1.029794,0.027677,0.936148
-0.046362,0.024141,0.746542,1.389842,19.903077,10.780762,3.479230,2.699792,167.771988,5.415472,1.029058,0.026921,0.935423
-0.055070,0.024238,0.709370,1.538677,19.715350,9.521257,3.477166,2.690458,167.643731,5.553941,1.028119,0.027494,0.934633
-0.036046,0.023355,0.735263,1.446939,19.988825,12.345337,3.475908,2.678646,167.699433,5.700906,1.028945,0.028317,0.935362
-0.048694,0.023712,0.742383,1.403021,19.968800,9.969607,3.475359,2.690256,167.558233,5.485435,1.027887,0.027215,0.934371
-0.050940,0.023735,0.737632,1.432705,19.865902,9.767975,3.476062,2.683644,167.480333,5.398333,1.027413,0.026827,0.933969
-0.048374,0.024032,0.718811,1.407501,19.887623,10.659975,3.477013,2.701690,167.465171,5.716958,1.027455,0.028373,0.934060
-0.035730,0.024483,0.762675,1.397287,20.010507,12.613812,3.476682,2.679599,167.494850,5.802131,1.027912,0.028800,0.934455
-0.049637,0.023718,0.742210,1.436735,19.935665,10.234420,3.474651,2.681448,167.376700,5.594535,1.026853,0.027724,0.933444
-0.051402,0.024206,0.723110,1.567886,19.928718,9.746193,3.476204,2.683876,167.247235,5.474712,1.026305,0.027181,0.932941
-0.047662,0.024042,0.745463,1.549644,20.010390,10.353302,3.476591,2.685276,167.179857,5.468190,1.026221,0.027176,0.932914
-0.041144,0.024850,0.737248,1.502978,20.010653,11.604322,3.479772,2.685695,167.142883,5.818040,1.026363,0.028830,0.933062
-0.041016,0.024383,0.763685,1.538541,20.010082,11.824033,3.478156,2.692677,167.098720,5.768778,1.026155,0.028615,0.932897
-0.046419,0.024364,0.773204,1.310658,20.009967,10.482477,3.478134,2.676308,166.965917,5.605393,1.025378,0.027818,0.932124
-0.043219,0.024256,0.787268,1.304013,20.010192,10.399537,3.475543,2.682290,166.892554,5.527205,1.025012,0.027498,0.931808
-0.048862,0.025095,0.767834,1.411978,20.009947,10.576215,3.480299,2.689376,166.844015,5.786466,1.024709,0.028711,0.931568
-0.038013,0.024788,0.789662,1.323895,20.009718,12.463795,3.477099,2.667136,166.994889,5.887040,1.025153,0.029200,0.932011
-0.052023,0.024445,0.771904,1.320997,20.009667,9.536375,3.476559,2.672205,167.006324,5.329692,1.023993,0.026484,0.930874
-0.047170,0.025474,0.787270,1.179879,20.009653,10.617403,3.478641,2.663815,167.100308,5.672343,1.024152,0.028128,0.931068
-0.051351,0.025324,0.759423,1.596215,20.009800,10.280408,3.479194,2.664104,167.126469,5.594962,1.023836,0.027735,0.930708
-0.039641,0.025330,0.752540,1.406078,20.009333,11.315962,3.475470,2.672753,167.182155,5.640783,1.023967,0.027957,0.930879
-0.058013,0.025689,0.778837,1.434271,20.009622,9.276833,3.477866,2.681069,167.185603,5.430271,1.023014,0.026896,0.929911
-0.040620,0.024573,0.774979,1.322565,20.009412,10.979168,3.476663,2.697380,167.213130,5.526673,1.023308,0.027369,0.930366
-0.057452,0.025464,0.769356,1.334992,20.009332,9.095423,3.478472,2.687239,167.042192,5.287029,1.022359,0.026240,0.929317
-0.051159,0.025396,0.781384,1.411094,20.009190,9.824480,3.479298,2.674075,166.918983,5.302113,1.022170,0.026305,0.929318
-0.047233,0.025114,0.815481,1.305089,20.009400,10.257585,3.480005,2.691595,166.599449,5.517512,1.021806,0.027359,0.928971
-0.050243,0.025733,0.813765,1.254348,20.009258,10.621750,3.479903,2.689685,166.330156,5.737876,1.021382,0.028477,0.928598
-0.040724,0.025654,0.820070,1.252200,20.008958,11.405667,3.480047,2.679882,166.122278,5.703461,1.021181,0.028344,0.928453
-0.058494,0.025419,0.806727,1.252693,20.009187,9.043877,3.476600,2.679470,165.883157,5.421178,1.019861,0.026923,0.927106
-0.051518,0.025205,0.822688,1.224752,20.009282,9.714835,3.476146,2.672883,165.787650,5.697243,1.019643,0.028261,0.926994
-0.053131,0.026307,0.846238,1.194284,20.009098,10.025988,3.483163,2.688724,165.706417,5.647397,1.019423,0.028070,0.926818
-0.046098,0.026294,0.848265,1.221173,20.008747,10.766993,3.484789,2.673529,165.664762,5.647491,1.019368,0.028094,0.926804
-0.040719,0.026737,0.855813,1.297095,20.008677,11.760263,3.481912,2.675507,165.635112,5.958838,1.019345,0.029579,0.926807
-0.051608,0.026460,0.844182,1.197181,20.008672,10.119188,3.483993,2.688921,165.493799,5.757615,1.018451,0.028546,0.925865
-0.046197,0.025890,0.849516,1.177099,20.008708,10.916003,3.480659,2.664233,165.420729,5.745757,1.018317,0.028566,0.925883
-0.036655,0.025679,0.850440,1.273832,20.008333,12.238060,3.477922,2.667583,165.394322,5.778534,1.018406,0.028760,0.926015
-0.049379,0.027085,0.883254,1.184870,20.008550,10.307598,3.483410,2.668719,165.247894,5.849840,1.017369,0.029021,0.924937
-0.056160,0.026185,0.887678,1.210645,20.008652,8.946132,3.481395,2.688781,165.119791,5.648058,1.016361,0.027993,0.923966
-0.032899,0.026589,0.835542,1.282087,20.008250,12.580667,3.482400,2.659353,165.185788,5.869831,1.017300,0.029206,0.925052
-0.042534,0.026895,0.858795,1.179909,20.008042,10.829153,3.481991,2.677017,165.073363,5.667096,1.016486,0.028210,0.924143
-0.043864,0.026793,0.895997,1.116233,20.008068,11.483482,3.485042,2.677177,164.990316,5.953375,1.016244,0.029572,0.924031
-0.050353,0.027123,0.875749,1.163539,20.008177,10.162270,3.482840,2.662761,164.676416,5.769854,1.014200,0.028641,0.923174
-0.060904,0.027294,0.919697,1.101909,20.008058,9.155500,3.485028,2.685550,164.754310,5.587952,1.014530,0.027761,0.922363
-0.038270,0.027225,0.933643,1.116280,20.007943,12.297875,3.483170,2.662568,164.769037,6.076495,1.015257,0.030178,0.923213
-0.048025,0.028108,0.926266,1.080095,20.007973,10.840393,3.487145,2.648785,164.662882,5.901378,1.014501,0.029273,0.922363
-0.046418,0.026970,0.898119,1.113415,20.007855,11.075305,3.481165,2.661508,164.707333,5.844982,1.014186,0.029005,0.922122
-0.039983,0.027164,0.917845,1.125422,20.016375,11.311412,3.482517,2.658530,164.843786,5.821004,1.014056,0.028874,0.922010
-0.056866,0.026967,0.894843,1.149146,20.016320,9.732768,3.481924,2.662952,164.864793,5.647906,1.013228,0.027966,0.921184
-0.055041,0.027662,0.907184,1.102312,20.016428,9.464660,3.482573,2.678905,164.877229,5.546883,1.012761,0.027505,0.920745
-0.053153,0.027749,0.907852,1.225630,20.016435,9.012440,3.482648,2.664095,164.832627,5.432943,1.012229,0.026985,0.920271
-0.045891,0.027581,0.868294,1.174954,20.015827,10.824737,3.480869,2.678005,164.830950,5.529484,1.012505,0.027489,0.920680
-0.045191,0.028321,0.915138,1.151812,20.015798,11.055895,3.484019,2.675917,164.724689,5.755624,1.012224,0.028562,0.920335
-0.055682,0.027496,0.962225,1.086007,20.015952,9.180163,3.480922,2.665358,164.484739,5.500988,1.011038,0.027296,0.919176
-0.044314,0.027923,0.935357,1.081843,20.015290,10.615463,3.481652,2.672077,164.377248,5.536854,1.011105,0.027524,0.919334
-0.047553,0.028072,0.940695,1.095475,20.015535,10.166215,3.485604,2.661182,164.087775,5.697758,1.010393,0.028261,0.918678
-0.041661,0.028668,0.998408,1.003698,20.015322,11.227218,3.484759,2.665623,163.901656,5.679244,1.010183,0.028252,0.918590
-0.041365,0.028541,0.988493,1.023044,20.015548,11.355970,3.485347,2.676751,163.746135,5.878794,1.009754,0.029182,0.918138
-0.047964,0.029660,1.013000,1.066976,20.015322,10.290700,3.488548,2.669485,163.634835,5.709703,1.008972,0.028372,0.917366
-0.042858,0.029265,1.014058,1.029143,20.015188,10.835578,3.487163,2.668561,163.554213,5.669899,1.008711,0.028221,0.917179
-0.043325,0.030489,1.032658,0.990893,20.015045,11.527510,3.494277,2.673334,163.490978,5.952258,1.008470,0.029507,0.917025
-0.042473,0.029631,1.032619,1.000524,20.015005,10.893370,3.486786,2.669445,163.389601,5.797815,1.007849,0.028825,0.916412
-0.060146,0.029539,1.044055,1.015078,20.015378,8.931067,3.490003,2.648777,163.213506,5.540417,1.006592,0.027507,0.915152
-0.042162,0.029516,1.015874,1.007452,20.014973,11.508722,3.487826,2.663579,163.235144,5.985520,1.007088,0.029702,0.915801
-0.052908,0.029820,1.049181,0.953047,20.014990,10.080692,3.487569,2.653377,163.102487,5.769794,1.006162,0.028641,0.914849
-0.034349,0.030680,1.050923,1.015103,20.014680,12.533152,3.489829,2.671175,163.078071,5.870375,1.006507,0.029197,0.915318
-0.041086,0.029849,1.048142,0.954023,20.014577,11.113627,3.487623,2.662405,162.972027,5.686614,1.005726,0.028266,0.914437
-0.051467,0.029967,1.095693,0.936438,20.014960,10.101242,3.487258,2.636453,162.850004,5.811908,1.004844,0.028827,0.913629
-0.045567,0.030104,1.063111,0.962435,20.014668,11.146163,3.489275,2.658651,162.796038,5.804386,1.004737,0.028865,0.913646
-0.053220,0.030740,1.046597,0.955431,20.014853,9.876945,3.489382,2.668138,162.698404,5.608526,1.003864,0.027885,0.912702
-0.042645,0.030981,1.083865,0.947448,20.014442,11.541225,3.489088,2.649928,162.737335,5.975134,1.004026,0.029671,0.913002
-0.056771,0.030726,1.067454,0.989806,20.014913,9.767833,3.487434,2.649305,162.548817,5.735223,1.002946,0.028455,0.911879
-0.048864,0.030608,1.103359,0.932185,20.014763,10.131072,3.486458,2.660760,162.419807,5.673530,1.002555,0.028184,0.911595
-0.059420,0.031812,1.139546,0.955822,20.014853,9.737918,3.489990,2.657728,162.324803,5.837504,1.001953,0.028987,0.911013
-0.048396,0.031714,1.105127,0.933452,20.014655,10.839275,3.493697,2.667655,162.258237,5.855581,1.001874,0.029068,0.911072
-0.051391,0.030341,1.137186,0.902853,20.014537,10.000213,3.487372,2.635833,162.197762,5.693341,1.001148,0.028285,0.910342
-0.046315,0.031164,1.125722,0.888297,20.014522,10.645560,3.486328,2.651935,162.338918,5.675669,1.001062,0.028216,0.910246
-0.044520,0.031619,1.134033,0.907020,20.014225,10.740165,3.490405,2.666233,162.515323,5.632817,1.000875,0.027983,0.910063
-0.045142,0.031382,1.114669,0.950550,20.013805,10.821905,3.486764,2.684578,162.630315,5.591349,1.000662,0.027763,0.909866
-0.049074,0.030561,1.133673,0.918575,20.014293,10.326060,3.482712,2.661784,162.660361,5.490810,1.000143,0.027238,0.909380
-0.042812,0.031328,1.125763,0.913993,20.014118,11.190018,3.486995,2.664360,162.645765,5.473951,1.000043,0.027201,0.909317
-0.044710,0.032189,1.137343,0.904017,20.013985,10.689740,3.490871,2.671930,162.548857,5.651088,0.999427,0.028025,0.908739
-0.046646,0.031392,1.063984,1.002366,20.013943,10.946963,3.487060,2.669580,162.449544,5.583013,0.999048,0.027675,0.908419
-0.039108,0.031615,1.141649,0.916046,18.856055,11.886105,3.488336,2.707318,184.965728,5.544747,0.998070,0.027553,0.908241
-0.031225,0.034859,1.343854,0.789871,20.015333,15.416692,3.495608,2.650319,161.674818,7.873269,0.997824,0.039401,0.912085
-0.038954,0.033112,1.184424,0.844331,20.015055,12.011595,3.495453,2.644891,161.637046,6.167793,0.997755,0.030640,0.908327
-0.049796,0.033170,1.193013,0.894801,20.014980,10.148070,3.493131,2.670485,161.461024,5.828415,0.996715,0.028970,0.906795
-0.045097,0.032871,1.219250,0.820177,20.014778,11.344598,3.492259,2.667513,161.385826,5.798749,0.996611,0.028841,0.906631
-0.045301,0.033228,1.237727,0.817703,20.014643,11.237207,3.487297,2.648277,161.267398,5.958078,0.996050,0.029605,0.905990
-0.040833,0.033761,1.227710,0.842527,20.014632,11.925395,3.497386,2.647696,161.170923,5.898704,0.995729,0.029305,0.905713
-0.049545,0.034086,1.238403,0.807496,20.014657,10.069640,3.496590,2.658301,161.016991,5.630043,0.994559,0.028003,0.904484
-0.039856,0.033621,1.242113,0.866689,20.014563,11.892960,3.494531,2.650900,160.957927,5.958921,0.994573,0.029584,0.904590
-0.040465,0.033549,1.271144,0.800886,20.014525,11.483040,3.493117,2.642690,160.830452,5.817894,0.993944,0.028910,0.903962
-0.040728,0.034889,1.282264,0.779879,20.014592,11.045183,3.495219,2.644159,160.729558,5.676251,0.993259,0.028240,0.903293
-0.040136,0.034745,1.253293,0.797900,20.014415,12.039693,3.495242,2.658926,160.750628,5.961599,0.993100,0.029569,0.903183
-0.048185,0.033637,1.330742,0.756295,20.014552,10.417982,3.489935,2.663966,160.571997,5.728702,0.992092,0.028439,0.902153
-0.034104,0.034198,1.332578,0.782439,20.014337,12.394138,3.492454,2.637769,160.498055,5.772650,0.992113,0.028724,0.902342
-0.050642,0.035294,1.327920,0.805280,20.014563,10.660603,3.492902,2.646998,160.338904,5.828836,0.991050,0.028936,0.901221
-0.046812,0.034731,1.326236,0.753948,20.014453,10.312397,3.496258,2.647561,160.224654,5.690078,0.990375,0.028302,0.900619
-0.037031,0.035943,1.350272,0.754934,20.014432,12.290833,3.497462,2.647889,160.176295,5.757679,0.990490,0.028624,0.900860
-0.044820,0.035450,1.382321,0.738813,20.014497,10.602432,3.497605,2.643227,160.081073,5.814906,0.989454,0.028853,0.899757
-0.044938,0.035490,1.349364,0.758414,20.014573,10.511708,3.489272,2.645838,160.201470,5.741393,0.989027,0.028468,0.899409
-0.047727,0.036772,1.365365,0.766411,20.014632,11.175780,3.498146,2.670524,160.363841,5.722007,0.988912,0.028359,0.899306
-0.056074,0.035365,1.361961,0.746062,20.014672,9.283695,3.492890,2.655439,160.351911,5.497219,0.987927,0.027214,0.898258
-0.053715,0.036176,1.372752,0.766841,20.014538,9.912625,3.494607,2.649162,160.382979,5.479298,0.987734,0.027142,0.898193
-0.046956,0.035595,1.354107,0.738494,20.014533,10.506562,3.493008,2.653520,160.381963,5.440642,0.987503,0.026991,0.898033
-0.045271,0.036831,1.355045,0.739979,20.014562,10.096067,3.499301,2.635325,160.323855,5.317683,0.986941,0.026406,0.897459
-0.046292,0.037228,1.380328,0.724466,20.014455,11.036012,3.491893,2.666777,160.236815,5.600136,0.986713,0.027700,0.897311
-0.054985,0.036256,1.364059,0.757690,20.014630,9.180820,3.489570,2.657309,160.054496,5.329845,0.985591,0.026434,0.896143
-0.049076,0.037452,1.425595,0.713831,20.014512,9.776812,3.493579,2.660735,159.742199,5.577100,0.985134,0.027624,0.895862
-0.046610,0.037939,1.463711,0.719029,20.014977,10.581072,3.493070,2.663435,159.379432,5.490035,0.984704,0.027304,0.895506
-0.040836,0.037834,1.500165,0.666595,20.014347,11.668802,3.502594,2.652740,159.088258,5.739313,0.984362,0.028500,0.895245
-0.043379,0.037980,1.508577,0.684260,20.014653,11.684417,3.495465,2.638659,158.901916,5.918716,0.983787,0.029385,0.894692
-0.048630,0.038216,1.525454,0.655542,20.014630,10.582042,3.501000,2.659405,158.774396,5.740288,0.982955,0.028496,0.893865
-0.049013,0.037847,1.566860,0.663544,20.014760,10.298275,3.498972,2.653453,158.656589,5.619701,0.982312,0.027933,0.893323
-0.039227,0.039287,1.516046,0.680177,20.014540,11.740523,3.498173,2.659093,158.594986,5.928259,0.982240,0.029432,0.893332
-0.045938,0.038509,1.575112,0.634876,20.014670,10.721220,3.498713,2.665168,158.464993,5.747527,0.981439,0.028530,0.892510
-0.046213,0.039909,1.585678,0.646150,20.014723,10.823343,3.499495,2.647895,158.375233,5.648584,0.980942,0.028102,0.892070
-0.048108,0.039416,1.600695,0.657265,20.014525,10.810410,3.502648,2.653785,158.279664,5.857497,0.980424,0.029056,0.891607
-0.057541,0.039462,1.635236,0.611533,20.014988,9.286660,3.502389,2.654942,158.133434,5.616119,0.979327,0.027876,0.890519
-0.044424,0.040583,1.608140,0.621836,20.014830,11.091682,3.506884,2.639597,158.073486,5.680820,0.979409,0.028250,0.890809
-0.049513,0.040716,1.636837,0.610946,20.014752,10.171592,3.499493,2.661374,157.959669,5.790649,0.978588,0.028720,0.889908
-0.045887,0.040308,1.656453,0.617048,20.014740,10.734212,3.498198,2.639497,157.853540,5.729765,0.978246,0.028492,0.889683
-0.046474,0.040789,1.693587,0.590459,20.014647,10.954785,3.502777,2.649513,157.795996,5.650565,0.977818,0.028133,0.889308
-0.051196,0.041411,1.692777,0.603793,20.014832,10.676178,3.496747,2.641992,157.805924,5.834150,0.977283,0.028951,0.888728
-0.048656,0.040887,1.714991,0.586636,20.014870,10.539798,3.506124,2.623831,157.781209,5.756237,0.976852,0.028519,0.888340
-0.055890,0.041375,1.745124,0.573022,20.015193,9.115460,3.504137,2.642901,157.593929,5.509020,0.975778,0.027393,0.887282
-0.045985,0.042796,1.741175,0.605786,20.014857,10.987880,3.505338,2.630565,157.461877,5.873273,0.975822,0.029150,0.887523
-0.049559,0.042661,1.752455,0.570629,20.014978,10.569108,3.504526,2.632146,157.299502,5.716880,0.975149,0.028404,0.886817
-0.048678,0.042879,1.790770,0.570080,20.015085,10.520457,3.502364,2.642407,157.196077,5.913026,0.974577,0.029374,0.886347
-0.046917,0.042435,1.815897,0.550692,20.015188,10.570378,3.501149,2.634711,157.073513,5.821009,0.974055,0.028876,0.885887
-0.055319,0.043603,1.825458,0.547815,20.015270,9.963335,3.504849,2.628329,157.148592,5.669630,0.973403,0.028144,0.885199
-0.046485,0.042690,1.808113,0.553060,20.014980,10.260355,3.495752,2.624442,157.387756,5.637539,0.973246,0.027986,0.885060
-0.046027,0.043073,1.808456,0.552976,20.015178,10.570308,3.500083,2.654264,157.590961,5.615196,0.973118,0.027841,0.884939
-0.046054,0.043979,1.832779,0.575317,20.014972,10.750698,3.504093,2.644100,157.707857,5.568425,0.972909,0.027614,0.884734
-0.052052,0.043345,1.763025,0.567197,20.015202,9.885643,3.500917,2.644562,157.749558,5.441528,0.972305,0.026959,0.884132
-0.049242,0.043185,1.828636,0.554424,20.015270,9.804168,3.498566,2.648711,157.758032,5.351271,0.971840,0.026547,0.883749
-0.048334,0.043869,1.795064,0.581707,20.015072,10.242822,3.501406,2.649778,157.757203,5.306515,0.971580,0.026363,0.883553
-0.043306,0.044598,1.847229,0.561696,20.014990,10.671872,3.506500,2.646108,157.714825,5.551236,0.971271,0.027506,0.883261
-0.051882,0.044067,1.850509,0.540398,20.015365,9.121125,3.499191,2.637073,157.608162,5.339927,0.970346,0.026428,0.882274
-0.056133,0.044959,1.879880,0.531948,20.015393,9.049432,3.502349,2.639205,157.285819,5.229781,0.969686,0.025953,0.881785
-0.055467,0.045642,1.908542,0.533712,20.015592,9.178963,3.507353,2.646704,156.852578,5.390036,0.968910,0.026741,0.881138
-0.058265,0.045819,1.975327,0.507933,20.015363,8.789190,3.504222,2.646335,156.455640,5.499686,0.967980,0.027269,0.880254
-0.047745,0.046539,2.038272,0.516867,20.015380,10.618527,3.503896,2.628611,156.184160,5.827821,0.967949,0.028909,0.880359
-0.049884,0.047533,2.077153,0.486234,20.015312,10.598868,3.508141,2.617242,155.967304,5.699387,0.967366,0.028320,0.879797
-0.047383,0.047371,2.077167,0.503151,20.015512,10.991825,3.502294,2.626834,155.817700,5.916127,0.966896,0.029373,0.879396
-0.053390,0.048837,2.130160,0.472816,20.015712,9.822020,3.515707,2.633587,155.669461,5.711003,0.965965,0.028363,0.878464
-0.049528,0.047866,2.133695,0.486574,20.015165,10.214512,3.503133,2.624969,155.576209,5.650361,0.965548,0.028082,0.878150
-0.045283,0.049722,2.168493,0.488507,20.015177,11.090908,3.514544,2.638351,155.535865,5.920223,0.965383,0.029384,0.878015
-0.046195,0.049713,2.221064,0.450234,20.015268,10.847145,3.507863,2.643390,155.445671,5.789829,0.964762,0.028759,0.877425
-0.040870,0.049769,2.204874,0.468052,20.015165,11.515648,3.510699,2.611941,155.353768,5.734545,0.964430,0.028534,0.877163
-0.047535,0.049308,2.241431,0.458510,20.015270,10.549575,3.503009,2.636944,155.250827,5.853870,0.963586,0.029049,0.876319
-0.047308,0.051132,2.263558,0.441782,20.015393,11.114170,3.514050,2.626869,155.170497,5.790231,0.963230,0.028792,0.876052
-0.047045,0.050287,2.247286,0.444982,20.015392,9.968927,3.506560,2.626551,155.072197,5.616282,0.962421,0.027891,0.875250
-0.043586,0.052129,2.356188,0.430440,20.015085,11.008507,3.513021,2.649258,154.028166,5.805511,0.961753,0.028867,0.874728
-0.044509,0.056163,2.686412,0.373459,20.014845,11.790152,3.519369,2.603602,152.217560,6.607288,0.959692,0.032875,0.872855
-0.036563,0.056481,2.710009,0.374530,20.015508,13.368953,3.524095,2.632533,153.655755,6.613345,0.959647,0.032987,0.872893
-0.040891,0.054520,2.466014,0.405508,20.015188,11.378545,3.515255,2.632216,154.113004,6.091509,0.960096,0.030265,0.873262
-0.038339,0.056895,2.719970,0.367651,20.014643,12.549218,3.517522,2.615977,152.244260,6.363132,0.958392,0.031716,0.871741
-0.043444,0.058454,2.831971,0.357539,20.014882,11.407560,3.524539,2.599370,152.213684,6.422367,0.957205,0.032030,0.870628
-0.042688,0.055896,2.673002,0.377074,20.015108,11.767420,3.517098,2.626122,154.879012,6.316653,0.957972,0.031446,0.871513
-0.050057,0.057765,2.707380,0.369360,20.014950,10.612325,3.513517,2.622112,152.158119,6.215734,0.956218,0.030872,0.869640
-0.039026,0.060267,2.986942,0.334791,20.014547,12.192150,3.520216,2.606750,151.839997,6.688912,0.955362,0.033288,0.869055
-0.042299,0.060261,2.920448,0.350343,20.014923,11.657203,3.513009,2.596643,152.322530,6.596747,0.954981,0.032840,0.868661
-0.054632,0.055667,2.576346,0.396481,20.015167,9.800632,3.514525,2.616744,153.586754,5.523312,0.955761,0.027387,0.869244
-0.048374,0.060670,2.885238,0.349965,20.015178,10.544852,3.523850,2.605722,152.283073,6.067699,0.953917,0.030195,0.867606
-0.044761,0.062412,2.983406,0.340521,20.014843,10.862927,3.515249,2.597155,151.956188,6.188816,0.952978,0.030867,0.866793
-0.047408,0.063692,3.049381,0.327935,20.015353,11.315947,3.524319,2.625351,152.279854,6.433730,0.952689,0.032001,0.866498
-0.044778,0.061560,2.924366,0.346169,20.014987,10.975357,3.513089,2.631293,152.954681,5.859193,0.952756,0.029170,0.866661
-0.038566,0.064376,3.138730,0.322130,20.014525,12.264580,3.520132,2.602069,151.721495,6.240730,0.951647,0.031115,0.865629
-0.046158,0.065070,3.193541,0.313128,20.014962,11.292472,3.527119,2.610870,151.766991,6.348894,0.950742,0.031567,0.864711
-0.045922,0.065391,3.233395,0.309693,20.015217,11.484253,3.520314,2.626135,153.004554,6.307843,0.950472,0.031390,0.864547
-0.044862,0.065595,3.230036,0.309599,20.014723,11.404387,3.517608,2.604235,151.314295,6.184478,0.948546,0.030732,0.863957
-0.042580,0.070354,3.529007,0.290173,20.014525,11.856422,3.530184,2.605102,150.450658,6.476359,0.948243,0.032285,0.862554
-0.044127,0.070935,3.526386,0.283605,20.014578,11.702828,3.532046,2.603848,150.599059,6.671204,0.947559,0.033185,0.862028
-0.052656,0.067837,3.318766,0.306675,20.014860,9.927642,3.529736,2.608472,152.285241,6.077587,0.947721,0.030272,0.862138
-0.037633,0.073168,3.668570,0.272586,20.014415,12.175763,3.520279,2.588081,150.242837,6.438298,0.946420,0.032071,0.860988
-0.047533,0.075523,3.832268,0.262889,20.014532,10.512155,3.538247,2.600177,149.924399,6.409744,0.944894,0.031946,0.859482
-0.043315,0.076784,3.923445,0.256451,20.014415,11.567167,3.531850,2.607002,149.523820,6.640172,0.944323,0.033057,0.859128
-0.053631,0.072475,3.627944,0.275639,20.014562,9.931397,3.528823,2.607371,150.752242,6.077000,0.944546,0.030182,0.859292
-0.052503,0.079417,4.062725,0.246804,20.014843,9.964522,3.534312,2.601444,149.614086,6.256381,0.942571,0.031207,0.857380
-0.041589,0.080730,4.125765,0.244353,20.014005,12.003728,3.526538,2.603752,149.328784,6.585716,0.942403,0.032772,0.857468
-0.039387,0.085030,4.376013,0.000000,20.014548,12.705752,3.537863,2.604297,148.757919,6.646420,0.941393,0.033186,0.856426
-0.043219,0.083336,4.266362,0.238444,20.013998,11.622218,3.528830,2.624101,149.066114,6.578358,0.940863,0.032720,0.856050
-0.042552,0.087134,4.456679,0.000000,20.013910,11.769685,3.535870,2.596636,148.782567,6.668310,0.939845,0.033183,0.855074
-0.048411,0.090865,4.706505,0.000000,20.013897,10.741708,3.538072,2.573227,148.008477,6.632235,0.938156,0.032979,0.853500
-0.045909,0.095134,4.944308,0.000000,20.014003,11.797448,3.546145,2.610202,148.471733,6.817400,0.937456,0.033945,0.852986
-0.039325,0.094347,4.892682,0.000000,20.013790,12.186417,3.535107,2.595262,148.480920,6.476544,0.937241,0.032317,0.852818
-0.039454,0.093009,4.776952,0.000000,20.014017,12.514475,3.536250,2.596824,149.030003,6.452936,0.937138,0.032160,0.852737
-0.042162,0.093595,4.837334,0.000000,20.013908,11.607638,3.536179,2.611679,149.251514,6.297002,0.936506,0.031354,0.852015
-0.039818,0.091702,4.686958,0.216143,20.013682,11.427625,3.538495,2.603830,150.086193,6.022594,0.936494,0.029990,0.852104
-0.044034,0.097556,5.073829,0.000000,20.013907,11.090843,3.538334,2.613823,148.848381,6.234942,0.934734,0.031021,0.850326
-0.040452,0.098395,5.116473,0.000000,20.013843,11.518200,3.537565,2.606860,149.188211,6.191879,0.934387,0.030821,0.850131
-0.050019,0.099329,5.165919,0.000000,20.013588,10.303132,3.530719,2.609254,149.270960,6.001861,0.933488,0.029837,0.849231
-0.055606,0.100201,5.193105,0.000000,20.013790,9.008268,3.536454,2.612918,149.357898,5.756699,0.932468,0.028639,0.848132
-0.043498,0.105817,5.520120,0.000000,20.013590,10.903548,3.537924,2.606663,148.432701,5.977505,0.931811,0.029796,0.847755
-0.049248,0.107948,5.596184,0.000000,20.013672,10.652353,3.547387,2.598843,148.511888,6.134888,0.931079,0.030467,0.847047
-0.051457,0.108926,5.710744,0.000000,20.013922,10.432103,3.540418,2.604175,148.558488,5.995875,0.930452,0.029814,0.846444
-0.048915,0.110766,5.799076,0.000000,20.013272,10.202792,3.539909,2.615883,148.420998,5.887221,0.929829,0.029292,0.845937
-0.039428,0.117370,6.216353,0.000000,20.013052,11.638898,3.544186,2.603654,147.644865,5.994294,0.928834,0.029893,0.845084
-0.039238,0.122402,6.431416,0.000000,20.012805,11.830182,3.546429,2.603172,147.480037,6.120605,0.927921,0.030461,0.844255
-0.044795,0.123063,6.465833,0.000000,20.013272,10.878047,3.542342,2.603945,148.518065,5.954248,0.927137,0.029629,0.843487
-0.044211,0.122217,6.472160,0.000000,20.012910,11.014965,3.543253,2.598549,147.699193,5.893382,0.926764,0.029218,0.843135
-0.043889,0.134322,7.132829,0.000000,20.012793,10.706272,3.547762,2.596889,146.432477,5.833536,0.924964,0.029075,0.841541
-0.041642,0.139932,7.402664,0.000000,20.012495,11.318342,3.547725,2.595407,146.211129,5.975219,0.924076,0.029774,0.840839
-0.040195,0.140401,7.438599,0.000000,20.012620,11.498690,3.550506,2.587860,148.090885,5.966000,0.923869,0.029668,0.840743
-0.041468,0.137041,7.301806,0.000000,20.012167,11.168880,3.551637,2.595789,147.096765,5.868695,0.923436,0.029113,0.840269
-0.038737,0.158430,8.399881,0.000000,20.012403,11.625925,3.551769,2.570821,145.688116,5.952593,0.920745,0.029535,0.837876
-0.045531,-0.027726,-24.075553,0.000000,20.012055,10.400365,3.556880,2.600190,147.574640,5.717688,0.920911,0.028317,0.838149
-0.039870,0.172170,9.244183,0.000000,20.012068,10.967305,3.558450,2.600989,145.205304,5.699340,0.917967,0.028246,0.835312
-0.036635,0.172190,9.235870,0.000000,20.012003,11.968450,3.553913,2.578872,145.621598,5.700425,0.917830,0.028253,0.835320
-0.043489,0.187141,9.946223,0.000000,20.011762,9.831740,3.556637,2.583733,144.697623,5.143804,0.915272,0.025573,0.832752
