SCC,SCV,DVV,ICP,CCDT,CVCT,ACCV C,ACCV D,ECD,ECV,CCD,CCV,SoH
-0.034864,0.016361,0.338782,2.557873,20.008122,11.333372,3.449239,2.767583,178.195231,6.659509,1.072048,0.033302,0.974560
-0.036803,0.015716,0.383431,2.831533,20.007732,11.250103,3.448173,2.729070,178.441884,6.605287,1.073280,0.032842,0.975602
-0.036290,0.016338,0.367498,2.626699,20.007920,11.166715,3.450591,2.754037,178.574519,6.426637,1.073918,0.031997,0.976212
-0.035736,0.015446,0.387825,2.989182,20.008080,11.083588,3.445379,2.744164,178.682414,6.210282,1.074504,0.030987,0.976644
-0.037693,0.015477,0.362291,2.920012,20.008402,11.083405,3.446105,2.730948,178.788037,6.292583,1.074890,0.031305,0.976984
-0.035452,0.016141,0.371084,2.242370,20.008247,11.000202,3.450683,2.743716,178.803618,6.040949,1.075151,0.030189,0.977270
-0.035391,0.015198,0.370710,2.557706,20.008423,11.000160,3.444488,2.749604,178.863888,6.099031,1.075395,0.030364,0.977486
-0.038007,0.015522,0.346335,2.594859,20.008483,10.999968,3.447555,2.740144,178.889624,6.145889,1.075615,0.030555,0.977704
-0.034879,0.015879,0.320041,2.750135,20.008605,11.000052,3.446040,2.749079,178.906123,6.162336,1.075746,0.030634,0.977765
-0.035969,0.015576,0.351885,2.772629,20.008727,10.916843,3.447973,2.730935,178.731627,5.897222,1.074739,0.029424,0.977932
-0.035341,0.015132,0.350160,2.658805,20.009000,10.916760,3.444523,2.761868,178.964237,5.932630,1.076155,0.029572,0.978101
-0.036651,0.015729,0.340158,2.989554,20.008592,10.916760,3.446682,2.737068,178.986155,5.964818,1.076297,0.029689,0.978259
-0.036477,0.015416,0.359509,2.645858,20.008738,10.916633,3.445854,2.747785,178.995436,5.981759,1.076395,0.029787,0.978369
-0.037310,0.015389,0.332992,2.776504,20.008853,10.916683,3.446458,2.730539,179.002109,6.018127,1.076523,0.029916,0.978500
-0.038174,0.015788,0.352489,2.875207,20.008668,10.916787,3.447067,2.732718,179.021245,6.040639,1.076592,0.029969,0.978540
-0.034472,0.015693,0.356469,2.958096,20.008975,10.916615,3.445635,2.736213,179.020031,6.045291,1.076740,0.030033,0.978617
-0.037768,0.015522,0.343681,2.687245,20.009198,10.916713,3.445444,2.752172,179.031449,6.062837,1.076819,0.030119,0.978678
-0.036767,0.015414,0.342485,3.817599,20.009258,10.833383,3.446723,2.751863,179.038713,5.783488,1.076898,0.028846,0.978798
-0.035083,0.015305,0.342041,2.832554,20.008920,10.833340,3.445649,2.745038,179.024312,5.782321,1.076930,0.028867,0.978833
-0.034752,0.014777,0.325682,3.126423,20.009105,10.833265,3.444806,2.741908,179.025785,5.800270,1.076999,0.028898,0.978877
-0.035164,0.015243,0.329629,2.979067,20.009523,10.833380,3.446979,2.734125,179.056672,5.815890,1.077132,0.028969,0.978961
-0.035901,0.014812,0.331539,3.097846,20.009218,10.833440,3.443686,2.751741,179.044085,5.831533,1.077149,0.029036,0.979043
-0.033653,0.015443,0.334560,2.655729,20.009775,10.833367,3.446074,2.748463,179.034461,5.818607,1.077099,0.028997,0.979021
-0.037337,0.014771,0.308094,3.040582,20.009758,10.833345,3.442966,2.742477,179.011292,5.837031,1.077148,0.029034,0.979052
-0.036055,0.015405,0.350877,3.320582,20.009345,10.833385,3.446928,2.746469,178.988048,5.836490,1.077188,0.029038,0.979060
-0.035082,0.015156,0.341224,2.390248,20.009440,10.833247,3.445426,2.746703,179.011524,5.858516,1.077286,0.029135,0.979161
-0.036965,0.014598,0.353051,3.064475,20.009253,10.833432,3.444531,2.745949,178.991503,5.850336,1.077274,0.029102,0.979145
-0.035496,0.014888,0.344322,2.986743,20.009643,10.833343,3.444493,2.748820,178.989568,5.854938,1.077334,0.029119,0.979166
-0.037986,0.014800,0.298752,3.049031,20.009290,10.833292,3.444111,2.725272,179.004775,5.883958,1.077465,0.029219,0.979266
-0.034333,0.015100,0.323481,2.948978,20.009683,10.833278,3.445495,2.754778,178.958290,5.881452,1.077421,0.029206,0.979243
-0.037745,0.015031,0.358882,3.582140,20.009518,10.833278,3.445602,2.723921,178.959757,5.900552,1.077412,0.029265,0.979307
-0.037844,0.015160,0.335452,4.170535,20.009895,10.833467,3.445227,2.740845,178.969660,5.892846,1.077473,0.029243,0.979285
-0.038238,0.015564,0.307357,2.921669,20.009983,10.833335,3.447468,2.754758,178.966345,5.896924,1.077463,0.029263,0.979311
-0.035774,0.015116,0.300784,3.323663,20.009910,10.833448,3.445802,2.742427,178.946491,5.893522,1.077474,0.029245,0.979295
-0.039396,0.015294,0.334042,3.107641,20.009800,10.833372,3.446675,2.757221,178.938910,5.895497,1.077489,0.029249,0.979280
-0.037445,0.015823,0.340575,2.935011,20.010063,10.833502,3.449260,2.746852,178.924508,5.895123,1.077490,0.029275,0.979306
-0.038437,0.015988,0.312816,3.413220,20.009690,10.833142,3.450333,2.749576,178.916173,5.901645,1.077464,0.029294,0.979317
-0.035120,0.015102,0.339217,3.178549,20.010020,10.833352,3.446075,2.734770,178.890187,5.896976,1.077449,0.029242,0.979279
-0.036616,0.015515,0.346152,3.464621,20.009978,10.833365,3.446409,2.736295,178.878476,5.892465,1.077462,0.029234,0.979266
-0.038666,0.015115,0.338889,2.711336,20.009842,10.833398,3.444614,2.728030,178.872102,5.900699,1.077496,0.029264,0.979317
-0.038910,0.015736,0.347336,3.411044,20.010177,10.833328,3.446650,2.733509,178.864628,5.895428,1.077511,0.029229,0.979262
-0.037263,0.015002,0.327613,2.932379,20.010308,10.833318,3.444484,2.749456,178.829498,5.895402,1.077472,0.029272,0.979299
-0.034295,0.015076,0.317814,3.716825,20.010403,10.750163,3.445941,2.745937,178.835970,5.600814,1.077508,0.027933,0.979318
-0.035540,0.015321,0.337617,3.071886,20.009837,10.749968,3.445041,2.749969,178.815972,5.604441,1.077549,0.027955,0.979378
-0.035009,0.015434,0.270832,5.496324,20.010417,10.749943,3.447018,2.728230,178.801812,5.605667,1.077553,0.027955,0.979363
-0.036353,0.015619,0.305943,3.745958,20.010248,10.750182,3.448443,2.744459,178.792635,5.602803,1.077524,0.027946,0.979350
-0.037225,0.015086,0.319942,2.966027,20.010240,10.750047,3.446464,2.739719,178.782724,5.606354,1.077629,0.027969,0.979376
-0.037633,0.015324,0.330763,2.990728,20.010293,10.750143,3.446926,2.730958,178.737190,5.602354,1.077530,0.027958,0.979370
-0.034826,0.015282,0.338771,3.050329,20.010423,10.749995,3.448234,2.724430,178.722286,5.596057,1.077492,0.027887,0.979294
-0.036525,0.014759,0.332653,2.538408,20.010567,10.750010,3.444536,2.739241,178.712295,5.601108,1.077517,0.027899,0.979329
-0.034094,0.014870,0.363453,2.720779,20.009977,10.750025,3.443122,2.739129,179.237536,5.664575,1.077949,0.028243,0.979670
-0.036695,0.014155,0.286402,3.304777,20.009732,10.666845,3.440762,2.750400,179.554126,5.515069,1.078590,0.027378,0.980372
-0.035788,0.015009,0.295055,3.871429,20.009558,10.583500,3.444497,2.727774,179.706040,5.278328,1.078911,0.026305,0.980616
-0.035381,0.014281,0.324272,3.010722,20.009573,10.583342,3.441737,2.731028,179.797768,5.313276,1.079061,0.026425,0.980806
-0.034841,0.015077,0.301210,3.187458,20.009482,10.583320,3.443403,2.724497,179.832478,5.325602,1.079221,0.026467,0.980874
-0.036516,0.014338,0.320402,2.932495,20.009828,10.583432,3.440495,2.743898,179.520119,5.340001,1.079192,0.026534,0.980930
-0.036992,0.014702,0.344733,3.136056,20.010292,10.750062,3.442731,2.750126,178.688090,5.685386,1.077963,0.028242,0.979747
-0.036295,0.015221,0.307156,3.308081,20.010385,10.750077,3.446311,2.731585,178.606947,5.639153,1.077784,0.028095,0.979542
-0.035645,0.014844,0.350426,2.835542,20.010335,10.750122,3.446463,2.733558,178.591681,5.634603,1.077727,0.028039,0.979491
-0.033676,0.015404,0.354600,3.080052,20.010788,10.749942,3.447925,2.738371,178.575012,5.625961,1.077685,0.028019,0.979470
-0.037449,0.015155,0.339147,3.228605,20.010600,10.750023,3.445766,2.731767,178.565667,5.613505,1.077644,0.027970,0.979430
-0.037427,0.014607,0.331151,2.856679,20.010758,10.750112,3.445227,2.742682,178.546223,5.616331,1.077635,0.027954,0.979405
-0.034940,0.015768,0.335544,3.101501,20.011057,10.750128,3.449255,2.730899,178.515021,5.616352,1.077623,0.027958,0.979408
-0.035861,0.015618,0.353409,2.341818,20.010602,10.750085,3.449377,2.734228,178.499328,5.604754,1.077546,0.027914,0.979377
-0.034232,0.015103,0.341482,2.733315,20.010580,10.750180,3.446519,2.729923,178.476653,5.598984,1.077552,0.027893,0.979359
-0.036612,0.015749,0.317746,3.146745,20.010722,10.750093,3.448526,2.753193,178.464090,5.596131,1.077563,0.027871,0.979342
-0.036556,0.015243,0.338614,3.013224,20.010548,10.750065,3.448591,2.744427,178.446181,5.587947,1.077493,0.027842,0.979324
-0.035868,0.015065,0.334221,2.949710,20.010425,10.750155,3.445113,2.729503,178.429767,5.596244,1.077505,0.027848,0.979298
-0.033832,0.015841,0.333903,2.991060,20.010605,10.750022,3.450690,2.733317,178.399757,5.585912,1.077514,0.027845,0.979298
-0.034319,0.014911,0.344264,2.947200,20.010922,10.750113,3.445770,2.736320,178.393925,5.583791,1.077488,0.027807,0.979266
-0.037313,0.015589,0.346569,2.918408,20.010520,10.750180,3.449467,2.734033,178.371493,5.579950,1.077447,0.027811,0.979269
-0.034563,0.015275,0.338328,3.143615,20.010830,10.749887,3.450347,2.743706,178.353104,5.590460,1.077498,0.027850,0.979320
-0.036285,0.015734,0.351897,3.362137,20.010972,10.750107,3.449521,2.733380,178.349211,5.582646,1.077533,0.027825,0.979283
-0.034451,0.015609,0.330302,2.844042,20.010760,10.749968,3.449030,2.714994,178.319407,5.585899,1.077449,0.027804,0.979273
-0.034372,0.015236,0.348004,3.092085,20.010973,10.750140,3.448197,2.737577,178.302508,5.572886,1.077423,0.027759,0.979218
-0.035027,0.015191,0.337453,2.870006,20.010682,10.749902,3.447105,2.748083,178.271938,5.567262,1.077409,0.027737,0.979224
-0.036811,0.015120,0.336319,3.859365,20.010895,10.750170,3.447034,2.737095,178.256598,5.566139,1.077413,0.027742,0.979211
-0.035801,0.015383,0.298389,3.338270,20.011052,10.750060,3.445989,2.734932,178.246482,5.571461,1.077397,0.027733,0.979212
-0.035797,0.015172,0.351493,2.792534,20.010472,10.750038,3.447203,2.731693,178.228925,5.567077,1.077366,0.027721,0.979176
-0.037307,0.015658,0.356599,3.012067,20.010808,10.749943,3.446499,2.710190,178.189908,5.546582,1.077295,0.027643,0.979105
-0.038024,0.014879,0.363000,3.845135,20.010312,10.750078,3.445606,2.722239,178.172863,5.538423,1.077251,0.027613,0.979070
-0.036502,0.015901,0.351611,3.579078,20.010482,10.749952,3.449622,2.743277,178.149880,5.532146,1.077232,0.027581,0.979046
-0.033624,0.015709,0.357295,2.999095,20.010280,10.750020,3.448527,2.729160,178.148285,5.534063,1.077209,0.027572,0.979020
-0.036494,0.015078,0.340146,2.939298,20.010590,10.750052,3.447643,2.744655,178.122608,5.522980,1.077188,0.027544,0.979009
-0.035774,0.014988,0.361901,2.931362,20.010867,10.750072,3.446709,2.724591,178.106742,5.530773,1.077188,0.027560,0.979013
-0.035730,0.015603,0.329946,2.899734,20.010572,10.750007,3.447456,2.734653,178.087218,5.516103,1.077137,0.027509,0.978954
-0.034271,0.015144,0.325141,2.736596,20.010267,10.749978,3.447625,2.731110,178.079846,5.523833,1.077144,0.027533,0.978977
-0.033361,0.015163,0.357656,3.088664,20.010025,10.750090,3.446673,2.736731,178.077422,5.513697,1.077102,0.027484,0.978932
-0.036969,0.015173,0.328735,2.994492,20.010848,10.750117,3.446574,2.745933,178.053642,5.510211,1.077107,0.027480,0.978929
-0.034797,0.015173,0.360070,2.963629,20.010747,10.750028,3.445386,2.740242,178.044019,5.515000,1.077097,0.027466,0.978923
-0.037087,0.015749,0.338098,2.805605,20.010723,10.750098,3.449508,2.731231,178.031241,5.508500,1.077090,0.027483,0.978945
-0.034220,0.015336,0.364867,4.837896,20.010615,10.750002,3.447355,2.735467,178.009917,5.506693,1.077055,0.027417,0.978878
-0.035209,0.015456,0.336386,3.006056,20.010497,10.750155,3.448503,2.722100,177.995323,5.502546,1.077078,0.027448,0.978915
-0.036877,0.014638,0.360962,2.850570,20.010905,10.833532,3.446715,2.730014,177.987391,5.749745,1.077090,0.028505,0.978599
-0.034435,0.015108,0.361228,3.998024,20.010813,10.833462,3.446285,2.729375,177.976385,5.804064,1.077072,0.028772,0.978891
-0.036257,0.015916,0.310288,2.671059,20.011043,10.833438,3.450078,2.728549,177.958497,5.801892,1.077042,0.028779,0.978867
-0.038760,0.015781,0.334676,3.154064,20.011113,10.832597,3.449979,2.728672,177.939760,5.788622,1.077011,0.028721,0.978831
-0.035377,0.015084,0.344386,2.437820,20.011203,10.833358,3.447393,2.725646,177.926817,5.784863,1.077003,0.028713,0.978828
-0.038096,0.016257,0.258809,6.353910,20.011282,10.833350,3.451549,2.736682,177.910508,5.792253,1.076972,0.028710,0.978818
-0.038361,0.015103,0.352015,3.809259,20.001202,10.833588,3.446896,2.729024,177.900682,5.786829,1.076967,0.028703,0.978779
-0.037313,0.015168,0.356133,2.854025,20.011325,10.833462,3.446798,2.734379,177.877142,5.790000,1.076958,0.028701,0.978796
-0.037054,0.015411,0.342957,3.953955,19.956303,10.833318,3.446638,2.736837,177.872256,5.780369,1.076907,0.028685,0.978764
-0.040390,0.015709,0.367511,3.287702,19.961470,10.833360,3.448833,2.736775,177.848918,5.766804,1.076901,0.028636,0.978727
-0.035165,0.015859,0.349349,3.702438,19.936795,10.833483,3.451966,2.737007,177.811446,5.772395,1.076832,0.028590,0.978686
-0.037244,0.014856,0.273373,3.221481,19.962572,10.833480,3.446196,2.742583,177.807884,5.759277,1.076831,0.028570,0.978664
-0.036208,0.015558,0.312579,3.014021,20.011345,10.833373,3.448419,2.731838,177.782202,5.753381,1.076819,0.028538,0.978626
-0.040378,0.015953,0.346502,2.821636,19.928402,10.833503,3.452167,2.743120,177.756003,5.756732,1.076757,0.028539,0.978628
-0.036946,0.014934,0.346117,3.956060,19.982972,10.833383,3.446647,2.740938,177.745889,5.741955,1.076711,0.028462,0.978566
-0.036133,0.015178,0.343167,3.577528,20.011095,10.833290,3.449060,2.745095,177.701515,5.737854,1.076682,0.028445,0.978554
-0.037157,0.015320,0.322235,3.223692,19.989013,10.833435,3.448878,2.732829,177.695111,5.728204,1.076658,0.028397,0.978527
-0.036081,0.015508,0.357466,2.737842,20.010878,10.833430,3.449394,2.727240,177.761077,5.748972,1.076763,0.028497,0.978590
-0.039156,0.016227,0.338991,2.786164,20.011310,10.833330,3.452093,2.720763,177.694037,5.744310,1.076705,0.028477,0.978572
-0.035084,0.014974,0.360174,2.634117,19.967553,10.833355,3.447723,2.742217,177.652070,5.728587,1.076655,0.028411,0.978546
-0.037084,0.015259,0.359025,2.621604,19.974338,10.833312,3.449220,2.729506,177.647336,5.721673,1.076631,0.028387,0.978501
-0.039733,0.014783,0.342255,3.021385,19.990602,10.833332,3.447024,2.728049,177.630898,5.720866,1.076624,0.028375,0.978477
-0.037719,0.015055,0.359556,2.865539,19.949095,10.833330,3.447530,2.741143,177.607422,5.721462,1.076587,0.028367,0.978487
-0.035932,0.014727,0.355547,3.247575,19.965880,10.833422,3.446390,2.729027,177.592856,5.712633,1.076573,0.028312,0.978449
-0.038365,0.015407,0.364744,2.397190,19.932362,10.833517,3.449242,2.730986,177.583017,5.703822,1.076546,0.028303,0.978444
-0.038887,0.015705,0.346827,2.408459,20.009370,10.833320,3.450154,2.716754,177.574079,5.713621,1.076580,0.028306,0.978415
-0.036916,0.015320,0.358184,2.286609,19.934962,10.833398,3.448533,2.732859,177.557997,5.712910,1.076530,0.028306,0.978414
-0.035983,0.015483,0.369606,3.274550,19.990388,10.833325,3.449335,2.723290,177.545695,5.699375,1.076517,0.028266,0.978372
-0.036205,0.015369,0.349666,2.976868,19.943358,10.833323,3.448885,2.735571,177.521580,5.683660,1.076486,0.028231,0.978373
-0.037768,0.014943,0.349975,2.854314,19.921025,10.833508,3.447627,2.736881,177.497431,5.668013,1.076386,0.028170,0.978294
-0.034991,0.015514,0.379900,2.660911,19.987680,10.833308,3.449029,2.725094,177.481762,5.663543,1.076384,0.028142,0.978259
-0.037504,0.015503,0.363594,2.981390,19.912278,10.833400,3.449519,2.724402,177.455166,5.663339,1.076354,0.028144,0.978263
-0.039685,0.015492,0.354984,3.091908,19.952002,10.833238,3.448979,2.733422,177.452725,5.670367,1.076346,0.028130,0.978259
-0.036352,0.015167,0.329420,3.034684,19.975948,10.833382,3.449077,2.735991,177.430321,5.656332,1.076277,0.028075,0.978220
-0.033892,0.015015,0.357549,2.807369,19.960720,10.833435,3.448775,2.734412,177.406802,5.643490,1.076237,0.028029,0.978169
-0.036369,0.016350,0.347912,2.787160,19.962043,10.833288,3.449745,2.722781,177.386731,5.634318,1.076187,0.028010,0.978139
-0.038646,0.015556,0.368729,2.465277,19.955318,10.833343,3.449855,2.722765,177.373925,5.623014,1.076165,0.027953,0.978080
-0.037391,0.015376,0.366928,2.523884,19.979497,10.833320,3.449211,2.736592,177.354077,5.621916,1.076138,0.027937,0.978055
-0.037192,0.015106,0.346324,2.887946,19.985900,10.833307,3.449623,2.725543,177.327810,5.617296,1.076095,0.027915,0.978046
-0.036204,0.015150,0.383714,2.140842,19.922200,10.833400,3.447798,2.736136,177.317740,5.606666,1.076064,0.027899,0.978010
-0.036949,0.015803,0.363726,3.137485,20.011692,10.833290,3.449073,2.720379,177.295519,5.592056,1.076064,0.027843,0.977975
-0.036691,0.016064,0.366540,3.019668,19.911980,10.833438,3.451874,2.738162,177.279471,5.593338,1.075998,0.027842,0.977956
-0.034290,0.015709,0.371518,2.691571,19.882930,10.833518,3.449531,2.727390,177.266745,5.536205,1.075999,0.027579,0.977668
-0.035363,0.016155,0.365950,2.728948,19.847620,10.833265,3.452741,2.729857,177.246578,5.575481,1.075931,0.027756,0.977890
-0.036100,0.015773,0.403341,2.652860,19.918058,10.833453,3.450189,2.717712,177.240741,5.573402,1.075920,0.027744,0.977854
-0.037123,0.015376,0.338344,2.880856,19.873797,10.833265,3.447579,2.735448,177.254417,5.578247,1.075892,0.027731,0.977847
-0.035264,0.015638,0.391632,2.711566,19.865440,10.833355,3.449824,2.747231,177.261580,5.582415,1.075931,0.027752,0.977888
-0.035437,0.015630,0.374821,2.927765,19.890303,10.833463,3.449551,2.725969,177.202008,5.569561,1.075862,0.027705,0.977817
-0.036748,0.015733,0.381644,3.035147,19.849248,10.833587,3.450375,2.720907,177.179262,5.557788,1.075801,0.027690,0.977792
-0.036316,0.015632,0.376964,3.105832,19.893053,10.833400,3.450538,2.743060,177.162350,5.551867,1.075808,0.027641,0.977744
-0.037284,0.015497,0.378594,2.901102,19.873543,10.833498,3.449571,2.726359,177.144504,5.545558,1.075740,0.027624,0.977747
-0.034877,0.015549,0.369018,2.572113,19.887788,10.833423,3.449970,2.739243,177.138280,5.543091,1.075710,0.027605,0.977699
-0.035222,0.016312,0.361450,2.756986,19.872608,10.833205,3.452077,2.721122,177.169602,5.544475,1.075662,0.027539,0.977618
-0.036882,0.015939,0.383035,2.440547,19.915615,10.833230,3.452112,2.775748,179.749250,5.548076,1.075682,0.027538,0.977626
-0.035482,0.015442,0.389144,2.453233,19.918067,10.833348,3.450102,2.737203,177.161323,5.529643,1.075698,0.027545,0.977645
-0.033278,0.015974,0.365735,3.010546,19.910463,10.833423,3.450869,2.729989,177.146504,5.521467,1.075630,0.027503,0.977592
-0.035732,0.015637,0.357938,2.793323,19.860235,10.833462,3.449581,2.721381,177.109675,5.510161,1.075556,0.027463,0.977534
-0.035891,0.016399,0.372987,3.210109,19.858423,10.833345,3.452658,2.723902,177.077912,5.503584,1.075526,0.027423,0.977491
-0.037104,0.015528,0.370708,2.787943,19.898410,10.833418,3.449085,2.740742,177.069308,5.499078,1.075542,0.027414,0.977485
-0.039045,0.016007,0.368211,3.587333,19.868212,10.916772,3.450347,2.731608,177.043872,5.798528,1.075515,0.028784,0.977496
-0.037419,0.015520,0.395041,2.837051,19.904360,10.916773,3.448460,2.727429,177.009424,5.793776,1.075500,0.028759,0.977458
-0.039513,0.016322,0.362747,2.532154,19.887558,10.916720,3.452577,2.725026,176.986479,5.800705,1.075425,0.028775,0.977457
-0.038868,0.016282,0.387645,2.626395,19.950932,10.916692,3.453318,2.722799,176.978065,5.784601,1.075463,0.028688,0.977379
-0.036867,0.015863,0.382454,2.683313,19.934350,10.916673,3.451869,2.731372,176.955319,5.780462,1.075369,0.028662,0.977362
-0.040258,0.015447,0.377395,2.774655,19.875425,10.916858,3.449382,2.738168,176.943094,5.772821,1.075364,0.028645,0.977356
-0.035888,0.015871,0.391267,2.772496,19.910067,10.916783,3.449947,2.734102,176.914354,5.769453,1.075312,0.028603,0.977307
-0.039053,0.015481,0.399725,2.226306,19.870625,10.916678,3.450859,2.727190,176.901006,5.763092,1.075264,0.028565,0.977274
-0.038139,0.015185,0.371551,2.503702,19.906240,10.916823,3.448720,2.722534,176.887913,5.758194,1.075252,0.028527,0.977258
-0.037751,0.015704,0.372960,2.504985,19.860702,10.916703,3.452156,2.722309,176.867709,5.746236,1.075182,0.028492,0.977202
-0.038121,0.016202,0.383443,2.408224,19.838115,10.916775,3.452923,2.729558,176.865898,5.732807,1.075138,0.028451,0.977163
-0.035626,0.015387,0.407681,2.740108,19.842713,10.916688,3.449843,2.720273,176.861774,5.731182,1.075108,0.028401,0.977112
-0.038639,0.015518,0.384160,3.258896,19.865273,10.916890,3.448911,2.719638,176.867974,5.725191,1.075100,0.028398,0.977129
-0.038413,0.015730,0.382629,2.459059,19.853073,10.916815,3.450687,2.741670,176.891142,5.734927,1.075071,0.028404,0.977112
-0.036402,0.015384,0.356543,2.804710,19.868900,10.916857,3.450673,2.720667,177.018683,5.744711,1.075192,0.028489,0.977194
-0.035000,0.015513,0.370230,2.952313,19.924585,10.833343,3.450780,2.732667,177.157605,5.465692,1.075400,0.027202,0.977328
-0.036262,0.015307,0.360071,3.083206,19.901253,10.833367,3.450583,2.729452,177.117505,5.461285,1.075375,0.027199,0.977339
-0.036810,0.015956,0.385843,1.985842,19.833100,10.833425,3.450242,2.729820,177.006903,5.454763,1.075286,0.027176,0.977309
-0.038068,0.016142,0.375177,2.476189,19.895032,10.916712,3.451230,2.721585,176.847094,5.724497,1.075107,0.028373,0.977090
-0.038351,0.015650,0.383584,3.168587,19.841287,10.916630,3.450695,2.731970,176.721420,5.683356,1.074933,0.028213,0.976952
-0.037162,0.015204,0.381234,3.714331,19.780095,10.916730,3.449531,2.721133,176.698474,5.677578,1.074829,0.028202,0.976927
-0.036904,0.015763,0.402386,4.044347,19.825025,10.916705,3.452002,2.722782,176.774639,5.669542,1.074806,0.028140,0.976889
-0.038162,0.015788,0.396258,2.731404,19.845762,10.916773,3.450698,2.714946,176.938728,5.700924,1.075011,0.028289,0.977011
-0.036228,0.016044,0.364230,3.277418,19.909232,10.833450,3.452764,2.730022,177.054039,5.432791,1.075173,0.027045,0.977167
-0.034499,0.015370,0.363807,2.731511,19.896892,10.833435,3.448038,2.721102,177.092780,5.430179,1.075180,0.027039,0.977187
-0.037258,0.016329,0.379954,2.585719,19.889433,10.916760,3.453220,2.714285,177.099855,5.518120,1.075258,0.027444,0.976218
-0.038113,0.016614,0.357525,2.745998,19.906118,10.833387,3.453782,2.717963,177.064603,5.435543,1.075202,0.027048,0.977198
-0.034993,0.015621,0.387886,2.203721,19.913582,10.833347,3.451453,2.732056,176.997662,5.422595,1.075130,0.026990,0.977129
-0.035894,0.015616,0.350080,3.798310,19.849713,10.916718,3.448991,2.726923,176.912860,5.707833,1.074973,0.028286,0.977021
-0.036660,0.015729,0.379182,2.700035,19.843670,10.916680,3.451079,2.744057,176.725436,5.680709,1.074856,0.028132,0.976875
-0.039846,0.015769,0.361397,2.564730,19.841735,10.916707,3.452518,2.731837,176.539109,5.611037,1.074569,0.027925,0.976645
-0.035762,0.016125,0.387567,2.644340,19.798625,10.916760,3.452316,2.721909,176.515819,5.604157,1.074524,0.027896,0.976604
-0.035137,0.015925,0.395005,3.066413,19.783233,10.916577,3.451850,2.726709,176.502201,5.588722,1.074457,0.027827,0.976561
-0.035520,0.016014,0.398227,3.331892,19.782352,10.916710,3.451373,2.741778,176.483841,5.578627,1.074408,0.027784,0.976502
-0.035704,0.015947,0.399000,2.396317,19.829953,10.916678,3.452199,2.721583,176.487762,5.573410,1.074380,0.027741,0.976443
-0.034413,0.015799,0.385720,2.713993,19.853835,10.916732,3.453822,2.740477,176.452228,5.566953,1.074344,0.027708,0.976409
-0.035954,0.015982,0.420964,2.523784,19.847102,10.916638,3.453759,2.719908,176.455128,5.562014,1.074324,0.027719,0.976434
-0.034318,0.016521,0.400081,2.972339,19.838158,10.916598,3.453870,2.734410,176.428372,5.545258,1.074241,0.027640,0.976324
-0.036775,0.015753,0.362777,3.164380,19.797598,10.916682,3.453388,2.720418,176.415723,5.548023,1.074214,0.027622,0.976301
-0.035297,0.015688,0.387893,2.245338,19.802530,10.916637,3.452732,2.720256,176.422824,5.539845,1.074204,0.027597,0.976282
-0.033058,0.016170,0.406713,2.630906,19.844635,10.916700,3.453684,2.731847,176.437085,5.537768,1.074171,0.027576,0.976268
-0.037360,0.015843,0.398043,2.480117,19.842757,10.916705,3.451564,2.733347,176.480870,5.540077,1.074204,0.027584,0.976299
-0.034499,0.015758,0.391923,3.295426,19.870843,10.916735,3.451484,2.727042,176.579585,5.536294,1.074241,0.027573,0.976329
-0.036514,0.015860,0.407338,2.104249,19.953067,10.916607,3.452458,2.723614,176.718949,5.577392,1.074433,0.027703,0.976454
-0.036207,0.015841,0.362811,2.606592,19.858195,10.916785,3.450149,2.735557,176.755733,5.602639,1.074481,0.027797,0.976565
-0.036676,0.016104,0.404885,2.548806,19.905343,10.916665,3.452897,2.733335,176.670913,5.583783,1.074439,0.027734,0.976506
-0.033720,0.015846,0.398954,2.313093,19.807383,10.916598,3.451567,2.719574,176.501091,5.544772,1.074223,0.027566,0.976316
-0.034399,0.016526,0.407609,2.731956,19.822787,10.916813,3.453451,2.726051,176.354819,5.518603,1.074070,0.027473,0.976171
-0.037836,0.016587,0.414608,2.663578,19.853280,11.000003,3.455730,2.719027,176.283646,5.802987,1.073931,0.028763,0.976048
-0.039832,0.016649,0.392341,3.252323,19.793230,10.999908,3.454708,2.724182,176.361740,5.791322,1.073852,0.028686,0.975989
-0.036335,0.015758,0.398102,3.196813,19.822392,10.916707,3.451290,2.718988,176.608431,5.521214,1.074085,0.027446,0.976175
-0.037801,0.016148,0.374761,3.211368,19.978430,10.916823,3.452133,2.728723,176.784940,5.548623,1.074356,0.027559,0.976345
-0.039090,0.016011,0.402483,2.629149,19.888438,10.916652,3.453705,2.727849,176.861272,5.594981,1.074403,0.027698,0.976469
-0.040133,0.016488,0.366117,2.520495,19.951130,10.916842,3.452793,2.723592,176.923832,5.600049,1.074511,0.027720,0.976505
-0.037951,0.016538,0.395541,2.515969,19.900078,10.916863,3.454487,2.727534,176.906159,5.607625,1.074472,0.027751,0.976524
-0.037375,0.016151,0.363845,2.908338,19.955945,10.916745,3.453171,2.722298,176.868471,5.587164,1.074471,0.027684,0.976470
-0.038890,0.016134,0.407880,2.705012,19.954025,10.916798,3.453348,2.727733,176.782085,5.568952,1.074353,0.027606,0.976389
-0.033452,0.016230,0.393998,2.788491,19.882145,10.916717,3.451958,2.723338,176.631996,5.537458,1.074242,0.027501,0.976275
-0.037991,0.016303,0.396151,2.473010,19.879212,10.916720,3.457182,2.720550,176.290392,5.476744,1.073823,0.027260,0.975958
-0.036239,0.016365,0.429045,2.483347,19.859703,11.000123,3.454832,2.702001,176.108058,5.703884,1.073542,0.028354,0.975668
-0.036089,0.016079,0.423797,2.500410,19.786020,11.000077,3.454985,2.725766,176.093646,5.698991,1.073461,0.028313,0.975643
-0.037799,0.016342,0.383307,2.431562,19.889532,11.000113,3.455174,2.733812,176.072762,5.676368,1.073417,0.028225,0.975566
-0.036632,0.016619,0.377183,2.448780,19.825810,11.000165,3.456785,2.722194,176.054192,5.672111,1.073351,0.028219,0.975519
-0.039311,0.016561,0.363063,2.318700,19.887908,10.999852,3.455338,2.732762,176.034202,5.650125,1.073284,0.028113,0.975458
-0.036103,0.016119,0.409197,2.483834,19.797033,11.000100,3.454749,2.729986,176.008321,5.646216,1.073189,0.028076,0.975390
-0.035785,0.016667,0.403350,2.666061,19.843472,11.000067,3.455550,2.723235,175.993774,5.631518,1.073156,0.028017,0.975339
-0.035962,0.016926,0.416743,2.561390,19.808918,11.000118,3.457165,2.728663,175.998802,5.622884,1.073123,0.027979,0.975274
-0.035223,0.016667,0.422646,2.686823,19.781080,11.083262,3.456405,2.730159,175.987781,5.715491,1.073121,0.028373,0.974302
-0.037387,0.016412,0.398717,3.816496,19.838105,11.000055,3.455234,2.736324,176.016198,5.617854,1.073100,0.027943,0.975294
-0.035833,0.016366,0.401856,2.517840,19.788188,11.000083,3.454186,2.716389,176.061080,5.622733,1.073112,0.027948,0.975278
-0.037627,0.016379,0.410348,2.426969,19.848112,11.000003,3.456863,2.744544,176.139523,5.627296,1.073162,0.027949,0.975288
-0.040284,0.016120,0.402621,2.530512,19.921677,11.000087,3.453801,2.723897,176.265417,5.661872,1.073305,0.028056,0.975401
-0.037175,0.016325,0.392052,2.534247,19.837688,10.999972,3.453750,2.723500,176.356319,5.678644,1.073412,0.028175,0.975528
-0.040202,0.016662,0.411683,2.414401,19.875795,10.999992,3.456293,2.725117,176.246587,5.676298,1.073371,0.028138,0.975495
-0.036738,0.016569,0.409424,2.825088,19.750165,11.000170,3.456202,2.733966,176.051526,5.629345,1.073121,0.027951,0.975314
-0.036821,0.016222,0.407447,2.477212,19.755618,11.000202,3.453629,2.713547,175.877771,5.581669,1.072903,0.027771,0.975094
-0.035656,0.016654,0.433374,2.389498,19.754298,11.000100,3.456111,2.719284,175.788414,5.562456,1.072720,0.027685,0.974981
-0.038585,0.016458,0.412905,2.466301,19.773848,11.083285,3.455259,2.721425,175.774376,5.843303,1.072646,0.028999,0.974905
-0.038382,0.017148,0.377781,2.810265,19.797288,11.000145,3.456777,2.714546,175.905021,5.551027,1.072721,0.027624,0.974926
-0.037089,0.016677,0.417652,2.397202,19.886615,10.916812,3.456025,2.721318,176.040081,5.552479,1.072884,0.027685,0.975047
-0.039739,0.016866,0.418867,2.673604,19.838123,11.000057,3.454313,2.714478,176.138192,5.591300,1.072963,0.027773,0.975167
-0.038527,0.016271,0.384821,2.393046,19.862930,11.000217,3.454757,2.738612,176.183063,5.618450,1.073038,0.027840,0.975230
-0.039864,0.016262,0.406817,2.814383,19.831603,11.000065,3.454219,2.719112,176.172623,5.610999,1.073008,0.027818,0.975213
-0.040686,0.016452,0.416302,2.495933,19.774955,11.000125,3.452897,2.707177,176.126429,5.602180,1.072935,0.027777,0.975154
-0.037443,0.016709,0.396585,2.808797,19.833155,11.000005,3.456957,2.723220,176.084830,5.584526,1.072918,0.027716,0.975106
-0.035845,0.016847,0.402719,2.482777,19.817102,11.000055,3.457203,2.723345,176.013173,5.563530,1.072852,0.027657,0.975045
-0.036147,0.016551,0.413773,3.054793,19.794902,11.000097,3.456269,2.719562,175.744118,5.525933,1.072550,0.027521,0.974847
-0.038663,0.016271,0.402673,2.274724,19.784508,11.083358,3.453045,2.712510,175.599935,5.778230,1.072282,0.028673,0.974579
-0.038613,0.016263,0.405942,2.299082,19.721698,11.083352,3.453763,2.717420,175.600733,5.764299,1.072235,0.028583,0.974517
-0.039017,0.016869,0.429287,2.342208,19.741008,11.083373,3.456926,2.723471,175.584119,5.754953,1.072205,0.028586,0.974501
-0.039333,0.016933,0.424898,2.347894,19.793342,11.083338,3.457519,2.717737,175.549879,5.734569,1.072149,0.028505,0.974426
-0.038770,0.017178,0.418695,2.420814,19.778368,11.083483,3.457272,2.728801,175.523218,5.738250,1.072098,0.028486,0.974405
-0.036246,0.017019,0.436629,2.234891,19.786238,11.083275,3.456577,2.727875,175.501285,5.716191,1.072028,0.028396,0.974323
-0.038013,0.016281,0.421715,2.260050,19.788207,11.083378,3.453984,2.715792,175.491274,5.705491,1.071951,0.028349,0.974273
-0.037827,0.016395,0.453119,2.654583,19.770935,11.083433,3.454977,2.724893,175.480912,5.695956,1.071907,0.028311,0.974246
-0.036042,0.016278,0.424821,2.299925,19.819393,11.083450,3.454118,2.708930,175.481577,5.693242,1.071902,0.028281,0.974225
-0.035996,0.016575,0.391654,2.868655,19.751905,11.083297,3.455634,2.727263,175.506132,5.680367,1.071813,0.028248,0.974206
-0.035031,0.016275,0.427803,2.927177,19.785372,11.083527,3.454748,2.727922,175.542817,5.672829,1.071891,0.028187,0.974139
-0.036697,0.016439,0.417391,2.393786,19.748350,11.083483,3.456959,2.728062,175.574730,5.691619,1.071847,0.028238,0.974192
-0.037170,0.016392,0.423861,2.402924,19.823515,11.083335,3.455754,2.732739,175.670278,5.695547,1.071920,0.028256,0.974224
-0.036273,0.017046,0.421650,2.806439,19.831995,11.083417,3.456987,2.723019,175.798886,5.721592,1.072064,0.028370,0.974316
-0.035057,0.015914,0.414182,2.414375,19.805575,11.083452,3.451815,2.733833,175.769447,5.717863,1.072063,0.028359,0.974314
-0.038428,0.016592,0.428498,2.460325,19.916457,11.083523,3.454842,2.741115,175.609297,5.699296,1.071913,0.028243,0.974188
-0.037652,0.016908,0.375546,2.535427,19.812300,11.083473,3.458939,2.723992,175.419047,5.644889,1.071674,0.028066,0.974027
-0.036373,0.016822,0.415826,2.847220,19.730168,11.083458,3.457531,2.704732,175.325877,5.625396,1.071492,0.027966,0.973881
-0.035815,0.016874,0.439649,2.435102,19.778540,11.083350,3.457381,2.730670,175.302941,5.607015,1.071404,0.027906,0.973791
-0.033151,0.016673,0.391269,2.554913,19.824625,11.083392,3.457634,2.717841,175.381316,5.593138,1.071405,0.027855,0.973747
-0.037141,0.016953,0.433738,2.321138,19.798298,11.083338,3.456879,2.722898,175.542435,5.616914,1.071550,0.027942,0.973878
-0.035244,0.016606,0.417155,2.350277,19.800837,11.083507,3.455802,2.741761,175.662174,5.645099,1.071664,0.028022,0.973999
-0.037762,0.016959,0.427022,1.936414,19.883157,11.166752,3.457740,2.721325,175.730823,5.747769,1.071801,0.028520,0.973077
-0.034981,0.016283,0.410358,1.827144,19.802287,11.083540,3.454353,2.724649,175.749483,5.678051,1.071738,0.028122,0.974077
-0.038066,0.016252,0.411421,2.554925,19.818662,11.083467,3.454364,2.724741,175.730967,5.666745,1.071740,0.028089,0.974068
-0.036582,0.016532,0.407288,2.330041,19.802773,11.083488,3.458311,2.720880,175.707614,5.652619,1.071661,0.028020,0.973997
-0.037455,0.015994,0.421854,2.380012,19.754695,11.083217,3.455862,2.724626,175.657840,5.635621,1.071605,0.027962,0.973936
-0.034831,0.016520,0.404655,2.325968,19.783978,11.083442,3.454618,2.741031,175.464289,5.600960,1.071486,0.027866,0.973819
-0.039757,0.017552,0.434304,2.390812,19.719542,11.166807,3.459583,2.730333,175.190025,5.843656,1.071111,0.028998,0.973494
-0.036877,0.016883,0.449513,2.364831,19.787568,11.166772,3.458681,2.695004,175.142830,5.817069,1.070966,0.028853,0.973351
-0.039243,0.016440,0.438453,2.093270,19.786462,11.166780,3.456241,2.738564,175.114891,5.793029,1.070889,0.028777,0.973288
-0.034263,0.016577,0.449564,2.339109,19.801392,11.166708,3.457025,2.703059,175.112226,5.790988,1.070855,0.028748,0.973282
-0.038312,0.017019,0.443888,2.380275,19.823687,11.166885,3.457431,2.721765,175.094571,5.767803,1.070766,0.028663,0.973173
-0.039924,0.017077,0.432343,2.373383,19.745440,11.166812,3.457181,2.740369,175.060091,5.761970,1.070714,0.028633,0.973152
-0.037562,0.017077,0.417996,2.692335,19.754338,11.166740,3.458468,2.716308,175.042544,5.745133,1.070632,0.028560,0.973089
-0.037795,0.016699,0.399787,2.499182,19.786033,11.166583,3.457979,2.710700,175.029270,5.728694,1.070586,0.028509,0.973020
-0.039594,0.016789,0.450369,2.119584,19.716058,11.166670,3.459098,2.716998,175.012766,5.718086,1.070517,0.028442,0.972964
-0.038834,0.017261,0.406798,2.797095,19.755542,11.166748,3.457771,2.703519,175.000963,5.710381,1.070499,0.028414,0.972924
-0.037020,0.016720,0.451814,2.442503,19.745650,11.166623,3.457409,2.711191,174.987664,5.703183,1.070464,0.028388,0.972916
-0.035043,0.016793,0.415509,2.339706,19.786458,11.166617,3.459070,2.718743,174.976076,5.705091,1.070409,0.028358,0.972865
-0.036017,0.016748,0.443965,2.388279,19.718473,11.166727,3.457652,2.722504,175.050839,5.693434,1.070426,0.028334,0.972864
-0.036690,0.016957,0.423965,2.509895,19.715540,11.166853,3.457353,2.730204,175.166290,5.717085,1.070545,0.028383,0.972935
-0.038755,0.016336,0.431001,1.907927,19.782732,11.166547,3.455737,2.725933,175.173360,5.729000,1.070568,0.028422,0.972989
-0.040282,0.016618,0.454280,2.517847,19.759930,11.166652,3.457205,2.708705,175.040294,5.699643,1.070448,0.028344,0.972889
-0.037326,0.017242,0.435487,2.993669,19.721475,11.166885,3.457270,2.715507,174.898986,5.670084,1.070252,0.028201,0.972714
-0.035487,0.017040,0.438753,2.386613,19.665718,11.166635,3.458775,2.754632,174.884649,5.650878,1.070145,0.028147,0.972646
-0.039510,0.017591,0.448906,2.227236,19.740058,11.166585,3.462012,2.703686,174.862919,5.635301,1.070133,0.028079,0.972579
-0.034855,0.017342,0.429466,2.328461,19.696800,11.166765,3.459293,2.720682,174.865256,5.637444,1.070022,0.028062,0.972572
-0.036745,0.017309,0.439625,2.286113,19.754177,11.166712,3.458826,2.717612,174.978437,5.629770,1.070094,0.028044,0.972577
-0.037833,0.017371,0.441934,2.544883,19.795060,11.166545,3.460153,2.717098,175.105193,5.658299,1.070233,0.028094,0.972654
-0.037277,0.016307,0.439657,2.466230,19.760765,11.166762,3.455235,2.726959,175.226600,5.698203,1.070348,0.028244,0.972806
-0.038420,0.017392,0.436054,2.914337,19.754247,11.166802,3.460385,2.707723,175.306582,5.706490,1.070427,0.028281,0.972838
-0.040377,0.016720,0.417763,2.467782,19.748300,11.166657,3.457441,2.710454,175.349910,5.713224,1.070445,0.028322,0.972895
-0.036463,0.017382,0.423235,2.183534,19.810527,11.166792,3.460815,2.713792,175.367250,5.705088,1.070471,0.028321,0.972896
-0.038105,0.016955,0.451471,2.145282,19.772143,11.166725,3.457848,2.722197,175.369200,5.713211,1.070426,0.028325,0.972879
-0.038200,0.017396,0.448486,2.489613,19.806848,11.166788,3.458984,2.707058,175.291779,5.699791,1.070432,0.028260,0.972835
-0.038326,0.016742,0.414637,2.367658,19.809583,11.166778,3.457551,2.715671,174.977143,5.639155,1.070104,0.027998,0.972578
-0.040496,0.017164,0.457569,2.090177,19.722637,11.250077,3.458067,2.735498,174.720852,5.874002,1.069731,0.029184,0.972290
-0.038504,0.017106,0.454294,2.419499,19.718805,11.249927,3.460141,2.722802,174.677669,5.844996,1.069599,0.029012,0.972121
-0.037651,0.016992,0.464189,2.061066,19.656752,11.249978,3.457892,2.720793,174.644085,5.824352,1.069511,0.028932,0.972080
-0.037869,0.017313,0.461425,2.403228,19.721835,11.250125,3.460440,2.732438,174.622232,5.807374,1.069444,0.028859,0.972000
-0.035980,0.017195,0.420986,2.478510,19.652097,11.249992,3.459884,2.720695,174.628185,5.804447,1.069376,0.028811,0.971932
-0.038978,0.016936,0.445066,2.257601,19.641827,11.250148,3.460806,2.710937,174.590558,5.781435,1.069308,0.028735,0.971888
-0.037732,0.017018,0.438919,2.443356,19.619948,11.250072,3.458745,2.721903,174.566513,5.772013,1.069278,0.028684,0.971833
-0.035109,0.017524,0.483615,2.309941,19.664510,11.250050,3.460556,2.711994,174.544368,5.704279,1.069213,0.028369,0.971513
-0.036427,0.017640,0.470772,2.219488,19.697178,11.250010,3.462224,2.705644,174.534665,5.759058,1.069198,0.028606,0.971738
-0.037667,0.017047,0.453826,2.203534,19.632708,11.249993,3.458879,2.719083,174.526327,5.747893,1.069133,0.028590,0.971740
-0.037007,0.016945,0.477069,2.558480,19.675780,11.250205,3.456959,2.714412,174.519312,5.736524,1.069135,0.028525,0.971659
-0.035221,0.017211,0.457239,2.245792,19.661915,11.250030,3.459942,2.713092,174.520191,5.728495,1.069053,0.028490,0.971624
-0.037918,0.017262,0.460138,2.358258,19.652428,11.250087,3.459914,2.707873,174.560243,5.719504,1.069027,0.028451,0.971582
-0.037513,0.017483,0.450910,1.930992,19.602365,11.250180,3.458844,2.707133,174.535967,5.718213,1.069019,0.028419,0.971561
-0.034729,0.017385,0.451572,2.293982,19.623980,11.250102,3.459149,2.713190,174.430117,5.681617,1.068867,0.028306,0.971456
-0.036932,0.017067,0.472485,2.187914,19.602178,11.249955,3.459793,2.722709,174.444129,5.690471,1.068834,0.028288,0.971442
-0.037707,0.017749,0.459286,2.293045,19.596675,11.250140,3.463292,2.704079,174.391983,5.662250,1.068759,0.028188,0.971335
-0.036661,0.016988,0.435683,2.346116,19.627510,11.250168,3.458241,2.713501,174.369704,5.658280,1.068706,0.028167,0.971284
-0.034878,0.017504,0.465882,2.437265,19.670512,11.250208,3.462518,2.721339,174.372372,5.649536,1.068657,0.028123,0.971268
-0.035531,0.017619,0.456883,2.277112,19.632668,11.250010,3.461195,2.719890,174.454828,5.646257,1.068656,0.028097,0.971227
-0.033771,0.017878,0.459227,2.322675,19.637257,11.250032,3.462009,2.729096,174.527085,5.651684,1.068662,0.028114,0.971254
-0.036836,0.017710,0.453968,2.966446,19.647095,11.250232,3.461415,2.703696,174.590959,5.655470,1.068728,0.028110,0.971255
-0.038827,0.017664,0.461764,2.654435,19.647273,11.250183,3.461722,2.732593,174.633425,5.663019,1.068727,0.028144,0.971308
-0.040204,0.017314,0.442716,2.194220,19.650978,11.250053,3.460628,2.721050,174.659938,5.676443,1.068735,0.028159,0.971323
-0.035523,0.016648,0.395642,2.286748,19.686762,11.250170,3.456586,2.721704,174.642289,5.659732,1.068723,0.028110,0.971280
-0.038224,0.016988,0.440315,2.331151,19.629142,11.250047,3.458868,2.730947,174.638688,5.644303,1.068630,0.028056,0.971235
-0.039486,0.017078,0.471535,2.330877,19.664870,11.250007,3.460312,2.730243,174.659401,5.647594,1.068677,0.028044,0.971240
-0.037041,0.017405,0.454268,2.130703,19.601310,11.249970,3.460746,2.724249,174.430407,5.610449,1.068444,0.027927,0.971073
-0.040104,0.017323,0.442101,2.510255,19.598122,11.333463,3.460546,2.719723,174.202808,5.862612,1.068117,0.029067,0.970784
-0.039018,0.018039,0.474913,2.484785,19.632627,11.333385,3.464254,2.717954,174.186434,5.842621,1.068094,0.029008,0.970735
-0.039838,0.016875,0.452575,2.141511,19.540672,11.333463,3.458371,2.715521,174.163926,5.830116,1.068002,0.028916,0.970636
-0.036925,0.017170,0.490555,2.006999,19.542940,11.333317,3.460394,2.724057,174.149725,5.808389,1.067963,0.028843,0.970574
-0.038505,0.018133,0.485265,2.580394,19.523652,11.333417,3.462427,2.723955,174.139982,5.809754,1.067924,0.028855,0.970579
-0.037796,0.018075,0.470446,2.419952,19.592615,11.333343,3.464156,2.713065,174.115216,5.792807,1.067856,0.028793,0.970531
-0.038979,0.017664,0.452964,2.207414,19.630827,11.333465,3.463677,2.718150,174.107476,5.783864,1.067820,0.028750,0.970474
-0.040019,0.017145,0.469681,2.108748,19.511242,11.333287,3.461995,2.701570,174.092509,5.779318,1.067724,0.028718,0.970450
-0.037830,0.017079,0.481127,2.202957,19.556703,11.333317,3.457946,2.717488,174.067523,5.758968,1.067655,0.028618,0.970346
-0.037716,0.017157,0.442825,2.404365,19.574497,11.333447,3.458554,2.713175,174.034177,5.740721,1.067574,0.028542,0.970283
-0.036809,0.017789,0.465281,2.077203,19.551998,11.333502,3.462388,2.732830,174.022088,5.721124,1.067483,0.028464,0.970162
-0.036171,0.017581,0.470608,2.450666,19.586698,11.333463,3.462070,2.717213,174.486957,5.713153,1.067478,0.028441,0.970160
-0.037370,0.017339,0.402991,2.410880,19.673257,11.166912,3.459865,2.730868,175.314733,5.331239,1.068602,0.026526,0.971150
-0.039137,0.017135,0.439982,2.531787,19.707723,11.166715,3.459592,2.722634,175.662146,5.427437,1.069025,0.026890,0.971574
-0.036744,0.016756,0.426101,3.107159,19.708443,11.083580,3.458894,2.717922,175.751074,5.154827,1.069149,0.025629,0.971716
-0.033966,0.016915,0.434542,2.564339,19.694137,11.083325,3.456085,2.720837,175.689379,5.159428,1.069131,0.025628,0.971715
-0.038815,0.017292,0.445217,2.293661,19.656917,11.166890,3.459839,2.715038,175.625940,5.440790,1.069027,0.026957,0.971636
-0.036179,0.016703,0.444461,2.875772,19.704810,11.166782,3.456794,2.710830,175.592100,5.424966,1.068967,0.026858,0.971558
-0.038305,0.017569,0.413171,2.283194,19.706950,11.166783,3.460168,2.718345,175.577556,5.421632,1.068909,0.026823,0.971524
-0.036878,0.016664,0.424055,2.357571,19.741070,11.166755,3.457041,2.723066,175.775030,5.419596,1.068972,0.026846,0.971546
-0.035483,0.017104,0.411454,2.468705,19.780465,11.083472,3.457111,2.734712,176.033361,5.163121,1.069219,0.025606,0.971785
-0.038621,0.016266,0.364225,2.779046,19.782222,11.083262,3.453724,2.730724,176.227982,5.149367,1.069394,0.025490,0.971672
-0.032250,0.016208,0.380998,2.759502,19.774818,11.000137,3.453514,2.721764,176.379011,4.934244,1.069532,0.024498,0.972058
-0.034478,0.016593,0.384340,2.038687,19.843313,11.000005,3.455356,2.745553,176.492617,4.949879,1.069640,0.024549,0.972154
-0.035946,0.016350,0.407296,2.992042,19.910313,11.000055,3.455138,2.736598,176.572609,4.964985,1.069741,0.024600,0.972225
-0.034182,0.016307,0.379731,3.346723,19.828167,11.000068,3.453823,2.723811,176.577673,4.965314,1.069715,0.024598,0.972246
-0.032092,0.016426,0.408835,3.079818,19.788343,11.000063,3.453520,2.732563,176.549824,4.949422,1.069641,0.024551,0.972190
-0.034881,0.016852,0.402440,2.484747,19.826955,11.000005,3.455271,2.718873,176.419195,4.932553,1.069596,0.024466,0.972090
-0.033539,0.016392,0.407374,2.467043,19.761580,11.083283,3.454591,2.720076,176.098026,5.193994,1.069230,0.025650,0.971861
-0.035825,0.017036,0.427727,2.299369,19.725587,11.083332,3.456062,2.721955,175.812689,5.110037,1.068881,0.025358,0.971530
-0.035771,0.016598,0.414325,2.870614,19.776808,11.166553,3.455855,2.720037,175.615651,5.364180,1.068635,0.026544,0.971280
-0.036347,0.017060,0.364340,2.484808,19.656287,11.166695,3.456242,2.703616,174.979554,5.330538,1.068423,0.026388,0.971107
-0.037012,0.017118,0.438406,2.641786,19.758940,11.166862,3.458575,2.740818,175.397353,5.281445,1.068297,0.026215,0.970946
-0.033839,0.017280,0.397722,2.456353,19.713800,11.166782,3.458407,2.726320,175.350168,5.264087,1.068183,0.026138,0.970867
-0.036561,0.017250,0.439103,2.244368,19.647767,11.166633,3.459180,2.717501,175.323226,5.248959,1.068081,0.026066,0.970772
-0.033957,0.017571,0.447042,2.777031,19.700983,11.166805,3.461316,2.725540,175.319253,5.233639,1.068075,0.026015,0.970764
-0.033805,0.016664,0.437516,2.376751,19.627287,11.166670,3.455774,2.724101,175.304189,5.230774,1.067944,0.025975,0.970679
-0.035707,0.017675,0.416235,2.505464,19.643258,11.166830,3.460080,2.718238,175.303572,5.218143,1.067923,0.025926,0.970638
-0.034666,0.016970,0.418136,2.517425,19.602245,11.166825,3.458168,2.723323,175.295045,5.205382,1.067854,0.025887,0.970588
-0.036655,0.017721,0.450031,2.773741,19.668003,11.166670,3.460247,2.710719,175.254835,5.180558,1.067792,0.025749,0.970504
-0.034015,0.017247,0.427676,2.475146,19.603985,11.166673,3.459491,2.735274,175.273325,5.186683,1.067702,0.025752,0.970439
-0.033333,0.017275,0.414788,1.758646,19.612697,11.166645,3.459369,2.735042,175.386338,5.181929,1.067767,0.025749,0.970471
-0.036128,0.016843,0.436594,2.622486,19.623807,11.166712,3.456719,2.709919,175.414986,5.188130,1.067828,0.025771,0.970519
-0.034660,0.016922,0.414866,2.410739,19.666950,11.166702,3.459002,2.731028,175.321700,5.177906,1.067727,0.025696,0.970420
-0.033422,0.017650,0.425286,3.316435,19.707380,11.166632,3.461194,2.719097,175.227121,5.153915,1.067598,0.025613,0.970299
-0.038461,0.017899,0.424943,2.133263,19.675805,11.250075,3.459782,2.734102,175.167639,5.435503,1.067477,0.026941,0.970250
-0.036152,0.017473,0.438429,2.890230,19.652123,11.249978,3.459208,2.715736,175.119928,5.424036,1.067344,0.026831,0.970133
-0.035928,0.017196,0.451029,2.029281,19.653338,11.250113,3.459056,2.731075,175.175941,5.400633,1.067258,0.026744,0.970069
-0.033874,0.017140,0.447791,2.198144,19.622367,11.166807,3.458731,2.727640,175.390013,5.117104,1.067370,0.025430,0.970143
-0.035040,0.017132,0.411982,2.697723,19.652882,11.166658,3.455354,2.711336,175.568250,5.139124,1.067569,0.025492,0.970263
-0.036484,0.016747,0.444378,2.309338,19.611603,11.166807,3.455009,2.731047,175.698421,5.159299,1.067567,0.025561,0.970356
-0.037519,0.016408,0.429421,2.540335,19.711502,11.166787,3.454995,2.722130,175.790852,5.178604,1.067737,0.025606,0.970411
-0.033727,0.016389,0.418246,2.563183,19.674725,11.166588,3.454572,2.729930,175.859626,5.186453,1.067735,0.025642,0.970443
-0.037527,0.017463,0.422644,2.733137,19.692983,11.166733,3.457310,2.727053,175.909247,5.184660,1.067750,0.025634,0.970438
-0.038570,0.017247,0.399741,2.334646,19.714300,11.166857,3.456429,2.722004,175.937374,5.184008,1.067747,0.025634,0.970432
-0.034541,0.016773,0.417343,2.582595,19.678945,11.166900,3.458159,2.731356,175.938717,5.182840,1.067761,0.025612,0.970423
-0.034050,0.016792,0.438307,2.254335,19.625162,11.166685,3.456999,2.740128,175.685374,5.148299,1.067515,0.025466,0.970279
-0.034392,0.017225,0.435871,2.321049,19.671198,11.166707,3.457763,2.748218,175.438242,5.070280,1.067210,0.025211,0.969972
-0.035256,0.017838,0.442303,2.328591,19.653098,11.250127,3.462695,2.730875,175.251201,5.339949,1.066957,0.026422,0.969781
-0.035136,0.017041,0.441482,2.625494,19.601653,11.250020,3.457954,2.728241,175.129291,5.289280,1.066747,0.026226,0.969574
-0.036976,0.017149,0.438835,2.427736,19.638710,11.250200,3.458293,2.737522,175.042962,5.258406,1.066605,0.026096,0.969455
-0.034571,0.017236,0.436251,2.271520,19.575533,11.250055,3.459767,2.719785,174.999189,5.239780,1.066477,0.026003,0.969333
-0.037130,0.017481,0.459210,2.254525,19.602118,11.250072,3.459943,2.729313,174.970928,5.217475,1.066409,0.025915,0.969236
-0.034640,0.017713,0.427337,2.521602,19.618163,11.249977,3.462103,2.708599,174.944799,5.202569,1.066327,0.025846,0.969162
-0.035954,0.017165,0.422443,2.660965,19.611460,11.250020,3.459861,2.743044,174.947474,5.199004,1.066277,0.025826,0.969140
-0.034506,0.017386,0.457991,2.108526,19.625007,11.250167,3.459757,2.739042,174.960579,5.187282,1.066224,0.025766,0.969082
-0.034217,0.016990,0.464837,2.364460,19.602392,11.249978,3.458625,2.734254,174.965894,5.180534,1.066186,0.025720,0.969041
-0.036835,0.017627,0.449895,2.222704,19.536747,11.250095,3.461224,2.710736,174.969085,5.172374,1.066120,0.025696,0.969014
-0.036823,0.017705,0.447573,2.440121,19.542997,11.249988,3.460512,2.729120,174.992175,5.159028,1.066076,0.025620,0.968948
-0.035451,0.017404,0.471191,2.376051,19.591895,11.250102,3.458670,2.736511,175.080402,5.160432,1.066123,0.025617,0.968967
-0.035998,0.017389,0.439489,2.604416,19.573923,11.250093,3.460575,2.720399,175.161277,5.171873,1.066185,0.025661,0.969027
-0.035046,0.017758,0.432663,2.812746,19.546175,11.249995,3.459307,2.729879,175.104677,5.157916,1.066110,0.025595,0.968981
-0.033834,0.017328,0.460375,2.135192,19.564115,11.250067,3.459671,2.739288,174.993597,5.136702,1.065979,0.025502,0.968856
-0.037818,0.018026,0.456702,2.214402,19.552175,11.333355,3.462400,2.717183,174.864092,5.406399,1.065806,0.026765,0.968689
-0.035861,0.018100,0.437510,2.596499,19.620573,11.333263,3.462122,2.732402,174.784338,5.385171,1.065652,0.026632,0.968567
-0.038074,0.016798,0.443860,2.508103,19.584032,11.333388,3.457479,2.721116,174.734755,5.352194,1.065531,0.026529,0.968469
-0.035588,0.017296,0.464456,2.388389,19.585622,11.333443,3.459355,2.720043,174.889778,5.359585,1.065561,0.026500,0.968454
-0.033642,0.017780,0.438225,2.140003,19.583322,11.250118,3.461743,2.741636,175.114861,5.083868,1.065724,0.025258,0.968613
-0.035127,0.017264,0.438799,2.255052,19.598912,11.250092,3.460854,2.728158,175.283520,5.108756,1.065833,0.025312,0.968715
-0.034831,0.017263,0.436502,2.338862,19.629840,11.250142,3.458280,2.729948,175.401342,5.130858,1.065947,0.025379,0.968802
-0.034493,0.016889,0.439653,2.325304,19.627843,11.250060,3.455865,2.735250,175.475648,5.143630,1.065989,0.025445,0.968866
-0.037745,0.017941,0.432576,2.309451,19.637243,11.250022,3.460734,2.744710,175.521708,5.147333,1.065999,0.025428,0.968873
-0.036170,0.017735,0.409277,2.302715,19.594092,11.038642,3.460004,2.743128,175.524493,5.126463,1.065868,0.025310,0.968773
-0.033165,0.017926,0.398228,2.604719,19.634928,11.249978,3.460084,2.735813,175.530328,5.130806,1.065911,0.025369,0.968799
-0.033511,0.016987,0.432925,2.451948,19.616925,11.250020,3.456533,2.724756,175.370124,5.113033,1.065850,0.025262,0.968715
-0.033038,0.017371,0.407821,3.084990,19.570603,11.250115,3.459887,2.722381,175.084640,5.047581,1.065503,0.025052,0.968453
-0.035138,0.017947,0.438033,2.517454,19.609328,11.333438,3.460919,2.728574,174.868979,5.299563,1.065221,0.026228,0.968191
-0.036237,0.017359,0.471073,2.331076,19.503695,11.333315,3.461889,2.723398,174.732441,5.251839,1.065008,0.026026,0.967995
-0.034862,0.017443,0.464096,1.989696,19.483522,11.333318,3.459255,2.729996,174.652564,5.221508,1.064855,0.025893,0.967866
-0.033266,0.017303,0.465676,2.342051,19.530202,11.333493,3.459832,2.712395,174.584948,5.186473,1.064744,0.025792,0.967738
-0.034014,0.017805,0.460359,2.298917,19.505115,11.333258,3.464089,2.718324,174.554403,5.174858,1.064639,0.025708,0.967639
-0.035275,0.017268,0.446452,2.998997,19.469505,11.333260,3.460893,2.708264,174.530172,5.161794,1.064548,0.025653,0.967570
-0.036860,0.017088,0.465899,2.224851,19.479227,11.416717,3.459381,2.727713,174.522549,5.442154,1.064474,0.026970,0.967501
-0.035867,0.017494,0.430215,2.631198,19.489750,11.416892,3.459803,2.722062,174.535199,5.434732,1.064425,0.026920,0.967445
-0.035232,0.017132,0.447633,2.456765,19.473813,11.416665,3.459491,2.727629,174.574069,5.426444,1.064368,0.026886,0.967437
-0.031655,0.017410,0.439205,2.516139,19.524378,11.333418,3.460130,2.729235,174.590681,5.118258,1.064329,0.025423,0.967365
-0.035636,0.017995,0.460316,2.371788,19.454427,11.333315,3.461536,2.735913,174.618129,5.106932,1.064269,0.025395,0.967348
-0.034469,0.017613,0.457364,2.389779,19.464000,11.333393,3.459743,2.723143,174.697000,5.100829,1.064283,0.025355,0.967309
-0.035847,0.017789,0.430788,2.650017,19.492242,11.333370,3.459395,2.733968,174.825345,5.106183,1.064363,0.025369,0.967365
-0.034228,0.017243,0.461682,2.109429,19.540228,11.333507,3.459282,2.724927,174.839284,5.117101,1.064355,0.025357,0.967391
-0.033472,0.017345,0.476937,2.231586,19.540480,11.333490,3.457504,2.740910,174.720464,5.091186,1.064224,0.025282,0.967289
-0.038105,0.017604,0.399150,2.198625,19.492773,11.416812,3.462049,2.735064,174.578609,5.367965,1.064044,0.026563,0.967120
-0.036941,0.018002,0.483442,2.069105,19.524175,11.416732,3.463829,2.728508,174.463344,5.336225,1.063887,0.026391,0.966970
-0.033823,0.017568,0.438975,2.493470,19.438470,11.416722,3.461350,2.734093,174.379178,5.303515,1.063712,0.026258,0.966824
-0.035775,0.017702,0.464806,2.470141,19.489102,11.416765,3.461393,2.742343,174.425317,5.280170,1.063638,0.026170,0.966752
-0.038787,0.017504,0.453557,2.343799,19.460975,11.416815,3.460995,2.732459,174.439447,5.308930,1.062537,0.026250,0.966833
-0.030793,0.017942,0.449077,2.451563,19.507225,11.333512,3.460110,2.717941,174.843172,5.031057,1.063898,0.024971,0.966963
-0.033738,0.018038,0.460555,2.279940,19.556297,11.333318,3.461718,2.734938,174.970006,5.037094,1.064008,0.025005,0.967033
-0.034747,0.017821,0.422448,2.277909,19.545520,11.333340,3.460410,2.716235,175.054258,5.045127,1.064062,0.025024,0.967060
-0.034694,0.017250,0.451467,2.266106,19.568032,11.333518,3.459005,2.723151,175.094994,5.057549,1.064061,0.025042,0.967117
-0.034498,0.017584,0.456746,2.977548,19.676525,11.333378,3.457808,2.737417,175.109735,5.053023,1.064053,0.024998,0.967062
-0.035063,0.017565,0.447881,2.324790,19.560258,11.333262,3.460364,2.750985,175.070887,5.038600,1.063947,0.024964,0.967014
-0.033004,0.017735,0.455290,2.256217,19.483562,11.333428,3.459568,2.730171,174.989411,5.019162,1.063864,0.024862,0.966935
-0.035055,0.018485,0.467878,2.067729,19.513787,11.416617,3.464236,2.729604,174.724210,5.272994,1.063595,0.026089,0.966689
-0.034350,0.017854,0.316067,2.847234,19.485772,11.416775,3.461261,2.724876,174.480982,5.209647,1.063290,0.025808,0.966408
-0.034525,0.017810,0.471782,2.243237,19.510802,11.416737,3.459496,2.716071,174.316547,5.162854,1.063066,0.025619,0.966192
-0.034738,0.018525,0.455480,2.193993,19.477903,11.500173,3.465163,2.724090,174.200862,5.424969,1.062856,0.026874,0.966013
-0.035106,0.017704,0.472673,2.301068,19.470763,11.499993,3.461528,2.726890,174.135498,5.397613,1.062717,0.026723,0.965861
-0.034238,0.018015,0.459908,1.864275,19.467427,11.500018,3.463356,2.710617,174.122303,5.379549,1.062642,0.026637,0.965790
-0.036489,0.017057,0.478988,2.265379,19.405578,11.500047,3.458137,2.721782,174.106237,5.368453,1.062558,0.026559,0.965728
-0.034526,0.017791,0.419995,2.232452,19.468417,11.500023,3.461397,2.715994,174.090010,5.351243,1.062486,0.026500,0.965667
-0.034259,0.017663,0.444415,2.301373,19.449372,11.500055,3.459896,2.710188,174.085170,5.332523,1.062403,0.026424,0.965592
-0.035005,0.017491,0.455610,2.222440,19.450410,11.499910,3.460378,2.718821,174.080803,5.315152,1.062327,0.026343,0.965528
-0.036691,0.017485,0.477789,2.173500,19.433282,11.499975,3.461626,2.720923,174.095404,5.303682,1.062290,0.026296,0.965479
-0.032715,0.017407,0.464233,2.153893,19.528950,11.499970,3.458747,2.724673,174.099113,5.298781,1.062231,0.026259,0.965440
-0.035352,0.018264,0.455651,2.494103,19.435692,11.499950,3.461178,2.716670,174.138451,5.287282,1.062158,0.026188,0.965375
-0.036265,0.018066,0.447639,2.110831,19.395678,11.500030,3.461386,2.711810,174.270431,5.297208,1.062188,0.026197,0.965386
-0.037032,0.018469,0.462032,2.186452,19.407103,11.500067,3.463923,2.729685,174.334200,5.298833,1.062265,0.026215,0.965421
-0.037016,0.018479,0.474879,2.631198,19.443655,11.500042,3.463245,2.734176,174.234050,5.286804,1.062171,0.026169,0.965389
-0.033940,0.017537,0.462507,1.974036,19.405838,11.500108,3.460909,2.711860,174.077692,5.244251,1.061947,0.026001,0.965205
-0.034037,0.017915,0.462500,1.932595,19.414987,11.500122,3.461016,2.726063,174.005556,5.218396,1.061821,0.025871,0.965079
-0.033356,0.017902,0.493588,1.845095,19.433947,11.500012,3.460090,2.730189,173.950900,5.185828,1.061711,0.025778,0.964960
-0.034429,0.018622,0.483279,2.405683,19.433155,11.499952,3.464014,2.721986,173.919295,5.180569,1.061586,0.025695,0.964874
-0.032417,0.018326,0.469495,2.262088,19.386525,11.500112,3.462817,2.734615,174.044350,5.171113,1.061578,0.025669,0.964862
-0.032726,0.018076,0.425599,2.481983,19.469743,11.500200,3.461166,2.724542,174.213280,5.190218,1.061703,0.025710,0.964921
-0.033832,0.017561,0.434180,2.368773,19.523332,11.500177,3.461486,2.730850,174.307403,5.195105,1.061737,0.025717,0.964963
-0.036665,0.017702,0.446550,2.239045,19.501668,11.500032,3.460075,2.721135,174.349895,5.211466,1.061730,0.025762,0.964982
-0.034322,0.017939,0.417497,2.188122,19.484883,11.500198,3.462085,2.724289,174.410403,5.208528,1.061738,0.025753,0.964993
-0.035636,0.018235,0.462035,2.307626,19.524158,11.500057,3.464226,2.727756,174.421467,5.207574,1.061719,0.025723,0.964967
-0.033268,0.017554,0.420093,2.001193,19.483438,11.500198,3.458058,2.722310,174.414437,5.195412,1.061663,0.025670,0.964912
-0.035557,0.018158,0.420187,1.842883,19.481947,11.499973,3.460210,2.717838,174.429400,5.183883,1.061561,0.025589,0.964836
-0.035025,0.017881,0.466889,2.296570,19.489947,11.500142,3.461653,2.712297,174.291026,5.163580,1.061485,0.025512,0.964770
-0.035247,0.018253,0.483626,2.212498,19.429247,10.992083,3.464808,2.734522,174.047346,5.056501,1.060990,0.025080,0.964332
-0.035920,0.018057,0.466455,2.197027,19.425198,11.583413,3.462564,2.733137,173.905779,5.360783,1.060961,0.026532,0.964308
-0.035982,0.018455,0.463981,2.194564,19.381332,11.583388,3.465880,2.733070,173.812471,5.329420,1.060761,0.026349,0.964142
-0.037671,0.018176,0.495828,2.373905,19.356565,11.583327,3.462886,2.731353,173.720080,5.291198,1.060651,0.026194,0.963994
-0.037251,0.018064,0.456801,2.085268,19.402302,11.583280,3.465619,2.720141,173.682383,5.262490,1.060521,0.026099,0.963901
-0.035625,0.018850,0.502035,2.214830,19.313207,11.583432,3.465271,2.730360,173.657329,5.246268,1.060420,0.026025,0.963822
-0.034009,0.018660,0.502338,2.112659,19.372648,11.666713,3.464904,2.723286,173.639646,5.204488,1.060352,0.025855,0.962268
-0.035676,0.017794,0.485386,2.297612,19.408305,11.583480,3.461479,2.719896,173.608524,5.212284,1.060238,0.025860,0.963652
-0.033693,0.017934,0.501927,2.507734,19.356972,11.583448,3.462111,2.728383,173.568690,5.184726,1.060123,0.025775,0.963567
-0.034757,0.018714,0.476592,2.169896,19.391677,11.583458,3.465798,2.726263,173.224916,5.172983,1.060053,0.025682,0.963464
-0.033288,0.018167,0.502626,2.153404,19.366588,11.583415,3.461915,2.725784,173.515110,5.157970,1.059960,0.025624,0.963415
-0.032733,0.018073,0.419564,2.143978,19.391160,11.666807,3.460359,2.720933,173.487909,5.440858,1.059871,0.026972,0.963317
-0.037336,0.018857,0.467702,2.144259,19.296728,11.666753,3.465538,2.736652,173.483402,5.430730,1.059778,0.026881,0.963232
-0.032456,0.018637,0.499221,2.092731,19.396210,11.666713,3.464812,2.729825,173.455272,5.411867,1.059714,0.026795,0.963171
-0.035086,0.018389,0.448340,2.155842,19.356225,11.666833,3.464825,2.727773,173.453163,5.404794,1.059641,0.026740,0.963102
-0.036109,0.018789,0.501400,1.910099,19.367132,11.666758,3.464897,2.737755,173.423900,5.385547,1.059549,0.026661,0.963042
-0.038619,0.018547,0.472506,2.116346,19.383255,11.666753,3.465020,2.710489,173.380286,5.371792,1.059434,0.026555,0.962940
-0.035683,0.018070,0.496413,2.036083,19.363610,11.666810,3.462783,2.736317,173.352816,5.330888,1.059329,0.026436,0.962845
-0.033256,0.018296,0.500242,1.898532,19.356583,11.666775,3.463325,2.716576,173.321447,5.316150,1.059254,0.026351,0.962745
-0.030812,0.018541,0.495675,2.239127,19.296798,11.666678,3.465188,2.715903,173.444556,5.305473,1.059160,0.026307,0.962722
-0.036581,0.017997,0.450281,2.221051,19.339565,11.666657,3.460691,2.727161,173.725914,5.341848,1.059343,0.026446,0.962842
-0.033159,0.018279,0.485991,2.202884,19.389927,11.583458,3.460136,2.709593,173.965394,5.066339,1.059527,0.025111,0.962981
-0.033367,0.017839,0.480535,2.896517,19.407357,11.583363,3.460602,2.731106,174.151240,5.100534,1.059653,0.025200,0.963094
-0.033535,0.018243,0.470416,2.213087,19.397263,11.583390,3.459870,2.723498,174.300088,5.112197,1.059722,0.025280,0.963174
-0.037795,0.017907,0.467693,2.298104,19.453905,11.199757,3.458990,2.721364,174.381872,5.075537,1.059631,0.025107,0.963040
-0.031972,0.017428,0.470414,1.920394,19.447963,11.500212,3.456839,2.735318,174.452271,4.821857,1.059742,0.023891,0.963200
-0.030578,0.018150,0.462857,2.636817,19.463035,11.500088,3.459806,2.733483,174.468772,4.806059,1.059700,0.023838,0.963167
-0.031081,0.018065,0.411332,2.453661,19.446370,11.282848,3.462170,2.728568,174.387449,4.774631,1.059575,0.023677,0.963009
-0.035280,0.018582,0.466502,2.439722,19.472947,11.583418,3.462596,2.725608,174.095852,5.029677,1.059381,0.024877,0.962839
-0.034751,0.018350,0.441814,1.917998,19.439345,11.583285,3.462571,2.728636,173.752297,4.969354,1.058983,0.024682,0.962540
-0.030994,0.017866,0.443655,2.169807,19.389330,11.666700,3.461467,2.727498,173.527707,5.218297,1.058673,0.025825,0.962262
-0.033115,0.018065,0.454909,2.180757,19.366450,11.666627,3.463343,2.730171,173.379621,5.165085,1.058424,0.025601,0.962036
-0.032133,0.018505,0.471926,2.092163,19.326243,11.666727,3.462949,2.727285,173.305188,5.129360,1.058259,0.025469,0.961878
-0.033514,0.018733,0.479348,2.105621,19.267238,11.666743,3.465876,2.717198,173.256832,5.106646,1.058150,0.025365,0.961761
-0.034952,0.018422,0.495479,2.163942,19.278447,11.750118,3.464438,2.716941,173.208670,5.380289,1.058003,0.026642,0.961635
-0.034019,0.019714,0.506732,2.083767,19.330248,11.916785,3.468571,2.703522,171.476404,5.672344,1.056347,0.028111,0.960212
-0.037129,0.019521,0.566487,2.138278,19.133418,12.000188,3.470676,2.713303,171.507366,5.924817,1.056182,0.029409,0.959983
-0.037119,0.020067,0.586131,1.849842,19.458412,12.083382,3.472462,2.697547,169.717909,5.956459,1.054879,0.029670,0.958757
-0.034725,0.020834,0.617076,1.554348,19.280203,12.333440,3.474504,2.687312,169.448377,6.592763,1.053510,0.032858,0.957542
-0.036046,0.019620,0.545126,1.934587,19.168940,12.000000,3.468610,2.720062,171.347891,5.825659,1.055680,0.028909,0.959524
-0.038303,0.020206,0.594944,1.681014,19.121453,12.166752,3.474830,2.708397,171.705926,6.270630,1.054983,0.031244,0.958844
-0.035770,0.019467,0.533083,1.936310,19.173453,12.000093,3.470821,2.713263,171.406368,5.769623,1.055446,0.028636,0.959272
-0.036545,0.019906,0.511276,1.860207,19.216285,12.000003,3.472372,2.730848,171.305127,5.733780,1.055276,0.028509,0.959111
-0.036469,0.019607,0.545223,1.920329,19.175230,11.815647,3.469356,2.715036,171.265206,5.701322,1.055133,0.028362,0.958964
-0.033692,0.019567,0.543215,2.084134,19.182967,12.000015,3.468416,2.720723,171.282970,5.703447,1.055100,0.028380,0.958973
-0.034077,0.019892,0.567132,1.853953,19.188278,12.000073,3.473125,2.725646,171.264021,5.686609,1.054995,0.028309,0.958892
-0.040222,0.019509,0.562506,1.898857,19.239072,12.083312,3.470762,2.705303,171.239717,5.964832,1.054924,0.029624,0.958805
-0.041779,0.019212,0.530828,1.993531,19.171563,10.784160,3.468153,2.711580,171.136740,5.827145,1.054173,0.028897,0.958127
-0.035875,0.020007,0.543665,1.754117,19.183578,12.083453,3.470044,2.716893,171.263750,5.925465,1.054596,0.029359,0.958548
-0.034664,0.019530,0.566262,1.837386,19.162683,12.000217,3.469262,2.720490,171.412457,5.617391,1.054657,0.027952,0.958571
-0.034998,0.019272,0.545759,1.638194,19.276397,12.000182,3.467236,2.712128,171.545119,5.615377,1.054735,0.027931,0.958601
-0.034465,0.018927,0.528822,2.027893,19.179510,12.000245,3.468415,2.704475,171.663894,5.625357,1.054720,0.027955,0.958633
-0.037216,0.019050,0.529779,1.857086,19.185738,11.999867,3.465247,2.721682,171.717178,5.626685,1.054701,0.027920,0.958611
-0.033067,0.019118,0.542030,1.818853,19.236253,12.000160,3.467345,2.709110,171.759313,5.621435,1.054707,0.027897,0.958592
-0.036286,0.019441,0.527216,2.056118,19.178757,11.876528,3.469629,2.720694,171.811864,5.608065,1.054611,0.027805,0.958525
-0.034821,0.019278,0.533319,2.254956,19.250378,12.000122,3.469528,2.712884,171.854991,5.613132,1.054627,0.027817,0.958555
-0.033419,0.018834,0.542667,2.068640,19.245073,11.999922,3.464645,2.718377,171.763651,5.591547,1.054612,0.027722,0.958447
-0.035245,0.019884,0.567077,1.945254,19.260630,11.999952,3.471612,2.705538,171.434857,5.525061,1.054221,0.027490,0.958169
-0.036761,0.019765,0.573486,1.829387,19.225142,12.083440,3.469448,2.723877,171.163326,5.771389,1.053871,0.028601,0.957867
-0.034019,0.019917,0.568695,1.914044,19.186353,12.083438,3.471291,2.717511,170.979093,5.704466,1.053564,0.028404,0.957624
-0.035913,0.020418,0.552328,2.080073,19.237658,12.083365,3.473095,2.706323,170.944402,5.676478,1.053394,0.028213,0.957424
-0.037606,0.019723,0.543966,1.950993,19.227923,12.166708,3.468430,2.720761,170.929571,5.951301,1.053281,0.029560,0.957344
-0.035935,0.019538,0.574479,1.897649,19.222323,12.166752,3.469341,2.702672,170.904731,5.933587,1.053156,0.029435,0.957238
-0.037620,0.020267,0.566229,1.899577,19.208153,12.166783,3.472761,2.708128,170.881396,5.904856,1.053028,0.029311,0.957100
-0.035218,0.019861,0.548461,2.106613,19.214352,12.166780,3.470207,2.698919,170.849408,5.877562,1.052898,0.029178,0.956998
-0.037279,0.019634,0.598235,1.837696,19.221007,12.166818,3.470947,2.695030,170.830853,5.861868,1.052780,0.029094,0.956902
-0.034820,0.020077,0.548895,1.799599,19.194047,12.166697,3.471691,2.721110,170.815285,5.840266,1.052684,0.028983,0.956824
-0.034793,0.019763,0.576577,1.782165,19.224857,12.166765,3.469489,2.702199,170.828032,5.812016,1.052596,0.028855,0.956696
-0.034793,0.019675,0.574219,1.741373,19.277898,12.166830,3.468367,2.701413,170.817112,5.799122,1.052505,0.028789,0.956634
-0.035063,0.020179,0.557258,1.908584,19.186400,12.166817,3.470271,2.702935,170.858681,5.783544,1.052429,0.028722,0.956560
-0.036987,0.019863,0.561646,1.841087,19.241093,12.166707,3.468132,2.706838,170.910979,5.774514,1.052402,0.028650,0.956515
-0.034193,0.019400,0.567679,1.906983,19.217075,12.166622,3.467032,2.709725,170.908109,5.760247,1.052340,0.028572,0.956445
-0.034162,0.019748,0.577405,2.092731,19.242780,12.166685,3.470700,2.699658,170.772381,5.722368,1.052152,0.028442,0.956318
-0.035010,0.019893,0.577245,1.802149,19.238675,12.166780,3.470472,2.711213,170.694512,5.683411,1.051926,0.028278,0.956109
-0.040583,0.020272,0.570686,1.784096,19.263862,11.370620,3.471554,2.708129,170.616354,5.882981,1.051423,0.029193,0.955627
-0.037901,0.020320,0.566086,1.965740,19.231448,12.250218,3.471719,2.715545,170.627462,5.933196,1.051605,0.029433,0.955838
-0.038031,0.020142,0.609837,1.748151,19.233457,12.250117,3.472785,2.699787,170.598745,5.914689,1.051491,0.029333,0.955762
-0.033753,0.020152,0.591146,1.748632,19.194218,12.250048,3.472446,2.716595,170.708421,5.900595,1.051478,0.029295,0.955723
-0.034193,0.019786,0.584155,1.907793,19.239460,12.166818,3.468230,2.716147,170.864025,5.606492,1.051530,0.027874,0.955736
-0.036435,0.020279,0.559880,1.997451,19.325427,12.166805,3.473092,2.718147,170.946192,5.599597,1.051552,0.027846,0.955731
-0.034855,0.019652,0.581831,1.795991,19.271445,12.166858,3.467484,2.730914,170.998145,5.591903,1.051489,0.027815,0.955709
-0.032612,0.019964,0.563393,1.792042,19.248035,12.166625,3.467560,2.699045,171.015832,5.584314,1.051416,0.027752,0.955654
-0.033200,0.019515,0.587035,1.731727,19.256058,12.166632,3.469389,2.710906,170.992668,5.558849,1.051313,0.027636,0.955544
-0.032571,0.020107,0.564699,2.126046,19.258165,12.107617,3.470154,2.709982,170.924976,5.530395,1.051126,0.027473,0.955371
-0.037646,0.020603,0.599695,1.766160,19.271560,12.250140,3.473571,2.719446,170.874122,5.804720,1.050994,0.028789,0.955255
-0.036898,0.019597,0.583196,1.953659,19.282488,12.250063,3.468211,2.715300,170.652619,5.777588,1.050809,0.028611,0.955099
-0.034030,0.020847,0.575885,1.825478,19.225338,12.250198,3.472009,2.701439,170.373722,5.696200,1.050422,0.028332,0.954773
-0.035751,0.020215,0.577842,2.016737,19.270220,12.333287,3.472381,2.704785,170.310290,5.959346,1.050246,0.029590,0.954588
-0.037386,0.020025,0.602054,1.708182,19.216222,12.097167,3.469522,2.706633,170.278063,5.912260,1.049980,0.029332,0.954359
-0.035862,0.019838,0.611911,1.593076,19.343030,12.333398,3.467967,2.703279,170.263459,5.899751,1.049944,0.029264,0.954291
-0.036605,0.020341,0.578179,1.757195,19.307582,12.333513,3.471093,2.695024,170.246109,5.873839,1.049806,0.029193,0.954220
-0.034200,0.020892,0.595598,1.819742,19.263608,12.416833,3.471231,2.702033,170.233251,5.828081,1.049689,0.028950,0.952597
-0.034235,0.020645,0.586656,1.480153,19.321527,12.333272,3.471963,2.711995,170.204780,5.811082,1.049530,0.028884,0.953932
-0.033218,0.020535,0.609888,1.779937,19.307745,12.333412,3.472185,2.703021,170.180846,5.788132,1.049394,0.028761,0.953809
-0.033636,0.021015,0.591791,1.748893,19.270952,12.333372,3.473067,2.707441,170.143630,5.747386,1.049234,0.028614,0.953662
-0.033300,0.020785,0.578591,2.210385,19.266485,12.333558,3.474198,2.723901,170.136976,5.722360,1.049083,0.028487,0.953527
-0.034821,0.020888,0.587805,1.639225,19.338680,12.333298,3.472360,2.714835,170.135530,5.702903,1.048985,0.028377,0.953410
-0.038078,0.021151,0.594434,1.721951,19.308612,12.416772,3.473017,2.708979,170.092688,5.979255,1.048803,0.029671,0.953276
-0.035175,0.021586,0.597686,1.831899,19.306267,12.416773,3.478328,2.700531,170.119596,5.939850,1.048667,0.029532,0.953141
-0.036993,0.021437,0.595751,1.678091,19.278940,12.416728,3.477703,2.692216,170.215152,5.942939,1.048642,0.029485,0.953103
-0.034989,0.020366,0.570878,1.588632,19.244077,12.072698,3.470181,2.704597,170.160516,5.894961,1.048392,0.029234,0.952874
-0.034377,0.020507,0.569508,1.707713,19.308197,12.416733,3.471978,2.697822,169.994257,5.871304,1.048280,0.029147,0.952794
-0.036986,0.020412,0.629394,1.793045,19.272822,12.416838,3.471633,2.714997,169.922757,5.821444,1.048057,0.028979,0.952619
-0.032830,0.021253,0.606822,1.818119,19.253703,12.228483,3.474568,2.718107,169.888707,5.777815,1.047831,0.028763,0.952393
-0.033510,0.021236,0.617859,1.676407,19.304508,12.416773,3.475566,2.700650,169.869133,5.767639,1.047752,0.028704,0.952316
-0.035776,0.020402,0.604257,1.710463,19.300828,12.500025,3.469444,2.707830,169.894076,6.042584,1.047553,0.030002,0.952196
-0.035049,0.020845,0.614566,1.687691,19.280612,12.416713,3.471432,2.697161,170.113406,5.731429,1.047578,0.028501,0.952153
-0.034970,0.020701,0.589240,1.878253,19.303678,12.416862,3.472593,2.723664,170.338998,5.743611,1.047684,0.028512,0.952218
-0.034811,0.020287,0.591001,1.868614,19.268488,12.354365,3.468077,2.726009,170.469482,5.744220,1.047668,0.028502,0.952202
-0.037837,0.021065,0.578344,1.714100,19.338432,12.416783,3.472036,2.716247,170.581885,5.739750,1.047684,0.028497,0.952216
-0.034264,0.020078,0.601296,1.805899,19.302720,12.416757,3.469562,2.711345,170.571115,5.731022,1.047560,0.028422,0.952130
-0.035312,0.020654,0.569691,1.776617,19.305852,11.794473,3.470825,2.717246,170.561551,5.664030,1.047235,0.028067,0.951831
-0.036287,0.021090,0.616571,1.707713,19.290570,12.416758,3.470962,2.716195,170.566297,5.691612,1.047318,0.028199,0.951950
-0.035105,0.020291,0.578424,1.730166,19.321343,12.416760,3.470784,2.714028,170.500126,5.651268,1.047222,0.028036,0.951781
-0.034959,0.020429,0.617459,1.976401,19.308653,12.277508,3.470355,2.717612,170.155460,5.578855,1.046806,0.027747,0.951470
-0.037583,0.020355,0.628942,1.704056,19.304090,12.057458,3.469958,2.701320,169.771902,5.766435,1.046260,0.028650,0.950945
-0.035608,0.021446,0.626579,1.595904,19.336123,12.583332,3.477399,2.703987,169.589439,6.027501,1.045993,0.029948,0.950747
-0.035505,0.020980,0.616039,1.621970,19.335092,12.583375,3.473150,2.689837,169.545176,5.995011,1.045835,0.029761,0.950582
-0.034848,0.020817,0.621815,1.773746,19.324345,12.583500,3.469085,2.700292,169.533569,5.958319,1.045679,0.029590,0.950439
-0.033741,0.021229,0.612742,1.685706,19.296330,12.583455,3.472359,2.711741,169.476673,5.923971,1.045447,0.029439,0.950280
-0.033973,0.020944,0.620315,1.782733,19.297995,12.583392,3.470756,2.722265,169.458765,5.886882,1.045275,0.029284,0.950122
-0.035785,0.021639,0.635340,1.599509,19.319433,12.583430,3.474540,2.702820,169.408763,5.855169,1.045133,0.029137,0.949984
-0.032647,0.021377,0.601009,1.771107,19.367055,12.583590,3.475117,2.690530,169.389615,5.820900,1.044984,0.028980,0.949804
-0.034631,0.021810,0.635752,1.627039,19.304020,12.583400,3.474494,2.716800,169.343575,5.807584,1.044818,0.028913,0.949727
-0.040008,0.021418,0.633550,1.616030,19.276700,12.006230,3.474321,2.699117,169.296337,6.021254,1.044393,0.029866,0.949306
-0.037505,0.021651,0.666530,1.626794,19.279088,12.666842,3.474958,2.718762,169.288489,6.037080,1.044449,0.029963,0.949371
-0.033387,0.021311,0.639933,1.562650,19.312992,12.666787,3.474639,2.687347,169.266745,5.997913,1.044308,0.029796,0.949226
-0.036822,0.021062,0.644625,1.779599,19.263230,12.165192,3.472684,2.703406,169.260991,5.929035,1.043931,0.029450,0.948917
-0.034799,0.021671,0.638069,1.863175,19.271085,12.666805,3.475370,2.723881,169.311856,5.939682,1.044014,0.029501,0.948937
-0.035577,0.021449,0.643704,1.659778,19.339693,12.666658,3.475454,2.703843,169.236068,5.907165,1.043861,0.029352,0.948807
-0.036435,0.021633,0.653172,1.730107,19.314082,12.666717,3.473630,2.691218,169.146728,5.859520,1.043618,0.029172,0.948638
-0.038753,0.021670,0.656189,1.678633,19.320538,11.943207,3.473310,2.703945,169.079951,5.767798,1.043205,0.028723,0.948195
-0.038254,0.021481,0.591469,1.639305,19.386595,12.451300,3.472933,2.684480,169.046229,6.084846,1.043155,0.030182,0.948192
-0.036331,0.022333,0.646747,1.679463,19.257272,12.750072,3.476396,2.707600,169.031890,6.060040,1.043014,0.030103,0.948115
-0.036208,0.021854,0.652932,1.599027,19.273953,12.749993,3.473906,2.698121,169.138949,6.028139,1.042905,0.029934,0.947956
-0.035995,0.021757,0.658917,1.590783,19.306207,12.666608,3.474123,2.699550,169.302573,6.014467,1.042904,0.029904,0.947941
-0.034308,0.021707,0.620428,1.649326,19.296590,12.360917,3.474455,2.706311,169.415348,5.687150,1.042778,0.028314,0.947797
-0.032284,0.021443,0.604458,2.165458,19.331832,12.666728,3.472859,2.714541,169.509336,5.694014,1.042815,0.028331,0.947842
-0.036055,0.021995,0.636079,1.695256,19.334595,12.176902,3.473574,2.730115,169.502015,5.644622,1.042537,0.028057,0.947583
-0.033254,0.021686,0.641133,1.667100,19.329043,12.666850,3.471931,2.698219,169.481744,5.640041,1.042523,0.028105,0.947624
-0.032698,0.021933,0.603532,1.622406,19.322602,12.739885,3.474655,2.713512,169.432196,5.916535,1.042337,0.029361,0.947455
-0.038984,0.021716,0.614459,1.878549,19.300528,11.783810,3.472889,2.721389,169.332301,5.810149,1.041766,0.028791,0.946940
-0.037516,0.021255,0.628547,1.773572,19.263178,11.741898,3.470363,2.694406,169.171955,5.737776,1.041526,0.028521,0.946659
-0.033154,0.021971,0.673601,1.681611,19.370893,12.833482,3.474981,2.709642,168.790210,6.042826,1.041406,0.030002,0.946633
-0.032605,0.021940,0.656918,1.563178,19.332698,12.833288,3.474165,2.694278,168.700984,5.973031,1.041073,0.029709,0.946328
-0.032501,0.022270,0.662280,1.617109,19.318687,12.833237,3.473621,2.702422,168.659768,5.919972,1.040851,0.029495,0.946125
-0.037311,0.022396,0.651903,1.568089,19.271633,11.927012,3.477009,2.709913,168.592427,5.824622,1.040301,0.029009,0.945649
-0.035880,0.022244,0.673947,1.531919,19.287438,12.916745,3.475354,2.712821,168.580306,6.155355,1.040403,0.030542,0.945729
-0.036869,0.021775,0.667542,1.498248,19.334318,12.329037,3.473669,2.702015,168.531675,6.068170,1.040032,0.030151,0.945394
-0.034513,0.022304,0.653899,1.529307,19.292168,12.916733,3.475831,2.713980,168.519394,6.075969,1.040029,0.030204,0.945415
-0.034775,0.022451,0.668887,1.673072,19.371535,12.916848,3.477205,2.723454,168.492825,6.035857,1.039897,0.030033,0.945251
-0.033136,0.022319,0.676525,1.573049,19.310068,12.586780,3.474123,2.705047,168.437834,5.979341,1.039551,0.029732,0.944977
-0.035824,0.022664,0.666484,1.627504,19.304832,12.401922,3.476507,2.694149,168.395415,5.915636,1.039247,0.029450,0.944708
-0.034793,0.022497,0.688986,1.478274,19.331375,12.014350,3.477016,2.699062,168.344507,5.836307,1.038899,0.029080,0.944333
-0.035403,0.022513,0.654719,1.542601,19.264967,12.999980,3.477441,2.712891,168.333579,6.172201,1.038957,0.030656,0.944457
-0.041955,0.023190,0.661030,1.674923,19.272678,11.832602,3.476396,2.684046,168.259286,6.040025,1.038325,0.029980,0.943822
-0.035763,0.022416,0.697427,1.487995,19.366585,12.999988,3.473855,2.704952,168.266775,6.071566,1.038528,0.030198,0.944032
-0.042788,0.022580,0.636677,1.726931,19.254705,11.043807,3.477720,2.712932,168.142571,5.879464,1.037568,0.029242,0.943133
-0.036281,0.022386,0.698601,1.547643,19.282940,12.206327,3.476304,2.699340,168.156108,5.938228,1.037795,0.029532,0.943371
-0.035539,0.023155,0.674959,1.378994,19.327183,12.928148,3.477567,2.690140,168.141090,5.955255,1.037908,0.029658,0.943473
-0.036140,0.023105,0.687333,1.531037,19.342518,13.083395,3.477877,2.699587,168.094383,6.219253,1.037707,0.030905,0.943302
-0.036980,0.023284,0.673872,1.733026,19.368603,12.897873,3.477879,2.685947,168.046939,6.170795,1.037450,0.030654,0.943066
-0.040861,0.022455,0.677210,1.567807,19.293430,12.219553,3.473502,2.694084,167.981055,6.072167,1.036931,0.030181,0.942623
-0.033854,0.022159,0.708431,1.541925,19.383667,13.083382,3.471716,2.678562,167.983266,6.082101,1.036990,0.030210,0.942640
-0.036680,0.022581,0.662488,1.528889,19.278410,11.901943,3.475380,2.693339,167.958991,5.958670,1.036395,0.029635,0.942099
-0.036219,0.023578,0.708406,1.492710,19.355757,12.782313,3.476391,2.699823,168.010384,5.978878,1.036537,0.029753,0.942196
-0.034163,0.022412,0.680364,1.638519,19.335162,12.572042,3.473190,2.705368,168.003220,5.933881,1.036292,0.029548,0.942010
-0.034784,0.022721,0.726432,1.478979,19.379695,12.667608,3.472342,2.695875,167.959581,5.895994,1.036117,0.029385,0.941855
-0.037865,0.023039,0.712597,1.641482,19.350127,12.629885,3.476331,2.697254,167.857126,6.146460,1.035809,0.030562,0.941596
-0.034095,0.023273,0.722501,1.597585,19.332983,12.825745,3.477575,2.701830,167.733519,6.098749,1.035556,0.030304,0.941352
-0.040590,0.023613,0.718760,1.426312,19.319717,11.941400,3.477977,2.711177,167.635584,5.973328,1.034981,0.029738,0.940813
-0.037983,0.023281,0.731651,1.499951,19.271173,11.707333,3.476618,2.687343,167.577294,5.914386,1.034613,0.029429,0.940476
-0.036481,0.023827,0.712601,1.609947,19.310222,12.814580,3.480275,2.690456,167.554760,6.237695,1.034729,0.031030,0.940619
-0.034041,0.023235,0.704470,1.436756,19.367997,12.915945,3.475960,2.697047,167.513815,6.200310,1.034547,0.030806,0.940418
-0.042660,0.023555,0.735109,1.460327,19.344412,11.702858,3.477577,2.695094,167.422524,6.056676,1.033847,0.030099,0.939762
-0.038112,0.023814,0.735526,1.361052,19.293490,12.199203,3.478826,2.696494,167.383056,6.039649,1.033723,0.030072,0.939711
-0.040278,0.024008,0.745207,1.351723,19.326267,12.365630,3.479860,2.693577,167.333591,6.240863,1.033524,0.031019,0.939237
-0.036741,0.023977,0.704867,1.432499,19.305477,12.289707,3.481915,2.694851,167.300190,6.244075,1.033211,0.031037,0.939246
-0.042385,0.023496,0.714675,1.509005,19.335232,11.631363,3.475954,2.695839,167.211096,6.145252,1.032716,0.030515,0.938757
-0.041626,0.023600,0.750502,1.332429,19.327378,11.757477,3.477844,2.712658,167.156497,6.084462,1.032457,0.030278,0.938537
-0.041315,0.023820,0.736363,1.521718,19.292153,11.857183,3.477224,2.688539,167.100198,6.045738,1.032196,0.030080,0.938330
-0.034536,0.023992,0.750596,1.468976,19.355040,12.814633,3.476613,2.684649,167.096462,6.063855,1.032305,0.030222,0.938422
-0.033651,0.024073,0.753025,1.459317,19.424132,13.416757,3.478382,2.714716,167.070614,6.362550,1.032244,0.031616,0.938373
-0.032868,0.024021,0.734428,1.476711,19.404457,13.416662,3.477693,2.693723,167.019669,6.306010,1.031977,0.031353,0.938131
-0.038386,0.024463,0.757710,1.475244,19.412823,12.567808,3.479214,2.696907,166.946951,6.188791,1.031449,0.030783,0.937612
-0.040318,0.024156,0.739533,1.360059,19.428163,12.212885,3.478761,2.694436,166.942968,6.104189,1.031038,0.030396,0.937257
-0.043544,0.024269,0.734739,1.455234,19.353913,11.196472,3.477435,2.690345,166.878630,5.972833,1.030400,0.029761,0.936656
-0.035429,0.024654,0.761071,1.415687,19.409613,13.212298,3.481245,2.683847,166.802634,6.363077,1.030756,0.031654,0.937028
-0.041468,0.023956,0.770015,1.321015,19.382930,11.950135,3.477224,2.673590,166.693602,6.219988,1.030051,0.030915,0.936357
-0.035890,0.024938,0.747662,1.337612,19.441092,12.851988,3.482229,2.697305,166.666572,6.229349,1.030063,0.031001,0.936401
-0.035278,0.024839,0.789137,1.426808,19.427373,13.033615,3.481050,2.693736,166.624028,6.187449,1.029818,0.030840,0.936220
-0.038323,0.024562,0.794343,1.285613,19.415455,12.838275,3.480344,2.707900,166.538411,6.421810,1.029400,0.031898,0.935857
-0.038156,0.024872,0.794553,1.281445,19.399110,12.343585,3.480513,2.697142,166.521106,6.316445,1.028926,0.031399,0.935399
-0.043807,0.024299,0.749619,1.412793,19.375865,11.388042,3.477057,2.695759,166.547190,6.178541,1.028327,0.030744,0.934805
-0.035906,0.025233,0.794177,1.294850,19.373797,12.665498,3.482590,2.692499,166.648840,6.241586,1.028526,0.031016,0.935039
-0.038875,0.024675,0.787998,1.293665,19.383887,11.982613,3.477454,2.681804,166.635284,6.139636,1.028118,0.030537,0.934609
-0.038046,0.025025,0.771106,1.369088,19.360890,11.804763,3.479077,2.702738,166.564511,6.060373,1.027706,0.030182,0.934261
-0.043642,0.025689,0.782918,1.307230,19.382943,11.579055,3.483671,2.691948,166.457154,6.276886,1.027270,0.031211,0.933854
-0.042501,0.024565,0.790507,1.308721,19.426492,11.879635,3.478059,2.679854,166.333278,6.227175,1.027010,0.030980,0.933628
-0.039248,0.025389,0.799040,1.318681,19.407613,12.183448,3.479281,2.700443,166.208886,6.182432,1.026718,0.030806,0.933421
-0.041555,0.025511,0.805288,1.302304,19.537563,12.036477,3.481364,2.666199,166.050307,6.389611,1.026347,0.031778,0.932976
-0.040545,0.025239,0.789272,1.303584,19.466313,11.696397,3.480084,2.681527,165.919908,6.298228,1.025788,0.031365,0.932578
-0.037799,0.025543,0.822121,1.242828,19.468643,12.541517,3.479407,2.712451,165.881113,6.296664,1.025720,0.031379,0.932559
-0.044830,0.025956,0.830690,1.204183,19.519977,11.554228,3.481668,2.677685,165.779037,6.446021,1.025008,0.032060,0.931831
-0.038685,0.025455,0.846450,1.229450,19.544937,12.686397,3.479266,2.691061,165.754847,6.465303,1.025038,0.032171,0.931931
-0.042417,0.026490,0.845806,1.182854,19.514977,11.582828,3.486336,2.667724,165.630226,6.306842,1.024281,0.031425,0.931231
-0.039057,0.026313,0.850357,1.200913,19.565778,12.643910,3.480791,2.669960,165.587690,6.324666,1.024286,0.031511,0.931273
-0.041920,0.026199,0.872780,1.267639,19.529333,11.795100,3.479766,2.707662,165.496947,6.480015,1.023587,0.032247,0.930613
-0.034691,0.026404,0.818966,1.290627,19.692767,13.271150,3.483548,2.696563,165.470861,6.518040,1.023752,0.032442,0.930776
-0.034364,0.026276,0.859436,1.255034,19.714967,13.534052,3.483434,2.684322,165.393564,6.467559,1.023503,0.032267,0.930589
-0.039794,0.026618,0.843454,1.193924,19.725700,12.563067,3.482038,2.677805,165.292247,6.624032,1.022790,0.033006,0.929922
-0.036104,0.026220,0.876189,1.153056,19.795263,13.335275,3.484465,2.661093,165.237156,6.614008,1.022636,0.032883,0.929813
-0.043855,0.026643,0.882762,1.132467,19.721853,11.516920,3.486801,2.671081,165.106489,6.382005,1.021596,0.031802,0.928813
-0.035244,0.027230,0.876656,1.260041,19.800518,13.190992,3.485941,2.675561,165.073370,6.722204,1.021699,0.033480,0.928957
-0.042881,0.027306,0.914229,1.128803,19.785703,11.919728,3.481428,2.659561,164.945538,6.553723,1.020856,0.032609,0.928162
-0.035931,0.026681,0.917568,1.113362,19.880420,13.219243,3.479690,2.665703,164.917304,6.562441,1.020917,0.032704,0.928230
-0.038571,0.027342,0.914549,1.185977,19.877792,12.621910,3.484065,2.670196,164.822804,6.445230,1.020319,0.032167,0.927710
-0.041125,0.027710,0.934273,1.102094,19.924468,12.032747,3.485021,2.659218,164.704915,6.620033,1.019666,0.032951,0.927090
-0.042339,0.027254,0.924297,1.179961,19.954970,12.320267,3.481853,2.683516,164.642191,6.563471,1.019352,0.032688,0.926842
-0.039925,0.027980,0.915406,1.092383,20.010840,12.403648,3.487142,2.670269,164.334776,6.473212,1.017696,0.032302,0.926434
-0.035219,0.027676,0.935679,1.193632,20.010392,13.516800,3.482871,2.668757,164.480485,6.770637,1.018786,0.033716,0.926386
-0.040604,0.026897,0.937091,1.097271,20.010425,12.290050,3.480214,2.641766,164.383510,6.757004,1.017929,0.032825,0.925583
-0.038627,0.028105,0.927335,1.088223,20.010482,12.459228,3.484884,2.661095,164.343553,6.513841,1.017510,0.032470,0.925232
-0.045159,0.028894,0.927472,1.156772,20.010433,11.714570,3.487734,2.659669,164.308777,6.668624,1.016856,0.033208,0.924561
-0.038904,0.028910,0.919659,1.105124,20.009792,13.222378,3.487599,2.647393,164.328174,6.704252,1.016938,0.033379,0.924697
-0.036678,0.027719,0.984714,1.035158,20.009907,12.948808,3.484917,2.667634,164.231479,6.598535,1.016437,0.032878,0.924244
-0.040815,0.028801,0.950258,1.057650,20.009788,12.084348,3.485270,2.660123,164.098969,6.442972,1.015680,0.032132,0.923504
-0.035693,0.029541,0.985006,1.021961,20.009632,13.286555,3.486714,2.659227,164.003492,6.729276,1.015509,0.033492,0.923412
-0.046300,0.028689,0.991840,1.106242,20.009618,11.363382,3.483450,2.660609,163.798384,6.460254,1.014355,0.032190,0.922213
-0.041001,0.029885,0.961646,1.128981,20.009430,12.897333,3.489830,2.665780,163.707561,6.790191,1.014336,0.033782,0.922303
-0.041656,0.029803,1.006233,1.112969,20.009220,12.264535,3.488956,2.657754,163.494073,6.602514,1.013549,0.032951,0.921498
-0.041381,0.029603,1.007739,0.992184,20.009393,12.189465,3.488122,2.658382,163.375432,6.808476,1.012923,0.033918,0.921020
-0.039179,0.028948,1.027968,1.016196,20.008745,12.608013,3.483137,2.659603,163.276434,6.742892,1.012501,0.033616,0.920742
-0.033387,0.029951,1.025977,1.042456,20.008285,13.461552,3.487769,2.655602,163.220157,6.680484,1.012233,0.033361,0.920450
-0.040058,0.030429,1.035627,1.053512,20.008628,12.275890,3.491785,2.654865,163.097149,6.801313,1.011310,0.033871,0.919579
-0.042989,0.029936,1.032718,0.968325,20.008748,11.827877,3.487690,2.650711,162.965795,6.641492,1.010634,0.033130,0.918910
-0.045968,0.029861,1.086055,1.031450,20.008593,11.603470,3.485221,2.661071,162.810704,6.822624,1.009887,0.033990,0.918308
-0.035470,0.029572,1.074957,0.930337,20.008268,13.161275,3.487378,2.668298,162.767201,6.838613,1.009821,0.034107,0.918423
-0.036502,0.030801,1.099878,0.947642,20.007890,13.177260,3.488596,2.668695,162.646664,6.737253,1.009301,0.033599,0.917938
-0.045876,0.031587,1.075323,0.971652,20.007985,11.781210,3.492845,2.655699,162.478324,6.810904,1.008223,0.033900,0.916844
-0.039028,0.030518,1.072104,0.939926,20.016697,12.416082,3.489329,2.669341,162.384395,6.724557,1.007822,0.033534,0.916485
-0.046687,0.031663,1.126465,0.892520,20.007977,11.586308,3.492567,2.649600,162.235079,6.847763,1.006924,0.034099,0.915632
-0.045015,0.032193,1.127143,0.899294,20.016122,11.824195,3.495770,2.650354,162.128829,6.751458,1.006374,0.033651,0.915223
-0.045200,0.031405,1.163238,0.922963,20.016217,11.882722,3.490876,2.646943,162.015766,6.630120,1.005809,0.033073,0.914649
-0.047068,0.032004,1.143063,0.952006,20.015507,11.690007,3.492402,2.662162,161.883743,6.789381,1.005097,0.033831,0.913999
-0.048096,0.031958,1.142510,0.875253,20.015203,11.454787,3.489851,2.661908,161.765442,6.658253,1.004383,0.033236,0.913440
-0.047883,0.033452,1.175459,0.858333,20.015042,11.867880,3.497773,2.653826,161.671953,6.888652,1.003927,0.034282,0.913046
-0.038850,0.033282,1.146511,0.880236,20.014928,13.134765,3.493634,2.654589,161.594700,6.836288,1.003731,0.034117,0.912859
-0.043003,0.032617,1.160539,0.880309,20.015017,11.676768,3.492853,2.654431,161.430086,6.627494,1.002660,0.033084,0.911868
-0.051252,0.033253,1.207290,0.868526,20.014842,11.381290,3.493330,2.647841,161.294244,6.754828,1.001812,0.033656,0.911055
-0.043825,0.033400,1.231720,0.845182,20.014525,11.978143,3.493000,2.640969,161.174009,6.690037,1.001287,0.033387,0.910752
-0.045302,0.032365,1.248262,0.819447,20.014400,11.721978,3.487832,2.644686,161.075632,6.805115,1.000523,0.033900,0.909898
-0.041187,0.033349,1.205867,0.849365,20.014118,12.310873,3.492793,2.630873,161.015934,6.723267,1.000060,0.033555,0.909541
-0.047817,0.034700,1.237377,0.823675,20.013780,11.822013,3.495802,2.637934,160.937459,6.877901,0.999265,0.034254,0.908823
-0.041346,0.034211,1.289621,0.784035,20.013828,12.188802,3.493123,2.649801,160.903171,6.787757,0.998787,0.033823,0.908429
-0.039098,0.034582,1.269602,0.818288,20.013527,12.215645,3.495941,2.654865,160.824241,6.647234,0.998182,0.033168,0.907776
-0.045860,0.035351,1.302982,0.778029,20.013458,12.221372,3.497503,2.643084,160.726131,6.821265,0.997498,0.033965,0.907170
-0.043029,0.034840,1.297145,0.770867,20.013390,11.663297,3.496767,2.660961,160.592090,6.658567,0.996610,0.033191,0.906439
-0.040556,0.035096,1.323387,0.761984,20.012895,12.551460,3.493709,2.640508,160.483002,6.863751,0.996163,0.034169,0.905982
-0.045667,0.035660,1.310918,0.779616,20.012565,11.716533,3.496304,2.650309,160.238167,6.667994,0.995181,0.033243,0.905111
-0.046388,0.035562,1.360425,0.753239,20.012563,11.549908,3.496319,2.642637,159.827728,6.764320,0.994052,0.033716,0.904146
-0.038867,0.036106,1.390972,0.721921,20.012060,13.260675,3.496396,2.641660,159.718413,7.034226,0.993818,0.035057,0.904015
-0.040325,0.036110,1.410457,0.746626,20.011977,12.482267,3.497436,2.635370,159.557153,6.816203,0.992879,0.034048,0.903045
-0.047617,0.037815,1.442757,0.693046,20.012038,11.552313,3.500331,2.621418,159.180962,6.912885,0.990589,0.034430,0.902050
-0.045808,0.037505,1.461227,0.711193,20.011658,12.126353,3.499492,2.630244,159.235296,6.814687,0.991123,0.034002,0.901625
-0.046182,0.037832,1.474339,0.685450,20.011777,11.884170,3.499383,2.628941,159.080382,6.918456,0.990199,0.034462,0.900687
-0.043081,0.038449,1.495461,0.693009,20.011238,12.244323,3.502777,2.622314,158.928331,6.779341,0.989520,0.033854,0.900075
-0.049423,0.037559,1.457646,0.703612,20.011415,10.899348,3.496749,2.643091,159.496350,6.658174,0.988847,0.033139,0.899497
-0.046677,0.037962,1.464583,0.703598,20.011158,11.466588,3.496229,2.644706,159.559883,6.587727,0.988498,0.032762,0.899133
-0.043149,0.038699,1.419368,0.810814,20.011118,11.565988,3.496140,2.658529,159.537174,6.454059,0.987869,0.032153,0.898555
-0.041727,0.039413,1.465554,0.686944,20.010935,11.736820,3.499333,2.636547,159.494912,6.342590,0.987256,0.031637,0.898062
-0.047456,0.039191,1.483472,0.674076,20.010905,10.965588,3.500088,2.655185,159.379023,6.453868,0.986268,0.032093,0.897139
-0.049376,0.039716,1.507277,0.689248,20.010617,10.690303,3.500083,2.641519,159.268330,6.279228,0.985375,0.031260,0.896358
-0.046238,0.039629,1.519726,0.673557,20.010573,11.639127,3.493027,2.663760,159.182901,6.488121,0.984845,0.032221,0.895866
-0.045819,0.039177,1.518184,0.685376,20.016438,11.123632,3.495697,2.643617,159.033192,6.285789,0.983866,0.031315,0.895034
-0.048783,0.040017,1.553305,0.654283,20.015990,11.202272,3.495155,2.638120,158.886069,6.424430,0.983090,0.031950,0.894245
-0.047729,0.040848,1.595516,0.658883,20.015960,10.946312,3.500683,2.648244,158.722647,6.233924,0.982206,0.031045,0.893388
-0.043202,0.041683,1.620263,0.621805,20.015682,12.073320,3.501520,2.626093,158.580684,6.459674,0.981707,0.032146,0.893018
-0.043542,0.041477,1.599720,0.645405,20.015573,11.749267,3.500316,2.638829,158.369531,6.292631,0.980764,0.031319,0.892236
-0.052279,0.041818,1.650786,0.605795,20.015417,10.289767,3.501094,2.640166,158.136800,6.284423,0.979372,0.031257,0.890817
-0.045249,0.042748,1.715130,0.605520,20.015362,10.979967,3.503004,2.631057,157.954826,6.165493,0.978767,0.030734,0.890287
-0.043042,0.042770,1.746370,0.578809,20.015035,11.706125,3.503414,2.635091,157.936349,6.382310,0.978072,0.031697,0.889771
-0.043337,0.042459,1.735946,0.578635,20.014828,11.889747,3.499479,2.625448,158.028439,6.235981,0.977481,0.031042,0.889221
-0.050044,0.043034,1.737732,0.593039,20.014970,10.572262,3.495851,2.654531,158.104688,6.009186,0.976439,0.029904,0.888191
-0.052576,0.043757,1.721208,0.580969,20.015060,10.081110,3.497321,2.659526,158.168093,5.855393,0.975662,0.029147,0.887491
-0.044261,0.044618,1.724532,0.597960,20.014560,11.444957,3.501829,2.638973,158.216647,6.116583,0.975362,0.030398,0.887279
-0.048122,0.043787,1.754909,0.581006,19.931473,10.443272,3.497370,2.642841,158.152442,5.913035,0.974362,0.029322,0.886289
-0.043468,0.044752,1.769649,0.573331,20.014947,10.774280,3.502664,2.627233,158.113131,5.789087,0.973738,0.028813,0.885812
-0.047456,0.045820,1.772686,0.590538,20.014857,10.264813,3.505390,2.641641,157.998932,5.884512,0.972792,0.029239,0.884819
-0.052447,0.045261,1.766855,0.566333,20.014938,9.774768,3.499854,2.649882,157.860009,5.706875,0.971841,0.028331,0.883991
-0.056910,0.046572,1.857213,0.538437,20.014893,9.340983,3.502644,2.648854,157.651427,5.497274,0.970920,0.027349,0.883008
-0.046362,0.047245,1.889934,0.550307,20.014828,10.462103,3.504618,2.650348,157.268243,5.727551,0.970300,0.028458,0.882694
-0.043421,0.046969,1.933046,0.526862,20.014693,10.809382,3.504245,2.640951,156.829256,5.831274,0.969356,0.028984,0.881799
-0.045556,0.048181,2.007877,0.504655,20.014575,10.792012,3.506634,2.628210,156.406558,5.913484,0.968312,0.029397,0.880785
-0.044142,0.048151,2.002147,0.499474,20.014590,11.559163,3.505127,2.618393,156.022865,6.092210,0.967413,0.030253,0.880205
-0.050473,0.049794,2.113697,0.478644,20.014690,10.401017,3.510350,2.638647,155.670681,6.074295,0.966063,0.030167,0.878715
-0.042593,0.049843,2.134834,0.468405,20.014598,11.444767,3.506996,2.619638,155.417248,5.986448,0.965438,0.029822,0.878351
-0.047779,0.051321,2.171163,0.464471,20.014413,10.920003,3.512356,2.641453,155.183907,6.070655,0.964382,0.030167,0.877329
-0.048130,0.050845,2.250698,0.460606,20.014322,10.604398,3.505279,2.621383,154.974569,6.155553,0.963336,0.030580,0.876332
-0.049769,0.052684,2.260247,0.461458,20.014545,10.166793,3.508435,2.615840,154.789552,5.953269,0.962353,0.029634,0.875444
-0.040415,0.052935,2.309695,0.438569,20.014640,11.532388,3.511774,2.614204,154.649238,6.212608,0.961857,0.030870,0.875202
-0.049847,0.054284,2.365211,0.424348,20.014728,10.538190,3.514973,2.628721,154.469009,5.940598,0.960713,0.029573,0.873964
-0.045642,0.055051,2.402536,0.416230,20.014505,10.742870,3.518202,2.635513,154.337295,6.117736,0.959952,0.030361,0.873354
-0.049393,0.055693,2.464133,0.408405,20.014650,10.665083,3.514553,2.616573,154.175821,5.922208,0.959063,0.029486,0.872502
-0.048112,0.055635,2.507988,0.406830,20.014608,10.569605,3.509746,2.621935,154.012988,6.049588,0.958135,0.030026,0.871656
-0.042559,0.057006,2.532405,0.402189,20.014705,11.364910,3.515874,2.614156,153.861570,5.953117,0.957534,0.029637,0.871251
-0.041156,0.057439,2.569796,0.389138,20.014663,11.510840,3.514557,2.620799,153.725673,6.091894,0.956730,0.030265,0.870485
-0.058014,0.057763,2.634287,0.382651,20.014875,9.180243,3.513205,2.637773,153.510222,5.728795,0.955090,0.028501,0.868825
-0.045096,0.058325,2.701124,0.376956,20.014842,11.283625,3.515012,2.617951,153.436653,6.056265,0.954919,0.030064,0.868907
-0.043305,0.059647,2.718360,0.367985,20.014835,11.371523,3.517453,2.625014,153.322639,5.873185,0.954167,0.029236,0.868097
-0.047067,0.061020,2.721940,0.374915,20.014935,10.745678,3.519521,2.626044,153.188309,5.958820,0.953140,0.029589,0.867090
-0.042587,0.061273,2.810681,0.360048,20.014852,11.064980,3.518427,2.598565,153.069373,5.842563,0.952447,0.029056,0.866566
-0.044766,0.062971,2.840105,0.353359,20.014997,11.300097,3.520032,2.604813,152.924319,6.008815,0.951604,0.029795,0.865888
-0.047632,0.063435,2.896028,0.347540,20.015090,10.388525,3.522129,2.628860,152.892078,5.739226,0.950572,0.028565,0.864721
-0.039372,0.064465,2.970672,0.339626,20.015375,11.190932,3.521957,2.615141,152.944398,5.694131,0.950114,0.028355,0.864497
-0.047545,0.065204,2.993435,0.335913,20.015322,10.327545,3.522530,2.636126,152.944786,5.788060,0.949142,0.028707,0.863507
-0.044206,0.065224,3.053521,0.329278,20.015420,11.079103,3.520694,2.629282,152.921447,5.693426,0.948601,0.028258,0.863083
-0.043405,0.066229,3.090310,0.330546,20.015468,10.469002,3.514304,2.614880,152.847182,5.486468,0.947690,0.027282,0.862117
-0.047972,0.067017,3.106484,0.321909,20.015945,10.483888,3.519089,2.627242,152.726071,5.659876,0.946814,0.028026,0.861503
-0.043842,0.068305,3.195589,0.312943,20.010987,10.736728,3.522568,2.620842,152.605444,5.479007,0.946111,0.027235,0.860707
-0.052107,0.069302,3.261494,0.306960,20.016242,9.460298,3.523186,2.622784,152.456956,5.524990,0.944929,0.027380,0.859522
-0.048925,0.070815,3.291958,0.311293,20.016140,9.869873,3.519772,2.631843,152.331576,5.406806,0.944212,0.026864,0.858994
-0.049095,0.071105,3.431947,0.295809,20.016278,10.005133,3.519056,2.627852,152.110834,5.558885,0.943406,0.027537,0.858278
-0.045606,0.073780,3.471228,0.288083,20.016227,10.572788,3.521869,2.610246,151.722536,5.702391,0.942590,0.028286,0.857571
-0.045791,0.075411,3.593829,0.281507,20.010522,10.724888,3.522257,2.609576,151.347629,5.504041,0.941638,0.027412,0.856691
-0.046297,0.077520,3.778693,0.264643,20.010508,10.127167,3.523739,2.617894,151.018270,5.577482,0.940484,0.027680,0.855590
-0.041627,0.078733,3.896809,0.257916,20.016448,11.328637,3.526013,2.621492,150.752863,5.771642,0.939826,0.028645,0.855114
-0.046967,0.080712,3.992456,0.253476,20.010575,10.338970,3.526231,2.611718,150.506128,5.807802,0.938629,0.028813,0.853898
-0.045656,0.083038,4.063102,0.246114,20.010483,10.637303,3.530317,2.615542,150.313707,5.668948,0.937833,0.028159,0.853269
-0.039859,0.084744,4.201889,0.237990,20.010777,10.648803,3.528267,2.609337,150.116409,5.521289,0.936960,0.027474,0.852556
-0.044542,0.085646,4.350161,0.232232,20.010685,10.643408,3.524922,2.604618,149.940352,5.624738,0.936130,0.027963,0.851694
-0.043174,0.088123,4.381715,0.230451,20.010895,11.065402,3.530239,2.624137,149.772919,5.819673,0.935336,0.028860,0.851158
-0.050178,0.090608,4.515988,0.221435,20.010920,10.002547,3.533630,2.611059,149.589000,5.555984,0.934173,0.027575,0.849971
-0.043875,0.092085,4.662514,0.214492,20.010918,11.033515,3.532474,2.610602,149.448021,5.776210,0.933598,0.028666,0.849588
-0.048295,0.094364,4.775446,0.210035,20.010893,10.380423,3.530345,2.622946,149.301660,5.541246,0.932605,0.027499,0.848490
-0.048658,0.097479,4.918932,0.203955,20.011080,10.414593,3.534724,2.600215,149.158833,5.678350,0.931701,0.028163,0.847738
-0.046536,0.098582,5.044653,0.198230,20.011148,10.189008,3.537418,2.620527,148.981375,5.485151,0.930767,0.027241,0.846874
-0.044107,0.101609,5.215511,0.000000,20.010947,10.647088,3.539989,2.608352,148.833128,5.655071,0.930056,0.028023,0.846225
-0.042241,0.104273,5.313584,0.000000,20.010980,10.968442,3.542865,2.619925,148.658387,5.504146,0.929243,0.027309,0.845546
-0.045759,0.107009,5.476532,0.000000,20.011082,10.310415,3.537704,2.604829,148.470885,5.295139,0.928196,0.026312,0.844550
-0.040545,0.109387,5.670012,0.000000,20.011053,10.833728,3.545233,2.610600,148.293129,5.440962,0.927396,0.027011,0.843899
-0.043236,0.112485,5.848989,0.000000,20.011400,10.236080,3.540925,2.597385,148.121760,5.225347,0.926397,0.025991,0.842872
-0.039781,0.114761,6.057194,0.000000,20.010858,11.172113,3.541210,2.587190,147.958806,5.434114,0.925765,0.026928,0.842436
-0.041124,0.118163,6.112544,0.000000,20.011037,10.142928,3.544224,2.611763,147.764531,5.167733,0.924614,0.025720,0.841257
-0.043537,0.120975,6.372040,0.000000,20.011070,10.227197,3.540777,2.600220,147.601394,5.334479,0.923739,0.026374,0.840549
-0.047112,0.124388,6.482824,0.000000,20.011523,9.902867,3.541157,2.596396,147.503883,5.128028,0.922703,0.025452,0.839656
-0.040672,0.127351,6.697831,0.000000,20.011470,10.411773,3.546254,2.597286,147.560643,5.034521,0.922176,0.025001,0.839177
-0.043186,0.128574,6.779671,0.000000,20.011508,10.362505,3.541315,2.605902,147.596479,5.201958,0.921442,0.025677,0.838525
-0.041242,0.131218,6.888564,0.000000,20.011837,10.618530,3.544491,2.584223,147.597593,5.047996,0.920809,0.024999,0.837884
-0.044335,0.133791,7.096245,0.000000,20.011667,9.674912,3.545981,2.600771,147.520435,4.838652,0.919755,0.023997,0.836925
-0.039873,0.137332,7.287539,0.000000,20.011748,10.684948,3.550103,2.600002,147.428284,5.058935,0.919155,0.024966,0.836488
-0.047882,0.140701,7.480553,0.000000,20.012043,9.462747,3.548097,2.588845,147.293631,4.792714,0.917994,0.023707,0.835326
-0.040348,0.144840,7.641718,0.000000,20.011872,9.696137,3.549134,2.602739,147.159210,4.658331,0.917213,0.023096,0.834680
-0.041255,0.148513,7.882806,0.000000,20.011932,10.358572,3.549366,2.601277,146.997055,4.835320,0.916520,0.023818,0.834058
-0.043487,-0.004719,8.182444,0.000000,20.012028,9.709807,3.547138,2.605576,146.828499,4.597094,0.915465,0.022755,0.833036
-0.047395,0.159099,8.507355,0.000000,20.012070,9.303135,3.561896,2.590553,146.547585,4.702530,0.914472,0.023155,0.832076
-0.039391,0.164947,8.820996,0.000000,20.012075,10.191743,3.553013,2.602275,146.186747,4.568797,0.913690,0.022598,0.831508
-0.045881,0.172736,9.294950,0.000000,20.011948,9.439853,3.559562,2.594808,145.859633,4.618949,0.912515,0.022712,0.830274
-0.043755,0.186700,10.040435,0.000000,20.012180,8.821480,3.566374,2.581766,145.339775,4.199719,0.910353,0.020814,0.828398
-0.037887,0.192995,10.343190,0.000000,20.011782,10.166478,3.558691,2.580034,145.132506,4.443643,0.909776,0.021860,0.828100
