SCC,SCV,DVV,ICP,CCDT,CVCT,ACCV C,ACCV D,ECD,ECV,CCD,CCV,SoH
-0.035307,0.015275,0.324749,3.170791,20.014482,10.916770,3.446518,2.749537,179.790846,6.205464,1.077561,0.031009,0.979369
-0.034386,0.014481,0.333708,3.312936,20.015562,10.833370,3.445176,2.743223,180.012025,6.117111,1.078644,0.030454,0.980349
-0.035856,0.014590,0.324521,3.156229,20.014802,10.750048,3.444371,2.747592,180.111164,5.956547,1.079375,0.029690,0.980994
-0.036327,0.014409,0.315899,3.003370,20.015427,10.750115,3.443243,2.733724,180.178747,6.035633,1.079726,0.029976,0.981312
-0.038429,0.014613,0.316295,3.159907,20.015800,10.666818,3.444407,2.736717,180.301986,5.794204,1.080186,0.028917,0.981640
-0.035674,0.015124,0.292154,3.073435,20.015843,10.666655,3.445189,2.752188,180.306910,5.854934,1.080526,0.029133,0.981932
-0.038175,0.014799,0.334363,3.004151,20.016292,10.666853,3.445239,2.745558,180.361168,5.922668,1.080792,0.029404,0.982228
-0.037162,0.015246,0.297222,4.029381,20.016240,10.583443,3.448489,2.750422,180.431778,5.663598,1.081013,0.028245,0.982414
-0.038137,0.013930,0.289814,2.676300,20.015793,10.583505,3.441673,2.760985,180.433231,5.692712,1.081138,0.028392,0.982588
-0.035743,0.014676,0.260082,3.436386,20.016108,10.583573,3.444387,2.756438,180.511803,5.734325,1.081348,0.028493,0.982722
-0.036733,0.014672,0.324446,4.224924,20.007765,10.583438,3.444077,2.755929,180.522614,5.783767,1.081546,0.028679,0.982936
-0.038397,0.015149,0.317423,3.300238,20.007612,10.583427,3.446014,2.757363,180.533871,5.805482,1.081632,0.028786,0.983021
-0.041197,0.015224,0.288506,3.079875,20.007595,10.583445,3.445643,2.750569,180.532215,5.820625,1.081737,0.028851,0.983104
-0.037599,0.014349,0.291649,3.863425,20.008145,10.499952,3.443351,2.739675,180.515829,5.511556,1.081788,0.027468,0.983089
-0.037790,0.015016,0.308590,4.016452,20.008358,10.500033,3.444558,2.744857,180.486261,5.531507,1.081912,0.027579,0.983209
-0.037284,0.014143,0.323986,4.466706,20.008327,10.500108,3.441789,2.739169,180.516669,5.547016,1.081944,0.027629,0.983276
-0.034823,0.014917,0.309346,3.035174,20.008480,10.500123,3.444017,2.747178,180.510122,5.566484,1.082063,0.027693,0.983374
-0.037925,0.014069,0.310224,2.558308,20.008150,10.499907,3.443330,2.760774,180.498583,5.578698,1.082136,0.027728,0.983409
-0.036738,0.014363,0.315117,4.894548,20.008570,10.499890,3.442438,2.749222,180.496979,5.571550,1.082077,0.027680,0.983375
-0.037607,0.014327,0.285473,3.146869,20.009010,10.500195,3.442393,2.735018,180.496059,5.582206,1.082160,0.027744,0.983435
-0.036019,0.013666,0.316642,3.543643,20.009023,10.500057,3.441000,2.732501,180.490339,5.604812,1.082223,0.027797,0.983523
-0.038920,0.014570,0.304070,3.244407,20.008678,10.500018,3.444320,2.756111,180.495482,5.615730,1.082281,0.027806,0.983524
-0.041007,0.014528,0.299416,3.555638,20.008913,10.500110,3.444710,2.739296,180.479047,5.628546,1.082304,0.027871,0.983566
-0.037087,0.014518,0.281374,3.556087,20.009005,10.500120,3.443505,2.732618,180.447158,5.625380,1.082296,0.027861,0.983571
-0.039053,0.014633,0.287627,2.707600,20.008723,10.500067,3.444519,2.741730,180.421918,5.613044,1.082273,0.027799,0.983501
-0.036346,0.014736,0.255136,3.815442,20.008893,10.500148,3.446242,2.731085,180.440687,5.633081,1.082391,0.027925,0.983630
-0.037955,0.014631,0.323310,3.686011,20.009307,10.416772,3.444531,2.738250,180.439491,5.322024,1.082383,0.026523,0.983607
-0.034850,0.013855,0.271275,3.686272,20.009093,10.416805,3.443179,2.747141,180.449294,5.322214,1.082391,0.026537,0.983618
-0.036044,0.014758,0.301357,3.363326,20.009173,10.416760,3.444969,2.740856,180.462384,5.339783,1.082420,0.026587,0.983707
-0.036817,0.014838,0.274231,4.184721,20.009680,10.416917,3.444219,2.759755,180.458013,5.330746,1.082395,0.026542,0.983638
-0.036306,0.014900,0.300387,3.833769,20.009613,10.416572,3.445243,2.747789,180.445258,5.335482,1.082438,0.026575,0.983681
-0.038148,0.014245,0.285968,3.257826,20.009572,10.416838,3.443668,2.732934,180.422224,5.338026,1.082437,0.026569,0.983712
-0.034590,0.014123,0.279110,2.973378,20.009628,10.416768,3.443767,2.755033,180.376183,5.334366,1.082446,0.026538,0.983691
-0.037653,0.014336,0.285235,2.761797,20.009748,10.416783,3.445017,2.744829,180.396859,5.341044,1.082525,0.026577,0.983745
-0.035306,0.014032,0.291111,3.182101,20.009902,10.416743,3.442215,2.738832,180.408979,5.355302,1.082545,0.026640,0.983794
-0.038042,0.014275,0.302678,3.505037,20.010092,10.416630,3.443532,2.751758,180.387274,5.360004,1.082584,0.026625,0.983837
-0.037650,0.014278,0.294018,3.178238,20.009665,10.416625,3.442649,2.762423,180.393085,5.366433,1.082597,0.026629,0.983838
-0.038826,0.013639,0.282166,3.331782,20.009800,10.416652,3.441410,2.741627,180.401034,5.395125,1.082667,0.026757,0.983963
-0.039675,0.014136,0.292172,3.332521,20.009845,10.416650,3.443277,2.751846,180.376552,5.398627,1.082687,0.026732,0.983944
-0.037155,0.014405,0.273816,3.414569,20.010038,10.416773,3.443125,2.739507,180.379431,5.397924,1.082686,0.026760,0.983947
-0.040824,0.014248,0.308905,3.386781,20.009827,10.416650,3.442362,2.757019,180.355484,5.397091,1.082701,0.026733,0.983948
-0.036738,0.014298,0.269464,3.100041,20.009860,10.416823,3.443268,2.735912,180.334238,5.398700,1.082756,0.026763,0.983963
-0.039408,0.014031,0.293285,3.409572,20.010278,10.416745,3.443808,2.750527,180.271669,5.389063,1.082688,0.026701,0.983919
-0.036013,0.014095,0.276969,3.287752,20.010267,10.416720,3.444112,2.754260,180.261091,5.386454,1.082670,0.026721,0.983905
-0.039859,0.013766,0.286497,3.173547,20.010170,10.416590,3.441869,2.734984,180.273934,5.398088,1.082695,0.026751,0.983963
-0.035972,0.014837,0.306373,2.670302,20.010307,10.416825,3.444668,2.751200,180.270939,5.413263,1.082733,0.026782,0.983979
-0.037977,0.014389,0.277622,3.777893,20.010650,10.416698,3.443836,2.753732,180.225467,5.400753,1.082686,0.026745,0.983941
-0.037873,0.013864,0.295561,5.191322,20.010415,10.416783,3.441932,2.750074,180.220935,5.401276,1.082719,0.026755,0.983963
-0.038913,0.014089,0.288178,3.310410,20.010412,10.416757,3.444013,2.739023,180.230417,5.404923,1.082749,0.026789,0.983972
-0.039500,0.013507,0.288836,3.219836,20.010523,10.416833,3.440388,2.731144,180.198036,5.394465,1.082668,0.026701,0.983893
-0.039272,0.014030,0.293106,3.668013,20.010577,10.416742,3.441135,2.738797,180.399637,5.427067,1.082799,0.026869,0.984083
-0.035181,0.014514,0.254045,2.966951,20.010512,10.333422,3.443499,2.762075,180.530714,5.155320,1.083025,0.025641,0.984246
-0.034056,0.014150,0.265390,3.399442,20.009135,10.333412,3.442704,2.750115,180.658797,5.197222,1.083235,0.025778,0.984417
-0.036422,0.013958,0.297219,3.163653,20.010657,10.333570,3.441642,2.741877,180.715309,5.226620,1.083347,0.025857,0.984522
-0.037705,0.013436,0.261235,3.493985,20.010412,10.333532,3.439612,2.760492,180.713941,5.238467,1.083387,0.025933,0.984572
-0.033634,0.014273,0.264713,3.789638,20.010358,10.333342,3.442062,2.752545,180.254124,5.146942,1.082974,0.025620,0.984198
-0.038445,0.014558,0.264194,3.400736,20.010863,10.416778,3.447609,2.751770,180.129184,5.408477,1.082727,0.026785,0.983961
-0.036904,0.014383,0.299710,2.910124,20.010773,10.416725,3.442915,2.738956,180.088496,5.403651,1.082676,0.026730,0.983918
-0.037601,0.014973,0.280932,3.689466,20.010788,10.416655,3.444456,2.751018,180.069603,5.392656,1.082649,0.026689,0.983873
-0.039145,0.014476,0.308977,6.039929,20.000732,10.416552,3.443128,2.748329,180.057846,5.397783,1.082622,0.026705,0.983897
-0.039180,0.014057,0.285058,3.630868,19.934493,10.416697,3.443316,2.760697,180.054318,5.412856,1.082590,0.026784,0.983879
-0.040234,0.014798,0.288405,3.372208,20.000952,10.416803,3.444996,2.750948,180.040468,5.392891,1.082623,0.026657,0.983862
-0.041324,0.015252,0.289412,3.136534,20.010895,10.416750,3.447367,2.758241,180.062729,5.391158,1.082646,0.026665,0.983881
-0.040334,0.014562,0.298928,3.487554,19.940998,10.416705,3.443957,2.745145,180.027967,5.386884,1.082616,0.026675,0.983878
-0.040150,0.014384,0.281793,3.328624,19.977178,10.416707,3.445001,2.751306,180.008115,5.384036,1.082585,0.026634,0.983839
-0.039768,0.014579,0.274469,3.355749,19.957355,10.416892,3.444334,2.742825,179.979717,5.384720,1.082564,0.026624,0.983838
-0.038525,0.014149,0.296535,2.994492,19.994987,10.416628,3.444989,2.739403,179.958405,5.359199,1.082501,0.026502,0.983728
-0.038590,0.013718,0.311151,3.314221,19.941725,10.416600,3.440825,2.723143,179.952769,5.364049,1.082447,0.026520,0.983739
-0.034692,0.014148,0.291949,2.782531,20.011090,10.416633,3.444246,2.745054,179.929609,5.354276,1.082470,0.026502,0.983734
-0.039342,0.014287,0.279242,3.462228,19.951143,10.416785,3.444350,2.744822,179.868019,5.343822,1.082348,0.026436,0.983657
-0.037734,0.014373,0.268547,2.776068,19.973255,10.416855,3.444757,2.725527,179.896565,5.342609,1.082392,0.026449,0.983669
-0.037855,0.014146,0.298503,3.777665,19.940193,10.416823,3.445085,2.748829,179.859713,5.341779,1.082354,0.026417,0.983649
-0.039499,0.014644,0.271888,3.367991,19.959680,10.416833,3.446258,2.759937,179.862656,5.330477,1.082303,0.026393,0.983629
-0.040420,0.014916,0.304712,3.261048,19.979168,10.416703,3.445937,2.746002,179.840688,5.323315,1.082329,0.026372,0.983614
-0.035491,0.013829,0.317285,3.362026,19.992813,10.416728,3.442103,2.734274,179.820614,5.321733,1.082338,0.026368,0.983593
-0.038420,0.014135,0.268566,3.599152,19.904308,10.416772,3.443695,2.747869,179.796868,5.311547,1.082290,0.026330,0.983575
-0.038035,0.014206,0.258615,4.363914,19.883292,10.416745,3.443134,2.755816,179.801765,5.319531,1.082291,0.026327,0.983564
-0.036139,0.014414,0.306982,3.529192,19.890542,10.416707,3.444912,2.754007,179.807801,5.316005,1.082267,0.026337,0.983566
-0.035097,0.013760,0.299957,2.861910,19.900012,10.416687,3.441033,2.755287,179.775219,5.314638,1.082278,0.026323,0.983583
-0.040766,0.014501,0.285929,3.541035,19.940243,10.416812,3.446142,2.739386,179.756763,5.311269,1.082283,0.026310,0.983541
-0.037610,0.014287,0.311847,5.200443,19.899387,10.416718,3.443773,2.742546,179.751924,5.306868,1.082250,0.026303,0.983533
-0.037262,0.014086,0.307625,3.147683,19.897305,10.416912,3.445425,2.747351,179.749601,5.299114,1.082233,0.026287,0.983540
-0.035710,0.014357,0.299933,3.205421,19.906528,10.416760,3.445107,2.745098,179.730993,5.296942,1.082215,0.026240,0.983478
-0.037781,0.014308,0.290636,3.408166,19.862657,10.416727,3.444948,2.747643,179.748050,5.310673,1.082200,0.026282,0.983512
-0.035535,0.014328,0.283905,4.095763,19.875237,10.416672,3.444771,2.742874,179.694450,5.299053,1.082183,0.026224,0.983474
-0.034798,0.014497,0.296077,2.703054,19.829742,10.416823,3.443665,2.748654,179.703459,5.289502,1.082164,0.026212,0.983447
-0.038293,0.013751,0.322111,3.913632,19.848082,10.416645,3.441398,2.747234,179.699819,5.280498,1.082154,0.026176,0.983426
-0.036555,0.014495,0.311460,3.690916,19.850992,10.416905,3.445272,2.751100,179.649707,5.268410,1.082072,0.026124,0.983360
-0.036616,0.014443,0.310092,4.483235,19.788990,10.416885,3.443717,2.754996,179.630947,5.267405,1.082039,0.026128,0.983364
-0.036640,0.014049,0.314098,3.013645,19.856928,10.416805,3.443123,2.744398,179.618063,5.260539,1.082047,0.026086,0.983316
-0.036009,0.014149,0.314512,4.307554,19.839507,10.416813,3.443596,2.759715,179.612167,5.259621,1.082051,0.026096,0.983332
-0.037902,0.014304,0.296487,3.372629,19.872153,10.416813,3.444055,2.755676,179.632008,5.260748,1.082098,0.026095,0.983366
-0.036275,0.014819,0.281002,4.109497,19.858642,10.416683,3.445567,2.746789,179.628741,5.197738,1.082044,0.025846,0.983077
-0.038109,0.014258,0.304210,3.209474,19.825098,10.416680,3.445105,2.751894,179.615207,5.251799,1.082011,0.026077,0.983319
-0.037908,0.013975,0.308266,2.847719,19.771492,10.416728,3.443928,2.753092,179.636294,5.243446,1.081977,0.026025,0.983277
-0.038067,0.014344,0.292962,2.809280,19.793023,10.416893,3.444115,2.747244,179.618164,5.251821,1.082000,0.026055,0.983299
-0.038121,0.013710,0.316310,2.894103,19.788982,10.416747,3.442534,2.733898,179.591854,5.246614,1.081976,0.026023,0.983268
-0.037162,0.014658,0.300889,3.324079,19.833555,10.416645,3.447561,2.735305,179.567648,5.239527,1.081948,0.025991,0.983234
-0.036531,0.014415,0.320951,3.405546,19.808162,10.416795,3.445472,2.743872,179.568317,5.227679,1.081907,0.025961,0.983189
-0.036175,0.014761,0.321324,3.384040,19.788875,10.416665,3.446133,2.758523,179.566625,5.223253,1.081889,0.025926,0.983183
-0.036244,0.013747,0.308611,3.300065,19.810735,10.416768,3.444167,2.749556,179.558407,5.215300,1.081854,0.025899,0.983149
-0.035077,0.014542,0.301064,3.130679,19.766677,10.416735,3.444674,2.732564,179.538485,5.212968,1.081815,0.025871,0.983104
-0.035778,0.014759,0.304953,4.196119,19.803055,10.416785,3.445435,2.761109,179.514712,5.199942,1.081801,0.025824,0.983067
-0.034884,0.014998,0.327329,3.214468,19.818835,10.416768,3.447486,2.728597,179.503484,5.192964,1.081790,0.025810,0.983044
-0.037504,0.014712,0.308462,3.497138,19.772420,10.416597,3.447301,2.756097,179.485770,5.185577,1.081724,0.025757,0.983011
-0.034021,0.014589,0.304046,3.381564,19.779820,10.416608,3.446979,2.763026,179.459841,5.176659,1.081658,0.025737,0.982962
-0.035235,0.014093,0.309547,3.055133,19.821758,10.416742,3.444233,2.750328,179.460823,5.176408,1.081654,0.025700,0.982920
-0.032083,0.014323,0.314696,3.177895,19.762657,10.416865,3.444349,2.760843,179.371655,5.160523,1.081569,0.025657,0.982877
-0.034905,0.014762,0.314888,3.603252,19.763687,10.416752,3.446298,2.754006,179.326271,5.144672,1.081519,0.025587,0.982823
-0.036602,0.014729,0.329302,3.107288,19.740405,10.416768,3.447064,2.750947,179.288355,5.147448,1.081522,0.025568,0.982774
-0.035424,0.014765,0.288282,3.550139,19.769847,10.416743,3.445423,2.748419,179.369591,5.148034,1.081526,0.025590,0.982811
-0.036368,0.014436,0.315696,3.696689,19.778270,10.416790,3.444679,2.737547,179.384731,5.150006,1.081532,0.025597,0.982825
-0.039245,0.013974,0.305127,2.810872,19.759623,10.416667,3.443287,2.760162,179.361194,5.139369,1.081535,0.025574,0.982797
-0.038135,0.013878,0.327070,2.514667,19.744280,10.416785,3.443769,2.752877,179.385347,5.151918,1.081535,0.025578,0.982809
-0.033425,0.014439,0.297615,3.174917,19.781487,10.416870,3.446210,2.738427,179.354257,5.143556,1.081500,0.025569,0.982799
-0.035564,0.014415,0.302718,3.558225,19.705513,10.416747,3.444561,2.742276,179.298316,5.130042,1.081410,0.025509,0.982733
-0.035388,0.014787,0.316095,3.231476,19.708075,10.416718,3.446788,2.749368,179.277522,5.118293,1.081359,0.025470,0.982690
-0.034578,0.014724,0.305948,2.659624,19.693168,10.416827,3.444782,2.738259,179.249654,5.119138,1.081335,0.025444,0.982674
-0.034623,0.014841,0.315686,3.032370,19.716568,10.416637,3.447343,2.744344,179.253449,5.104593,1.081362,0.025409,0.982651
-0.034262,0.015045,0.319926,3.584659,19.732545,10.416755,3.447976,2.742411,179.278604,5.120922,1.081381,0.025447,0.982693
-0.036419,0.014046,0.309087,3.641744,19.789235,10.416823,3.442986,2.743889,179.274135,5.121055,1.081388,0.025458,0.982705
-0.034484,0.014452,0.306777,4.470786,19.707512,10.416717,3.444849,2.760024,179.264932,5.122380,1.081357,0.025471,0.982712
-0.032983,0.014182,0.299700,4.026133,19.726778,10.416722,3.446894,2.752585,179.285059,5.124197,1.081375,0.025447,0.982705
-0.034590,0.014526,0.313560,3.445908,19.728672,10.416878,3.445816,2.748489,179.284928,5.122706,1.081338,0.025432,0.982698
-0.034454,0.015007,0.272322,3.507343,19.699978,10.416723,3.449657,2.751083,179.232816,5.110398,1.081267,0.025397,0.982658
-0.037135,0.014406,0.321699,4.870524,19.693713,10.416708,3.446764,2.749919,179.145969,5.085402,1.081164,0.025294,0.982524
-0.034433,0.014909,0.302687,3.333989,19.701772,10.416617,3.448319,2.755728,179.153829,5.084065,1.081161,0.025299,0.982549
-0.037509,0.014475,0.279705,3.475142,19.716417,10.416732,3.446298,2.749069,179.132148,5.089536,1.081148,0.025283,0.982514
-0.033349,0.014662,0.334472,3.682473,19.678725,10.416770,3.445773,2.745170,179.109116,5.075376,1.081089,0.025250,0.982474
-0.035724,0.015288,0.325210,3.673617,19.696782,10.416635,3.446798,2.750292,179.093609,5.069724,1.081075,0.025229,0.982475
-0.034973,0.014584,0.313115,2.923766,19.721485,10.416625,3.446941,2.739344,179.095323,5.063859,1.081040,0.025190,0.982406
-0.036617,0.015432,0.318539,3.389847,19.635933,10.416612,3.449867,2.736813,179.068237,5.052080,1.080931,0.025141,0.982358
-0.035213,0.015301,0.315074,3.162510,19.657388,10.416587,3.448319,2.746908,179.047143,5.048383,1.080923,0.025104,0.982325
-0.034583,0.015006,0.324039,3.018560,19.717320,10.416692,3.447429,2.752067,179.029483,5.041866,1.080891,0.025073,0.982288
-0.035046,0.014734,0.273567,4.448558,19.725672,10.416710,3.447023,2.754841,179.001042,5.038644,1.080938,0.025080,0.982282
-0.038093,0.014828,0.298072,2.934204,19.637150,10.500045,3.444828,2.757018,178.952545,5.333619,1.080767,0.026370,0.982219
-0.035130,0.014452,0.327402,3.417036,19.688938,10.500063,3.445748,2.742302,178.930290,5.317580,1.080778,0.026303,0.982158
-0.037012,0.014820,0.323659,3.010309,19.680925,10.500108,3.448132,2.737627,178.926768,5.300682,1.080711,0.026221,0.982084
-0.039266,0.015092,0.309203,3.080651,19.657908,10.500108,3.448040,2.744975,178.899572,5.304530,1.080689,0.026222,0.982083
-0.035771,0.014864,0.323993,3.344155,19.705055,10.500148,3.446359,2.744200,178.924243,5.308431,1.080724,0.026234,0.982096
-0.039776,0.014918,0.330982,3.046886,19.639925,10.499997,3.448463,2.760111,178.936984,5.311905,1.080703,0.026271,0.982136
-0.037721,0.015661,0.335580,2.768940,19.629110,10.500062,3.449010,2.746844,178.951192,5.308253,1.080729,0.026267,0.982111
-0.037748,0.014646,0.301515,3.019628,19.709575,10.499975,3.449215,2.737965,178.958388,5.310916,1.080763,0.026255,0.982140
-0.040270,0.014841,0.285888,3.132725,19.624512,10.500053,3.446941,2.755042,179.364321,5.295552,1.080596,0.026205,0.982066
-0.039035,0.013984,0.306636,3.062758,19.593747,10.500015,3.447494,2.741839,179.169403,5.307226,1.080512,0.026046,0.981920
-0.039419,0.014374,0.337316,2.681685,19.592123,10.500183,3.446079,2.748415,178.812009,5.274291,1.080509,0.026028,0.981904
-0.039399,0.014342,0.337185,3.148331,19.615492,10.499895,3.446422,2.761613,178.832184,5.260512,1.080504,0.026024,0.981908
-0.035735,0.014360,0.316448,2.475851,19.633228,10.500187,3.445957,2.737888,178.817331,5.251078,1.080483,0.025994,0.981874
-0.037523,0.014895,0.330086,2.844264,19.602258,10.500192,3.449190,2.752039,178.774269,5.233322,1.080409,0.025932,0.981812
-0.037632,0.014648,0.279384,3.525997,19.565523,10.500133,3.447273,2.741967,178.765235,5.234406,1.080353,0.025905,0.981779
-0.036331,0.014449,0.310279,2.487168,19.614975,10.500227,3.446291,2.769406,178.750236,5.220684,1.080335,0.025851,0.981745
-0.038655,0.014428,0.325401,2.518730,19.593220,10.500015,3.445702,2.734753,178.783610,5.212237,1.080299,0.025841,0.981718
-0.035293,0.014646,0.295874,3.282488,19.617002,10.500028,3.446992,2.742712,178.804211,5.221270,1.080328,0.025852,0.981739
-0.036863,0.014435,0.324366,3.589465,19.602242,10.500055,3.445478,2.745666,178.800752,5.216961,1.080269,0.025834,0.981724
-0.038054,0.014795,0.319457,4.279421,19.578700,10.499910,3.447267,2.743038,178.797207,5.211417,1.080241,0.025813,0.981702
-0.036974,0.015117,0.327909,2.883806,19.664723,10.499895,3.445953,2.743045,178.788412,5.199447,1.080242,0.025769,0.981658
-0.037434,0.014834,0.304151,4.045899,19.549655,10.500052,3.447611,2.735163,178.763156,5.189768,1.080151,0.025742,0.981636
-0.035233,0.014272,0.310851,2.576869,19.570028,10.499907,3.444992,2.745582,178.721935,5.169318,1.080106,0.025669,0.981558
-0.037237,0.014424,0.318018,2.675469,19.543602,10.500067,3.444249,2.743517,178.688771,5.170852,1.080081,0.025652,0.981532
-0.034640,0.014592,0.342673,3.190819,19.616845,10.500077,3.446571,2.741057,178.679011,5.163930,1.080072,0.025612,0.981494
-0.034024,0.014247,0.327263,2.958635,19.549352,10.499995,3.445487,2.767821,178.629145,5.154704,1.079971,0.025581,0.981465
-0.034418,0.014617,0.345409,3.527847,19.588707,10.500030,3.447450,2.745528,178.607283,5.137622,1.079954,0.025502,0.981393
-0.033256,0.014541,0.344692,3.041419,19.559675,10.500043,3.446095,2.746841,178.598795,5.127286,1.079908,0.025474,0.981359
-0.037403,0.014153,0.327883,3.048198,19.561017,10.500132,3.445139,2.746770,178.599882,5.123941,1.079895,0.025455,0.981332
-0.035929,0.014633,0.320600,2.184793,19.558310,10.500153,3.446442,2.735611,178.637586,5.120845,1.079888,0.025437,0.981319
-0.034033,0.014852,0.319525,3.242948,19.565017,10.500092,3.447754,2.742549,178.767678,5.144054,1.080020,0.025496,0.981406
-0.035186,0.013940,0.330679,2.910143,19.610930,10.499998,3.445343,2.738825,178.822571,5.176475,1.080141,0.025586,0.981496
-0.038666,0.013990,0.322606,2.803673,19.567412,10.499972,3.445226,2.747767,178.791894,5.174576,1.080128,0.025578,0.981547
-0.035103,0.014299,0.317355,3.010270,19.610490,10.500068,3.445132,2.747083,178.672211,5.148371,1.079990,0.025496,0.981398
-0.036451,0.015034,0.343207,2.881105,19.555897,10.499970,3.448322,2.749028,178.536578,5.102195,1.079781,0.025352,0.981233
-0.035906,0.014650,0.339099,3.517769,19.565712,10.500038,3.447359,2.736500,178.543776,5.088759,1.079737,0.025305,0.981182
-0.037567,0.014587,0.315916,3.996863,19.568417,10.500185,3.446100,2.740093,178.481836,5.083491,1.079663,0.025272,0.981148
-0.033174,0.014065,0.317943,3.983068,19.543503,10.500168,3.446114,2.759327,178.582848,5.076842,1.079688,0.025248,0.981111
-0.035653,0.014780,0.308783,3.085567,19.599922,10.499972,3.447350,2.753828,178.707293,5.111006,1.079846,0.025336,0.981239
-0.035933,0.015107,0.298765,3.405165,19.573893,10.500133,3.449771,2.753660,178.773559,5.135466,1.079925,0.025421,0.981374
-0.036720,0.014684,0.332779,3.492079,19.579527,10.499970,3.446708,2.744220,178.602995,5.148544,1.078768,0.025471,0.981421
-0.038954,0.014447,0.318020,2.665929,19.580470,10.500035,3.447540,2.747219,178.800738,5.151862,1.079987,0.025454,0.981395
-0.036761,0.014942,0.334896,3.213516,19.612668,10.500083,3.447455,2.736997,178.769883,5.141564,1.079926,0.025406,0.981352
-0.034721,0.014922,0.335406,3.093785,19.541738,10.500120,3.448580,2.726228,178.686659,5.108125,1.079846,0.025346,0.981272
-0.037930,0.014727,0.335289,2.906719,19.567082,10.500053,3.447708,2.758298,178.613922,5.097795,1.079764,0.025281,0.981206
-0.034908,0.015144,0.365383,2.959779,19.559070,10.500103,3.450834,2.733122,178.430919,5.057633,1.079513,0.025130,0.981011
-0.035191,0.014954,0.338397,3.006794,19.538123,10.499920,3.447632,2.747539,178.444676,5.042599,1.079417,0.025067,0.980899
-0.037495,0.015027,0.327486,2.961052,19.556097,10.583375,3.447429,2.753888,178.434623,5.329947,1.079370,0.026392,0.980849
-0.037107,0.015292,0.313345,2.851327,19.544310,10.583367,3.448549,2.725854,178.403842,5.324366,1.079320,0.026346,0.980822
-0.039551,0.015316,0.325520,2.905463,19.554438,10.583243,3.449977,2.745649,178.384303,5.320502,1.079279,0.026341,0.980825
-0.040222,0.015102,0.342196,3.067235,19.534348,10.583447,3.448729,2.764387,178.385386,5.307342,1.079208,0.026266,0.980731
-0.035776,0.014647,0.341262,2.668073,19.503855,10.583468,3.449019,2.740439,178.333131,5.291959,1.079137,0.026168,0.980655
-0.034932,0.014728,0.333454,2.865185,19.537850,10.583482,3.448810,2.756752,178.294144,5.278209,1.079093,0.026114,0.980591
-0.037217,0.014971,0.324060,2.770773,19.518852,10.583538,3.447887,2.745790,178.279463,5.275832,1.079024,0.026084,0.980563
-0.034854,0.015046,0.341307,2.475575,19.526463,10.583380,3.449760,2.743051,178.265246,5.266593,1.078996,0.026059,0.980530
-0.039158,0.015299,0.342275,2.821673,19.529263,10.583253,3.450429,2.747158,178.235008,5.257123,1.078965,0.026004,0.980511
-0.037560,0.014644,0.311919,2.664608,19.490612,10.583505,3.448086,2.745046,178.253756,5.256989,1.078957,0.025996,0.980489
-0.038045,0.015554,0.358271,3.151723,19.522787,10.583357,3.450926,2.738663,178.303281,5.259287,1.078955,0.026007,0.980503
-0.035484,0.015603,0.325078,2.992140,19.538318,10.583533,3.449045,2.753275,178.407442,5.261987,1.079035,0.026015,0.980513
-0.037077,0.015387,0.318577,2.742624,19.530545,10.500088,3.448556,2.753927,178.503754,4.988988,1.079183,0.024791,0.980684
-0.035344,0.014875,0.328462,3.501213,19.518713,10.500163,3.447208,2.749591,178.494238,4.987062,1.079161,0.024764,0.980674
-0.035765,0.015599,0.342407,2.202261,19.539850,10.499953,3.448789,2.759666,178.373963,4.967956,1.079065,0.024711,0.980576
-0.037729,0.016024,0.332150,2.882896,19.473645,10.583268,3.453845,2.754371,178.239428,5.252951,1.078858,0.025942,0.980438
-0.035039,0.015167,0.361549,2.506443,19.466450,10.583417,3.450326,2.757398,178.150576,5.198929,1.078696,0.025786,0.980292
-0.035149,0.015469,0.295891,3.106699,19.447053,10.583433,3.452879,2.757455,178.116966,5.185577,1.078586,0.025717,0.980213
-0.039364,0.014667,0.346751,3.340704,19.512572,10.583447,3.446014,2.747092,178.253197,5.196899,1.078719,0.025728,0.980242
-0.031742,0.015568,0.322152,3.389800,19.556600,10.500150,3.451931,2.757614,178.454026,4.938077,1.078917,0.024556,0.980442
-0.037430,0.015341,0.329216,3.181589,19.547398,10.499980,3.447560,2.760838,178.557450,4.968038,1.079030,0.024638,0.980565
-0.036974,0.015343,0.335294,3.434943,19.626403,10.500225,3.449157,2.744291,178.624769,4.982306,1.079173,0.024707,0.980657
-0.035635,0.014685,0.306264,3.474926,19.587348,10.500172,3.445846,2.755166,178.646997,4.990548,1.079169,0.024725,0.980698
-0.037043,0.015170,0.321635,3.742524,19.562345,10.500138,3.449927,2.748611,178.629615,4.987420,1.079145,0.024702,0.980679
-0.036353,0.014815,0.333835,4.625826,19.562653,10.500070,3.447479,2.744493,178.592050,4.971887,1.079111,0.024650,0.980614
-0.036497,0.015167,0.332482,2.860139,19.509082,10.499970,3.448244,2.755354,178.486715,4.954550,1.079007,0.024587,0.980523
-0.035365,0.014666,0.323087,2.746274,19.550500,10.500157,3.447656,2.749210,178.262034,4.928319,1.078802,0.024485,0.980364
-0.035753,0.015194,0.323623,2.725571,19.457935,10.583322,3.449909,2.749656,178.045981,5.151655,1.078445,0.025562,0.980087
-0.038181,0.015020,0.350330,4.108868,19.450945,10.583352,3.449015,2.734087,178.079097,5.134790,1.078331,0.025459,0.979954
-0.036573,0.014957,0.352241,2.469256,19.444762,10.583428,3.447453,2.746293,178.037064,5.115485,1.078270,0.025412,0.979891
-0.039088,0.015178,0.334424,4.346462,19.457348,10.583493,3.449406,2.743540,177.977746,5.109426,1.078190,0.025351,0.979833
-0.033556,0.015526,0.365746,2.833426,19.465878,10.583430,3.449518,2.748009,177.962970,5.097914,1.078160,0.025314,0.979811
-0.034738,0.014874,0.334511,2.596047,19.422735,10.583402,3.447521,2.745498,177.922081,5.081891,1.078080,0.025277,0.979750
-0.038539,0.015164,0.344297,3.065860,19.483840,10.583402,3.451344,2.738247,177.915078,5.075884,1.078066,0.025215,0.979690
-0.035866,0.015252,0.365525,2.669399,19.411000,10.583388,3.450212,2.752848,177.879672,5.072451,1.078002,0.025210,0.979675
-0.035708,0.015108,0.343658,2.467729,19.466877,10.583355,3.448356,2.752807,177.862211,5.049045,1.078001,0.025122,0.979590
-0.032514,0.015090,0.335944,3.120360,19.425238,10.583353,3.449759,2.745425,177.880160,5.053629,1.077961,0.025146,0.979630
-0.033556,0.015092,0.354219,3.026355,19.401768,10.583338,3.449556,2.756179,177.912489,5.055306,1.077967,0.025121,0.979609
-0.034267,0.015220,0.337168,3.618980,19.405363,10.583468,3.448957,2.748325,177.973441,5.055340,1.077989,0.025116,0.979634
-0.034502,0.015177,0.354716,2.523129,19.405650,10.583198,3.449461,2.749368,178.060821,5.064291,1.078051,0.025138,0.979680
-0.037512,0.015945,0.318934,2.893895,19.484498,10.583295,3.453718,2.761547,178.194482,5.088357,1.078187,0.025192,0.979740
-0.038984,0.015003,0.328334,3.252261,19.478153,10.583512,3.449804,2.736219,178.186217,5.110930,1.078252,0.025282,0.979848
-0.035093,0.015441,0.326171,3.478008,19.415448,10.583482,3.450712,2.742733,178.020122,5.071597,1.078037,0.025154,0.979687
-0.034526,0.015970,0.357098,3.544607,19.415972,10.583430,3.452571,2.755608,177.852332,5.027662,1.077843,0.024992,0.979498
-0.037683,0.015313,0.352405,3.020024,19.445535,10.666697,3.450479,2.744401,177.787369,5.311463,1.077683,0.026260,0.979351
-0.038305,0.015677,0.351948,3.261866,19.430143,10.666670,3.451633,2.754957,177.759169,5.304789,1.077598,0.026230,0.979336
-0.036858,0.015597,0.366193,3.209396,19.399922,10.666803,3.451371,2.756438,177.779434,5.290458,1.077557,0.026163,0.979277
-0.036098,0.015370,0.325541,2.669941,19.375247,10.583395,3.449214,2.754261,176.908519,4.992808,1.077687,0.024834,0.979338
-0.032582,0.015854,0.301398,3.090749,19.439800,10.583548,3.452980,2.768480,178.000544,5.022088,1.077784,0.024918,0.979427
-0.036676,0.015586,0.344162,3.122302,19.449672,10.583320,3.451715,2.748846,178.050058,5.021791,1.077827,0.024931,0.979489
-0.036953,0.015581,0.347824,2.580661,19.547185,10.583337,3.450050,2.745949,178.060980,5.036697,1.077867,0.024943,0.979485
-0.037143,0.015160,0.346496,2.956542,19.421072,10.583413,3.448660,2.756633,178.037232,5.028113,1.077838,0.024956,0.979496
-0.037146,0.015583,0.335007,3.137656,19.437838,10.583328,3.450375,2.744487,178.017475,5.018832,1.077798,0.024887,0.979432
-0.036189,0.015381,0.350286,3.737956,19.446135,10.583417,3.451219,2.751283,177.939006,5.007095,1.077722,0.024847,0.979375
-0.036687,0.015804,0.349594,2.837973,19.401197,10.583323,3.451362,2.748055,177.784383,4.987443,1.077588,0.024791,0.979281
-0.037337,0.015142,0.366458,2.798280,19.364868,10.666633,3.450257,2.751416,177.643494,5.245755,1.077333,0.025941,0.979045
-0.038760,0.014985,0.375068,3.041882,19.383395,10.666647,3.451868,2.746667,177.663491,5.231803,1.077302,0.025896,0.979000
-0.039656,0.015183,0.306055,3.158369,19.419317,10.666647,3.450052,2.740676,177.660814,5.227494,1.077282,0.025848,0.978956
-0.037363,0.015235,0.368933,3.043337,19.401663,10.666592,3.450559,2.748692,177.624147,5.217140,1.077225,0.025803,0.978928
-0.038325,0.015437,0.344152,2.899353,19.408743,10.666653,3.450165,2.749409,177.589854,5.207758,1.077190,0.025777,0.978890
-0.036146,0.015521,0.372107,2.819434,19.389682,10.666803,3.450032,2.752598,177.569848,5.188142,1.077094,0.025692,0.978811
-0.036918,0.015055,0.354299,2.635471,19.436463,10.666728,3.450033,2.753218,177.516989,5.175721,1.077042,0.025642,0.978750
-0.035569,0.015905,0.336525,2.972629,19.390755,10.666753,3.454554,2.754738,177.488687,5.154515,1.076960,0.025569,0.978675
-0.035186,0.015296,0.354191,3.678764,19.356355,10.666787,3.450770,2.731950,177.490690,5.141661,1.076895,0.025505,0.978611
-0.035869,0.015672,0.357134,2.772515,19.390610,10.666700,3.450403,2.738702,177.509080,5.148223,1.076931,0.025510,0.978622
-0.034908,0.015353,0.327510,2.612549,19.370383,10.666587,3.450481,2.766849,177.521458,5.141982,1.076935,0.025508,0.978620
-0.036563,0.015601,0.360978,2.557625,19.376208,10.666668,3.450878,2.739576,177.553798,5.140141,1.076934,0.025470,0.978594
-0.038050,0.015798,0.356062,4.119623,19.406823,10.666550,3.452602,2.756208,177.614479,5.134154,1.076924,0.025468,0.978604
-0.035925,0.014672,0.352997,2.761363,19.410212,10.666845,3.447729,2.758815,177.747097,5.169630,1.077080,0.025551,0.978698
-0.038963,0.015814,0.360226,2.639541,19.466143,10.666645,3.450688,2.757369,177.780459,5.181632,1.077159,0.025610,0.978756
-0.039026,0.015059,0.352479,2.782523,19.396050,10.666572,3.447731,2.740243,177.663988,5.171467,1.076992,0.025553,0.978687
-0.035501,0.015477,0.372990,2.649618,19.440368,10.666603,3.451915,2.753302,177.516570,5.120819,1.076877,0.025413,0.978557
-0.034200,0.015828,0.352416,2.757246,19.427088,10.666752,3.454064,2.734111,177.427707,5.089900,1.076689,0.025302,0.978380
-0.035795,0.015634,0.348595,2.937181,19.392572,10.666790,3.451678,2.746688,177.420767,5.089636,1.076625,0.025294,0.978368
-0.036179,0.015497,0.380336,2.546766,19.394663,10.666752,3.452446,2.742400,177.387826,5.067491,1.076536,0.025211,0.978287
-0.036796,0.016396,0.344620,3.072434,19.361668,10.666647,3.454275,2.746942,177.519233,5.076143,1.076628,0.025205,0.978318
-0.038296,0.015173,0.309388,3.069727,19.378107,10.666545,3.448100,2.762264,177.629517,5.103085,1.076761,0.025284,0.978438
-0.036281,0.016007,0.355930,3.758075,19.392808,10.666793,3.454142,2.738280,177.710126,5.051987,1.076818,0.025066,0.978208
-0.037230,0.015461,0.337336,2.415524,19.402503,10.666677,3.448901,2.739714,177.739047,5.123952,1.076842,0.025358,0.978519
-0.036686,0.014796,0.366982,3.165502,19.482702,10.666923,3.448334,2.757805,177.730603,5.119457,1.076831,0.025339,0.978514
-0.036604,0.015238,0.366474,2.497471,19.407862,10.666787,3.449783,2.741074,177.711212,5.111862,1.076746,0.025313,0.978487
-0.034550,0.015214,0.358935,2.389687,19.448232,10.666800,3.450154,2.734633,177.673288,5.099784,1.076724,0.025276,0.978448
-0.032803,0.015254,0.370216,2.887850,19.428122,10.666792,3.449225,2.753329,177.575913,5.084584,1.076652,0.025198,0.978352
-0.037046,0.015687,0.361756,3.284241,19.476560,10.666672,3.451590,2.751033,177.325163,5.044053,1.076378,0.025048,0.978128
-0.039787,0.016462,0.329152,2.848991,19.358153,10.750047,3.453315,2.752786,177.337247,5.333995,1.076222,0.026377,0.978078
-0.038666,0.016478,0.350242,2.979750,19.376730,10.750080,3.455482,2.731229,177.299590,5.313698,1.076181,0.026291,0.977989
-0.039981,0.016119,0.337901,3.334626,19.414380,10.750202,3.452962,2.745329,177.293509,5.315854,1.076155,0.026278,0.977960
-0.039505,0.015319,0.387134,2.537380,19.337885,10.749938,3.449190,2.742083,177.252845,5.298935,1.076024,0.026195,0.977890
-0.037719,0.015602,0.360532,2.974980,19.353515,10.750143,3.452829,2.757073,177.247764,5.284363,1.076008,0.026139,0.977832
-0.037876,0.015199,0.368381,2.633536,19.387750,10.749922,3.449048,2.749360,177.219584,5.260688,1.075920,0.026040,0.977763
-0.037539,0.015930,0.362588,3.240436,19.345610,10.750062,3.452757,2.749694,177.182839,5.242870,1.075822,0.025970,0.977690
-0.036992,0.015915,0.372468,2.664302,19.358183,10.750060,3.452761,2.741111,177.153181,5.227583,1.075786,0.025922,0.977622
-0.036109,0.015512,0.363281,2.885620,19.388853,10.749992,3.450458,2.755001,177.125850,5.218401,1.075718,0.025834,0.977548
-0.035468,0.015871,0.351436,3.587391,19.395507,10.750093,3.452059,2.738299,177.107331,5.200770,1.075680,0.025811,0.977539
-0.037091,0.015590,0.374426,2.486177,19.342682,10.750032,3.451079,2.771877,177.093716,5.198466,1.075598,0.025782,0.977502
-0.034442,0.015956,0.389784,2.801155,19.327948,10.749970,3.452683,2.729558,177.119361,5.183703,1.075585,0.025720,0.977426
-0.034256,0.015750,0.379770,2.631009,19.350028,10.750128,3.451649,2.737724,177.218907,5.201738,1.075685,0.025770,0.977490
-0.036635,0.015467,0.382092,2.381479,19.314647,10.750112,3.453296,2.747691,177.254243,5.225505,1.075719,0.025840,0.977570
-0.034521,0.015485,0.330644,2.470044,19.297140,10.749952,3.450294,2.733665,177.180170,5.202157,1.075623,0.025769,0.977517
-0.034312,0.015717,0.349309,2.861216,19.329530,10.750135,3.453667,2.744743,177.080271,5.161133,1.075460,0.025621,0.977347
-0.036387,0.015700,0.367767,2.721051,19.360273,10.750088,3.454640,2.750611,177.142997,5.164208,1.075449,0.025629,0.977346
-0.036540,0.015829,0.383603,2.620987,19.307673,10.750168,3.452350,2.740046,177.112935,5.150331,1.075352,0.025576,0.977289
-0.037198,0.015591,0.357323,2.798251,19.373170,10.750040,3.451637,2.739905,177.037217,5.133867,1.075277,0.025490,0.977178
-0.035970,0.015369,0.380283,2.457138,19.307672,10.749992,3.449582,2.748600,177.071451,5.136201,1.075235,0.025470,0.977167
-0.036874,0.016026,0.348602,2.476062,19.417957,10.750117,3.453621,2.767652,177.179948,5.134509,1.075375,0.025462,0.977195
-0.035456,0.015889,0.382783,2.759610,19.350300,10.749938,3.452733,2.752101,177.279224,5.156764,1.075445,0.025554,0.977304
-0.035800,0.015908,0.365211,2.702299,19.371072,10.750010,3.453754,2.732554,177.359272,5.174626,1.075522,0.025610,0.977371
-0.035006,0.016230,0.366050,3.619834,19.369212,10.750098,3.454037,2.757324,177.425052,5.192889,1.075547,0.025661,0.977408
-0.038612,0.016007,0.355640,2.811793,19.400783,10.749875,3.451892,2.744228,177.425873,5.180510,1.075572,0.025645,0.977393
-0.038169,0.016142,0.342084,3.824474,19.437903,10.749848,3.455065,2.741846,177.434140,5.181793,1.075589,0.025634,0.977390
-0.037091,0.015922,0.352265,3.589280,19.385072,10.749713,3.453619,2.745600,177.403226,5.180544,1.075560,0.025627,0.977392
-0.035200,0.015126,0.330326,2.519703,19.333782,10.750103,3.447865,2.744694,177.173648,5.139098,1.075299,0.025446,0.977203
-0.036046,0.016091,0.366502,2.841513,19.315832,10.750182,3.452648,2.733613,176.963663,5.085697,1.075024,0.025258,0.976951
-0.038771,0.016676,0.375649,2.553127,19.289048,10.833452,3.456297,2.729831,176.971236,5.358520,1.074838,0.026516,0.976795
-0.039165,0.016410,0.386572,2.141525,19.302645,10.833332,3.455641,2.755944,176.923283,5.341326,1.074752,0.026438,0.976724
-0.037375,0.015584,0.377300,2.586183,19.275137,10.833207,3.451731,2.748807,176.916313,5.328834,1.074680,0.026338,0.976630
-0.037476,0.016056,0.368340,2.423266,19.286267,10.833290,3.453631,2.729575,176.931316,5.316701,1.074637,0.026297,0.976586
-0.037679,0.015479,0.394479,2.617054,19.284452,10.833340,3.452355,2.738854,176.867939,5.303570,1.074593,0.026212,0.976566
-0.037870,0.016189,0.398566,2.646938,19.295418,10.833412,3.453936,2.741127,176.839739,5.297434,1.074542,0.026214,0.976511
-0.033668,0.016068,0.372869,2.478706,19.291983,10.833430,3.453018,2.720693,176.824774,5.217422,1.074519,0.025876,0.976201
-0.035111,0.015922,0.398905,2.916260,19.313558,10.833463,3.453187,2.746406,176.794273,5.284040,1.074524,0.026161,0.976479
-0.037144,0.015580,0.355166,2.619109,19.300868,10.833445,3.452587,2.740902,176.769997,5.274754,1.074469,0.026114,0.976415
-0.039563,0.015308,0.366333,3.177138,19.278073,10.833543,3.450763,2.732016,176.749222,5.269790,1.074416,0.026072,0.976395
-0.037738,0.016009,0.382611,3.020198,19.312182,10.833420,3.453445,2.741419,176.732146,5.254075,1.074391,0.026016,0.976361
-0.035796,0.015545,0.327441,2.738878,19.263120,10.833562,3.452246,2.747881,176.764129,5.246772,1.074363,0.025973,0.976309
-0.035084,0.016122,0.375753,2.132292,19.305665,10.833347,3.455252,2.741179,176.770555,5.243724,1.074368,0.025988,0.976304
-0.036669,0.016220,0.380749,2.700495,19.283848,10.833242,3.453523,2.731247,176.720239,5.216567,1.074268,0.025897,0.976222
-0.035875,0.015951,0.390466,3.012655,19.267783,10.833318,3.451824,2.747860,176.769091,5.230586,1.074248,0.025888,0.976219
-0.036627,0.016073,0.391357,2.775000,19.286440,10.833305,3.452491,2.741761,176.735563,5.206113,1.074185,0.025824,0.976164
-0.036429,0.016306,0.351155,2.855993,19.274408,10.833345,3.454883,2.736946,176.723146,5.211892,1.074137,0.025824,0.976143
-0.038029,0.015869,0.369030,2.782432,19.321087,10.833357,3.452275,2.736585,176.657042,5.212429,1.074115,0.025819,0.976156
-0.039255,0.016252,0.370119,2.679642,19.304555,10.833422,3.454141,2.746767,176.675656,5.186488,1.074048,0.025718,0.976048
-0.035673,0.015772,0.403762,2.674177,19.290368,10.833323,3.454430,2.738306,176.727223,5.205420,1.074044,0.025801,0.976063
-0.036312,0.016201,0.384742,2.301832,19.331990,10.833435,3.452989,2.738684,176.781735,5.191584,1.074106,0.025708,0.976088
-0.037616,0.015978,0.368308,2.836990,19.291858,10.833290,3.453525,2.734081,176.806991,5.191425,1.074079,0.025732,0.976066
-0.039416,0.015350,0.373346,3.458718,19.328965,10.833427,3.452329,2.756361,176.845555,5.207464,1.074137,0.025748,0.976088
-0.035332,0.015585,0.381640,2.791743,19.299222,10.833498,3.451875,2.733152,176.832824,5.200195,1.074077,0.025705,0.976055
-0.034966,0.015619,0.377165,3.659181,19.335533,10.833433,3.451989,2.748861,176.827018,5.185479,1.074054,0.025659,0.976019
-0.037305,0.016541,0.387718,3.095709,19.351505,10.833268,3.456065,2.741900,176.844981,5.188025,1.074057,0.025652,0.976007
-0.037352,0.016468,0.364054,2.692448,19.283852,10.833472,3.457883,2.725916,176.673742,5.160149,1.073884,0.025566,0.975910
-0.036155,0.016608,0.403440,2.693286,19.310192,10.833362,3.456687,2.738168,176.528291,5.105438,1.073683,0.025378,0.975689
-0.035984,0.016847,0.365028,3.708540,19.272975,10.833293,3.456331,2.753563,176.538663,5.103839,1.073658,0.025350,0.975651
-0.032996,0.016419,0.377437,2.827418,19.295928,10.833532,3.455037,2.738293,176.503701,5.100878,1.073611,0.025343,0.975663
-0.035919,0.016839,0.397852,2.592879,19.282433,10.833442,3.457276,2.746593,176.506590,5.094772,1.073562,0.025300,0.975602
-0.036184,0.015899,0.405207,2.953008,19.257263,10.833393,3.453445,2.751293,176.490157,5.089906,1.073491,0.025263,0.975564
-0.034383,0.015965,0.384060,2.717500,19.281600,10.833478,3.453474,2.744572,176.471451,5.070444,1.073471,0.025198,0.975503
-0.037245,0.016527,0.390698,2.822060,19.283550,10.833293,3.455549,2.746110,176.467471,5.072092,1.073454,0.025191,0.975501
-0.037425,0.016177,0.386071,2.747068,19.325447,10.833345,3.454349,2.729611,176.465759,5.067009,1.073427,0.025160,0.975448
-0.038572,0.016616,0.363075,2.665693,19.209543,10.916668,3.453883,2.727690,176.427462,5.362605,1.073306,0.026532,0.975437
-0.036440,0.016159,0.404402,2.811424,19.328420,10.916850,3.456277,2.750602,176.423018,5.340531,1.073298,0.026428,0.975323
-0.039511,0.016181,0.392890,2.544357,19.195337,10.916737,3.453304,2.743747,176.393193,5.328784,1.073180,0.026378,0.975282
-0.038083,0.016930,0.405891,2.473452,19.334700,10.916762,3.456478,2.743264,176.548892,5.319151,1.073234,0.026308,0.975266
-0.032568,0.015749,0.364869,2.730100,19.366065,10.833392,3.453570,2.748737,177.033605,5.111952,1.073699,0.025289,0.975689
-0.036355,0.015421,0.387146,3.115068,19.319863,10.750230,3.449569,2.743092,177.361037,4.880234,1.074057,0.024224,0.976055
-0.034385,0.015952,0.325230,2.940567,19.400507,10.750008,3.452140,2.748357,177.456669,4.926471,1.074264,0.024345,0.976201
-0.034612,0.015817,0.362768,2.650087,19.399757,10.749977,3.451304,2.739065,177.401172,4.917255,1.074225,0.024325,0.976188
-0.034354,0.015781,0.388527,2.758202,19.341725,10.749982,3.452323,2.754036,177.345724,4.906406,1.074117,0.024311,0.976147
-0.035766,0.016006,0.361007,3.156409,19.356130,10.750148,3.451043,2.749404,177.329487,4.889108,1.074068,0.024222,0.976064
-0.033698,0.016066,0.368165,2.753381,19.407510,10.750097,3.452394,2.746679,177.322021,4.887067,1.074032,0.024223,0.976054
-0.036476,0.016192,0.361681,2.800737,19.395888,10.750158,3.451527,2.749975,177.492295,4.889332,1.074096,0.024214,0.976075
-0.039460,0.015941,0.331319,3.018079,19.440197,10.749985,3.452665,2.736512,177.725525,4.945272,1.074319,0.024387,0.976241
-0.036110,0.015629,0.333665,4.119669,19.417778,10.749983,3.450051,2.731171,177.899677,4.911034,1.074493,0.024276,0.976171
-0.033676,0.015129,0.322781,3.123899,19.438020,10.666802,3.447700,2.748345,178.054530,4.687367,1.074600,0.023201,0.976517
-0.033738,0.015726,0.350825,2.151595,19.516748,10.666633,3.450783,2.756718,178.156044,4.720197,1.074743,0.023280,0.976652
-0.035564,0.015440,0.334495,3.405188,19.486858,10.666695,3.448237,2.742624,178.232364,4.734198,1.074785,0.023347,0.976694
-0.033482,0.015369,0.306516,3.835856,19.470105,10.666727,3.449739,2.738361,178.259774,4.740064,1.074751,0.023340,0.976703
-0.033407,0.015982,0.312904,3.062013,19.467990,10.666737,3.448963,2.766143,178.230036,4.729890,1.074711,0.023304,0.976642
-0.035717,0.015427,0.367122,3.201277,19.475173,10.666752,3.448289,2.746584,178.093458,4.703427,1.074662,0.023223,0.976567
-0.032588,0.015968,0.319668,3.548291,19.418418,10.666670,3.451724,2.758241,177.799370,4.649193,1.074286,0.023024,0.976316
-0.034402,0.015663,0.304213,2.888570,19.409413,10.750195,3.450076,2.758126,177.532855,4.888336,1.073947,0.024119,0.975992
-0.034499,0.016318,0.362638,2.693310,19.303043,10.750005,3.453226,2.752688,177.364346,4.828342,1.073673,0.023908,0.975752
-0.033760,0.016429,0.362218,2.696599,19.222625,10.750058,3.455970,2.755117,176.191463,4.788308,1.073500,0.023780,0.975588
-0.032758,0.015811,0.387216,2.719405,19.354608,10.833410,3.452535,2.753573,177.162087,5.066105,1.073363,0.025012,0.975435
-0.035102,0.016481,0.383844,2.573989,19.323608,10.833235,3.453709,2.734433,177.117610,5.050564,1.073252,0.024932,0.975356
-0.035261,0.015719,0.358510,3.300476,19.304420,10.833397,3.452293,2.756217,177.096478,5.030764,1.073178,0.024857,0.975276
-0.034259,0.016191,0.359028,2.759779,19.315147,10.833447,3.453603,2.751206,177.087638,5.017706,1.073103,0.024784,0.975232
-0.032598,0.015617,0.387239,2.729600,19.266757,10.833488,3.450554,2.751277,177.074166,4.997778,1.073037,0.024719,0.975153
-0.035122,0.016016,0.403344,2.578523,19.287008,10.833353,3.453163,2.741829,177.074361,4.988161,1.072983,0.024667,0.975107
-0.034954,0.015648,0.370730,2.779155,19.302197,10.833288,3.451528,2.753705,177.065112,4.983824,1.072957,0.024618,0.975059
-0.035204,0.015542,0.328980,3.555022,19.322415,10.833465,3.449854,2.738810,177.030098,4.952019,1.072855,0.024547,0.974999
-0.035293,0.016073,0.388646,2.693679,19.306727,10.833478,3.453571,2.764029,177.044138,4.951722,1.072820,0.024520,0.974958
-0.033162,0.015575,0.385283,3.043439,19.348325,10.833508,3.453032,2.746539,177.138867,4.957962,1.072887,0.024528,0.974979
-0.035063,0.015740,0.354927,2.784253,19.338557,10.833318,3.450836,2.756607,177.154688,4.978781,1.072918,0.024579,0.975047
-0.035087,0.015932,0.381635,3.532726,19.324445,10.833538,3.453637,2.742085,177.072613,4.953426,1.072811,0.024484,0.974940
-0.033851,0.016183,0.364499,3.388891,19.379588,10.833460,3.454216,2.735136,176.991828,4.926952,1.072680,0.024390,0.974820
-0.034599,0.015800,0.376611,2.925754,19.307578,10.833395,3.450281,2.756824,176.939277,4.914148,1.072579,0.024340,0.974756
-0.034139,0.016538,0.396169,2.595046,19.236738,10.833232,3.452454,2.766019,176.891148,4.890172,1.072492,0.024270,0.974685
-0.035398,0.016364,0.376768,3.080173,19.245650,10.833533,3.455300,2.746044,176.977545,4.877322,1.072466,0.024197,0.974630
-0.036535,0.016298,0.376798,2.786999,19.276755,10.833488,3.454112,2.735790,177.177190,4.906565,1.072595,0.024264,0.974736
-0.038330,0.016604,0.388962,2.283137,19.316107,10.833435,3.454338,2.751327,177.324527,4.939297,1.072742,0.024387,0.974861
-0.032349,0.016152,0.362723,2.791633,19.329913,10.732593,3.452493,2.743952,177.440647,4.661011,1.072857,0.023118,0.974959
-0.034139,0.016574,0.366333,2.702812,19.382390,10.749983,3.452834,2.746607,177.522905,4.658042,1.072905,0.023107,0.974987
-0.034701,0.015774,0.356879,2.744245,19.366755,10.749910,3.449386,2.744230,177.595715,4.662001,1.072951,0.023131,0.975059
-0.034050,0.015660,0.370738,3.210170,19.381113,10.750113,3.451298,2.760849,177.635486,4.672068,1.072992,0.023159,0.975072
-0.035059,0.015879,0.327707,2.395133,19.360798,10.749927,3.452978,2.757115,177.659903,4.680351,1.072984,0.023138,0.975074
-0.034414,0.015923,0.357424,3.075302,19.372755,10.750008,3.451018,2.752867,177.631977,4.659489,1.072949,0.023099,0.975033
-0.033052,0.016160,0.336133,2.876205,19.345770,10.749985,3.451775,2.736062,177.382369,4.635001,1.072704,0.023006,0.974851
-0.033923,0.015596,0.368371,2.694475,19.330340,10.833317,3.451646,2.751567,177.168502,4.870788,1.072403,0.024102,0.974603
-0.034208,0.016383,0.392585,2.928224,19.288235,10.833402,3.456653,2.757573,177.008184,4.828550,1.072157,0.023935,0.974392
-0.032116,0.016332,0.379444,3.060405,19.300017,10.833450,3.454727,2.733041,176.913492,4.797432,1.071992,0.023810,0.974212
-0.038599,0.017009,0.389598,3.169954,19.330318,10.916725,3.458211,2.716757,176.839438,5.077557,1.071874,0.025086,0.974105
-0.036014,0.016498,0.361228,2.567224,19.296830,10.916752,3.455321,2.750806,176.807394,5.054877,1.071753,0.024967,0.973997
-0.036316,0.016028,0.358421,3.661099,19.238672,10.916773,3.453441,2.741008,176.761253,5.028843,1.071640,0.024870,0.973926
-0.035370,0.016993,0.381407,2.756783,19.320565,11.000058,3.455474,2.760607,176.762642,5.105627,1.071686,0.025256,0.972878
-0.035739,0.015919,0.376272,3.021426,19.261403,10.916663,3.454097,2.769240,176.771750,5.013995,1.071577,0.024778,0.973824
-0.036984,0.016270,0.399355,2.378795,19.287927,10.916642,3.453872,2.750012,176.772970,4.997077,1.071570,0.024708,0.973767
-0.036332,0.015616,0.379928,2.980004,19.273623,10.916707,3.450360,2.759036,176.792892,4.995391,1.071502,0.024695,0.973758
-0.036270,0.015903,0.384922,2.527125,19.272870,10.916745,3.452944,2.747736,176.786269,4.986728,1.071456,0.024661,0.973721
-0.035768,0.015765,0.383559,2.733196,19.259513,10.916640,3.453114,2.753419,176.808524,4.978272,1.071405,0.024617,0.973664
-0.037222,0.016315,0.358162,2.829980,19.253843,10.916703,3.454249,2.743460,176.905389,4.985664,1.071434,0.024610,0.973675
-0.037181,0.015955,0.385899,2.635133,19.289793,10.916680,3.452786,2.742709,176.945521,4.989964,1.071475,0.024641,0.973693
-0.033430,0.016047,0.365963,2.885257,19.314068,10.916790,3.453510,2.764240,176.882876,4.981828,1.071404,0.024589,0.973658
-0.034526,0.016548,0.374771,2.668273,19.308507,10.916587,3.456145,2.733823,176.765594,4.951990,1.071258,0.024460,0.973531
-0.031949,0.016263,0.379406,2.536641,19.242300,10.916787,3.453114,2.745993,176.657789,4.916925,1.071087,0.024334,0.973394
-0.033229,0.016634,0.384013,2.394945,19.288785,10.916655,3.454673,2.750928,176.584979,4.890685,1.070961,0.024229,0.973256
-0.033286,0.017192,0.399139,2.841272,19.249913,10.916863,3.455659,2.756549,176.580298,4.877592,1.070850,0.024185,0.973198
-0.030808,0.016942,0.387766,2.753838,19.395917,10.916785,3.456842,2.747420,176.774101,4.880934,1.071023,0.024168,0.973229
-0.035569,0.016178,0.372699,3.004268,19.278700,10.916833,3.452462,2.743550,176.955140,4.926610,1.071104,0.024318,0.973409
-0.037292,0.016713,0.376536,2.531688,19.369118,10.916888,3.452320,2.749201,177.110915,4.942261,1.071254,0.024408,0.973503
-0.034356,0.016392,0.377671,2.382509,19.355755,10.833435,3.453993,2.760714,177.185224,4.646232,1.071252,0.023055,0.973543
-0.034046,0.016309,0.327145,3.057399,19.325993,10.833330,3.452447,2.746701,177.254778,4.650722,1.071349,0.023067,0.973567
-0.034487,0.016596,0.358889,3.111177,19.335757,10.833250,3.454225,2.735791,177.297344,4.651311,1.071288,0.023027,0.973581
-0.031780,0.015757,0.364155,3.939876,19.326675,10.833460,3.449954,2.748733,177.307357,4.640926,1.071287,0.023023,0.973538
-0.036018,0.016630,0.388450,3.114341,19.335778,10.833335,3.453496,2.754637,177.297292,4.635870,1.071326,0.022994,0.973518
-0.036125,0.016658,0.383515,2.872943,19.358052,10.916723,3.453733,2.740026,177.090269,4.915935,1.071152,0.024302,0.973414
-0.035697,0.016009,0.384740,2.998623,19.248387,10.916782,3.452681,2.741173,176.844719,4.863424,1.070803,0.024037,0.973147
-0.031834,0.016236,0.368007,2.707433,19.322475,10.916848,3.454944,2.743620,176.658437,4.801205,1.070572,0.023829,0.972895
-0.037354,0.016986,0.364679,2.443632,19.266483,10.999897,3.457049,2.744879,176.555230,5.082911,1.070374,0.025112,0.972759
-0.036621,0.017187,0.385366,2.592741,19.265860,11.000002,3.455559,2.744819,176.489176,5.057462,1.070250,0.024961,0.972609
-0.036373,0.016659,0.392915,2.545061,19.259792,11.000107,3.454558,2.748388,176.431394,5.034148,1.070144,0.024868,0.972512
-0.033970,0.016720,0.359268,2.534752,19.216147,11.000072,3.455954,2.740504,176.394793,5.006249,1.070036,0.024753,0.972404
-0.036769,0.015840,0.377817,2.573179,19.238483,11.000100,3.452073,2.749358,176.378851,4.977438,1.069957,0.024669,0.972324
-0.034093,0.016330,0.409771,2.198133,19.277717,11.000088,3.453076,2.757927,176.364457,4.976948,1.069906,0.024627,0.972275
-0.036286,0.016834,0.351341,2.096976,19.195072,11.000088,3.455606,2.745744,176.384992,4.965358,1.069824,0.024591,0.972268
-0.036963,0.016552,0.363124,2.752475,19.252590,11.000045,3.455036,2.751800,176.426709,4.963497,1.069838,0.024547,0.972210
-0.035726,0.016076,0.384878,3.079996,19.252540,11.000198,3.452739,2.742807,176.442653,4.948084,1.069812,0.024472,0.972182
-0.033017,0.016502,0.384519,2.277912,19.308445,11.000178,3.454781,2.730178,176.487424,4.948401,1.069785,0.024478,0.972169
-0.032982,0.016211,0.358596,2.827640,19.372115,11.000177,3.452787,2.733851,176.584247,4.966858,1.069871,0.024525,0.972210
-0.036534,0.017030,0.395229,2.493059,19.277230,10.999945,3.455528,2.759597,176.651346,4.972227,1.069892,0.024565,0.972257
-0.034153,0.016755,0.363347,2.735278,19.303253,11.000000,3.455290,2.755430,176.623475,4.971792,1.069878,0.024542,0.972219
-0.035380,0.016665,0.375139,2.742029,19.258938,10.999918,3.453887,2.748505,176.492342,4.943627,1.069700,0.024428,0.972116
-0.036108,0.016697,0.370290,2.628223,19.212630,11.000030,3.455242,2.747045,176.383167,4.896253,1.069514,0.024247,0.971939
-0.033549,0.017048,0.412598,2.895467,19.194698,11.000078,3.455469,2.756052,176.277765,4.874069,1.069353,0.024154,0.971809
-0.032388,0.016969,0.391237,3.222046,19.232618,10.999987,3.457472,2.745988,176.224685,4.847601,1.069229,0.024043,0.971682
-0.035123,0.016639,0.379426,2.887890,19.273913,11.000025,3.455461,2.751673,176.354691,4.844945,1.069250,0.024022,0.971688
-0.035388,0.016781,0.382649,2.853022,19.266005,11.083242,3.456617,2.748439,176.546939,4.968321,1.069410,0.024524,0.970815
-0.035252,0.016883,0.398797,2.582297,19.229885,11.000052,3.454626,2.735769,176.697600,4.910065,1.069498,0.024208,0.971911
-0.034463,0.016596,0.356098,2.917621,19.348902,11.000090,3.453383,2.748494,176.794547,4.920065,1.069609,0.024274,0.971977
-0.031314,0.016928,0.398154,3.006426,19.305020,10.916727,3.453804,2.751153,176.853558,4.613431,1.069600,0.022877,0.971982
-0.031615,0.016756,0.352443,2.630596,19.280747,10.916593,3.453405,2.752441,176.871032,4.609515,1.069580,0.022869,0.971989
-0.032883,0.016722,0.385582,3.371413,19.304242,10.916645,3.453315,2.759426,176.867634,4.592757,1.069540,0.022797,0.971965
-0.033224,0.016445,0.400780,2.559799,19.260220,10.916795,3.452538,2.757997,176.827566,4.586806,1.069445,0.022764,0.971909
-0.035446,0.016778,0.364907,3.798012,19.279982,11.000148,3.453866,2.752119,176.688243,4.877008,1.069331,0.024047,0.971773
-0.033939,0.016682,0.380614,2.785357,19.216275,11.000127,3.453910,2.745912,176.431123,4.817099,1.069018,0.023845,0.971579
-0.032825,0.016758,0.386318,2.097499,19.192872,11.000080,3.455151,2.740386,176.252749,4.769789,1.068760,0.023660,0.971330
-0.034874,0.016610,0.421902,2.309608,19.253537,11.083335,3.455569,2.742651,176.131555,5.034627,1.068580,0.024838,0.971104
-0.033332,0.017070,0.394795,3.329410,19.219415,11.083400,3.455639,2.736778,176.036268,4.990622,1.068412,0.024694,0.970963
-0.034068,0.016780,0.412317,2.629190,19.188615,11.083377,3.458447,2.744932,175.997658,4.972045,1.068304,0.024615,0.970871
-0.034507,0.016944,0.415791,2.589513,19.160007,11.083255,3.458630,2.749828,175.988454,4.954119,1.068197,0.024523,0.970803
-0.034313,0.016684,0.402439,2.892220,19.200768,11.083473,3.456418,2.745973,175.973487,4.934604,1.068132,0.024460,0.970715
-0.033835,0.017263,0.386462,2.892500,19.177572,11.083538,3.459038,2.745076,175.963636,4.921498,1.068072,0.024400,0.970662
-0.032244,0.017165,0.402325,2.473841,19.200563,11.083522,3.457103,2.730646,175.978916,4.913132,1.068042,0.024367,0.970620
-0.036465,0.017034,0.403313,3.237789,19.194590,11.083528,3.456614,2.752090,176.018127,4.905852,1.067974,0.024324,0.970575
-0.032129,0.016169,0.386571,3.240246,19.217295,11.083455,3.454067,2.748550,175.990043,4.896410,1.067942,0.024270,0.970530
-0.033787,0.016972,0.410025,2.538297,19.239803,11.083415,3.454748,2.745480,176.002597,4.886747,1.067905,0.024229,0.970496
-0.034039,0.016864,0.417072,2.545589,19.253765,11.083287,3.458610,2.758161,176.072147,4.879492,1.067904,0.024192,0.970469
-0.035007,0.017080,0.411799,2.630475,19.209047,11.083518,3.456562,2.742735,176.195084,4.890433,1.067942,0.024209,0.970512
-0.032482,0.017254,0.393947,2.779498,19.271797,11.083400,3.457334,2.737592,176.162382,4.892074,1.067956,0.024208,0.970512
-0.033312,0.016848,0.401749,2.953399,19.185818,11.083377,3.455196,2.752507,176.015481,4.867448,1.067763,0.024108,0.970397
-0.033851,0.016988,0.351239,2.759103,19.194790,11.083375,3.454202,2.758357,175.925053,4.836854,1.067619,0.023987,0.970241
-0.038834,0.017215,0.385143,2.151893,19.213720,11.166553,3.457908,2.732105,175.867580,5.114280,1.067488,0.025268,0.970118
-0.034491,0.017424,0.414338,2.426322,19.241720,11.166658,3.458415,2.757825,175.838081,5.103421,1.067406,0.025210,0.970047
-0.035270,0.017353,0.374642,2.583781,19.181960,11.166643,3.455904,2.742563,175.888099,5.089537,1.067323,0.025131,0.969973
-0.032215,0.016941,0.410735,2.598022,19.356040,11.083418,3.455984,2.743148,176.029775,4.794688,1.067486,0.023764,0.970019
-0.034293,0.017479,0.400667,3.156029,19.189735,11.083410,3.456744,2.743005,176.143049,4.804669,1.067471,0.023834,0.970125
-0.033121,0.017095,0.399780,2.424746,19.249067,11.083458,3.456430,2.738443,176.191740,4.806134,1.067534,0.023810,0.970141
-0.036060,0.016985,0.380166,2.577529,19.272213,11.083393,3.455416,2.735891,176.268650,4.809088,1.067552,0.023801,0.970136
-0.032867,0.016523,0.399520,3.397010,19.280437,11.083215,3.452396,2.743190,176.290109,4.813584,1.067553,0.023788,0.970140
-0.033470,0.016452,0.396418,2.451553,19.266648,11.083428,3.452312,2.738528,176.303126,4.800755,1.067482,0.023734,0.970089
-0.034258,0.016698,0.398015,2.530681,19.270393,11.083513,3.454498,2.743725,176.299443,4.787656,1.067428,0.023681,0.970026
-0.034201,0.016617,0.426997,2.134920,19.407708,11.083405,3.454986,2.731430,176.254954,4.778939,1.067461,0.023638,0.969992
-0.033800,0.017508,0.369313,2.707291,19.349460,11.083268,3.459537,2.733485,176.048953,4.747982,1.067193,0.023546,0.969844
-0.036926,0.016638,0.427516,2.416432,19.207993,11.166750,3.455280,2.744709,175.883064,5.005404,1.066905,0.024709,0.969621
-0.034233,0.016775,0.416346,2.347999,19.259000,11.166818,3.457222,2.751688,175.760749,4.962115,1.066721,0.024549,0.969446
-0.035640,0.017199,0.415137,2.548525,19.228793,11.166725,3.456895,2.738824,175.694580,4.929945,1.066589,0.024438,0.969304
-0.031864,0.017376,0.396781,2.876111,19.202070,11.166803,3.458556,2.742272,175.644862,4.904114,1.066470,0.024323,0.969192
-0.031672,0.017357,0.407924,3.571378,19.212542,11.166748,3.458583,2.736386,175.621876,4.887535,1.066394,0.024252,0.969111
-0.034148,0.017834,0.436194,2.266158,19.180320,11.250128,3.459068,2.734737,175.608002,4.961481,1.066313,0.024572,0.968043
-0.032531,0.017297,0.425611,2.513593,19.179142,11.166580,3.457423,2.731990,175.565936,4.853853,1.066199,0.024093,0.968929
-0.038407,0.017930,0.419061,2.351420,19.186972,11.250140,3.461363,2.748093,175.560925,5.132763,1.066113,0.025383,0.968840
-0.035684,0.016858,0.415023,2.516922,19.168513,11.250110,3.456095,2.748416,175.506925,5.129740,1.066018,0.025330,0.968795
-0.035580,0.017485,0.429661,2.555168,19.175713,11.249982,3.458445,2.745608,175.472305,5.108347,1.065958,0.025244,0.968707
-0.033520,0.017120,0.428231,3.030407,19.172535,11.250015,3.456151,2.733877,175.462572,5.093366,1.065847,0.025157,0.968613
-0.035839,0.017011,0.418938,2.553064,19.128542,11.249910,3.455281,2.746419,175.464296,5.075483,1.065776,0.025082,0.968549
-0.037033,0.017442,0.427650,2.471994,19.144682,11.250022,3.457827,2.729096,175.427647,5.055964,1.065716,0.025003,0.968473
-0.036387,0.017363,0.430581,2.106091,19.186245,11.250087,3.457644,2.732828,175.414999,5.047447,1.065659,0.024958,0.968431
-0.033314,0.017238,0.392789,2.454477,19.159608,11.250097,3.456895,2.733508,175.399027,5.032800,1.065571,0.024897,0.968379
-0.033711,0.017135,0.389010,2.494593,19.182655,11.250110,3.456317,2.754035,175.375374,5.014313,1.065468,0.024829,0.968286
-0.034132,0.017164,0.435390,2.745252,19.163180,11.250222,3.457796,2.729333,175.330280,4.993975,1.065379,0.024738,0.968200
-0.035736,0.017122,0.419754,2.438225,19.183420,11.250100,3.457321,2.750616,175.314057,4.976976,1.065273,0.024646,0.968112
-0.033883,0.017826,0.417399,2.158267,19.184597,11.250065,3.457788,2.759558,175.362623,4.959500,1.065199,0.024579,0.968064
-0.035133,0.017349,0.396542,2.597128,19.194363,11.249928,3.459775,2.735081,175.616600,4.984447,1.065388,0.024650,0.968140
-0.033269,0.017684,0.413263,2.575283,19.237438,11.166645,3.459990,2.724208,175.859346,4.717200,1.065548,0.023414,0.968314
-0.030982,0.017279,0.384194,2.310683,19.282320,11.166825,3.455657,2.733937,176.023163,4.737466,1.065681,0.023460,0.968428
-0.034627,0.017147,0.398557,1.974174,19.294618,10.989272,3.455223,2.736851,176.160688,4.751442,1.065740,0.023461,0.968482
-0.035110,0.016490,0.383916,2.587396,19.295848,11.166755,3.453293,2.766632,176.261917,4.785450,1.065841,0.023600,0.968588
-0.037365,0.017791,0.411557,2.792199,19.266997,11.166628,3.457580,2.753574,176.343064,4.789042,1.065879,0.023599,0.968598
-0.034193,0.016775,0.412420,2.655774,19.282007,11.166882,3.452471,2.743770,176.340267,4.785727,1.065841,0.023588,0.968574
-0.034731,0.017286,0.397945,2.207255,19.292622,11.112737,3.455466,2.754390,176.304348,4.775555,1.065816,0.023524,0.968520
-0.034186,0.017112,0.383667,2.207192,19.282323,11.166643,3.455912,2.752068,176.046432,4.735029,1.065583,0.023389,0.968380
-0.035406,0.017085,0.394437,3.147703,19.220887,11.249952,3.456822,2.746359,175.731993,4.972233,1.065214,0.024570,0.968092
-0.037608,0.017290,0.427025,2.590479,19.209207,11.250087,3.456640,2.740255,175.520105,4.912362,1.064899,0.024277,0.967796
-0.035247,0.017633,0.411783,2.747764,19.154145,11.250127,3.458174,2.742952,175.361593,4.857040,1.064661,0.024082,0.967570
-0.034504,0.017291,0.429280,2.425103,19.180738,11.250100,3.456289,2.723568,175.294659,4.824364,1.064517,0.023954,0.967427
-0.033780,0.018002,0.426054,2.620408,19.221530,11.333512,3.462042,2.733183,175.245453,5.115494,1.064419,0.025248,0.967322
-0.038028,0.017959,0.446098,2.588565,19.159482,11.333458,3.460014,2.728611,175.205136,5.092960,1.064274,0.025129,0.967220
-0.036876,0.018414,0.489590,2.303244,19.089013,11.500078,3.464019,2.722857,174.430249,5.473507,1.063186,0.027195,0.966258
-0.034066,0.018293,0.450839,2.552937,19.140183,11.416905,3.460961,2.734008,174.033506,5.161061,1.063166,0.025611,0.966212
-0.037984,0.018378,0.518927,2.115340,19.218817,11.750115,3.463801,2.710600,171.550640,5.890524,1.060807,0.029329,0.964046
-0.039457,0.019524,0.580041,2.102625,18.969162,11.916648,3.470681,2.738052,173.189039,6.334105,1.060194,0.031593,0.963321
-0.034064,0.018677,0.426894,2.343403,19.114117,11.500068,3.464588,2.730269,173.597555,5.363919,1.062527,0.026531,0.965713
-0.036720,0.018234,0.429627,2.085938,19.232970,11.500025,3.466170,2.744939,174.688121,5.467248,1.063401,0.027133,0.966246
-0.034397,0.018175,0.431388,2.241615,19.145052,11.500140,3.461940,2.731097,173.972391,5.322951,1.062515,0.026414,0.965562
-0.034750,0.018393,0.433017,2.434701,19.064053,11.500003,3.463324,2.736080,173.932781,5.283215,1.062319,0.026258,0.965376
-0.034657,0.018416,0.457553,2.136544,19.096948,11.500195,3.462786,2.717489,173.946669,5.271728,1.062286,0.026200,0.965341
-0.036309,0.018081,0.466785,2.266691,19.126733,11.500148,3.462347,2.751218,173.954977,5.287293,1.062331,0.026217,0.965406
-0.034996,0.017924,0.469807,2.220521,19.090295,11.500023,3.462074,2.737447,173.960386,5.277937,1.062250,0.026159,0.965339
-0.034836,0.017786,0.449377,2.225956,19.105657,11.499958,3.460420,2.722836,173.931666,5.243797,1.062142,0.026048,0.965209
-0.034146,0.018172,0.448062,2.180882,19.115688,11.499972,3.460897,2.728518,173.905091,5.232527,1.062025,0.025996,0.965137
-0.036850,0.018983,0.432400,2.177418,19.119478,11.583397,3.463760,2.737802,173.947651,5.446693,1.061892,0.026984,0.964710
-0.035534,0.018438,0.442222,1.722221,19.092960,11.500095,3.463467,2.755729,174.057621,5.204580,1.061907,0.025847,0.965004
-0.032920,0.017966,0.443402,2.955446,19.138973,11.500052,3.459026,2.731401,174.173909,5.196053,1.061966,0.025822,0.965007
-0.033460,0.018302,0.478305,2.281074,19.176457,11.500090,3.463862,2.730678,174.260070,5.203138,1.061980,0.025835,0.965025
-0.034693,0.018747,0.446920,2.541029,19.151125,11.500137,3.463871,2.730442,174.316402,5.216514,1.062003,0.025851,0.965058
-0.034106,0.018155,0.438156,2.338902,19.122148,11.500038,3.460771,2.738576,174.352335,5.208538,1.061938,0.025802,0.965027
-0.035560,0.018306,0.438523,2.710557,19.211290,11.500040,3.462758,2.730251,174.411626,5.203612,1.061946,0.025761,0.964993
-0.035006,0.017745,0.413282,2.965883,19.122653,11.500183,3.459480,2.732321,174.441139,5.206277,1.061886,0.025744,0.964981
-0.035607,0.017963,0.472057,2.269074,19.131977,11.499990,3.459762,2.742560,174.301165,5.178738,1.061800,0.025660,0.964909
-0.035065,0.018716,0.465547,2.070532,19.245277,11.500107,3.461662,2.740737,174.053088,5.123679,1.061533,0.025452,0.964632
-0.037175,0.018587,0.474386,2.329209,19.125682,11.583285,3.465370,2.737013,173.807825,5.368421,1.061188,0.026612,0.964364
-0.035510,0.019036,0.473349,1.945682,19.147818,11.583338,3.467394,2.724106,173.699993,5.318360,1.060937,0.026399,0.964147
-0.031995,0.018088,0.486473,2.415217,19.086352,11.583325,3.462977,2.708803,173.668890,5.303519,1.060852,0.026319,0.964072
-0.034326,0.018281,0.486414,2.349446,19.189377,11.583498,3.462412,2.717168,173.676996,5.277959,1.060780,0.026210,0.963978
-0.038282,0.018380,0.482267,2.266973,19.151695,11.583550,3.461749,2.733810,173.647956,5.262039,1.060652,0.026155,0.963905
-0.033658,0.019019,0.458370,2.201572,19.190293,11.583573,3.466239,2.711112,173.611120,5.242107,1.060557,0.026052,0.963801
-0.035285,0.018651,0.487412,2.113999,19.090807,11.666760,3.463362,2.731154,173.597317,5.528810,1.060423,0.027390,0.963728
-0.036389,0.018978,0.477226,2.045516,19.159520,11.666612,3.465324,2.710437,173.577249,5.503511,1.060344,0.027260,0.963574
-0.035131,0.018600,0.482921,2.104395,19.094547,11.666762,3.463603,2.747301,173.564657,5.492653,1.060217,0.027176,0.963502
-0.034467,0.018735,0.442050,2.289380,19.118725,11.666678,3.463632,2.734694,173.561271,5.466284,1.060142,0.027068,0.963422
-0.036295,0.018616,0.462423,2.105325,19.164102,11.666803,3.462696,2.734869,173.570995,5.452027,1.060078,0.026995,0.963352
-0.037281,0.018551,0.478120,2.494284,19.106203,11.666577,3.464971,2.716138,173.610610,5.446246,1.060009,0.026938,0.963310
-0.034314,0.018848,0.454784,2.233211,19.131882,11.666858,3.464737,2.728579,173.636193,5.432789,1.059964,0.026906,0.963251
-0.037229,0.019354,0.474675,2.148205,19.185017,11.666750,3.467180,2.741385,173.609174,5.423437,1.059939,0.026838,0.963197
-0.034307,0.018436,0.443600,2.190875,19.130672,11.666750,3.463125,2.743005,173.499970,5.386312,1.059748,0.026698,0.963069
-0.037226,0.018500,0.463009,2.350038,19.169002,11.666817,3.462122,2.731949,173.511276,5.397301,1.059774,0.026709,0.963085
-0.036024,0.018696,0.491964,2.179327,19.084535,11.666600,3.463375,2.742659,173.478989,5.391915,1.059658,0.026654,0.963044
-0.034937,0.018275,0.477916,2.164863,19.192330,11.666883,3.462412,2.706103,173.468886,5.360515,1.059604,0.026554,0.962937
-0.036245,0.019041,0.459292,2.345763,19.149133,11.666765,3.465669,2.730862,173.456377,5.325931,1.059436,0.026423,0.962806
-0.035211,0.018758,0.491121,1.867405,19.119023,11.666792,3.462936,2.740601,173.529472,5.303807,1.059319,0.026322,0.962707
-0.034013,0.018763,0.444566,2.437100,19.168320,11.666833,3.464634,2.736977,173.634196,5.300159,1.059356,0.026293,0.962681
-0.037364,0.018428,0.487211,2.308261,19.124297,11.666647,3.462882,2.735931,173.707951,5.304976,1.059361,0.026302,0.962694
-0.037853,0.017891,0.476910,2.097125,19.121638,11.666708,3.459840,2.725945,173.728251,5.308052,1.059316,0.026262,0.962685
-0.034148,0.018152,0.465965,2.299188,19.171990,11.666910,3.462004,2.754255,173.755226,5.291565,1.059261,0.026193,0.962613
-0.035025,0.018523,0.473564,2.111715,19.131610,11.666723,3.462737,2.738888,173.704519,5.273018,1.059126,0.026099,0.962520
-0.035861,0.018127,0.486650,2.005427,19.258188,11.666747,3.459567,2.720797,173.663444,5.233122,1.059058,0.025989,0.962391
-0.033607,0.018806,0.481450,2.357930,19.134363,11.666897,3.463732,2.730835,173.560675,5.213661,1.058890,0.025872,0.962276
-0.035292,0.018998,0.493929,1.883950,19.146345,11.750072,3.464757,2.730407,173.315654,5.475836,1.058592,0.027120,0.962068
-0.037956,0.018484,0.510978,2.326135,19.123845,11.750062,3.463299,2.735072,173.275437,5.445721,1.058446,0.026964,0.961920
-0.034658,0.018801,0.494881,2.338288,19.147575,11.750060,3.462928,2.710973,173.233118,5.425982,1.058385,0.026881,0.961852
-0.034980,0.019478,0.494163,1.919289,19.157855,11.749982,3.468629,2.727582,173.211621,5.412841,1.058296,0.026798,0.961774
-0.036769,0.018730,0.480090,2.169835,19.128790,11.750095,3.462963,2.728465,173.177298,5.376586,1.058140,0.026650,0.961649
-0.034336,0.018648,0.464888,2.252000,19.156387,11.750123,3.462729,2.727706,173.139995,5.289592,1.058021,0.026270,0.961240
-0.033286,0.018609,0.479395,2.022124,19.144615,11.750117,3.462743,2.728060,173.129787,5.330724,1.057923,0.026446,0.961425
-0.033244,0.019053,0.484283,2.629683,19.095817,11.750042,3.464418,2.734195,173.078336,5.299757,1.057750,0.026344,0.961308
-0.032059,0.019144,0.517406,2.017401,19.126088,11.750230,3.465704,2.726452,173.044020,5.283630,1.057638,0.026225,0.961176
-0.037704,0.019278,0.481563,2.085431,19.100000,11.833392,3.464388,2.750791,173.018660,5.553196,1.057482,0.027527,0.961063
-0.036814,0.019462,0.468146,2.731922,19.136913,11.833423,3.464911,2.737407,173.025838,5.526266,1.057369,0.027399,0.960931
-0.036408,0.019150,0.492054,1.925365,19.110082,11.833398,3.463506,2.739685,173.003914,5.512048,1.057259,0.027302,0.960839
-0.034823,0.018863,0.513161,1.835455,19.150817,11.833373,3.464569,2.728551,172.986283,5.486959,1.057142,0.027170,0.960730
-0.039525,0.018253,0.492408,2.302109,19.089920,11.833220,3.462400,2.746770,173.059071,5.478438,1.057087,0.027108,0.960670
-0.036644,0.019057,0.508284,2.152470,19.264028,11.833358,3.465383,2.728143,173.074636,5.464042,1.057118,0.027060,0.960611
-0.039240,0.018507,0.467610,2.077229,19.130048,11.580418,3.461232,2.721588,172.956303,5.428369,1.056824,0.026871,0.960444
-0.035430,0.019771,0.515105,1.980441,19.092175,11.591522,3.466678,2.724816,172.920379,5.390034,1.056677,0.026738,0.960313
-0.033890,0.019176,0.464220,2.071215,19.152522,11.833220,3.466767,2.734741,172.938743,5.390034,1.056690,0.026742,0.960334
-0.035483,0.018858,0.464484,2.402657,19.131962,11.527600,3.466478,2.724324,172.917934,5.351858,1.056478,0.026550,0.960134
-0.036330,0.019523,0.495086,2.439738,19.147130,11.833292,3.464072,2.706181,172.855638,5.355705,1.056428,0.026581,0.960146
-0.035383,0.019123,0.523669,1.979951,19.133247,11.833325,3.466450,2.717049,172.927488,5.315592,1.056326,0.026398,0.959961
-0.033959,0.019209,0.474742,2.300346,19.155893,11.833332,3.463385,2.744716,173.138684,5.331758,1.056426,0.026416,0.960018
-0.037800,0.019564,0.511862,1.967040,19.204055,11.833488,3.466127,2.733245,173.290420,5.354416,1.056484,0.026492,0.960099
-0.036734,0.019094,0.499447,2.189671,19.205405,11.833475,3.462597,2.730785,173.378695,5.353683,1.056518,0.026484,0.960115
-0.034158,0.019541,0.458108,2.303063,19.147002,11.833268,3.466264,2.736442,173.429099,5.349792,1.056491,0.026470,0.960096
-0.038146,0.019009,0.476315,2.256645,19.124027,11.718188,3.461024,2.736709,173.436173,5.323140,1.056377,0.026362,0.959990
-0.036479,0.019523,0.480302,1.927335,19.174040,11.833313,3.462820,2.735745,173.458991,5.320328,1.056372,0.026335,0.959971
-0.033198,0.019665,0.478830,2.204593,19.172673,11.833488,3.465410,2.733286,173.420549,5.296163,1.056246,0.026220,0.959864
-0.033833,0.018834,0.470164,2.292406,19.166878,11.833502,3.464505,2.745426,173.177054,5.265701,1.056048,0.026047,0.959693
-0.036302,0.019492,0.505925,2.066527,19.156707,11.916720,3.465498,2.723628,172.860989,5.488324,1.055621,0.027189,0.959368
-0.033234,0.019652,0.487351,2.074749,19.230395,11.916715,3.466427,2.722936,172.675804,5.418458,1.055323,0.026882,0.959074
-0.034241,0.019727,0.507533,1.866516,19.122910,11.916728,3.466315,2.721147,172.655401,5.398327,1.055131,0.026769,0.958948
-0.033240,0.019327,0.469357,2.043480,19.156807,11.916798,3.466059,2.731984,172.657155,5.360812,1.054974,0.026602,0.958768
-0.035193,0.019638,0.510526,2.223070,19.228358,11.916683,3.467205,2.723634,172.584652,5.333857,1.054844,0.026486,0.958641
-0.035609,0.019556,0.537672,2.045139,19.168233,12.000135,3.466483,2.729166,172.590033,5.609359,1.054710,0.027810,0.958528
-0.038153,0.019880,0.480813,2.137922,19.213193,12.000095,3.467404,2.715441,172.531088,5.586518,1.054594,0.027684,0.958427
-0.035150,0.019748,0.541225,1.602066,19.171295,12.000037,3.465785,2.726850,172.519600,5.571431,1.054479,0.027606,0.958332
-0.035202,0.018893,0.504481,2.488862,19.157768,12.000128,3.463039,2.725832,172.453142,5.537317,1.054362,0.027419,0.958172
-0.036281,0.019230,0.520543,2.163039,19.141332,12.000042,3.462731,2.738240,172.442834,5.525793,1.054265,0.027366,0.958142
-0.034876,0.019716,0.511786,2.216751,19.276017,12.000132,3.465395,2.713201,172.430252,5.493097,1.054164,0.027234,0.957998
-0.034164,0.019605,0.499899,2.000341,19.165775,12.000157,3.466033,2.735554,172.407642,5.476539,1.054000,0.027152,0.957907
-0.034824,0.019588,0.517774,2.164313,19.186135,12.000222,3.465253,2.717570,172.363882,5.431736,1.053879,0.026970,0.957739
-0.033915,0.019811,0.534016,1.896099,19.183212,11.999993,3.466834,2.716437,172.410652,5.413800,1.053795,0.026877,0.957656
-0.035911,0.019219,0.532480,1.944732,19.162095,12.000132,3.465569,2.727543,172.373918,5.400356,1.053711,0.026807,0.957597
-0.034715,0.019473,0.509382,2.071690,19.185967,12.000238,3.463834,2.722152,172.340325,5.380338,1.053581,0.026700,0.957495
-0.032918,0.019767,0.526471,2.017319,19.139775,12.000015,3.465119,2.717536,172.390313,5.352467,1.053478,0.026586,0.957414
-0.032895,0.019445,0.486111,2.220505,19.164363,12.000158,3.464364,2.717310,172.370349,5.342387,1.053393,0.026545,0.957327
-0.032424,0.019227,0.531573,1.885122,19.165658,12.000190,3.464705,2.740471,172.336636,5.322865,1.053240,0.026440,0.957200
-0.036603,0.020052,0.496206,2.014550,19.149112,12.083363,3.466131,2.720605,172.273811,5.573545,1.053014,0.027634,0.956988
-0.034849,0.019926,0.518098,2.041811,19.182470,11.916728,3.465198,2.733264,172.412614,5.252725,1.053049,0.026190,0.956955
-0.033141,0.020117,0.514976,2.042597,19.303765,12.000140,3.466608,2.737283,172.538775,5.271268,1.053093,0.026156,0.956970
-0.031694,0.019608,0.505495,1.978259,19.231230,12.000013,3.464676,2.727020,172.612036,5.272439,1.053067,0.026160,0.956984
-0.033174,0.019523,0.505176,2.218042,19.207613,12.000003,3.465492,2.727419,172.636120,5.252479,1.052987,0.026077,0.956909
-0.035250,0.019827,0.503092,2.108292,19.200027,11.637280,3.464494,2.724837,172.596570,5.199656,1.052724,0.025816,0.956674
-0.034519,0.020014,0.525629,1.963698,19.207553,11.636988,3.466621,2.742977,172.547699,5.173260,1.052568,0.025688,0.956525
-0.032846,0.019631,0.498604,2.063009,19.240473,12.056397,3.464241,2.723363,172.533028,5.475921,1.052535,0.027112,0.956513
-0.035694,0.020195,0.517188,2.237073,19.206337,12.083465,3.466909,2.731471,172.378340,5.454708,1.052385,0.026992,0.956409
-0.035393,0.020122,0.530954,2.198216,19.210670,12.083338,3.468828,2.729778,172.105760,5.369298,1.051986,0.026669,0.956060
-0.033579,0.020341,0.535163,2.409885,19.249160,12.036432,3.469587,2.714577,172.138875,5.347718,1.051846,0.026590,0.955935
-0.035240,0.020361,0.539126,2.000797,19.213555,12.166600,3.468935,2.738594,172.091227,5.624098,1.051721,0.027881,0.955830
-0.040404,0.019890,0.520968,1.897546,19.214313,11.755675,3.464715,2.732690,172.043888,5.573284,1.051443,0.027618,0.955586
-0.033738,0.020214,0.536200,1.915981,19.196687,12.166653,3.466741,2.725807,171.997211,5.579525,1.051442,0.027633,0.955589
-0.034016,0.020285,0.543664,2.135370,19.242300,12.166632,3.467997,2.724441,171.965928,5.557240,1.051326,0.027518,0.955482
-0.034897,0.019786,0.538427,2.152228,19.217062,12.166523,3.466635,2.721593,171.973083,5.527943,1.051182,0.027362,0.955346
-0.036118,0.020040,0.513492,1.947565,19.223152,12.166710,3.467240,2.731701,171.933526,5.487765,1.051002,0.027192,0.955169
-0.032610,0.020831,0.525694,1.913951,19.184382,12.166778,3.472759,2.727145,171.906905,5.461288,1.050834,0.027067,0.955064
-0.034995,0.020167,0.519359,1.880690,19.230005,12.166823,3.467215,2.705062,171.868979,5.424320,1.050705,0.026931,0.954905
-0.032244,0.019724,0.511876,2.129698,19.261802,12.166777,3.465265,2.737330,171.825217,5.394028,1.050558,0.026767,0.954763
-0.033401,0.020148,0.553048,1.991641,19.223003,12.166823,3.466794,2.714286,171.791848,5.366402,1.050374,0.026659,0.954624
-0.033078,0.021063,0.520025,1.920733,19.259153,12.250138,3.472472,2.706769,171.738030,5.628977,1.050184,0.027892,0.954448
-0.037399,0.019729,0.557904,1.900125,19.184017,11.503200,3.466086,2.723034,171.639625,5.528098,1.049710,0.027357,0.953975
-0.034859,0.020483,0.532126,2.143894,19.250003,12.250168,3.467563,2.729292,171.677024,5.557092,1.049859,0.027539,0.954113
-0.039497,0.020594,0.529191,2.065459,19.277700,11.654030,3.468775,2.730756,171.678316,5.506091,1.049600,0.027270,0.953871
-0.038691,0.020167,0.534031,1.970875,19.207645,11.916162,3.467412,2.721745,171.684896,5.501138,1.049508,0.027271,0.953866
-0.037468,0.020060,0.574565,1.942644,19.120563,11.471438,3.467195,2.726477,171.621218,5.424820,1.049160,0.026911,0.953521
-0.036053,0.020039,0.545407,1.741899,19.228353,12.098448,3.465318,2.724206,171.659176,5.442820,1.049259,0.027024,0.953615
-0.036922,0.021042,0.558961,1.938930,19.214328,12.249955,3.470172,2.733772,171.515204,5.407696,1.049064,0.026892,0.953482
-0.036158,0.019964,0.564920,1.962033,19.222247,12.333395,3.466296,2.721952,171.471399,5.666552,1.048881,0.028107,0.953238
-0.032730,0.020916,0.536855,1.897876,19.232400,12.210715,3.472205,2.724959,171.495758,5.640893,1.048724,0.027943,0.953084
-0.037079,0.020775,0.562124,1.940079,19.229727,12.194273,3.467068,2.719539,171.521651,5.624668,1.048625,0.027839,0.952992
-0.032318,0.020595,0.539785,1.854690,19.295858,12.271962,3.469424,2.712975,171.508480,5.605636,1.048547,0.027746,0.952907
-0.038734,0.019892,0.565148,1.944599,19.179543,11.485877,3.464042,2.712308,171.423181,5.512504,1.048053,0.027284,0.952493
-0.035645,0.020504,0.579112,1.804889,19.218930,12.333433,3.467704,2.719977,171.375960,5.524112,1.048159,0.027412,0.952594
-0.035657,0.020848,0.561777,1.817305,19.151923,11.589058,3.467716,2.722009,171.303737,5.432277,1.047689,0.026974,0.952165
-0.033741,0.020797,0.580658,1.994197,19.178753,12.333395,3.469040,2.713891,171.329496,5.454805,1.047838,0.027114,0.952310
-0.031390,0.020840,0.576622,1.805794,19.245625,12.333390,3.466814,2.711077,171.336443,5.451717,1.047778,0.027079,0.952258
-0.032634,0.020837,0.543533,1.971940,19.181393,11.715073,3.468165,2.725867,171.292512,5.378148,1.047353,0.026698,0.951892
-0.033690,0.020399,0.568982,1.763244,19.230470,12.416875,3.468061,2.712738,171.264305,5.679540,1.047400,0.028164,0.951906
-0.040702,0.021058,0.564286,1.909245,19.277232,11.754755,3.467656,2.710394,171.236672,5.604433,1.047054,0.027786,0.951576
-0.032949,0.020240,0.550315,1.963746,19.183393,12.416785,3.466366,2.709199,171.010938,5.620451,1.045839,0.027859,0.951626
-0.033498,0.020502,0.547868,1.758368,19.298793,12.416763,3.466707,2.715972,171.180950,5.580337,1.046918,0.027679,0.951460
-0.034985,0.020787,0.569716,1.755249,19.211143,12.146452,3.468519,2.708026,171.136975,5.526520,1.046643,0.027444,0.951239
-0.034730,0.020593,0.599104,1.710072,19.246982,12.416770,3.467895,2.718141,171.100092,5.499289,1.046510,0.027341,0.951109
-0.034290,0.020883,0.572985,1.692540,19.235155,11.598655,3.465717,2.714415,171.022591,5.393875,1.046034,0.026829,0.950650
-0.033779,0.021283,0.547493,1.710967,19.250728,12.500102,3.470006,2.711409,171.017990,5.722677,1.046091,0.028379,0.950718
-0.035252,0.021425,0.571206,1.863367,19.240290,12.499997,3.470026,2.719249,170.969900,5.694300,1.045899,0.028222,0.950578
-0.035971,0.020960,0.541467,2.176049,19.305477,12.499905,3.470595,2.723376,170.927303,5.637360,1.045750,0.027997,0.950358
-0.039688,0.021761,0.578656,1.922596,19.271075,11.781822,3.470851,2.735312,170.869176,5.558775,1.045299,0.027576,0.949964
-0.034565,0.020935,0.577724,1.863065,19.311577,12.500090,3.469251,2.704868,170.863039,5.552713,1.045324,0.027627,0.949995
-0.037097,0.021108,0.583190,1.779960,19.277947,11.885167,3.469517,2.700339,170.833394,5.484008,1.044968,0.027236,0.949636
-0.036716,0.021260,0.587416,1.785348,19.301730,12.029633,3.469306,2.704335,170.747731,5.458987,1.044824,0.027168,0.949518
-0.037824,0.021582,0.592778,1.732340,19.316365,12.583412,3.471882,2.704412,170.813366,5.777893,1.044875,0.028665,0.949591
-0.034080,0.021573,0.601872,1.804960,19.324332,12.583315,3.470137,2.720775,170.817303,5.762422,1.044739,0.028578,0.949505
-0.035472,0.021213,0.557785,1.639966,19.288982,12.435825,3.470351,2.738416,170.773363,5.717296,1.044482,0.028315,0.949273
-0.036521,0.021491,0.593970,1.687203,19.304992,12.583245,3.471973,2.711788,170.715414,5.691028,1.044335,0.028222,0.949170
-0.036577,0.021270,0.585714,1.839636,19.294712,12.063838,3.469456,2.710371,170.594377,5.584096,1.043887,0.027738,0.948730
-0.033078,0.021604,0.577563,2.026236,19.377505,12.583385,3.472291,2.705719,170.669210,5.584484,1.043925,0.027739,0.948714
-0.031782,0.021705,0.574957,1.952215,19.371108,12.583322,3.470470,2.696129,170.737023,5.565869,1.043827,0.027655,0.948632
-0.037945,0.021588,0.603502,1.663404,19.273383,11.660813,3.469282,2.717509,170.699013,5.462039,1.043305,0.027140,0.948161
-0.032777,0.021493,0.596646,1.810900,19.308635,12.261875,3.466539,2.712211,170.688587,5.473054,1.043321,0.027181,0.948183
-0.032830,0.022209,0.584390,1.825550,19.393537,12.583410,3.469760,2.714477,170.630722,5.462189,1.043260,0.027147,0.948123
-0.033539,0.022806,0.607931,1.719203,19.365193,12.666758,3.473527,2.717995,170.544169,5.723793,1.043058,0.028386,0.947929
-0.035117,0.021662,0.588463,1.864529,19.344063,12.587482,3.471185,2.695525,170.425712,5.665858,1.042729,0.028114,0.947685
-0.036295,0.021424,0.616387,1.761416,19.349072,12.042920,3.467673,2.712351,170.355943,5.559429,1.042299,0.027671,0.947252
-0.036830,0.022140,0.602354,1.864172,19.346195,12.014545,3.471096,2.707208,170.378779,5.540476,1.042118,0.027539,0.947125
-0.034907,0.022114,0.589650,1.711303,19.331640,12.371000,3.471326,2.696206,170.374271,5.540935,1.042070,0.027531,0.947096
-0.037438,0.022054,0.611193,1.740343,19.300060,11.689525,3.469872,2.698781,170.313650,5.443510,1.041578,0.027078,0.946684
-0.040048,0.021671,0.613409,1.958916,19.317845,11.786050,3.469921,2.726093,170.244931,5.707351,1.041405,0.028312,0.946482
-0.042365,0.022437,0.638355,1.670879,19.272062,11.547295,3.473431,2.711149,170.219742,5.655131,1.041059,0.027995,0.946208
-0.035585,0.021497,0.601051,1.923822,19.386985,12.299763,3.467357,2.706894,170.189884,5.653208,1.041161,0.028044,0.946257
-0.035449,0.021897,0.632842,1.581732,19.326342,12.351433,3.470307,2.705731,170.162947,5.610662,1.040949,0.027895,0.946111
-0.034449,0.022180,0.626325,1.825929,19.356540,12.439665,3.469930,2.705448,170.122512,5.584756,1.040772,0.027759,0.945934
-0.039798,0.022122,0.641624,1.643245,19.329728,11.697015,3.469346,2.725217,170.037594,5.771409,1.040231,0.028626,0.945401
-0.033930,0.022543,0.588395,1.699539,19.388813,12.833313,3.472859,2.730090,170.036769,5.812647,1.040388,0.028850,0.945586
-0.034924,0.022516,0.617291,1.620017,19.322270,11.931168,3.472008,2.696095,169.943983,5.711741,1.039874,0.028331,0.945135
-0.037677,0.022324,0.637257,1.584427,19.308580,11.728695,3.473037,2.713554,169.899399,5.637956,1.039524,0.028003,0.944800
-0.034216,0.022068,0.627649,1.684034,19.463600,12.833402,3.468853,2.702963,169.848670,5.666290,1.039681,0.028176,0.944938
-0.033361,0.022143,0.614320,1.423338,19.413317,12.622417,3.470264,2.718112,169.772896,5.608637,1.039393,0.027883,0.944640
-0.036711,0.022593,0.599670,1.749307,19.358660,11.812650,3.472130,2.725580,169.768442,5.804998,1.038875,0.028805,0.944158
-0.032884,0.023685,0.582469,1.747993,19.423697,12.916587,3.475927,2.690955,169.830417,5.863684,1.039084,0.029057,0.944411
-0.042389,0.022907,0.627155,1.722127,19.379205,11.598485,3.473531,2.720293,169.773047,5.730383,1.038463,0.028422,0.943802
-0.037244,0.021724,0.632317,1.935442,19.338353,12.211883,3.466905,2.698991,169.728446,5.728084,1.038338,0.028394,0.943769
-0.040978,0.022929,0.648984,1.688324,19.351008,11.759565,3.473990,2.706765,169.665437,5.628617,1.037952,0.027966,0.943376
-0.035303,0.022787,0.676777,1.626194,19.426067,12.242745,3.473155,2.707259,169.508538,5.630701,1.037831,0.027891,0.943256
-0.033710,0.022906,0.632812,1.642445,19.471237,13.000155,3.471709,2.703274,169.452857,5.908629,1.037782,0.029288,0.943218
-0.035293,0.023839,0.661910,1.602215,19.475168,12.836973,3.476730,2.697160,169.483956,5.851177,1.037572,0.029042,0.942969
-0.039947,0.022273,0.661190,1.711235,19.345425,11.466082,3.470616,2.712101,169.425730,5.712960,1.036827,0.028331,0.942340
-0.035720,0.023061,0.642138,1.809988,19.427958,12.463835,3.473235,2.706612,169.426356,5.736328,1.036993,0.028476,0.942456
-0.035409,0.023308,0.671457,1.534361,19.452758,12.107755,3.473151,2.684884,169.366942,5.666636,1.036665,0.028154,0.942154
-0.033369,0.023116,0.677849,1.606882,19.443123,12.155057,3.473185,2.708868,169.292676,5.613328,1.036381,0.027947,0.941937
-0.040480,0.023005,0.667767,1.517927,19.427950,11.649587,3.471213,2.708958,169.188059,5.826071,1.035874,0.028901,0.941465
-0.037775,0.023454,0.679513,1.542833,19.398958,11.455208,3.475133,2.708729,169.117727,5.753962,1.035532,0.028541,0.941161
-0.033142,0.023063,0.699358,1.490374,19.434387,12.784282,3.470506,2.707498,169.168469,5.818345,1.035779,0.028907,0.941457
-0.033094,0.023782,0.637872,1.888870,19.480868,12.883012,3.473973,2.703329,169.148335,5.778990,1.035639,0.028749,0.941318
-0.036368,0.023718,0.649977,1.538580,19.457522,11.779473,3.476211,2.693412,169.083900,5.666699,1.035028,0.028145,0.940738
-0.033365,0.023354,0.674085,1.563598,19.557893,12.674158,3.473801,2.689656,169.081906,5.686902,1.035097,0.028278,0.940834
-0.040037,0.023576,0.679583,1.610434,19.482375,11.786233,3.472736,2.709639,169.008240,5.860368,1.034473,0.029068,0.940235
-0.036140,0.023689,0.660962,1.535011,19.617923,13.166695,3.473791,2.699704,168.994842,5.922440,1.034729,0.029360,0.940496
-0.037105,0.023630,0.661169,1.585439,19.548925,12.165318,3.473522,2.703783,168.911725,5.789465,1.034149,0.028788,0.939985
-0.038899,0.024212,0.697042,1.595107,19.561388,11.546790,3.476048,2.703710,168.834859,5.687532,1.033653,0.028290,0.939491
-0.034524,0.023971,0.686183,1.457413,19.549130,11.860737,3.473951,2.701108,168.778885,5.655734,1.033395,0.028133,0.939329
-0.037378,0.024111,0.691604,1.462655,19.586803,12.169467,3.475590,2.702774,168.696195,5.922691,1.033220,0.029385,0.939117
-0.031943,0.023414,0.637425,1.568733,19.711785,13.025200,3.475171,2.680455,168.680332,5.939294,1.033281,0.029448,0.939177
-0.036171,0.024147,0.690827,1.491280,19.619668,12.592680,3.472847,2.685124,168.636064,5.850506,1.032869,0.029090,0.938848
-0.040451,0.023564,0.692994,1.456178,19.609272,11.671310,3.470526,2.675460,168.543982,5.721060,1.032273,0.028445,0.938238
-0.034857,0.024069,0.650274,1.541630,19.673343,12.047613,3.473466,2.703680,168.512692,5.700973,1.032109,0.028349,0.938112
-0.033743,0.024101,0.720226,1.520724,19.655068,13.015515,3.474199,2.714242,168.507782,6.021268,1.032152,0.029906,0.938211
-0.032345,0.024374,0.707870,1.530556,19.814545,13.205430,3.474202,2.702429,168.494088,5.990261,1.032056,0.029755,0.938076
-0.035224,0.024816,0.689895,1.460691,19.702912,12.203078,3.477064,2.682818,168.385312,5.866242,1.031387,0.029127,0.937487
-0.035559,0.024499,0.668907,1.526217,19.757220,12.722457,3.474054,2.701678,168.357234,5.829772,1.031265,0.029004,0.937367
-0.037853,0.024937,0.709809,1.434525,19.803980,12.240672,3.477275,2.700191,168.253189,5.738446,1.030805,0.028570,0.936937
-0.045928,0.025294,0.734020,1.406023,19.737707,11.288817,3.479243,2.700821,168.152301,5.904874,1.030073,0.029315,0.936295
-0.038161,0.024598,0.734602,1.398298,19.713015,11.940450,3.476769,2.679265,167.977735,5.851817,1.029804,0.029105,0.936052
-0.036740,0.024530,0.729204,1.386573,19.821498,12.786802,3.472576,2.699716,167.941467,6.138064,1.029754,0.030523,0.935989
-0.036863,0.025444,0.775963,1.418207,19.860805,12.619705,3.478472,2.686546,167.937028,6.084003,1.029476,0.030204,0.935700
-0.032880,0.024771,0.735684,1.370923,19.943757,13.169648,3.477001,2.701904,167.985606,6.076854,1.029464,0.030179,0.935682
-0.034602,0.024959,0.732916,1.405757,19.944970,12.937515,3.477963,2.679373,167.982046,6.017797,1.029153,0.029892,0.935420
-0.040767,0.024839,0.746206,1.429033,19.952578,11.394515,3.476614,2.673459,167.898811,5.851067,1.028361,0.029038,0.934648
-0.036929,0.024944,0.737397,1.527285,19.948105,12.314383,3.477493,2.679845,167.881251,5.855670,1.028319,0.029119,0.934687
-0.036408,0.025292,0.749158,1.385601,19.978090,12.335342,3.477688,2.684469,167.850867,5.799138,1.028052,0.028861,0.934425
-0.041033,0.024968,0.745906,1.340242,19.953493,11.411328,3.472861,2.688185,167.658148,5.957495,1.027381,0.029595,0.933766
-0.037809,0.024979,0.765560,1.440393,20.010312,11.843857,3.474132,2.689216,167.534750,5.926174,1.027103,0.029469,0.933612
-0.034258,0.025000,0.761929,1.332845,20.009958,13.284552,3.475399,2.685316,167.534966,5.971928,1.027296,0.029728,0.933844
-0.034061,0.025663,0.779442,1.409066,20.010153,12.474160,3.479056,2.692671,167.497869,5.861945,1.026769,0.029180,0.933320
-0.035808,0.026135,0.750907,1.399607,20.009967,12.738750,3.480603,2.695916,167.437549,6.111173,1.026506,0.030340,0.933045
-0.044509,0.025454,0.735281,1.360007,20.010163,11.029593,3.478019,2.675584,167.291941,5.909905,1.025551,0.029359,0.932164
-0.031266,0.025822,0.790333,1.303535,20.009558,13.152040,3.475399,2.680139,167.278543,6.002485,1.025923,0.029871,0.932601
-0.038052,0.025130,0.766407,1.454847,20.009970,11.543920,3.473124,2.677792,167.176913,5.817135,1.025012,0.028946,0.931706
-0.043979,0.026463,0.785145,1.334575,20.009997,11.582362,3.477071,2.680870,167.323034,5.777170,1.024830,0.028759,0.931573
-0.038246,0.026068,0.780523,1.281170,20.009825,11.971742,3.477281,2.685040,167.413772,5.764520,1.024700,0.028692,0.931515
-0.033855,0.026028,0.750390,1.413866,20.009537,12.585588,3.478510,2.688295,167.480569,5.763312,1.024745,0.028703,0.931519
-0.041564,0.024935,0.785929,1.401267,20.009522,11.253555,3.471694,2.688769,167.446831,5.622039,1.024055,0.027969,0.930816
-0.035486,0.026010,0.783090,1.277388,20.009183,12.647038,3.475999,2.673975,167.482705,5.963782,1.024136,0.029613,0.931024
-0.033820,0.026287,0.780711,1.311295,20.009110,13.130302,3.478831,2.676136,167.489750,5.947751,1.024069,0.029487,0.930909
-0.038702,0.026079,0.764126,1.309273,20.008970,11.589383,3.475539,2.694134,167.391865,5.764576,1.023236,0.028629,0.930090
-0.032263,0.026914,0.811504,1.248809,20.008813,13.148123,3.481477,2.673488,167.361707,5.801384,1.023351,0.028860,0.930291
-0.032682,0.026303,0.811387,1.308745,20.009002,12.669505,3.474398,2.683889,167.265948,5.705542,1.022868,0.028363,0.929800
-0.039051,0.026746,0.763398,1.386475,20.008882,12.436013,3.477321,2.667095,167.177767,5.915664,1.022387,0.029372,0.929383
-0.037471,0.026373,0.785434,1.317860,20.008918,12.245193,3.478664,2.677133,167.052339,5.819211,1.021927,0.028898,0.928942
-0.033282,0.026920,0.820451,1.218839,20.008940,12.892787,3.476783,2.678379,166.957513,5.782769,1.021706,0.028768,0.928800
-0.037286,0.027231,0.825890,1.300375,20.008748,12.590657,3.479730,2.685339,166.876848,5.990284,1.021171,0.029692,0.928314
-0.036375,0.027671,0.785358,1.275970,20.008708,12.579642,3.480951,2.684617,166.998370,5.920218,1.020922,0.029377,0.928021
-0.046996,0.027375,0.809488,1.279739,20.008842,10.725253,3.478935,2.679751,167.116333,5.746058,1.020075,0.028461,0.927173
-0.036361,0.027261,0.779636,1.360290,20.008532,12.055525,3.479347,2.675287,167.336309,5.517190,1.020384,0.027424,0.927549
-0.036417,0.026768,0.783765,1.282918,20.008308,12.210738,3.473637,2.694547,167.479625,5.483244,1.020282,0.027241,0.927420
-0.042729,0.027204,0.773631,1.362933,20.008577,10.736033,3.476605,2.681858,167.501740,5.333327,1.019590,0.026458,0.926692
-0.040848,0.026028,0.814020,1.365308,20.008448,10.740708,3.470146,2.672715,167.506784,5.284897,1.019257,0.026231,0.926471
-0.046988,0.027903,0.798005,1.361967,20.008415,10.830317,3.480871,2.685975,167.505993,5.514668,1.018921,0.027341,0.926163
-0.035937,0.027678,0.762969,1.434215,20.008082,11.948967,3.476610,2.686472,167.492203,5.544912,1.018933,0.027467,0.926258
-0.040143,0.026862,0.813823,1.289143,20.007927,11.373972,3.475774,2.689369,167.323312,5.414297,1.018375,0.026849,0.925709
-0.035171,0.028030,0.824302,1.308125,20.007965,12.592203,3.477183,2.686656,166.992256,5.685350,1.018137,0.028194,0.925546
-0.040066,0.027991,0.828151,1.207772,20.008238,11.361672,3.479677,2.687725,166.576287,5.473814,1.017125,0.027210,0.924585
-0.041276,0.028347,0.888161,1.283671,20.008013,11.119535,3.481601,2.675322,166.214463,5.621963,1.016320,0.027929,0.923891
-0.034897,0.027632,0.892770,1.228477,20.008028,12.924022,3.476863,2.690386,165.955398,5.935791,1.016234,0.029468,0.923915
-0.037219,0.028230,0.899117,1.147339,20.007998,12.444183,3.480858,2.682467,165.727735,5.785418,1.015583,0.028796,0.923258
-0.041569,0.028391,0.891896,1.167153,20.008023,11.620362,3.479914,2.665533,165.510039,5.917358,1.014763,0.029385,0.922462
-0.037188,0.028337,0.859323,1.163757,20.008187,11.746910,3.481432,2.666395,165.382518,5.833941,1.014295,0.029004,0.922076
-0.044241,0.028448,0.895063,1.164297,20.008005,11.090378,3.478038,2.669126,165.249506,5.984714,1.013515,0.029693,0.921349
-0.033315,0.029275,0.921068,1.139600,20.007805,12.836400,3.483456,2.690280,165.199922,6.016921,1.013601,0.029946,0.921573
-0.041127,0.029588,0.967468,1.069390,20.007910,11.436118,3.485554,2.659624,165.074646,5.818714,1.012734,0.028957,0.920621
-0.041275,0.029115,0.945286,1.096762,20.007805,11.986568,3.480518,2.698649,165.026982,6.078029,1.012393,0.030192,0.920406
-0.043324,0.029809,0.933992,1.162978,20.016575,11.023800,3.484054,2.685257,164.896019,5.899888,1.011596,0.029344,0.919635
-0.036373,0.029162,0.975545,1.104165,20.007840,11.861142,3.478759,2.672436,164.839018,5.881404,1.011401,0.029282,0.919530
-0.043925,0.030010,0.986877,1.096364,20.007997,11.140277,3.484725,2.662263,164.715486,6.034256,1.010659,0.029946,0.918818
-0.044585,0.029837,0.984308,1.019864,20.016412,11.496147,3.484478,2.658706,164.641191,5.977754,1.010337,0.029701,0.918586
-0.040395,0.030247,0.951651,1.152927,20.016240,11.621813,3.484079,2.689745,164.568446,5.884989,1.009928,0.029300,0.918166
-0.042511,0.030212,0.982768,1.046555,20.016132,11.464190,3.482126,2.667090,164.513824,6.090727,1.009430,0.030230,0.917701
-0.044323,0.030565,1.005622,0.994437,20.016135,11.057213,3.486309,2.657991,164.215937,5.969656,1.007598,0.029642,0.917134
-0.035482,0.030292,1.003780,1.055046,20.015765,12.433993,3.483565,2.695166,164.409761,5.983034,1.008818,0.029767,0.917225
-0.043941,0.030334,0.999170,1.070552,20.015663,11.265140,3.484519,2.672657,164.292024,5.814701,1.007953,0.028895,0.916400
-0.036748,0.030437,1.031014,0.995034,20.015275,12.276552,3.483091,2.656861,164.351433,6.087190,1.007832,0.030235,0.916299
-0.039942,0.031110,1.001276,1.023162,20.015293,12.780953,3.485116,2.684937,164.466750,6.057510,1.007680,0.030099,0.916184
-0.045720,0.031192,1.036848,0.971948,20.015358,11.054185,3.486379,2.666862,164.495393,5.865817,1.006741,0.029105,0.915261
-0.043934,0.031212,1.003471,1.007540,20.015203,11.331227,3.483227,2.684155,164.521545,5.811641,1.006419,0.028826,0.915001
-0.043030,0.031581,1.023207,1.038560,20.014877,10.652562,3.485700,2.669838,164.479260,5.666435,1.005770,0.028130,0.914356
-0.036052,0.030870,0.995350,1.036978,20.014742,12.620573,3.483650,2.678473,164.488290,5.726645,1.005974,0.028455,0.914624
-0.048023,0.031862,1.027303,0.973426,20.014860,10.729383,3.484939,2.688889,164.384276,5.793322,1.004884,0.028733,0.913558
-0.045643,0.031644,1.034733,1.016823,20.014640,10.838488,3.485616,2.680725,164.298949,5.703481,1.004440,0.028311,0.913170
-0.039224,0.032388,1.059394,0.971646,20.014423,11.670190,3.486029,2.681570,164.209275,5.679515,1.004269,0.028210,0.913044
-0.045673,0.032427,1.075325,0.933331,20.014387,10.957297,3.487385,2.677364,163.867396,5.799501,1.003356,0.028779,0.912200
-0.039403,0.033175,1.080807,0.945648,20.014400,11.763923,3.487312,2.660319,163.550032,5.729518,1.002857,0.028485,0.911865
-0.035642,0.032705,1.107769,0.918840,20.014333,12.590258,3.485901,2.665005,163.277767,5.932391,1.002397,0.029535,0.911453
-0.044928,0.032535,1.110295,0.912535,20.014100,11.395225,3.486782,2.664933,163.005632,6.025212,1.001320,0.029878,0.910408
-0.038175,0.033133,1.148747,0.876010,20.013947,11.590763,3.486927,2.663104,162.838442,5.904033,1.000743,0.029368,0.909902
-0.044814,0.033470,1.170751,0.862617,20.014043,11.201272,3.488986,2.676115,162.667382,6.061921,1.000016,0.030126,0.909235
-0.038844,0.032701,1.170460,0.874550,20.013835,11.995640,3.486324,2.660259,162.546200,6.004456,0.999674,0.029900,0.909022
-0.047120,0.033863,1.153349,0.924673,20.013963,10.945090,3.488148,2.668658,162.407310,6.109376,0.998739,0.030378,0.908091
-0.036619,0.033270,1.202646,0.883904,20.013667,12.965918,3.489122,2.657580,162.350246,6.149025,0.998852,0.030567,0.908239
-0.042368,0.034187,1.189025,0.844638,20.013522,11.291752,3.487754,2.656950,162.196293,5.921981,0.997759,0.029481,0.907225
-0.044421,0.034163,1.217916,0.905367,20.013395,11.232932,3.490383,2.656252,162.095990,6.101214,0.997086,0.030307,0.906618
-0.042405,0.035039,1.227188,0.837291,20.013455,11.356090,3.491231,2.660900,162.004486,5.986368,0.996588,0.029790,0.906127
-0.046556,0.035721,1.224370,0.819179,20.013375,10.917782,3.495314,2.668706,161.867077,5.840152,0.995798,0.029085,0.905449
-0.039248,0.035367,1.219109,0.825411,20.013172,12.469557,3.493216,2.660036,161.789327,6.125030,0.995687,0.030483,0.905410
-0.042986,0.034995,1.230965,0.826498,20.013065,11.110453,3.490017,2.640284,161.627409,5.906091,0.994647,0.029397,0.904371
-0.047205,0.035784,1.285499,0.791364,20.012892,11.100748,3.491916,2.643389,161.488812,6.086014,0.994024,0.030236,0.903783
-0.035874,0.035092,1.285627,0.789091,20.012920,12.859127,3.489974,2.641170,161.413663,6.092779,0.993943,0.030347,0.903856
-0.045357,0.036293,1.272671,0.820875,20.012733,11.896555,3.493477,2.648613,161.262240,6.207898,0.993033,0.030874,0.902990
-0.039802,0.036341,1.317454,0.759135,20.012947,11.722915,3.492661,2.675277,161.143184,6.063954,0.992340,0.030176,0.902354
-0.036636,0.036598,1.297961,0.780220,20.012570,12.754228,3.495100,2.659462,161.041249,6.019168,0.992040,0.029999,0.902136
-0.043625,0.037512,1.322879,0.797529,20.012890,11.687652,3.493986,2.664784,160.889270,6.122462,0.991013,0.030404,0.901160
-0.038518,0.037358,1.363157,0.733588,20.012617,12.423752,3.496619,2.658916,160.946585,6.048965,0.990645,0.030081,0.900861
-0.042568,0.037382,1.349484,0.756003,20.012758,11.118453,3.491184,2.656539,161.004509,5.856410,0.989776,0.029096,0.899939
-0.038533,0.037210,1.351012,0.784523,20.012737,11.603883,3.490766,2.670641,161.070132,5.798210,0.989440,0.028848,0.899707
-0.048106,0.037365,1.352894,0.746774,20.012705,10.697515,3.492800,2.657172,161.032655,5.631542,0.988637,0.028009,0.898909
-0.040231,0.037646,1.352966,0.751490,20.012407,11.737530,3.491044,2.675577,161.031620,5.912619,0.988372,0.029303,0.898769
-0.041799,0.038282,1.373438,0.731286,20.012798,11.512710,3.495824,2.663162,160.959024,5.766928,0.987761,0.028667,0.898177
-0.041567,0.038533,1.390874,0.735847,20.012733,11.231073,3.494914,2.655608,160.856247,5.633322,0.987062,0.028022,0.897536
-0.043464,0.039611,1.416776,0.705786,20.012890,11.637815,3.498534,2.648296,160.763993,5.857398,0.986544,0.029032,0.897130
-0.043163,0.037811,1.444058,0.692404,20.012530,11.086115,3.491419,2.663759,160.619563,5.674354,0.985810,0.028210,0.896355
-0.043606,0.038786,1.470645,0.709587,20.012842,11.081355,3.494594,2.667191,160.337870,5.851579,0.985051,0.029016,0.895732
-0.047572,0.040264,1.494897,0.668919,20.012960,10.268727,3.500422,2.648628,159.993556,5.627100,0.983969,0.027978,0.894698
-0.037979,0.039360,1.504400,0.677713,20.012532,12.477042,3.497588,2.651171,159.762091,5.946456,0.983887,0.029560,0.894818
-0.041147,0.041814,1.558797,0.645224,20.012598,11.778142,3.501280,2.661406,159.549723,6.036502,0.982995,0.029969,0.892418
-0.046557,0.041014,1.515492,0.669646,20.012752,10.880200,3.500343,2.649912,159.334281,5.840235,0.981963,0.029048,0.892948
-0.042222,0.041005,1.569501,0.679193,20.012492,11.645025,3.498682,2.650409,159.190347,6.072035,0.981489,0.030162,0.892611
-0.045696,0.041870,1.597653,0.642966,20.012733,11.111295,3.501494,2.651805,159.045605,5.883744,0.980663,0.029299,0.891788
-0.049240,0.042695,1.569324,0.644131,20.012730,11.149345,3.505044,2.646497,158.898797,6.060957,0.979960,0.030119,0.891198
-0.050628,0.041345,1.568131,0.637693,20.012780,10.168132,3.497839,2.637897,158.752615,5.840214,0.978938,0.029025,0.890166
-0.042701,0.041626,1.637602,0.620460,20.012793,11.173085,3.497749,2.657652,158.662162,6.098142,0.978629,0.030290,0.889951
-0.040691,0.041607,1.663337,0.606685,20.012843,11.854378,3.498161,2.655212,158.562867,6.028932,0.978210,0.029956,0.889634
-0.042683,0.042910,1.663756,0.616242,20.012632,11.016092,3.502377,2.645662,158.440203,5.831390,0.977289,0.029006,0.888730
-0.039582,0.043530,1.697239,0.592783,20.012468,12.649450,3.504935,2.634751,158.349629,6.119315,0.977110,0.030393,0.888652
-0.043407,0.044256,1.704726,0.604318,20.012630,10.914970,3.504797,2.634935,158.197950,5.859580,0.975926,0.029134,0.887480
-0.036553,0.044727,1.779524,0.563139,20.012690,12.569440,3.505336,2.639772,158.095503,6.155454,0.975707,0.030559,0.887420
-0.042928,0.043605,1.778079,0.567661,20.012707,11.633098,3.499507,2.641673,157.927901,5.949297,0.974759,0.029563,0.886489
-0.041399,0.044398,1.756240,0.578013,20.012642,12.234150,3.501389,2.643667,157.790727,6.146167,0.974191,0.030535,0.886018
-0.046432,0.044471,1.831372,0.564819,20.012680,10.983345,3.501486,2.655184,157.613029,5.912530,0.973140,0.029393,0.884942
-0.048038,0.046819,1.862817,0.558836,20.012868,11.215858,3.512152,2.639281,157.473950,6.100264,0.972442,0.030297,0.884403
-0.039246,0.045808,1.881345,0.536351,20.012845,12.474177,3.503974,2.635494,157.376866,6.046932,0.972159,0.030081,0.884201
-0.045919,0.047112,1.906745,0.540900,20.012990,11.336978,3.507486,2.639209,157.205316,6.134980,0.971133,0.030495,0.883203
-0.035616,0.046547,1.935400,0.543589,20.012893,12.575487,3.502793,2.651006,157.122747,6.095756,0.970786,0.030287,0.883000
-0.041340,0.046812,1.972593,0.529217,20.012938,11.516382,3.501841,2.634762,157.106710,5.886060,0.969911,0.029306,0.882078
-0.038272,0.047266,1.997602,0.500587,20.012932,12.007505,3.508286,2.643288,157.143753,5.817366,0.969544,0.028981,0.881738
-0.049710,0.048552,2.005564,0.498633,20.012907,10.660565,3.506964,2.642838,157.092914,5.915380,0.968510,0.029321,0.880724
-0.048967,0.047761,2.025492,0.504860,20.012882,10.695475,3.503154,2.638531,157.050679,5.793013,0.967927,0.028801,0.880235
-0.051816,0.048021,2.037467,0.525016,20.012927,10.509430,3.503818,2.640007,156.996244,5.661260,0.967244,0.028170,0.879612
-0.058928,0.048997,2.050864,0.496554,20.012987,9.267488,3.503535,2.639086,156.931026,5.741231,0.966167,0.028457,0.878585
-0.041632,0.049860,2.104198,0.478416,20.012858,12.081923,3.509819,2.640082,156.948058,5.847365,0.966553,0.029079,0.879115
-0.043439,0.050387,2.128480,0.488997,20.013042,10.692153,3.509356,2.624798,156.785715,5.625072,0.965499,0.027980,0.878057
-0.045170,0.050803,2.132923,0.469530,20.012903,11.013318,3.506171,2.653471,156.633553,5.811494,0.964883,0.028840,0.877504
-0.043683,0.051666,2.145239,0.482150,20.012788,11.211342,3.506358,2.634474,156.317745,5.952851,0.964043,0.029589,0.876828
-0.044188,0.051535,2.255695,0.454667,20.013173,11.113293,3.506375,2.642173,155.983187,5.786158,0.963225,0.028794,0.876050
-0.043980,0.052937,2.292212,0.436232,20.013000,10.960855,3.512647,2.641151,155.687214,5.913653,0.962316,0.029379,0.875211
-0.042167,0.053748,2.377689,0.430698,20.012905,11.172898,3.512527,2.643512,155.443329,6.072789,0.961530,0.030172,0.874565
-0.045655,0.054251,2.430172,0.411525,20.013043,11.090617,3.515054,2.638426,155.252701,5.923166,0.960754,0.029460,0.873858
-0.038218,0.054477,2.449527,0.412717,20.012800,12.458052,3.510704,2.644437,155.115815,6.183538,0.960434,0.030710,0.873653
-0.046450,0.055465,2.521072,0.399125,20.012958,10.988523,3.515875,2.638705,154.928863,5.922137,0.959245,0.029459,0.872477
-0.046491,0.056468,2.524735,0.402547,20.013132,10.918212,3.512203,2.634527,154.790079,6.077426,0.958465,0.030179,0.871793
-0.039777,0.057161,2.609450,0.386415,20.012735,11.667353,3.511459,2.637098,154.649344,5.988592,0.957941,0.029786,0.871396
-0.043279,0.057276,2.630084,0.380211,20.012808,11.440825,3.510884,2.636618,154.511006,6.125262,0.957149,0.030397,0.870607
-0.040929,0.058132,2.701607,0.370181,20.012925,11.555552,3.514370,2.635850,154.350639,5.982171,0.956451,0.029779,0.870005
-0.050393,0.060096,2.751325,0.369499,20.013095,10.829772,3.520683,2.631467,154.191685,6.080376,0.955456,0.030194,0.869019
-0.040587,0.060117,2.781406,0.361546,20.012815,11.789662,3.520340,2.633332,154.063615,6.008644,0.954957,0.029909,0.868736
-0.043829,0.061699,2.831046,0.355452,20.013045,11.301823,3.524413,2.640703,153.921988,6.124600,0.954057,0.030414,0.867840
-0.043761,0.061274,2.892826,0.353995,20.013000,11.344452,3.516885,2.642519,153.785112,5.966361,0.953407,0.029708,0.867163
-0.046251,0.063401,2.941449,0.344078,20.012910,11.458647,3.523523,2.648526,153.659941,6.152101,0.952709,0.030522,0.866556
-0.037465,0.063659,3.020310,0.331091,20.012650,11.988800,3.528434,2.627555,153.509000,6.026142,0.952071,0.030012,0.866035
-0.046430,0.064374,3.056760,0.331247,20.013080,11.106792,3.514220,2.642286,153.351296,6.128070,0.951010,0.030396,0.865046
-0.040373,0.066713,3.180845,0.314401,20.012870,11.919805,3.524573,2.623603,153.214046,6.176632,0.950500,0.030673,0.863918
-0.045400,0.066807,3.192945,0.319977,20.012922,11.124050,3.525986,2.632025,153.043451,6.118809,0.949450,0.030387,0.863647
-0.045275,0.068086,3.223980,0.311527,20.013095,10.856218,3.525343,2.627227,152.897529,5.935484,0.948579,0.029563,0.862859
-0.041503,0.069501,3.327865,0.306006,20.012722,12.201043,3.527195,2.614906,152.777952,6.192703,0.948165,0.030794,0.862626
-0.044960,0.069628,3.404464,0.298453,20.013040,10.920167,3.526943,2.621863,152.743619,5.949035,0.947152,0.029610,0.861528
-0.045599,0.070234,3.411533,0.293661,20.012818,11.390095,3.522387,2.624386,152.772236,5.875048,0.946632,0.029246,0.861163
-0.052089,0.071955,3.477132,0.287588,20.013120,10.123230,3.530306,2.616464,152.716490,5.944021,0.945516,0.029478,0.860050
-0.042655,0.072648,3.543281,0.282218,20.013148,11.317757,3.527179,2.641397,152.678235,5.903091,0.945210,0.029328,0.859889
-0.045855,0.073031,3.579174,0.279394,20.012960,10.396212,3.525098,2.609150,152.594138,5.696420,0.944325,0.028354,0.858945
-0.041094,0.074208,3.652008,0.275666,20.013145,11.572958,3.525678,2.635421,152.482059,5.941399,0.943878,0.029495,0.858673
-0.041023,0.076374,3.717376,0.272936,20.012762,11.738642,3.528427,2.635534,152.309388,5.796723,0.943186,0.028833,0.858006
-0.046857,0.077030,3.859543,0.261158,20.013250,10.456118,3.526815,2.624957,152.086115,5.837365,0.941987,0.029003,0.856834
-0.047101,0.078662,3.924946,0.259700,20.012735,10.835785,3.523582,2.623054,151.872310,6.014763,0.941244,0.029839,0.856203
-0.040116,0.079834,4.045567,0.247184,20.012957,11.746322,3.533562,2.616290,151.617766,5.908032,0.940658,0.029386,0.855767
-0.042949,0.081917,4.165644,0.241564,20.012905,11.289763,3.524825,2.617429,151.316601,6.004755,0.939653,0.029804,0.854789
-0.036721,0.084087,4.280758,0.234904,20.012963,11.933013,3.528266,2.624513,151.090199,5.876199,0.938917,0.029280,0.854224
-0.042168,0.085599,4.389150,0.230203,20.012687,11.696927,3.526415,2.619023,150.882003,5.986908,0.937980,0.029773,0.853352
-0.048866,0.087964,4.512576,0.221929,20.013117,10.449808,3.534170,2.628306,150.707315,6.021076,0.936715,0.029905,0.852112
-0.040800,0.089187,4.628012,0.000000,20.012872,11.386382,3.532989,2.627484,150.548644,5.940876,0.936148,0.029543,0.851755
-0.047538,0.091739,4.750334,0.211522,20.012945,10.791583,3.533522,2.646689,150.380568,6.028416,0.935077,0.029937,0.850738
-0.039994,0.093308,4.827929,0.000000,20.012645,11.658647,3.534838,2.616401,150.243916,5.922074,0.934537,0.029467,0.850292
-0.042555,0.095968,4.938335,0.000000,20.012708,11.380027,3.534632,2.609541,150.059173,6.042227,0.933600,0.030000,0.849414
-0.044981,0.097509,5.111589,0.000000,20.012722,10.577630,3.535218,2.612292,149.895253,5.810919,0.932475,0.028883,0.848362
-0.041543,0.100065,5.223337,0.000000,20.012602,11.700445,3.540058,2.617102,149.729394,6.031590,0.931868,0.029961,0.847986
-0.043291,0.102715,5.371405,0.000000,20.012655,11.301473,3.542326,2.637693,149.554058,5.815634,0.930867,0.028911,0.847003
-0.046979,0.105694,5.536438,0.000000,20.012802,10.721448,3.540157,2.613559,149.370132,5.900986,0.929799,0.029263,0.845969
-0.050167,0.108508,5.617926,0.000000,20.012708,10.241725,3.533640,2.615226,149.191260,5.681469,0.928707,0.028233,0.844993
-0.045376,0.111632,5.835674,0.000000,20.012517,10.959625,3.549337,2.613484,149.037936,5.861540,0.927994,0.029101,0.844426
-0.039646,0.114214,6.010084,0.000000,20.012490,11.609298,3.546126,2.625809,148.871505,5.723971,0.927299,0.028476,0.843821
-0.046755,0.117838,6.155753,0.000000,20.012575,10.251382,3.540632,2.625084,148.753343,5.460591,0.926008,0.027173,0.842551
-0.044421,0.120256,6.400113,0.000000,20.012463,10.605712,3.540271,2.619069,148.588098,5.610364,0.925214,0.027838,0.841871
-0.036667,0.124413,6.546680,0.000000,20.012497,11.421707,3.540723,2.627861,148.375386,5.489499,0.924493,0.027320,0.841301
-0.039588,0.128020,6.774764,0.000000,20.012375,11.165465,3.550507,2.609358,148.166832,5.576969,0.923436,0.027667,0.840325
-0.043577,0.132221,6.974950,0.000000,20.012332,10.413513,3.538469,2.601744,147.975683,5.339026,0.922251,0.026561,0.839227
-0.043649,0.136600,7.190709,0.000000,20.012377,10.300927,3.550525,2.619640,147.779192,5.442882,0.921225,0.026969,0.838305
-0.044825,0.140366,7.488687,0.000000,20.012263,10.029192,3.550225,2.608149,147.579171,5.227937,0.920129,0.025992,0.837344
-0.040040,0.011172,7.653293,0.000000,20.012157,11.239688,3.562825,2.604490,147.614629,5.451226,0.919587,0.026973,0.836931
-0.040934,-0.018211,7.870748,0.000000,20.012360,10.266157,3.559283,2.595921,147.635309,5.210348,0.918551,0.025794,0.835849
-0.042303,0.151538,8.020016,0.000000,20.012493,9.936785,3.549211,2.610513,147.621327,5.018687,0.917642,0.024937,0.835004
-0.035193,0.155277,8.220634,0.000000,20.012242,11.068120,3.550282,2.603784,147.581185,4.947848,0.917136,0.024630,0.834639
-0.037712,0.160255,8.463182,0.000000,20.012308,11.065372,3.547452,2.603711,147.473812,5.066426,0.916270,0.025049,0.833777
-0.040776,0.164282,8.765919,0.000000,20.012137,9.951533,3.558564,2.616764,147.295426,4.802451,0.915044,0.023831,0.832594
-0.038183,0.168640,8.930150,0.000000,20.011852,10.504908,3.560655,2.582633,147.112151,4.979266,0.914228,0.024574,0.831972
