SCC,SCV,DVV,ICP,CCDT,CVCT,ACCV C,ACCV D,ECD,ECV,CCD,CCV,SoH
-0.036794,0.016286,0.377886,2.719369,20.007842,11.083378,3.449745,2.730856,178.613128,6.570297,1.076122,0.032720,0.978290
-0.038142,0.016216,0.371412,2.876856,20.007913,11.000152,3.447579,2.743955,178.721582,6.348152,1.076648,0.031642,0.978713
-0.036384,0.015656,0.324142,2.794154,20.008412,10.916618,3.446276,2.743627,178.933661,6.214166,1.077595,0.030990,0.979501
-0.034204,0.015993,0.361918,3.383654,20.008807,10.833400,3.448377,2.741190,179.117908,6.098818,1.078519,0.030421,0.980316
-0.036692,0.015190,0.372555,2.813683,20.008555,10.833375,3.443905,2.746217,179.202279,6.228852,1.079092,0.030946,0.980871
-0.037665,0.015412,0.335724,2.832468,20.008370,10.750068,3.445464,2.735180,179.284096,6.002102,1.079503,0.029897,0.981262
-0.038833,0.015346,0.333963,3.891066,20.008898,10.749947,3.445204,2.719690,179.325267,6.076054,1.079880,0.030190,0.981562
-0.037004,0.015408,0.355160,2.815710,20.008987,10.666648,3.446822,2.731064,179.377477,5.810891,1.079978,0.028988,0.981717
-0.037517,0.014978,0.344242,2.864813,20.008588,10.666832,3.445304,2.735794,179.398414,5.833789,1.080172,0.029105,0.981904
-0.039506,0.015043,0.362796,3.224304,20.008640,10.666677,3.445385,2.732679,179.425171,5.870135,1.080349,0.029211,0.982036
-0.037795,0.014659,0.346773,2.891524,20.008963,10.666720,3.443718,2.734627,179.456696,5.881871,1.080495,0.029254,0.982089
-0.039437,0.015328,0.361673,2.999764,20.016047,10.999953,3.449901,2.734361,178.447342,6.820987,1.075165,0.034000,0.980890
-0.038312,0.016064,0.362024,3.175519,20.013612,10.916753,3.447021,2.710423,178.985385,5.928047,1.077972,0.029578,0.978163
-0.035383,0.015153,0.353174,3.446201,20.015490,10.749907,3.442504,2.749736,179.150001,5.756950,1.079010,0.028722,0.980143
-0.036443,0.015268,0.337753,3.082966,20.007995,10.750118,3.444085,2.722222,179.148176,5.922068,1.079384,0.029361,0.980801
-0.037961,0.015162,0.363374,2.846564,20.008325,10.666745,3.444712,2.742178,179.205357,5.703084,1.079757,0.028413,0.981274
-0.038170,0.014833,0.368842,2.856810,20.008625,10.666823,3.444705,2.741524,179.234965,5.750835,1.079953,0.028618,0.981494
-0.039823,0.014914,0.288633,3.319426,20.008965,10.666742,3.442715,2.757437,179.256577,5.816208,1.080120,0.028852,0.981721
-0.039707,0.014678,0.340183,2.847234,20.008888,10.666752,3.442322,2.756291,179.279921,5.830182,1.080250,0.028916,0.981818
-0.037466,0.015582,0.326175,2.336404,20.009007,10.666637,3.447497,2.747531,179.279724,5.847795,1.080274,0.029008,0.981869
-0.037085,0.014452,0.328475,2.706996,20.009263,10.583360,3.441389,2.723089,179.312420,5.572244,1.080451,0.027780,0.982039
-0.034286,0.014763,0.343580,2.831715,20.009320,10.583378,3.444759,2.746426,179.324213,5.590995,1.080566,0.027854,0.982144
-0.036746,0.014880,0.341714,3.201713,20.009517,10.583467,3.442979,2.737421,179.329291,5.606057,1.080571,0.027925,0.982193
-0.035270,0.015255,0.343161,3.970683,20.009498,10.583260,3.443642,2.747387,179.321145,5.609301,1.080575,0.027952,0.982220
-0.035702,0.015181,0.332580,3.037047,20.009352,10.583437,3.445002,2.741392,179.336111,5.617940,1.080665,0.027962,0.982253
-0.038966,0.015234,0.340644,2.931622,20.009342,10.583363,3.447335,2.745114,179.334451,5.612318,1.080717,0.027994,0.982318
-0.038564,0.014898,0.337758,3.278576,20.009782,10.583438,3.444414,2.720905,179.343256,5.638501,1.080692,0.028036,0.982354
-0.039012,0.014646,0.353507,2.880139,20.009395,10.583487,3.444294,2.740139,179.300313,5.641693,1.080730,0.028058,0.982362
-0.037705,0.014570,0.338351,3.010132,20.009060,10.583242,3.442037,2.738467,179.298412,5.635347,1.080704,0.028037,0.982354
-0.038766,0.014779,0.338309,3.111912,20.009140,10.583277,3.442204,2.750783,179.286821,5.634235,1.080728,0.028018,0.982327
-0.038193,0.014533,0.324506,3.017081,20.009253,10.583273,3.441851,2.734225,179.293502,5.643483,1.080802,0.028057,0.982359
-0.036716,0.014576,0.350785,3.170542,20.009037,10.583450,3.443791,2.735934,179.279812,5.660260,1.080789,0.028132,0.982441
-0.037791,0.014766,0.310968,2.694740,20.009123,10.583383,3.442454,2.741564,179.268039,5.648950,1.080789,0.028086,0.982402
-0.037793,0.015313,0.360714,2.788403,20.009552,10.583437,3.444027,2.740815,179.276539,5.657782,1.080855,0.028113,0.982447
-0.035575,0.014935,0.362145,3.004505,20.009785,10.583253,3.444891,2.743556,179.280571,5.672127,1.080940,0.028160,0.982499
-0.037151,0.015303,0.359555,2.781184,20.009728,10.583473,3.446178,2.726971,179.274090,5.687985,1.080949,0.028228,0.982548
-0.036713,0.014603,0.360531,2.664474,20.009372,10.583438,3.444577,2.753645,179.255573,5.694039,1.080891,0.028223,0.982542
-0.038069,0.015210,0.334452,3.025253,20.009487,10.583300,3.446360,2.739494,179.239367,5.680777,1.080869,0.028154,0.982499
-0.037941,0.014864,0.359469,3.127934,20.009278,10.583380,3.444467,2.752967,179.195757,5.678387,1.080871,0.028133,0.982476
-0.038956,0.015306,0.355107,3.246770,20.009170,10.583430,3.447726,2.757410,179.219364,5.680449,1.080935,0.028173,0.982512
-0.039192,0.015372,0.326988,3.030371,20.009332,10.583417,3.447133,2.747743,179.204360,5.693993,1.080911,0.028203,0.982525
-0.037839,0.014966,0.321293,2.720387,20.009688,10.583412,3.445244,2.752688,179.193699,5.683416,1.080985,0.028163,0.982512
-0.038302,0.015446,0.336777,3.203782,20.009875,10.583438,3.448809,2.733063,179.209954,5.697056,1.081011,0.028262,0.982577
-0.036893,0.015329,0.350260,3.360693,20.009577,10.583378,3.445262,2.738177,179.188021,5.685953,1.080916,0.028191,0.982537
-0.041101,0.015765,0.353355,3.244047,20.009637,10.583415,3.447210,2.743149,179.168000,5.672538,1.080883,0.028122,0.982466
-0.041531,0.015312,0.347600,2.873382,20.009372,10.583430,3.446645,2.723779,179.150034,5.679082,1.080900,0.028154,0.982483
-0.039380,0.014747,0.338612,3.017488,20.009552,10.583395,3.444864,2.741538,179.123384,5.677517,1.080929,0.028168,0.982536
-0.041490,0.015266,0.342406,3.164390,20.009442,10.583463,3.446675,2.745895,179.125470,5.687354,1.080969,0.028175,0.982526
-0.035005,0.014525,0.350341,3.655183,20.009215,10.499903,3.443889,2.735030,179.120012,5.385736,1.080947,0.026846,0.982544
-0.037843,0.015537,0.326448,2.566179,20.009178,10.499993,3.449383,2.734352,179.104682,5.389846,1.080994,0.026850,0.982535
-0.034880,0.014702,0.336585,3.571804,20.009295,10.500005,3.443876,2.744273,179.084527,5.382881,1.080975,0.026833,0.982547
-0.033943,0.014905,0.336455,2.990396,20.009505,10.500020,3.445855,2.741794,179.087696,5.387242,1.080988,0.026855,0.982558
-0.038925,0.014913,0.357253,3.291410,20.009550,10.499965,3.444539,2.746996,179.059364,5.384322,1.080987,0.026821,0.982547
-0.037150,0.015294,0.364072,3.042973,20.009308,10.499990,3.446953,2.742364,179.075015,5.379623,1.080920,0.026804,0.982535
-0.035846,0.014677,0.349601,2.909572,20.009525,10.500003,3.444669,2.729883,179.037795,5.375065,1.080899,0.026761,0.982490
-0.038122,0.015242,0.352535,3.700413,20.009488,10.499945,3.442602,2.736514,179.016812,5.371136,1.080909,0.026792,0.982498
-0.033963,0.014663,0.326368,3.085521,20.008955,10.500163,3.441708,2.744802,178.961340,5.365533,1.080813,0.026746,0.982474
-0.035951,0.015667,0.315395,3.121687,20.009077,10.500173,3.447293,2.737752,178.951052,5.359635,1.080809,0.026690,0.982406
-0.036752,0.015786,0.352958,2.841684,20.008843,10.500025,3.447003,2.726853,178.939980,5.352245,1.080824,0.026677,0.982389
-0.036961,0.014956,0.334941,2.854019,20.008998,10.500022,3.444209,2.741466,178.977876,5.353530,1.080805,0.026671,0.982381
-0.038287,0.014960,0.336648,2.974786,20.008915,10.500062,3.445091,2.739455,178.915350,5.349535,1.080791,0.026647,0.982350
-0.039561,0.015674,0.346563,3.148455,20.009447,10.500057,3.446596,2.745708,178.907268,5.349397,1.080828,0.026647,0.982363
-0.036723,0.014965,0.332064,2.763472,20.008902,10.500055,3.444712,2.743974,178.896208,5.356630,1.080754,0.026666,0.982378
-0.039126,0.014906,0.347439,3.053033,20.009435,10.583272,3.443291,2.745145,179.014041,5.633630,1.080804,0.027925,0.982298
-0.033920,0.015200,0.315343,3.338074,20.009422,10.416628,3.444311,2.746145,179.581579,5.181010,1.081538,0.025821,0.983041
-0.034791,0.014219,0.324614,3.608926,20.009063,10.416670,3.441685,2.729951,179.745027,5.233350,1.081753,0.025976,0.983248
-0.035295,0.014359,0.332238,2.747657,20.008838,10.416603,3.441848,2.747847,179.872567,5.277135,1.081942,0.026126,0.983414
-0.035114,0.014148,0.333802,3.704769,20.008950,10.416777,3.439317,2.751310,179.925618,5.302490,1.082036,0.026208,0.983486
-0.036393,0.014158,0.304535,2.381033,20.008992,10.416733,3.438970,2.726889,179.921672,5.300455,1.082065,0.026228,0.983514
-0.036064,0.014688,0.299616,3.626367,20.008918,10.499933,3.442162,2.739451,178.941397,5.387072,1.080971,0.026775,0.982599
-0.038558,0.015055,0.334556,2.989162,20.009433,10.583390,3.443896,2.734293,178.826739,5.631042,1.080770,0.027917,0.982286
-0.038020,0.015443,0.340387,4.372959,20.008703,10.583377,3.446496,2.717932,178.774992,5.624279,1.080643,0.027861,0.982244
-0.036000,0.014898,0.336289,2.808327,20.009200,10.583403,3.442340,2.748871,178.767256,5.604431,1.080593,0.027786,0.982159
-0.036663,0.014901,0.341385,2.533632,20.008828,10.583352,3.443021,2.738786,178.762196,5.610808,1.080563,0.027781,0.982176
-0.037079,0.015758,0.309460,3.004800,20.009282,10.583388,3.450153,2.738343,178.757066,5.588993,1.080537,0.027715,0.982132
-0.040245,0.015314,0.326316,2.928944,20.009070,10.583270,3.445239,2.729300,178.715802,5.587786,1.080472,0.027701,0.982103
-0.038704,0.014919,0.347232,2.680274,20.009102,10.583428,3.446060,2.737898,178.718126,5.583404,1.080403,0.027655,0.982024
-0.038285,0.014926,0.347105,2.974239,20.009578,10.583372,3.445006,2.750697,178.714234,5.579411,1.080436,0.027645,0.982036
-0.038193,0.014695,0.362207,3.553964,20.009207,10.583365,3.444983,2.733529,178.683287,5.583387,1.080396,0.027652,0.982042
-0.039910,0.015155,0.348547,2.446110,20.009040,10.583445,3.447723,2.730393,178.724530,5.567777,1.080313,0.027585,0.981955
-0.039074,0.014030,0.358964,3.558057,20.009380,10.583328,3.442210,2.746664,178.660568,5.549224,1.080254,0.027514,0.981916
-0.036377,0.014573,0.305791,2.936656,20.009043,10.583338,3.443989,2.727165,178.630549,5.559359,1.080223,0.027506,0.981873
-0.037659,0.015290,0.348778,3.136323,20.009333,10.583302,3.445783,2.742078,178.635082,5.541350,1.080185,0.027458,0.981860
-0.036242,0.015023,0.370618,2.810173,20.009055,10.583178,3.446110,2.735680,178.613969,5.522339,1.080142,0.027398,0.981772
-0.035636,0.015494,0.367404,2.674072,20.008857,10.583363,3.449094,2.736413,178.595948,5.524071,1.080084,0.027392,0.981780
-0.037285,0.014906,0.333016,2.911380,20.009138,10.583268,3.444695,2.739264,178.593390,5.513223,1.080072,0.027343,0.981734
-0.035543,0.015134,0.335797,3.538956,20.009060,10.583375,3.445378,2.722377,178.563220,5.502100,1.080042,0.027327,0.981723
-0.038979,0.014981,0.354470,2.858689,20.008967,10.583473,3.445647,2.732279,178.556466,5.484494,1.080025,0.027253,0.981679
-0.035705,0.015135,0.317408,3.150211,20.009203,10.583405,3.447018,2.725346,178.525796,5.479208,1.079979,0.027228,0.981635
-0.037276,0.015068,0.335727,2.831276,20.009512,10.583472,3.446081,2.722611,178.529709,5.480274,1.079984,0.027192,0.981612
-0.036556,0.014923,0.361858,2.668445,20.008972,10.583473,3.446745,2.730618,178.510747,5.478743,1.079927,0.027185,0.981601
-0.034364,0.014802,0.344843,2.706385,20.009872,10.583400,3.446847,2.730652,178.507140,5.467765,1.079930,0.027177,0.981576
-0.035728,0.014715,0.335508,3.246678,20.009412,10.583383,3.443974,2.731195,178.480444,5.476676,1.079886,0.027174,0.981583
-0.037063,0.015282,0.336518,2.529805,20.009193,10.583337,3.447072,2.734923,178.459682,5.457860,1.079880,0.027101,0.981528
-0.036289,0.015090,0.356169,2.973872,20.009512,10.583390,3.444756,2.738250,178.458461,5.456336,1.079856,0.027108,0.981514
-0.037053,0.014969,0.350598,3.367817,20.009485,10.583363,3.446195,2.729106,178.432912,5.458686,1.079820,0.027109,0.981518
-0.036608,0.014374,0.357557,2.552379,20.009153,10.583433,3.442973,2.724541,178.414607,5.442596,1.079784,0.027055,0.981452
-0.036110,0.014537,0.345298,2.906428,20.009263,10.583493,3.443693,2.723813,178.410033,5.443057,1.079784,0.027053,0.981446
-0.034111,0.014893,0.348463,3.031976,20.009455,10.583407,3.446483,2.726102,178.405843,5.436681,1.079775,0.027003,0.981404
-0.036746,0.014899,0.342694,2.781713,20.009245,10.583468,3.445273,2.731213,178.367357,5.425789,1.079694,0.026970,0.981387
-0.034603,0.014947,0.363318,2.699832,20.009193,10.583250,3.447353,2.721737,178.341419,5.423545,1.079635,0.026944,0.981353
-0.037530,0.014892,0.316012,2.783477,20.009423,10.583502,3.445464,2.729948,178.316995,5.403114,1.079603,0.026894,0.981285
-0.038453,0.015215,0.366729,3.321582,20.009180,10.583318,3.446254,2.711809,178.310074,5.410875,1.079576,0.026887,0.981283
-0.033939,0.014524,0.357367,2.670930,20.009403,10.583305,3.443740,2.715724,178.304918,5.390298,1.079542,0.026844,0.981245
-0.038508,0.015181,0.359685,2.883556,20.009445,10.583372,3.446680,2.742092,178.290480,5.397757,1.079529,0.026850,0.981235
-0.034815,0.014522,0.336702,3.392868,20.009565,10.583422,3.442927,2.718427,178.262741,5.386807,1.079480,0.026809,0.981205
-0.038272,0.014605,0.344618,3.101258,20.009028,10.583517,3.444495,2.746942,178.260520,5.385973,1.079447,0.026780,0.981176
-0.037922,0.015207,0.345601,2.696806,20.009393,10.583378,3.446112,2.731360,178.262646,5.383756,1.079514,0.026756,0.981176
-0.035979,0.014998,0.371439,3.188196,20.009523,10.583363,3.445251,2.737306,178.243464,5.378452,1.079513,0.026755,0.981175
-0.035847,0.015350,0.353396,2.758261,20.009498,10.583418,3.446791,2.731147,178.221802,5.371917,1.079442,0.026724,0.981151
-0.037478,0.015064,0.365899,2.819855,20.009692,10.583315,3.446364,2.727982,178.189916,5.371600,1.079417,0.026700,0.981094
-0.037522,0.014872,0.353912,3.003253,20.009523,10.583453,3.446599,2.742375,178.175975,5.368007,1.079315,0.026683,0.981081
-0.036882,0.015586,0.360712,2.773445,20.009513,10.583433,3.446076,2.724135,178.159011,5.348691,1.079330,0.026628,0.981046
-0.035248,0.015344,0.352767,2.853449,20.009433,10.583472,3.448605,2.740697,178.166342,5.360601,1.079346,0.026641,0.981060
-0.034850,0.014852,0.372231,2.673188,20.009293,10.583407,3.445168,2.716294,178.136119,5.345469,1.079270,0.026575,0.980984
-0.037313,0.014557,0.334619,3.633681,20.009553,10.499967,3.444152,2.728420,178.116577,5.327568,1.079234,0.026551,0.980947
-0.034776,0.015216,0.352390,4.692051,20.009488,10.583432,3.447784,2.739530,178.115204,5.328988,1.079215,0.026526,0.980912
-0.038896,0.015424,0.354745,3.927397,20.009785,10.583475,3.448138,2.715788,178.086418,5.333834,1.079189,0.026520,0.980912
-0.036118,0.014915,0.358932,2.700159,20.009452,10.583323,3.445215,2.752654,178.085213,5.318072,1.079191,0.026471,0.980901
-0.033480,0.014486,0.344945,2.644645,20.009330,10.583358,3.443744,2.720621,178.045354,5.306261,1.079109,0.026428,0.980832
-0.036988,0.015429,0.376604,3.184623,20.009647,10.583408,3.447693,2.720955,178.032854,5.312188,1.079107,0.026429,0.980803
-0.035637,0.015640,0.353667,2.896265,20.009820,10.583408,3.448854,2.715152,178.027614,5.299774,1.079021,0.026375,0.980765
-0.037599,0.014851,0.355625,3.275312,20.009420,10.583315,3.445327,2.724979,178.034336,5.285351,1.078970,0.026335,0.980702
-0.038269,0.015742,0.359155,2.878464,20.009543,10.583285,3.449436,2.719939,178.017269,5.285547,1.078953,0.026304,0.980669
-0.034346,0.015923,0.332155,3.009965,20.009923,10.583310,3.446664,2.697579,177.998132,5.283570,1.078954,0.026309,0.980681
-0.034711,0.015697,0.364711,2.358227,20.009495,10.583338,3.447419,2.747436,177.992612,5.290139,1.078924,0.026313,0.980664
-0.035243,0.014830,0.368693,2.686717,20.009520,10.583303,3.445123,2.729038,177.970208,5.279483,1.078881,0.026279,0.980643
-0.040458,0.015976,0.378223,3.199665,20.009533,10.666727,3.449761,2.738487,177.948446,5.568460,1.078841,0.027611,0.980606
-0.035442,0.015183,0.357559,2.792400,20.009535,10.666650,3.447878,2.720461,177.933346,5.563571,1.078772,0.027575,0.980572
-0.038283,0.015623,0.353538,2.641218,20.009527,10.666790,3.449777,2.738931,177.928382,5.555309,1.078710,0.027516,0.980512
-0.039544,0.015811,0.354676,3.313648,20.009512,10.666817,3.449199,2.740266,177.903421,5.542498,1.078759,0.027462,0.980494
-0.037927,0.015003,0.368716,2.749209,20.009763,10.666830,3.447060,2.710719,178.039967,5.545645,1.078722,0.027471,0.980476
-0.040767,0.015858,0.351230,2.696745,20.009767,10.666785,3.447505,2.740220,178.166310,5.537167,1.078688,0.027398,0.980404
-0.037227,0.014700,0.356887,2.582973,20.009838,10.666635,3.445956,2.715239,178.142545,5.526786,1.078583,0.027361,0.980364
-0.035989,0.015345,0.385645,3.003725,20.010008,10.666622,3.446894,2.744112,178.128056,5.513274,1.078522,0.027320,0.980327
-0.038441,0.014717,0.345061,2.809952,20.009688,10.666620,3.445358,2.736754,178.118905,5.496103,1.078474,0.027261,0.980298
-0.036560,0.014744,0.377838,2.798831,20.009780,10.666833,3.444902,2.740684,178.106159,5.502619,1.078468,0.027260,0.980271
-0.037744,0.015334,0.383901,2.536065,20.009930,10.666632,3.448013,2.733320,178.090364,5.489253,1.078381,0.027226,0.980229
-0.038019,0.014666,0.361061,3.180409,20.010183,10.666597,3.445866,2.719098,178.054199,5.463633,1.078313,0.027121,0.980145
-0.036081,0.014805,0.361859,2.764198,20.009950,10.666742,3.446270,2.731113,178.049300,5.455546,1.078306,0.027087,0.980093
-0.039685,0.015018,0.327333,2.658910,20.010017,10.666557,3.444439,2.738878,178.035560,5.439103,1.078244,0.027056,0.980064
-0.036229,0.015362,0.364598,2.941920,20.010100,10.666632,3.447663,2.728253,178.024082,5.442856,1.078234,0.027032,0.980030
-0.036989,0.015196,0.387568,2.407679,20.010087,10.666682,3.447175,2.732782,178.014006,5.436219,1.078191,0.027022,0.980024
-0.036932,0.015184,0.376961,3.244152,20.010167,10.666722,3.448239,2.735497,177.990454,5.416434,1.078107,0.026936,0.979970
-0.039484,0.015279,0.355138,2.969689,20.010142,10.666798,3.447626,2.738586,177.988725,5.418806,1.078109,0.026946,0.979952
-0.037385,0.015480,0.372534,3.054359,20.010555,10.666710,3.450268,2.718563,177.964594,5.407375,1.078037,0.026898,0.979899
-0.035423,0.015664,0.389127,2.706772,20.010262,10.666717,3.449806,2.731575,177.947861,5.404205,1.078024,0.026877,0.979873
-0.037192,0.015920,0.389800,2.458142,20.010435,10.666757,3.451157,2.730339,177.933518,5.401023,1.078009,0.026838,0.979840
-0.033568,0.015481,0.383202,2.680484,20.010235,10.666775,3.449864,2.720097,177.911110,5.389235,1.077893,0.026797,0.979782
-0.037396,0.015228,0.383543,2.649671,20.010153,10.666803,3.448028,2.723999,177.909707,5.378659,1.077880,0.026750,0.979725
-0.034358,0.015356,0.358757,2.836210,20.010503,10.666833,3.448027,2.742877,177.908354,5.369690,1.077838,0.026710,0.979703
-0.035641,0.015641,0.359814,3.047869,20.010195,10.666623,3.447273,2.728184,177.902560,5.353733,1.077801,0.026658,0.979660
-0.035277,0.015576,0.374861,2.688020,20.010380,10.666763,3.446582,2.732315,177.864665,5.352394,1.077813,0.026670,0.979629
-0.035898,0.015500,0.376134,2.285734,20.010487,10.666692,3.447435,2.739268,177.861914,5.342164,1.077751,0.026621,0.979609
-0.035170,0.015384,0.391093,2.803336,20.010593,10.666672,3.448042,2.727217,177.887278,5.333681,1.077711,0.026576,0.979569
-0.033519,0.015600,0.370261,2.762556,20.010547,10.666818,3.449927,2.729919,177.838500,5.334077,1.077684,0.026562,0.979549
-0.034957,0.015299,0.364217,2.691633,20.011127,10.666717,3.448760,2.759245,178.122610,5.326263,1.077627,0.026529,0.979508
-0.039560,0.015343,0.363341,2.487056,20.010742,10.750127,3.447818,2.731956,178.063190,5.732932,1.077558,0.027825,0.979451
-0.041913,0.015973,0.375085,2.532691,20.010572,10.749980,3.449350,2.741806,177.801331,5.650238,1.077522,0.027812,0.979406
-0.041049,0.015340,0.367833,3.341419,20.010442,10.750167,3.448250,2.742424,177.816695,5.599397,1.077531,0.027753,0.979380
-0.038788,0.015387,0.377974,2.567990,20.010125,10.750103,3.447296,2.736813,177.799696,5.598087,1.077472,0.027752,0.979365
-0.037464,0.015511,0.382825,2.567688,20.010603,10.750023,3.445875,2.723930,177.765136,5.591500,1.077452,0.027699,0.979307
-0.037707,0.016062,0.370532,2.799835,20.010358,10.749943,3.449507,2.719515,177.745806,5.579323,1.077384,0.027667,0.979258
-0.036223,0.015100,0.363038,3.111401,20.010413,10.750212,3.445771,2.725919,177.735863,5.569509,1.077339,0.027583,0.979205
-0.036503,0.016240,0.353173,2.938265,20.010627,10.750062,3.449538,2.720906,177.737697,5.567127,1.077336,0.027571,0.979183
-0.038170,0.016747,0.374076,2.672833,20.010643,10.750110,3.453645,2.731418,177.747608,5.567073,1.077324,0.027581,0.979209
-0.037783,0.015462,0.369743,2.680119,20.010817,10.749985,3.447935,2.729353,177.726439,5.558642,1.077278,0.027540,0.979165
-0.039234,0.015881,0.353745,2.822996,20.010727,10.750127,3.450117,2.718058,177.717622,5.556411,1.077213,0.027524,0.979151
-0.038310,0.015661,0.384620,2.572496,20.011030,10.750127,3.448832,2.733234,177.714079,5.546808,1.077198,0.027476,0.979097
-0.040122,0.015722,0.386931,2.663879,20.010823,10.750168,3.450922,2.729935,177.696331,5.546749,1.077178,0.027458,0.979076
-0.038998,0.015531,0.344993,2.796651,20.010555,10.750062,3.449465,2.739177,177.683595,5.528731,1.077128,0.027413,0.979029
-0.039951,0.014994,0.378752,4.521209,20.010862,10.750062,3.445197,2.719525,177.646470,5.520030,1.077064,0.027357,0.978968
-0.036260,0.015391,0.365791,2.545306,20.010672,10.749880,3.447686,2.746862,177.631130,5.514005,1.077016,0.027342,0.978958
-0.037703,0.014959,0.377996,3.277825,20.010550,10.749997,3.446553,2.730655,177.603789,5.490920,1.076944,0.027237,0.978869
-0.037720,0.015954,0.370121,2.679914,20.010802,10.750153,3.450293,2.741759,177.593262,5.478118,1.076914,0.027206,0.978840
-0.039143,0.015438,0.363811,2.842466,20.011048,10.750063,3.449498,2.735634,177.584299,5.477098,1.076909,0.027184,0.978814
-0.037596,0.015410,0.361394,2.664114,20.010793,10.750150,3.449419,2.728178,177.608467,5.484664,1.076906,0.027185,0.978816
-0.041112,0.015500,0.402629,3.429375,20.011073,10.750053,3.448963,2.723689,177.699244,5.488217,1.076962,0.027203,0.978858
-0.036997,0.015629,0.390497,2.850354,20.010913,10.750133,3.449330,2.727277,177.850487,5.510547,1.077113,0.027309,0.978972
-0.035802,0.015519,0.396025,2.668789,20.010743,10.666708,3.448581,2.715579,177.846342,5.218375,1.077129,0.025984,0.978993
-0.040182,0.015588,0.355830,2.716794,20.010595,10.750097,3.447627,2.725832,177.768139,5.507274,1.077043,0.027261,0.978919
-0.035495,0.015276,0.376544,3.463021,20.010675,10.750210,3.448861,2.729434,177.618415,5.466388,1.076859,0.027093,0.978770
-0.037157,0.016058,0.379857,2.768003,20.010955,10.750122,3.450465,2.717095,177.507781,5.423815,1.076679,0.026974,0.978599
-0.037179,0.016099,0.396636,3.068988,20.006623,10.750050,3.451494,2.732083,177.498775,5.423418,1.076618,0.026956,0.978587
-0.036901,0.015495,0.363290,2.947316,20.011082,10.750090,3.449464,2.725459,177.523705,5.409259,1.076545,0.026887,0.978501
-0.036108,0.015391,0.366243,2.922517,20.011070,10.750132,3.446066,2.737860,177.675282,5.432755,1.076693,0.026945,0.978620
-0.038772,0.016042,0.396004,3.030070,20.010618,10.749953,3.451657,2.713184,177.788483,5.461255,1.076814,0.027039,0.978724
-0.036906,0.015418,0.378114,2.644286,20.010397,10.750023,3.448802,2.721527,177.844741,5.476559,1.076860,0.027121,0.978757
-0.038109,0.014976,0.370848,2.623552,20.010632,10.749912,3.446364,2.738732,177.849937,5.473658,1.076863,0.027099,0.978778
-0.035168,0.016265,0.383894,2.471546,20.010712,10.750115,3.450683,2.716933,177.826017,5.465440,1.076797,0.027083,0.978746
-0.038471,0.015400,0.376644,2.723929,20.010698,10.750098,3.445944,2.732727,177.761023,5.460102,1.076744,0.027008,0.978677
-0.038863,0.015323,0.379037,3.526458,20.011010,10.750020,3.447239,2.727707,177.681528,5.422083,1.076610,0.026886,0.978575
-0.038409,0.016061,0.368971,2.831422,20.010817,10.749973,3.449976,2.743007,177.503747,5.389999,1.076442,0.026775,0.978422
-0.036521,0.015410,0.373490,2.685087,20.010802,10.750010,3.451606,2.725088,177.347497,5.343978,1.076200,0.026605,0.978194
-0.036805,0.016088,0.379028,2.962900,19.997485,10.750038,3.452908,2.728875,177.333053,5.337424,1.076148,0.026590,0.978172
-0.036574,0.015544,0.409071,2.772732,19.980748,10.750010,3.450058,2.739586,177.315305,5.327254,1.076074,0.026537,0.978100
-0.038820,0.015871,0.376882,3.283756,20.005122,10.749943,3.450343,2.729853,177.304990,5.316246,1.076038,0.026486,0.978048
-0.038302,0.015540,0.353728,2.591093,19.992938,10.833420,3.450414,2.718988,177.296050,5.609637,1.075991,0.027826,0.978022
-0.041130,0.016200,0.398812,2.411026,20.011217,10.833332,3.451951,2.732381,177.268906,5.596299,1.075953,0.027753,0.977960
-0.038973,0.016103,0.376850,2.583741,19.975348,10.832542,3.451343,2.721322,177.265080,5.594249,1.075918,0.027721,0.977942
-0.039093,0.016193,0.373326,3.313892,19.967887,10.833320,3.450877,2.730970,177.240663,5.582635,1.075829,0.027651,0.977880
-0.037621,0.016083,0.377844,2.650384,19.956537,10.833483,3.451509,2.733470,177.228276,5.574085,1.075775,0.027597,0.977815
-0.035104,0.015342,0.359158,2.804257,19.940948,10.833503,3.446564,2.731795,177.238754,5.571177,1.075737,0.027577,0.977780
-0.037897,0.015557,0.354532,2.620510,20.011325,10.833347,3.448851,2.721707,177.272838,5.551425,1.075754,0.027499,0.977739
-0.040342,0.015948,0.366606,2.664637,19.933577,10.833360,3.450917,2.728205,177.313076,5.563119,1.075747,0.027553,0.977781
-0.036876,0.015747,0.395640,2.656545,20.011200,10.750112,3.450900,2.719913,177.432054,5.273842,1.075815,0.026236,0.977830
-0.034075,0.015885,0.391632,2.851927,19.987853,10.750013,3.451840,2.738964,177.548952,5.287011,1.075963,0.026285,0.977949
-0.035799,0.015838,0.384008,2.700018,20.011197,10.749987,3.450701,2.743729,177.547993,5.288246,1.075987,0.026290,0.977959
-0.035585,0.015199,0.390465,2.655983,19.986252,10.749973,3.450258,2.725050,177.420404,5.271439,1.075843,0.026225,0.977882
-0.039394,0.016430,0.389843,2.644402,20.011107,10.833540,3.452086,2.730459,177.270201,5.537235,1.075648,0.027451,0.977660
-0.038843,0.015886,0.389903,2.621091,19.980097,10.833420,3.451882,2.726113,177.133493,5.499252,1.075465,0.027269,0.977520
-0.039211,0.015715,0.371511,4.095924,19.965860,10.833423,3.450438,2.725640,177.096850,5.479837,1.075336,0.027194,0.977442
-0.037389,0.015768,0.384396,2.869893,19.947793,10.833425,3.451451,2.737749,177.277876,5.481127,1.075428,0.027188,0.977479
-0.035515,0.015414,0.371708,3.084595,20.003890,10.750138,3.446211,2.731198,177.488838,5.236276,1.075679,0.026047,0.977689
-0.036874,0.015214,0.372938,3.009775,19.985562,10.750045,3.444854,2.721950,177.612281,5.261755,1.075789,0.026133,0.977835
-0.039194,0.015325,0.386683,3.025114,20.011160,10.749973,3.447616,2.721151,177.677534,5.278843,1.075923,0.026186,0.977878
-0.034849,0.015270,0.379757,2.482721,20.011255,10.750117,3.448237,2.747590,177.688471,5.283143,1.075911,0.026203,0.977923
-0.039306,0.015190,0.363640,2.890025,19.995480,10.749967,3.447621,2.730950,177.673012,5.272468,1.075862,0.026155,0.977879
-0.035505,0.014865,0.377163,2.832049,20.005698,10.750117,3.444321,2.756183,177.622145,5.253708,1.075815,0.026100,0.977820
-0.036259,0.015981,0.376284,2.929191,19.964230,10.750140,3.450844,2.750218,177.530927,5.233026,1.075671,0.026003,0.977713
-0.038150,0.015801,0.365375,2.973507,20.011392,10.833425,3.448273,2.723766,177.247967,5.492412,1.075436,0.027226,0.977495
-0.038470,0.015894,0.371983,2.767601,19.996678,10.833412,3.449595,2.722622,177.006396,5.422219,1.075065,0.026932,0.977171
-0.033427,0.015810,0.369832,2.696429,19.899192,10.833303,3.451111,2.721923,176.997470,5.398319,1.074899,0.026834,0.977036
-0.035769,0.015845,0.394476,2.846231,19.933108,10.833537,3.451180,2.721211,176.954567,5.373449,1.074838,0.026733,0.976960
-0.036486,0.015629,0.375177,4.117062,19.911308,10.833417,3.450590,2.753257,176.927340,5.367927,1.074781,0.026692,0.976913
-0.034519,0.015980,0.388968,2.293854,19.920565,10.833310,3.450641,2.729346,176.915333,5.358194,1.074725,0.026648,0.976874
-0.035600,0.016484,0.399508,3.270434,19.893392,10.833265,3.454689,2.729112,176.893069,5.345258,1.074669,0.026615,0.976807
-0.036495,0.016423,0.366242,2.659608,19.864397,10.833400,3.453284,2.727651,176.878526,5.335365,1.074615,0.026542,0.976760
-0.036728,0.016223,0.365693,2.565780,19.894062,10.833442,3.450969,2.730505,176.863485,5.330909,1.074586,0.026517,0.976714
-0.036479,0.015256,0.403538,2.392398,19.768780,10.833273,3.450313,2.734493,176.859554,5.318661,1.074541,0.026490,0.976689
-0.037536,0.016458,0.337501,2.518841,19.795120,10.833458,3.452435,2.722046,176.903618,5.320519,1.074560,0.026465,0.976686
-0.037066,0.016430,0.405510,2.762538,19.819112,10.833428,3.452735,2.733146,176.949106,5.318882,1.074571,0.026470,0.976702
-0.036017,0.015800,0.362484,2.759558,19.829017,10.833420,3.451658,2.753074,177.018338,5.316239,1.074593,0.026442,0.976736
-0.033518,0.016142,0.380019,2.604782,19.842250,10.833462,3.452341,2.724454,177.126482,5.348592,1.074697,0.026534,0.976815
-0.035721,0.015974,0.400516,3.030760,19.964320,10.833410,3.450474,2.730645,177.241644,5.360779,1.074855,0.026569,0.976908
-0.036324,0.015303,0.386639,2.854320,19.951242,10.833327,3.447766,2.721278,177.166804,5.374316,1.074826,0.026615,0.976913
-0.034243,0.015504,0.410949,2.724202,19.825757,10.833433,3.449452,2.729106,176.988819,5.328507,1.074567,0.026458,0.976735
-0.035155,0.016156,0.377742,2.564577,19.767287,10.833377,3.453262,2.737432,176.812496,5.294774,1.074322,0.026333,0.976536
-0.036209,0.016401,0.348250,2.644377,19.851285,10.916617,3.453184,2.724936,176.768362,5.565892,1.074217,0.027539,0.976388
-0.037839,0.016297,0.383325,2.608744,19.715877,10.916762,3.450854,2.742962,176.747617,5.561411,1.074099,0.027526,0.976365
-0.035656,0.016065,0.354131,2.381677,19.769602,10.916653,3.450972,2.722020,176.853603,5.549190,1.074176,0.027494,0.976333
-0.035835,0.016560,0.400978,3.113351,19.908878,10.750077,3.454171,2.722002,176.985085,5.245124,1.074330,0.026191,0.976442
-0.037634,0.016352,0.392467,2.890733,19.913432,10.833427,3.451683,2.723207,177.084117,5.280685,1.074441,0.026249,0.976525
-0.035552,0.015683,0.396013,1.857397,19.876772,10.833418,3.450610,2.711825,177.126517,5.296699,1.074469,0.026279,0.976597
-0.035421,0.015846,0.325162,3.215127,19.896687,10.833432,3.453227,2.731433,177.118034,5.288628,1.074468,0.026248,0.976571
-0.036129,0.015460,0.365795,2.369644,19.883663,10.833340,3.447253,2.728879,177.095320,5.276746,1.074396,0.026212,0.976539
-0.034901,0.015808,0.399101,2.867304,19.899537,10.833342,3.449941,2.718942,177.038161,5.265665,1.074320,0.026169,0.976450
-0.035635,0.015447,0.376350,3.419920,19.864932,10.833545,3.450794,2.729976,176.956266,5.253608,1.074193,0.026119,0.976371
-0.034827,0.015958,0.407648,2.534156,19.702257,10.916710,3.453725,2.715799,176.701623,5.511813,1.073902,0.027277,0.976122
-0.037862,0.016843,0.399591,2.503179,19.772628,10.916732,3.457439,2.715332,176.634653,5.461638,1.073756,0.027110,0.975959
-0.039514,0.016234,0.370871,2.524975,19.712252,10.916802,3.453240,2.723207,176.630265,5.449702,1.073672,0.027062,0.975902
-0.035164,0.015858,0.406149,2.343000,19.741092,10.916632,3.450628,2.721464,176.611602,5.445342,1.073638,0.027000,0.975861
-0.035548,0.016607,0.341646,2.804423,19.698057,10.916788,3.455253,2.727518,176.593895,5.429183,1.073552,0.026962,0.975817
-0.036374,0.015646,0.401610,2.688434,19.699950,10.916608,3.449019,2.730454,176.569250,5.414602,1.073483,0.026899,0.975754
-0.038527,0.015593,0.406276,3.047368,19.749692,10.916697,3.449636,2.728988,176.556297,5.402597,1.073450,0.026847,0.975694
-0.035362,0.016122,0.395040,3.107058,19.708090,10.916778,3.451033,2.741984,176.547476,5.393448,1.073354,0.026793,0.975641
-0.035989,0.015812,0.411306,2.655565,19.692380,10.916707,3.451257,2.728264,176.532958,5.372743,1.073296,0.026728,0.975554
-0.035920,0.016727,0.432914,2.262800,19.726688,10.916697,3.453776,2.720392,176.537569,5.367692,1.073223,0.026694,0.975529
-0.036451,0.016714,0.389305,2.922178,19.775622,10.916705,3.454694,2.715363,176.574542,5.365183,1.073258,0.026677,0.975515
-0.036109,0.015958,0.411069,2.507138,19.743482,10.916745,3.451657,2.747914,176.590343,5.369498,1.073248,0.026675,0.975517
-0.036862,0.015647,0.408139,2.567472,19.709068,10.916720,3.451382,2.729842,176.634162,5.361426,1.073247,0.026664,0.975526
-0.033771,0.015652,0.374738,2.302981,19.739133,10.916747,3.448028,2.735588,176.760920,5.371882,1.073314,0.026693,0.975576
-0.038112,0.016034,0.392292,3.047718,19.898540,10.916667,3.450582,2.734936,176.847184,5.401188,1.073476,0.026762,0.975656
-0.035166,0.016355,0.402070,2.934895,19.736490,10.916640,3.454132,2.733019,176.760324,5.388373,1.073382,0.026729,0.975646
-0.038514,0.016164,0.409220,2.512506,19.694185,10.916658,3.451768,2.734021,176.592977,5.352397,1.073161,0.026567,0.975468
-0.034673,0.016577,0.414251,2.430124,19.789528,10.916690,3.454138,2.716312,176.428491,5.318963,1.072983,0.026426,0.975265
-0.040454,0.016886,0.401308,2.492955,19.672045,11.000128,3.454105,2.719948,176.399275,5.599145,1.072854,0.027746,0.975189
-0.037384,0.016954,0.388272,2.388562,19.716665,11.000140,3.456192,2.731525,176.401569,5.582909,1.072796,0.027686,0.975122
-0.035374,0.016370,0.407416,2.509862,19.709557,10.916743,3.451835,2.730755,176.524299,5.298850,1.072860,0.026333,0.975157
-0.035685,0.016011,0.390545,2.366620,19.802448,10.916697,3.448432,2.725021,176.670421,5.302054,1.073020,0.026365,0.975252
-0.036434,0.016694,0.387008,2.699718,19.853143,10.916783,3.452617,2.720368,176.736444,5.331804,1.073097,0.026449,0.975354
-0.034689,0.016382,0.396335,3.773328,19.867578,10.916773,3.454127,2.723054,176.776026,5.335815,1.073142,0.026471,0.975385
-0.037573,0.016226,0.385934,2.493053,19.838665,10.916562,3.450959,2.712643,176.778516,5.342397,1.073115,0.026457,0.975389
-0.035823,0.015828,0.399607,2.478315,19.853335,10.916747,3.451543,2.705600,176.753133,5.334204,1.073072,0.026420,0.975335
-0.037831,0.015873,0.363604,2.516131,19.829063,10.916747,3.450853,2.721968,176.722689,5.312485,1.072977,0.026367,0.975278
-0.035889,0.016265,0.407966,2.640961,19.789382,10.916718,3.452309,2.728237,176.635556,5.296040,1.072950,0.026291,0.975189
-0.035953,0.015978,0.411796,2.399608,19.665932,10.916853,3.451355,2.746019,176.366514,5.251517,1.072628,0.026135,0.974972
-0.038878,0.016172,0.428839,2.451769,19.598520,11.000110,3.453210,2.741450,176.267739,5.512321,1.072402,0.027313,0.974767
-0.036110,0.015605,0.430352,2.261834,19.627205,11.000120,3.449744,2.735745,176.249832,5.502057,1.072325,0.027244,0.974701
-0.037712,0.016167,0.424189,2.809400,19.672823,11.000032,3.450051,2.730829,176.246302,5.488171,1.072277,0.027184,0.974660
-0.036823,0.016595,0.431542,2.481610,19.598018,11.000120,3.454486,2.725797,176.213040,5.467329,1.072191,0.027115,0.974595
-0.037176,0.016144,0.398027,2.357668,19.647140,11.000052,3.452340,2.730739,176.196553,5.453791,1.072183,0.027057,0.974552
-0.035746,0.016396,0.416543,2.616402,19.601733,11.000092,3.452914,2.738188,176.173296,5.441009,1.072108,0.027010,0.974483
-0.035393,0.015900,0.394786,2.532936,19.663158,11.000105,3.453437,2.720602,176.186036,5.427854,1.072088,0.026935,0.974419
-0.033502,0.016506,0.429078,2.597315,19.602502,11.000137,3.454525,2.724777,176.136394,5.417208,1.071969,0.026907,0.974373
-0.037299,0.016341,0.405527,2.465382,19.616182,11.000068,3.451058,2.728837,176.122113,5.403980,1.071938,0.026830,0.974313
-0.036501,0.016295,0.409478,2.391567,19.603382,11.000135,3.451148,2.734182,176.110398,5.399097,1.071895,0.026799,0.974276
-0.037578,0.015887,0.413421,2.794045,19.643478,10.999992,3.452967,2.737232,176.100999,5.383537,1.071860,0.026743,0.974229
-0.036636,0.015936,0.434958,1.951198,19.618740,11.000103,3.451731,2.743395,176.145620,5.370548,1.071827,0.026725,0.974228
-0.036106,0.016420,0.425046,3.204488,19.634545,10.999933,3.453719,2.730105,176.257082,5.404901,1.071938,0.026803,0.974301
-0.039721,0.016228,0.358769,4.031322,19.654853,11.000070,3.454067,2.735532,176.294644,5.419407,1.071983,0.026828,0.974313
-0.036951,0.016082,0.425309,2.387811,19.687817,11.000123,3.452399,2.725910,176.184441,5.382486,1.071895,0.026702,0.974251
-0.035509,0.016031,0.417401,2.698464,19.610865,11.000127,3.452946,2.733442,176.059299,5.356210,1.071675,0.026609,0.974080
-0.037130,0.016490,0.423497,2.258571,19.578175,10.999990,3.456118,2.725109,176.070407,5.336532,1.071608,0.026564,0.974024
-0.036949,0.016426,0.413512,2.501827,19.583838,11.000163,3.453916,2.737051,176.043533,5.325675,1.071548,0.026503,0.973966
-0.034799,0.016490,0.413900,2.543357,19.590913,10.999987,3.454038,2.726059,176.021242,5.315407,1.071471,0.026420,0.973907
-0.034711,0.016055,0.388731,2.365951,19.613827,11.000058,3.451251,2.726619,176.118967,5.315796,1.071504,0.026435,0.973900
-0.036752,0.016421,0.408338,2.368466,19.605382,11.000082,3.452721,2.735022,176.234154,5.331685,1.071589,0.026465,0.973983
-0.039766,0.016555,0.410452,2.348263,19.754068,11.000007,3.454515,2.740845,176.357781,5.364087,1.071706,0.026553,0.974088
-0.039103,0.016587,0.414843,2.704297,19.743170,10.999975,3.451821,2.723764,176.430561,5.384525,1.071782,0.026619,0.974146
-0.038885,0.016152,0.414998,2.537282,19.787470,11.000158,3.450584,2.721402,176.480749,5.382097,1.071835,0.026639,0.974188
-0.038076,0.016825,0.424464,2.549933,19.782367,11.000120,3.454737,2.727598,176.505255,5.388404,1.071834,0.026667,0.974182
-0.037529,0.017007,0.401852,2.318967,19.741378,10.999533,3.454670,2.740322,176.510429,5.379872,1.071793,0.026625,0.974179
-0.033822,0.016328,0.410974,2.491609,19.735780,11.000013,3.452655,2.742791,176.435974,5.375726,1.071781,0.026586,0.974112
-0.035489,0.016695,0.413224,2.430952,19.603958,11.000058,3.455219,2.728838,176.151497,5.315845,1.071437,0.026356,0.973877
-0.036177,0.016318,0.423765,2.270886,19.600717,11.000165,3.453166,2.723762,175.940853,5.245423,1.071141,0.026110,0.973589
-0.036383,0.015804,0.443128,2.553682,19.595115,11.083315,3.450942,2.736949,175.924445,5.540720,1.071067,0.027430,0.973515
-0.035077,0.016767,0.425083,2.382319,19.536247,11.083260,3.454630,2.747427,175.892778,5.523192,1.070953,0.027348,0.973444
-0.039273,0.015934,0.431960,2.554018,19.512607,11.083287,3.449524,2.735420,175.877168,5.509261,1.070837,0.027292,0.973368
-0.037997,0.016344,0.431117,2.291939,19.539058,11.083370,3.455661,2.723587,175.888953,5.494259,1.070827,0.027236,0.973300
-0.038186,0.016128,0.438462,2.776922,19.583965,11.083365,3.452315,2.726597,175.858928,5.478366,1.070772,0.027162,0.973245
-0.038108,0.016571,0.434522,2.566577,19.563757,11.083417,3.456481,2.726034,175.826325,5.471887,1.070672,0.027095,0.973172
-0.036700,0.016686,0.424969,2.612675,19.541368,11.083532,3.456018,2.732208,175.814722,5.449195,1.070586,0.027028,0.973113
-0.035958,0.016456,0.429496,2.301267,19.564233,11.083552,3.452942,2.734316,175.796151,5.437884,1.070535,0.026950,0.973057
-0.035745,0.016142,0.452424,2.238152,19.605947,11.083363,3.453110,2.746823,175.780279,5.414705,1.070489,0.026890,0.972985
-0.037332,0.016600,0.437070,2.576603,19.579495,11.083338,3.455314,2.753771,175.777030,5.406737,1.070389,0.026854,0.972961
-0.036384,0.016427,0.420390,2.679344,19.508493,11.083445,3.454497,2.734626,175.760532,5.399865,1.070350,0.026818,0.972923
-0.036207,0.017453,0.428028,2.456246,19.575183,11.083418,3.456980,2.724148,175.791892,5.399539,1.070383,0.026793,0.972893
-0.035014,0.016489,0.407738,2.304421,19.559430,11.083417,3.453464,2.723544,175.733661,5.391153,1.070283,0.026741,0.972845
-0.036981,0.016773,0.421178,2.389216,19.540875,11.083465,3.455088,2.718014,175.762885,5.368756,1.070203,0.026688,0.972764
-0.034459,0.016466,0.418033,2.971893,19.580692,11.083347,3.454245,2.725292,175.733875,5.367741,1.070228,0.026685,0.972761
-0.033031,0.016447,0.440928,2.362614,19.577107,11.083495,3.454462,2.730265,175.709904,5.355447,1.070150,0.026617,0.972698
-0.034356,0.016837,0.443142,2.702334,19.506057,11.083427,3.457025,2.708959,175.698473,5.345233,1.070068,0.026558,0.972636
-0.034689,0.017592,0.417466,2.582767,19.557998,11.083470,3.459325,2.715847,175.652433,5.320169,1.069940,0.026447,0.972544
-0.034422,0.016387,0.409726,2.428542,19.571775,11.083350,3.455127,2.736632,175.708232,5.324127,1.069990,0.026453,0.972556
-0.033881,0.016636,0.406968,2.793045,19.526622,11.083377,3.452734,2.728733,175.766256,5.321995,1.070029,0.026426,0.972573
-0.036835,0.016657,0.430093,2.501223,19.550985,11.083392,3.454890,2.744232,175.804235,5.324907,1.069982,0.026431,0.972571
-0.037802,0.016141,0.417504,2.972480,19.609735,11.083472,3.451606,2.736744,175.864848,5.335360,1.070059,0.026451,0.972587
-0.035269,0.016483,0.444759,2.628943,19.573112,11.083388,3.453132,2.729217,175.858308,5.334910,1.070029,0.026453,0.972582
-0.035168,0.017016,0.412577,2.882010,19.558328,11.083377,3.453510,2.722897,175.847838,5.323494,1.069995,0.026382,0.972537
-0.035287,0.016914,0.414183,2.220544,19.600453,11.083350,3.454345,2.723354,175.883264,5.313260,1.069974,0.026374,0.972526
-0.037561,0.016324,0.437537,2.375718,19.572975,11.083388,3.451636,2.738130,175.795835,5.314003,1.069943,0.026332,0.972474
-0.036840,0.016795,0.415296,2.599146,19.574465,11.083405,3.454797,2.725460,175.544956,5.245288,1.069665,0.026117,0.972252
-0.037911,0.016972,0.427406,2.486155,19.601510,11.166767,3.457996,2.709902,175.532667,5.536280,1.069553,0.027428,0.972134
-0.038404,0.017357,0.422303,2.899600,19.531543,11.166487,3.458138,2.723942,175.514448,5.533686,1.069462,0.027417,0.972105
-0.035182,0.016703,0.453626,2.295343,19.531915,11.166795,3.455782,2.731904,175.500567,5.520605,1.069397,0.027350,0.972041
-0.035572,0.016457,0.420915,2.907975,19.525370,11.166782,3.453633,2.749689,175.478171,5.511430,1.069318,0.027303,0.971984
-0.036184,0.016043,0.454316,2.317885,19.510350,11.166580,3.452513,2.753492,175.452344,5.502389,1.069248,0.027212,0.971909
-0.037109,0.016538,0.429343,2.494129,19.527322,11.166617,3.455307,2.735024,175.446567,5.476632,1.069226,0.027140,0.971849
-0.035186,0.016665,0.435152,2.420814,19.499268,11.166727,3.456584,2.741451,175.442265,5.472859,1.069180,0.027116,0.971825
-0.037235,0.016435,0.388296,3.063172,19.503127,11.166697,3.455570,2.737556,175.408366,5.461790,1.069115,0.027046,0.971750
-0.036956,0.016164,0.455491,2.383521,19.481872,11.166710,3.451457,2.708062,175.399232,5.454371,1.069078,0.027015,0.971725
-0.037213,0.016406,0.438136,2.280455,19.510487,11.166682,3.455193,2.716221,175.371828,5.431997,1.068988,0.026932,0.971641
-0.036552,0.016278,0.434592,2.459961,19.530348,11.166667,3.453288,2.729004,175.387702,5.412424,1.068947,0.026868,0.971585
-0.038404,0.016425,0.422242,3.044638,19.777948,11.083270,3.453407,2.714552,176.329741,5.296083,1.069855,0.026200,0.972374
-0.035451,0.016682,0.407869,2.548906,19.834800,11.000095,3.453445,2.723853,176.718147,5.072629,1.070306,0.025113,0.972791
-0.036351,0.016756,0.399867,2.635308,19.826772,11.000042,3.452609,2.735860,176.869741,5.129575,1.070533,0.025348,0.973011
-0.037944,0.016628,0.402735,2.606319,19.863472,11.000017,3.450674,2.719588,176.839967,5.137931,1.070545,0.025383,0.973023
-0.036655,0.015962,0.395995,3.363194,19.849332,11.000042,3.449868,2.720695,176.775531,5.124602,1.070462,0.025319,0.972962
-0.034715,0.016290,0.419527,2.458576,19.802217,10.999893,3.451567,2.730367,176.740131,5.114999,1.070382,0.025253,0.972909
-0.034830,0.015935,0.402142,2.002940,19.811795,11.000060,3.449313,2.713750,176.724295,5.106195,1.070332,0.025210,0.972848
-0.035876,0.016958,0.400171,2.950184,19.875203,10.999972,3.453094,2.728771,176.867398,5.113235,1.070370,0.025209,0.972890
-0.036068,0.016680,0.402282,2.642201,19.859135,10.916810,3.452352,2.743315,177.127616,4.843313,1.070601,0.024010,0.973089
-0.035816,0.015387,0.362042,2.808722,19.792258,10.916692,3.447543,2.725187,177.324416,4.878442,1.070785,0.024137,0.973263
-0.034990,0.016475,0.377253,2.649170,19.926095,10.916723,3.450612,2.731171,177.497431,4.915938,1.070977,0.024255,0.973381
-0.032197,0.016254,0.377711,2.620408,19.826985,10.833412,3.451222,2.728107,177.590068,4.639061,1.071023,0.023018,0.973508
-0.031763,0.015993,0.377361,3.097505,19.803820,10.833402,3.448817,2.743551,177.674927,4.643535,1.071092,0.023025,0.973542
-0.032687,0.016112,0.359248,2.749595,19.801053,10.800662,3.450155,2.729544,177.688687,4.640850,1.071088,0.023004,0.973544
-0.032477,0.015723,0.378503,2.870049,19.839623,10.833343,3.448429,2.735027,177.674577,4.633638,1.071067,0.022968,0.973509
-0.032769,0.016581,0.376836,2.419745,19.848992,10.833360,3.449326,2.750139,177.546212,4.619409,1.070985,0.022923,0.973440
-0.035365,0.015972,0.399166,2.891217,19.892103,10.916780,3.448973,2.732993,177.248013,4.865868,1.070682,0.024036,0.973182
-0.033231,0.016471,0.378691,2.585353,19.792947,10.916795,3.451124,2.727392,176.975860,4.795185,1.070316,0.023796,0.972873
-0.037988,0.017006,0.392262,2.742765,19.799852,11.000085,3.452593,2.731014,176.791673,5.055523,1.070067,0.024972,0.972632
-0.035624,0.016822,0.400191,3.169492,19.640570,11.000052,3.455763,2.754768,175.637171,5.007028,1.069851,0.024787,0.972465
-0.033983,0.016559,0.407073,2.444485,19.677075,11.000070,3.452133,2.729492,176.593788,4.979124,1.069696,0.024647,0.972324
-0.034803,0.015746,0.402611,2.417373,19.667328,11.000135,3.447945,2.734064,176.558797,4.954128,1.069611,0.024566,0.972223
-0.033271,0.016569,0.416377,2.712653,19.700072,11.000062,3.451543,2.716366,176.531183,4.933156,1.069541,0.024507,0.972145
-0.033497,0.016693,0.407871,2.583274,19.720105,11.000025,3.454443,2.733014,176.527477,4.925746,1.069481,0.024466,0.972103
-0.034130,0.016788,0.388085,2.351442,19.662540,11.000045,3.455454,2.744863,176.508914,4.923441,1.069425,0.024423,0.972065
-0.035533,0.016427,0.388389,2.511654,19.726363,10.999998,3.453971,2.737657,176.509974,4.900423,1.069406,0.024339,0.972002
-0.034484,0.016761,0.398040,2.500245,19.667342,11.000075,3.451663,2.738784,176.489749,4.907040,1.069321,0.024339,0.971967
-0.033194,0.016805,0.399306,2.496913,19.690512,11.000112,3.456034,2.756308,176.470848,4.889859,1.069226,0.024264,0.971883
-0.035317,0.015783,0.414055,2.366186,19.683743,10.999957,3.448002,2.722871,176.506522,4.880262,1.069211,0.024239,0.971859
-0.034926,0.016692,0.377113,3.005342,19.671867,11.000032,3.452497,2.748820,176.608505,4.888234,1.069273,0.024250,0.971884
-0.032875,0.016019,0.394572,2.679852,19.718328,11.000165,3.449946,2.729301,176.605272,4.886680,1.069326,0.024240,0.971904
-0.032641,0.016594,0.412270,3.366799,19.697063,10.999937,3.452562,2.729223,176.508549,4.861158,1.069161,0.024164,0.971817
-0.038385,0.017061,0.395502,2.320514,19.649242,11.083423,3.454848,2.734044,176.432456,5.149346,1.069014,0.025446,0.971699
-0.035830,0.016385,0.396334,2.524211,19.662647,11.083358,3.451407,2.693661,176.382124,5.137127,1.068954,0.025352,0.971619
-0.035774,0.016549,0.375162,2.530533,19.692502,11.083522,3.454456,2.735592,176.336728,5.112888,1.068824,0.025271,0.971531
-0.036905,0.016620,0.395555,2.444773,19.660667,11.083420,3.453361,2.745897,176.482409,5.119139,1.068847,0.025286,0.971543
-0.035297,0.016672,0.404589,2.288105,19.693068,11.000198,3.454275,2.744469,176.680416,4.838400,1.069058,0.024010,0.971682
-0.036156,0.016425,0.332955,2.784580,19.724973,11.000138,3.451887,2.742707,176.840928,4.859592,1.069211,0.024085,0.971816
-0.031607,0.017006,0.397067,3.190662,19.692743,11.000060,3.452915,2.736998,176.949069,4.890082,1.069293,0.024176,0.971937
-0.034072,0.016285,0.315017,3.794819,19.730755,11.000122,3.450214,2.737472,177.020069,4.905365,1.069358,0.024213,0.971962
-0.035398,0.016575,0.377348,2.641824,19.767367,10.999990,3.452967,2.730458,177.078492,4.919235,1.069396,0.024239,0.971986
-0.032475,0.015810,0.383285,2.898407,19.775598,10.999993,3.451197,2.742390,177.135053,4.921513,1.069443,0.024290,0.972024
-0.039884,0.016611,0.406366,2.606650,19.788478,10.999988,3.452578,2.739764,177.145068,4.915910,1.069395,0.024253,0.972008
-0.039088,0.016419,0.370307,2.700380,19.804742,10.999882,3.452148,2.746390,177.037484,4.911520,1.069384,0.024211,0.971971
-0.034233,0.015923,0.403996,2.799835,19.718038,11.000012,3.449895,2.721587,176.762624,4.844941,1.069034,0.023983,0.971727
-0.034466,0.016166,0.412110,2.790446,19.690423,11.000122,3.451249,2.747289,176.561864,4.795293,1.068777,0.023794,0.971470
-0.038569,0.016937,0.373225,2.901005,19.703393,11.083390,3.452149,2.718415,176.422795,5.062744,1.068584,0.025006,0.971286
-0.034787,0.015358,0.388924,2.514881,19.695168,11.083428,3.449331,2.727416,176.331185,5.034250,1.068429,0.024862,0.971159
-0.036596,0.016310,0.407586,2.492257,19.667115,11.083443,3.450131,2.733766,176.270345,5.002885,1.068273,0.024763,0.971041
-0.034546,0.016329,0.375960,2.749732,19.636633,11.083342,3.452997,2.722893,176.231093,4.979980,1.068208,0.024659,0.970946
-0.036608,0.016260,0.416936,2.427626,19.673612,11.083520,3.453307,2.740465,176.214614,4.961938,1.068161,0.024582,0.970884
-0.034115,0.016735,0.398019,2.715898,19.686258,11.083293,3.454450,2.743819,176.211970,4.952949,1.068109,0.024570,0.970852
-0.036472,0.016726,0.388596,2.385864,19.673155,11.083223,3.453512,2.742682,176.227804,4.956210,1.068074,0.024537,0.970813
-0.033243,0.016578,0.421005,2.375532,19.644963,11.083430,3.453440,2.735869,176.238056,4.948811,1.068011,0.024514,0.970797
-0.035837,0.017003,0.416125,2.403178,19.643528,11.083467,3.453697,2.731882,176.238776,4.931590,1.067954,0.024426,0.970753
-0.034233,0.016569,0.411537,2.366656,19.681938,11.083360,3.453423,2.739775,176.264858,4.926745,1.067969,0.024417,0.970722
-0.032630,0.016382,0.411338,2.522794,19.709738,11.083483,3.450470,2.732388,176.334819,4.937155,1.067991,0.024433,0.970732
-0.033691,0.016992,0.404446,2.967237,19.626688,11.083427,3.455001,2.730746,176.425672,4.941200,1.068040,0.024453,0.970787
-0.035645,0.016313,0.400654,2.495006,19.651578,11.083488,3.452260,2.731340,176.393208,4.950990,1.068028,0.024434,0.970762
-0.033719,0.016759,0.402345,2.784954,19.716978,11.083483,3.451468,2.718826,176.301370,4.908218,1.067916,0.024324,0.970643
-0.034516,0.016458,0.399168,2.889875,19.625250,11.083382,3.448858,2.724406,176.177899,4.884226,1.067740,0.024227,0.970531
-0.034622,0.016613,0.361076,2.773142,19.612305,11.083353,3.450801,2.735741,176.088271,4.860953,1.067595,0.024119,0.970400
-0.034697,0.016474,0.395760,2.842090,19.672438,11.166657,3.454401,2.730625,176.052608,5.141998,1.067482,0.025430,0.970295
-0.034118,0.016427,0.434069,2.828870,19.639008,11.083360,3.451707,2.712931,176.178437,4.843732,1.067504,0.024059,0.970306
-0.033240,0.016292,0.409852,2.349277,19.637658,11.083430,3.452845,2.737338,176.385226,4.867671,1.067670,0.024115,0.970428
-0.034379,0.015747,0.419594,2.722806,19.657465,11.083257,3.449964,2.729549,176.552189,4.897835,1.067805,0.024197,0.970552
-0.038055,0.016409,0.411910,2.607292,19.679270,11.083257,3.451084,2.750373,176.680064,4.930676,1.067935,0.024300,0.970641
-0.037246,0.016590,0.402003,2.802828,19.732480,10.892195,3.450630,2.739385,176.751507,4.919887,1.067943,0.024288,0.970655
-0.033022,0.016807,0.388236,2.692987,19.693505,11.000065,3.453695,2.743530,176.799449,4.641346,1.067991,0.023017,0.970744
-0.034181,0.016173,0.386641,2.399465,19.736220,11.000198,3.450237,2.721820,176.819731,4.632297,1.067990,0.022981,0.970714
-0.032795,0.016234,0.372169,2.541729,19.697875,11.000032,3.448972,2.752559,176.816941,4.635321,1.067972,0.022976,0.970723
-0.037073,0.017211,0.365997,2.903944,19.685812,10.978128,3.453083,2.748723,176.649478,4.906796,1.067823,0.024208,0.970577
-0.035714,0.016794,0.408607,2.462532,19.632130,11.083260,3.454848,2.735706,176.381231,4.845854,1.067522,0.023996,0.970352
-0.032616,0.016454,0.409828,3.384549,19.630405,11.083312,3.452473,2.733624,176.190635,4.796734,1.067275,0.023795,0.970106
-0.039309,0.016880,0.416543,2.535368,19.582847,11.166615,3.456218,2.727952,176.056452,5.067135,1.067039,0.024999,0.969926
-0.036270,0.016540,0.416278,3.188928,19.562978,11.166818,3.453930,2.726681,175.990727,5.025468,1.066911,0.024843,0.969776
-0.035134,0.016116,0.418970,2.867304,19.566460,11.166588,3.452148,2.735917,175.929160,5.001098,1.066819,0.024752,0.969670
-0.034108,0.016431,0.405189,2.802845,19.594648,11.166633,3.452645,2.728689,175.895351,4.983357,1.066728,0.024660,0.969596
-0.034853,0.017234,0.425564,2.342986,19.586933,11.166700,3.455446,2.741736,175.880106,4.977110,1.066664,0.024644,0.969538
-0.031766,0.016432,0.411015,2.405149,19.550015,11.166793,3.451398,2.743355,175.869786,4.964105,1.066598,0.024580,0.969486
-0.037167,0.016895,0.409108,2.539589,19.546098,11.166735,3.454854,2.742255,175.891311,4.954712,1.066564,0.024540,0.969435
-0.033938,0.016705,0.404324,2.634712,19.549923,11.166715,3.450792,2.732667,175.933039,4.951156,1.066565,0.024519,0.969433
-0.035345,0.016544,0.398080,3.713427,19.578965,11.166782,3.454608,2.745035,175.969041,4.944298,1.066541,0.024465,0.969410
-0.035881,0.017140,0.392882,2.359151,19.561117,11.166753,3.455350,2.728568,175.998893,4.938881,1.066507,0.024472,0.969400
-0.035071,0.017054,0.405385,2.580727,19.651008,11.166700,3.452632,2.740023,176.092080,4.962631,1.066566,0.024492,0.969416
-0.037838,0.016857,0.416806,2.538893,19.585323,11.166848,3.452508,2.732541,176.189455,4.982947,1.066619,0.024558,0.969493
-0.038193,0.017278,0.389041,2.350507,19.612367,11.166852,3.454804,2.747403,176.188390,4.968782,1.066608,0.024529,0.969470
-0.040315,0.016368,0.407095,2.517218,19.569203,10.351043,3.450497,2.745288,176.009869,4.873288,1.066087,0.024055,0.969026
-0.034818,0.016419,0.399912,2.906719,19.581947,11.166873,3.453696,2.728331,175.904703,4.888741,1.066259,0.024235,0.969177
-0.032528,0.017007,0.416908,2.483612,19.597752,11.166750,3.455848,2.718076,175.801440,4.856852,1.066097,0.024136,0.969043
-0.031245,0.016563,0.441229,2.414629,19.546578,11.166657,3.453462,2.744991,175.741817,4.839276,1.065941,0.024068,0.968944
-0.031801,0.016558,0.396107,2.853439,19.569938,11.166735,3.454009,2.735375,175.874207,4.844927,1.065990,0.024043,0.968937
-0.034470,0.016535,0.410736,2.602111,19.565917,11.166710,3.451290,2.733637,176.094736,4.879394,1.066159,0.024133,0.969081
-0.032858,0.017004,0.409613,2.437941,19.668275,11.166698,3.452471,2.735639,176.260996,4.902805,1.066358,0.024208,0.969195
-0.036701,0.017015,0.408933,2.445396,19.597675,11.166620,3.452661,2.727599,176.361533,4.922251,1.066380,0.024298,0.969274
-0.030326,0.016760,0.384902,2.395275,19.630325,11.083400,3.452223,2.740229,176.411664,4.622234,1.066435,0.022937,0.969296
-0.032444,0.016693,0.390698,3.127565,19.664903,10.955057,3.452900,2.737584,176.419038,4.614693,1.066398,0.022901,0.969269
-0.034414,0.016432,0.362636,2.534506,19.598143,10.945797,3.453284,2.734927,176.415871,4.614826,1.066325,0.022876,0.969239
-0.033357,0.017027,0.414563,2.503878,19.600333,11.083333,3.452088,2.736192,176.385728,4.605809,1.066309,0.022868,0.969203
-0.036569,0.017152,0.399606,2.663891,19.619562,10.898845,3.453932,2.746140,176.189566,4.864136,1.066062,0.023994,0.968981
-0.042052,0.016660,0.424900,2.824690,19.468765,9.545085,3.453706,2.738127,175.865538,4.665219,1.065122,0.023094,0.968135
-0.034040,0.016886,0.405425,2.550749,19.515732,11.166715,3.453577,2.739730,175.753016,4.759984,1.065526,0.023634,0.968529
-0.033164,0.017789,0.423426,2.422763,19.513583,11.250128,3.458189,2.738114,175.637046,5.037920,1.065394,0.024861,0.968406
-0.033903,0.016919,0.386656,2.421550,19.396480,11.250060,3.454698,2.729045,175.563309,5.005375,1.065225,0.024747,0.968276
-0.035280,0.016826,0.417452,2.398791,19.379693,11.005862,3.454760,2.742686,175.527461,4.969132,1.065060,0.024550,0.968092
-0.035866,0.017207,0.395908,2.357810,19.453618,11.249982,3.455325,2.729222,175.529290,4.968017,1.065096,0.024578,0.968112
-0.034834,0.016493,0.419663,2.383827,19.408608,11.123262,3.453332,2.734658,175.512330,4.953000,1.064980,0.024496,0.968025
-0.033806,0.016997,0.422783,2.871066,19.432895,11.250035,3.455976,2.736086,175.517428,4.947438,1.064958,0.024484,0.968015
-0.035048,0.016696,0.413896,2.281538,19.398198,11.250072,3.452213,2.729695,175.517213,4.939906,1.064929,0.024454,0.967987
-0.034192,0.016652,0.434117,2.890329,19.415653,11.250075,3.454368,2.724461,175.522619,4.928612,1.064876,0.024407,0.967938
-0.035483,0.016777,0.438871,2.788272,19.451713,11.249945,3.453573,2.726106,175.538911,4.918151,1.064878,0.024329,0.967904
-0.033463,0.017273,0.423871,2.755388,19.519667,11.250077,3.455447,2.744332,175.565677,4.917411,1.064872,0.024329,0.967881
-0.034492,0.016270,0.410083,2.438409,19.511695,11.250142,3.453606,2.743678,175.664945,4.920797,1.064868,0.024347,0.967919
-0.033869,0.017044,0.391644,2.474367,19.509022,11.250085,3.453134,2.748251,175.773603,4.947600,1.065005,0.024418,0.967979
-0.036425,0.016635,0.442157,2.723361,19.531268,11.250142,3.453276,2.735382,175.710024,4.941230,1.064969,0.024355,0.967921
-0.034721,0.017165,0.432946,2.227498,19.504783,10.682052,3.456414,2.740901,175.534106,4.855574,1.064533,0.024003,0.967571
-0.034329,0.016924,0.416196,2.503408,19.496513,11.249103,3.453842,2.734001,175.482398,4.866172,1.064605,0.024108,0.967648
-0.034201,0.016975,0.440919,2.375415,19.333062,11.005628,3.455237,2.741444,175.425906,4.829306,1.064351,0.023956,0.967472
-0.032497,0.017726,0.421473,2.546841,19.417132,11.250058,3.457401,2.735629,175.408843,4.827385,1.064377,0.023939,0.967452
-0.034542,0.017194,0.418852,2.917055,19.514280,11.250090,3.455810,2.719109,175.523419,4.818184,1.064413,0.023915,0.967448
-0.038801,0.017189,0.403370,2.482974,19.487532,10.439100,3.452428,2.724817,175.630080,4.773875,1.064179,0.023656,0.967250
-0.036795,0.016708,0.413477,2.405668,19.596697,11.250090,3.451764,2.753279,175.753946,4.841705,1.064553,0.023967,0.967597
-0.036680,0.016988,0.400340,2.531818,19.514992,10.889185,3.454856,2.746395,175.796459,4.847621,1.064440,0.023911,0.967525
-0.038691,0.016804,0.429854,2.600153,19.531755,10.464695,3.453205,2.749258,175.839529,4.811964,1.064266,0.023730,0.967361
-0.036075,0.016082,0.416667,2.746216,19.519442,10.971868,3.449651,2.731858,175.873761,4.853918,1.064437,0.023923,0.967539
-0.034733,0.016864,0.418847,2.432789,19.542192,11.250035,3.452429,2.716332,175.885187,4.866745,1.064519,0.023995,0.967594
-0.036396,0.016164,0.420117,2.157324,19.547395,11.249902,3.450631,2.730090,175.906536,4.867434,1.064477,0.023974,0.967582
-0.035199,0.016263,0.427998,2.690501,19.524018,11.250145,3.451705,2.743505,175.786688,4.842230,1.064432,0.023893,0.967500
-0.034162,0.017355,0.436093,2.619564,19.438567,10.539000,3.455270,2.746504,175.547273,4.733171,1.063879,0.023453,0.967044
-0.037691,0.017210,0.430152,2.452348,19.444788,10.323868,3.455034,2.740813,175.379545,4.671236,1.063588,0.023175,0.966729
-0.038812,0.017489,0.436489,2.387170,19.346188,10.810728,3.456078,2.758372,175.295003,4.975327,1.063537,0.024579,0.966729
-0.039849,0.017137,0.412590,2.386510,19.318987,10.772088,3.456935,2.736006,175.221353,4.941032,1.063386,0.024390,0.966571
-0.032492,0.017606,0.439190,2.559142,19.379567,11.333382,3.457957,2.734852,175.216027,4.958396,1.063517,0.024515,0.966681
-0.035243,0.017347,0.414458,2.161967,19.379730,11.333335,3.457605,2.737868,175.196669,4.955099,1.063469,0.024493,0.966648
-0.033209,0.016579,0.416143,2.155031,19.331083,11.333358,3.454404,2.751105,175.173165,4.940596,1.063382,0.024432,0.966579
-0.032775,0.017474,0.425118,2.401431,19.328787,11.296610,3.456622,2.746522,175.159999,4.919807,1.063329,0.024351,0.966512
-0.036156,0.017332,0.440064,2.403207,19.363027,11.119127,3.454942,2.738967,175.113778,4.890888,1.063220,0.024204,0.966370
-0.031394,0.017204,0.434108,2.333446,19.280208,11.333328,3.456544,2.729789,174.063053,4.899698,1.063205,0.024239,0.966383
-0.031983,0.017186,0.440200,2.481653,19.326198,11.333487,3.453413,2.732229,175.068713,4.875219,1.063105,0.024161,0.966314
-0.036674,0.016855,0.443530,2.253822,19.247772,10.039670,3.455025,2.733212,174.997476,4.756129,1.062502,0.023542,0.965741
-0.030727,0.017721,0.450448,2.301685,19.332855,11.333320,3.458786,2.741685,175.043201,4.840054,1.062953,0.024008,0.966151
-0.036584,0.016639,0.432521,2.925283,19.292663,10.303575,3.452302,2.741680,174.966158,4.743189,1.062472,0.023528,0.965723
-0.033221,0.017841,0.433091,2.499559,19.362138,11.333423,3.461084,2.737976,175.005601,4.820775,1.062805,0.023925,0.966039
-0.031931,0.017435,0.428790,2.422240,19.287777,11.333453,3.456294,2.738535,174.993834,4.820419,1.062764,0.023902,0.966020
-0.032997,0.017483,0.459497,2.286414,19.342643,10.839465,3.456581,2.738216,174.930634,4.766732,1.062521,0.023633,0.965765
-0.034388,0.016920,0.423211,2.386980,19.354557,11.416783,3.455816,2.740617,174.926449,5.086496,1.062624,0.025132,0.965859
-0.035503,0.016729,0.452257,2.500310,19.412095,11.416743,3.452200,2.732006,174.906189,5.074447,1.062578,0.025082,0.965814
-0.032287,0.017066,0.452734,2.635003,19.315267,11.333415,3.455378,2.743074,175.086531,4.784703,1.062563,0.023732,0.965850
-0.040069,0.017702,0.409765,3.278964,19.417630,10.103460,3.457825,2.727165,175.294006,4.708102,1.062311,0.023303,0.965541
-0.039018,0.016905,0.422038,2.366543,19.483020,10.596300,3.454634,2.726932,175.538776,4.793464,1.062648,0.023620,0.965867
-0.035776,0.017360,0.405337,4.198979,19.540112,11.333385,3.453433,2.736905,175.754839,4.875370,1.063123,0.024061,0.966278
-0.035146,0.017060,0.411964,2.578609,19.548550,10.922805,3.453940,2.742660,175.879938,4.569836,1.063158,0.022638,0.966283
-0.032865,0.016550,0.427744,2.682360,19.545327,11.250008,3.450857,2.749088,175.984217,4.605645,1.063318,0.022797,0.966453
-0.037197,0.016526,0.393992,2.790594,19.516020,10.373080,3.451387,2.747638,175.989387,4.546742,1.063016,0.022460,0.966163
-0.031644,0.016776,0.408117,2.949508,19.586512,11.120990,3.452503,2.735261,176.014867,4.592914,1.063252,0.022711,0.966385
-0.032445,0.017087,0.397906,2.614225,19.540963,11.249945,3.451945,2.743417,175.888911,4.593354,1.063214,0.022691,0.966359
-0.035385,0.017631,0.435254,2.091027,19.566547,11.296945,3.455781,2.733238,175.576858,4.844930,1.062914,0.023889,0.966074
-0.034410,0.016987,0.419206,2.116761,19.505878,11.333467,3.452981,2.742600,175.288384,4.776497,1.062557,0.023615,0.965821
-0.033308,0.017982,0.406921,2.850766,19.427698,11.333302,3.458081,2.731331,175.108153,4.723236,1.062298,0.023434,0.965581
-0.039865,0.017175,0.416233,2.695940,19.287778,10.564588,3.455063,2.757366,174.969957,4.918880,1.061754,0.024315,0.965107
-0.032391,0.017198,0.445713,2.256997,19.288692,11.416682,3.457293,2.748264,174.946249,4.958676,1.061929,0.024477,0.965246
-0.039134,0.016416,0.434328,2.232469,19.278648,10.755863,3.452335,2.746568,174.876825,4.878696,1.061591,0.024120,0.964947
-0.036899,0.017571,0.427881,2.926080,19.258777,10.664378,3.458085,2.728536,174.275758,4.844714,1.061309,0.023972,0.964803
-0.036282,0.018627,0.493078,1.978196,19.201675,11.666740,3.462974,2.723161,173.279332,5.502432,1.060151,0.027235,0.963576
-0.035440,0.017944,0.497276,2.145114,19.115968,11.666712,3.459944,2.737998,172.243568,5.421601,1.059583,0.026818,0.963202
-0.037483,0.019258,0.567182,1.855645,18.938843,12.000040,3.466054,2.688811,170.409087,6.171140,1.057256,0.030657,0.961104
-0.036911,0.018727,0.523632,1.972330,19.043475,11.833372,3.467918,2.724244,173.177550,5.871044,1.058914,0.029133,0.962520
-0.037399,0.018674,0.510810,1.921011,19.140852,11.750105,3.464019,2.698419,171.846844,5.516859,1.058713,0.027313,0.962237
-0.046868,0.018077,0.455483,2.637806,19.169655,9.587717,3.461852,2.711933,173.243845,4.966453,1.059016,0.024544,0.962511
-0.034153,0.018395,0.490632,2.044785,19.182872,11.291513,3.462184,2.713123,173.036329,5.300699,1.059117,0.026276,0.962690
-0.034670,0.017788,0.488638,2.221291,19.159942,11.666818,3.461312,2.737653,173.048238,5.311737,1.059209,0.026334,0.962739
-0.034092,0.017954,0.489686,2.330968,19.145323,11.504042,3.462544,2.728216,173.052862,5.290991,1.059102,0.026259,0.962659
-0.035978,0.018391,0.515585,2.238710,19.263987,11.666668,3.463493,2.713910,173.068266,5.292186,1.059160,0.026244,0.962623
-0.035527,0.018027,0.505428,2.141622,19.169853,11.666627,3.460627,2.739686,173.068424,5.289413,1.059046,0.026224,0.962607
-0.033889,0.018023,0.450251,2.014517,19.230773,11.666603,3.461202,2.725322,173.048889,5.269050,1.058977,0.026142,0.962545
-0.035562,0.017961,0.461465,1.997976,19.230412,11.666705,3.462281,2.722526,173.023015,5.258729,1.058855,0.026083,0.962454
-0.034655,0.018592,0.479583,2.085141,19.184387,11.373835,3.463214,2.733700,173.126704,5.235829,1.058778,0.025948,0.962385
-0.035843,0.017404,0.471988,2.100783,19.236370,11.635057,3.459064,2.736103,173.289211,5.263776,1.058976,0.026062,0.962509
-0.036845,0.018329,0.493842,2.209184,19.258683,11.666805,3.461010,2.721511,173.406494,5.284402,1.059045,0.026126,0.962544
-0.036879,0.018120,0.448138,2.135417,19.277498,11.264953,3.458111,2.717071,173.472091,5.251487,1.058944,0.025990,0.962437
-0.034716,0.017551,0.489403,2.158580,19.321478,11.422402,3.459061,2.739527,173.524624,5.264746,1.058997,0.026035,0.962468
-0.036053,0.018490,0.458926,2.181227,19.249415,11.186355,3.460245,2.736546,173.567363,4.949560,1.058887,0.024577,0.962430
-0.034448,0.018488,0.447077,2.145566,19.286025,11.583418,3.460934,2.722000,173.628956,4.959552,1.059046,0.024653,0.962551
-0.033298,0.018073,0.478860,2.245779,19.301880,11.400772,3.460370,2.729412,173.617449,4.961496,1.059024,0.024622,0.962510
-0.034102,0.018425,0.494145,1.911564,19.221152,11.666652,3.461013,2.739146,173.338045,5.242015,1.058782,0.025911,0.962351
-0.034508,0.018125,0.492706,2.181529,19.215530,11.666613,3.460805,2.726724,173.063051,5.162309,1.058470,0.025637,0.962085
-0.038653,0.018448,0.517832,2.238906,19.195630,11.323932,3.463678,2.745325,172.853770,5.394553,1.058044,0.026681,0.961670
-0.034706,0.017301,0.514884,1.921463,19.219672,11.749930,3.457963,2.739653,172.822467,5.386567,1.058035,0.026682,0.961669
-0.035151,0.018127,0.507409,1.988542,19.137593,11.750087,3.462376,2.712719,172.808017,5.373139,1.057899,0.026591,0.961576
-0.034167,0.018486,0.512595,2.060256,19.199337,11.749977,3.463519,2.718553,172.803395,5.350057,1.057863,0.026488,0.961505
-0.036628,0.018318,0.500675,2.157449,19.172103,11.572322,3.462687,2.731073,172.776427,5.329158,1.057715,0.026368,0.961378
-0.036103,0.018073,0.498288,2.044504,19.187198,11.139193,3.463458,2.730949,172.735018,5.259712,1.057404,0.026069,0.961101
-0.033885,0.018216,0.495942,2.117074,19.164280,11.750025,3.460237,2.726735,172.749127,5.296080,1.057611,0.026270,0.961274
-0.035636,0.018300,0.492527,2.085350,19.210560,11.729168,3.462330,2.711595,172.742263,5.277678,1.057560,0.026182,0.961218
-0.033821,0.018394,0.519713,2.124167,19.211997,11.749965,3.462438,2.728476,172.743988,5.273857,1.057476,0.026174,0.961196
-0.034233,0.018724,0.506626,2.118147,19.194590,11.749987,3.464446,2.726590,172.749371,5.256467,1.057394,0.026074,0.961105
-0.033936,0.018000,0.503324,1.962576,19.173382,11.750048,3.463327,2.710724,172.788461,5.261740,1.057363,0.026072,0.961081
-0.037274,0.018348,0.462464,1.894726,19.164888,11.750100,3.461504,2.736745,172.835208,5.247328,1.057348,0.026009,0.961053
-0.034911,0.017958,0.489741,2.249029,19.187938,11.619165,3.459500,2.732008,172.834971,5.226717,1.057289,0.025904,0.960936
-0.034891,0.018551,0.467456,2.240026,19.196352,11.750003,3.462610,2.726470,172.717675,5.215660,1.057175,0.025857,0.960875
-0.033742,0.018497,0.515715,2.106907,19.171795,11.723880,3.463405,2.710489,172.697091,5.169634,1.056983,0.025715,0.960701
-0.031240,0.018511,0.478895,2.327953,19.155463,11.750028,3.462182,2.716196,172.678469,5.158908,1.056885,0.025647,0.960626
-0.037735,0.019073,0.516721,2.100303,19.118225,11.551757,3.463960,2.737941,172.649384,5.427526,1.056697,0.026875,0.960481
-0.034953,0.018739,0.477024,1.775337,19.176733,11.833415,3.464428,2.740296,172.622031,5.433037,1.056684,0.026886,0.960465
-0.033095,0.019179,0.508505,2.022666,19.167217,11.749993,3.465463,2.731459,172.692962,5.123904,1.056687,0.025478,0.960482
-0.033582,0.017680,0.502078,2.155526,19.198135,11.750058,3.457856,2.724805,172.829599,5.122417,1.056749,0.025428,0.960473
-0.031667,0.018125,0.459687,2.184000,19.218150,11.749997,3.462262,2.740132,172.921919,5.133882,1.056771,0.025459,0.960535
-0.034055,0.017991,0.501377,2.171518,19.226600,11.750058,3.458377,2.736898,172.979342,5.133134,1.056779,0.025445,0.960513
-0.036982,0.018241,0.487351,2.252622,19.202393,10.653658,3.462662,2.724504,172.953832,5.040469,1.056296,0.024957,0.960083
-0.037603,0.018081,0.498202,2.041075,19.162690,11.141527,3.458689,2.734900,172.935431,5.053576,1.056383,0.025081,0.960161
-0.037420,0.018968,0.498298,2.358256,19.155727,10.623395,3.466021,2.723742,172.855895,4.996614,1.056078,0.024814,0.959858
-0.031964,0.018654,0.507316,2.099573,19.222695,11.749985,3.461372,2.737386,172.869954,5.060692,1.056437,0.025147,0.960197
-0.034796,0.018747,0.511101,1.973626,19.149808,11.774465,3.462366,2.726047,172.618779,5.338491,1.056211,0.026411,0.960050
-0.032732,0.018642,0.517031,1.977540,19.110942,11.833323,3.463279,2.733015,172.446594,5.270103,1.055938,0.026150,0.959766
-0.032953,0.018924,0.497409,2.011728,19.125167,11.585957,3.463788,2.727497,172.423641,5.236211,1.055717,0.025978,0.959579
-0.034609,0.018436,0.531230,2.084249,19.138798,11.833330,3.461260,2.712677,172.429289,5.228856,1.055710,0.025976,0.959589
-0.038534,0.019526,0.526631,2.134863,19.071960,10.755862,3.467170,2.719980,172.353089,5.125735,1.055179,0.025451,0.959088
-0.034052,0.018710,0.501181,1.995837,19.119353,11.833405,3.467168,2.740946,172.430763,5.195302,1.055504,0.025795,0.959387
-0.032064,0.019318,0.498424,1.976758,19.131568,11.833360,3.468211,2.715198,172.359351,5.182992,1.055446,0.025730,0.959333
-0.036778,0.018629,0.525029,2.133366,19.127395,11.400133,3.463087,2.720402,172.308959,5.134060,1.055211,0.025509,0.959106
-0.038246,0.019227,0.513976,2.252253,19.131208,11.916762,3.463976,2.718409,172.284066,5.446856,1.055270,0.026960,0.959159
-0.039234,0.019145,0.533487,2.101061,19.074622,11.344192,3.462342,2.741287,172.233805,5.394073,1.054952,0.026696,0.958926
-0.037773,0.019461,0.530390,1.925384,19.158117,11.897108,3.467238,2.723581,172.257382,5.419153,1.055086,0.026806,0.959008
-0.036268,0.019717,0.520411,2.092649,19.105448,11.720412,3.468387,2.729721,172.233882,5.389251,1.054950,0.026684,0.958914
-0.037845,0.019103,0.501054,1.995858,19.149677,11.916598,3.464387,2.733750,172.215285,5.376630,1.054929,0.026652,0.958885
-0.033898,0.019137,0.489902,2.455106,19.163727,11.916765,3.465966,2.740956,172.288643,5.379467,1.054892,0.026621,0.958842
-0.033113,0.018466,0.505991,2.027814,19.134935,11.916673,3.462813,2.728933,172.355291,5.378547,1.054916,0.026636,0.958873
-0.040391,0.018703,0.515992,1.931456,19.085070,10.791680,3.461555,2.728576,172.220252,5.270565,1.054361,0.026087,0.958337
-0.033828,0.017877,0.498231,2.015787,19.104802,11.916812,3.460569,2.726721,172.143712,5.314655,1.054587,0.026341,0.958564
-0.032813,0.018636,0.522174,1.910123,19.133145,11.916750,3.463420,2.725909,172.126802,5.291410,1.054540,0.026225,0.958476
-0.034445,0.018394,0.497098,2.200923,19.141555,11.916712,3.462165,2.718327,172.115891,5.290689,1.054471,0.026244,0.958463
-0.036052,0.018869,0.511597,1.953546,19.096580,11.916800,3.465998,2.708999,172.103634,5.270294,1.054377,0.026170,0.958426
-0.033010,0.019304,0.504913,2.065763,19.102888,11.916812,3.463585,2.735204,172.188385,5.255550,1.054291,0.026061,0.958299
-0.033235,0.018549,0.532385,2.050067,19.129915,11.916790,3.462909,2.734029,172.421319,5.283938,1.054432,0.026133,0.958381
-0.032325,0.018832,0.492384,2.088070,19.189742,11.833362,3.460169,2.716923,172.618591,4.994848,1.054582,0.024840,0.958504
-0.031875,0.018853,0.495711,2.066834,19.197977,11.833397,3.461714,2.730397,172.725985,5.012918,1.054655,0.024864,0.958567
-0.034527,0.018785,0.499637,2.149965,19.214775,11.833370,3.462025,2.733703,172.790896,5.019877,1.054655,0.024864,0.958572
-0.034632,0.018298,0.513673,2.143131,19.148727,11.061467,3.459000,2.719649,172.778288,4.953609,1.054346,0.024532,0.958278
-0.034032,0.018941,0.512828,2.136698,19.174490,11.351433,3.462144,2.733848,172.803908,4.954423,1.054383,0.024582,0.958314
-0.032537,0.018376,0.447837,2.330041,19.261703,11.631410,3.459627,2.736316,172.793360,4.965020,1.054439,0.024624,0.958348
-0.032512,0.018813,0.489935,2.331718,19.170805,11.779400,3.461798,2.733863,172.595252,4.968587,1.054331,0.024653,0.958338
-0.035877,0.018311,0.514160,1.945120,19.080048,10.970677,3.460623,2.732995,172.221139,5.128290,1.053615,0.025381,0.957714
-0.037003,0.018950,0.526015,2.023029,19.101505,11.924890,3.462720,2.749911,171.952738,5.415516,1.053557,0.026821,0.957644
-0.039907,0.019197,0.511192,2.420635,19.041870,11.080060,3.462665,2.727839,171.892699,5.338611,1.053149,0.026433,0.957276
-0.039093,0.019197,0.499111,2.080941,19.030567,11.167810,3.462227,2.718272,171.840566,5.310363,1.053002,0.026277,0.957171
-0.036717,0.019149,0.505667,2.182544,19.049187,11.099700,3.462381,2.735257,171.822526,5.296028,1.052881,0.026168,0.957029
-0.034914,0.018908,0.522520,2.008333,19.056788,12.000090,3.461178,2.726944,171.822182,5.327523,1.053089,0.026390,0.957223
-0.042409,0.018611,0.546794,2.034952,19.025873,10.281187,3.460605,2.727724,171.739356,5.160348,1.052331,0.025586,0.956495
-0.036958,0.018918,0.535268,2.448018,19.013022,11.058190,3.463317,2.726717,171.744676,5.205938,1.052500,0.025793,0.956677
-0.032291,0.019502,0.514152,2.057760,19.095033,12.000107,3.468104,2.738021,171.784195,5.264645,1.052823,0.026121,0.956955
-0.035266,0.019552,0.502873,1.929073,19.033695,11.825647,3.467867,2.729649,171.751160,5.242140,1.052650,0.025991,0.956818
-0.035750,0.018897,0.531997,1.950301,19.028038,11.372383,3.463187,2.724381,171.718814,5.175223,1.052386,0.025720,0.956562
-0.035108,0.019133,0.512619,2.240353,19.109032,12.000015,3.464534,2.709734,171.757651,5.207806,1.052551,0.025872,0.956715
-0.035760,0.018713,0.537836,1.859710,19.046128,11.619683,3.464161,2.727778,171.724242,5.181108,1.052302,0.025696,0.956554
-0.038138,0.018377,0.510278,2.021091,19.025255,10.700833,3.459791,2.728685,171.714722,5.078992,1.051862,0.025217,0.956082
-0.034915,0.019328,0.531138,2.118650,19.071773,11.321913,3.464121,2.745199,171.744250,5.121137,1.052070,0.025400,0.956255
-0.034578,0.018704,0.542673,1.941396,19.048532,12.083323,3.463348,2.731672,171.677531,5.452404,1.052175,0.026985,0.956397
-0.038645,0.019363,0.551837,2.107387,19.019975,11.173897,3.466320,2.732548,171.641010,5.369972,1.051783,0.026584,0.956019
-0.039919,0.019673,0.542001,2.045473,18.996557,10.988827,3.469066,2.721540,171.611681,5.335146,1.051613,0.026398,0.955889
-0.037154,0.019054,0.543048,2.166945,19.058033,11.734033,3.463785,2.713614,171.619308,5.381523,1.051817,0.026635,0.956091
-0.035971,0.019550,0.508842,2.091575,19.060580,12.083287,3.467653,2.732533,171.652727,5.392840,1.051787,0.026666,0.956128
-0.038615,0.018924,0.527034,2.301775,18.983123,11.732633,3.462365,2.736924,171.776865,5.356662,1.051766,0.026525,0.955969
-0.033064,0.019033,0.529107,1.920785,19.117773,12.000055,3.463492,2.730359,171.959936,5.089574,1.051938,0.025284,0.956153
-0.033952,0.019214,0.508220,1.934511,19.126862,11.648210,3.462154,2.739831,172.059247,5.084769,1.051866,0.025189,0.956089
-0.033526,0.019047,0.506673,2.183252,19.113617,11.557955,3.466334,2.726822,172.115375,5.069236,1.051846,0.025131,0.956061
-0.032906,0.019028,0.507169,2.185847,19.157938,12.000077,3.464980,2.718392,172.112503,5.085528,1.051964,0.025238,0.956163
-0.033945,0.018759,0.513670,2.032334,19.161392,11.999947,3.462525,2.716742,172.080992,5.064628,1.051885,0.025167,0.956105
-0.037209,0.018914,0.514400,2.053313,19.094838,10.908255,3.464201,2.739160,171.991479,4.979479,1.051393,0.024675,0.955627
-0.037142,0.020157,0.512768,2.074854,19.083022,11.042433,3.466329,2.719790,171.917405,4.959845,1.051331,0.024610,0.955535
-0.034675,0.018930,0.530825,1.926751,19.061928,12.008217,3.465011,2.701920,171.584102,5.278079,1.051264,0.026113,0.955596
-0.040644,0.018813,0.532987,2.026934,18.962745,10.896478,3.464090,2.728999,171.376282,5.136076,1.050587,0.025480,0.954963
-0.031900,0.019670,0.515761,1.872106,19.019167,12.083500,3.465621,2.738065,171.418449,5.205286,1.050930,0.025798,0.955261
-0.035108,0.019200,0.535311,1.867430,18.986465,10.979648,3.465643,2.717268,171.356851,5.098073,1.050417,0.025308,0.954790
-0.031265,0.019005,0.532791,1.902304,19.039108,12.083248,3.462780,2.735599,171.401964,5.154838,1.050718,0.025620,0.955066
-0.038535,0.019183,0.533489,2.153034,18.983193,11.538910,3.465932,2.731948,171.390109,5.399755,1.050411,0.026715,0.954780
-0.037644,0.019233,0.542070,1.920808,18.962633,11.196625,3.465521,2.731417,171.360345,5.351721,1.050175,0.026496,0.954594
-0.038586,0.020206,0.534778,1.914032,19.019803,11.264213,3.467099,2.719566,171.360474,5.339088,1.050124,0.026417,0.954502
-0.035726,0.019643,0.539329,2.023619,19.018588,12.166635,3.467386,2.727684,171.356139,5.394626,1.050356,0.026689,0.954744
-0.037102,0.019200,0.574035,1.554748,18.969497,11.073590,3.465375,2.727492,171.285803,5.294653,1.049901,0.026172,0.954307
-0.036037,0.019183,0.538409,1.857407,19.022448,12.098567,3.465621,2.723176,171.319422,5.354845,1.050137,0.026494,0.954563
-0.035276,0.019514,0.566571,2.050397,18.991718,12.018808,3.468164,2.741875,171.283547,5.324633,1.050026,0.026387,0.954472
-0.036214,0.019964,0.502176,1.991013,19.015942,12.166740,3.467794,2.716067,171.282380,5.317515,1.049996,0.026358,0.954417
-0.032178,0.018873,0.531182,1.882567,19.039963,11.795335,3.461250,2.728747,171.224310,5.262710,1.049744,0.026107,0.954180
-0.035031,0.019338,0.547765,1.846688,18.956847,11.135688,3.465758,2.724032,171.193833,5.192734,1.049392,0.025728,0.953849
-0.041122,0.019429,0.539328,1.858483,18.927137,10.695507,3.467169,2.708614,171.186342,5.126350,1.049096,0.025449,0.953566
-0.036316,0.019454,0.548896,1.809381,18.997977,11.466805,3.465439,2.737127,171.201750,5.183890,1.049314,0.025732,0.953830
-0.038770,0.019159,0.554939,1.927036,18.952527,11.057542,3.464682,2.726544,171.159050,5.135062,1.049040,0.025473,0.953575
-0.033143,0.019132,0.567484,2.078349,19.012912,11.915738,3.464468,2.727116,171.169793,5.175509,1.049301,0.025690,0.953747
-0.032651,0.019318,0.552150,1.947277,19.001872,11.550095,3.461372,2.723223,171.128834,5.133749,1.049070,0.025484,0.953550
-0.034104,0.019263,0.559021,1.792765,19.004232,11.818850,3.464268,2.743961,171.094239,5.122278,1.049045,0.025450,0.953528
-0.034591,0.019434,0.556791,1.848536,19.006542,11.796668,3.465035,2.731216,171.136460,5.113384,1.048970,0.025420,0.953489
-0.031854,0.019980,0.495757,1.924490,19.020757,11.652172,3.464866,2.703698,171.162109,5.093519,1.048877,0.025283,0.953357
-0.032600,0.019530,0.559742,1.751591,19.061707,12.166723,3.464042,2.727932,171.214119,5.118394,1.049027,0.025433,0.953509
-0.038156,0.019567,0.542248,2.114998,18.983537,11.085073,3.464222,2.730823,171.146581,5.023606,1.048546,0.024971,0.953080
-0.038783,0.019898,0.532615,1.994972,18.968652,10.851212,3.467208,2.700927,171.068584,5.274870,1.048280,0.026106,0.952811
-0.038784,0.019919,0.541405,1.888127,18.954880,11.479310,3.468168,2.736666,170.985011,5.293097,1.048323,0.026200,0.952888
-0.038953,0.019806,0.536864,2.065404,18.969608,11.568937,3.467566,2.712946,170.995059,5.277449,1.048267,0.026141,0.952867
-0.037913,0.019944,0.560165,1.573523,18.940365,11.407217,3.468569,2.708175,170.976010,5.251352,1.048129,0.026015,0.952722
-0.030866,0.019355,0.522855,1.912281,19.010122,12.250065,3.464546,2.731231,171.005513,5.295936,1.048352,0.026239,0.952926
-0.038719,0.020179,0.538827,1.710295,18.925740,10.886038,3.469597,2.718196,170.915638,5.179365,1.047754,0.025650,0.952385
-0.038975,0.019926,0.574411,1.872841,18.956978,10.873373,3.465954,2.739499,170.901428,5.144687,1.047597,0.025519,0.952245
-0.034243,0.019918,0.558299,1.866076,19.022455,12.250075,3.464917,2.721126,170.984547,5.231924,1.048021,0.025957,0.952649
-0.045780,0.020104,0.553524,1.874393,18.886520,9.573405,3.467527,2.717325,170.789686,5.000627,1.046866,0.024804,0.951599
-0.034359,0.019949,0.571436,1.830596,18.914200,11.261203,3.469473,2.713895,170.848948,5.106261,1.047397,0.025360,0.952047
-0.038185,0.020548,0.551576,1.813681,18.970953,11.227142,3.469490,2.725927,170.841205,5.097472,1.047338,0.025271,0.951960
-0.035706,0.020083,0.575684,1.869834,18.936560,12.333460,3.467758,2.730398,170.843673,5.444756,1.047579,0.026966,0.952223
-0.040629,0.019514,0.547331,1.589369,18.978248,10.638392,3.465711,2.705647,170.751213,5.297463,1.046895,0.026230,0.951563
-0.036800,0.020121,0.561697,1.874122,19.004588,11.601885,3.469695,2.716558,170.764420,5.360666,1.047142,0.026515,0.951819
-0.039228,0.019723,0.557947,1.851232,18.905102,10.861435,3.465952,2.722427,170.705132,5.277990,1.046720,0.026110,0.951425
-0.041247,0.018880,0.513231,1.907852,18.883870,10.496542,3.460824,2.725870,170.665093,5.223064,1.046459,0.025828,0.951163
-0.033650,0.020035,0.567610,1.855990,18.963312,11.967128,3.465727,2.726248,170.709526,5.312709,1.046903,0.026304,0.951606
-0.034223,0.019489,0.573246,1.854411,18.930910,11.527030,3.465777,2.721424,170.724186,5.276280,1.046708,0.026104,0.951437
-0.035546,0.019563,0.550077,1.844238,18.933738,11.487880,3.463677,2.735976,170.717933,5.268143,1.046648,0.026037,0.951365
-0.033993,0.019503,0.558658,2.132268,18.973692,12.333437,3.465021,2.731681,170.669833,5.292048,1.046809,0.026195,0.951483
-0.038517,0.019814,0.567413,1.882072,18.954488,11.585142,3.463238,2.713955,170.637403,5.228317,1.046468,0.025895,0.951211
-0.035214,0.020155,0.564903,1.985995,18.966533,11.554417,3.467204,2.716947,170.632423,5.202732,1.046371,0.025803,0.951136
-0.033849,0.019995,0.560676,1.950716,19.005812,12.333450,3.465997,2.695561,170.636387,5.248416,1.046562,0.026012,0.951322
-0.038529,0.020088,0.571888,1.962159,18.918662,11.407083,3.468034,2.719685,170.556266,5.153484,1.046090,0.025574,0.950895
-0.035595,0.019737,0.570854,1.981960,18.945485,11.620367,3.465284,2.740416,170.582590,5.144711,1.046047,0.025512,0.950835
-0.033763,0.020086,0.575844,1.729759,18.979323,12.013833,3.466649,2.721324,170.695668,5.161879,1.046169,0.025599,0.950939
-0.036153,0.019045,0.566412,1.765605,19.011792,11.789308,3.461807,2.718604,170.774336,5.147035,1.046103,0.025506,0.950893
-0.039535,0.020675,0.543787,1.915161,18.950922,10.938352,3.471618,2.711799,170.744178,5.080417,1.045754,0.025169,0.950560
-0.043987,0.019964,0.553769,1.797340,18.926097,10.305903,3.467876,2.736130,170.689894,5.003871,1.045379,0.024763,0.950167
-0.034577,0.019483,0.572827,1.928568,18.999793,11.955067,3.461249,2.709570,170.688113,5.106717,1.045863,0.025326,0.950676
-0.034316,0.020883,0.530033,1.833521,18.983622,11.598338,3.469090,2.729094,170.590796,5.053977,1.045631,0.025103,0.950449
-0.035818,0.020547,0.558035,1.979964,18.925917,11.923322,3.469733,2.715676,170.526974,5.351148,1.045550,0.026470,0.950393
-0.038254,0.020295,0.565540,1.894956,18.927278,11.444390,3.466352,2.735166,170.426073,5.277396,1.045224,0.026111,0.950031
-0.039763,0.020439,0.559771,1.554344,18.869502,11.206265,3.468530,2.729056,170.399586,5.245716,1.045005,0.025938,0.949893
-0.034002,0.019505,0.564057,1.912992,18.987113,12.251980,3.461099,2.728969,170.438148,5.293800,1.045304,0.026234,0.950143
-0.035830,0.019944,0.557919,1.924852,18.935442,11.380862,3.466962,2.738950,170.392254,5.228042,1.044908,0.025855,0.949810
-0.039579,0.019654,0.569459,1.770854,18.897188,10.972945,3.465331,2.709932,170.335280,5.170321,1.044627,0.025606,0.949589
-0.038572,0.020614,0.576116,1.753587,18.877968,11.046643,3.468368,2.722144,170.349344,5.142062,1.044519,0.025493,0.949463
-0.036661,0.020210,0.587994,1.867590,18.937405,11.715530,3.467804,2.719832,170.318037,5.171234,1.044674,0.025655,0.949586
-0.033638,0.020100,0.557608,1.770383,18.928082,12.033753,3.465513,2.729755,170.339337,5.179227,1.044651,0.025718,0.949639
-0.044680,0.020723,0.580328,1.727582,18.911883,9.968555,3.471193,2.733472,170.222479,4.993920,1.043744,0.024755,0.948735
-0.035705,0.020579,0.581594,1.949872,18.879620,11.380767,3.471294,2.722416,170.244965,5.080469,1.044132,0.025228,0.949149
-0.036288,0.020740,0.558083,1.749834,18.896858,11.510748,3.467508,2.741395,170.224152,5.072267,1.044110,0.025190,0.949105
-0.040880,0.019728,0.570428,1.895061,18.900587,10.750970,3.465035,2.720820,170.162346,5.280173,1.043684,0.026157,0.948717
-0.045804,0.020163,0.543942,1.860864,18.856417,10.285253,3.467024,2.737886,170.125612,5.220597,1.043347,0.025798,0.948353
-0.039612,0.020030,0.577391,1.648037,18.857787,10.931723,3.468550,2.743959,170.104372,5.253408,1.043447,0.025964,0.948511
-0.042115,0.019676,0.576795,1.865698,18.890110,10.991105,3.467676,2.728289,170.081054,5.224103,1.043394,0.025840,0.948428
-0.032082,0.020208,0.551905,1.811920,18.994980,12.338200,3.467996,2.711907,170.132282,5.309468,1.043810,0.026304,0.948826
-0.037270,0.020179,0.573112,2.001995,18.894978,11.623587,3.468735,2.717198,170.114300,5.251612,1.043527,0.026002,0.948543
-0.035329,0.019801,0.569503,1.963800,18.902083,11.809182,3.467329,2.721654,170.141996,5.252306,1.043502,0.026000,0.948556
-0.035783,0.020276,0.585266,1.850127,18.916135,11.529975,3.467173,2.725770,170.075157,5.203938,1.043286,0.025792,0.948339
-0.040740,0.020449,0.565691,1.742777,18.862785,10.669930,3.469534,2.718045,170.001199,5.106556,1.042824,0.025329,0.947925
-0.037690,0.020600,0.594540,1.801781,18.912203,11.480513,3.467493,2.721243,170.007916,5.139947,1.042945,0.025526,0.948082
-0.033684,0.020848,0.594802,1.876022,18.917267,11.402468,3.470268,2.728796,169.971564,5.103675,1.042788,0.025346,0.947896
-0.036902,0.020280,0.593863,1.749651,18.864620,10.769727,3.465032,2.726303,170.007116,5.046664,1.042512,0.025011,0.947611
-0.037526,0.020909,0.594765,1.681136,18.889592,11.208118,3.470516,2.735928,170.061434,5.065897,1.042630,0.025119,0.947691
-0.029742,0.020638,0.573771,2.034124,18.959832,12.465455,3.466972,2.713104,170.114692,5.152576,1.043021,0.025560,0.948105
-0.039949,0.020367,0.599300,1.816764,18.875933,10.852600,3.466274,2.732186,170.037169,5.011092,1.042378,0.024884,0.947477
-0.039604,0.020541,0.574614,1.904132,18.904992,10.945895,3.469869,2.728407,169.993853,4.983578,1.042259,0.024752,0.947326
-0.032885,0.020813,0.577838,1.810227,18.894425,12.170467,3.468909,2.716162,169.959108,5.350966,1.042521,0.026508,0.947642
-0.034002,0.020409,0.605925,1.769444,18.996043,12.425573,3.467318,2.721682,169.930213,5.362256,1.042541,0.026490,0.947605
-0.041402,0.019885,0.577944,1.893845,18.870295,10.679438,3.465869,2.711115,169.781753,5.193173,1.041743,0.025689,0.946884
-0.034791,0.020539,0.600164,2.182543,18.926143,11.875118,3.467490,2.711313,169.811506,5.252741,1.042009,0.025999,0.947202
-0.037699,0.021091,0.601727,1.931305,18.906473,11.790873,3.471288,2.733098,169.796061,5.222289,1.041929,0.025890,0.947044
-0.033411,0.020076,0.590159,1.708323,18.919295,11.666057,3.465737,2.718352,169.791284,5.202579,1.041778,0.025787,0.946963
-0.039964,0.020234,0.575521,1.792967,18.853115,10.929350,3.464590,2.730794,169.742504,5.125911,1.041345,0.025398,0.946580
-0.037300,0.020468,0.577200,1.819459,18.883612,11.742445,3.466749,2.725890,169.758439,5.158105,1.041529,0.025582,0.946741
-0.032784,0.020401,0.604447,1.789043,18.915888,12.129922,3.467521,2.729872,169.726877,5.165343,1.041573,0.025640,0.946784
-0.042925,0.020835,0.605834,1.790650,18.950662,10.602348,3.469138,2.739710,169.675298,5.034237,1.040914,0.024962,0.946170
-0.029511,0.020758,0.611916,2.026546,18.945760,12.583367,3.469112,2.705207,169.694055,5.156276,1.041451,0.025609,0.946720
-0.038002,0.021251,0.592360,1.746383,18.958273,11.672117,3.469148,2.723328,169.629876,5.367031,1.041054,0.026560,0.946290
-0.035559,0.020844,0.617028,1.712720,18.953857,12.085632,3.468433,2.714212,169.641885,5.374754,1.041045,0.026611,0.946352
-0.033828,0.021495,0.567256,1.706625,18.874357,12.060232,3.470588,2.713948,169.622525,5.344628,1.040887,0.026475,0.946201
-0.038324,0.020295,0.578662,1.897114,18.878740,11.193682,3.468020,2.720907,169.556912,5.265867,1.040472,0.026013,0.945770
-0.039948,0.021250,0.594764,2.043788,18.851262,11.014962,3.472089,2.718555,169.537253,5.218893,1.040266,0.025812,0.945586
-0.039063,0.021195,0.634059,1.826239,18.823095,11.111403,3.473564,2.710271,169.527244,5.189151,1.040151,0.025723,0.945504
-0.042242,0.021314,0.607213,1.744957,18.836908,10.422777,3.471713,2.716774,169.489974,5.116141,1.039793,0.025342,0.945146
-0.041315,0.020307,0.619764,1.769355,18.833562,10.687660,3.466269,2.712128,169.469478,5.105276,1.039726,0.025313,0.945118
-0.031979,0.021174,0.577606,1.890346,18.906568,12.229327,3.469600,2.737100,169.497545,5.200364,1.040202,0.025828,0.945577
-0.031019,0.021001,0.585837,1.779645,18.866615,12.066717,3.467766,2.719458,169.488916,5.170295,1.040061,0.025658,0.945408
-0.037696,0.020358,0.604596,1.796731,18.832882,10.715502,3.466217,2.728876,169.429116,5.051930,1.039496,0.025075,0.944882
-0.032032,0.021022,0.593960,1.690210,18.875488,11.977443,3.467958,2.708195,169.377487,5.120433,1.039721,0.025413,0.945171
-0.032968,0.021826,0.582129,1.908660,18.880568,11.987512,3.474455,2.720287,169.374633,5.087033,1.039632,0.025278,0.945029
-0.032820,0.020686,0.599140,1.694912,18.953687,12.067370,3.469369,2.730075,169.417400,5.085423,1.039614,0.025214,0.944972
-0.043400,0.021456,0.592081,1.653144,18.795658,10.286350,3.470974,2.738786,169.419976,4.933821,1.038856,0.024471,0.944299
-0.040467,0.020827,0.638027,1.745451,18.830380,10.349332,3.465759,2.708195,169.475765,4.908518,1.038792,0.024360,0.944195
-0.037272,0.020891,0.598239,1.865979,18.851432,10.620470,3.468500,2.714158,169.510795,4.912443,1.038811,0.024391,0.944221
-0.033765,0.021548,0.603559,1.852952,18.892033,11.999127,3.469218,2.720256,169.578394,5.006603,1.039215,0.024852,0.944645
-0.036308,0.021222,0.609143,1.772787,18.888082,11.418007,3.469427,2.732812,169.563582,4.950684,1.038981,0.024589,0.944386
-0.047060,0.021537,0.599315,1.715187,18.829108,10.330873,3.472383,2.729452,169.486967,5.144741,1.038413,0.025431,0.943873
-0.041129,0.021097,0.605445,1.651675,18.826513,10.836382,3.467887,2.727777,169.212987,5.132350,1.038314,0.025385,0.943830
-0.038975,0.021343,0.624460,1.696750,18.810017,10.894750,3.469679,2.720555,169.191692,5.093275,1.038150,0.025259,0.943707
-0.041229,0.021266,0.602830,1.658773,18.768927,10.362762,3.469923,2.728317,169.144539,5.025943,1.037758,0.024921,0.943344
-0.040687,0.021171,0.568466,1.759053,18.779653,10.206023,3.469958,2.738578,169.136980,4.986434,1.037595,0.024741,0.943161
-0.032763,0.021579,0.640306,1.685160,18.934565,12.474705,3.468161,2.726514,169.187008,5.130948,1.038229,0.025489,0.943844
-0.040333,0.021090,0.633570,1.633454,18.803538,10.897523,3.468404,2.727419,169.104503,5.012652,1.037633,0.024876,0.943270
-0.035799,0.021398,0.610839,1.754519,18.882360,11.810543,3.470882,2.720341,169.113097,5.332515,1.037779,0.026410,0.943384
-0.035576,0.021676,0.598580,1.674581,18.851435,11.385267,3.472063,2.744384,169.610544,5.049342,1.037928,0.025053,0.943486
-0.049022,0.021462,0.601213,1.807841,18.892917,10.066753,3.468629,2.729485,169.769982,4.989073,1.037657,0.024661,0.943173
-0.040010,0.021731,0.574946,1.740322,18.894700,10.099898,3.471640,2.737882,169.892689,4.696155,1.037694,0.023304,0.943242
-0.036326,0.021334,0.585361,2.102913,18.956502,10.862868,3.468195,2.731687,170.013221,4.759300,1.037984,0.023557,0.943490
-0.031812,0.020494,0.589629,1.793800,19.000258,11.671155,3.462867,2.730211,170.103384,4.811245,1.038281,0.023848,0.943793
-0.039509,0.020602,0.590461,1.978963,18.934777,10.347618,3.463769,2.747895,170.097485,4.727626,1.037793,0.023352,0.943343
-0.041033,0.021238,0.585204,1.709535,18.928108,10.157080,3.468676,2.720577,170.115700,4.688196,1.037632,0.023193,0.943156
-0.043737,0.020438,0.582403,1.796705,18.926922,9.842977,3.464880,2.721354,170.097080,4.633777,1.037412,0.022949,0.942930
-0.042864,0.021337,0.575169,1.771883,18.905978,10.075090,3.466555,2.735835,170.095969,4.649572,1.037380,0.022993,0.942961
-0.036384,0.021589,0.569445,2.165233,18.931563,10.551142,3.468547,2.720623,170.120002,4.657397,1.037452,0.023073,0.943021
-0.035752,0.021377,0.588298,2.010644,18.952580,11.087655,3.470174,2.721866,170.065663,4.977208,1.037511,0.024566,0.943105
-0.037946,0.022230,0.588608,1.886637,18.965622,11.012042,3.469801,2.744434,169.991785,4.953193,1.037361,0.024426,0.942955
-0.041683,0.020921,0.578514,1.764315,18.863658,10.443643,3.466041,2.747148,169.907783,4.872904,1.036980,0.024067,0.942631
-0.045738,0.020667,0.574890,1.929885,18.864168,10.020297,3.465974,2.753316,169.885810,4.803798,1.036635,0.023741,0.942316
-0.043341,0.021250,0.583088,1.800082,18.915245,10.178263,3.466313,2.731887,170.053888,4.812928,1.036732,0.023761,0.942359
-0.042468,0.020856,0.566997,1.794939,18.915580,9.797260,3.465073,2.724452,170.298981,4.796449,1.036639,0.023678,0.942288
-0.043455,0.020798,0.581135,1.768393,18.937438,9.615760,3.464928,2.743412,170.540190,4.509272,1.036782,0.022291,0.942346
-0.038029,0.020865,0.579650,1.870843,19.041048,10.954188,3.464280,2.721615,170.797756,4.633162,1.037386,0.022856,0.942921
-0.039626,0.021422,0.554338,1.845518,19.078755,10.078035,3.466214,2.752409,170.906348,4.593253,1.037203,0.022654,0.942723
-0.037313,0.021865,0.568124,1.907715,19.137807,10.945925,3.468472,2.730441,171.027784,4.658425,1.037532,0.022958,0.943033
-0.041856,0.021608,0.580273,1.827509,18.985797,9.057780,3.465158,2.733966,171.004705,4.231226,1.036829,0.020908,0.942431
-0.048410,0.020467,0.523395,1.910123,19.072878,9.010555,3.460437,2.720968,171.017610,4.492074,1.036690,0.022107,0.942252
-0.043058,0.021291,0.556693,1.952937,19.044682,10.064288,3.464421,2.734806,171.004847,4.561616,1.037023,0.022479,0.942568
-0.037524,0.021298,0.563168,1.856785,19.029357,10.393758,3.464863,2.716158,170.714899,4.547400,1.036881,0.022392,0.942473
-0.042441,0.021464,0.559418,1.929229,18.951305,9.976657,3.464296,2.734016,170.362940,4.438283,1.036354,0.021979,0.942015
-0.039962,0.020646,0.601828,1.711323,18.929093,10.395625,3.464279,2.726334,170.046804,4.692098,1.036109,0.023160,0.941790
-0.036640,0.021470,0.585201,1.738383,18.963263,10.303370,3.466919,2.737452,169.784385,4.618759,1.035732,0.022882,0.941459
-0.043787,0.021793,0.598534,1.730039,18.839863,10.080485,3.467355,2.734006,169.573595,4.852947,1.035299,0.023918,0.941095
-0.040061,0.021669,0.630090,1.689536,18.843347,10.540658,3.469050,2.735574,169.450905,4.807922,1.035216,0.023807,0.941003
-0.038437,0.021203,0.618560,1.703253,18.849523,10.924417,3.467359,2.718387,169.378348,4.819432,1.035150,0.023890,0.941022
-0.037923,0.021605,0.625459,1.745743,18.864002,10.729028,3.469833,2.720030,169.308107,4.778099,1.034927,0.023689,0.940811
-0.038607,0.022261,0.625992,1.690744,18.877912,11.226252,3.470006,2.723163,169.271607,5.079223,1.034904,0.025083,0.940771
-0.047381,0.021684,0.629646,1.641760,18.760953,9.899202,3.468216,2.725524,169.185625,4.947204,1.034263,0.024423,0.940195
-0.043530,0.021784,0.608188,1.818747,18.778967,10.091937,3.470540,2.732037,169.177421,4.934356,1.034178,0.024342,0.940108
-0.043950,0.021222,0.595553,1.727463,18.787777,10.140825,3.466820,2.719883,169.159889,4.905201,1.034061,0.024227,0.939983
-0.036396,0.021399,0.643125,1.691154,18.863485,11.490767,3.466082,2.730249,169.245683,4.975178,1.034462,0.024606,0.940335
-0.034147,0.022136,0.617028,1.692213,18.904207,11.637062,3.468378,2.720824,169.181614,4.968512,1.034393,0.024591,0.940320
-0.037694,0.021699,0.640196,1.702133,18.850420,11.101235,3.470452,2.716721,169.148869,4.916197,1.034133,0.024327,0.940070
-0.036391,0.021211,0.629479,1.588527,18.813128,11.317443,3.466803,2.733759,169.108643,4.895017,1.034031,0.024255,0.939996
-0.039276,0.022271,0.628519,1.754664,18.856725,10.727443,3.469994,2.744071,169.115011,4.821309,1.033757,0.023877,0.939619
-0.039342,0.022396,0.628848,1.795909,18.859540,10.872228,3.467921,2.717113,169.143137,4.816217,1.033698,0.023868,0.939615
-0.039790,0.022193,0.627433,1.648437,18.835978,10.505170,3.470908,2.725962,169.140182,4.782517,1.033471,0.023676,0.939437
-0.036915,0.022086,0.609014,1.705712,18.832073,10.873400,3.468408,2.726905,169.152280,4.782181,1.033467,0.023687,0.939435
-0.043945,0.021796,0.603686,1.656843,18.836792,9.852568,3.470481,2.716353,169.155193,4.683738,1.032970,0.023191,0.938985
-0.035769,0.022348,0.617432,1.725093,18.919353,11.388375,3.470791,2.720364,169.404155,4.788314,1.033536,0.023720,0.939500
-0.035845,0.021980,0.606208,1.770724,18.926302,11.244388,3.468286,2.740703,169.587922,4.797133,1.033594,0.023707,0.939499
-0.044954,0.021368,0.631462,1.628208,18.901233,9.684448,3.467146,2.731464,169.673851,4.691455,1.033049,0.023098,0.938986
-0.044710,0.022044,0.615490,1.687519,18.869753,9.656103,3.468706,2.726296,169.726215,4.678849,1.032947,0.023049,0.938931
-0.042148,0.021241,0.576113,1.741356,18.868655,9.600730,3.464684,2.725786,169.754047,4.662823,1.032858,0.022957,0.938848
-0.040224,0.021398,0.601122,1.792630,18.936178,10.747547,3.465127,2.729695,169.811434,4.731362,1.033187,0.023311,0.939144
-0.038584,0.021405,0.563723,1.636234,19.010877,10.738713,3.464474,2.719059,169.825104,4.716484,1.033166,0.023260,0.939114
-0.045382,0.021351,0.600271,1.730719,18.945097,9.672412,3.465259,2.710917,169.761659,4.625344,1.032649,0.022771,0.938677
-0.036601,0.021516,0.614765,1.773398,18.959695,11.063790,3.463737,2.737880,169.620455,4.682235,1.032946,0.023116,0.938976
-0.042048,0.021929,0.629349,1.678732,18.867872,10.105660,3.465985,2.723796,169.285527,4.548842,1.032280,0.022558,0.938369
-0.045252,0.021816,0.617578,1.657059,18.836255,9.635450,3.465735,2.732066,169.000564,4.739126,1.031692,0.023360,0.937815
-0.039988,0.021863,0.655116,1.613078,18.810672,10.176297,3.467650,2.710451,168.831627,4.721149,1.031582,0.023360,0.937771
-0.037420,0.022584,0.649830,1.609388,18.819463,11.163555,3.470694,2.711483,168.729379,5.042652,1.031680,0.024890,0.937850
-0.038064,0.022536,0.631329,1.573376,18.841990,10.776190,3.469520,2.724626,168.641668,4.985263,1.031394,0.024609,0.937569
-0.032943,0.022343,0.659924,1.515206,18.836098,11.514690,3.470383,2.715831,168.591802,4.981679,1.031446,0.024647,0.937627
-0.050203,0.021678,0.659426,1.532827,18.710077,9.436272,3.470209,2.730755,168.462730,4.799054,1.030473,0.023732,0.936749
-0.043892,0.022798,0.673944,1.627624,18.734438,9.791028,3.473612,2.721831,168.425718,4.782911,1.030362,0.023659,0.936661
-0.034328,0.023456,0.648585,1.638598,18.854128,11.694723,3.476077,2.722268,168.474649,4.891568,1.030933,0.024264,0.937177
-0.043797,0.023339,0.666103,1.627185,18.725163,9.926775,3.474795,2.731309,168.388728,4.747661,1.030170,0.023524,0.936490
-0.045562,0.022889,0.660441,1.504873,18.714998,10.208918,3.469332,2.711282,168.379382,5.026374,1.030035,0.024826,0.936394
-0.044106,0.022655,0.626233,1.755625,18.758910,10.078527,3.472387,2.722724,168.345626,4.981896,1.029862,0.024608,0.936182
-0.038012,0.022735,0.648975,1.576570,18.831062,11.703855,3.472095,2.721063,168.379896,5.073226,1.030289,0.025052,0.936572
-0.038313,0.022684,0.667405,1.777989,18.846255,11.001282,3.471441,2.722816,168.315314,5.007326,1.029964,0.024722,0.936290
-0.042604,0.021942,0.648398,1.542451,18.747522,10.209848,3.469690,2.730680,168.233343,4.906174,1.029450,0.024249,0.935857
-0.035549,0.022423,0.651106,1.595149,18.802367,11.574757,3.469429,2.728494,168.219877,4.960632,1.029742,0.024575,0.936108
-0.035587,0.023110,0.668609,1.569490,18.796337,11.184893,3.472445,2.714493,168.184832,4.903181,1.029514,0.024311,0.935878
-0.039386,0.023087,0.643410,1.560098,18.769787,10.426493,3.471166,2.711547,168.109102,4.821419,1.029068,0.023902,0.935462
-0.040723,0.023176,0.662163,1.673387,18.833243,10.496527,3.471944,2.705615,168.062295,4.791143,1.028911,0.023770,0.935331
-0.036768,0.023266,0.658016,1.533999,18.771705,11.304850,3.473339,2.732793,168.049399,5.124912,1.028983,0.025315,0.935440
-0.038490,0.024186,0.660774,1.547835,18.817450,11.489537,3.477948,2.693273,168.161563,5.106990,1.028939,0.025250,0.935369
-0.042537,0.022395,0.605971,1.562858,18.749677,9.839082,3.470673,2.743325,168.325542,4.688586,1.028412,0.023219,0.934837
-0.042992,0.023352,0.661933,1.741065,18.865488,10.059937,3.471870,2.709202,168.510165,4.702116,1.028529,0.023257,0.934912
-0.040877,0.022060,0.628688,1.634598,18.837647,10.410618,3.466386,2.743083,168.642054,4.735552,1.028640,0.023396,0.935064
-0.039206,0.022042,0.664691,1.618314,18.863260,10.294100,3.465754,2.719147,168.699869,4.720070,1.028563,0.023303,0.934988
-0.041138,0.022933,0.653114,1.530976,18.839225,10.190228,3.470651,2.728417,168.721706,4.695948,1.028413,0.023176,0.934851
-0.038660,0.022167,0.625945,1.835049,18.932495,10.473485,3.468254,2.733318,168.742964,4.687127,1.028427,0.023156,0.934830
-0.049551,0.022924,0.644540,1.551832,18.837168,9.120252,3.467657,2.733524,168.672180,4.563021,1.027728,0.022517,0.934252
-0.045617,0.021938,0.645338,1.665544,18.780098,9.701963,3.465849,2.732131,168.663141,4.577219,1.027798,0.022620,0.934337
-0.044421,0.023341,0.652008,1.621832,18.775073,9.804733,3.471200,2.709874,168.498739,4.535564,1.027664,0.022488,0.934168
-0.052679,0.022711,0.655194,1.645299,18.737273,8.848120,3.470241,2.728646,168.183145,4.696530,1.026856,0.023132,0.933451
-0.034863,0.022927,0.675372,1.616317,18.835550,11.626177,3.472357,2.700865,168.063373,4.834125,1.027545,0.023963,0.934146
-0.046482,0.023710,0.683569,1.621979,18.729125,10.257655,3.471720,2.725788,167.876941,4.993834,1.026850,0.024688,0.933486
-0.045638,0.022847,0.684869,1.578626,18.702027,10.023945,3.473768,2.729351,167.758249,4.917777,1.026469,0.024291,0.933113
-0.035304,0.023686,0.684057,1.585245,18.787265,11.686722,3.474355,2.734447,167.752021,4.998774,1.026875,0.024748,0.933524
-0.045905,0.023420,0.666233,1.643687,18.709202,10.066675,3.475001,2.712879,167.643325,4.847672,1.026129,0.023990,0.932821
-0.042868,0.023102,0.684612,1.543404,18.749670,10.756900,3.468277,2.714575,167.618054,4.858993,1.026169,0.024078,0.932865
-0.043519,0.023536,0.690676,1.450252,18.747528,10.045728,3.473467,2.731399,167.555716,4.765582,1.025731,0.023643,0.932463
-0.051335,0.023540,0.677588,1.391050,18.707252,9.773360,3.473049,2.711583,167.502010,5.001892,1.025374,0.024738,0.932145
-0.044460,0.023507,0.674449,1.647186,18.665953,9.979832,3.473280,2.721591,167.476725,4.991548,1.025236,0.024623,0.932035
-0.041461,0.022860,0.669520,1.605412,18.764103,11.011687,3.469956,2.714850,167.499465,5.034502,1.025472,0.024856,0.932226
-0.050954,0.024002,0.699093,1.467412,18.657120,8.909955,3.474360,2.739528,167.388699,4.821736,1.024485,0.023838,0.931302
-0.036205,0.024513,0.678703,1.473256,18.738177,11.451497,3.476456,2.698968,167.449679,4.978820,1.025191,0.024659,0.932039
-0.045053,0.024478,0.704438,1.556255,18.735802,9.818387,3.476347,2.722179,167.341555,4.837977,1.024513,0.023931,0.931373
-0.037963,0.024219,0.701255,1.464446,18.799007,11.198195,3.473931,2.725467,167.317915,4.901068,1.024788,0.024272,0.931641
-0.042353,0.024484,0.709001,1.470991,18.671242,10.288825,3.474071,2.727630,167.227676,4.801527,1.024262,0.023789,0.931188
-0.039266,0.024077,0.726974,1.417551,18.793632,10.861343,3.472857,2.717222,167.192320,5.092972,1.024261,0.025175,0.931156
-0.039676,0.023800,0.721057,1.507990,18.777297,10.956300,3.472345,2.727672,167.152691,5.069357,1.024072,0.025051,0.931029
-0.039692,0.023726,0.715466,1.428617,18.754110,11.202002,3.471973,2.719563,167.112674,5.048140,1.023967,0.024940,0.930930
-0.047207,0.023438,0.715048,1.534620,18.688728,9.915050,3.472164,2.709684,167.023592,4.897531,1.023308,0.024223,0.930256
-0.039214,0.024248,0.711055,1.456677,18.714690,10.387028,3.472938,2.712812,167.073710,4.894636,1.023281,0.024253,0.930260
-0.042187,0.023792,0.714498,1.437682,18.700127,10.341362,3.471912,2.743117,167.198686,4.882745,1.023210,0.024151,0.930204
-0.039541,0.023604,0.699025,1.481953,18.766017,10.728738,3.474689,2.709018,167.347285,4.911368,1.023332,0.024268,0.930316
-0.047765,0.024556,0.714319,1.400073,18.705287,9.432128,3.475277,2.740148,167.379333,4.785629,1.022725,0.023604,0.929716
-0.050273,0.024329,0.707340,1.501060,18.727675,9.404007,3.470474,2.717775,167.426410,4.744630,1.022577,0.023445,0.929549
-0.045571,0.024053,0.715165,1.420463,18.726232,9.853923,3.472519,2.726122,167.483396,4.769717,1.022597,0.023528,0.929623
-0.046221,0.023980,0.665632,1.513508,18.757905,9.711090,3.473844,2.731681,167.557338,4.741544,1.022474,0.023396,0.929514
-0.042546,0.023686,0.708759,1.478410,18.775765,10.666220,3.471856,2.705156,167.596244,4.796226,1.022724,0.023674,0.929771
-0.038317,0.023705,0.721004,1.514876,18.846303,11.055862,3.469846,2.723439,167.540939,4.790813,1.022719,0.023660,0.929735
-0.042090,0.024175,0.712524,1.437378,18.785975,10.247567,3.470038,2.713591,167.397833,4.700208,1.022239,0.023241,0.929337
-0.044188,0.024936,0.710654,1.486356,18.676593,9.860528,3.477432,2.712585,167.071027,4.883239,1.021636,0.024076,0.928778
-0.045821,0.023714,0.715450,1.614040,18.690560,9.817937,3.471377,2.714316,166.804865,4.790569,1.021214,0.023692,0.928377
-0.040568,0.024330,0.730628,1.489504,18.680918,10.762422,3.474292,2.704977,166.634256,5.097154,1.021165,0.025202,0.928402
-0.036712,0.024197,0.760528,1.326611,18.689510,11.530220,3.474927,2.727719,166.526634,5.093183,1.021123,0.025169,0.928355
-0.046888,0.025139,0.736685,1.357453,18.659935,9.930937,3.479283,2.725007,166.399934,4.913115,1.020329,0.024326,0.927571
-0.041165,0.025083,0.727045,1.508108,18.662058,10.505035,3.475874,2.718181,166.352011,4.917589,1.020247,0.024343,0.927558
-0.042356,0.024465,0.706490,1.415467,18.706285,10.185913,3.473062,2.724928,166.310049,4.846788,1.019913,0.024034,0.927233
-0.041037,0.024989,0.749998,1.471639,18.699082,11.055663,3.479840,2.717792,166.278272,5.163255,1.019976,0.025522,0.927293
-0.053416,0.024722,0.749640,1.471890,18.558185,9.007433,3.474080,2.722364,166.157547,4.958544,1.018868,0.024476,0.926337
-0.042559,0.024720,0.755188,1.401183,18.596105,9.919903,3.472127,2.711307,166.130488,4.963869,1.019000,0.024582,0.926408
-0.046346,0.025554,0.771824,1.520364,18.665840,10.380435,3.478341,2.729945,166.078775,4.954733,1.018971,0.024562,0.926371
-0.041843,0.025695,0.758803,1.346953,18.662025,10.560255,3.477114,2.727162,166.030922,4.932556,1.018800,0.024455,0.926247
-0.038571,0.025355,0.777408,1.374322,18.691607,11.277558,3.477731,2.709355,166.020733,4.941624,1.018844,0.024522,0.926301
-0.041085,0.025331,0.765467,1.369340,18.654520,11.055777,3.476073,2.716711,165.968174,5.191050,1.018507,0.025629,0.926018
-0.049093,0.025907,0.769665,1.319712,18.595873,9.978742,3.480854,2.730808,165.901967,5.061435,1.017911,0.024990,0.925403
-0.042949,0.025418,0.774406,1.378352,18.601818,10.013873,3.477067,2.725460,165.818793,4.993392,1.017642,0.024735,0.925164
-0.042747,0.025030,0.775350,1.317870,18.633023,10.241975,3.476135,2.718306,165.792945,4.968192,1.017445,0.024591,0.925017
-0.046473,0.025083,0.765185,1.306974,18.611468,10.141652,3.475044,2.709609,165.752223,4.919241,1.017197,0.024374,0.924804
-0.042645,0.026390,0.781048,1.335055,18.651993,10.676410,3.481789,2.706141,165.709834,5.206445,1.017117,0.025736,0.924718
-0.042716,0.025610,0.784754,1.320762,18.656292,10.529265,3.477362,2.726342,165.665681,5.157485,1.016826,0.025479,0.924467
-0.042501,0.025940,0.799604,1.250572,18.626028,10.556835,3.478420,2.713371,165.653350,5.114851,1.016589,0.025269,0.924277
-0.052469,0.026279,0.801712,1.340490,18.698568,9.802747,3.480201,2.713296,165.760459,5.021005,1.016190,0.024791,0.923827
-0.050815,0.025824,0.795143,1.343231,18.681505,9.909768,3.472554,2.718699,165.913442,5.009595,1.016111,0.024723,0.923776
-0.040398,0.025463,0.784204,1.388587,18.705592,11.007080,3.476034,2.709509,166.033349,5.067825,1.016392,0.025036,0.924084
-0.041016,0.025874,0.782219,1.351272,18.772565,10.657662,3.475970,2.706467,166.091858,5.009346,1.016190,0.024726,0.923806
-0.046382,0.026531,0.752969,1.409573,18.686793,10.106653,3.480922,2.710261,166.071531,4.943740,1.015781,0.024423,0.923520
-0.047540,0.025817,0.783488,1.358280,18.642820,9.480532,3.478482,2.728573,165.981950,4.848677,1.015262,0.023921,0.923065
-0.043937,0.025875,0.778474,1.315971,18.712532,10.568020,3.476700,2.707862,165.912383,4.863125,1.015437,0.024073,0.923187
-0.052288,0.026423,0.781587,1.299269,18.715712,9.473935,3.478472,2.727898,165.752818,4.725283,1.014760,0.023392,0.922528
-0.039357,0.026578,0.802345,1.317149,18.715093,11.102405,3.479533,2.704645,165.645475,5.088717,1.014973,0.025150,0.922797
-0.046121,0.025729,0.807182,1.338542,18.600985,10.342468,3.473724,2.709168,165.376702,4.962067,1.014302,0.024543,0.922195
-0.038593,0.025772,0.794957,1.368220,18.656990,11.281727,3.474187,2.717273,165.236852,4.947885,1.014246,0.024552,0.922143
-0.043685,0.027055,0.820715,1.303916,18.657548,10.760627,3.480483,2.697843,165.093778,5.154140,1.013722,0.025456,0.921651
-0.044631,0.026021,0.827919,1.226938,18.591893,9.679028,3.475936,2.712363,164.987315,4.985276,1.012950,0.024714,0.920990
-0.046914,0.027027,0.790420,1.311068,18.632707,10.314277,3.479851,2.718660,164.955629,4.985325,1.012923,0.024708,0.920959
-0.047205,0.027387,0.828371,1.233511,18.579813,9.930630,3.480521,2.720262,164.877832,4.904251,1.012457,0.024310,0.920553
-0.048677,0.027752,0.810951,1.342876,18.583945,10.313748,3.481692,2.717493,164.837363,5.170074,1.012293,0.025568,0.920389
-0.043101,0.026347,0.823838,1.237779,18.575842,10.238120,3.476829,2.716219,164.770551,5.115372,1.011983,0.025294,0.920136
-0.048984,0.027213,0.847662,1.179711,18.601272,9.955067,3.481929,2.708618,164.709193,5.023633,1.011625,0.024877,0.919740
-0.040432,0.027559,0.854765,1.169913,18.629583,10.199923,3.481500,2.718333,164.674991,4.993189,1.011444,0.024754,0.919611
-0.037285,0.027324,0.808243,1.287020,18.633605,11.203985,3.478914,2.708384,164.642676,5.015694,1.011482,0.024867,0.919672
-0.050097,0.027069,0.848166,1.257546,18.598800,10.322432,3.478163,2.703824,164.575236,5.190866,1.010889,0.025702,0.919104
-0.050394,0.026968,0.839254,1.265907,18.532560,9.568167,3.478526,2.687740,164.470292,5.066339,1.010242,0.025033,0.918503
-0.044534,0.026635,0.882005,1.263034,18.599377,10.214185,3.477567,2.706064,164.441173,5.053500,1.010174,0.025034,0.918498
-0.046800,0.027829,0.849587,1.319495,18.570225,9.773430,3.482375,2.715313,164.400216,4.956460,1.009685,0.024567,0.918041
-0.045407,0.027925,0.869120,1.192890,18.604053,10.104502,3.480753,2.722103,164.444851,4.943676,1.009593,0.024487,0.917951
-0.054539,0.028067,0.854336,1.214767,18.629162,9.463723,3.479542,2.717255,164.342273,5.128833,1.008992,0.025345,0.917408
-0.040363,0.027496,0.877818,1.139128,18.621672,11.263275,3.482055,2.714328,164.272586,5.196189,1.009278,0.025715,0.917758
-0.042437,0.027736,0.898825,1.197457,18.695418,10.900215,3.479323,2.728764,164.197738,5.107281,1.008878,0.025297,0.917343
-0.048768,0.027846,0.912097,1.140816,18.605210,9.718465,3.478778,2.722589,164.094459,4.961634,1.008152,0.024589,0.916664
-0.042307,0.028116,0.903070,1.144970,18.687387,10.700462,3.483181,2.710116,164.080853,5.273103,1.008169,0.026067,0.916687
-0.051317,0.028666,0.895102,1.243100,18.582430,9.695483,3.484276,2.719114,164.121161,5.146609,1.007518,0.025424,0.916090
-0.039618,0.027831,0.892483,1.120496,18.724632,11.261262,3.478951,2.724619,164.394620,5.219940,1.007990,0.025809,0.916442
-0.045222,0.028136,0.885013,1.172802,18.677343,9.858937,3.479114,2.723229,164.531247,4.816815,1.007452,0.023846,0.915962
-0.049344,0.027703,0.867067,1.187144,18.666590,9.547758,3.477810,2.706627,164.613740,4.751938,1.007121,0.023514,0.915679
-0.045812,0.028897,0.894848,1.117757,18.757328,9.823525,3.480097,2.711248,164.653951,4.731249,1.007034,0.023417,0.915589
-0.045853,0.028861,0.893655,1.134867,18.784600,10.559102,3.481594,2.708322,164.635565,5.030802,1.006979,0.024849,0.915577
-0.054405,0.028011,0.863814,1.158037,18.677605,9.366662,3.481448,2.707256,164.512291,4.889557,1.006225,0.024115,0.914901
-0.044410,0.027861,0.860558,1.180515,18.751600,10.452273,3.476797,2.732722,164.491594,4.891197,1.006259,0.024190,0.914921
-0.056031,0.028744,0.885536,1.219520,11.997688,8.543678,3.479711,2.354848,3368.462569,4.664246,0.311748,0.023082,0.913901
-0.031413,0.029949,0.996663,1.006678,19.533558,13.438965,3.481110,2.681177,163.278841,5.751172,1.003604,0.028551,0.911973
-0.039236,0.029758,0.951688,1.094466,19.106570,11.852380,3.484194,2.688759,163.366737,5.346329,1.003950,0.026449,0.912839
-0.039688,0.028857,0.932429,1.128492,18.853180,11.710065,3.481101,2.714216,163.326983,5.332878,1.003783,0.026385,0.912804
-0.047560,0.029707,0.972234,1.079599,18.798392,9.977767,3.481693,2.704561,163.223544,5.153998,1.003009,0.025470,0.911963
-0.044251,0.029203,0.963528,1.160027,18.761682,10.723455,3.480623,2.693141,163.164531,5.142859,1.002854,0.025421,0.911926
-0.044791,0.029492,0.958322,1.100489,18.755228,9.960878,3.481416,2.704599,163.082374,5.027588,1.002313,0.024870,0.911406
-0.038634,0.029064,0.947091,1.124812,19.019710,11.163398,3.478668,2.695620,163.058215,5.052979,1.002499,0.025042,0.911509
-0.040435,0.030087,0.947685,1.055286,18.825020,10.936927,3.484406,2.698988,162.980828,5.280973,1.001999,0.026156,0.911206
-0.043836,0.031142,0.987550,1.082199,18.801220,10.824883,3.487341,2.702370,162.914297,5.190220,1.001590,0.025670,0.910759
-0.039859,0.029571,0.949048,1.125559,18.901942,11.383070,3.484423,2.698063,162.890923,5.151863,1.001401,0.025531,0.910610
-0.041574,0.029574,0.972586,1.028088,18.816632,11.038713,3.480695,2.696504,162.941551,5.073086,1.000990,0.025127,0.910242
-0.050844,0.030238,0.983070,1.016215,18.761237,9.209122,3.485452,2.694063,162.737608,4.856376,0.999921,0.024063,0.909220
-0.050488,0.029584,1.005038,1.012167,18.779495,10.131335,3.481468,2.693828,162.599050,5.132471,0.999724,0.025406,0.909131
-0.046182,0.031217,1.014829,0.993693,18.794567,9.957450,3.484530,2.694655,162.504756,5.035527,0.999297,0.024935,0.908681
-0.045920,0.030477,1.028361,0.974182,18.792660,10.158803,3.484238,2.694868,162.428341,4.976802,0.998972,0.024683,0.908436
-0.051003,0.030718,1.035724,0.965476,18.832967,9.430332,3.483023,2.701495,162.333530,5.139522,0.998297,0.025407,0.907740
-0.047789,0.030198,1.046087,0.972515,18.816607,9.901763,3.482760,2.699940,162.331175,5.109442,0.998032,0.025265,0.907620
-0.045601,0.031163,1.053443,0.957945,18.963928,10.559303,3.485841,2.707939,162.530118,5.119149,0.998103,0.025264,0.907579
-0.047541,0.030898,1.021475,1.018909,18.964997,10.189265,3.483524,2.697493,162.665422,5.052928,0.997807,0.024927,0.907281
-0.042081,0.031594,1.037312,0.993306,18.993440,10.538308,3.485373,2.686238,162.791285,5.027838,0.997710,0.024828,0.907215
-0.049611,0.031600,1.011961,1.048884,19.021105,9.989342,3.483470,2.681128,162.816324,4.929303,0.997239,0.024321,0.906777
-0.046088,0.031091,1.014309,0.986311,18.935283,9.870988,3.485914,2.689465,162.812944,4.853964,0.996812,0.023993,0.906442
-0.047257,0.032153,1.023152,1.021359,18.980587,9.700963,3.486049,2.706097,162.776101,4.772203,0.996424,0.023591,0.906062
-0.046498,0.031634,1.022307,0.978174,18.908212,9.118300,3.483319,2.707401,162.669887,4.650165,0.995792,0.023024,0.905513
-0.045061,0.033421,1.009471,1.121628,18.996778,10.265008,3.489853,2.709604,162.580263,4.946346,0.995765,0.024404,0.905447
-0.054593,0.032352,1.065847,0.941443,18.912135,9.056382,3.488582,2.683161,162.320833,4.765113,0.994864,0.023553,0.904672
-0.046657,0.032855,1.071267,0.980815,18.930005,9.865440,3.487643,2.699424,161.924581,5.008655,0.994485,0.024728,0.904333
-0.047859,0.033556,1.080246,0.937055,18.952355,9.482130,3.491870,2.680219,161.596767,4.841974,0.993712,0.024011,0.903625
-0.053782,0.031944,1.133300,0.931696,18.833365,9.473517,3.485740,2.662856,161.348910,5.014812,0.992990,0.024847,0.903035
-0.047255,0.033535,1.135523,0.920408,19.004920,10.327945,3.491980,2.693157,161.249957,4.991686,0.992878,0.024752,0.902894
-0.050608,0.033412,1.153553,0.897910,18.877512,9.734605,3.489051,2.677054,161.139257,5.164758,0.992108,0.025519,0.902272
-0.053561,0.034101,1.111190,0.900003,18.839145,8.913833,3.493159,2.687253,161.008044,4.978012,0.991221,0.024662,0.901462
-0.045103,0.034137,1.163006,0.874460,18.951597,9.792880,3.492464,2.691526,160.950614,4.964435,0.991169,0.024606,0.901382
-0.051134,0.034223,1.187830,0.841894,18.950770,9.845493,3.490625,2.697941,160.848699,5.182551,0.990682,0.025594,0.900965
-0.046386,0.034327,1.168410,0.903334,18.972208,10.681157,3.493008,2.687885,160.776336,5.151603,0.990514,0.025493,0.900871
-0.044118,0.034382,1.173988,0.902017,18.944140,9.912207,3.489377,2.685467,160.676610,4.987793,0.989750,0.024750,0.900151
-0.049301,0.035007,1.207239,0.864748,19.079520,10.412915,3.493420,2.693234,160.581820,5.234107,0.989457,0.025896,0.899853
-0.054392,0.034447,1.208491,0.827573,18.920197,9.864460,3.488833,2.674526,160.470946,5.091326,0.988760,0.025236,0.899228
-0.042538,0.034710,1.230490,0.818912,19.042255,10.726377,3.489963,2.688900,160.398528,5.057709,0.988557,0.025084,0.899054
-0.042484,0.035615,1.243810,0.814564,19.034973,11.065792,3.492959,2.678238,160.317619,5.290838,0.988116,0.026164,0.898710
-0.049645,0.034766,1.259552,0.839209,19.047242,9.518238,3.489510,2.686519,160.251879,5.083199,0.987138,0.025136,0.897751
-0.045496,0.034880,1.235186,0.860869,18.993315,10.150025,3.489533,2.693333,160.291153,5.036595,0.986871,0.024957,0.897554
-0.041935,0.036550,1.251912,0.822200,19.068847,11.031755,3.496404,2.708935,160.246192,5.010399,0.986746,0.024858,0.897445
-0.054449,0.035712,1.234957,0.817798,19.009537,9.435595,3.494082,2.670448,160.025615,5.094650,0.985629,0.025162,0.896388
-0.044333,0.036087,1.275371,0.788657,19.016020,10.326253,3.492939,2.680613,159.841555,5.028975,0.985329,0.024940,0.896140
-0.044558,0.036427,1.316634,0.771616,19.084623,10.723110,3.492396,2.695469,159.685972,5.246382,0.984850,0.025946,0.895713
-0.053224,0.037172,1.334921,0.749194,18.988445,9.416645,3.497143,2.697176,159.538934,5.034762,0.983772,0.024946,0.894796
-0.044266,0.038154,1.316623,0.759684,19.073028,10.935853,3.496881,2.670240,159.482610,5.334035,0.983703,0.026428,0.894785
-0.052006,0.036528,1.320338,0.762355,19.072267,9.606557,3.492298,2.666959,159.624992,5.153461,0.982897,0.025479,0.893919
-0.054092,0.037012,1.320148,0.757488,19.078537,9.260012,3.492713,2.681405,159.838277,5.060658,0.982421,0.025006,0.893497
-0.057595,0.038338,1.336101,0.759274,19.013560,9.378562,3.497881,2.696675,159.993075,4.996529,0.982080,0.024679,0.893205
-0.048357,0.037976,1.312495,0.771718,19.074758,9.374552,3.493482,2.674155,160.082500,4.928548,0.981722,0.024319,0.892848
-0.038754,0.037825,1.321057,0.797239,19.212037,10.762317,3.493994,2.682592,160.162974,4.946397,0.981785,0.024408,0.892946
-0.046768,0.038070,1.324870,0.770292,19.221287,10.376602,3.492817,2.682691,160.154648,4.842301,0.981256,0.023906,0.892466
-0.052268,0.037610,1.351088,0.755389,19.005600,8.956395,3.488601,2.681793,160.089615,4.635971,0.980231,0.022920,0.891567
-0.043441,0.038859,1.333095,0.782846,19.102687,10.016748,3.488597,2.687691,160.036379,4.602601,0.980108,0.022800,0.891368
-0.057123,0.037831,1.365109,0.753265,19.019248,8.958805,3.489885,2.682517,159.926114,4.738454,0.979211,0.023341,0.890588
-0.049613,0.038621,1.382829,0.723150,19.127887,9.990887,3.490048,2.667918,159.590441,4.676561,0.978887,0.023112,0.890300
-0.054995,0.038707,1.377899,0.725744,19.077103,9.044732,3.491991,2.681513,159.113972,4.725596,0.977669,0.023413,0.889207
-0.050117,0.039652,1.447730,0.696187,19.104143,9.486590,3.496989,2.659614,158.711268,4.900349,0.976932,0.024237,0.888614
-0.048264,0.039974,1.480380,0.686573,19.057595,10.134157,3.497045,2.669056,158.385862,5.095695,0.976367,0.025207,0.888116
-0.054846,0.041972,1.522356,0.686659,19.034687,9.532577,3.503237,2.683237,158.138136,4.918287,0.975428,0.024363,0.887261
-0.042207,0.040875,1.523528,0.656654,19.164540,10.957618,3.499675,2.668101,157.991893,5.174029,0.975217,0.025613,0.887098
-0.046163,0.040508,1.551709,0.667231,19.061332,9.846810,3.494063,2.670284,157.832809,4.988111,0.974204,0.024712,0.886199
-0.047952,0.040736,1.543518,0.697147,19.091762,10.013270,3.494810,2.680255,157.720433,5.168558,0.973654,0.025510,0.885613
-0.042964,0.041977,1.565266,0.650252,19.182188,11.077462,3.498605,2.657883,157.649607,5.101897,0.973373,0.025324,0.885388
-0.052493,0.043878,1.616934,0.631973,19.171347,9.890662,3.505032,2.663781,157.526794,5.209532,0.972362,0.025743,0.884438
-0.057207,0.042728,1.628257,0.622462,19.172902,9.188858,3.497953,2.678097,157.382468,5.022135,0.971429,0.024868,0.883626
-0.057878,0.042404,1.658988,0.619020,19.120182,8.843340,3.497166,2.659787,157.238894,4.867160,0.970596,0.024135,0.882890
-0.055558,0.042811,1.648896,0.606509,19.136603,9.483920,3.496438,2.669420,157.158722,5.093289,0.970164,0.025187,0.882537
-0.039306,0.044464,1.770762,0.574197,19.163650,11.270930,3.503514,2.666178,156.671303,5.319607,0.969743,0.026370,0.882205
-0.040478,0.043634,1.746502,0.585704,19.211255,11.130262,3.497407,2.627767,156.456651,5.201853,0.969158,0.025779,0.881654
-0.047551,0.045548,1.859095,0.538017,19.237828,10.296560,3.504764,2.649366,154.679477,5.389903,0.967091,0.026743,0.879736
-0.041984,0.047567,2.037672,0.490756,19.302523,11.705753,3.512928,2.647676,154.164000,5.809211,0.966062,0.028908,0.878928
-0.047307,0.046342,1.807052,0.585096,19.321783,10.676047,3.510879,2.667770,156.098440,5.370209,0.966908,0.026600,0.879653
-0.041830,0.048048,1.910345,0.525023,19.290265,10.828978,3.513530,2.640370,154.689420,5.368255,0.965368,0.026632,0.878255
-0.043483,0.050136,2.096450,0.485500,19.398833,11.876403,3.517649,2.628985,153.833580,6.004016,0.964012,0.029806,0.877010
-0.042970,0.049709,2.105880,0.485795,19.284710,11.516700,3.514145,2.640620,154.339699,5.866723,0.963277,0.029125,0.876399
-0.059031,0.047546,1.945549,0.513999,19.214283,8.757948,3.504071,2.662467,155.001178,4.881731,0.962897,0.024205,0.876010
-0.039471,0.051098,2.182078,0.465325,19.376110,11.544390,3.516126,2.623854,153.336246,5.818012,0.961434,0.028883,0.874768
-0.043251,0.051404,2.286254,0.443558,19.472547,11.547170,3.512459,2.640331,153.502438,5.966137,0.960708,0.029620,0.874071
-0.047296,0.052062,2.186040,0.457471,19.255892,10.392420,3.513910,2.650662,154.753119,5.517408,0.960011,0.027443,0.873427
-0.042241,0.050520,2.094263,0.477472,19.293958,10.837525,3.508076,2.642310,154.510108,5.236450,0.960135,0.025977,0.873513
-0.049569,0.052507,2.267959,0.450348,19.232797,10.584503,3.508567,2.647484,153.537613,5.529844,0.958543,0.027424,0.872054
-0.046742,0.052940,2.339133,0.427544,19.358025,10.452563,3.511333,2.627855,153.374077,5.630241,0.957579,0.027914,0.871117
-0.043243,0.054152,2.358207,0.426491,19.509277,11.818482,3.516830,2.663552,154.439882,5.692765,0.957762,0.028225,0.871414
-0.053681,0.053456,2.310277,0.432788,19.226765,9.453397,3.508962,2.637991,153.692685,5.105746,0.956385,0.025324,0.870115
-0.059267,0.056715,2.428989,0.411699,19.311767,9.058818,3.514541,2.626009,152.971022,5.364341,0.954714,0.026628,0.868532
-0.046971,0.056638,2.523317,0.407834,19.318542,10.424768,3.518307,2.639600,152.992183,5.647394,0.954525,0.027988,0.868425
-0.055309,0.056973,2.474655,0.420396,19.378897,9.587947,3.518352,2.661963,153.819669,5.278578,0.954192,0.026191,0.868137
-0.041033,0.058590,2.595060,0.391391,19.482613,10.803607,3.517114,2.617563,152.343555,5.389924,0.953198,0.026756,0.867243
-0.041763,0.060920,2.837813,0.358905,19.487852,11.064245,3.520500,2.620311,151.542598,5.698820,0.951698,0.028355,0.865909
-0.049285,0.062168,2.835129,0.353676,19.430558,10.226333,3.521217,2.621823,151.590502,5.799433,0.950564,0.028792,0.864988
-0.051997,0.059803,2.664933,0.382710,19.393900,9.682522,3.518890,2.632018,152.659314,5.254218,0.950841,0.026034,0.865228
-0.051255,0.064127,2.962484,0.337560,19.541768,9.891690,3.522985,2.615138,151.163234,5.752026,0.948906,0.028512,0.863335
-0.046390,0.065968,3.138994,0.319465,19.586812,11.069260,3.522180,2.630794,150.813789,5.928101,0.948109,0.029388,0.862742
-0.046932,0.067242,3.218565,0.310878,19.620853,10.561330,3.518177,2.606050,150.317123,5.964361,0.946858,0.029595,0.861552
-0.047246,0.065688,3.056083,0.328736,19.554948,10.336375,3.522190,2.607562,151.255358,5.419153,0.947046,0.026882,0.861839
-0.039118,0.068953,3.322441,0.301207,19.713060,11.763332,3.523277,2.611271,150.497141,5.779807,0.945845,0.028702,0.860711
-0.038417,0.070436,3.442934,0.290464,19.745588,12.012090,3.524266,2.626315,149.972491,5.897745,0.944871,0.029275,0.859863
-0.036505,0.074833,3.657045,0.279087,19.820510,12.440395,3.524680,2.619939,150.027994,5.943294,0.943577,0.029598,0.858699
-0.043928,0.074125,3.619471,0.279103,19.834972,11.151860,3.529841,2.590990,149.798994,5.761239,0.942714,0.028626,0.857872
-0.047079,0.075813,3.785655,0.266971,19.796977,11.055697,3.522752,2.607194,149.366770,5.850378,0.941521,0.029037,0.856863
-0.038389,0.079857,4.003958,0.255701,20.010455,11.962678,3.530617,2.602489,148.595648,5.915615,0.940391,0.029453,0.855811
-0.042923,0.082393,4.179562,0.239259,20.010440,11.467975,3.529946,2.586276,149.013956,6.032544,0.939387,0.030002,0.854936
-0.052450,0.082969,4.100646,0.246794,20.010795,10.553375,3.534037,2.610649,149.199463,5.849230,0.938458,0.029018,0.854073
-0.043409,0.082158,4.085779,0.245495,20.010443,10.971938,3.535824,2.615173,149.582908,5.498045,0.938181,0.027365,0.853866
-0.045108,0.082228,4.087031,0.244676,20.010510,9.863347,3.528322,2.606681,149.683803,5.286646,0.937184,0.026258,0.852859
-0.050603,0.080400,3.972327,0.251756,20.010572,9.978752,3.525251,2.634808,150.307266,5.265827,0.936998,0.026072,0.852764
-0.042165,0.085492,4.276046,0.235774,20.010357,10.309475,3.530138,2.609178,149.378625,5.265524,0.935518,0.026172,0.851383
-0.044921,0.086333,4.350501,0.233644,20.010213,10.886858,3.525515,2.603759,149.538318,5.460797,0.934954,0.027064,0.850892
-0.050231,0.087519,4.359479,0.230296,20.010343,9.470022,3.522428,2.605359,149.635095,5.205892,0.933788,0.025793,0.849728
-0.057811,0.089673,4.519705,0.221246,20.010132,9.029085,3.531257,2.596372,149.721568,5.024792,0.932784,0.024957,0.848905
-0.041794,0.093222,4.703819,0.214746,20.009840,10.419730,3.530177,2.606353,148.902323,5.170112,0.931980,0.025656,0.848174
-0.047433,0.095270,4.856759,0.000000,20.010012,10.142477,3.534826,2.601328,148.832387,5.273627,0.931018,0.026108,0.847246
-0.048469,0.097154,4.953915,0.202745,20.009955,9.511517,3.536058,2.620713,148.882929,5.066519,0.930028,0.025109,0.846313
-0.052723,0.097088,5.006418,0.000000,20.009620,9.117275,3.535337,2.603359,148.735550,4.907879,0.929103,0.024337,0.845581
-0.046138,0.103267,5.334738,0.000000,20.009402,10.143633,3.534433,2.572452,148.020851,5.275768,0.927872,0.026108,0.844496
-0.046650,0.108350,5.626100,0.000000,20.009417,10.023520,3.540409,2.602589,147.645433,5.032291,0.926666,0.025025,0.843396
-0.051865,0.110038,5.755542,0.000000,20.009338,9.603348,3.532702,2.594138,148.060146,5.161644,0.925760,0.025494,0.842518
-0.043449,0.109138,5.649731,0.000000,20.009077,10.803955,3.535305,2.600190,147.964964,5.148181,0.925609,0.025461,0.842512
-0.043516,0.116895,6.144652,0.000000,20.009007,10.309700,3.536678,2.598541,146.739572,5.074882,0.923871,0.025134,0.840801
-0.042963,0.124164,6.596742,0.000000,20.008872,10.200585,3.545300,2.606486,146.248978,5.109627,0.922457,0.025329,0.839582
-0.045214,0.125714,6.612808,0.000000,20.009278,9.694842,3.541418,2.618519,147.004109,4.938855,0.921608,0.024484,0.838771
-0.044474,0.121736,6.385563,0.000000,20.008838,10.196172,3.544104,2.614941,147.295448,4.979338,0.921555,0.024566,0.838909
-0.043879,0.132582,7.049724,0.000000,20.008763,9.831915,3.540848,2.592157,145.801959,4.847076,0.919617,0.023992,0.836972
-0.042690,0.141241,7.561189,0.000000,20.008550,10.074358,3.548709,2.596882,145.465433,4.913353,0.918294,0.024308,0.835871
-0.044355,0.141109,7.507707,0.000000,20.008647,9.781615,3.541928,2.586994,146.761933,4.788395,0.917611,0.023698,0.835325
-0.048341,0.138847,7.389058,0.000000,20.008640,9.348622,3.544755,2.611605,145.944387,4.648585,0.916936,0.022862,0.834587
-0.041619,0.153843,8.132471,0.000000,20.008673,10.071207,3.549458,2.599180,144.999298,4.647534,0.915418,0.022968,0.833251
-0.044622,0.156206,8.350218,0.000000,20.008657,9.460650,3.541437,2.599283,145.215887,4.449263,0.914437,0.022035,0.832354
-0.035097,0.155194,8.277844,0.000000,20.008362,10.567470,3.540746,2.604160,146.161569,4.480792,0.914384,0.022182,0.832500
-0.043971,0.160423,8.614024,0.000000,20.008368,9.954680,3.556953,2.582433,144.849786,4.451356,0.912922,0.021888,0.830914
