SCC,SCV,DVV,ICP,CCDT,CVCT,ACCV C,ACCV D,ECD,ECV,CCD,CCV,SoH
-0.040781,0.015284,0.067176,6.687505,20.007822,10.750065,3.449895,2.737405,180.477568,6.900274,1.083298,0.034496,0.985449
-0.037502,0.014255,0.077455,9.184560,20.008062,10.583477,3.445565,2.768168,180.719877,6.563114,1.084599,0.032742,0.986578
-0.040796,0.014984,0.119026,3.232368,20.007892,10.500168,3.449053,2.753895,180.846515,6.383144,1.085415,0.031890,0.987190
-0.037734,0.014193,0.175662,4.420683,20.015877,10.416638,3.444856,2.751452,180.939690,6.223622,1.086070,0.031043,0.987758
-0.038724,0.015226,0.079204,7.313526,20.007822,10.416892,3.449987,2.754662,181.021888,6.257664,1.086325,0.031139,0.987900
-0.039620,0.014265,0.074527,5.994855,20.016133,10.416718,3.446079,2.768489,181.057531,6.285534,1.086438,0.031285,0.988068
-0.037878,0.014247,0.117600,200.678947,20.007982,10.333467,3.445804,2.750193,181.094006,6.041380,1.086749,0.030109,0.988290
-0.040448,0.014337,0.017621,58.301143,20.015930,10.333452,3.447955,2.743797,181.097936,6.051621,1.086940,0.030206,0.988424
-0.040854,0.013549,0.096887,5.463207,20.008027,10.333293,3.442335,2.744944,181.145456,6.078723,1.087165,0.030303,0.988560
-0.037684,0.013904,0.170496,7.451926,20.015877,10.333437,3.445786,2.752321,181.149610,6.128166,1.087211,0.030437,0.988702
-0.043509,0.014925,0.154555,4.072086,20.007638,10.333340,3.447950,2.752010,181.162759,6.134294,1.087327,0.030440,0.988698
-0.040065,0.014062,0.097319,32.097904,20.016082,10.333520,3.445499,2.760845,181.162998,6.129463,1.087307,0.030485,0.988728
-0.038718,0.014508,0.047815,5.839686,20.016333,10.250147,3.447108,2.744246,181.112194,5.816006,1.087269,0.029090,0.988699
-0.038209,0.014406,-0.038942,128.393277,20.015318,10.250063,3.445780,2.760844,181.163561,5.823361,1.087352,0.029106,0.988728
-0.041046,0.014885,0.237067,4.808533,20.016362,10.333430,3.448671,2.754949,181.144318,6.120746,1.087369,0.030449,0.988704
-0.039495,0.014799,0.128557,7.171255,20.007698,10.249963,3.446687,2.751821,181.131699,5.828127,1.087386,0.029138,0.988791
-0.036515,0.014012,0.076052,28.631461,20.007682,10.250000,3.443423,2.738086,181.107882,5.816756,1.087386,0.029070,0.988713
-0.038157,0.013946,0.153287,16.532108,20.007808,10.250078,3.445542,2.741181,181.105452,5.811778,1.087332,0.029033,0.988685
-0.037830,0.013910,0.213706,4.398036,20.016248,10.250078,3.445065,2.750268,181.203011,5.827328,1.087442,0.029098,0.988774
-0.038080,0.013816,0.097217,161.152632,20.008173,10.250135,3.444200,2.736381,181.124150,5.835300,1.087401,0.029058,0.988738
-0.037747,0.014455,0.005576,188.424074,20.016207,10.250162,3.446175,2.750773,181.138742,5.815691,1.087389,0.029002,0.988708
-0.037554,0.014610,0.113809,6.774071,20.007927,10.250068,3.447700,2.751455,181.106274,5.816515,1.087447,0.029056,0.988753
-0.038472,0.014037,0.042266,22.783259,20.007597,10.250123,3.446988,2.752464,181.041772,5.818311,1.087436,0.029050,0.988736
-0.040180,0.014350,0.068369,2.338924,20.008125,10.250012,3.445854,2.746356,181.068390,5.846053,1.087511,0.029145,0.988842
-0.040404,0.014376,0.088526,89.769591,20.008445,10.250077,3.447085,2.743911,181.052349,5.843279,1.087540,0.029089,0.988818
-0.041311,0.013983,-0.109396,122.564516,20.007880,10.250133,3.445494,2.740640,181.064651,5.848640,1.087587,0.029162,0.988900
-0.041485,0.014120,0.041090,79.963874,20.008092,10.250117,3.445523,2.757529,181.085222,5.880979,1.087619,0.029199,0.988932
-0.039212,0.013563,0.005234,6.347898,20.008270,10.250008,3.444233,2.743980,181.090524,5.866966,1.087591,0.029168,0.988931
-0.040920,0.014036,0.130082,25.499833,20.007968,10.250217,3.444960,2.752741,181.057442,5.871889,1.087579,0.029158,0.988887
-0.038504,0.014393,0.122067,6.265070,20.008535,10.250102,3.446541,2.752584,181.020377,5.870637,1.087581,0.029164,0.988925
-0.039129,0.014018,0.163617,5.478742,20.008093,10.250093,3.443163,2.741707,181.032972,5.870018,1.087538,0.029120,0.988882
-0.041929,0.013622,0.063607,69.412273,20.008022,10.250017,3.444729,2.747856,181.003195,5.879318,1.087588,0.029143,0.988904
-0.039472,0.013557,0.160104,9.537867,20.008542,10.250063,3.444952,2.728513,181.049021,5.873182,1.087668,0.029202,0.988977
-0.038619,0.014676,0.058879,4.399108,20.008392,10.250083,3.448298,2.724500,181.021224,5.888528,1.087670,0.029237,0.988982
-0.042891,0.013801,0.143637,6.987179,20.008120,10.250158,3.442649,2.744205,180.989150,5.907232,1.087689,0.029184,0.988937
-0.039387,0.013943,0.165510,3.577692,20.008067,10.250090,3.442699,2.759316,180.986929,5.893371,1.087637,0.029194,0.988955
-0.039300,0.013937,0.145182,24.192857,20.008375,10.250103,3.444665,2.756929,180.952027,5.865924,1.087583,0.029131,0.988896
-0.041358,0.014078,0.160883,5.969824,20.008257,10.250112,3.444413,2.743787,180.954638,5.867653,1.087574,0.029089,0.988872
-0.038779,0.013993,0.128841,3.795030,20.008637,10.250092,3.445203,2.748811,180.934247,5.845504,1.087533,0.029042,0.988803
-0.040733,0.013102,-0.063330,14.232022,20.008117,10.250175,3.441085,2.743985,180.907213,5.850514,1.087485,0.028981,0.988760
-0.039192,0.013947,0.080602,7.583358,20.008088,10.250025,3.444308,2.747186,180.878139,5.817401,1.087363,0.028907,0.988680
-0.041855,0.014311,0.085416,6.818474,20.008278,10.250097,3.446199,2.746984,180.902943,5.812453,1.087333,0.028861,0.988637
-0.041344,0.014082,0.098371,4.746951,20.008012,10.250180,3.444726,2.739277,180.880499,5.806442,1.087356,0.028859,0.988641
-0.039829,0.013633,0.036860,7.245884,20.008345,10.250055,3.444830,2.754791,180.851830,5.811379,1.087361,0.028849,0.988627
-0.039378,0.013679,0.072090,94.212346,20.008688,10.250005,3.444223,2.751539,180.824672,5.803894,1.087362,0.028803,0.988608
-0.041085,0.013907,0.167063,4.247420,20.007863,10.250143,3.446911,2.734834,180.799293,5.802652,1.087356,0.028846,0.988626
-0.039798,0.013883,0.131135,84.348619,20.008838,10.250040,3.445317,2.752736,180.797715,5.789292,1.087297,0.028767,0.988549
-0.040782,0.014072,0.166617,805.542105,20.008605,10.250167,3.445447,2.752955,180.719447,5.774001,1.087253,0.028736,0.988536
-0.038213,0.014498,-0.065820,5.670448,20.008740,10.250043,3.447431,2.752837,180.857524,5.838426,1.087429,0.028907,0.988716
-0.037889,0.014289,0.094685,4.137703,20.008383,10.166757,3.445299,2.757434,181.028824,5.532516,1.087632,0.027656,0.988888
-0.038422,0.014237,0.032469,29.975784,20.008412,10.166840,3.445258,2.747717,181.099737,5.574672,1.087766,0.027772,0.989018
-0.038777,0.013441,0.199308,3.594722,20.008315,10.166737,3.443583,2.753712,181.092424,5.585230,1.087801,0.027785,0.989078
-0.038464,0.013369,0.164597,13.345153,20.008450,10.166772,3.441283,2.747122,180.957058,5.570881,1.087730,0.027751,0.989043
-0.041641,0.013909,0.104552,25.398835,20.008477,10.249963,3.444900,2.736951,180.707966,5.798420,1.087292,0.028791,0.988609
-0.039958,0.014432,-0.064154,21.015608,20.008357,10.250225,3.447801,2.737987,180.664140,5.778978,1.087264,0.028776,0.988588
-0.041123,0.013889,0.037941,106.972028,20.008713,10.250035,3.444498,2.750509,180.638667,5.779993,1.087250,0.028752,0.988551
-0.038441,0.013556,0.007385,134.050439,20.008462,10.250037,3.444464,2.745667,180.647040,5.790077,1.087260,0.028723,0.988531
-0.037343,0.014297,0.171649,48.564331,20.008110,10.249940,3.446816,2.736544,180.626089,5.796689,1.087202,0.028746,0.988544
-0.044238,0.014344,0.066514,7.222957,20.008572,10.249995,3.446193,2.737158,180.623003,5.796969,1.087218,0.028706,0.988534
-0.038760,0.014633,-0.002810,28.619101,20.008535,10.250143,3.446848,2.744671,180.594422,5.781523,1.087218,0.028689,0.988490
-0.040429,0.014164,0.035214,18.638415,20.008622,10.250080,3.447925,2.752920,180.570438,5.791360,1.087174,0.028707,0.988510
-0.040251,0.014126,0.030265,32.672299,20.008610,10.250117,3.446521,2.723669,180.550583,5.780082,1.087152,0.028662,0.988455
-0.040456,0.014259,0.048440,5.003506,20.008498,10.250170,3.445771,2.737540,180.555731,5.759884,1.087136,0.028618,0.988433
-0.038999,0.013880,0.132608,14.836311,20.008343,10.250063,3.445190,2.760824,180.508553,5.749294,1.087082,0.028567,0.988374
-0.039781,0.013780,0.113930,8.813948,20.009162,10.250187,3.444193,2.737357,180.483954,5.755289,1.087066,0.028561,0.988405
-0.038388,0.013699,0.151286,40.083727,20.008988,10.249995,3.447303,2.750729,180.526379,5.748113,1.087054,0.028538,0.988366
-0.038957,0.014390,0.184536,4.236477,20.008345,10.250060,3.447133,2.751148,180.445063,5.718647,1.086951,0.028470,0.988289
-0.039128,0.013894,0.117086,4.259258,20.008922,10.250108,3.444887,2.744297,180.450203,5.727138,1.086940,0.028443,0.988255
-0.038219,0.014127,0.123284,3.074522,20.009083,10.249953,3.447465,2.751334,180.432744,5.717576,1.086921,0.028403,0.988226
-0.037369,0.013867,0.053128,10.085818,20.008607,10.250133,3.443277,2.740171,180.412987,5.711314,1.086830,0.028348,0.988160
-0.036846,0.014325,0.047672,43.266289,20.008835,10.250027,3.446892,2.735614,180.405582,5.697869,1.086834,0.028338,0.988161
-0.038522,0.013921,0.164093,804.689474,20.008742,10.250135,3.445407,2.736800,180.372377,5.691275,1.086773,0.028262,0.988072
-0.038525,0.014138,0.013175,19.487340,20.008618,10.249957,3.446559,2.755402,180.355390,5.673386,1.086744,0.028220,0.988047
-0.038746,0.014674,-0.056167,10.390061,20.008755,10.250065,3.447396,2.734790,180.369035,5.659284,1.086701,0.028180,0.988019
-0.038829,0.014217,0.051898,19.626624,20.008323,10.250122,3.446388,2.751682,180.340162,5.666693,1.086679,0.028186,0.988001
-0.037337,0.013842,0.153941,402.426316,20.008930,10.250090,3.445839,2.756134,180.339758,5.633357,1.086616,0.028121,0.987947
-0.038728,0.014186,0.149846,9.575314,20.008718,10.250093,3.444957,2.738011,180.305876,5.642638,1.086577,0.028095,0.987906
-0.038332,0.014016,-0.020274,86.817898,20.008570,10.250090,3.445276,2.758930,180.290218,5.634752,1.086527,0.028051,0.987900
-0.038628,0.014640,0.030129,32.794759,20.008837,10.250043,3.448269,2.754714,180.264387,5.625838,1.086575,0.028091,0.987934
-0.036784,0.013874,0.176680,7.801944,20.009637,10.250130,3.446019,2.749668,180.253847,5.637958,1.086538,0.028079,0.987892
-0.037361,0.014011,0.101323,36.583771,20.007983,10.250065,3.444088,2.743967,180.268753,5.638760,1.086502,0.028074,0.987922
-0.037179,0.014789,0.166534,10.143464,20.008742,10.249982,3.450850,2.732365,180.209215,5.625409,1.086465,0.028009,0.987822
-0.038768,0.014371,0.258198,5.402773,20.008568,10.250237,3.447231,2.751232,180.188492,5.601588,1.086373,0.027954,0.987780
-0.038407,0.014093,0.093765,391.633333,20.008402,10.250052,3.447756,2.750005,180.151498,5.593971,1.086294,0.027869,0.987687
-0.038686,0.014179,-0.069288,16.294652,20.008558,10.250042,3.446584,2.731971,180.147863,5.591286,1.086262,0.027819,0.987653
-0.037487,0.014132,0.105014,7.694506,20.009070,10.249992,3.446366,2.747082,180.157812,5.585392,1.086240,0.027793,0.987621
-0.038110,0.013909,0.152141,3.613436,20.008598,10.250132,3.445200,2.732357,180.091360,5.576469,1.086225,0.027793,0.987607
-0.039459,0.014179,0.112015,48.489841,20.008750,10.249933,3.446418,2.736583,180.086328,5.595236,1.086210,0.027784,0.987604
-0.039659,0.013862,0.146279,34.744419,20.009183,10.249897,3.446171,2.734942,180.071301,5.576170,1.086150,0.027747,0.987575
-0.039284,0.014506,-0.007640,5.977230,20.009243,10.250063,3.448003,2.733077,180.069070,5.557617,1.086090,0.027673,0.987495
-0.039475,0.013795,0.258830,100.069281,20.008968,10.250025,3.445651,2.750422,180.064529,5.554229,1.086100,0.027660,0.987478
-0.037103,0.013940,0.193290,2.760486,20.008597,10.250013,3.444933,2.749640,180.131737,5.548946,1.086048,0.027648,0.987484
-0.037897,0.013889,0.092280,7.525554,20.008670,10.250055,3.446415,2.748314,180.052757,5.531660,1.086009,0.027583,0.987426
-0.034632,0.013885,0.144028,12.138284,20.009012,10.249972,3.446824,2.718858,180.053331,5.549010,1.085912,0.027528,0.987327
-0.035949,0.014166,0.061040,4.622870,20.008842,10.250187,3.446724,2.739296,180.007817,5.525072,1.085858,0.027487,0.987287
-0.037463,0.013858,0.094144,5.705802,20.008798,10.250040,3.445290,2.729854,179.973320,5.521979,1.085850,0.027465,0.987267
-0.038554,0.014120,0.147581,3.559916,20.008605,10.250117,3.446755,2.730184,179.995435,5.497986,1.085833,0.027424,0.987215
-0.038561,0.014484,-0.023013,100.680921,20.008780,10.250065,3.447635,2.727905,179.962075,5.488985,1.085794,0.027421,0.987212
-0.037508,0.014790,0.156351,10.062030,20.008397,10.249920,3.448361,2.752546,179.934857,5.491018,1.085730,0.027360,0.987156
-0.038513,0.014877,0.046460,19.823187,20.008535,10.250017,3.450770,2.750186,179.986907,5.491663,1.085749,0.027360,0.987129
-0.037187,0.014255,0.092743,4.198010,20.008558,10.250083,3.446781,2.746446,179.908027,5.480949,1.085631,0.027285,0.987047
-0.040373,0.014478,0.102697,4.529680,20.008597,10.333460,3.447977,2.748762,179.882786,5.759340,1.085578,0.028595,0.987012
-0.036976,0.013674,0.201914,5.724598,20.008543,10.333308,3.443876,2.745292,179.855622,5.772197,1.085575,0.028575,0.987002
-0.042107,0.014812,0.094855,3.734751,20.009050,10.333388,3.448088,2.738950,179.816621,5.753409,1.085473,0.028497,0.986943
-0.038757,0.014680,-0.036792,11.199853,20.009057,10.333345,3.448648,2.759959,179.742202,5.726059,1.085343,0.028383,0.986846
-0.036155,0.014361,0.071371,13.671685,20.008267,10.333318,3.449143,2.737231,179.740787,5.735159,1.085405,0.028401,0.986873
-0.040658,0.014610,0.084105,55.518841,20.008035,10.333457,3.449800,2.722722,179.789862,5.730250,1.085445,0.028465,0.986907
-0.038889,0.014357,0.130706,16.358137,20.008745,10.333492,3.447915,2.729652,179.832814,5.749015,1.085469,0.028473,0.986918
-0.042704,0.014725,0.141576,4.534309,20.007853,10.333365,3.449102,2.735579,179.796005,5.730926,1.085418,0.028433,0.986882
-0.041094,0.014190,0.136592,8.275351,20.008315,10.333448,3.447353,2.739234,179.838224,5.738302,1.085453,0.028465,0.986894
-0.040354,0.013987,0.149513,12.992157,20.008848,10.333463,3.445926,2.752018,179.736271,5.725891,1.085430,0.028423,0.986870
-0.039199,0.014332,0.093883,10.651568,20.008292,10.333523,3.449504,2.753486,179.690862,5.715378,1.085319,0.028340,0.986792
-0.040536,0.014384,0.072283,9.955700,20.008492,10.333477,3.447004,2.726326,179.751136,5.717563,1.085289,0.028324,0.986778
-0.038044,0.013952,0.141991,30.875403,20.008663,10.333478,3.448280,2.741223,179.700919,5.735467,1.085359,0.028340,0.986776
-0.039869,0.014430,0.130925,7.216486,20.008877,10.333317,3.448600,2.743597,179.670938,5.716684,1.085277,0.028324,0.986798
-0.039584,0.014552,0.030679,401.689474,20.009022,10.333510,3.448476,2.743952,179.705938,5.715468,1.085281,0.028296,0.986752
-0.041226,0.015183,0.071752,4.588435,20.009195,10.333532,3.451760,2.738554,179.682062,5.695810,1.085326,0.028275,0.986726
-0.040417,0.013989,0.069269,15.396875,20.008575,10.333320,3.447180,2.740541,179.684347,5.693694,1.085337,0.028336,0.986782
-0.042204,0.014618,0.042347,15.814315,20.008665,10.333522,3.449710,2.758714,179.691513,5.710684,1.085299,0.028281,0.986747
-0.041038,0.014377,0.119920,21.068828,20.008933,10.332642,3.447970,2.753117,179.653061,5.701626,1.085177,0.028226,0.986722
-0.038882,0.014018,0.165776,6.625693,20.008495,10.333268,3.447317,2.734000,179.576002,5.674566,1.085035,0.028070,0.986534
-0.038916,0.013892,0.193878,3.362687,20.008332,10.333297,3.445923,2.726960,179.535881,5.632241,1.084938,0.027955,0.986439
-0.038044,0.014261,-0.003116,17.583986,20.008372,10.333408,3.447494,2.733028,179.522531,5.611772,1.084859,0.027873,0.986350
-0.039704,0.014226,0.105373,39.053964,20.008620,10.333363,3.448148,2.731718,179.519236,5.611038,1.084875,0.027868,0.986344
-0.038978,0.014037,0.189729,80.123037,20.008703,10.333430,3.445207,2.746647,179.504606,5.612286,1.084824,0.027842,0.986322
-0.039513,0.014069,0.124750,7.121994,20.008918,10.333348,3.448827,2.728947,179.457772,5.599282,1.084777,0.027763,0.986246
-0.038783,0.013764,0.053521,9.097618,20.008623,10.333407,3.446813,2.713576,179.473725,5.570898,1.084748,0.027736,0.986203
-0.037341,0.014449,0.015029,64.153782,20.008373,10.333463,3.448991,2.737106,179.419722,5.579763,1.084687,0.027685,0.986157
-0.038809,0.014233,0.032604,8.237332,20.008193,10.333363,3.448965,2.743414,179.410543,5.557827,1.084644,0.027628,0.986111
-0.036608,0.014302,0.145566,53.264111,20.008812,10.333295,3.448081,2.728229,179.361229,5.540538,1.084545,0.027577,0.986034
-0.036337,0.014332,0.218936,8.055111,20.008860,10.333280,3.447749,2.735357,179.309145,5.524962,1.084411,0.027493,0.985952
-0.037483,0.014385,0.179060,27.891360,20.008647,10.333430,3.448211,2.729413,179.280466,5.507605,1.084378,0.027429,0.985902
-0.036455,0.014925,0.164865,10.317876,20.008688,10.333327,3.450241,2.727749,179.284716,5.506220,1.084331,0.027421,0.985862
-0.035835,0.014391,0.099652,1698.466666,20.008573,10.333397,3.448574,2.735329,179.248722,5.502569,1.084302,0.027397,0.985835
-0.038029,0.014259,0.205527,22.728486,20.008582,10.333212,3.448825,2.731707,179.290129,5.501126,1.084295,0.027374,0.985813
-0.038756,0.014423,0.116757,15.732477,20.008648,10.333310,3.449082,2.735862,179.283355,5.509861,1.084320,0.027403,0.985858
-0.038394,0.013950,0.183726,4.399453,20.008920,10.333465,3.446837,2.730880,179.336471,5.511540,1.084356,0.027424,0.985872
-0.035639,0.014749,0.165435,4.829363,20.008362,10.333585,3.449944,2.744680,179.324068,5.512288,1.084307,0.027419,0.985875
-0.038148,0.013648,0.055627,5.663221,20.008532,10.333347,3.447252,2.727430,179.236601,5.478758,1.084180,0.027321,0.985745
-0.035534,0.014011,0.082943,3.506930,19.731080,10.582580,3.444994,2.672495,175.546948,5.504903,1.064000,0.026984,0.985658
-0.037046,0.014695,0.054328,27.132918,20.009150,10.333395,3.451172,2.734249,179.173219,5.456746,1.084026,0.027217,0.985617
-0.037104,0.014200,0.085481,27.580832,20.008448,10.333508,3.448887,2.732111,179.193280,5.454590,1.084043,0.027195,0.985598
-0.037925,0.013862,0.034007,64.268067,20.008335,10.416747,3.446908,2.738971,179.197272,5.747996,1.083996,0.028519,0.985582
-0.041713,0.014750,0.198878,145.372381,20.009125,10.416660,3.451411,2.746433,179.156552,5.744803,1.083950,0.028493,0.985531
-0.039606,0.015108,0.150654,44.367151,20.008853,10.416593,3.451703,2.741443,179.140422,5.728598,1.083930,0.028465,0.985521
-0.038682,0.014538,0.068042,10.595903,20.008772,10.416622,3.449415,2.736051,179.101905,5.721651,1.083882,0.028433,0.985503
-0.041594,0.014085,0.160912,17.045201,20.008802,10.416603,3.447053,2.743570,179.136179,5.744327,1.083894,0.028445,0.985494
-0.036345,0.014582,0.202821,5.924350,20.008640,10.333423,3.447909,2.726043,179.137312,5.427772,1.083925,0.027075,0.985518
-0.037276,0.014594,0.110083,9.080065,20.008582,10.333557,3.447677,2.739103,179.125068,5.420174,1.083874,0.027035,0.985449
-0.037794,0.014342,-0.109069,6.790667,20.008585,10.416583,3.448588,2.715351,179.098074,5.693422,1.083867,0.028360,0.985420
-0.038996,0.014681,0.114303,49.989836,20.008905,10.333275,3.448935,2.732092,179.081763,5.423282,1.083829,0.026952,0.985376
-0.037619,0.014622,0.143490,99.769935,20.008328,10.416758,3.448562,2.729235,179.059437,5.690813,1.083759,0.028282,0.985340
-0.037320,0.014322,0.008027,3.771884,20.008407,10.416827,3.449054,2.738270,179.026817,5.694086,1.083706,0.028210,0.985268
-0.040797,0.015190,0.179227,5.590942,20.008815,10.416762,3.453334,2.738427,178.995632,5.658671,1.083646,0.028138,0.985218
-0.038072,0.014671,0.178636,17.777156,20.008843,10.416572,3.448796,2.740562,178.958731,5.643790,1.083563,0.028054,0.985130
-0.039044,0.014110,0.222311,159.137500,20.009015,10.416655,3.448109,2.729451,178.935191,5.664665,1.083545,0.028053,0.985144
-0.038545,0.013992,0.113767,4.398790,20.008238,10.416640,3.448053,2.731005,178.921845,5.643324,1.083505,0.027969,0.985105
-0.037106,0.013833,-0.030274,7.024281,20.008800,10.416788,3.447194,2.728727,178.924416,5.629314,1.083483,0.027951,0.985079
-0.041896,0.014319,0.193274,9.127801,20.009158,10.416765,3.447460,2.741830,178.954143,5.663561,1.083457,0.027980,0.985064
-0.040527,0.014665,0.207632,7.840716,20.009210,10.416682,3.449483,2.727570,179.096474,5.664174,1.083565,0.028056,0.985149
-0.037816,0.014411,0.165611,27.537613,20.008957,10.333487,3.448527,2.761839,179.142879,5.389035,1.083676,0.026747,0.985257
-0.038039,0.014611,0.123583,7.948374,20.008865,10.333423,3.449964,2.740785,179.119422,5.359717,1.083675,0.026744,0.985260
-0.038244,0.014615,0.081175,5.154988,20.008770,10.333360,3.449715,2.738798,178.979674,5.343900,1.083486,0.026679,0.985111
-0.040029,0.014608,0.006508,34.778360,20.010220,10.416725,3.450200,2.716062,178.855670,5.613346,1.083323,0.027818,0.984909
-0.038301,0.014183,0.183774,66.762445,20.009000,10.416802,3.447451,2.726585,178.906804,5.586351,1.083235,0.027753,0.984865
-0.037495,0.014394,0.023868,13.560302,20.008602,10.416732,3.449871,2.728719,178.794994,5.543454,1.083066,0.027608,0.984778
-0.040396,0.014457,0.121045,2.494978,20.008910,10.416738,3.448428,2.740820,178.951111,5.571660,1.083156,0.027669,0.984783
-0.038356,0.014697,0.068096,145.661905,20.009322,10.416717,3.448578,2.728532,179.032257,5.623755,1.083296,0.027835,0.984941
-0.041778,0.015008,-0.025930,15.554888,20.008358,10.416688,3.450073,2.745369,179.108038,5.620352,1.083395,0.027868,0.984974
-0.039163,0.014501,0.150952,3.048439,20.008362,10.333402,3.449216,2.727403,179.164121,5.343221,1.083420,0.026530,0.984995
-0.036088,0.014302,0.106581,3.463420,20.009102,10.333320,3.449178,2.735710,179.143160,5.338644,1.083407,0.026517,0.984998
-0.038023,0.014239,0.238311,227.297015,20.009390,10.416653,3.446014,2.725390,179.045473,5.596289,1.083282,0.027758,0.984886
-0.038454,0.014469,0.134547,5.911997,20.008812,10.416887,3.449048,2.720740,178.985244,5.593160,1.083200,0.027744,0.984853
-0.039882,0.014124,0.071645,5.692463,20.008612,10.416677,3.447709,2.737283,178.866801,5.558902,1.083059,0.027577,0.984695
-0.037817,0.014623,0.051549,19.514450,20.009425,10.416642,3.452308,2.734688,178.728886,5.500322,1.082871,0.027441,0.984533
-0.039689,0.014705,0.083605,22.082387,20.008878,10.416695,3.450372,2.711288,178.681680,5.506869,1.082834,0.027410,0.984527
-0.039865,0.014259,-0.079060,5.164464,20.009132,10.416625,3.448544,2.735218,178.674913,5.496994,1.082796,0.027374,0.984450
-0.037492,0.014867,0.157325,61.585081,20.009022,10.416677,3.451030,2.734912,178.687540,5.493625,1.082791,0.027348,0.984434
-0.037708,0.014694,0.025529,39.063939,20.008917,10.416703,3.449977,2.744874,178.630533,5.476651,1.082730,0.027327,0.984409
-0.037109,0.015093,0.149719,4.911965,20.009187,10.416643,3.453714,2.742508,178.611237,5.461999,1.082640,0.027227,0.984321
-0.038890,0.015119,0.222141,3.614970,20.009280,10.416842,3.453062,2.732141,178.587374,5.449794,1.082593,0.027203,0.984274
-0.037313,0.014570,0.185107,41.066398,20.009002,10.416745,3.450773,2.718248,178.572631,5.471211,1.082533,0.027172,0.984225
-0.035232,0.015139,0.205482,3.799503,20.009010,10.416778,3.452427,2.719387,178.523368,5.431423,1.082456,0.027090,0.984139
-0.036227,0.014799,0.096889,15.553055,20.009225,10.416705,3.450040,2.731357,178.518613,5.448273,1.082415,0.027055,0.984088
-0.038808,0.015177,0.235306,11.870497,20.009618,10.416763,3.452953,2.725198,178.547925,5.427628,1.082424,0.027059,0.984134
-0.037067,0.014812,0.012692,79.942147,20.008853,10.416578,3.452256,2.742493,178.582608,5.413610,1.082436,0.027049,0.984131
-0.036433,0.014781,0.014710,66.853493,20.008987,10.416773,3.450058,2.720647,178.710386,5.449641,1.082538,0.027110,0.984216
-0.036820,0.014351,0.052079,41.031183,20.009363,10.416818,3.449005,2.736394,178.808992,5.483365,1.082658,0.027177,0.984320
-0.040052,0.014384,0.036424,26.099062,20.009410,10.416652,3.447430,2.741382,178.786623,5.463663,1.082646,0.027181,0.984335
-0.037170,0.014802,-0.002595,7.215068,20.009252,10.416800,3.449288,2.733989,178.657430,5.436451,1.082489,0.027083,0.984197
-0.038007,0.015069,0.231103,7.754987,20.009108,10.416693,3.451764,2.735970,178.500780,5.408216,1.082317,0.026948,0.984031
-0.038126,0.014817,0.066081,9.720089,20.009158,10.500092,3.450381,2.736873,178.440570,5.680509,1.082141,0.028202,0.983918
-0.037704,0.014219,0.089460,11.116497,20.009023,10.500143,3.449233,2.712287,178.421537,5.671963,1.082034,0.028119,0.983827
-0.035843,0.014504,0.049835,18.856720,20.008773,10.416732,3.448786,2.741399,178.609570,5.392464,1.082196,0.026884,0.983972
-0.037072,0.014844,0.217379,5.647710,20.008215,10.416848,3.450333,2.738648,178.790163,5.425734,1.082441,0.026987,0.984137
-0.040276,0.015369,0.107359,4.060924,20.009413,10.416750,3.450763,2.728562,178.872379,5.462557,1.082510,0.027098,0.984274
-0.037952,0.014372,0.120703,27.198934,20.008973,10.416852,3.450043,2.727287,178.932759,5.472295,1.082588,0.027129,0.984290
-0.038224,0.014522,0.068211,9.035723,20.008973,10.416778,3.449871,2.728626,178.950879,5.492892,1.082647,0.027148,0.984323
-0.037556,0.014812,0.137424,36.526730,20.008305,10.416623,3.451434,2.731861,178.903551,5.479070,1.082570,0.027116,0.984279
-0.038492,0.014432,0.086166,11.671461,20.008928,10.416718,3.449097,2.738097,178.848506,5.440950,1.082466,0.027027,0.984191
-0.034424,0.014669,0.180602,4.584467,20.009383,10.416627,3.451611,2.729920,178.716440,5.409711,1.082341,0.026900,0.984069
-0.037232,0.014346,0.050387,7.847726,20.009127,10.500057,3.449648,2.717621,178.430463,5.666050,1.082003,0.028038,0.983728
-0.038638,0.015007,0.185759,4.333636,20.009638,10.499958,3.451685,2.728095,178.295804,5.612189,1.081829,0.027888,0.983602
-0.039472,0.014445,0.183562,44.688047,20.010212,10.500228,3.449373,2.741563,178.265317,5.630963,1.081741,0.027844,0.983579
-0.038544,0.014510,0.097503,4.837092,20.009505,10.500163,3.450748,2.746944,178.263768,5.596153,1.081645,0.027732,0.983452
-0.037075,0.014726,0.136421,2.566325,20.009263,10.500133,3.451820,2.731136,178.209600,5.564199,1.081580,0.027652,0.983364
-0.037228,0.015519,0.069628,14.424469,20.009155,10.499932,3.455495,2.741293,178.180422,5.551664,1.081519,0.027584,0.983301
-0.036655,0.015106,0.231100,19.045943,20.009323,10.500197,3.451616,2.735961,178.181362,5.542280,1.081463,0.027536,0.983239
-0.037563,0.014440,0.049158,5.682521,20.009365,10.500127,3.448845,2.731951,178.153681,5.542999,1.081450,0.027521,0.983238
-0.036315,0.014995,0.231987,99.820261,20.009370,10.500125,3.452578,2.720152,178.146319,5.515614,1.081382,0.027496,0.983195
-0.038049,0.015380,0.106663,228.108955,20.008720,10.500147,3.454394,2.732452,178.161446,5.502735,1.081336,0.027434,0.983120
-0.038554,0.014953,0.190090,26.637871,20.009350,10.500080,3.451413,2.718366,178.175521,5.513595,1.081360,0.027441,0.983150
-0.039737,0.015160,0.119539,20.555989,20.009558,10.500102,3.454045,2.721305,178.231973,5.522859,1.081371,0.027448,0.983201
-0.038789,0.014818,0.167797,61.554032,20.008360,10.500028,3.451251,2.735625,178.342073,5.547226,1.081433,0.027485,0.983232
-0.036654,0.014836,0.033209,31.130346,20.009115,10.500070,3.449865,2.720761,178.450634,5.574687,1.081577,0.027605,0.983361
-0.038320,0.014929,0.082094,50.060000,20.009520,10.499873,3.449547,2.740517,178.435712,5.591639,1.081578,0.027641,0.983381
-0.037970,0.014966,0.063547,4.923518,20.009337,10.499952,3.452146,2.746670,178.255203,5.538251,1.081395,0.027411,0.983169
-0.036563,0.015114,0.127280,3.117646,20.009355,10.499955,3.451811,2.726946,178.077935,5.486492,1.081171,0.027273,0.983012
-0.035961,0.014932,0.233463,6.814502,20.009215,10.500103,3.452012,2.730953,178.050480,5.463726,1.081016,0.027209,0.982868
-0.036655,0.014998,0.117617,6.118127,20.009342,10.500097,3.452234,2.729189,178.001992,5.450313,1.080942,0.027172,0.982830
-0.037953,0.015007,0.082303,3.815341,20.010013,10.500093,3.451663,2.735071,178.062433,5.450172,1.080914,0.027116,0.982796
-0.036257,0.015591,0.073126,4.615136,20.009423,10.416748,3.455406,2.726907,178.189688,5.425973,1.081016,0.027175,0.982901
-0.038199,0.014675,0.081200,12.328923,20.009293,10.500243,3.450870,2.729324,178.294509,5.486227,1.081124,0.027234,0.982985
-0.039877,0.014846,0.134417,72.683333,20.009447,10.500038,3.451081,2.714781,178.357656,5.495375,1.081191,0.027257,0.983037
-0.039799,0.014761,0.115712,4.116577,20.008765,10.500135,3.450446,2.737568,178.327728,5.493953,1.081150,0.027248,0.983009
-0.038966,0.014930,0.167975,2.579435,20.009220,10.499967,3.450993,2.735641,178.307457,5.477238,1.081134,0.027206,0.982969
-0.038146,0.014820,0.200022,4.353675,20.009243,10.499990,3.449268,2.735431,178.255018,5.465127,1.081032,0.027153,0.982900
-0.036807,0.015381,0.056557,18.118306,20.007555,10.500027,3.454933,2.740518,178.152693,5.426562,1.080947,0.027044,0.982780
-0.040178,0.015524,0.104735,197.871429,20.009442,10.583530,3.455244,2.712101,177.971343,5.684408,1.080664,0.028242,0.982552
-0.037786,0.015316,0.098214,3.315263,20.009370,10.583478,3.453656,2.726195,177.902185,5.662450,1.080563,0.028100,0.982430
-0.038265,0.014523,0.147405,4.881033,20.010025,10.583410,3.451155,2.716319,177.906069,5.645418,1.080550,0.028025,0.982331
-0.039207,0.015419,0.168741,84.411050,20.009588,10.583517,3.453695,2.740554,177.862619,5.671641,1.080472,0.028053,0.982365
-0.038472,0.014721,0.155025,32.023739,20.009322,10.583470,3.453482,2.735393,177.832984,5.643348,1.080414,0.027998,0.982295
-0.037035,0.015099,0.196576,30.266139,20.009302,10.583322,3.453961,2.719748,177.797139,5.613328,1.080347,0.027914,0.982244
-0.037038,0.015456,0.137298,30.781855,20.009560,10.583508,3.454924,2.712347,177.783500,5.619291,1.080251,0.027840,0.982161
-0.040638,0.015209,0.021272,10.708345,20.009453,10.583360,3.456279,2.719196,177.716413,5.595067,1.080167,0.027767,0.982078
-0.038626,0.015071,0.047190,21.222153,20.009488,10.583238,3.453636,2.742799,177.724389,5.582195,1.080127,0.027694,0.982018
-0.038754,0.015210,-0.021657,3.353274,20.009330,10.583505,3.454657,2.718331,177.718517,5.567319,1.080070,0.027677,0.982003
-0.035407,0.014819,0.225993,4.745871,20.009283,10.583402,3.451667,2.719864,177.741981,5.590158,1.080084,0.027656,0.981981
-0.035298,0.015383,0.010138,99.968301,20.009230,10.583348,3.454558,2.726154,177.761266,5.578378,1.080056,0.027691,0.982026
-0.037256,0.014492,0.062788,15.631969,20.009468,10.583345,3.451569,2.713700,177.835237,5.582071,1.080087,0.027685,0.982013
-0.040336,0.015768,0.034326,19.789133,20.009395,10.582935,3.453902,2.716680,177.988183,5.594754,1.080218,0.027792,0.982133
-0.036726,0.015761,0.214309,9.103335,20.009440,10.500205,3.454545,2.715430,177.959859,5.324241,1.080268,0.026467,0.982170
-0.037056,0.015342,0.035703,28.363080,20.008853,10.583295,3.453071,2.717489,177.837322,5.577014,1.080137,0.027689,0.982032
-0.038233,0.015066,0.131034,14.712993,20.009438,10.583435,3.452047,2.727807,177.657777,5.538583,1.079911,0.027515,0.981868
-0.037708,0.015728,-0.019276,9.846817,20.009598,10.583453,3.453873,2.723309,177.602079,5.506003,1.079750,0.027412,0.981716
-0.035759,0.015762,0.052319,18.751134,20.009628,10.583385,3.454953,2.719679,177.606831,5.498341,1.079661,0.027346,0.981637
-0.037644,0.014929,0.016565,61.588710,20.009392,10.583423,3.450583,2.733071,177.603372,5.481563,1.079622,0.027314,0.981614
-0.035293,0.014860,0.186410,80.535789,20.009333,10.583550,3.451584,2.719045,177.766545,5.510501,1.079759,0.027388,0.981731
-0.037804,0.014714,0.144351,6.885366,20.009213,10.583482,3.451301,2.718106,177.866155,5.526092,1.079840,0.027428,0.981789
-0.038884,0.015341,0.184158,16.865011,20.009455,10.583455,3.454033,2.722684,177.896729,5.550885,1.079909,0.027476,0.981846
-0.040123,0.015680,0.073870,22.927736,20.009575,10.583493,3.455351,2.722398,177.925389,5.563861,1.079912,0.027495,0.981873
-0.037347,0.015028,0.146784,21.076138,20.009280,10.583202,3.450568,2.707576,177.894366,5.541928,1.079874,0.027470,0.981825
-0.038422,0.014471,0.103975,18.841728,20.009453,10.583472,3.450820,2.715374,177.863114,5.536092,1.079824,0.027417,0.981791
-0.037627,0.015123,0.039219,8.678974,20.009308,10.583472,3.452158,2.736526,177.830814,5.509105,1.079784,0.027344,0.981696
-0.038596,0.015363,0.108768,8.448565,20.009640,10.583333,3.455700,2.733756,177.588435,5.463528,1.079533,0.027164,0.981497
-0.041188,0.015204,0.143525,100.449342,20.009503,10.666732,3.452228,2.733463,177.505549,5.733005,1.079307,0.028406,0.981323
-0.035814,0.015278,0.147541,14.402550,20.009800,10.583387,3.454207,2.735948,177.477590,5.444108,1.079234,0.027060,0.981254
-0.040905,0.015779,0.087908,6.322089,20.009738,10.666895,3.454767,2.722338,177.456180,5.710243,1.079177,0.028321,0.981205
-0.041216,0.015522,0.101260,9.884337,20.009135,10.666653,3.453876,2.731598,177.425044,5.688709,1.079113,0.028207,0.981143
-0.038979,0.014987,0.103589,72.675238,20.009662,10.666813,3.450992,2.720584,177.421941,5.684686,1.079088,0.028169,0.981104
-0.039257,0.014759,0.115383,8.673402,20.009558,10.666718,3.452736,2.720774,177.378783,5.679213,1.079034,0.028130,0.981054
-0.039150,0.015259,0.090349,4.144798,20.009513,10.666890,3.453583,2.729044,177.367194,5.651305,1.078962,0.028086,0.980996
-0.039502,0.014944,0.105395,3.730334,20.009423,10.666668,3.454129,2.716227,177.319126,5.641777,1.078895,0.028016,0.980918
-0.038575,0.014995,0.199232,21.001379,20.009465,10.666708,3.453787,2.718348,177.312205,5.641816,1.078842,0.027953,0.980884
-0.037704,0.015512,0.010022,103.550508,20.009500,10.666513,3.457466,2.722879,177.280789,5.616180,1.078782,0.027899,0.980823
-0.038229,0.015339,0.022630,45.116396,20.009930,10.666817,3.454515,2.727538,177.259085,5.629829,1.078713,0.027846,0.980771
-0.036578,0.015386,0.086801,4.949320,20.009498,10.666848,3.454038,2.712254,177.323122,5.622718,1.078707,0.027831,0.980757
-0.039099,0.015404,0.251549,3.984335,20.009400,10.666870,3.454768,2.733786,177.410063,5.649708,1.078803,0.027922,0.980844
-0.037107,0.015152,0.136889,5.494397,20.009122,10.666640,3.453856,2.736313,177.412776,5.649545,1.078857,0.027936,0.980858
-0.038158,0.015457,0.056243,5.564843,20.009670,10.666643,3.455229,2.721951,177.286507,5.634767,1.078756,0.027854,0.980798
-0.036248,0.015997,0.094615,10.826815,20.009892,10.666763,3.458606,2.730748,177.198649,5.571626,1.078574,0.027706,0.980642
-0.037900,0.015239,0.130402,134.126316,20.009473,10.666862,3.454749,2.731300,177.198787,5.596295,1.078586,0.027722,0.980686
-0.039091,0.015419,0.114385,3.622361,20.009935,10.666827,3.455291,2.714936,177.258128,5.580499,1.078513,0.027677,0.980625
-0.036473,0.014937,0.193899,2.457618,20.009488,10.666717,3.454224,2.719151,177.173936,5.551643,1.078408,0.027576,0.980503
-0.037532,0.015534,0.200786,5.548258,20.009388,10.666735,3.453367,2.723619,177.273067,5.550246,1.078433,0.027565,0.980534
-0.040244,0.015483,0.204367,7.053718,20.009212,10.666597,3.453836,2.733340,177.415897,5.587490,1.078523,0.027662,0.980618
-0.039361,0.015663,0.067660,41.106452,20.009510,10.666682,3.453276,2.732460,177.514547,5.598129,1.078640,0.027752,0.980728
-0.035830,0.014969,0.166803,5.392304,20.009823,10.583518,3.452774,2.709316,177.574924,5.313114,1.078697,0.026419,0.980754
-0.037183,0.015563,0.289126,1527.540000,20.009362,10.583425,3.456546,2.735275,177.594237,5.303953,1.078721,0.026432,0.980778
-0.037970,0.015712,0.225545,13.711201,20.009520,10.583310,3.453951,2.726333,177.610774,5.310255,1.078687,0.026404,0.980770
-0.035059,0.015562,0.228350,4.422270,20.009358,10.583468,3.456281,2.719770,177.613633,5.284953,1.078703,0.026346,0.980686
-0.037347,0.015002,0.211929,39.050895,20.009637,10.666652,3.452837,2.712916,177.404618,5.594670,1.078500,0.027643,0.980584
-0.034988,0.015221,0.017464,23.521418,20.009157,10.666823,3.455139,2.735264,177.120693,5.495457,1.078151,0.027327,0.980270
-0.036271,0.015459,0.191569,2.166227,20.010088,10.666645,3.453148,2.716223,177.074951,5.449302,1.077928,0.027182,0.980067
-0.040134,0.015703,0.153851,15.085658,20.009962,10.750085,3.455595,2.717475,177.110578,5.745959,1.077867,0.028519,0.980018
-0.039992,0.015788,0.159813,5.145786,20.009627,10.750000,3.456392,2.724075,177.027579,5.738775,1.077792,0.028426,0.979939
-0.038428,0.015793,0.086679,11.697398,20.009682,10.749983,3.458697,2.707793,177.092580,5.709172,1.077768,0.028371,0.979877
-0.040497,0.015936,0.171875,4.620822,20.009602,10.750110,3.459609,2.738673,177.011056,5.737968,1.077718,0.028350,0.979872
-0.040093,0.015498,0.011368,89.010787,20.009798,10.749960,3.455658,2.727110,176.999289,5.712444,1.077656,0.028287,0.979794
-0.039380,0.015678,0.002935,355.237209,20.009335,10.750052,3.456216,2.717619,176.966287,5.708237,1.077588,0.028219,0.979728
-0.039896,0.015261,0.255642,158.933333,20.009310,10.750082,3.457209,2.704496,177.006083,5.676356,1.077541,0.028150,0.979666
-0.039132,0.015490,0.118193,8.476089,20.009862,10.750012,3.458236,2.714139,176.913642,5.665114,1.077497,0.028109,0.979648
-0.038289,0.015779,0.247938,3.893031,20.009655,10.750137,3.456828,2.708349,176.913539,5.659505,1.077476,0.028088,0.979612
-0.039579,0.015648,0.099139,5.284187,20.009415,10.750122,3.455788,2.708575,176.880469,5.654731,1.077420,0.028070,0.979587
-0.038418,0.016096,-0.153585,29.656505,20.009713,10.749968,3.458539,2.731070,176.884274,5.662156,1.077439,0.028058,0.979581
-0.041667,0.015441,0.189975,8.835785,20.009563,10.750157,3.454383,2.707717,176.851342,5.653505,1.077387,0.027994,0.979540
-0.037786,0.015609,0.203413,7.607604,20.009320,10.750162,3.454643,2.727052,176.919210,5.649829,1.077388,0.028054,0.979570
-0.037104,0.015716,0.214587,3.925413,20.010173,10.750128,3.455505,2.716648,176.891198,5.652925,1.077416,0.028070,0.979600
-0.038348,0.015050,0.132780,7.612603,20.009850,10.750212,3.453006,2.721771,176.866449,5.643428,1.077348,0.028027,0.979580
-0.041315,0.015582,0.228427,4.266230,20.009422,10.749935,3.455834,2.722702,176.893861,5.649645,1.077301,0.027995,0.979528
-0.036895,0.015252,0.151927,9.886278,20.009597,10.750150,3.453269,2.731874,176.779861,5.583785,1.077133,0.027813,0.979351
-0.037838,0.015558,0.168440,5.222186,20.009427,10.750000,3.454711,2.720714,176.828879,5.608213,1.077105,0.027783,0.979308
-0.038853,0.015936,0.256178,9.721156,20.009905,10.750063,3.457568,2.711553,176.883113,5.597868,1.077156,0.027823,0.979363
-0.038766,0.015534,0.023277,43.253966,20.010105,10.749945,3.454228,2.717359,176.923115,5.616019,1.077164,0.027815,0.979350
-0.038304,0.015731,0.024772,9.942643,20.010415,10.750083,3.456774,2.711937,176.967772,5.609911,1.077171,0.027808,0.979369
-0.038160,0.015800,0.029001,5.438063,20.009727,10.750025,3.457435,2.724601,177.013907,5.605655,1.077152,0.027790,0.979346
-0.040647,0.015500,0.286858,43.258074,20.009815,10.750128,3.455024,2.726603,176.948281,5.613827,1.077104,0.027751,0.979299
-0.038737,0.015323,0.135651,14.130427,20.009813,10.750122,3.454870,2.729225,176.971797,5.569554,1.077073,0.027685,0.979263
-0.037600,0.015465,0.106601,9.233837,20.009985,10.750072,3.454953,2.716464,176.843220,5.569736,1.077009,0.027632,0.979202
-0.039264,0.015533,0.249109,6.343695,20.009980,10.750067,3.455730,2.726235,176.652262,5.519237,1.076753,0.027442,0.978952
-0.040554,0.015430,0.252918,8.052898,20.010248,10.750027,3.454287,2.698302,176.658005,5.527551,1.076731,0.027445,0.978969
-0.036427,0.016222,0.248550,14.842718,20.009980,10.750080,3.459166,2.703180,176.664086,5.498948,1.076689,0.027376,0.978897
-0.037776,0.015509,0.289787,106.688112,20.010170,10.750150,3.457517,2.704118,176.638749,5.481837,1.076611,0.027311,0.978833
-0.038021,0.015977,0.194708,5.689587,20.009977,10.749935,3.458725,2.716901,176.617886,5.471737,1.076534,0.027268,0.978806
-0.035577,0.016175,0.169201,2.920570,20.009752,10.750055,3.457890,2.718938,176.569553,5.451803,1.076501,0.027246,0.978744
-0.037024,0.015979,0.012115,37.271951,20.010147,10.750045,3.457551,2.715107,176.597774,5.453894,1.076461,0.027196,0.978700
-0.034131,0.016056,0.028126,35.610023,20.010298,10.750017,3.459518,2.726614,176.549118,5.458082,1.076410,0.027169,0.978654
-0.037527,0.016627,0.118879,29.043810,20.009677,10.750088,3.460850,2.720820,176.542412,5.448727,1.076332,0.027113,0.978615
-0.041504,0.016492,0.014344,72.870952,20.009298,10.833517,3.458439,2.709580,176.530217,5.722016,1.076295,0.028424,0.978538
-0.038379,0.016069,0.101737,35.796270,20.009357,10.833453,3.458272,2.716414,176.519171,5.716030,1.076219,0.028385,0.978502
-0.035958,0.016042,0.036525,5.300450,20.009675,10.750130,3.458387,2.714106,176.693397,5.431923,1.076311,0.027080,0.978566
-0.038683,0.015214,0.131580,7.643143,20.009560,10.750000,3.454364,2.736811,177.161266,5.527064,1.076764,0.027403,0.978984
-0.036735,0.015849,0.173892,145.571429,20.009225,10.666737,3.454860,2.730677,177.382361,5.288053,1.077105,0.026243,0.979311
-0.037922,0.015552,0.046150,53.390210,20.009802,10.666905,3.454845,2.721308,177.410762,5.301766,1.077141,0.026299,0.979353
-0.035376,0.016036,0.265750,50.134098,20.010008,10.666682,3.456787,2.719669,177.326583,5.286426,1.076993,0.026225,0.979258
-0.035597,0.015561,0.000856,1090.725000,20.009568,10.666877,3.453963,2.730933,177.295689,5.264569,1.076973,0.026186,0.979187
-0.037007,0.015818,0.023680,72.953333,20.009698,10.666732,3.455893,2.716792,177.302156,5.259104,1.076929,0.026125,0.979132
-0.036529,0.015444,0.058139,13.978285,20.009517,10.666825,3.454174,2.728033,177.371052,5.264236,1.076900,0.026134,0.979151
-0.036202,0.015423,0.018132,227.094030,20.009235,10.666715,3.453954,2.723203,177.603183,5.277581,1.077112,0.026257,0.979333
-0.040270,0.015824,0.100416,3.649988,20.009512,10.666652,3.455373,2.747638,177.824189,5.352998,1.077332,0.026460,0.979515
-0.035090,0.015436,0.087347,8.752234,20.008423,10.583338,3.452781,2.742516,178.008064,5.055048,1.077454,0.025160,0.979676
-0.035530,0.015356,0.164804,3.079754,20.009070,10.583527,3.454014,2.725612,178.143673,5.091388,1.077591,0.025215,0.979754
-0.038197,0.015551,0.177873,3.502747,20.009308,10.583350,3.453542,2.730060,178.223332,5.117977,1.077629,0.025296,0.979847
-0.034729,0.015235,0.085293,11.446816,20.009058,10.583525,3.450861,2.745449,178.240468,5.124190,1.077668,0.025304,0.979867
-0.033511,0.015183,0.272021,14.061638,20.008852,10.583533,3.451446,2.728061,178.243942,5.109495,1.077651,0.025282,0.979843
-0.034994,0.014725,0.092773,7.889308,20.009175,10.583420,3.451875,2.735359,178.116990,5.090591,1.077604,0.025196,0.979748
-0.035395,0.015789,0.034618,145.645714,20.009562,10.583415,3.455445,2.724425,177.788132,5.009176,1.077243,0.024970,0.979431
-0.037222,0.015485,0.296107,5.041147,20.009228,10.666658,3.453999,2.717076,177.522340,5.234682,1.076882,0.026008,0.979088
-0.034911,0.016108,0.194549,3.524651,20.009375,10.666772,3.456634,2.704431,177.366845,5.194720,1.076623,0.025817,0.978836
-0.038769,0.015604,0.257450,2.780357,20.009503,10.666788,3.455406,2.728382,177.194167,5.437353,1.076408,0.027043,0.978657
-0.040135,0.015732,0.306108,3.707500,20.009612,10.749985,3.454924,2.726281,177.101973,5.421232,1.076258,0.026884,0.978531
-0.037986,0.015907,0.156911,3.766338,20.008998,10.750145,3.455418,2.715584,177.063719,5.403074,1.076129,0.026811,0.978433
-0.038831,0.015830,0.150564,5.235127,20.009638,10.750033,3.457161,2.724348,177.048541,5.388460,1.076054,0.026714,0.978350
-0.038503,0.015191,-0.001102,123.338710,20.009475,10.750007,3.453995,2.720206,177.063556,5.389403,1.076012,0.026666,0.978323
-0.038613,0.015433,0.168419,32.037736,20.009152,10.750115,3.455901,2.718689,177.028806,5.373549,1.075956,0.026638,0.978274
-0.038168,0.015875,0.184600,27.559313,20.009457,10.749990,3.455870,2.729127,176.998545,5.360099,1.075891,0.026579,0.978222
-0.038795,0.016264,0.089393,76.019500,20.009732,10.750053,3.458497,2.729875,176.969052,5.334396,1.075825,0.026512,0.978146
-0.037943,0.016329,0.110156,3.184317,20.009173,10.750118,3.458526,2.730683,176.958893,5.318419,1.075730,0.026453,0.978070
-0.033931,0.015954,0.134449,10.303315,20.009392,10.750018,3.454379,2.716131,177.072907,5.322507,1.075728,0.026416,0.978051
-0.035901,0.015610,0.291696,5.198673,20.009068,10.749988,3.454602,2.727098,177.101040,5.336801,1.075821,0.026470,0.978125
-0.037100,0.015942,0.122194,2.413411,20.009690,10.749962,3.456184,2.720389,177.063104,5.325477,1.075737,0.026410,0.978065
-0.034857,0.015509,0.297995,5.134879,20.009908,10.750027,3.454982,2.728063,176.970111,5.289914,1.075622,0.026315,0.977931
-0.034719,0.015573,0.222360,4.894533,20.009185,10.750205,3.455768,2.717061,176.873901,5.277326,1.075499,0.026237,0.977844
-0.035831,0.015291,0.118525,8.429525,20.009905,10.750017,3.454601,2.722132,176.826033,5.258174,1.075399,0.026184,0.977767
-0.037470,0.016430,0.276560,2.596556,20.009813,10.750065,3.458713,2.712309,176.851960,5.263389,1.075347,0.026151,0.977745
-0.035775,0.015710,0.183808,9.138526,20.009560,10.750047,3.455545,2.727614,177.051003,5.288730,1.075461,0.026186,0.977830
-0.033678,0.015793,0.194351,50.044590,20.009650,10.750223,3.454919,2.713277,177.228012,5.313873,1.075646,0.026307,0.977992
-0.039392,0.016336,0.253584,9.948047,20.008967,10.749927,3.456502,2.735137,177.421470,5.346733,1.075768,0.026433,0.978127
-0.034741,0.015388,0.178589,5.210385,20.009128,10.666813,3.454724,2.726042,177.465609,5.067407,1.075848,0.025119,0.978178
-0.035495,0.015477,0.021769,72.800000,20.009390,10.666720,3.452868,2.727089,177.534762,5.052443,1.075897,0.025101,0.978209
-0.036474,0.015517,0.153501,7.477021,20.009388,10.666787,3.454472,2.711184,177.595250,5.067757,1.075946,0.025113,0.978231
-0.033518,0.015538,0.292408,8.314185,20.009252,10.666772,3.454268,2.735481,177.618045,5.066161,1.075917,0.025116,0.978262
-0.035100,0.015521,0.176273,99.941176,20.009320,10.666620,3.454672,2.719581,177.568226,5.041267,1.075928,0.025045,0.978175
-0.035993,0.016071,0.118435,9.156381,20.009810,10.749975,3.457118,2.716805,177.308909,5.309404,1.075597,0.026247,0.977925
-0.036416,0.015107,0.161924,30.239328,20.009747,10.750087,3.452416,2.733766,177.082404,5.240703,1.075298,0.025950,0.977642
-0.038651,0.015477,0.131795,31.977778,20.010052,10.750162,3.454086,2.737079,176.902070,5.186352,1.075049,0.025772,0.977437
-0.040807,0.016328,0.146999,6.798264,20.009343,10.833373,3.458448,2.732311,176.779333,5.448877,1.074848,0.027027,0.977253
-0.038773,0.015611,0.283424,5.437265,20.009597,10.833325,3.452929,2.708610,176.702192,5.422620,1.074684,0.026895,0.977127
-0.036813,0.015835,0.185642,177.594186,20.009080,10.833462,3.455773,2.717096,176.833325,5.401990,1.074588,0.026794,0.977061
-0.037899,0.015786,0.192097,4.135654,20.009370,10.833278,3.455673,2.714291,176.679948,5.377890,1.074479,0.026723,0.976973
-0.037893,0.016195,0.274306,6.179069,20.009757,10.833440,3.457924,2.721706,176.636329,5.354982,1.074412,0.026642,0.976884
-0.036669,0.015885,0.204661,79.882723,20.009730,10.833303,3.457347,2.727638,176.649312,5.357874,1.074379,0.026601,0.976865
-0.036137,0.015620,0.213087,3.367351,20.009955,10.833540,3.456185,2.729968,176.700362,5.356651,1.074364,0.026592,0.976840
-0.037240,0.015921,0.204012,10.530504,20.011090,10.833507,3.457039,2.740002,176.664428,5.373391,1.074318,0.026572,0.976820
-0.036766,0.015850,0.243006,3.050937,20.009825,10.833403,3.456661,2.717647,176.669737,5.334501,1.074274,0.026505,0.976779
-0.034545,0.016084,0.099694,114.835338,20.009507,10.833345,3.457416,2.713289,176.760511,5.342916,1.074245,0.026495,0.976745
-0.034027,0.015480,0.320961,2.688690,20.009425,10.833532,3.455663,2.727819,176.846546,5.352610,1.074380,0.026546,0.976823
-0.037379,0.016466,0.090853,5.796253,20.009927,10.833415,3.459315,2.739958,176.796823,5.347551,1.074348,0.026503,0.976785
-0.035932,0.015683,-0.010253,11.600228,20.009577,10.833335,3.455083,2.733963,176.717332,5.308565,1.074193,0.026374,0.976672
-0.035073,0.016207,0.169546,3.888038,20.009985,10.833218,3.459249,2.716969,176.595713,5.293194,1.074033,0.026268,0.976514
-0.036530,0.016921,0.042841,22.766443,20.009200,10.833475,3.460881,2.728313,176.483351,5.249469,1.073859,0.026135,0.976351
-0.038152,0.016624,0.030234,4.737128,20.009958,10.833373,3.458305,2.718588,176.443162,5.247313,1.073739,0.026074,0.976267
-0.035785,0.016338,0.327922,5.955807,20.010058,10.833398,3.458714,2.731550,176.616629,5.237626,1.073834,0.026081,0.976344
-0.037044,0.016062,0.256591,3.898633,20.010172,10.833522,3.458061,2.744071,176.815887,5.283872,1.073977,0.026214,0.976499
-0.040329,0.015753,0.170728,7.493092,20.009603,10.833467,3.453355,2.729800,177.002983,5.311321,1.074142,0.026314,0.976616
-0.037075,0.016135,0.247809,3.929530,20.009853,10.750155,3.459036,2.740230,177.150427,5.025374,1.074253,0.025038,0.976750
-0.034253,0.016519,0.241215,4.135056,20.009520,10.750145,3.457941,2.719327,177.186665,5.034332,1.074305,0.025028,0.976744
-0.036832,0.015287,0.199276,48.463175,20.010185,10.749962,3.453461,2.735136,177.246918,5.030436,1.074317,0.025035,0.976775
-0.036000,0.015383,0.164162,7.138624,20.009568,10.749977,3.453923,2.722900,177.237530,5.033951,1.074294,0.025028,0.976758
-0.035581,0.015757,0.163211,4.125398,20.009743,10.750142,3.454147,2.710755,177.179572,5.037180,1.074276,0.025004,0.976747
-0.037603,0.015895,0.097153,8.023335,20.009978,10.833320,3.455970,2.743757,176.935522,5.310349,1.074003,0.026203,0.976515
-0.038483,0.015584,0.065144,76.339000,20.010077,10.833490,3.454069,2.721256,176.668029,5.223071,1.073651,0.025880,0.976179
-0.035336,0.016620,0.123151,3.949122,20.010128,10.833410,3.460771,2.712141,176.483009,5.155846,1.073415,0.025728,0.975964
-0.039854,0.016518,0.275731,4.607132,20.009505,10.916532,3.458171,2.716422,176.378648,5.436386,1.073239,0.026942,0.975786
-0.037902,0.016482,0.084355,3.810836,20.009730,10.916663,3.460308,2.718266,176.311465,5.422388,1.073132,0.026818,0.975679
-0.035617,0.016275,0.035417,25.860914,20.009672,10.916658,3.457487,2.711393,176.324032,5.376707,1.072991,0.026707,0.975558
-0.036822,0.016286,-0.129172,6.740617,20.010422,10.916832,3.457019,2.732228,176.240493,5.364517,1.072913,0.026666,0.975530
-0.034604,0.015887,0.050898,5.969981,20.010173,10.916642,3.455549,2.716939,176.240455,5.363558,1.072851,0.026576,0.975445
-0.035948,0.015418,0.198338,3.162163,20.010132,10.916952,3.453058,2.714752,176.240956,5.347227,1.072814,0.026560,0.975410
-0.035497,0.016114,0.178290,13.759132,20.009687,10.916773,3.457969,2.718459,176.307914,5.367816,1.072780,0.026504,0.975401
-0.037428,0.016164,0.237214,3.203418,20.010268,10.916832,3.458344,2.737496,176.302097,5.334959,1.072778,0.026511,0.975405
-0.035421,0.016194,0.273306,3.535995,20.010157,10.916855,3.457847,2.722987,176.326662,5.354243,1.072723,0.026503,0.975391
-0.036979,0.015498,0.205059,29.076762,20.010297,10.916693,3.453766,2.720678,176.425983,5.336682,1.072749,0.026464,0.975371
-0.036910,0.016001,0.202071,3.990115,20.009753,10.916640,3.458560,2.723054,176.560888,5.374900,1.072846,0.026582,0.975472
-0.037112,0.016126,0.201888,32.005042,20.009775,10.916690,3.456207,2.711463,176.525476,5.372564,1.072862,0.026568,0.975458
-0.036960,0.016289,0.243770,9.206747,20.009928,10.916757,3.458519,2.736125,176.393509,5.325530,1.072687,0.026422,0.975319
-0.038277,0.015518,0.276289,4.147954,20.010128,10.916783,3.456676,2.748645,176.354839,5.292668,1.072510,0.026280,0.975155
-0.036550,0.016613,0.209274,7.152294,20.010420,10.916757,3.459310,2.738248,176.163544,5.263887,1.072373,0.026156,0.975014
-0.034638,0.016702,0.223585,6.815700,20.009633,10.916800,3.461210,2.740175,176.102501,5.251740,1.072217,0.026092,0.974896
-0.034043,0.016791,0.107504,3.606582,20.010232,10.916870,3.460890,2.722526,176.212885,5.233792,1.072276,0.026062,0.974884
-0.036874,0.016664,0.063569,6.551139,20.009580,10.916727,3.460829,2.718935,176.442904,5.253000,1.072399,0.026139,0.975036
-0.037093,0.015859,0.250185,10.147777,20.010122,10.916710,3.456764,2.712254,176.610072,5.312943,1.072544,0.026276,0.975186
-0.037464,0.016692,0.139168,2.749117,20.009973,10.916610,3.457730,2.730451,176.726124,5.327873,1.072614,0.026354,0.975263
-0.035187,0.016085,0.296576,6.428222,20.010373,10.833203,3.454500,2.729827,176.785451,5.024826,1.072646,0.024968,0.975264
-0.034985,0.016027,0.216754,4.613337,20.009998,10.833558,3.455156,2.718093,176.785488,5.011229,1.072635,0.024948,0.975269
-0.034904,0.016240,0.233793,5.808511,20.009880,10.833505,3.457858,2.703820,176.790081,5.017633,1.072597,0.024930,0.975241
-0.035121,0.015907,0.194932,4.307384,20.010545,10.916778,3.456342,2.737448,176.751229,5.281517,1.072533,0.026233,0.975165
-0.034398,0.016144,0.042614,23.225456,20.010102,10.916770,3.456687,2.725993,176.505851,5.276013,1.072309,0.026024,0.974948
-0.033817,0.015881,0.210638,145.685714,20.009433,10.916735,3.457139,2.717623,176.241806,5.184586,1.071993,0.025777,0.974674
-0.037009,0.016002,0.129126,2.810448,20.010175,11.000075,3.457510,2.726567,176.067813,5.442319,1.071752,0.026976,0.974436
-0.038157,0.016376,0.194769,10.276546,20.010967,11.000002,3.458596,2.721688,175.946935,5.386605,1.071571,0.026786,0.974258
-0.036412,0.016275,0.258986,13.710663,20.009495,11.000027,3.459844,2.720354,175.900826,5.375236,1.071442,0.026698,0.974154
-0.037161,0.016774,0.247460,32.683084,20.009813,11.000103,3.459082,2.715606,175.848606,5.342537,1.071344,0.026600,0.974076
-0.034655,0.016436,0.041477,24.059338,20.009892,11.000035,3.458854,2.703893,175.835523,5.346296,1.071298,0.026574,0.974038
-0.038419,0.016681,0.145702,4.491746,20.009892,11.000150,3.460692,2.723008,175.823729,5.339745,1.071240,0.026512,0.973979
-0.036080,0.015830,0.216174,45.808084,20.009935,11.000055,3.456050,2.726403,175.817936,5.326497,1.071161,0.026447,0.973918
-0.034567,0.016533,0.159720,2.647320,20.010542,11.000085,3.460402,2.721116,175.837486,5.311828,1.071108,0.026416,0.973873
-0.033513,0.016016,0.290404,2.055069,20.010343,11.000083,3.456734,2.712993,175.812481,5.318787,1.071046,0.026361,0.973828
-0.035963,0.016059,0.166992,5.978321,20.010093,11.000100,3.458659,2.706838,175.841036,5.292411,1.070990,0.026304,0.973785
-0.035285,0.016541,0.205861,763.475000,20.009760,11.000067,3.457624,2.713592,175.909689,5.285639,1.070992,0.026286,0.973774
-0.039113,0.016262,0.072754,2.301025,20.010293,11.000138,3.457823,2.711543,176.071208,5.324971,1.071082,0.026351,0.973851
-0.037654,0.015954,0.302944,12.028920,20.009307,11.000087,3.457306,2.724970,176.076759,5.306932,1.071101,0.026332,0.973838
-0.035014,0.016426,0.094976,7.829000,20.009900,11.000047,3.461085,2.730971,175.979855,5.274327,1.070906,0.026210,0.973707
-0.036540,0.016342,0.096526,28.566667,20.010493,11.000107,3.459347,2.708903,175.788267,5.256209,1.070751,0.026111,0.973549
-0.038534,0.016928,0.234383,3.684020,20.010223,11.083495,3.462605,2.724690,175.732025,5.532777,1.070629,0.027384,0.973421
-0.037277,0.016951,0.264783,3.776975,20.010040,11.083362,3.461409,2.697184,175.740892,5.498947,1.070482,0.027286,0.973345
-0.037736,0.016810,0.282738,8.406843,20.010250,11.083345,3.458786,2.707668,175.789287,5.496804,1.070474,0.027263,0.973306
-0.034511,0.016898,0.190717,11.285756,20.010643,11.000023,3.460193,2.742384,175.957427,5.214049,1.070599,0.025941,0.973407
-0.038202,0.016841,0.230872,9.216807,20.010842,11.000027,3.459149,2.718411,176.055961,5.228438,1.070698,0.025951,0.973444
-0.035040,0.016423,0.225598,4.433909,20.009298,11.000182,3.457607,2.724571,176.126052,5.238366,1.070698,0.025964,0.973490
-0.038406,0.016053,0.132942,2.651257,20.010108,11.000008,3.457258,2.722442,176.150749,5.242303,1.070709,0.025955,0.973487
-0.035733,0.016571,0.168899,3.929009,20.010045,11.000052,3.458327,2.727199,176.175800,5.220699,1.070705,0.025909,0.973506
-0.037752,0.015839,0.125392,2.345418,20.009797,11.000055,3.455938,2.723005,176.230296,5.225678,1.070642,0.025921,0.973460
-0.035356,0.016378,0.241098,94.333333,20.010055,11.000080,3.456331,2.716480,176.195707,5.231725,1.070635,0.025857,0.973414
-0.035605,0.016271,0.125154,3.165762,20.010153,11.000095,3.456868,2.718908,176.035715,5.171645,1.070485,0.025760,0.973294
-0.035071,0.016412,0.235883,5.007405,20.010210,11.083253,3.457245,2.715855,175.812127,5.437912,1.070212,0.026940,0.973053
-0.035581,0.015874,0.214280,2.224541,20.009933,11.083370,3.456393,2.720982,175.655489,5.395898,1.069968,0.026762,0.972848
-0.034995,0.017072,0.159489,6.245514,20.010277,11.083347,3.462228,2.724030,175.547168,5.333738,1.069798,0.026576,0.972652
-0.035133,0.016565,0.219987,2.513812,20.009937,11.083410,3.460632,2.714484,175.516723,5.335542,1.069666,0.026491,0.972565
-0.035724,0.016686,0.096091,40.137008,20.009865,11.083440,3.458822,2.725520,175.461597,5.294873,1.069553,0.026414,0.972468
-0.034400,0.017004,0.329133,2.292939,20.010212,11.083337,3.462048,2.710353,175.441365,5.308853,1.069480,0.026367,0.972432
-0.033359,0.016706,0.193217,4.646855,20.010318,11.083447,3.457618,2.735297,175.406930,5.283057,1.069406,0.026280,0.972316
-0.035210,0.016420,0.093658,160.801053,20.010222,11.083228,3.459076,2.721744,175.373706,5.260141,1.069335,0.026211,0.972241
-0.037783,0.016674,0.233560,69.598630,20.010078,11.166708,3.460745,2.716915,175.335759,5.567996,1.069227,0.027546,0.972191
-0.038940,0.016956,0.114062,3.917637,20.010160,11.166748,3.459042,2.709583,175.301454,5.544274,1.069148,0.027445,0.972098
-0.037259,0.016664,0.092839,10.943450,20.010592,11.166740,3.460921,2.709916,175.315696,5.525845,1.069041,0.027361,0.972001
-0.036280,0.016907,0.223792,43.320397,20.010237,11.166637,3.461774,2.712326,175.284117,5.506304,1.068971,0.027269,0.971930
-0.037709,0.016762,0.341586,2.706083,20.009957,11.166788,3.460521,2.708495,175.242681,5.492583,1.068924,0.027214,0.971886
-0.034790,0.017190,0.292039,6.855311,20.010153,11.166733,3.462054,2.714624,175.291544,5.467052,1.068837,0.027143,0.971801
-0.036916,0.016848,0.259246,17.093080,20.010115,11.166832,3.460105,2.719602,175.234224,5.454961,1.068775,0.027091,0.971743
-0.038766,0.016878,0.364304,3.879817,20.010597,11.166745,3.461478,2.722161,175.199558,5.444280,1.068683,0.027010,0.971660
-0.036013,0.017204,0.078692,26.701049,20.010323,11.166743,3.461927,2.729272,175.159520,5.425677,1.068604,0.026925,0.971585
-0.037836,0.016635,0.291783,5.753640,20.010480,11.166748,3.461206,2.730136,175.131107,5.426773,1.068513,0.026867,0.971517
-0.038975,0.017177,0.184928,15.849948,20.010665,11.166805,3.461836,2.700644,175.307133,5.410667,1.068556,0.026853,0.971517
-0.037289,0.017245,0.274001,2.258489,20.009907,11.166773,3.462223,2.718757,175.704867,5.470531,1.068749,0.027052,0.971728
-0.038728,0.017184,0.178050,5.583157,20.010828,10.678985,3.460967,2.726492,175.779765,5.152524,1.068762,0.025560,0.971726
-0.039920,0.016131,0.260261,4.532145,20.010817,10.663702,3.457060,2.729939,175.974048,5.169066,1.068907,0.025645,0.971844
-0.039697,0.016768,0.068615,14.454889,20.010365,10.643908,3.458832,2.723906,176.127927,5.200691,1.068965,0.025735,0.971921
-0.038368,0.016799,0.249027,10.972917,20.009732,11.083437,3.458781,2.738145,176.220904,5.263653,1.069241,0.026005,0.972192
-0.033702,0.016585,0.302351,45.854354,20.010038,11.000017,3.457916,2.728901,176.254539,4.975640,1.069252,0.024612,0.972180
-0.036542,0.016758,0.132888,2.680783,20.010052,10.432135,3.457882,2.722303,176.238512,4.905944,1.068934,0.024260,0.971867
-0.039673,0.016726,0.209216,27.574322,20.010083,10.682907,3.459627,2.715634,176.027572,5.168866,1.068839,0.025592,0.971785
-0.034896,0.016597,0.159333,12.278629,20.010247,11.083547,3.457955,2.735683,175.694860,5.142927,1.068645,0.025472,0.971637
-0.037871,0.016823,0.141348,4.877239,20.010157,11.166773,3.461564,2.712999,175.463760,5.382192,1.068294,0.026585,0.971317
-0.035942,0.016842,0.299923,5.282318,20.010412,11.166825,3.461450,2.692387,175.238251,5.302293,1.068020,0.026346,0.971042
-0.034456,0.016681,0.148261,2.861142,20.011007,11.166680,3.460160,2.722719,175.136069,5.268808,1.067836,0.026224,0.970901
-0.038985,0.016977,0.335678,33.941425,20.010543,10.950338,3.462403,2.708080,175.058072,5.238403,1.067604,0.026023,0.970692
-0.035889,0.016789,0.253713,2.320099,20.010490,11.250152,3.459605,2.700112,175.031587,5.537943,1.067556,0.027372,0.970657
-0.038290,0.017810,0.146860,2.667305,20.010905,11.416630,3.466331,2.714792,173.961689,5.885622,1.066322,0.029235,0.969539
-0.037654,0.016890,0.027244,2.765033,20.010417,11.416712,3.463255,2.687066,173.544556,5.845883,1.066022,0.028939,0.969288
-0.039852,0.017947,0.183073,3.248132,19.827272,11.666797,3.467332,2.682051,171.436591,6.324106,1.063864,0.031435,0.967378
-0.039898,0.019148,0.376523,6.962078,19.925725,11.833265,3.477501,2.699109,173.287944,6.878288,1.063971,0.034298,0.967204
-0.038247,0.017797,0.408751,2.973619,19.936567,11.416752,3.466646,2.699228,173.008309,5.718036,1.065374,0.028445,0.968788
-0.037646,0.016874,0.250678,63.899163,20.012032,11.139235,3.461560,2.715622,174.259428,5.292541,1.066531,0.026408,0.969665
-0.036303,0.016956,0.143429,6.382456,20.010837,11.416775,3.463582,2.699381,173.840426,5.787718,1.065857,0.028718,0.969085
-0.040160,0.017660,0.346091,3.360211,20.010637,11.416922,3.463293,2.703877,173.844712,5.750395,1.065743,0.028587,0.968945
-0.036711,0.016967,0.167152,1.802078,20.010295,11.416757,3.462420,2.706827,173.872791,5.747492,1.065703,0.028544,0.968907
-0.037768,0.017592,0.188344,3.528383,20.010773,11.416785,3.465776,2.696959,173.922937,5.741136,1.065634,0.028497,0.968869
-0.038196,0.018200,0.331034,7.316898,20.010685,11.284752,3.467182,2.694728,173.955052,5.718980,1.065505,0.028393,0.968759
-0.034543,0.017400,0.249454,3.669954,20.010702,11.416687,3.464351,2.697711,173.880448,5.710034,1.065527,0.028411,0.968795
-0.039787,0.017514,0.309657,8.989864,20.010480,11.416703,3.462890,2.703710,173.802233,5.680208,1.065339,0.028304,0.968682
-0.037454,0.017629,0.278301,2.793663,20.009592,11.416860,3.464786,2.707461,173.899440,5.681490,1.065370,0.028262,0.968643
-0.036499,0.017049,0.229751,227.867164,20.011108,11.416627,3.463476,2.710160,174.032274,5.713276,1.065458,0.028314,0.968719
-0.037855,0.017535,0.142894,132.949565,20.010412,11.416682,3.464905,2.706283,174.142789,5.719481,1.065495,0.028377,0.968756
-0.037734,0.017802,0.271710,10.564320,20.010572,11.416843,3.464088,2.704845,174.230240,5.718961,1.065528,0.028383,0.968807
-0.036778,0.017037,0.358465,227.797015,20.010692,11.333288,3.461866,2.717188,174.268736,5.424042,1.065504,0.026988,0.968781
-0.032806,0.017599,0.293525,3.355660,20.010577,11.333357,3.463535,2.719631,174.361566,5.410624,1.065489,0.026957,0.968792
-0.038543,0.017396,0.293536,4.742476,20.010237,11.333415,3.460009,2.713253,174.400594,5.415294,1.065497,0.026938,0.968775
-0.035176,0.016643,0.324344,3.057734,20.010317,11.025453,3.460705,2.721938,174.265640,5.373547,1.065309,0.026721,0.968586
-0.039237,0.017508,0.372608,1.758189,20.010770,11.328717,3.464402,2.696889,174.005548,5.634614,1.065061,0.027973,0.968385
-0.035747,0.017777,0.264874,10.080079,20.010870,11.416770,3.464478,2.716003,173.755664,5.581658,1.064783,0.027732,0.968112
-0.038052,0.017917,0.220675,8.392097,20.005363,11.500123,3.467279,2.701122,173.602360,5.829861,1.064520,0.028961,0.967899
-0.037538,0.017480,0.329588,2.408152,20.007278,11.500110,3.464019,2.698194,173.581541,5.821268,1.064462,0.028851,0.967815
-0.042418,0.018270,0.031759,15.695786,19.991382,11.058412,3.468738,2.714568,173.547221,5.760388,1.064138,0.028539,0.967534
-0.036275,0.017688,0.025928,38.144070,19.926577,11.500202,3.467685,2.691492,173.567400,5.767164,1.064214,0.028663,0.967623
-0.037694,0.017885,0.300667,9.898576,19.969033,11.459207,3.467454,2.704852,173.526750,5.759388,1.064120,0.028571,0.967529
-0.034748,0.017366,0.343848,1.579928,19.987922,11.500127,3.463728,2.684770,173.528413,5.728059,1.064060,0.028503,0.967468
-0.037127,0.018004,0.264333,132.944348,19.949425,11.500120,3.466268,2.704977,173.519500,5.720575,1.063962,0.028416,0.967401
-0.037180,0.017032,0.298811,30.260396,19.958135,11.500012,3.462276,2.690651,173.503478,5.683231,1.063880,0.028317,0.967287
-0.034737,0.017496,0.110171,3.937954,19.961800,11.500147,3.466245,2.696416,173.506846,5.692644,1.063818,0.028281,0.967239
-0.035565,0.018204,0.288870,25.426622,19.908442,11.500107,3.465509,2.707355,173.564443,5.679446,1.063723,0.028229,0.967229
-0.035868,0.017820,0.210074,3.126308,19.987188,11.370468,3.466456,2.699745,173.539019,5.658172,1.063658,0.028089,0.967104
-0.035769,0.017350,0.386273,2.978364,20.010547,11.500090,3.465049,2.678942,173.608705,5.649738,1.063723,0.028120,0.967108
-0.037923,0.017730,0.380779,24.007042,20.010758,11.499985,3.465223,2.711071,173.513913,5.628432,1.063595,0.028038,0.967008
-0.037705,0.017924,0.305868,61.620968,20.005120,11.583547,3.467527,2.697362,173.505097,5.905854,1.063413,0.029321,0.966848
-0.039857,0.018278,0.350934,11.452096,19.981425,11.583373,3.467725,2.723938,173.476785,5.889376,1.063340,0.029265,0.966793
-0.037522,0.017821,0.236168,4.237725,19.999770,11.583533,3.468037,2.702502,173.531820,5.898740,1.063302,0.029228,0.966762
-0.037207,0.018123,0.219957,3.075262,19.993533,11.578692,3.469437,2.697389,173.437907,5.849384,1.063174,0.029134,0.966686
-0.035894,0.017716,0.207897,4.517105,19.990080,11.583565,3.465656,2.696092,173.426031,5.841915,1.063079,0.029020,0.966585
-0.036926,0.017191,0.321161,3.528624,20.010563,11.500188,3.462673,2.692992,173.626123,5.548536,1.063127,0.027627,0.966603
-0.037545,0.017990,0.110546,9.107658,20.005255,11.500098,3.466810,2.691830,173.657883,5.546066,1.063126,0.027617,0.966632
-0.036998,0.018241,0.397167,3.538889,20.008893,11.378483,3.465697,2.708344,173.683413,5.532805,1.063059,0.027536,0.966560
-0.037935,0.017980,0.317675,17.035268,19.993578,10.624277,3.466118,2.716818,173.725199,5.451886,1.062655,0.027121,0.966203
-0.034881,0.017548,0.202935,2.366248,20.011045,11.500088,3.463869,2.711241,173.694122,5.524535,1.062929,0.027471,0.966473
-0.037655,0.017684,0.295604,9.466873,20.010798,11.090202,3.465279,2.703456,173.590330,5.471782,1.062640,0.027146,0.966177
-0.039137,0.017579,0.121253,8.280845,20.010477,11.294292,3.465562,2.729762,173.553652,5.720182,1.062607,0.028520,0.966106
-0.037292,0.017891,0.091781,12.921404,20.010390,11.583282,3.466571,2.716410,173.302487,5.715810,1.062406,0.028393,0.965985
-0.036451,0.018350,0.085017,19.740492,19.983463,11.402310,3.465059,2.701035,173.157377,5.668171,1.062173,0.028186,0.965778
-0.033724,0.017826,0.243209,2.365498,20.006860,11.583380,3.463911,2.696863,173.142309,5.668500,1.062151,0.028166,0.965744
-0.037850,0.018565,-0.013451,2.521369,20.003647,11.583522,3.469289,2.692559,173.132045,5.643166,1.062020,0.028076,0.965640
-0.039464,0.018363,0.387650,2.173899,20.010717,11.666602,3.469653,2.704707,173.101370,5.910841,1.061912,0.029356,0.965515
-0.036288,0.017947,0.288850,7.842365,20.010520,11.666648,3.466462,2.703693,173.089014,5.893839,1.061790,0.029270,0.965403
-0.041483,0.018744,0.119725,4.525554,20.011145,11.666735,3.467069,2.706522,173.074155,5.874282,1.061671,0.029134,0.965284
-0.038981,0.018167,0.414493,1.894001,19.997852,11.313897,3.465969,2.699903,173.035253,5.815693,1.061387,0.028851,0.965020
-0.036734,0.018577,0.259474,3.288135,20.011010,11.666688,3.468952,2.700516,172.981146,5.848543,1.061417,0.028907,0.965094
-0.038256,0.018483,0.118210,3.548341,19.997800,11.639032,3.468715,2.710863,172.976888,5.800666,1.061313,0.028810,0.964967
-0.040281,0.017877,0.273656,2.868655,19.980297,11.286438,3.467065,2.694073,172.965985,5.756856,1.061029,0.028529,0.964716
-0.036319,0.018001,0.370604,4.236321,19.990243,11.492943,3.469087,2.717830,172.932039,5.735518,1.061015,0.028535,0.964714
-0.041828,0.018373,0.079343,12.434146,19.997188,11.050667,3.467560,2.700168,172.954233,5.679721,1.060730,0.028235,0.964427
-0.041661,0.017994,0.202851,7.858222,19.978120,11.013038,3.465624,2.704223,172.991826,5.671049,1.060706,0.028165,0.964395
-0.037526,0.017782,0.304480,2.135531,20.010563,11.362238,3.466316,2.695417,172.970867,5.688648,1.060790,0.028275,0.964484
-0.036189,0.018218,0.341462,3.448757,20.010688,11.596868,3.466690,2.681636,172.889269,5.674034,1.060705,0.028254,0.964421
-0.035839,0.018690,0.348278,3.587309,20.010932,11.627463,3.469609,2.720436,172.869753,5.655376,1.060644,0.028212,0.964388
-0.037213,0.018092,0.252897,5.412150,19.996010,11.496760,3.466047,2.696850,172.861105,5.638495,1.060497,0.028082,0.964251
-0.035658,0.018058,0.422911,6.805176,19.985908,11.666757,3.466996,2.704209,172.833054,5.624600,1.060407,0.028063,0.964259
-0.042255,0.018430,0.299268,1.959071,20.010123,11.512893,3.466877,2.682597,172.847208,5.883177,1.060181,0.029188,0.963944
-0.041441,0.017897,0.289042,3.132848,19.932318,10.886925,3.465357,2.709436,173.078998,5.567628,1.060018,0.027591,0.963806
-0.038678,0.018644,0.344606,9.428730,20.010917,11.498118,3.468459,2.717559,173.268614,5.619055,1.060410,0.027902,0.964156
-0.045345,0.018173,0.115118,12.523342,19.960148,10.282630,3.467435,2.715368,173.335478,5.512253,1.059868,0.027339,0.963642
-0.039898,0.018438,-0.102115,44.505539,20.010217,11.217043,3.465927,2.696586,173.389319,5.606940,1.060231,0.027754,0.964023
-0.039534,0.017547,0.211606,2.269003,20.008958,11.148817,3.462580,2.717368,173.415788,5.595137,1.060168,0.027681,0.963963
-0.037497,0.017561,0.197249,3.005597,20.010278,11.639297,3.464149,2.714873,173.423798,5.616069,1.060298,0.027840,0.964107
-0.036106,0.018163,0.355436,2.956517,20.011048,11.130017,3.465328,2.711013,173.409090,5.550867,1.060028,0.027504,0.963786
-0.037687,0.018751,0.255879,6.351893,19.995690,11.166807,3.467202,2.702424,173.143305,5.472284,1.059746,0.027309,0.963580
-0.036429,0.018189,0.170054,177.823256,20.010917,11.706818,3.467366,2.705767,172.765723,5.749613,1.059502,0.028567,0.963399
-0.036456,0.018714,0.304820,2.846340,19.993048,11.749937,3.469239,2.704538,172.678077,5.690158,1.059195,0.028320,0.963079
-0.038331,0.018397,0.241342,2.987753,19.940600,11.668613,3.466963,2.692623,172.583814,5.657838,1.059010,0.028209,0.962943
-0.043426,0.018774,0.297680,11.767849,19.991437,11.490390,3.468550,2.710698,172.570421,5.922461,1.058825,0.029375,0.962737
-0.036450,0.018679,0.329672,3.034973,19.997645,11.805628,3.468337,2.698141,172.516456,5.938791,1.058808,0.029374,0.962726
-0.042649,0.019018,0.026225,84.385083,19.917018,11.432992,3.470260,2.701774,172.460003,5.871442,1.058537,0.029080,0.962465
-0.042228,0.018551,0.193144,2.361785,19.879785,10.887720,3.468042,2.701589,172.441922,5.778009,1.058098,0.028652,0.962062
-0.036177,0.019013,0.262322,2.288743,19.965317,11.833417,3.470006,2.687042,172.579924,5.827662,1.058388,0.028967,0.962342
-0.039858,0.018767,0.206810,2.632977,19.971177,11.538083,3.470921,2.706763,172.345544,5.782783,1.058131,0.028709,0.962080
-0.036953,0.019105,0.224489,3.418465,19.948693,11.541507,3.470155,2.706883,172.315607,5.753619,1.057987,0.028595,0.961971
-0.038707,0.018667,0.209628,3.334415,19.956997,11.434065,3.468251,2.682980,172.324093,5.706654,1.057830,0.028442,0.961809
-0.040724,0.019719,0.399933,8.012743,19.899392,11.491450,3.474966,2.709209,172.280062,5.694030,1.057670,0.028344,0.961722
-0.042302,0.018831,0.115843,2.433126,19.917373,11.169897,3.469221,2.697247,172.261818,5.921908,1.057357,0.029408,0.961371
-0.038457,0.018453,0.339034,2.205460,19.918652,11.532705,3.466073,2.712585,172.345795,5.937953,1.057430,0.029498,0.961456
-0.043387,0.019070,0.310536,11.047414,19.912440,10.996453,3.470110,2.704341,172.206460,5.857747,1.057038,0.029096,0.961079
-0.044940,0.019026,0.273813,22.888922,19.883868,10.768298,3.469799,2.677110,172.201821,5.826308,1.056811,0.028899,0.960909
-0.038831,0.018520,0.261278,2.694661,19.965252,11.434840,3.467449,2.717498,172.243949,5.877621,1.057051,0.029114,0.961098
-0.035438,0.018628,0.413928,3.405266,19.971288,11.470242,3.468038,2.703428,172.196621,5.860610,1.056948,0.029044,0.961030
-0.049746,0.018410,0.327673,3.706755,19.842007,9.900255,3.466697,2.693775,172.065511,5.646416,1.055902,0.028032,0.960107
-0.043239,0.018825,0.328852,133.896491,19.789780,11.050050,3.469418,2.716213,171.217618,5.727402,1.056365,0.028507,0.960539
-0.039459,0.018532,0.460100,1.768983,19.928293,11.240118,3.468445,2.712234,172.387477,5.772233,1.056474,0.028596,0.960633
-0.044720,0.019095,0.110444,31.467901,19.965543,11.021073,3.469362,2.690437,172.502125,5.740067,1.056413,0.028528,0.960555
-0.043130,0.019034,0.411932,2.994845,19.939023,11.245885,3.470196,2.705158,172.524391,5.751253,1.056465,0.028581,0.960637
-0.043037,0.019152,0.148640,44.476453,19.943543,11.192393,3.467984,2.713603,172.542265,5.733802,1.056323,0.028445,0.960495
-0.040135,0.018957,0.255448,34.733485,20.009382,11.210020,3.466302,2.706081,172.478294,5.712761,1.056226,0.028314,0.960394
-0.041136,0.018589,0.265763,9.769246,19.923790,10.773617,3.469003,2.700578,172.389023,5.638899,1.055842,0.027958,0.960055
-0.043705,0.018849,0.411499,5.332881,19.886852,10.337378,3.469375,2.703048,172.228619,5.545636,1.055429,0.027544,0.959659
-0.041883,0.019239,0.296258,2.756761,19.929532,11.627890,3.469994,2.686279,172.009076,5.871249,1.055514,0.029195,0.959774
-0.037812,0.018563,0.243204,11.525339,19.904877,11.298237,3.469781,2.694456,171.969834,5.824886,1.055239,0.028890,0.959520
-0.037271,0.018973,0.280313,2.542157,19.952330,11.677267,3.469737,2.682129,171.967239,5.824432,1.055276,0.028956,0.959549
-0.040904,0.018599,0.392923,3.526273,19.892430,10.881537,3.468074,2.685092,171.854307,5.731280,1.054847,0.028482,0.959128
-0.041927,0.019015,0.397612,9.608177,19.914862,11.171395,3.469272,2.695521,171.845603,5.708910,1.054786,0.028445,0.959067
-0.039823,0.019415,0.279055,1.990585,19.950710,11.073812,3.470019,2.709500,171.769110,5.685728,1.054572,0.028262,0.958923
-0.039936,0.019410,0.381811,2.986299,19.934720,11.416813,3.469743,2.695149,171.795540,5.697953,1.054587,0.028315,0.958919
-0.038273,0.019929,0.161875,16.062579,19.979938,11.284758,3.474466,2.704640,171.756335,5.653012,1.054399,0.028122,0.958711
-0.041015,0.019288,0.455258,7.024241,19.960760,11.272985,3.470362,2.696771,171.689472,5.907643,1.054155,0.029335,0.958546
-0.040400,0.019232,0.409844,15.491760,19.952103,11.418308,3.469189,2.715127,171.651445,5.890539,1.054044,0.029246,0.958451
-0.044925,0.018947,0.409015,3.819570,19.912532,11.061615,3.468084,2.714303,171.594338,5.810714,1.053721,0.028879,0.958126
-0.039218,0.019321,0.360170,1.386152,19.905278,11.286493,3.470332,2.693257,171.563200,5.800431,1.053642,0.028839,0.958075
-0.036939,0.019593,0.144400,6.930027,19.969817,11.769870,3.470730,2.688706,171.517244,5.817155,1.053660,0.028896,0.958098
-0.037768,0.019416,0.224778,7.933645,19.928158,11.461838,3.469994,2.695117,171.507734,5.739991,1.053363,0.028600,0.957812
-0.037785,0.019829,0.347094,1.977192,19.935723,11.645120,3.473047,2.701572,171.528579,5.743928,1.053348,0.028577,0.957755
-0.037935,0.019104,0.274822,227.165672,19.930842,11.418425,3.472853,2.702168,171.578496,5.702803,1.053178,0.028395,0.957621
-0.043323,0.019643,0.430587,15.254246,19.889133,10.909508,3.471296,2.704445,171.561762,5.639071,1.052777,0.028033,0.957256
-0.046517,0.019780,0.353773,1.796967,19.923002,10.733347,3.469810,2.685652,171.437540,5.888475,1.052465,0.029143,0.956967
-0.038666,0.019146,0.413143,1.840653,19.892467,11.401400,3.468993,2.694430,171.401006,5.924544,1.052560,0.029349,0.957159
-0.040912,0.019709,0.402524,1.843585,19.870425,11.045915,3.470746,2.701881,171.263947,5.803787,1.052137,0.028870,0.956713
-0.037549,0.019577,0.378054,1.706251,19.951323,11.746708,3.471101,2.688256,171.315934,5.850682,1.052302,0.029053,0.956864
-0.040900,0.019853,0.360564,5.704701,19.896508,10.821745,3.472883,2.700830,171.339673,5.718577,1.051789,0.028527,0.956389
-0.037757,0.019530,0.141541,3.415944,19.946910,11.800480,3.469136,2.688774,171.385429,5.803671,1.052093,0.028867,0.956698
-0.039396,0.019434,0.327531,3.922179,19.928522,11.466698,3.469220,2.675649,171.309572,5.739534,1.051851,0.028603,0.956421
-0.040379,0.019795,0.318834,2.092221,19.903798,11.150305,3.472517,2.704803,171.200042,5.695068,1.051505,0.028318,0.956139
-0.049709,0.020386,0.335643,1.946269,19.865778,10.568437,3.474457,2.702228,171.117915,5.872480,1.050970,0.029163,0.955602
-0.040866,0.019961,0.438713,2.056724,19.951118,11.595267,3.472600,2.691645,171.146655,5.959909,1.051259,0.029505,0.955918
-0.042220,0.020536,0.490851,1.542182,19.944008,11.174613,3.474937,2.697575,171.187746,5.894273,1.051013,0.029274,0.955705
-0.040063,0.019761,0.339203,11.724273,19.934570,11.332665,3.470741,2.698410,171.110143,5.882003,1.050931,0.029199,0.955636
-0.041311,0.019703,0.506621,2.071357,19.927213,11.247560,3.472144,2.694669,171.075858,5.827462,1.050720,0.028977,0.955418
-0.038873,0.019704,0.515799,1.014235,19.910823,11.426465,3.470539,2.676396,171.045032,5.809072,1.050578,0.028897,0.955346
-0.040383,0.019648,0.433576,1.706600,19.933893,11.132055,3.471119,2.695234,171.003219,5.765125,1.050334,0.028598,0.955038
-0.039033,0.020094,0.373927,1.944001,19.910678,11.056522,3.470101,2.679622,170.969002,5.700360,1.050103,0.028399,0.954861
-0.048327,0.019848,0.343911,17.253777,19.839985,10.218625,3.472420,2.701419,170.924176,5.598543,1.049518,0.027866,0.954345
-0.044042,0.020220,0.310906,4.626939,19.878162,11.163253,3.471987,2.702315,170.881901,5.932513,1.049681,0.029485,0.954484
-0.045999,0.019194,0.412240,2.418834,19.867290,10.490048,3.468084,2.674414,170.805726,5.844853,1.049181,0.028937,0.953996
-0.040069,0.019497,0.259999,8.053583,19.923055,11.302717,3.470915,2.708190,170.845867,5.868511,1.049361,0.029175,0.954205
-0.043531,0.019983,0.370104,6.642602,19.872802,10.637297,3.471536,2.690650,170.718414,5.779903,1.048886,0.028690,0.953751
-0.041725,0.019673,0.389184,2.239051,19.850872,11.005050,3.471445,2.704857,170.725320,5.769585,1.048860,0.028706,0.953747
-0.040538,0.020335,0.490471,2.148867,19.873733,11.487188,3.472982,2.724332,170.699361,5.768291,1.048895,0.028777,0.953786
-0.044794,0.019839,0.386748,8.203978,19.860165,10.593960,3.468968,2.706268,170.602900,5.941386,1.048297,0.029540,0.953180
-0.045290,0.020504,0.161712,10.732160,19.908535,10.768512,3.471830,2.700083,170.628737,5.960312,1.048260,0.029504,0.953123
-0.046658,0.020142,0.362450,2.765484,19.831657,10.540067,3.471304,2.685403,170.518205,5.900542,1.047923,0.029210,0.952872
-0.044344,0.020063,0.320390,24.613871,19.808867,10.777082,3.473290,2.696651,170.562681,5.874349,1.047904,0.029205,0.952861
-0.042708,0.019806,0.338049,2.195055,19.885050,11.267880,3.471146,2.682773,170.594987,5.898650,1.047998,0.029309,0.952941
-0.039195,0.020122,0.297494,6.683879,19.893717,11.418508,3.472063,2.710951,170.565256,5.879589,1.047895,0.029231,0.952866
-0.039793,0.019941,0.384009,1.873996,19.931813,11.061782,3.471867,2.705876,170.471414,5.832683,1.047579,0.028917,0.952570
-0.042566,0.020885,0.480807,2.926772,19.852988,10.815737,3.476665,2.698002,170.360862,5.744963,1.047162,0.028588,0.952232
-0.041412,0.020201,0.346421,2.320424,19.870375,11.339667,3.472232,2.699877,170.445352,5.748779,1.047259,0.028679,0.952304
-0.043190,0.020352,0.356966,4.313478,19.863697,10.682028,3.472449,2.693426,170.537072,5.694555,1.046939,0.028281,0.951939
-0.047079,0.020118,0.352601,20.533871,19.792370,9.793270,3.470198,2.712713,170.442843,5.549082,1.046332,0.027697,0.951422
-0.044394,0.020510,0.390914,3.769504,19.901388,11.044165,3.472446,2.698543,170.484854,5.951249,1.046700,0.029555,0.951810
-0.043249,0.020877,0.300359,6.004949,19.933598,10.849427,3.474666,2.687108,170.395733,5.903450,1.046460,0.029295,0.951560
-0.044661,0.020467,0.530059,2.091715,19.884747,10.652615,3.472869,2.690296,170.291507,5.840704,1.046085,0.028949,0.951216
-0.048047,0.020585,0.393391,19.258586,19.936080,10.599603,3.473853,2.689181,170.203261,5.777837,1.045851,0.028721,0.950981
-0.039454,0.020899,0.475641,2.068559,19.944718,11.395920,3.473979,2.690764,170.187697,6.109872,1.045923,0.030323,0.951105
-0.041187,0.020590,0.431736,2.403606,19.977522,11.072360,3.473277,2.699448,170.185236,5.780710,1.045753,0.028704,0.950934
-0.043701,0.020951,0.124967,1.873274,19.960787,11.161073,3.474106,2.684248,170.158502,6.015400,1.045614,0.029998,0.950802
-0.045038,0.020667,0.340443,2.235618,20.010608,11.345158,3.470239,2.692613,170.159708,6.031951,1.045527,0.029902,0.950713
-0.041121,0.020679,0.484068,3.671910,19.998547,11.251253,3.473839,2.694115,170.141625,5.972147,1.045256,0.029679,0.950511
-0.045468,0.020665,0.485650,8.484240,19.965497,10.795902,3.473490,2.695654,170.022900,5.902735,1.044880,0.029290,0.950150
-0.046260,0.020676,0.374241,1.882652,20.010777,10.617400,3.472461,2.687289,170.003417,5.826951,1.044556,0.028995,0.949864
-0.043582,0.020727,0.350097,2.846238,19.996555,10.712877,3.471457,2.690243,169.946151,5.794962,1.044432,0.028891,0.949726
-0.040427,0.021084,0.397071,4.467231,20.010435,10.868452,3.474206,2.688259,169.890310,5.798704,1.044272,0.028800,0.949621
-0.047269,0.021604,0.364462,2.547249,20.010622,10.509880,3.477217,2.694662,169.933202,6.004228,1.043892,0.029789,0.949227
-0.051739,0.020675,0.396133,1.550028,19.999830,9.947850,3.472483,2.697683,169.773072,5.902520,1.043394,0.029284,0.948758
-0.045044,0.020559,0.249207,1.761668,20.010662,10.616338,3.470809,2.689969,169.774647,5.917399,1.043462,0.029438,0.948885
-0.039169,0.021007,0.366548,2.525653,20.010313,11.336480,3.474306,2.692730,169.725770,5.944354,1.043586,0.029614,0.949031
-0.042441,0.021155,0.483900,1.451554,20.010108,10.755697,3.475266,2.709127,169.628592,5.833807,1.043106,0.029125,0.948543
-0.045706,0.021252,0.501282,3.603849,20.010202,11.113113,3.478594,2.679810,169.663893,6.136704,1.043038,0.030479,0.948467
-0.043384,0.021578,0.495262,2.238170,20.010160,11.306472,3.474290,2.689301,169.646159,6.147202,1.042973,0.030453,0.948425
-0.046684,0.022059,0.383504,3.957639,20.009628,10.714722,3.478334,2.674285,169.657755,6.039237,1.042587,0.030061,0.948080
-0.046183,0.020278,0.431397,1.927489,20.010067,10.435958,3.470623,2.677702,169.575452,5.983449,1.042284,0.029710,0.947781
-0.046514,0.021156,0.447821,1.406928,20.009635,10.573737,3.476674,2.680623,169.523345,5.952766,1.042097,0.029514,0.947604
-0.042372,0.020885,0.295569,2.224238,20.009418,11.034307,3.473295,2.755772,170.377520,5.945582,1.042043,0.029565,0.947607
-0.042674,0.021188,0.357091,11.649579,20.009517,11.467457,3.471528,2.677865,169.332642,6.204310,1.041830,0.030854,0.947411
-0.046220,0.021520,0.432076,2.812804,20.009460,10.603935,3.476327,2.694236,169.280511,6.084926,1.041276,0.030198,0.946821
-0.043534,0.021299,0.467467,2.320590,20.009472,10.924947,3.473232,2.674556,169.347399,6.090359,1.041235,0.030223,0.946814
-0.043355,0.021746,0.563044,2.091806,20.008950,11.322083,3.474377,2.683718,169.327973,6.097912,1.041210,0.030248,0.946839
-0.044079,0.021367,0.464172,4.243475,20.009160,10.906165,3.472483,2.686376,169.301525,5.972591,1.040860,0.029803,0.946454
-0.044023,0.021925,0.533965,30.667540,20.008778,10.858053,3.477901,2.682215,169.259549,5.966668,1.040618,0.029592,0.946225
-0.042528,0.022186,0.446548,1.555376,20.008678,10.777908,3.475871,2.684411,169.150953,5.893803,1.040276,0.029354,0.945992
-0.046066,0.021332,0.413731,1.989761,20.009260,11.227093,3.474538,2.688713,169.068028,6.199704,1.040164,0.030726,0.945912
-0.043712,0.022178,0.558842,1.391461,20.008507,11.256850,3.477762,2.678775,169.020619,6.124656,1.039959,0.030474,0.945677
-0.043319,0.021754,0.515467,3.319518,20.008625,11.000285,3.476245,2.703722,169.036570,6.066956,1.039650,0.030155,0.945413
-0.043643,0.021234,0.448583,7.092251,20.008762,11.095920,3.474487,2.674652,169.008672,6.033130,1.039479,0.029979,0.945215
-0.044777,0.021687,0.363755,2.755189,20.008217,10.847833,3.474347,2.668095,168.963621,5.958539,1.039149,0.029663,0.944900
-0.046669,0.022145,0.493439,2.185875,20.008320,10.901602,3.475171,2.679716,168.919998,5.934888,1.038899,0.029503,0.944740
-0.041903,0.021492,0.511534,3.555207,20.008432,10.953572,3.474986,2.681802,168.874111,5.888504,1.038668,0.029327,0.944573
-0.048083,0.022109,0.500931,2.090923,20.008133,10.821712,3.475139,2.692385,168.785689,6.135605,1.038349,0.030419,0.944235
-0.046191,0.021398,0.433963,2.251797,20.007982,10.687450,3.477052,2.682797,168.931914,6.068907,1.038027,0.030122,0.943960
-0.040922,0.021739,0.578773,2.156443,20.007965,11.061943,3.475660,2.702007,168.704153,6.041944,1.037914,0.030060,0.943888
-0.047861,0.021709,0.270543,3.040370,20.008108,10.930190,3.470586,2.687689,168.606175,5.975729,1.037603,0.029729,0.943562
-0.044820,0.021696,0.566708,1.982442,20.007823,10.743850,3.472312,2.697851,168.561384,5.915293,1.037272,0.029431,0.943274
-0.043563,0.022109,0.307491,1.599435,20.008138,10.981518,3.476050,2.684194,168.547162,6.199223,1.037088,0.030724,0.943121
-0.047168,0.022388,0.576411,7.121156,20.007707,11.010563,3.473317,2.692442,168.484161,6.136977,1.036886,0.030531,0.942945
-0.048935,0.022341,0.557058,3.646453,20.008705,10.610972,3.479157,2.706089,168.444061,6.047221,1.036463,0.030095,0.942552
-0.050167,0.022545,0.598148,2.117670,20.007923,10.621600,3.476528,2.682920,168.398346,6.019580,1.036232,0.029869,0.942334
-0.045106,0.022206,0.554547,2.934223,20.007825,10.898547,3.474621,2.674673,168.430136,5.984724,1.036143,0.029796,0.942249
-0.046912,0.022528,0.619773,2.139367,20.016002,10.684907,3.477273,2.702321,168.345860,5.925457,1.035807,0.029472,0.941925
-0.044151,0.022795,0.491450,2.113916,20.007827,10.621627,3.482141,2.688512,168.291960,5.863218,1.035518,0.029232,0.941679
-0.043596,0.023052,0.554454,1.971552,20.016145,10.959678,3.475632,2.680634,168.221054,6.148108,1.035369,0.030525,0.941548
-0.046858,0.022940,0.544661,2.198734,20.015985,11.011602,3.476495,2.696097,168.255916,6.111236,1.035137,0.030319,0.941356
-0.045219,0.022743,0.588422,8.956415,20.016177,10.855255,3.478449,2.682140,167.972589,5.981954,1.034612,0.029840,0.940901
-0.046903,0.022979,0.530136,2.076717,20.016255,10.968950,3.476737,2.677910,167.918220,6.234644,1.034321,0.030976,0.940583
-0.049217,0.022555,0.510895,2.079790,20.016240,10.571583,3.475128,2.685010,167.914602,6.130635,1.033929,0.030578,0.940210
-0.045508,0.023280,0.536738,3.301643,20.016107,10.923217,3.478788,2.675344,167.979136,6.159776,1.033885,0.030582,0.940217
-0.045287,0.023205,0.616536,1.847972,20.015352,11.199828,3.481143,2.688226,167.981129,6.139169,1.033809,0.030522,0.940158
-0.047640,0.023021,0.551169,1.430035,20.015522,10.626400,3.478496,2.696026,167.971441,6.044414,1.033380,0.030036,0.939704
-0.046139,0.023459,0.405522,1.741979,20.015722,10.653217,3.481659,2.691141,167.945713,6.009465,1.033156,0.029824,0.939520
-0.046035,0.023229,0.586233,2.192153,20.015305,10.973803,3.476353,2.703174,167.910493,5.978846,1.033024,0.029758,0.939441
-0.046346,0.022847,0.485046,11.278656,20.015432,10.536307,3.477865,2.699559,167.753861,5.891672,1.032594,0.029285,0.938983
-0.044445,0.022970,0.656456,2.252581,20.015345,11.321612,3.478637,2.697636,167.728986,6.189151,1.032520,0.030736,0.938961
-0.048332,0.023186,0.634712,1.218467,20.015440,10.410985,3.477385,2.693418,167.595037,6.072339,1.031894,0.030093,0.938382
-0.044260,0.023543,0.501939,4.669101,20.015130,10.780665,3.479568,2.686689,167.579836,6.031626,1.031770,0.030015,0.938305
-0.046596,0.023930,0.636779,1.468611,20.014973,10.997857,3.479382,2.676380,167.544127,5.981328,1.031564,0.029838,0.938098
-0.046157,0.023897,0.415758,1.384824,20.015122,10.907652,3.481369,2.685395,167.476898,5.938494,1.031257,0.029565,0.937832
-0.045697,0.023700,0.547958,9.303900,20.015217,10.907425,3.482837,2.682724,167.433840,6.174180,1.030924,0.030688,0.937542
-0.048331,0.023959,0.536606,1.538556,20.014973,11.000817,3.481670,2.686133,167.267481,6.103423,1.030645,0.030384,0.937261
-0.043641,0.023781,0.600380,1.636900,20.014802,11.238052,3.479867,2.700496,167.371625,6.109450,1.030561,0.030325,0.937187
-0.044215,0.023308,0.316728,3.805355,20.014890,10.865958,3.478146,2.682524,167.491432,6.044147,1.030278,0.030050,0.936952
-0.052643,0.023210,0.645597,1.742079,20.014705,10.283483,3.478420,2.694500,167.497678,5.953205,1.029854,0.029589,0.936545
-0.045807,0.022974,0.640390,1.819138,20.014548,10.501187,3.476435,2.690670,167.544579,5.943046,1.029734,0.029481,0.936439
-0.044767,0.023883,0.575931,3.841564,20.014748,10.345520,3.482266,2.670761,167.539293,5.878164,1.029454,0.029216,0.936189
-0.050201,0.024068,0.383018,401.563158,20.014497,10.299040,3.479302,2.683733,167.533390,5.818132,1.029164,0.028953,0.935936
-0.044028,0.024157,0.424933,7.625412,20.014680,10.449360,3.481970,2.698124,167.494852,5.784394,1.028967,0.028778,0.935755
-0.042712,0.023073,0.644199,2.494578,20.014545,10.535345,3.475669,2.686446,167.459350,5.731384,1.028750,0.028587,0.935556
-0.046435,0.023896,0.492346,2.627334,20.013560,11.038112,3.479381,2.674836,167.424724,6.037648,1.028612,0.029953,0.935476
-0.053892,0.024123,0.549210,2.163294,20.013985,9.946282,3.479319,2.702720,167.367368,5.876075,1.027883,0.029129,0.934729
-0.045827,0.023286,0.494954,1.975886,20.014042,10.718175,3.478359,2.667829,167.205096,5.888436,1.027844,0.029214,0.934782
-0.044570,0.023803,0.519756,3.778066,20.013928,10.730347,3.479439,2.688088,167.122172,5.826179,1.027551,0.028946,0.934506
-0.047022,0.024240,0.645217,0.926509,20.013918,10.412010,3.482251,2.682162,167.061979,6.023354,1.027056,0.029905,0.934057
-0.048109,0.023799,0.295209,1.528364,20.013817,10.198748,3.477758,2.685868,167.202524,5.970006,1.026828,0.029658,0.933806
-0.045981,0.023961,0.498511,4.929871,20.013988,10.247655,3.475320,2.673733,167.453548,5.668616,1.026819,0.028211,0.933846
-0.051957,0.024116,0.379398,9.363151,20.013772,9.437548,3.477070,2.683707,167.623540,5.589223,1.026435,0.027720,0.933427
-0.048145,0.023581,0.294473,6.647824,20.013892,9.638975,3.475638,2.682119,167.787977,5.597284,1.026448,0.027745,0.933470
-0.060359,0.024126,0.137162,7.283246,19.930343,9.360975,3.476806,2.678294,167.959297,5.534696,1.026198,0.027493,0.933232
-0.050471,0.024277,0.673455,1.665348,20.013452,9.610535,3.476310,2.695867,167.944438,5.540023,1.026117,0.027433,0.933185
-0.056379,0.024464,0.473435,2.112345,20.013560,9.354258,3.479685,2.690934,167.963379,5.460386,1.025793,0.027097,0.932890
-0.052849,0.024265,0.699022,1.223991,20.013272,9.577855,3.474361,2.697738,167.936200,5.426300,1.025629,0.026978,0.932766
-0.056624,0.025402,0.386426,1.640352,20.013175,9.431988,3.484140,2.691934,167.783889,5.364155,1.025273,0.026604,0.932403
-0.048080,0.024319,0.528518,9.491620,20.013520,9.857812,3.479042,2.689073,167.465303,5.607792,1.024867,0.027715,0.932054
-0.048967,0.024499,0.556458,2.339385,20.013488,10.069652,3.479966,2.672664,167.064931,5.791303,1.024387,0.028698,0.931575
-0.048102,0.025071,0.692164,1.783057,20.013225,10.123727,3.481451,2.705853,166.695636,5.685972,1.023830,0.028233,0.931102
-0.051844,0.024928,0.715972,2.163157,20.012982,10.347762,3.481899,2.672313,166.397579,5.894228,1.023343,0.029276,0.930689
-0.052079,0.024757,0.586687,1.933114,20.013512,9.895215,3.482202,2.693145,166.184596,5.749956,1.022686,0.028614,0.930051
-0.049332,0.025319,0.594077,1.251027,20.012797,10.918750,3.481663,2.682782,166.021459,6.070958,1.022644,0.030155,0.930104
-0.047946,0.025393,0.569355,2.069571,20.012815,10.653945,3.482565,2.685488,165.881697,5.950935,1.022196,0.029671,0.929655
-0.043694,0.025876,0.580222,0.940293,20.013025,10.541387,3.484989,2.670886,165.801252,5.883276,1.021793,0.029299,0.929276
-0.052574,0.025809,0.598793,6.026251,20.013333,9.918758,3.483901,2.675235,165.688634,6.042628,1.021152,0.030075,0.928659
-0.046945,0.025510,0.746095,1.485481,20.013307,10.973333,3.480281,2.674887,165.675430,6.091049,1.021222,0.030284,0.928832
-0.049231,0.025642,0.723769,1.768819,20.012955,10.699817,3.484359,2.676582,165.626923,6.009703,1.020803,0.029848,0.928424
-0.046604,0.025633,0.675435,1.153129,20.012780,10.559137,3.481908,2.667875,165.581262,5.927454,1.020451,0.029471,0.928070
-0.046331,0.025196,0.756907,1.479619,20.012942,10.387722,3.480126,2.691144,165.507363,5.848506,1.020037,0.029108,0.927696
-0.051619,0.026477,0.745764,1.836881,20.012943,10.370747,3.482158,2.670876,165.472632,6.083302,1.019652,0.030182,0.927351
-0.047648,0.025418,0.584592,1.426476,20.012828,10.908777,3.482550,2.682105,165.386803,6.070253,1.019564,0.030123,0.927296
-0.044402,0.026019,0.692250,1.786394,20.013077,10.781000,3.486238,2.656687,165.339737,5.982367,1.019219,0.029757,0.926959
-0.048595,0.026574,0.654749,1.140201,20.012902,10.851813,3.484643,2.673461,165.323391,5.945474,1.018960,0.029555,0.926767
-0.048703,0.025954,0.664842,2.488017,20.012895,10.428693,3.482046,2.690069,165.291174,5.848270,1.018505,0.029069,0.926309
-0.046561,0.026401,0.774759,1.590765,20.012873,10.416638,3.480502,2.694028,165.262269,5.772488,1.018215,0.028797,0.926025
-0.055389,0.026266,0.702643,2.183057,20.012988,10.157882,3.481445,2.685067,165.201382,5.996046,1.017755,0.029807,0.925626
-0.047328,0.026474,0.497329,1.251372,20.012862,10.391000,3.483125,2.682879,165.354686,5.988114,1.017589,0.029706,0.925537
-0.046225,0.026771,0.573600,1.165161,20.012532,10.146505,3.483953,2.672139,165.477708,5.623317,1.017414,0.028033,0.925308
-0.049840,0.026253,0.684461,2.278744,20.012875,9.817013,3.480204,2.680891,165.579341,5.566848,1.017124,0.027698,0.925021
-0.048796,0.026408,0.556750,4.814362,20.012587,10.062385,3.480805,2.685769,165.662234,5.541431,1.017002,0.027618,0.924947
-0.045696,0.026989,0.837450,2.526106,20.012748,9.994213,3.482601,2.670730,165.662310,5.510406,1.016740,0.027363,0.924711
-0.055313,0.026775,0.669562,1.907402,20.012762,9.812995,3.480936,2.675951,165.639954,5.720237,1.016379,0.028394,0.924339
-0.051129,0.026483,0.735498,1.248648,20.012623,10.242037,3.478461,2.676492,165.665120,5.707161,1.016293,0.028308,0.924258
-0.049576,0.026452,0.528440,1.491680,20.012842,9.848933,3.483149,2.685248,165.586534,5.614844,1.015855,0.027882,0.923869
-0.049822,0.026303,0.702745,2.411955,20.013187,10.079563,3.483656,2.673424,165.425137,5.570974,1.015592,0.027670,0.923647
-0.048208,0.027572,0.642771,1.516483,20.012905,10.310492,3.485868,2.679904,165.108201,5.778812,1.015079,0.028676,0.923205
-0.046629,0.027339,0.767840,1.814009,20.012288,10.311023,3.488476,2.676216,164.784287,5.662374,1.014573,0.028198,0.922717
-0.050528,0.027397,0.933623,1.060777,20.012785,10.527945,3.485411,2.666600,164.528623,5.892297,1.014080,0.029250,0.922348
-0.053882,0.027782,0.658389,1.655069,20.013002,9.917082,3.487489,2.684464,164.319071,5.726181,1.013359,0.028522,0.921610
-0.051264,0.027896,0.778227,1.772910,20.012480,10.095402,3.488382,2.669396,164.193863,5.974835,1.012944,0.029613,0.921288
-0.046674,0.027589,0.754250,4.725796,20.012765,10.665773,3.482608,2.657692,164.105295,5.940204,1.012750,0.029500,0.921152
-0.053226,0.028551,0.695965,1.127878,20.012810,9.692460,3.490181,2.669019,163.973925,5.747218,1.011968,0.028662,0.920348
-0.053228,0.028281,0.732437,1.609612,20.012597,10.361147,3.487456,2.668087,163.947696,6.046482,1.011849,0.030048,0.920286
-0.052044,0.027858,0.835828,2.016891,20.012697,10.163440,3.489534,2.661033,163.846742,5.973083,1.011421,0.029622,0.919891
-0.049440,0.027711,0.670956,1.593558,20.012940,10.299105,3.483864,2.679396,163.756588,5.892063,1.011091,0.029362,0.919645
-0.050205,0.028077,0.898717,1.196335,20.012513,10.170562,3.487566,2.673039,163.715278,5.817579,1.010728,0.028989,0.919261
-0.046555,0.028468,0.803814,1.345523,20.012387,10.707040,3.488495,2.680947,163.663365,6.106949,1.010543,0.030309,0.919135
-0.050713,0.028119,0.891963,1.183048,20.012905,10.647068,3.484532,2.675299,163.609914,6.026326,1.010163,0.029954,0.918815
-0.052262,0.029006,0.817092,1.329742,20.012375,10.138695,3.487811,2.678877,163.474660,5.909590,1.009580,0.029321,0.918217
-0.050276,0.028729,0.929235,1.018812,20.012610,10.238695,3.489149,2.660140,163.474663,5.839052,1.009276,0.029051,0.917938
-0.047225,0.028488,0.953372,1.160793,20.012733,10.834730,3.484963,2.671024,163.324628,6.109730,1.009088,0.030392,0.917827
-0.052633,0.028650,0.821365,1.132251,20.012863,10.077732,3.485103,2.688079,163.239852,5.982366,1.008432,0.029707,0.917197
-0.053266,0.028897,0.884130,0.912045,20.012568,10.295412,3.484542,2.670102,163.183298,5.925679,1.008153,0.029451,0.916948
-0.050992,0.028894,0.932712,1.109295,20.012665,10.141157,3.485753,2.661355,163.093494,5.845402,1.007692,0.029065,0.916550
-0.052342,0.029875,0.966376,1.172210,20.012365,10.463797,3.489398,2.686007,162.999093,6.090356,1.007379,0.030241,0.916286
-0.051056,0.028967,0.742607,2.101940,20.012642,10.431225,3.489357,2.664492,163.067527,6.028574,1.007030,0.029878,0.915964
-0.054203,0.030198,0.914070,1.012598,20.012577,10.045228,3.491947,2.661190,163.196320,5.951933,1.006691,0.029516,0.915640
-0.053206,0.030016,0.890510,1.986093,20.012732,10.467430,3.492184,2.666886,163.338177,5.953897,1.006654,0.029535,0.915655
-0.051827,0.029645,0.779766,1.421297,20.012465,10.077283,3.489896,2.676754,163.468197,5.873455,1.006272,0.029121,0.915275
-0.048580,0.028797,0.887882,1.382398,20.012442,10.435787,3.485329,2.673921,163.448032,5.847433,1.006147,0.028988,0.915149
-0.053151,0.029193,0.895634,1.198173,20.012682,9.728147,3.487875,2.655568,163.429592,5.729159,1.005584,0.028341,0.914564
-0.050647,0.029709,0.823859,2.891444,20.012595,10.082013,3.487315,2.660210,163.417517,5.700297,1.005356,0.028230,0.914455
-0.050686,0.029523,0.954718,1.084875,20.012210,9.836840,3.486889,2.673781,163.370957,5.574675,1.004917,0.027766,0.914005
-0.053070,0.030314,0.919532,2.172713,20.012467,9.638788,3.487348,2.669344,163.244476,5.804596,1.004446,0.028740,0.913536
-0.050922,0.029574,0.841962,0.991026,20.012440,10.315897,3.486064,2.682990,163.067763,5.772175,1.004244,0.028642,0.913455
-0.052883,0.029482,1.020842,0.961713,20.012440,9.735665,3.487964,2.657507,162.716923,5.893700,1.003439,0.029249,0.912618
-0.048684,0.030007,0.637663,1.185503,20.012442,10.249410,3.486315,2.659693,162.500479,5.833856,1.003093,0.028998,0.912360
-0.050783,0.031218,0.961707,1.123881,20.012347,10.264055,3.490763,2.673262,162.292924,6.029265,1.002551,0.030002,0.911912
-0.051399,0.030800,0.951974,1.512426,20.012788,10.367077,3.490535,2.672362,162.131917,5.957089,1.002085,0.029573,0.911510
-0.048322,0.031757,0.886076,1.045779,20.012385,10.228423,3.490833,2.649310,162.047475,5.835416,1.001630,0.029097,0.911044
-0.049515,0.031879,0.963189,1.211334,20.012437,10.756805,3.497212,2.667554,161.925550,6.118902,1.001385,0.030385,0.910879
-0.051288,0.031971,1.077659,1.052313,20.012002,10.495405,3.494770,2.657488,161.833612,5.998100,1.000875,0.029874,0.910396
-0.048239,0.031628,0.925298,0.910569,20.012528,10.394418,3.492189,2.656940,161.746724,5.909434,1.000366,0.029453,0.909991
-0.048620,0.031876,0.866175,1.314018,20.012435,10.613523,3.491647,2.652419,161.672789,6.138563,0.999985,0.030552,0.909638
-0.051637,0.032129,1.091931,1.246373,20.012287,10.347187,3.496690,2.648082,161.582250,6.029153,0.999465,0.029979,0.909109
-0.048665,0.032536,1.036724,0.972605,20.012332,10.179985,3.495975,2.659058,161.504685,5.932765,0.998968,0.029536,0.908698
-0.046975,0.032702,0.990112,1.224183,20.012432,10.469545,3.495984,2.662270,161.441096,5.884233,0.998621,0.029285,0.908420
-0.053081,0.033364,0.984957,1.216919,20.012102,10.471480,3.497607,2.644284,161.352573,6.090880,0.998186,0.030272,0.907997
-0.049984,0.032073,1.069083,1.013771,20.012302,10.487183,3.492441,2.667596,161.273959,6.011572,0.997764,0.029840,0.907579
-0.045134,0.032248,1.070034,0.886596,20.012078,10.706095,3.493375,2.657706,161.178366,5.942884,0.997394,0.029552,0.907282
-0.050897,0.033557,0.987964,1.012199,20.012347,10.185025,3.497061,2.644092,161.016106,6.103083,0.996703,0.030301,0.906638
-0.045615,0.033085,1.074824,0.930155,20.012305,10.674812,3.493162,2.672881,160.937487,6.035239,0.996394,0.030088,0.906416
-0.049043,0.032779,1.190266,0.936181,20.012330,10.535427,3.490138,2.648835,160.827173,5.943124,0.995856,0.029595,0.905930
-0.052307,0.033337,0.876246,2.271412,20.012143,9.827242,3.494288,2.652183,160.720448,6.085406,0.995111,0.030194,0.905155
-0.049209,0.033554,1.204026,0.824443,20.012318,10.455838,3.497080,2.663816,160.628372,6.058987,0.994886,0.030099,0.905039
-0.053580,0.034044,1.162628,0.812645,20.012023,10.106552,3.497106,2.664490,160.664921,5.925353,0.994398,0.029568,0.904534
-0.053807,0.033196,1.078171,1.067718,20.012120,10.075992,3.495958,2.658252,160.737474,5.883014,0.994049,0.029264,0.904256
-0.052395,0.034564,1.154874,1.135263,20.011798,10.412827,3.498234,2.660691,160.798431,5.858031,0.993823,0.029101,0.904088
-0.051415,0.033427,1.139476,1.034957,20.012005,10.229640,3.490892,2.647715,160.826792,6.043909,0.993377,0.030056,0.903633
-0.057268,0.034176,1.048408,1.047959,20.012183,9.499148,3.493187,2.651179,160.789249,5.908965,0.992699,0.029323,0.902957
-0.054232,0.034420,1.046480,1.153651,20.011678,10.113947,3.494996,2.654699,160.839873,5.889724,0.992526,0.029287,0.902930
-0.048111,0.035037,1.248641,0.920617,20.011923,10.194383,3.496588,2.641779,160.888631,5.826405,0.992204,0.028940,0.902589
-0.055316,0.034172,1.253793,0.885880,20.011777,9.839142,3.491999,2.662961,160.705706,5.703685,0.991609,0.028357,0.902023
-0.056105,0.034597,1.220154,0.830338,20.011800,9.829662,3.497447,2.657698,160.579936,5.894853,0.991114,0.029269,0.901521
-0.046983,0.035525,1.292671,0.880486,20.011675,10.241745,3.499010,2.656544,160.318967,5.814428,0.990617,0.028991,0.901240
-0.049443,0.035865,1.188129,0.768277,20.011013,9.967105,3.503105,2.647503,159.989769,5.951716,0.989842,0.029553,0.900390
-0.055100,0.036046,1.346489,0.776228,20.011825,10.102255,3.500230,2.636130,159.672058,6.134089,0.989125,0.030464,0.899842
-0.055975,0.036299,1.131408,0.778168,20.011492,10.021173,3.499262,2.649603,159.459353,5.986490,0.988457,0.029790,0.899186
-0.057682,0.037242,1.250312,0.977257,20.012038,9.795652,3.502667,2.634649,159.358981,6.155663,0.987765,0.030553,0.898510
-0.051450,0.036469,1.143008,1.806757,20.011527,10.340333,3.497444,2.657884,159.155300,6.085934,0.987403,0.030343,0.898314
-0.053051,0.036832,1.269344,0.857384,20.011572,9.836362,3.497088,2.645342,159.011847,5.945996,0.986637,0.029594,0.897576
-0.051675,0.037084,1.228596,0.805739,20.011353,10.167787,3.498722,2.638208,158.957628,6.158423,0.986195,0.030644,0.897208
-0.049127,0.037081,1.308803,0.720882,20.011183,10.495637,3.498824,2.651764,158.806603,6.074391,0.985723,0.030282,0.896846
-0.053912,0.038387,1.413033,0.774134,20.011373,10.477892,3.501163,2.647312,158.713042,6.246530,0.985188,0.031127,0.896277
-0.048704,0.037604,1.239036,0.710305,20.011333,10.533787,3.498572,2.646622,158.591693,6.164529,0.984671,0.030658,0.895832
-0.053093,0.037824,1.302641,0.765248,20.011255,9.934213,3.497281,2.642874,158.438904,6.003462,0.983850,0.029872,0.895065
-0.053849,0.038323,1.362790,0.947484,20.011573,10.534135,3.499829,2.650444,158.379816,6.237670,0.983506,0.031054,0.894807
-0.049999,0.038332,1.273108,1.341433,20.011288,10.444642,3.500751,2.634665,158.256701,6.136853,0.982891,0.030470,0.894267
-0.049541,0.039390,1.542174,0.707154,20.011492,10.718238,3.504875,2.637174,158.161695,6.052023,0.982437,0.030068,0.893848
-0.052813,0.039480,1.396876,0.894277,20.011173,10.253705,3.497341,2.644235,158.035978,6.174306,0.981682,0.030714,0.893118
-0.050670,0.039005,1.492981,0.742221,20.011257,10.187120,3.499445,2.630349,157.911243,6.059469,0.981059,0.030160,0.892570
-0.053557,0.039897,1.558409,0.683480,20.011613,10.139638,3.505954,2.653658,157.802195,6.237298,0.980464,0.031023,0.892007
-0.054880,0.039715,1.458011,0.726174,20.011222,10.243347,3.501959,2.624203,157.702614,6.128977,0.979891,0.030545,0.891570
-0.054485,0.040715,1.657683,0.656188,20.011657,9.869882,3.503964,2.658559,157.566492,5.989453,0.979196,0.029791,0.890831
-0.051957,0.041621,1.599772,0.885818,20.011433,10.396095,3.509703,2.642406,157.510513,6.231368,0.978781,0.030964,0.890553
-0.052674,0.040969,1.519779,0.658007,20.011147,9.935452,3.504239,2.651672,157.432062,6.053882,0.978031,0.030189,0.889845
-0.052172,0.041288,1.507985,0.645733,20.011042,10.333733,3.502159,2.653960,157.523337,6.011716,0.977744,0.029963,0.889625
-0.048424,0.041225,1.635991,0.671582,20.011252,10.271463,3.505341,2.635755,157.576499,5.950046,0.977348,0.029528,0.889227
-0.049210,0.042139,1.521545,0.731410,20.011195,10.332117,3.503632,2.631524,157.574634,5.849796,0.976876,0.029134,0.888846
-0.057307,0.041828,1.603784,0.652916,20.011240,9.682708,3.504183,2.662625,157.543927,5.992473,0.976116,0.029743,0.888059
-0.053857,0.041980,1.704115,0.614122,20.011543,10.014143,3.504924,2.632938,157.531810,5.915082,0.975699,0.029389,0.887727
-0.053466,0.042844,1.642936,0.744674,20.011067,9.938680,3.507826,2.650483,157.325953,5.811549,0.975078,0.028819,0.887170
-0.050073,0.043327,1.722277,0.644097,20.011400,10.106865,3.507654,2.635887,157.184478,5.978111,0.974532,0.029701,0.886640
-0.052196,0.042776,1.676518,0.664635,20.011065,10.179017,3.503660,2.632777,156.978203,5.855593,0.973935,0.029184,0.886126
-0.052541,0.043128,1.514290,0.660377,20.011265,10.017923,3.506430,2.649415,156.697214,6.024910,0.973170,0.029873,0.885392
-0.054007,0.044156,1.471918,0.745130,20.011345,10.156600,3.509184,2.629829,156.423734,5.885720,0.972478,0.029294,0.884795
-0.048960,0.044212,1.898503,0.534926,20.011053,10.648497,3.510935,2.632507,156.233813,6.100331,0.971922,0.030281,0.884366
-0.052624,0.045502,1.792054,0.642106,20.011505,9.956233,3.508144,2.629552,156.068984,6.179445,0.970994,0.030762,0.883430
-0.052459,0.044849,1.864016,0.639642,20.011697,10.240890,3.505256,2.643461,155.950636,6.106161,0.970478,0.030330,0.883028
-0.050553,0.045196,1.830756,0.591106,20.011825,10.504127,3.508249,2.640749,155.826661,5.988067,0.969932,0.029893,0.882585
-0.052347,0.046382,2.022490,0.544266,20.011332,10.489268,3.509670,2.634238,155.717999,6.185537,0.969314,0.030674,0.881963
-0.052103,0.046899,1.982555,0.532343,20.011657,10.087492,3.510504,2.636144,155.593486,6.027011,0.968571,0.029941,0.881269
-0.056738,0.047283,1.806107,0.613406,20.011628,9.961385,3.511103,2.638230,155.490273,6.176652,0.967843,0.030702,0.880602
-0.049311,0.047404,1.954633,0.511670,20.011560,10.329627,3.511138,2.635735,155.441176,6.094434,0.967384,0.030298,0.880216
-0.051973,0.048142,2.108540,0.558795,20.011573,10.133105,3.511702,2.630970,155.260493,5.960373,0.966692,0.029673,0.879604
-0.053704,0.048499,2.076078,0.557732,20.011750,10.243668,3.513719,2.646184,155.156882,6.131511,0.966064,0.030512,0.879029
-0.056438,0.049182,1.944861,0.501603,20.011975,9.765467,3.512596,2.639195,155.017710,5.957283,0.965239,0.029694,0.878247
-0.052443,0.049470,2.020215,0.718584,20.011907,10.142332,3.510909,2.626765,154.932017,6.176453,0.964722,0.030707,0.877835
-0.051731,0.049862,2.119303,0.465360,20.011267,10.383163,3.514629,2.634270,154.790067,6.069121,0.964253,0.030230,0.877363
-0.052476,0.050987,2.098532,0.555661,20.011657,10.107680,3.512590,2.626203,154.727064,5.947860,0.963537,0.029599,0.876747
-0.050363,0.050772,2.294253,0.456066,20.011762,10.290212,3.513982,2.628857,154.688878,6.150786,0.963043,0.030539,0.876274
-0.055023,0.051593,2.340746,0.431141,20.012060,9.906038,3.516590,2.632982,154.511568,5.972127,0.962221,0.029768,0.875549
-0.061763,0.052553,2.262109,0.442108,20.011950,9.718960,3.521025,2.605429,154.314567,6.139500,0.961459,0.030457,0.874817
-0.054195,0.052961,2.265400,0.486893,20.011705,10.081305,3.518349,2.624966,154.233496,6.032468,0.960948,0.030075,0.874453
-0.057524,0.053900,2.251353,0.531862,20.012532,9.710492,3.519347,2.627733,154.095631,6.174345,0.960185,0.030708,0.873674
-0.053375,0.053583,2.347448,0.484023,20.012110,10.033390,3.515598,2.609394,154.010082,6.086886,0.959680,0.030312,0.873289
-0.057782,0.054127,2.264503,0.349702,20.012312,9.732387,3.514701,2.638131,154.072243,5.962685,0.959046,0.029675,0.872694
-0.055654,0.053967,2.356915,0.480498,20.012318,9.725812,3.512020,2.649886,154.212074,5.880379,0.958632,0.029263,0.872319
-0.049956,0.054815,2.389293,0.421593,20.012413,9.950918,3.518127,2.646101,154.310320,5.803354,0.958286,0.028934,0.872002
-0.059020,0.054895,2.167084,0.523077,20.012533,8.964510,3.517844,2.612984,154.300582,5.610503,0.957409,0.028002,0.871127
-0.059149,0.056044,2.303553,0.494919,20.012398,9.526880,3.520182,2.624121,154.269215,5.893244,0.957045,0.029158,0.870871
-0.058187,0.056230,2.424311,0.461696,20.012093,9.250423,3.517824,2.635132,154.150491,5.722723,0.956329,0.028457,0.870204
-0.064230,0.056599,2.141534,0.491176,20.012743,9.153348,3.515955,2.639460,154.015839,5.891750,0.955650,0.029228,0.869549
-0.055437,0.057855,2.586080,0.397405,20.012380,9.494773,3.516780,2.618901,153.871456,5.805305,0.955150,0.028793,0.869125
-0.146511,0.058723,2.629746,0.409091,20.013000,2.669302,3.520037,2.611021,153.081055,1.218723,0.953485,0.005446,0.868736
-0.058317,0.063192,2.991662,0.336711,20.015218,9.661840,3.521855,2.626982,152.643660,5.898737,0.951800,0.029353,0.864085
-0.048869,0.063090,3.017513,0.350906,20.015882,10.231550,3.527697,2.633405,152.565456,5.790515,0.951626,0.028855,0.864947
-0.052203,0.062881,2.876208,0.347693,20.010932,9.762772,3.523314,2.608893,152.482718,5.753494,0.951009,0.028699,0.864788
-0.050583,0.062762,3.037966,0.343437,20.011545,10.242002,3.522416,2.605449,152.393351,6.046473,0.950571,0.030070,0.864754
-0.053689,0.064400,2.947348,0.347401,20.011690,10.065357,3.520129,2.637410,152.281116,5.937915,0.949951,0.029548,0.864244
-0.058754,0.065186,2.936179,0.381252,20.012250,9.930270,3.526619,2.608432,152.223196,6.116200,0.949281,0.030411,0.863673
-0.058771,0.064885,3.134877,0.323432,20.012547,9.510865,3.516859,2.624828,152.048711,5.964098,0.948498,0.029691,0.863002
-0.054480,0.066509,3.027629,0.367181,20.012517,9.765377,3.527227,2.638059,151.932925,5.873248,0.947952,0.029254,0.862572
-0.056811,0.067350,3.215184,0.318869,20.012262,9.813032,3.522317,2.602095,151.797198,6.053519,0.947337,0.030116,0.862004
-0.055935,0.068521,3.216247,0.310964,20.012825,9.966133,3.529918,2.604269,151.708276,5.950431,0.946757,0.029609,0.861530
-0.056850,0.069527,3.410358,0.293223,20.012830,9.971147,3.529373,2.623471,151.648052,5.849011,0.946196,0.029118,0.861042
-0.056489,0.070254,3.349258,0.314868,20.012703,9.970425,3.532043,2.597194,151.557186,6.035218,0.945607,0.029942,0.860455
-0.054237,0.071451,3.441352,0.290595,20.013227,10.110762,3.530976,2.608142,151.368246,5.907906,0.944984,0.029385,0.859913
-0.057769,0.072379,3.578945,0.282553,20.013153,10.180893,3.530987,2.618887,151.239697,6.085253,0.944346,0.030253,0.859355
-0.053869,0.073398,3.457313,0.314132,20.012848,10.050173,3.523503,2.620306,151.218955,5.942431,0.943656,0.029575,0.858713
-0.051640,0.074783,3.629320,0.275532,20.013045,10.278035,3.535899,2.608284,151.004425,5.870708,0.943082,0.029135,0.858257
-0.060793,0.075419,3.704939,0.269903,20.012707,9.538642,3.523492,2.616765,150.858823,5.946927,0.942138,0.029536,0.857308
-0.052364,0.076957,3.845826,0.260820,20.013165,9.948642,3.531284,2.613815,150.958286,5.868036,0.941693,0.029238,0.857016
-0.054791,0.076570,3.784452,0.280027,20.013470,9.651345,3.531898,2.630230,150.990800,5.749142,0.941107,0.028633,0.856437
-0.056606,0.077545,3.786535,0.264088,20.013830,9.408800,3.530410,2.616396,151.060579,5.636765,0.940557,0.028076,0.855911
-0.058036,0.077424,3.796375,0.277468,20.013510,9.356857,3.520684,2.609025,151.078903,5.831110,0.940011,0.028963,0.855396
-0.060859,0.078989,3.857260,0.259253,20.013597,9.018657,3.528673,2.623573,151.044768,5.676291,0.939336,0.028262,0.854773
-0.062000,0.080135,3.857910,0.272130,20.013845,8.851278,3.528605,2.619885,150.989165,5.552808,0.938660,0.027657,0.854170
-0.057693,0.081557,3.908374,0.256859,20.013587,9.722617,3.535928,2.620615,150.939623,5.819473,0.938367,0.028921,0.853987
-0.059827,0.081769,4.059329,0.246365,20.013683,9.256602,3.531300,2.621523,150.771803,5.644510,0.937558,0.028065,0.853187
-0.055502,0.084204,4.110514,0.252631,20.013597,9.265387,3.538504,2.620457,150.619146,5.541740,0.936927,0.027496,0.852609
-0.057197,0.086019,4.336515,0.235047,20.013432,9.633265,3.534178,2.613236,150.303660,5.708541,0.936288,0.028351,0.852057
-0.056517,0.087918,4.303534,0.232419,20.013677,9.482348,3.535212,2.630571,149.886738,5.809479,0.935342,0.028884,0.851172
-0.050848,0.090237,4.516535,0.227931,20.014067,9.687890,3.536390,2.624297,149.583461,5.683322,0.934544,0.028265,0.850532
-0.058626,0.093177,4.739357,0.000000,20.014893,9.414363,3.541594,2.612044,149.302089,5.790074,0.933629,0.028750,0.849640
-0.053304,0.095256,4.505284,0.223905,20.013865,9.674290,3.536347,2.609489,149.169570,5.682878,0.933030,0.028303,0.849158
-0.056981,0.096396,4.856137,0.000000,20.013663,9.712970,3.533062,2.616054,149.052980,5.866458,0.932346,0.029042,0.848536
-0.052971,0.099216,5.136083,0.000000,20.013950,9.556960,3.540233,2.610501,148.911802,5.698053,0.931565,0.028340,0.847851
-0.052443,0.100448,5.158110,0.000000,20.013957,9.797242,3.540538,2.596901,148.772131,5.887532,0.930921,0.029189,0.847284
-0.049531,0.102898,5.139361,0.000000,20.013560,9.974497,3.540669,2.602150,148.634588,5.753163,0.930304,0.028598,0.846706
-0.054925,0.104830,5.367376,0.000000,20.013637,9.509893,3.539561,2.611176,148.498158,5.564755,0.929404,0.027772,0.845882
-0.054366,0.107647,5.498535,0.000000,20.013932,9.500867,3.539582,2.617122,148.340351,5.720202,0.928638,0.028454,0.845219
-0.056959,0.109943,5.522961,0.000000,20.013968,9.187588,3.533313,2.608967,148.201072,5.553368,0.927786,0.027647,0.844421
-0.053272,0.112127,5.840623,0.000000,20.014003,9.665865,3.545044,2.606684,148.061301,5.754130,0.927195,0.028597,0.843963
-0.052585,0.114138,5.899507,0.188963,20.014133,9.917145,3.542470,2.616061,147.920577,5.615445,0.926542,0.027894,0.843282
-0.049545,0.118212,6.161118,0.000000,20.014198,9.662293,3.543199,2.595245,147.779430,5.458418,0.925709,0.027203,0.842585
-0.050064,0.121220,6.344645,0.000000,20.014155,9.790450,3.541561,2.596918,147.686475,5.601491,0.924993,0.027830,0.841862
-0.051500,0.122182,6.252436,0.000000,20.013005,9.463463,3.551705,2.610919,147.648013,5.469832,0.924206,0.027173,0.841244
-0.051368,0.125423,6.602850,0.000000,20.013933,9.254795,3.542499,2.597666,147.561521,5.319360,0.923487,0.026465,0.840538
-0.054290,0.127647,6.476521,0.000000,20.014130,9.433477,3.540650,2.616947,147.354461,5.452551,0.922755,0.027075,0.839789
-0.048794,0.131307,6.807138,0.000000,20.013787,9.665688,3.547129,2.593198,147.135302,5.325049,0.922022,0.026475,0.839179
-0.049434,0.135774,7.216333,0.000000,20.014135,9.604975,3.548415,2.607516,146.957997,5.451636,0.921190,0.027031,0.838368
-0.050244,0.139112,7.350159,0.000000,20.014343,9.507637,3.545439,2.611932,146.809756,5.314360,0.920371,0.026315,0.837691
-0.045198,0.143522,7.441972,0.000000,20.013838,9.895108,3.551683,2.602226,146.655757,5.187476,0.919736,0.025837,0.837171
-0.052548,-0.013736,7.462552,0.000000,20.014000,9.434307,3.553552,2.599200,146.688330,5.322985,0.918868,0.026284,0.836307
-0.049046,-0.012637,7.776625,0.000000,20.014070,9.687453,3.558115,2.582905,146.838023,5.232831,0.918397,0.025889,0.835935
-0.055829,-0.017095,-58.400092,0.000000,20.015432,8.784093,3.553799,2.615985,146.957863,5.059911,0.917525,0.025027,0.835144
-0.053792,0.149797,7.953193,0.000000,20.014067,8.665470,3.550763,2.599697,147.011794,4.914495,0.916865,0.024435,0.834592
-0.049293,0.153083,7.897727,0.000000,20.014083,8.961705,3.547706,2.595005,147.012824,4.844367,0.916334,0.024002,0.834155
-0.046490,0.156115,8.255982,0.000000,20.013497,8.851135,3.553590,2.588095,146.977857,4.702148,0.915631,0.023347,0.833489
-0.054797,0.159329,8.383102,0.000000,20.013940,8.454362,3.552701,2.597713,146.913608,4.828762,0.914796,0.023797,0.832655
-0.051898,0.162178,8.617684,0.000000,20.014130,8.607642,3.553573,2.612005,146.822083,4.687740,0.914155,0.023251,0.832124
-0.052592,0.169941,8.917895,0.000000,20.013738,8.961385,3.555162,2.627057,146.488791,4.750898,0.912725,0.023340,0.830845
-0.040979,0.186195,9.065764,0.000000,20.013525,9.192120,3.553138,2.596720,145.583891,4.384936,0.910856,0.021769,0.829212
-0.039717,0.205602,10.957679,0.000000,20.013452,9.199810,3.563862,2.619263,144.895989,4.283479,0.908967,0.021238,0.827389
