SCC,SCV,DVV,ICP,CCDT,CVCT,ACCV C,ACCV D,ECD,ECV,CCD,CCV,SoH
-0.033921,0.016480,0.329508,2.868540,20.007878,11.333253,3.450640,2.734707,178.101541,6.324534,1.070962,0.031558,0.972948
-0.034375,0.016379,0.361277,3.273593,20.008080,11.250138,3.451575,2.732834,178.294177,6.258093,1.072104,0.031149,0.974039
-0.035466,0.016442,0.290819,3.085354,20.008172,11.166715,3.451129,2.740024,178.390154,6.016304,1.072477,0.030030,0.974305
-0.037164,0.016729,0.357775,3.615767,20.008442,11.166732,3.451078,2.755166,178.515321,6.203289,1.073388,0.030832,0.975137
-0.034558,0.015395,0.356375,2.416375,20.008398,11.083457,3.448423,2.756788,178.674668,6.013628,1.073963,0.029959,0.975698
-0.034711,0.015765,0.328998,4.560828,20.008917,11.000155,3.447063,2.757761,178.768872,5.808366,1.074392,0.029016,0.976093
-0.037030,0.016116,0.314107,2.693959,20.008972,11.000080,3.450469,2.742522,178.825168,5.861460,1.074782,0.029266,0.976427
-0.037536,0.015245,0.328161,2.784034,20.009133,11.000053,3.446830,2.737345,178.856009,5.942171,1.075045,0.029508,0.976666
-0.037293,0.015176,0.310543,2.793065,20.008747,11.000027,3.446493,2.740787,178.898309,5.990360,1.075197,0.029701,0.976844
-0.032978,0.015061,0.288512,2.622015,20.009400,10.916718,3.444856,2.742635,178.940961,5.712200,1.075443,0.028466,0.977047
-0.034873,0.015037,0.329480,3.528367,20.009615,10.916797,3.445785,2.737365,178.950612,5.724550,1.075583,0.028551,0.977124
-0.039121,0.015528,0.303940,2.897910,20.015030,11.166737,3.456709,2.740478,177.978663,6.496272,1.070821,0.032370,0.976457
-0.035211,0.015285,0.351856,2.967029,20.014798,11.166707,3.446802,2.739854,178.566964,5.879949,1.073301,0.029187,0.973568
-0.037055,0.015120,0.332529,3.152126,20.007647,11.000067,3.445229,2.737414,178.723383,5.635732,1.074208,0.028052,0.975260
-0.040015,0.015821,0.262232,2.729689,20.008178,11.000127,3.450034,2.737442,178.736145,5.796450,1.074662,0.028783,0.975973
-0.036931,0.015665,0.318451,3.079996,20.008410,10.916815,3.448327,2.723377,178.776564,5.580444,1.074998,0.027752,0.976376
-0.034998,0.014489,0.315895,2.277957,20.009015,10.916828,3.446481,2.739421,178.806451,5.635516,1.075215,0.028007,0.976644
-0.038692,0.015564,0.336544,2.671837,20.009520,10.916705,3.447481,2.727010,178.882083,5.687796,1.075432,0.028228,0.976854
-0.037387,0.015490,0.295851,3.243336,20.009263,10.916400,3.447425,2.733776,178.840145,5.723020,1.075544,0.028387,0.977002
-0.033955,0.015660,0.306208,3.079059,20.009625,10.833455,3.449645,2.748956,178.882465,5.455328,1.075724,0.027170,0.977170
-0.036272,0.015455,0.310066,2.828236,20.009852,10.833345,3.447960,2.754317,178.890937,5.484632,1.075830,0.027295,0.977329
-0.035523,0.015508,0.255487,3.975858,20.009907,10.833423,3.446101,2.740386,178.897976,5.499490,1.075958,0.027369,0.977417
-0.035657,0.015207,0.292803,3.121077,20.009842,10.833473,3.447381,2.751555,178.898794,5.529132,1.076034,0.027467,0.977524
-0.035950,0.015137,0.301834,2.444101,20.010030,10.833388,3.446573,2.746053,178.904501,5.538914,1.076102,0.027515,0.977580
-0.036703,0.015083,0.306758,3.055962,20.010228,10.833368,3.446104,2.742883,178.908102,5.546626,1.076147,0.027564,0.977644
-0.038385,0.015194,0.263091,3.803264,20.009855,10.833435,3.444901,2.729007,178.908986,5.568787,1.076234,0.027623,0.977699
-0.035246,0.014251,0.316009,3.605149,20.009985,10.833283,3.442320,2.746267,178.913042,5.596797,1.076298,0.027723,0.977817
-0.037936,0.015172,0.280373,2.741136,20.010115,10.833485,3.445063,2.738269,178.885988,5.593679,1.076285,0.027719,0.977783
-0.038444,0.014983,0.317022,3.014119,20.010293,10.833330,3.443933,2.735765,178.887448,5.605554,1.076312,0.027733,0.977827
-0.038421,0.015235,0.312472,3.884983,20.010057,10.833387,3.445562,2.741443,178.873948,5.612803,1.076370,0.027779,0.977869
-0.036174,0.014872,0.302287,6.017361,20.009923,10.833368,3.447340,2.763197,178.868886,5.609892,1.076368,0.027775,0.977878
-0.036643,0.015184,0.287790,2.380290,20.010002,10.833475,3.446543,2.736435,178.866837,5.615615,1.076410,0.027828,0.977900
-0.036806,0.015386,0.328697,2.894171,20.010193,10.833342,3.447366,2.734201,178.854397,5.608430,1.076440,0.027809,0.977916
-0.039336,0.015986,0.257039,14.861262,20.009923,10.833410,3.449712,2.740738,178.866567,5.623650,1.076518,0.027879,0.977993
-0.034279,0.015414,0.271166,4.930000,20.010125,10.833515,3.446762,2.751158,178.859411,5.617559,1.076492,0.027878,0.977996
-0.036809,0.014881,0.310296,3.033499,20.010365,10.833475,3.445232,2.737433,178.840073,5.624094,1.076486,0.027847,0.977950
-0.032267,0.015793,0.285643,4.196706,20.010093,10.750247,3.449195,2.743218,178.829078,5.328297,1.076504,0.026552,0.978006
-0.035625,0.014810,0.320489,3.518594,20.010075,10.749985,3.444698,2.735368,178.819512,5.321945,1.076522,0.026524,0.978002
-0.035401,0.015421,0.336274,3.229337,20.010043,10.750205,3.445925,2.747078,178.784733,5.320945,1.076506,0.026520,0.977990
-0.033707,0.014806,0.304675,3.780249,20.010175,10.749980,3.443571,2.739432,178.812750,5.326729,1.076568,0.026541,0.978018
-0.034929,0.014773,0.323036,2.954169,20.010287,10.750055,3.445098,2.741324,178.778948,5.329396,1.076549,0.026526,0.978009
-0.035013,0.015421,0.305614,3.218017,20.010152,10.749953,3.446105,2.740890,178.780105,5.328408,1.076595,0.026543,0.978044
-0.036485,0.014308,0.312908,3.463420,20.010232,10.750177,3.442772,2.750401,178.782403,5.343010,1.076638,0.026592,0.978112
-0.035549,0.014644,0.312771,3.998296,20.010197,10.750218,3.445492,2.731553,178.773886,5.336975,1.076642,0.026577,0.978101
-0.034751,0.015225,0.317911,3.027374,20.010128,10.750120,3.447473,2.751887,178.760288,5.341693,1.076656,0.026574,0.978107
-0.034105,0.015172,0.300603,3.057418,20.010132,10.750077,3.447922,2.732701,178.769258,5.336197,1.076668,0.026585,0.978120
-0.035619,0.015452,0.268215,3.081206,20.010297,10.750122,3.448343,2.751466,178.745350,5.343489,1.076690,0.026601,0.978128
-0.033728,0.014987,0.314633,3.765556,20.010233,10.750018,3.445869,2.752670,178.725997,5.337453,1.076673,0.026576,0.978126
-0.037831,0.015137,0.316035,3.320061,20.010312,10.749963,3.447411,2.743761,178.721503,5.342874,1.076669,0.026572,0.978120
-0.037467,0.014849,0.250857,3.986302,20.010290,10.750063,3.445917,2.741283,178.720403,5.342895,1.076675,0.026584,0.978142
-0.038424,0.014763,0.287428,4.751136,20.009983,10.750008,3.445757,2.747991,178.696611,5.343842,1.076698,0.026595,0.978166
-0.037432,0.015355,0.318533,3.364251,20.010105,10.750088,3.447037,2.739131,178.699669,5.348256,1.076713,0.026589,0.978154
-0.035968,0.014925,0.311361,3.234651,20.010225,10.750122,3.444682,2.740966,178.691405,5.342738,1.076719,0.026589,0.978163
-0.034977,0.014970,0.315014,3.770688,20.010402,10.750112,3.446084,2.750837,178.676000,5.353066,1.076735,0.026594,0.978167
-0.034538,0.015356,0.313618,3.790137,20.010388,10.750022,3.447183,2.728678,178.673005,5.352728,1.076725,0.026615,0.978207
-0.035337,0.015503,0.307616,2.878651,20.010228,10.750142,3.449330,2.752518,178.631394,5.343113,1.076691,0.026571,0.978173
-0.034997,0.015354,0.297622,5.701269,20.010412,10.750193,3.446729,2.741458,178.618106,5.341869,1.076668,0.026552,0.978131
-0.033984,0.015561,0.308421,3.850569,20.010075,10.750105,3.447174,2.737325,178.595091,5.339255,1.076697,0.026549,0.978135
-0.038779,0.015245,0.310209,3.496841,20.010040,10.750120,3.448025,2.730569,178.608279,5.343644,1.076702,0.026555,0.978146
-0.035048,0.014591,0.290616,3.338401,20.010558,10.750008,3.443956,2.730780,178.582967,5.349931,1.076714,0.026574,0.978178
-0.036353,0.015665,0.311909,3.306681,20.010477,10.750142,3.449231,2.739922,178.563126,5.346130,1.076714,0.026545,0.978151
-0.035375,0.014993,0.171661,5.879738,20.010423,10.750038,3.445808,2.733434,178.544076,5.336977,1.076741,0.026553,0.978143
-0.037003,0.015237,0.333089,2.920475,20.010495,10.750170,3.447202,2.744226,178.543268,5.337937,1.076723,0.026533,0.978141
-0.035897,0.014859,0.290614,2.464056,20.010315,10.750208,3.446444,2.737325,178.524861,5.343057,1.076693,0.026535,0.978145
-0.039494,0.015164,0.320035,3.507763,20.009878,10.750037,3.445285,2.751425,178.937235,5.443312,1.077165,0.026912,0.978559
-0.038659,0.014413,0.285211,3.114442,20.010373,10.666815,3.443428,2.741946,179.130813,5.203559,1.077477,0.025776,0.978871
-0.038318,0.014257,0.264704,3.107772,20.010170,10.666755,3.442252,2.746889,179.272045,5.245050,1.077669,0.025905,0.979001
-0.033589,0.014818,0.278592,3.292335,20.010173,10.666688,3.442874,2.738931,179.324716,5.255938,1.077791,0.025996,0.979137
-0.037502,0.014906,0.277964,2.877120,20.010192,10.666625,3.444283,2.739339,179.334442,5.269230,1.077838,0.026060,0.979188
-0.034911,0.014277,0.271191,13.198624,20.009963,10.666632,3.442729,2.738895,178.793362,5.185501,1.077405,0.025688,0.978814
-0.035907,0.015350,0.298243,4.790764,20.010537,10.749945,3.447289,2.735423,178.455901,5.355068,1.076832,0.026593,0.978231
-0.037631,0.015428,0.325755,2.831715,20.010147,10.750088,3.448208,2.738027,178.416398,5.333387,1.076737,0.026502,0.978158
-0.038270,0.014769,0.169046,32.035220,20.010563,10.750103,3.445579,2.741555,178.399040,5.332349,1.076735,0.026496,0.978123
-0.035306,0.014913,0.323970,3.496070,20.010427,10.749957,3.447606,2.724573,178.388503,5.328615,1.076715,0.026488,0.978125
-0.036399,0.015153,0.282739,9.148892,20.010110,10.749992,3.448199,2.731412,178.379081,5.323057,1.076687,0.026479,0.978103
-0.035893,0.014523,0.312110,3.159322,20.010498,10.750028,3.445416,2.734347,178.364049,5.329621,1.076699,0.026449,0.978097
-0.036904,0.015363,0.326992,2.663698,20.010385,10.750158,3.447852,2.723116,178.339380,5.327988,1.076679,0.026448,0.978076
-0.034207,0.014927,0.330938,2.918300,20.010475,10.750162,3.446429,2.718777,178.336820,5.323392,1.076666,0.026430,0.978052
-0.035762,0.015795,0.093259,3.847492,20.010693,10.750222,3.450105,2.739459,178.315756,5.325611,1.076662,0.026419,0.978056
-0.036165,0.015131,0.316818,3.779377,20.010693,10.750025,3.447646,2.742251,178.297397,5.320497,1.076642,0.026426,0.978055
-0.037198,0.015535,0.326569,3.139700,20.010507,10.750127,3.447732,2.730013,178.269914,5.314433,1.076597,0.026388,0.978014
-0.033485,0.015031,0.327836,3.284798,20.010565,10.749918,3.449812,2.725762,178.254380,5.304046,1.076562,0.026355,0.977983
-0.034547,0.014673,0.317492,3.561277,20.010285,10.749948,3.447815,2.737531,178.241025,5.300367,1.076552,0.026300,0.977995
-0.034322,0.014845,0.322328,2.958286,20.010507,10.750105,3.446550,2.739443,178.209439,5.293904,1.076514,0.026294,0.977927
-0.035971,0.015241,0.307261,2.284159,20.010652,10.749960,3.448008,2.739914,178.205269,5.291509,1.076508,0.026286,0.977918
-0.035887,0.015304,0.318735,4.818105,20.010550,10.750212,3.450283,2.739038,178.183144,5.284388,1.076470,0.026264,0.977926
-0.035360,0.015299,0.315830,5.107404,20.010587,10.750175,3.449135,2.716749,178.166147,5.286039,1.076460,0.026266,0.977902
-0.035704,0.015302,0.315997,4.659077,20.010892,10.750167,3.448508,2.730179,178.151559,5.279939,1.076430,0.026230,0.977866
-0.035760,0.014843,0.217027,3.548849,20.011002,10.750118,3.445986,2.737310,178.140717,5.274078,1.076419,0.026236,0.977861
-0.036493,0.014861,0.315174,3.735577,20.010627,10.750182,3.447445,2.748863,178.105803,5.264173,1.076340,0.026199,0.977837
-0.033960,0.015123,0.301365,3.382216,20.010358,10.750020,3.448101,2.729664,178.112028,5.280623,1.076373,0.026220,0.977867
-0.034299,0.015427,0.318937,3.175166,20.010692,10.749942,3.448897,2.742076,178.086991,5.280217,1.076330,0.026190,0.977826
-0.034687,0.015350,0.307741,3.226795,20.010868,10.750062,3.448979,2.739128,178.077637,5.271282,1.076319,0.026190,0.977838
-0.035298,0.015535,0.316630,3.014965,20.010752,10.749952,3.449274,2.733875,178.055152,5.259814,1.076283,0.026158,0.977785
-0.035441,0.015425,0.336787,2.972593,20.010642,10.750100,3.449648,2.737485,178.049793,5.266648,1.076262,0.026139,0.977757
-0.034055,0.015636,0.303082,3.005547,20.010607,10.750208,3.449084,2.740926,178.022580,5.261926,1.076241,0.026112,0.977741
-0.035175,0.014857,0.255007,3.561160,20.010558,10.749947,3.448379,2.733371,178.010980,5.249212,1.076227,0.026095,0.977726
-0.035385,0.015144,0.331695,2.611153,20.010958,10.750087,3.446961,2.746379,178.013642,5.244154,1.076210,0.026090,0.977717
-0.034389,0.015235,0.336935,3.609302,20.010665,10.750075,3.448939,2.738331,177.983878,5.244249,1.076197,0.026072,0.977702
-0.035830,0.015678,0.306391,2.780466,20.010947,10.750088,3.450378,2.732789,177.981553,5.234415,1.076171,0.026051,0.977693
-0.035027,0.014682,0.322497,3.909844,20.010882,10.750158,3.445837,2.729608,177.969244,5.229025,1.076157,0.026025,0.977643
-0.037107,0.015393,0.326010,3.066677,20.010360,10.750073,3.449600,2.719738,177.940558,5.230099,1.076106,0.026002,0.977615
-0.035812,0.015145,0.217485,4.185214,20.011173,10.750020,3.448726,2.744608,177.926875,5.218456,1.076086,0.025969,0.977586
-0.035873,0.015555,0.338872,2.954905,20.010798,10.750092,3.449649,2.725904,177.923597,5.221362,1.076071,0.025967,0.977576
-0.035037,0.015889,0.297974,3.823298,20.010745,10.750103,3.451243,2.732932,177.909159,5.221352,1.076022,0.025955,0.977579
-0.036545,0.015243,0.295697,4.128949,20.011133,10.750102,3.448055,2.734937,177.885254,5.218660,1.076055,0.025932,0.977549
-0.034176,0.015768,0.306587,2.936132,20.010640,10.749968,3.449793,2.721123,177.872719,5.213210,1.075998,0.025899,0.977518
-0.036349,0.015200,0.297164,4.611389,20.011003,10.749930,3.448489,2.727689,177.872464,5.192667,1.075972,0.025869,0.977473
-0.035022,0.014793,0.304806,6.693287,20.010548,10.750137,3.445718,2.738946,177.842552,5.184703,1.075930,0.025848,0.977452
-0.032320,0.015974,0.321331,4.952006,20.010745,10.750062,3.450630,2.720742,177.838595,5.197765,1.075897,0.025847,0.977458
-0.036665,0.015221,0.323602,3.129265,20.010868,10.750113,3.449378,2.720974,177.802217,5.186421,1.075868,0.025793,0.977409
-0.037574,0.015376,0.302394,5.938718,20.010828,10.833458,3.449939,2.718103,177.788096,5.474055,1.075843,0.027139,0.977381
-0.038167,0.015464,0.342785,3.438681,20.010720,10.833392,3.450561,2.719186,177.797213,5.465584,1.075845,0.027136,0.977365
-0.038045,0.015388,0.347397,2.954749,20.010680,10.833335,3.448323,2.733455,177.769931,5.467385,1.075778,0.027078,0.977317
-0.039331,0.015535,0.302190,3.309219,20.010653,10.833317,3.450420,2.721799,177.766362,5.469251,1.075749,0.027041,0.977285
-0.038353,0.015188,0.303277,3.596631,20.010880,10.833355,3.447661,2.738762,177.738450,5.461534,1.075719,0.027020,0.977258
-0.040184,0.016068,0.328355,3.426686,20.011065,10.833317,3.451648,2.737810,177.712126,5.451148,1.075706,0.026987,0.977238
-0.039790,0.015621,0.250307,3.524057,20.011202,10.833328,3.450228,2.727615,177.716311,5.451067,1.075684,0.026973,0.977222
-0.036260,0.014893,0.329147,3.287397,20.011083,10.833285,3.447934,2.723877,177.684858,5.452126,1.075642,0.026933,0.977178
-0.039387,0.015158,0.324392,2.654583,20.010933,10.833265,3.447123,2.729358,177.689216,5.425043,1.075619,0.026889,0.977130
-0.038739,0.015483,0.310585,3.909977,20.010953,10.833378,3.449494,2.721930,177.671012,5.429090,1.075566,0.026854,0.977106
-0.038663,0.014860,0.323477,2.966699,20.011278,10.833505,3.446200,2.717488,177.614825,5.423077,1.075527,0.026792,0.977063
-0.037601,0.015233,0.283022,3.184011,20.011217,10.833477,3.449185,2.741308,177.604161,5.411817,1.075503,0.026759,0.977041
-0.041646,0.016330,0.289932,3.871277,20.011103,10.833400,3.453600,2.730869,177.639630,5.415384,1.075547,0.026780,0.977035
-0.036324,0.015192,0.319956,2.645293,20.011132,10.833370,3.449321,2.732768,177.624169,5.409604,1.075503,0.026804,0.977065
-0.036757,0.015341,0.344302,3.227304,20.010903,10.833352,3.449771,2.726913,177.598551,5.404262,1.075470,0.026753,0.977008
-0.036806,0.015771,0.282485,3.023387,20.010812,10.833358,3.452111,2.745920,177.571849,5.386573,1.075431,0.026669,0.976932
-0.034689,0.015185,0.311745,3.094008,20.010845,10.833478,3.449986,2.732077,177.570905,5.394312,1.075375,0.026692,0.976972
-0.033958,0.015968,0.335469,3.070557,20.010800,10.833397,3.452841,2.736461,177.545615,5.374520,1.075374,0.026630,0.976897
-0.039394,0.015165,0.343117,2.912906,20.010523,10.833518,3.451385,2.734540,177.529070,5.373441,1.075302,0.026587,0.976857
-0.033830,0.015642,0.335524,2.928782,20.010745,10.833342,3.450727,2.719730,177.530619,5.356081,1.075309,0.026556,0.976820
-0.036448,0.015453,0.327693,3.166708,20.001412,10.833492,3.449268,2.729080,177.496759,5.355523,1.075268,0.026515,0.976783
-0.036036,0.015363,0.338299,2.954517,20.011170,10.833357,3.448340,2.754766,177.485148,5.346443,1.075239,0.026483,0.976781
-0.038233,0.014786,0.331698,3.015102,20.011023,10.833442,3.447301,2.741440,177.484024,5.338987,1.075243,0.026437,0.976737
-0.039073,0.015318,0.335059,3.546361,20.010948,10.833472,3.449732,2.721757,177.489426,5.343811,1.075197,0.026458,0.976737
-0.034846,0.014914,0.343851,2.980472,20.011145,10.833428,3.448175,2.719801,177.454695,5.332547,1.075168,0.026432,0.976705
-0.039025,0.015083,0.360371,2.690061,20.010228,10.833490,3.450310,2.734644,177.462749,5.326808,1.075172,0.026435,0.976718
-0.036949,0.015694,0.331496,2.751976,20.011082,10.833418,3.450124,2.730138,177.442045,5.320419,1.075099,0.026395,0.976684
-0.034720,0.015817,0.347092,2.865063,20.010933,10.833450,3.450802,2.733011,177.414117,5.309472,1.075078,0.026356,0.976629
-0.037472,0.015871,0.343918,2.913734,19.996015,10.833572,3.451833,2.740413,177.394612,5.292893,1.075025,0.026284,0.976555
-0.033825,0.014986,0.330599,2.349554,20.011195,10.833517,3.448847,2.723094,177.360988,5.287110,1.074998,0.026274,0.976562
-0.037819,0.015182,0.337263,2.894226,20.011288,10.833452,3.449001,2.714832,177.340527,5.285435,1.074956,0.026206,0.976507
-0.036469,0.015244,0.349148,2.439181,20.010982,10.833250,3.448874,2.732025,177.336188,5.282969,1.074900,0.026207,0.976477
-0.034500,0.015495,0.359246,3.385990,19.995605,10.833385,3.450130,2.713804,177.313970,5.276828,1.074894,0.026199,0.976489
-0.037007,0.015380,0.343044,3.212314,19.986305,10.833402,3.449599,2.714069,177.302144,5.265454,1.074840,0.026149,0.976421
-0.034618,0.014983,0.306867,3.996078,19.986185,10.833387,3.447865,2.733737,177.277064,5.255561,1.074798,0.026126,0.976390
-0.037138,0.016022,0.315228,5.700896,20.007237,10.833490,3.453016,2.735237,177.260790,5.249037,1.074780,0.026083,0.976344
-0.034309,0.015797,0.340965,2.682891,19.928303,10.833268,3.450624,2.733200,177.233420,5.241724,1.074708,0.026066,0.976322
-0.036454,0.015200,0.347668,2.875264,19.961077,10.833382,3.448204,2.719632,177.216777,5.226854,1.074667,0.025996,0.976270
-0.033776,0.015822,0.333767,3.138328,19.966120,10.833313,3.453092,2.719759,177.195645,5.219558,1.074622,0.025960,0.976223
-0.034905,0.015783,0.345476,3.780925,19.963575,10.833477,3.450900,2.741893,177.189474,5.212217,1.074569,0.025905,0.976167
-0.036536,0.015222,0.343776,2.721786,19.948498,10.833492,3.448589,2.731294,177.208566,5.218726,1.074570,0.025898,0.976159
-0.033520,0.015745,0.371329,2.628840,19.983225,10.833302,3.451120,2.723420,177.173109,5.209915,1.074564,0.025910,0.976158
-0.036748,0.015683,0.360003,2.779595,19.942758,10.833410,3.450689,2.721716,177.141286,5.202241,1.074472,0.025870,0.976133
-0.035367,0.015866,0.342502,3.119829,19.986038,10.833437,3.451152,2.724729,177.147706,5.203078,1.074447,0.025835,0.976097
-0.036995,0.015830,0.295038,4.869461,19.947743,10.833345,3.450008,2.727867,177.118191,5.195637,1.074403,0.025826,0.976063
-0.035209,0.015355,0.293165,3.254041,19.980478,10.833347,3.450070,2.719772,177.102041,5.185036,1.074367,0.025785,0.976022
-0.031531,0.014809,0.321516,2.925129,20.005610,10.666843,3.450781,2.725633,177.092689,4.740069,1.074318,0.023617,0.975974
-0.037348,0.015377,0.347681,2.283156,19.925450,10.833413,3.450320,2.721746,177.108519,5.166853,1.074280,0.025698,0.975937
-0.036037,0.015647,0.331557,4.411211,19.963208,10.833310,3.451452,2.724654,177.073325,5.156145,1.074261,0.025639,0.975882
-0.035716,0.015961,0.314454,3.539583,19.929145,10.833538,3.453390,2.717758,177.070519,5.157660,1.074233,0.025637,0.975880
-0.036511,0.016213,0.337936,2.616547,19.940612,10.833415,3.453204,2.716171,177.041512,5.146566,1.074175,0.025606,0.975860
-0.034758,0.015468,0.372025,3.402449,19.921583,10.638045,3.451314,2.723083,176.997467,5.121130,1.074044,0.025461,0.975712
-0.037036,0.015704,0.371359,2.757972,19.938560,10.916742,3.452738,2.749587,176.991948,5.423761,1.074070,0.026877,0.975741
-0.037841,0.015802,0.321114,2.520477,19.957627,10.916810,3.450350,2.721755,176.970379,5.420329,1.074069,0.026846,0.975715
-0.035714,0.016024,0.342632,2.827732,19.980907,10.916680,3.455089,2.729256,176.961949,5.424671,1.074065,0.026864,0.975727
-0.035930,0.016060,0.363897,3.400735,19.944880,10.916645,3.452765,2.718394,176.946476,5.425052,1.074017,0.026859,0.975726
-0.039064,0.015932,0.318939,2.834388,19.914822,10.916823,3.453616,2.726601,176.919941,5.410911,1.073953,0.026804,0.975670
-0.036629,0.015836,0.369700,3.248461,19.879178,10.916708,3.450560,2.731571,176.923310,5.411559,1.073921,0.026761,0.975632
-0.036388,0.015438,0.355500,2.839840,19.954942,10.916738,3.449381,2.729612,176.915032,5.396668,1.073905,0.026737,0.975610
-0.038107,0.015837,0.350152,2.707120,19.899332,10.916562,3.452365,2.736182,176.883375,5.395653,1.073861,0.026710,0.975588
-0.038464,0.016635,0.341327,2.780685,19.895182,10.916573,3.455376,2.729516,176.844847,5.385326,1.073799,0.026624,0.975521
-0.039585,0.015551,0.369656,2.741706,19.867818,10.916725,3.450007,2.734614,176.837001,5.370040,1.073726,0.026564,0.975454
-0.037373,0.015603,0.326537,3.879842,19.903717,10.916797,3.451033,2.726170,176.818225,5.362947,1.073719,0.026532,0.975418
-0.037510,0.015875,0.348578,2.920932,19.851382,10.916650,3.450799,2.733119,176.797459,5.342841,1.073643,0.026454,0.975348
-0.036421,0.015646,0.336432,5.292664,19.872958,10.916692,3.452431,2.724042,176.786253,5.334491,1.073618,0.026415,0.975307
-0.036409,0.015363,0.366398,2.647656,19.852120,10.916730,3.449553,2.729537,176.783110,5.331401,1.073591,0.026393,0.975307
-0.038828,0.016198,0.315328,2.662142,19.914208,10.916668,3.454659,2.717782,176.811800,5.333317,1.073604,0.026374,0.975279
-0.039351,0.015632,0.325759,2.899372,19.857115,10.916843,3.450798,2.729973,176.915877,5.332702,1.073638,0.026392,0.975284
-0.035176,0.016227,0.323150,3.188907,19.940370,10.833362,3.454363,2.717192,177.040455,5.053813,1.073793,0.025117,0.975385
-0.035073,0.015419,0.347340,3.329948,19.886622,10.833400,3.450496,2.724671,177.031427,5.056002,1.073794,0.025150,0.975448
-0.036675,0.015238,0.291593,3.427133,19.903757,10.833305,3.451095,2.725159,176.954708,5.053931,1.073726,0.025105,0.975388
-0.036985,0.016234,0.316801,5.204201,19.911698,10.916680,3.453371,2.732028,176.793819,5.319793,1.073574,0.026344,0.975249
-0.035697,0.015282,0.324093,2.953196,19.840032,10.916585,3.451313,2.730235,176.669342,5.284663,1.073355,0.026195,0.975088
-0.037314,0.015700,0.358975,2.760567,19.841523,10.916712,3.452565,2.721532,176.665068,5.263207,1.073283,0.026102,0.975026
-0.038584,0.016111,0.371536,3.029495,19.859275,10.916735,3.453832,2.728939,176.694342,5.252608,1.073237,0.026056,0.974971
-0.035867,0.015924,0.361630,2.792110,19.918625,10.916857,3.451867,2.715804,176.849981,5.278221,1.073410,0.026116,0.975036
-0.037565,0.016271,0.280551,10.782920,19.933873,10.916852,3.454751,2.738647,176.954564,5.305130,1.073521,0.026215,0.975128
-0.035991,0.016231,0.325319,3.073305,19.919733,10.916802,3.453190,2.733750,176.999826,5.308035,1.073558,0.026272,0.975184
-0.032756,0.016182,0.362213,2.348149,19.972530,10.833368,3.454962,2.731071,177.019226,4.993332,1.073580,0.024887,0.975180
-0.038710,0.015686,0.335462,3.141421,19.978782,10.150605,3.452681,2.731303,176.931970,5.221754,1.073151,0.025848,0.974804
-0.037792,0.016255,0.354091,3.107519,19.932962,10.916758,3.452728,2.724192,176.910886,5.286134,1.073390,0.026136,0.975081
-0.037716,0.015875,0.313641,2.748924,19.878688,10.916763,3.453921,2.729616,176.828291,5.257547,1.073279,0.026045,0.974979
-0.036590,0.015615,0.349705,3.132478,19.883118,10.916867,3.452041,2.729698,176.659205,5.225563,1.073146,0.025926,0.974869
-0.037930,0.015462,0.373842,2.764669,19.920698,10.916763,3.449874,2.726026,176.493276,5.196544,1.072901,0.025756,0.974647
-0.036363,0.016065,0.322276,4.929871,19.881980,10.916657,3.453420,2.737424,176.476613,5.177300,1.072830,0.025725,0.974606
-0.036317,0.015352,0.354784,2.850308,19.921420,10.916682,3.451023,2.697067,176.456803,5.171182,1.072798,0.025665,0.974557
-0.035265,0.015719,0.345076,3.481396,19.873957,10.916897,3.451695,2.711098,176.442314,5.164220,1.072727,0.025654,0.974524
-0.039018,0.015989,0.331693,4.451801,19.827610,10.916837,3.450442,2.739099,176.417839,5.147819,1.072659,0.025589,0.974456
-0.036087,0.016369,0.343291,2.911314,19.886840,10.916650,3.455197,2.710541,176.404188,5.135728,1.072643,0.025556,0.974424
-0.035439,0.015427,0.380078,2.757171,19.825397,10.916757,3.450339,2.719854,176.387425,5.130736,1.072562,0.025509,0.974364
-0.036330,0.016363,0.340760,3.691659,19.843460,10.916747,3.455405,2.731782,176.365799,5.120460,1.072539,0.025447,0.974313
-0.036880,0.016275,0.344011,2.413366,19.802972,11.000130,3.455020,2.727286,176.346597,5.420081,1.072473,0.026812,0.974311
-0.038961,0.016474,0.347082,2.721106,19.852090,11.000067,3.455021,2.736497,176.356505,5.388436,1.072443,0.026732,0.974247
-0.041899,0.016151,0.352376,2.652149,19.830033,11.000067,3.454237,2.724530,176.376913,5.397938,1.072411,0.026718,0.974196
-0.037837,0.016460,0.368798,2.922866,19.847118,10.999895,3.454766,2.737790,176.416026,5.389307,1.072422,0.026717,0.974230
-0.035429,0.016046,0.359182,2.531489,19.866912,10.916688,3.454318,2.739694,176.526389,5.102649,1.072495,0.025340,0.974233
-0.037587,0.016040,0.322699,2.959903,19.891613,10.916723,3.454166,2.737430,176.655611,5.114443,1.072608,0.025412,0.974332
-0.034064,0.016150,0.371591,2.755441,19.888602,10.916703,3.454358,2.711753,176.648126,5.124934,1.072639,0.025438,0.974373
-0.035689,0.015454,0.338568,2.982097,19.843113,10.916785,3.450530,2.716873,176.545727,5.117125,1.072539,0.025396,0.974337
-0.034881,0.015847,0.327336,3.433858,19.853908,10.916783,3.454493,2.730738,176.393695,5.080676,1.072371,0.025268,0.974170
-0.038894,0.016177,0.385833,2.847793,19.784640,10.525563,3.453477,2.717775,176.223475,5.309192,1.071934,0.026263,0.973784
-0.038116,0.016030,0.360125,2.537324,19.820075,10.898485,3.456123,2.724532,176.184569,5.329646,1.071973,0.026329,0.973828
-0.037491,0.015771,0.397675,2.935011,19.794825,10.956680,3.453776,2.737022,176.336692,5.314583,1.072040,0.026326,0.973850
-0.036158,0.016218,0.321220,3.113175,19.873088,10.916772,3.457352,2.750834,176.554257,5.052184,1.072286,0.025121,0.974041
-0.035537,0.016286,0.350066,3.241244,19.804893,10.756850,3.454031,2.730864,176.690601,5.071959,1.072357,0.025165,0.974127
-0.037954,0.015637,0.370540,2.279982,19.930503,10.916627,3.451330,2.709164,176.773277,5.111004,1.072545,0.025265,0.974247
-0.038558,0.015376,0.388418,2.382244,19.908607,10.916740,3.449951,2.716269,176.789638,5.120461,1.072567,0.025324,0.974306
-0.035328,0.015921,0.320812,3.520235,19.876390,10.916897,3.453335,2.737262,176.778546,5.106941,1.072519,0.025278,0.974273
-0.034588,0.015555,0.360474,2.469947,19.866968,10.916792,3.451860,2.725983,176.717796,5.086153,1.072434,0.025220,0.974216
-0.037223,0.016096,0.362544,3.247262,19.867730,10.916807,3.453344,2.730674,176.639450,5.076465,1.072352,0.025163,0.974135
-0.035734,0.016017,0.368573,2.941362,19.851995,10.916778,3.453267,2.723272,176.406181,5.042090,1.072158,0.025045,0.973988
-0.036147,0.016177,0.386289,2.785641,19.832943,11.000178,3.454503,2.716793,176.129262,5.275235,1.071794,0.026121,0.973649
-0.036536,0.016338,0.361220,2.601947,19.754085,11.000037,3.455408,2.726590,176.032765,5.229165,1.071584,0.025983,0.973490
-0.037542,0.016202,0.350234,2.662223,19.813968,11.000232,3.453429,2.719097,176.025504,5.224468,1.071529,0.025904,0.973411
-0.034035,0.016425,0.332305,3.147512,19.735668,10.999968,3.454493,2.705106,175.989237,5.208279,1.071447,0.025859,0.973379
-0.038416,0.016653,0.391762,2.847234,19.766090,10.783020,3.454148,2.721908,175.960337,5.158472,1.071296,0.025666,0.973186
-0.035571,0.016564,0.312030,3.509246,19.739362,11.000077,3.455526,2.727865,175.948241,5.175016,1.071319,0.025719,0.973228
-0.034786,0.015953,0.386220,2.340845,19.819688,11.000098,3.453823,2.715445,175.940528,5.173615,1.071290,0.025673,0.973171
-0.036761,0.016495,0.365464,2.736162,19.805743,11.000112,3.457238,2.720905,175.917227,5.167273,1.071220,0.025641,0.973136
-0.035833,0.016717,0.382566,2.606343,19.795957,10.939388,3.457124,2.731534,175.924593,5.147023,1.071152,0.025562,0.973056
-0.035654,0.015958,0.364332,2.695940,19.839517,10.999907,3.451962,2.713265,175.954449,5.144727,1.071163,0.025543,0.973039
-0.037277,0.016301,0.379730,2.388094,19.789955,10.832557,3.456082,2.727729,175.977834,5.121492,1.071080,0.025452,0.972962
-0.036616,0.016436,0.336508,2.807020,19.790002,11.000200,3.453682,2.733267,176.047919,5.136424,1.071174,0.025531,0.973058
-0.034941,0.015798,0.318566,2.461323,19.771347,10.999997,3.453760,2.727542,176.133692,5.143615,1.071235,0.025538,0.973080
-0.038524,0.016517,0.375102,2.664875,19.867797,10.999873,3.454498,2.727825,176.277491,5.174080,1.071396,0.025601,0.973163
-0.035952,0.015588,0.380194,2.433865,19.802283,11.000075,3.451947,2.737118,176.259863,5.170836,1.071409,0.025620,0.973199
-0.036897,0.016162,0.377089,3.149413,19.787650,10.643340,3.455081,2.725729,176.076331,5.110245,1.071078,0.025350,0.972922
-0.033740,0.016237,0.372657,2.346795,19.793937,11.000203,3.453978,2.719991,175.901838,5.101232,1.070993,0.025354,0.972856
-0.037223,0.015951,0.363192,2.931551,19.730407,11.083373,3.454461,2.721695,175.765708,5.366166,1.070766,0.026583,0.972694
-0.038758,0.016532,0.392079,2.735138,19.824355,11.083277,3.454679,2.723594,175.753903,5.368015,1.070727,0.026540,0.972651
-0.037905,0.015717,0.387652,2.424576,19.706393,11.083270,3.454908,2.728051,175.816147,5.345618,1.070658,0.026475,0.972587
-0.035348,0.017018,0.378217,3.173430,19.629132,11.007655,3.457191,2.713219,174.941386,5.345122,1.070735,0.026480,0.972597
-0.038421,0.015640,0.336839,3.193177,19.777483,10.999965,3.453789,2.721856,176.062552,5.067118,1.070875,0.025202,0.972739
-0.034793,0.016377,0.381502,2.804977,19.822222,10.999982,3.454678,2.728674,176.121047,5.091739,1.070945,0.025226,0.972791
-0.042246,0.016007,0.383840,2.869443,19.688925,9.633662,3.452236,2.733913,176.051738,4.951266,1.070234,0.024566,0.972201
-0.034049,0.016233,0.386953,2.640595,19.832035,11.000002,3.453871,2.722354,176.111983,5.064690,1.070812,0.025162,0.972716
-0.042878,0.015842,0.374481,3.378124,19.720458,9.809667,3.453898,2.715764,175.999121,4.950072,1.070188,0.024562,0.972158
-0.035358,0.015999,0.400120,2.065007,19.736938,11.000005,3.454187,2.716913,175.981206,5.038031,1.070595,0.025052,0.972585
-0.039180,0.016634,0.387760,2.522375,19.703085,10.663262,3.455816,2.710493,175.784607,5.287364,1.070289,0.026146,0.972314
-0.042275,0.016158,0.378032,2.631405,19.642912,10.101098,3.455270,2.729704,175.552569,5.172390,1.069704,0.025615,0.971789
-0.036833,0.016444,0.397848,2.164677,19.694577,11.083297,3.456807,2.735151,175.574979,5.223774,1.070059,0.025982,0.972109
-0.037966,0.016236,0.375318,2.664997,19.734792,11.083415,3.455027,2.743572,175.565008,5.227810,1.070038,0.025959,0.972082
-0.036873,0.015950,0.377299,3.087976,19.677262,10.800612,3.454561,2.717848,175.533059,5.203438,1.069855,0.025813,0.971940
-0.037532,0.016933,0.381680,3.154324,19.724128,11.083448,3.458797,2.738177,175.519304,5.210821,1.069935,0.025869,0.971983
-0.035300,0.016703,0.387467,3.235014,19.759243,11.083485,3.456986,2.708809,175.500043,5.200105,1.069890,0.025810,0.971927
-0.035743,0.017087,0.391786,4.410456,19.626415,11.083365,3.457547,2.724186,175.489401,5.187257,1.069788,0.025759,0.971881
-0.037037,0.016737,0.387949,2.421004,19.698618,10.613377,3.456509,2.724750,175.446655,5.128805,1.069566,0.025477,0.971609
-0.036000,0.016627,0.376032,3.036908,19.703518,11.083350,3.454570,2.712743,175.464414,5.158827,1.069707,0.025655,0.971757
-0.038271,0.016925,0.391463,2.424607,19.743195,10.746500,3.458597,2.724177,175.466059,5.124068,1.069558,0.025453,0.971582
-0.034649,0.016817,0.383946,2.505873,19.681872,11.083480,3.457310,2.747878,175.507813,5.156153,1.069650,0.025613,0.971743
-0.035045,0.016429,0.396445,1.517270,19.728860,11.083420,3.455155,2.745110,175.535724,5.149331,1.069664,0.025583,0.971707
-0.046771,0.016158,0.363198,4.584766,19.595787,9.805288,3.455432,2.743633,175.550061,5.031170,1.069023,0.024947,0.971150
-0.032432,0.016780,0.398861,2.638297,19.835197,11.083312,3.456843,2.705611,175.732897,5.143607,1.069773,0.025524,0.971706
-0.033442,0.015859,0.378590,2.660651,19.703660,11.083558,3.453271,2.727148,175.742450,5.172803,1.069777,0.025634,0.971814
-0.035966,0.016308,0.386794,2.650919,19.708377,11.083457,3.455458,2.723297,175.627785,5.157823,1.069685,0.025569,0.971731
-0.039376,0.016639,0.398749,3.885500,19.635650,10.331865,3.456936,2.717150,175.416855,5.051079,1.069134,0.025083,0.971247
-0.037225,0.016992,0.418814,2.592704,19.677137,11.166727,3.457979,2.726560,175.333227,5.381444,1.069219,0.026636,0.971367
-0.038104,0.017216,0.392480,2.326272,19.637575,11.166733,3.458199,2.735308,175.297075,5.383290,1.069187,0.026608,0.971323
-0.036929,0.017100,0.388332,2.676686,19.669788,11.166833,3.458559,2.718964,175.347143,5.374677,1.069155,0.026536,0.971276
-0.037109,0.017040,0.306476,2.637703,19.730898,11.166818,3.460177,2.707332,175.479250,5.372373,1.069264,0.026582,0.971311
-0.037093,0.016575,0.402251,3.500367,19.697785,10.567030,3.455864,2.732812,175.576185,5.040529,1.069104,0.025025,0.971185
-0.037810,0.016812,0.393278,2.936237,19.686243,10.927562,3.456958,2.724580,175.652120,5.073941,1.069305,0.025183,0.971382
-0.035488,0.016368,0.387320,2.629149,19.722895,10.917213,3.455965,2.718944,175.684016,5.066352,1.069327,0.025129,0.971370
-0.036643,0.016451,0.376254,3.155418,19.716832,10.834598,3.454540,2.728200,175.663303,5.077403,1.069235,0.025104,0.971315
-0.038849,0.016193,0.380070,3.314894,19.676282,10.739003,3.454218,2.732713,175.629989,5.033623,1.069130,0.024998,0.971178
-0.034286,0.016669,0.396679,2.673757,19.711620,11.083467,3.455661,2.719313,175.611955,5.043352,1.069188,0.025093,0.971264
-0.043477,0.016291,0.385511,2.442576,19.620332,9.787052,3.453403,2.722252,175.407922,4.923602,1.068500,0.024415,0.970617
-0.039716,0.016552,0.388069,2.497931,19.631753,10.903857,3.457539,2.725731,175.187657,5.259518,1.068628,0.026043,0.970820
-0.038372,0.016564,0.379824,2.681943,19.625272,10.810598,3.458716,2.728695,175.114523,5.216619,1.068435,0.025867,0.970623
-0.034999,0.016717,0.415240,2.420655,19.617925,11.166705,3.459229,2.724773,175.110818,5.219978,1.068503,0.025970,0.970703
-0.035593,0.016783,0.384914,2.685403,19.658027,11.166863,3.457844,2.718186,175.101513,5.223357,1.068487,0.025936,0.970670
-0.035045,0.016929,0.362762,3.729553,19.586727,11.166610,3.457501,2.720196,175.071181,5.209684,1.068392,0.025896,0.970630
-0.036404,0.016891,0.426765,2.595292,19.576280,10.946933,3.457604,2.724853,175.051414,5.174282,1.068236,0.025733,0.970484
-0.037023,0.016562,0.429090,2.412982,19.647428,11.166753,3.457973,2.719892,175.039346,5.186353,1.068276,0.025770,0.970487
-0.036201,0.016480,0.417754,2.916925,19.628277,11.166803,3.455406,2.731326,175.033456,5.187951,1.068186,0.025724,0.970454
-0.038297,0.016826,0.415100,2.361637,19.576663,11.112697,3.458156,2.732311,174.994520,5.163509,1.068103,0.025635,0.970356
-0.036087,0.016589,0.421667,2.623134,19.615912,11.166728,3.459664,2.728762,174.988000,5.154728,1.068074,0.025585,0.970305
-0.037226,0.016954,0.406768,2.860131,19.695647,11.079040,3.459143,2.722586,174.973418,5.142167,1.068024,0.025511,0.970239
-0.037731,0.016659,0.363427,2.558409,19.533972,10.568712,3.457316,2.734727,174.939149,5.072803,1.067664,0.025226,0.969948
-0.035057,0.017037,0.421648,2.300888,19.606737,11.166693,3.457933,2.738456,175.012203,5.124495,1.067927,0.025446,0.970169
-0.042265,0.016582,0.406511,2.749658,19.611845,10.001387,3.456974,2.725722,175.066701,5.019255,1.067504,0.024901,0.969708
-0.038017,0.017186,0.415802,2.251718,19.550813,10.776960,3.459280,2.726082,175.110567,5.089936,1.067804,0.025267,0.970038
-0.035457,0.017020,0.402959,2.414763,19.634350,11.131097,3.457595,2.723964,175.029480,5.102440,1.067906,0.025368,0.970119
-0.037612,0.016960,0.424780,2.605644,19.539837,11.250035,3.457261,2.708431,174.883180,5.378542,1.067705,0.026672,0.969993
-0.039422,0.017615,0.364445,2.204961,19.578082,10.892718,3.461705,2.708527,174.865800,5.356460,1.067523,0.026474,0.969811
-0.036426,0.016861,0.402164,2.550593,19.550827,11.234460,3.458247,2.726185,174.846739,5.362602,1.067579,0.026540,0.969879
-0.039238,0.017647,0.433727,2.480441,19.546203,11.250073,3.459069,2.721675,174.876206,5.346596,1.067511,0.026477,0.969816
-0.040595,0.017170,0.424109,2.755459,19.589982,10.779698,3.459643,2.722747,174.932015,5.309239,1.067359,0.026266,0.969638
-0.035724,0.016928,0.420950,2.460929,19.645335,11.105383,3.457262,2.722308,175.054332,5.045030,1.067603,0.025080,0.969825
-0.042229,0.017381,0.402909,2.413793,19.584555,10.453828,3.460768,2.726708,175.156416,5.002778,1.067407,0.024831,0.969650
-0.044396,0.016960,0.417080,2.366186,19.520318,9.923620,3.457743,2.726888,175.181847,4.950062,1.067164,0.024578,0.969443
-0.039415,0.017014,0.418129,2.261486,19.679935,10.704260,3.456901,2.730793,175.260969,5.031732,1.067560,0.024930,0.969766
-0.035087,0.016130,0.398340,2.641322,19.619587,11.166663,3.453995,2.726261,175.298842,5.075129,1.067733,0.025188,0.970000
-0.038502,0.016000,0.359716,2.471581,19.695028,11.166620,3.455132,2.730126,175.325468,5.076069,1.067795,0.025156,0.969997
-0.034548,0.016996,0.365384,2.408625,19.617175,11.166648,3.457656,2.731303,175.242941,5.072521,1.067740,0.025115,0.969939
-0.035208,0.016629,0.410317,2.417614,19.607122,11.166807,3.454568,2.714670,174.958107,5.028545,1.067452,0.024947,0.969725
-0.040420,0.016124,0.385166,2.588853,19.589027,11.250248,3.454896,2.722985,174.741266,5.267244,1.067171,0.026083,0.969456
-0.038979,0.016769,0.414093,2.409052,19.519500,10.808388,3.460635,2.722039,174.663388,5.192681,1.066777,0.025741,0.969119
-0.037223,0.016411,0.422290,2.480360,19.543295,11.134553,3.456627,2.735814,174.643751,5.193157,1.066828,0.025794,0.969154
-0.039717,0.017686,0.392436,2.295718,19.608743,10.857880,3.462031,2.717795,174.623125,5.153692,1.066684,0.025609,0.968992
-0.041321,0.016673,0.424230,2.214402,19.512528,10.709630,3.456771,2.723197,174.610092,5.136583,1.066476,0.025508,0.968888
-0.040862,0.017160,0.416880,2.398627,19.478765,10.320108,3.458071,2.732086,174.569355,5.092013,1.066242,0.025232,0.968624
-0.035663,0.017468,0.367899,2.015051,19.545862,11.250053,3.459379,2.722223,174.563414,5.149883,1.066572,0.025582,0.968916
-0.038079,0.017394,0.436581,2.672619,19.528580,10.993068,3.459127,2.704885,174.542358,5.125414,1.066441,0.025435,0.968792
-0.037327,0.016892,0.440546,2.334622,19.500482,10.655455,3.456885,2.726788,174.510044,5.084724,1.066212,0.025241,0.968603
-0.036926,0.017025,0.414819,2.463279,19.557305,10.994030,3.460117,2.723077,174.508217,5.097422,1.066327,0.025323,0.968680
-0.035283,0.017422,0.446839,2.166161,19.543817,11.250170,3.460477,2.715000,174.506917,5.112269,1.066374,0.025411,0.968755
-0.034260,0.017132,0.457371,2.474811,19.553803,11.250097,3.458348,2.715448,174.503393,5.098570,1.066344,0.025359,0.968704
-0.035300,0.017190,0.396161,2.032352,19.538038,11.210205,3.458910,2.717974,174.541728,5.092758,1.066328,0.025334,0.968698
-0.037443,0.017307,0.448427,3.080535,19.549042,11.250023,3.459855,2.712500,174.512358,5.096388,1.066317,0.025307,0.968648
-0.038302,0.017228,0.428314,2.284449,19.574467,11.333445,3.459502,2.726217,174.466781,5.377787,1.066188,0.026618,0.968553
-0.040291,0.017485,0.440530,2.208691,19.563228,11.027490,3.460654,2.737192,174.444878,5.342346,1.066001,0.026451,0.968418
-0.041837,0.017386,0.412236,2.133347,19.472335,10.612300,3.459295,2.720180,174.395219,5.299302,1.065708,0.026191,0.968171
-0.035567,0.017780,0.416727,2.436409,19.512195,11.333440,3.460680,2.728519,174.401052,5.346403,1.065954,0.026420,0.968393
-0.037949,0.017342,0.442055,2.309941,19.501227,11.084633,3.459639,2.725808,174.370393,5.323860,1.065798,0.026312,0.968269
-0.041671,0.017561,0.435456,2.103169,19.480200,10.427527,3.461759,2.726768,174.397229,5.243302,1.065501,0.025940,0.967934
-0.038422,0.017768,0.433640,2.001901,19.531908,11.333503,3.462163,2.730030,174.506332,5.314237,1.065900,0.026283,0.968261
-0.039246,0.016809,0.430525,2.209097,19.594212,11.275400,3.457672,2.717653,174.557100,5.317362,1.065937,0.026323,0.968286
-0.039692,0.017937,0.395922,2.389591,19.528863,10.351797,3.463025,2.730836,174.565940,4.939452,1.065557,0.024556,0.967960
-0.036993,0.016979,0.441953,2.622791,19.502238,10.939568,3.457128,2.724690,174.602271,4.991640,1.065750,0.024784,0.968161
-0.034409,0.017045,0.430623,2.647305,19.524523,11.249942,3.458102,2.732915,174.598752,5.002051,1.065859,0.024866,0.968243
-0.040889,0.017572,0.430259,2.252415,19.517843,10.886010,3.460000,2.727150,174.586836,5.260894,1.065632,0.026033,0.968046
-0.039780,0.017041,0.408971,3.670875,19.560840,10.733668,3.458465,2.708266,174.586011,5.242490,1.065559,0.025917,0.967920
-0.040540,0.016597,0.429717,2.327418,19.484452,10.958387,3.457290,2.741894,174.366531,5.233793,1.065401,0.025880,0.967883
-0.036852,0.017901,0.395878,2.557609,19.494093,11.128430,3.461953,2.726033,174.237561,5.184917,1.065222,0.025728,0.967701
-0.036648,0.016949,0.452147,2.476197,19.599587,11.333507,3.458975,2.724808,174.219283,5.183893,1.065284,0.025757,0.967744
-0.037584,0.017442,0.400727,2.587547,19.490148,10.964535,3.462064,2.707992,174.178922,5.147774,1.065024,0.025564,0.967554
-0.035071,0.017560,0.437187,2.656962,19.517397,11.333462,3.462760,2.727669,174.188064,5.176430,1.065111,0.025640,0.967604
-0.039091,0.017140,0.421755,2.334012,19.465013,10.292795,3.459604,2.714999,174.120129,5.060230,1.064598,0.025126,0.967136
-0.035745,0.017400,0.448201,2.570392,19.500428,11.333502,3.460963,2.719805,174.131724,5.142080,1.064941,0.025504,0.967454
-0.037977,0.017157,0.382617,2.737605,19.451513,10.641548,3.459097,2.717753,174.107626,5.070287,1.064600,0.025166,0.967161
-0.042332,0.017552,0.395237,2.265708,19.493987,10.111528,3.460372,2.720844,174.064320,4.996147,1.064304,0.024816,0.966813
-0.039345,0.017340,0.430912,2.320872,19.451650,10.859375,3.460546,2.726195,174.069587,5.342226,1.064464,0.026453,0.967019
-0.042526,0.017505,0.451759,2.456465,19.497638,10.341747,3.461824,2.721716,174.023194,5.281909,1.064194,0.026147,0.966737
-0.038896,0.017152,0.355568,2.800955,19.468475,10.640287,3.457656,2.726386,174.016695,5.299407,1.064218,0.026224,0.966798
-0.040355,0.018135,0.453442,2.318602,19.572772,11.415802,3.464279,2.725159,174.499080,5.372620,1.064737,0.026655,0.967223
-0.038662,0.017530,0.413827,2.458186,19.633440,10.392467,3.460431,2.728138,175.045234,4.843381,1.065112,0.024028,0.967513
-0.036042,0.016388,0.403450,2.282689,19.646590,11.044368,3.456117,2.713751,175.378205,4.987714,1.065684,0.024576,0.968078
-0.037809,0.016798,0.421256,2.394263,19.608730,10.395255,3.457325,2.743733,175.406949,4.651422,1.065515,0.023100,0.968012
-0.039218,0.016920,0.402278,2.002131,19.588310,10.507843,3.457427,2.729679,175.338538,4.940854,1.065453,0.024434,0.967957
-0.049154,0.017140,0.432924,2.273914,19.533253,9.459238,3.456483,2.734657,175.235987,4.836799,1.064901,0.023850,0.967431
-0.036469,0.016789,0.403686,3.312716,19.633183,10.976940,3.456774,2.741117,175.266664,4.947102,1.065460,0.024412,0.967933
-0.044610,0.017118,0.433012,2.331957,19.540372,9.594008,3.458859,2.741721,175.202312,4.814688,1.064795,0.023786,0.967361
-0.047025,0.017195,0.414294,2.374205,19.515920,9.067352,3.456831,2.720148,175.354380,4.766811,1.064582,0.023483,0.967101
-0.038596,0.017160,0.372873,2.569770,19.588592,10.261142,3.457647,2.714583,175.648314,4.598554,1.065322,0.022810,0.967777
-0.039238,0.016646,0.388821,2.665337,19.707047,10.156615,3.455023,2.729672,175.842915,4.629527,1.065536,0.022900,0.967924
-0.046383,0.016024,0.397004,3.221667,19.670978,9.486108,3.452543,2.721377,175.951358,4.613447,1.065350,0.022720,0.967795
-0.041069,0.017022,0.377973,2.597315,19.685807,9.812268,3.455609,2.745656,176.069659,4.655813,1.065543,0.022922,0.967964
-0.043169,0.016717,0.393717,2.309157,19.671725,9.730957,3.454142,2.730067,176.139512,4.655602,1.065566,0.022946,0.968005
-0.042887,0.016568,0.397855,3.153684,19.621915,9.218022,3.453587,2.728568,176.121294,4.318452,1.065355,0.021357,0.967815
-0.048652,0.016884,0.398526,2.601856,19.633377,9.486882,3.453864,2.727474,176.112534,4.609569,1.065334,0.022740,0.967815
-0.043982,0.016473,0.384179,2.860019,19.676228,9.968772,3.453442,2.722191,176.014278,4.641860,1.065539,0.022884,0.967942
-0.048880,0.017071,0.372062,2.726277,19.608532,8.898935,3.458704,2.727978,175.677328,4.492792,1.064705,0.022175,0.967301
-0.034526,0.016664,0.410603,2.480539,19.581895,10.543967,3.453679,2.728636,175.467155,4.563283,1.065038,0.022665,0.967618
-0.044766,0.016840,0.407168,2.507909,19.538425,9.196805,3.456008,2.724505,175.205074,4.698703,1.064204,0.023173,0.966796
-0.045700,0.016782,0.400249,2.285501,19.471358,9.884872,3.457294,2.728363,174.965567,4.701591,1.064269,0.023265,0.966861
-0.040854,0.017465,0.420743,1.979650,19.567840,9.691605,3.460371,2.716768,175.000434,4.663554,1.064075,0.023078,0.966651
-0.035647,0.017238,0.371870,3.600990,19.527593,10.663432,3.460665,2.725187,174.988285,4.724599,1.064363,0.023415,0.966964
-0.039572,0.017057,0.446692,2.615943,19.482280,9.500660,3.460743,2.734374,174.915762,4.609920,1.063794,0.022837,0.966397
-0.035997,0.016937,0.443864,2.363844,19.492503,10.416040,3.456254,2.717718,174.943159,4.680067,1.064090,0.023193,0.966700
-0.041105,0.016935,0.420663,3.329817,19.512385,10.002308,3.460094,2.736971,174.922205,4.635806,1.063891,0.022969,0.966501
-0.040015,0.017360,0.420192,3.159358,19.552722,10.572823,3.460790,2.745770,174.937089,4.965795,1.064037,0.024499,0.966650
-0.047374,0.016789,0.411640,2.573078,19.488612,9.144648,3.459412,2.722450,174.872923,4.828197,1.063310,0.023798,0.965989
-0.046692,0.017541,0.405103,2.567585,19.448323,9.666082,3.460019,2.725476,174.856980,4.853886,1.063431,0.023921,0.966093
-0.043216,0.017156,0.408771,3.154799,19.485730,9.985902,3.460408,2.725018,174.867936,4.860447,1.063521,0.023970,0.966156
-0.038906,0.017117,0.413188,2.098916,19.549065,10.721753,3.457891,2.725553,174.994149,4.925779,1.063857,0.024302,0.966441
-0.044103,0.017186,0.423616,2.648846,19.497667,10.081755,3.458948,2.729895,175.027547,4.876636,1.063650,0.024070,0.966258
-0.045369,0.017344,0.402567,2.256732,19.456082,9.487043,3.460229,2.716341,174.949829,4.815044,1.063280,0.023755,0.965954
-0.039153,0.017009,0.429256,2.533002,19.537105,10.187408,3.457849,2.734880,174.868379,4.839261,1.063429,0.023904,0.966099
-0.039371,0.017584,0.447207,2.567568,19.485955,10.511158,3.460054,2.728752,174.821247,4.845094,1.063439,0.023938,0.966118
-0.038315,0.017885,0.405713,2.788840,19.499348,10.446012,3.460441,2.725349,174.772899,4.811749,1.063299,0.023828,0.965990
-0.040474,0.017447,0.413475,2.271969,19.480610,9.920708,3.459127,2.725098,174.727928,4.743293,1.062973,0.023508,0.965698
-0.038116,0.017314,0.393067,2.617260,19.539323,10.245040,3.458000,2.717616,174.916158,4.784704,1.063190,0.023656,0.965850
-0.040843,0.017613,0.419920,2.381352,19.554093,10.400630,3.459040,2.728242,175.102407,4.835130,1.063382,0.023838,0.966027
-0.036876,0.017392,0.412074,2.758202,19.504032,9.908428,3.458412,2.736760,175.232475,4.513488,1.063313,0.022377,0.965970
-0.037498,0.017166,0.395840,2.325224,19.606020,10.569858,3.456213,2.733248,175.368503,4.565966,1.063683,0.022641,0.966249
-0.033855,0.016751,0.402545,2.633063,19.622755,10.998943,3.455142,2.732516,175.449980,4.621114,1.063885,0.022862,0.966464
-0.038239,0.017807,0.373827,2.456369,19.680615,10.908948,3.459027,2.721200,175.506608,4.613175,1.063913,0.022825,0.966453
-0.044617,0.016751,0.274198,9.475744,19.523932,9.160432,3.457180,2.748578,175.460991,4.472493,1.063150,0.022094,0.965796
-0.046511,0.017099,0.405899,2.634201,19.510107,8.953832,3.457175,2.742197,175.467277,4.420042,1.062960,0.021868,0.965593
-0.039972,0.016984,0.373026,2.834441,19.565670,9.757515,3.456596,2.732751,175.374443,4.476541,1.063202,0.022150,0.965823
-0.054277,0.017689,0.415081,3.714741,19.421005,8.677728,3.458364,2.732380,175.066577,4.625886,1.062326,0.022822,0.965115
-0.034034,0.017384,0.421336,2.882804,19.514963,10.673472,3.457580,2.730724,174.945765,4.741860,1.062919,0.023448,0.965655
-0.037661,0.016865,0.404906,2.574285,19.477147,10.507705,3.454633,2.724567,174.808071,4.695545,1.062693,0.023264,0.965453
-0.040428,0.017266,0.411183,2.515072,19.484543,9.710537,3.459029,2.725072,174.671560,4.603919,1.062224,0.022831,0.965013
-0.038983,0.017103,0.423344,2.501923,19.468708,10.733005,3.459240,2.718501,174.640445,4.959760,1.062430,0.024486,0.965247
-0.044695,0.017771,0.421413,2.307359,19.413568,9.913803,3.459574,2.736445,174.590936,4.880676,1.061998,0.024065,0.964836
-0.041628,0.017842,0.433989,2.239962,19.477173,10.370697,3.459760,2.728949,174.564554,4.897758,1.062126,0.024140,0.964911
-0.051948,0.016944,0.427684,2.516832,19.350060,8.801320,3.458400,2.738995,174.477563,4.729349,1.061297,0.023308,0.964163
-0.051572,0.017114,0.416157,3.157874,19.370512,9.359493,3.460436,2.741813,174.508369,4.754836,1.061434,0.023478,0.964306
-0.044104,0.016823,0.388465,2.440585,19.436243,10.333765,3.456629,2.742078,174.560149,4.837168,1.061837,0.023872,0.964668
-0.037600,0.017074,0.438052,2.662962,19.434053,10.830570,3.459748,2.731797,174.585077,4.869878,1.062023,0.024066,0.964831
-0.047553,0.017214,0.435172,2.213459,19.385147,9.709928,3.460226,2.730914,174.547376,4.786576,1.061521,0.023533,0.964355
-0.050093,0.017348,0.426088,2.611102,19.392567,8.850425,3.459279,2.727271,174.527368,4.670260,1.061033,0.023017,0.963888
-0.038133,0.017512,0.462780,2.509567,19.446757,10.626618,3.459979,2.742091,174.685872,4.823772,1.061818,0.023807,0.964598
-0.048937,0.017960,0.427235,2.672213,19.422115,9.209273,3.461894,2.735873,174.681185,4.717228,1.061286,0.023262,0.964121
-0.038892,0.017949,0.414302,2.362779,19.448878,10.805555,3.461678,2.739976,174.671494,4.837443,1.061847,0.023877,0.964667
-0.035228,0.017497,0.435765,2.286502,19.498747,11.209900,3.459280,2.732513,174.588330,4.854493,1.061903,0.023939,0.964722
-0.038679,0.017718,0.403601,2.477927,19.393530,10.038802,3.460299,2.730908,174.421253,4.723728,1.061285,0.023351,0.964192
-0.043831,0.017783,0.446460,2.915348,19.399575,9.772970,3.461637,2.731908,174.335919,4.657628,1.060997,0.023090,0.963901
-0.038119,0.017309,0.403639,2.405738,19.402947,10.347683,3.458657,2.734400,174.328478,4.696464,1.061107,0.023242,0.964017
-0.043826,0.017589,0.450375,2.492857,19.391290,9.969555,3.460776,2.730556,174.468415,4.657406,1.061017,0.023055,0.963877
-0.045061,0.017416,0.429878,2.464101,19.444663,9.734970,3.459615,2.725644,174.662087,4.660338,1.061043,0.023016,0.963892
-0.041045,0.018231,0.430478,2.068365,19.478510,10.186793,3.460922,2.730522,174.839140,4.731133,1.061360,0.023326,0.964174
-0.045508,0.017582,0.425390,3.216572,19.414462,9.081507,3.459862,2.737946,174.919070,4.348165,1.060992,0.021541,0.963810
-0.046603,0.017155,0.369589,3.932131,19.395685,8.499828,3.457582,2.741785,174.943495,4.289975,1.060702,0.021224,0.963570
-0.035424,0.017525,0.390620,2.615833,19.484830,10.437027,3.458039,2.732287,175.058997,4.456586,1.061510,0.022068,0.964333
-0.036998,0.017067,0.409402,2.372044,19.507245,10.192497,3.455659,2.742984,175.086410,4.444222,1.061476,0.021990,0.964272
-0.040817,0.017468,0.404174,2.820936,19.481393,9.429312,3.460090,2.734651,175.047064,4.386230,1.061118,0.021636,0.963955
-0.042891,0.017009,0.416970,2.600169,19.483160,9.562525,3.456187,2.725491,174.898354,4.370113,1.061042,0.021628,0.963927
-0.046500,0.017278,0.398479,2.774456,19.365292,8.969507,3.458191,2.739650,174.606716,4.561831,1.060404,0.022457,0.963372
-0.041306,0.017201,0.432572,2.481234,19.384800,10.114993,3.459242,2.737370,174.440814,4.584957,1.060553,0.022714,0.963551
-0.047415,0.017818,0.439641,2.460229,19.367408,9.024683,3.461241,2.725338,174.279779,4.457767,1.059924,0.022085,0.962934
-0.041108,0.017511,0.422920,2.503905,19.422825,10.100740,3.460615,2.724827,174.219196,4.818496,1.060187,0.023736,0.963148
-0.038723,0.017578,0.449274,2.529717,19.411997,10.485873,3.461959,2.719949,174.174233,4.823069,1.060240,0.023790,0.963210
-0.048505,0.017242,0.378997,2.736207,19.334378,9.215738,3.459595,2.728787,174.088432,4.675082,1.059597,0.023140,0.962604
-0.037256,0.017573,0.447097,2.728099,19.416143,11.050763,3.461176,2.724803,174.136345,4.812972,1.060231,0.023806,0.963208
-0.043391,0.017860,0.417470,2.034626,19.380873,9.643757,3.461878,2.724244,174.076773,4.700244,1.059637,0.023206,0.962644
-0.042885,0.018287,0.431924,2.298071,19.326797,10.178093,3.463951,2.727538,174.092547,4.715594,1.059753,0.023347,0.962765
-0.040739,0.017405,0.447566,2.049054,19.326927,9.717693,3.461625,2.726151,174.107531,4.673906,1.059534,0.023093,0.962539
-0.037641,0.017387,0.412841,2.233773,19.405775,11.295427,3.460745,2.730632,174.193697,4.804040,1.060127,0.023707,0.963105
-0.042489,0.017560,0.448585,1.882012,19.301633,9.592338,3.459355,2.730838,174.157078,4.650225,1.059442,0.022998,0.962470
-0.044333,0.017356,0.370468,7.316140,19.345303,9.437092,3.459758,2.727089,174.207287,4.624503,1.059304,0.022825,0.962302
-0.052104,0.017311,0.436743,2.819919,19.332077,8.925390,3.460053,2.729235,174.280217,4.572271,1.059078,0.022558,0.962083
-0.051739,0.017220,0.454303,2.351107,19.370597,8.705125,3.457932,2.737013,174.333671,4.548133,1.058985,0.022437,0.961963
-0.035951,0.017343,0.416082,2.362577,19.397852,10.585138,3.460392,2.721522,174.336073,4.695127,1.059698,0.023237,0.962683
-0.046605,0.018163,0.430174,2.441733,19.320060,9.318923,3.460219,2.730723,174.175269,4.566294,1.059018,0.022605,0.962112
-0.043645,0.018000,0.419326,2.548589,19.305663,9.748105,3.461020,2.725414,174.052377,4.571131,1.058995,0.022636,0.962084
-0.047369,0.017908,0.449856,2.511144,19.261233,9.629202,3.460584,2.729180,173.949626,4.824437,1.058733,0.023844,0.961869
-0.048582,0.018096,0.469033,2.359614,19.278755,8.740620,3.460784,2.747728,173.852049,4.721825,1.058159,0.023247,0.961346
-0.048545,0.018055,0.457210,2.194887,19.324890,9.358110,3.462211,2.725432,173.999508,4.766565,1.058427,0.023513,0.961563
-0.038264,0.017677,0.443350,2.497301,19.384520,10.151302,3.462396,2.727687,174.240123,4.565803,1.058979,0.022595,0.962028
-0.043362,0.017659,0.450327,3.123528,19.340385,9.790093,3.459760,2.739751,174.404650,4.558762,1.058996,0.022526,0.962034
-0.043426,0.017486,0.419460,2.879634,19.330715,9.388128,3.459995,2.725965,174.471644,4.531210,1.058855,0.022371,0.961916
-0.052296,0.018214,0.449915,2.197569,19.339325,8.701177,3.462111,2.737524,174.498113,4.485437,1.058557,0.022039,0.961606
-0.044351,0.017434,0.433987,2.529899,19.326913,9.093392,3.458677,2.740468,174.543349,4.512677,1.058670,0.022207,0.961767
-0.045810,0.017080,0.441029,2.499509,19.353597,9.450270,3.455713,2.735282,174.569970,4.538775,1.058806,0.022301,0.961845
-0.048900,0.017169,0.370077,2.777049,19.321088,8.863873,3.458265,2.734297,174.502063,4.465243,1.058462,0.021969,0.961553
-0.041724,0.017652,0.409432,3.538194,19.390905,9.670003,3.461073,2.719775,174.431503,4.498633,1.058719,0.022222,0.961759
-0.045450,0.017825,0.452183,2.309338,19.292768,9.430838,3.461916,2.736499,174.165959,4.447279,1.058326,0.021970,0.961477
-0.039214,0.017989,0.450083,2.301929,19.326422,10.336450,3.461279,2.734469,173.988981,4.755245,1.058377,0.023463,0.961514
-0.045973,0.017685,0.467861,2.287476,19.315535,9.537748,3.461142,2.731462,173.812346,4.648348,1.057857,0.022945,0.961051
-0.043158,0.018097,0.391503,2.513597,19.313782,9.813167,3.461005,2.746406,173.705753,4.632117,1.057768,0.022911,0.960970
-0.040342,0.017673,0.461208,2.471045,19.300178,9.892533,3.461921,2.736542,173.651494,4.607604,1.057680,0.022841,0.960866
-0.041451,0.018258,0.427775,2.263596,19.285700,9.344707,3.460414,2.719626,173.615378,4.541716,1.057342,0.022509,0.960548
-0.041417,0.017378,0.464525,2.337498,19.248860,9.671262,3.459246,2.743106,173.616163,4.554185,1.057368,0.022576,0.960605
-0.046645,0.018211,0.426591,2.343924,19.247083,9.622253,3.462444,2.719878,173.579328,4.835907,1.057242,0.023833,0.960481
-0.041249,0.018465,0.451658,2.197749,19.283112,10.256193,3.465823,2.728315,173.603445,4.880790,1.057445,0.024033,0.960652
-0.044543,0.017963,0.452070,2.447550,19.258860,9.599070,3.462259,2.727494,173.574583,4.815085,1.057110,0.023712,0.960362
-0.053575,0.017767,0.433896,2.193781,19.258395,9.111085,3.459872,2.725218,173.552924,4.746873,1.056811,0.023404,0.960080
-0.044497,0.018098,0.422531,2.594290,19.255527,9.980905,3.459966,2.728020,173.595367,4.812751,1.057110,0.023751,0.960395
-0.041223,0.017706,0.454795,3.012061,19.279447,10.184600,3.461486,2.738623,173.638972,4.821450,1.057202,0.023798,0.960446
-0.036171,0.017962,0.401877,3.013428,19.330877,10.661615,3.460502,2.726393,173.752547,4.565011,1.057460,0.022630,0.960650
-0.045162,0.017490,0.469186,2.309941,19.251942,8.958682,3.459543,2.733108,173.789958,4.430632,1.056803,0.021925,0.960068
-0.045996,0.018167,0.409306,2.392790,19.303058,8.984090,3.460598,2.723117,173.734450,4.417937,1.056727,0.021860,0.959994
-0.053430,0.018906,0.444120,2.358273,19.176670,8.415535,3.465276,2.734469,173.550572,4.622697,1.056145,0.022785,0.959517
-0.047376,0.017857,0.448292,2.024297,19.227490,9.368747,3.461611,2.743218,173.501628,4.677094,1.056424,0.023044,0.959749
-0.049486,0.017585,0.413456,2.457929,19.242197,8.865987,3.459527,2.724815,173.430867,4.592153,1.056099,0.022708,0.959429
-0.043842,0.018362,0.487254,2.633333,19.220898,9.638847,3.462879,2.734135,173.433063,4.643958,1.056307,0.022973,0.959658
-0.052211,0.018124,0.483164,1.652684,19.232115,8.693595,3.461516,2.735445,173.429833,4.548220,1.055811,0.022441,0.959163
-0.041551,0.017773,0.427671,2.271322,19.327437,10.345358,3.459401,2.732844,173.655770,4.690327,1.056617,0.023184,0.959858
-0.045826,0.018157,0.464308,2.301949,19.265408,9.774047,3.461737,2.737952,173.755190,4.673891,1.056495,0.023052,0.959751
-0.046663,0.017919,0.397433,2.320061,19.340653,9.626007,3.459900,2.732596,173.818861,4.667979,1.056448,0.022984,0.959711
-0.047221,0.018443,0.432884,1.905968,19.259627,9.279627,3.462621,2.733102,173.856582,4.633152,1.056254,0.022817,0.959549
-0.040818,0.017756,0.333945,2.508781,19.338192,9.808683,3.459060,2.763930,173.918977,4.665168,1.056492,0.023012,0.959721
-0.055477,0.018578,0.441015,2.646568,19.233902,8.593873,3.463415,2.726284,173.871452,4.550172,1.055867,0.022423,0.959191
-0.047680,0.018509,0.437634,2.014288,19.277557,9.187130,3.463293,2.726332,173.898783,4.586121,1.056036,0.022572,0.959321
-0.045373,0.017796,0.394273,2.508500,19.210207,9.251835,3.460541,2.742063,173.900717,4.575456,1.056040,0.022553,0.959314
-0.046463,0.017901,0.419422,2.350493,19.240700,9.501442,3.460233,2.734132,173.741069,4.571966,1.055958,0.022549,0.959312
-0.046127,0.017789,0.470251,2.153185,19.249835,9.267073,3.459893,2.735036,173.533191,4.501580,1.055617,0.022235,0.958990
-0.045927,0.018370,0.466858,2.223553,19.187803,8.977523,3.463239,2.730700,173.371341,4.435586,1.055225,0.021956,0.958664
-0.044047,0.018429,0.474077,2.202957,19.213140,9.723542,3.461477,2.729514,173.288084,4.771891,1.055347,0.023476,0.958755
-0.046261,0.017360,0.474856,2.399152,19.214993,9.595282,3.459319,2.740181,173.220954,4.732380,1.055164,0.023304,0.958601
-0.045276,0.017593,0.435725,2.295681,19.131622,8.934293,3.461350,2.716344,173.155515,4.643721,1.054712,0.022884,0.958216
-0.047076,0.018619,0.478111,2.329517,19.218875,9.503550,3.461777,2.715690,173.146259,4.669558,1.054893,0.023036,0.958355
-0.043256,0.018104,0.474027,2.404056,19.267223,9.849865,3.462888,2.736656,173.142187,4.683414,1.054975,0.023151,0.958439
-0.046571,0.018024,0.448408,3.029468,19.235090,9.135603,3.459015,2.734821,173.097893,4.596198,1.054584,0.022738,0.958056
-0.045092,0.017825,0.450353,2.201210,19.205860,9.343880,3.460413,2.713530,173.060677,4.596641,1.054544,0.022741,0.958065
-0.054499,0.018508,0.464565,2.193760,19.115062,8.573445,3.462852,2.716325,172.985907,4.504695,1.054087,0.022282,0.957629
-0.042134,0.018502,0.470565,2.502356,19.208413,9.919470,3.465324,2.713735,173.022568,4.594949,1.054569,0.022785,0.958057
-0.037165,0.018191,0.456781,2.417175,19.234005,10.112078,3.464075,2.720177,173.017403,4.612782,1.054596,0.022853,0.958112
-0.040120,0.018754,0.463503,2.758112,19.203705,9.975567,3.464259,2.732254,173.026561,4.591716,1.054487,0.022731,0.957980
-0.035727,0.019130,0.470244,2.533888,19.227677,10.417685,3.467483,2.730403,173.009468,4.603523,1.054578,0.022853,0.958099
-0.049377,0.018803,0.510280,2.089051,19.208222,9.544420,3.463593,2.711504,172.956692,4.808631,1.054107,0.023749,0.957631
-0.050245,0.018738,0.464815,2.803808,19.163483,9.095650,3.466731,2.742548,172.928175,4.772588,1.053788,0.023531,0.957359
-0.047780,0.018815,0.479462,1.828012,19.167338,9.490028,3.466812,2.754178,172.910392,4.778890,1.053822,0.023519,0.957397
-0.043625,0.018515,0.493518,2.262979,19.179887,9.539923,3.464529,2.733144,172.879874,4.752253,1.053746,0.023428,0.957317
-0.052855,0.018934,0.486320,2.716069,19.098417,8.954910,3.466076,2.721103,172.813829,4.670309,1.053357,0.023062,0.956979
-0.046120,0.018076,0.471153,2.188069,19.193710,9.876488,3.462864,2.716132,172.843918,4.723305,1.053650,0.023366,0.957242
-0.040860,0.018487,0.501207,2.200202,19.258447,10.000898,3.464263,2.726789,173.079308,4.760791,1.053809,0.023438,0.957329
-0.041235,0.018311,0.432901,2.731312,19.265393,9.542807,3.464724,2.724650,173.311733,4.445832,1.053874,0.022043,0.957360
-0.045272,0.018854,0.476578,2.098242,19.209620,8.953078,3.463631,2.721031,173.494676,4.420724,1.053729,0.021832,0.957226
-0.041704,0.018230,0.459852,2.175016,19.347613,10.431137,3.462330,2.737720,173.704699,4.562754,1.054443,0.022496,0.957860
-0.052394,0.018555,0.444095,2.375113,19.270343,8.789652,3.463319,2.748378,173.764464,4.456178,1.053862,0.021941,0.957366
-0.049166,0.018516,0.448048,2.013066,19.292153,9.049202,3.463177,2.746860,173.844509,4.481069,1.053956,0.022014,0.957424
-0.050631,0.018333,0.390604,2.155772,19.273755,9.230673,3.459362,2.730923,173.895892,4.484885,1.054005,0.022093,0.957519
-0.049916,0.018804,0.453782,2.304421,19.331405,9.385283,3.463540,2.718249,173.894381,4.495320,1.054022,0.022120,0.957540
-0.052348,0.018143,0.467026,2.166979,19.262468,8.361775,3.458660,2.726575,173.754221,4.388538,1.053470,0.021555,0.957014
-0.044884,0.017716,0.434721,2.639213,19.241163,9.174772,3.458577,2.733075,173.476089,4.391841,1.053470,0.021668,0.957104
-0.043579,0.018492,0.475125,2.323872,19.237017,10.065717,3.462411,2.728792,173.214127,4.700086,1.053463,0.023202,0.957134
-0.049912,0.017992,0.475039,2.226736,19.170413,9.004480,3.463511,2.754400,172.963934,4.552663,1.052747,0.022455,0.956430
-0.045548,0.017874,0.483470,1.576915,19.173138,9.499072,3.458799,2.726914,172.840686,4.538476,1.052698,0.022471,0.956408
-0.051491,0.018494,0.481196,1.982281,19.154990,9.055873,3.463769,2.722788,172.754215,4.472579,1.052375,0.022140,0.956073
-0.042381,0.018960,0.462218,2.174939,19.208818,9.765818,3.465142,2.743696,172.727695,4.509767,1.052530,0.022343,0.956226
-0.052807,0.018504,0.465072,1.952008,19.143582,8.837667,3.463221,2.725552,172.642906,4.709026,1.051970,0.023182,0.955710
-0.057774,0.018736,0.516889,2.232261,19.004977,8.001600,3.462609,2.699350,171.275606,4.677753,1.050282,0.023092,0.954250
-0.041013,0.019103,0.539139,1.879261,19.066817,10.612520,3.468662,2.732392,171.233262,5.098878,1.051003,0.025291,0.954834
-0.038048,0.020243,0.554331,1.900311,19.153732,11.146993,3.474314,2.705456,169.705011,5.258730,1.050184,0.026109,0.954145
-0.036023,0.021020,0.562407,1.854976,19.228820,12.047542,3.480529,2.695529,168.793714,5.898069,1.048949,0.029320,0.952905
-0.043746,0.019345,0.562843,1.941038,19.192630,10.516483,3.469427,2.702267,171.126976,5.019795,1.050635,0.024887,0.954428
-0.041977,0.020329,0.570655,1.781685,19.166472,11.046963,3.472619,2.701508,171.045484,5.448003,1.049796,0.027037,0.953640
-0.045967,0.019360,0.531203,2.061066,19.161138,9.970718,3.467620,2.713952,171.258056,4.984257,1.050360,0.024659,0.954259
-0.042646,0.019864,0.521970,1.916240,19.228418,9.946002,3.470698,2.710720,171.089733,4.921298,1.050073,0.024412,0.953941
-0.040634,0.019793,0.537556,2.029360,19.197023,11.037242,3.469513,2.726503,171.103328,5.292908,1.050374,0.026195,0.954287
-0.042298,0.020085,0.555531,1.912039,19.221970,10.736312,3.469917,2.723686,171.106240,5.265201,1.050203,0.026013,0.954126
-0.045125,0.019820,0.523085,1.860370,19.193887,10.227597,3.471186,2.733570,171.088305,5.200714,1.049910,0.025716,0.953845
-0.056296,0.019448,0.513888,1.945951,19.087165,8.737047,3.468457,2.724922,170.999460,5.035577,1.049039,0.024857,0.953060
-0.043719,0.019123,0.538703,1.990244,19.156727,10.058395,3.468195,2.709491,171.003589,5.122017,1.049571,0.025347,0.953524
-0.042786,0.019358,0.474903,2.107539,19.182530,10.336173,3.468036,2.718355,170.994225,5.122883,1.049613,0.025369,0.953511
-0.044778,0.019717,0.554811,2.012829,19.255603,10.246208,3.471332,2.711356,171.121453,5.135981,1.049629,0.025342,0.953497
-0.050470,0.019811,0.522639,1.913441,19.160473,9.837547,3.468617,2.714262,171.237749,5.107547,1.049466,0.025235,0.953413
-0.041444,0.019834,0.525424,1.572599,19.237410,10.668463,3.469085,2.708895,171.375360,5.161761,1.049834,0.025559,0.953730
-0.040205,0.018940,0.495082,2.360641,19.270875,10.432920,3.464141,2.732362,171.473643,4.863459,1.049852,0.024111,0.953715
-0.041244,0.019862,0.540654,2.147329,19.243282,10.110367,3.469656,2.719372,171.505703,4.825192,1.049673,0.023934,0.953560
-0.044590,0.019079,0.520933,1.838312,19.238395,9.771432,3.465531,2.712638,171.537974,4.790917,1.049479,0.023728,0.953381
-0.043307,0.018727,0.518377,1.873340,19.233167,9.568672,3.465365,2.724161,171.569683,4.765360,1.049346,0.023579,0.953250
-0.039279,0.019775,0.551789,1.778003,19.326690,10.631082,3.468717,2.730441,171.650903,4.835970,1.049722,0.023978,0.953623
-0.059901,0.019456,0.534439,2.117452,19.168123,8.092937,3.467840,2.718733,171.356747,4.584248,1.048385,0.022703,0.952411
-0.050404,0.019300,0.509165,1.945686,19.259487,9.522270,3.469537,2.715095,171.124667,4.954912,1.048677,0.024461,0.952689
-0.041284,0.019923,0.534047,2.008104,19.257607,10.455863,3.469152,2.718206,170.928894,4.963296,1.048771,0.024668,0.952827
-0.045531,0.020203,0.500762,1.937521,19.236465,10.265692,3.471825,2.717259,170.780466,5.188375,1.048437,0.025726,0.952501
-0.048265,0.019525,0.573301,2.010011,19.222047,9.994183,3.470090,2.701439,170.744789,5.162016,1.048197,0.025526,0.952302
-0.046311,0.020137,0.556770,1.909119,19.257580,10.657015,3.472273,2.705804,170.751987,5.180980,1.048366,0.025663,0.952395
-0.042479,0.019562,0.558555,1.815567,19.270463,10.814762,3.470439,2.707254,170.746104,5.184418,1.048335,0.025663,0.952419
-0.048215,0.019535,0.548877,1.821239,19.239958,9.939940,3.470404,2.695046,170.680630,5.090467,1.047842,0.025192,0.951975
-0.046734,0.019785,0.554916,1.759534,19.245373,10.041730,3.470396,2.705208,170.661154,5.065397,1.047747,0.025092,0.951896
-0.045155,0.019328,0.549830,1.863733,19.203342,9.814175,3.467782,2.716756,170.632129,5.008411,1.047550,0.024844,0.951654
-0.043288,0.020267,0.529919,1.871418,19.229580,10.123872,3.470758,2.725314,170.633102,5.030866,1.047565,0.024964,0.951719
-0.045020,0.020179,0.583369,1.948133,19.222610,10.253272,3.471353,2.710543,170.628044,5.039876,1.047538,0.024916,0.951683
-0.044338,0.019843,0.537095,2.096143,19.356973,10.324872,3.469023,2.711762,170.638837,5.021019,1.047497,0.024873,0.951633
-0.044883,0.020245,0.559066,2.067176,19.249163,9.910975,3.470071,2.708593,170.657638,4.977344,1.047212,0.024639,0.951402
-0.047803,0.020272,0.523081,1.854099,19.197390,9.695150,3.470874,2.710294,170.679110,4.937966,1.047074,0.024459,0.951259
-0.043472,0.019949,0.504754,2.122052,19.298382,10.332077,3.468661,2.717655,170.723581,4.968536,1.047347,0.024649,0.951462
-0.041431,0.020023,0.563547,1.804509,19.287940,10.363863,3.470659,2.715163,170.610251,4.950279,1.047208,0.024602,0.951376
-0.050988,0.020016,0.587686,1.835522,19.228000,9.399667,3.471490,2.721043,170.470805,5.134096,1.046536,0.025367,0.950749
-0.046069,0.019615,0.520012,2.668493,19.305622,10.038877,3.467702,2.705894,170.469693,5.158156,1.046696,0.025502,0.950901
-0.058322,0.020235,0.567768,1.799342,19.177955,8.710612,3.470479,2.712379,170.378289,5.006667,1.045899,0.024706,0.950173
-0.041763,0.019803,0.581011,1.926553,19.271943,10.709663,3.467192,2.717567,170.422782,5.163235,1.046655,0.025564,0.950925
-0.044196,0.020177,0.503615,2.152353,19.318468,10.485390,3.472350,2.722965,170.512287,5.138419,1.046599,0.025432,0.950820
-0.043602,0.019922,0.597356,1.744128,19.257357,10.137792,3.470328,2.706461,170.616832,5.095279,1.046430,0.025221,0.950621
-0.049482,0.020369,0.538044,1.844570,19.274785,9.292098,3.472128,2.718577,170.697956,5.027929,1.046078,0.024839,0.950291
-0.046622,0.020037,0.542041,1.753641,19.318753,10.288225,3.468080,2.709423,170.784246,5.111011,1.046438,0.025259,0.950660
-0.048785,0.020974,0.556490,2.024383,19.319503,10.143183,3.472431,2.719661,170.832414,5.090869,1.046370,0.025176,0.950571
-0.050540,0.020345,0.520277,1.816833,19.335248,10.082957,3.470276,2.718067,170.824039,5.078649,1.046273,0.025053,0.950480
-0.046623,0.019543,0.570033,2.587460,19.318068,10.058633,3.467435,2.702340,170.752262,5.056856,1.046121,0.024954,0.950367
-0.046368,0.019767,0.575256,1.681055,19.276117,10.034018,3.469166,2.703711,170.699763,5.018637,1.045935,0.024799,0.950217
-0.041012,0.020475,0.545880,1.969057,19.305502,10.694182,3.469714,2.710388,170.627637,5.027301,1.046074,0.024904,0.950316
-0.047115,0.020316,0.591271,1.895440,19.284060,9.347227,3.468753,2.710831,170.319560,4.875526,1.045188,0.024182,0.949587
-0.045004,0.020818,0.571117,1.912982,19.261263,10.445398,3.472320,2.701465,170.216362,5.213024,1.045297,0.025763,0.949741
-0.043441,0.019786,0.558026,1.825503,19.263397,10.305277,3.470174,2.713783,170.181586,5.157685,1.045146,0.025582,0.949547
-0.045744,0.019772,0.573654,2.153404,19.266330,10.334447,3.469555,2.715246,170.173655,5.140017,1.045008,0.025478,0.949445
-0.045023,0.020913,0.444003,1.723351,19.292627,9.698860,3.471911,2.703047,170.099866,5.055425,1.044574,0.025061,0.949033
-0.050914,0.020394,0.581073,1.852238,19.253768,9.599048,3.470067,2.731490,170.041948,5.019700,1.044380,0.024896,0.948869
-0.040317,0.020750,0.592574,1.796403,19.344088,10.688445,3.471309,2.710804,170.093646,5.090582,1.044731,0.025261,0.949194
-0.056946,0.020297,0.566963,1.930461,19.235875,9.074818,3.470458,2.698637,169.983971,5.213450,1.043884,0.025804,0.948371
-0.047614,0.020877,0.587683,1.980482,19.267370,10.149950,3.470486,2.711529,169.983488,5.289816,1.044180,0.026150,0.948684
-0.044313,0.020103,0.589558,1.712020,19.284317,10.584760,3.470703,2.725539,169.972458,5.295760,1.044255,0.026214,0.948746
-0.044442,0.020916,0.596843,2.035321,19.236558,10.326233,3.473588,2.704502,169.963446,5.262039,1.044043,0.026001,0.948561
-0.044838,0.020393,0.588186,1.785001,19.296145,10.560562,3.470536,2.689818,169.960150,5.242107,1.044051,0.025913,0.948499
-0.038378,0.020707,0.551057,1.724357,19.354200,11.020420,3.471803,2.698477,169.938834,5.258588,1.044124,0.026024,0.948585
-0.042466,0.021181,0.601829,1.681954,19.408983,10.479943,3.475005,2.706237,169.965731,5.190019,1.043827,0.025731,0.948301
-0.044147,0.021014,0.605745,1.817616,19.262467,10.352077,3.473102,2.714449,170.034205,5.174046,1.043676,0.025615,0.948194
-0.049686,0.020721,0.594514,2.461917,19.237247,9.331030,3.468881,2.698004,169.978699,5.050685,1.043133,0.025028,0.947679
-0.047709,0.020813,0.574670,1.981389,19.276732,9.888175,3.473191,2.702201,169.835481,5.059481,1.043122,0.025101,0.947707
-0.044866,0.021163,0.560776,1.876223,19.286763,10.301547,3.473144,2.706338,169.787409,5.066613,1.043104,0.025162,0.947695
-0.046274,0.020344,0.608016,2.039254,19.329367,10.500762,3.471363,2.708805,169.784332,5.361592,1.043021,0.026492,0.947625
-0.047488,0.021190,0.565460,1.767348,19.281808,10.285162,3.471957,2.712545,169.746286,5.315164,1.042806,0.026284,0.947432
-0.040263,0.020769,0.566198,2.263142,19.353547,11.087013,3.473049,2.735227,169.757110,5.356832,1.042966,0.026473,0.947583
-0.050983,0.020770,0.604229,1.879795,19.270023,9.276168,3.469918,2.699423,169.849970,5.174510,1.042203,0.025556,0.946763
-0.046896,0.020802,0.603306,1.550532,19.325528,10.009603,3.472203,2.716036,170.092387,5.231850,1.042560,0.025880,0.947052
-0.050209,0.020230,0.570596,1.742442,19.354252,9.214700,3.468083,2.701423,170.206033,4.869525,1.042312,0.024142,0.946793
-0.053541,0.020763,0.601711,1.750618,19.250155,9.104778,3.472350,2.716507,170.270207,4.864563,1.042153,0.024076,0.946770
-0.038329,0.020631,0.557337,1.965426,19.408452,10.607022,3.468195,2.711641,170.380070,4.978286,1.042760,0.024644,0.947275
-0.046154,0.020770,0.594413,1.727038,19.370053,9.651985,3.468789,2.713051,170.370441,4.896533,1.042322,0.024223,0.946906
-0.043624,0.020735,0.566751,1.889725,19.378537,9.836537,3.472484,2.712630,170.354915,4.883149,1.042249,0.024187,0.946844
-0.045819,0.021371,0.583685,1.720667,19.344507,10.003938,3.472094,2.711363,170.325195,4.867160,1.042152,0.024154,0.946821
-0.047112,0.020370,0.546478,1.872446,19.312887,9.641395,3.471365,2.720062,170.130057,5.099670,1.041780,0.025237,0.946470
-0.043247,0.020878,0.556363,1.914271,19.382583,10.255843,3.469797,2.705536,169.812091,5.075463,1.041607,0.025141,0.946351
-0.041259,0.021214,0.560394,1.702396,19.372923,10.922798,3.472889,2.705875,169.524340,5.359096,1.041439,0.026501,0.946234
-0.042348,0.020996,0.607825,1.656745,19.309155,10.548107,3.473239,2.709283,169.457190,5.268700,1.041074,0.026127,0.945890
-0.047165,0.021507,0.592239,1.781605,19.301975,9.649037,3.474492,2.701773,169.361949,5.160337,1.040484,0.025560,0.945335
-0.048419,0.021567,0.574452,1.758840,19.307622,9.976250,3.475180,2.712853,169.357664,5.137647,1.040410,0.025543,0.945310
-0.050518,0.021387,0.628538,1.723708,19.260502,9.251400,3.472715,2.703615,169.255851,5.041876,1.039883,0.025020,0.944793
-0.052070,0.021885,0.578390,1.725570,19.281035,9.873282,3.474932,2.723625,169.253282,5.363859,1.039954,0.026520,0.944877
-0.043276,0.021615,0.624220,1.592473,19.352695,10.466158,3.471780,2.714091,169.232434,5.373276,1.040053,0.026596,0.944930
-0.044290,0.021005,0.623088,1.605584,19.303687,10.421050,3.473856,2.706163,169.204709,5.355034,1.039867,0.026473,0.944816
-0.048540,0.021242,0.603636,1.720927,19.305757,10.347422,3.472255,2.710411,169.155881,5.293799,1.039643,0.026229,0.944594
-0.043801,0.021752,0.645359,1.894510,19.388510,11.113205,3.474727,2.712946,169.157927,5.325542,1.039793,0.026400,0.944709
-0.041242,0.021032,0.614460,1.989879,19.443595,10.837288,3.471877,2.695595,169.126003,5.259265,1.039599,0.026149,0.944489
-0.055140,0.021577,0.645042,1.556316,19.223887,8.975267,3.472722,2.708099,169.016475,5.082353,1.038560,0.025201,0.943610
-0.048027,0.021815,0.622504,1.646244,19.267140,9.472735,3.475343,2.713223,169.029796,5.082260,1.038560,0.025197,0.943563
-0.043088,0.021280,0.635629,1.579275,19.403802,11.076310,3.472224,2.706430,169.115021,5.488116,1.039115,0.027156,0.944049
-0.051466,0.021528,0.630230,1.725847,19.330570,9.949185,3.473842,2.703949,169.028195,5.370273,1.038549,0.026575,0.943519
-0.046999,0.021565,0.636422,1.602569,19.338598,10.299838,3.473355,2.704248,168.941735,5.355193,1.038419,0.026487,0.943433
-0.048243,0.021571,0.620956,1.898186,19.420297,10.189382,3.471683,2.686932,168.913098,5.309112,1.038249,0.026307,0.943269
-0.047847,0.022234,0.670129,1.641897,19.424930,10.105402,3.474906,2.706277,168.870826,5.270631,1.038016,0.026158,0.943122
-0.047439,0.021855,0.661875,1.619805,19.399433,9.918862,3.474729,2.707691,168.822120,5.214454,1.037735,0.025896,0.942879
-0.043281,0.021833,0.665232,1.597154,19.416838,10.592522,3.474366,2.693363,168.879312,5.231231,1.037809,0.025971,0.942912
-0.044918,0.021623,0.655289,1.563021,19.329258,10.257552,3.473805,2.704867,167.987983,5.176626,1.037632,0.025725,0.942689
-0.050600,0.022043,0.653915,1.569488,19.364668,9.889065,3.475745,2.706505,169.111990,5.144413,1.037416,0.025497,0.942511
-0.044005,0.021825,0.644572,1.742647,19.394492,10.038965,3.472698,2.709080,169.195957,5.137591,1.037368,0.025450,0.942485
-0.045207,0.021255,0.585793,1.921901,19.462193,9.940920,3.470172,2.701031,169.217352,5.109712,1.037256,0.025305,0.942352
-0.051149,0.021163,0.617305,1.722133,19.367660,9.243862,3.468666,2.702560,169.175375,5.004395,1.036729,0.024852,0.941926
-0.059357,0.022314,0.605082,1.748860,19.284075,8.632672,3.474344,2.704677,169.091239,4.911152,1.036193,0.024355,0.941429
-0.052551,0.022308,0.622780,1.669658,19.382305,9.887533,3.471943,2.709381,169.071631,5.282446,1.036529,0.026104,0.941710
-0.051008,0.021868,0.593884,1.547875,19.406593,9.627365,3.471431,2.707904,169.005547,5.228764,1.036260,0.025829,0.941447
-0.048949,0.022272,0.531454,2.841460,19.426028,9.869730,3.475818,2.685710,168.749539,5.191115,1.036056,0.025707,0.941326
-0.044580,0.023112,0.668699,1.507411,19.421883,10.521212,3.480337,2.687388,168.452102,5.457514,1.035764,0.027011,0.941147
-0.060109,0.022108,0.624147,1.601173,19.222753,8.624178,3.475263,2.710995,168.354392,5.226601,1.034623,0.025868,0.940105
-0.051332,0.022354,0.590392,1.691833,19.293795,9.242580,3.476031,2.709434,168.333378,5.228268,1.034655,0.025931,0.940126
-0.053053,0.022859,0.667375,1.542700,19.362272,9.610977,3.478904,2.704738,168.310972,5.214403,1.034615,0.025888,0.940053
-0.046643,0.023355,0.700287,1.448178,19.478255,10.797652,3.481042,2.686788,168.294447,5.589028,1.034905,0.027663,0.940339
-0.047911,0.022140,0.690913,1.547913,19.433707,10.726560,3.472652,2.705039,168.260522,5.539605,1.034686,0.027455,0.940163
-0.051628,0.021847,0.658362,1.581985,19.389250,10.112340,3.472913,2.709029,168.211000,5.447356,1.034239,0.026999,0.939750
-0.047055,0.022505,0.690988,1.541883,19.409458,10.238942,3.475863,2.711467,168.181959,5.413503,1.034090,0.026841,0.939574
-0.054639,0.022532,0.683135,1.459947,19.413265,9.365492,3.473178,2.703759,168.101600,5.278534,1.033442,0.026225,0.939009
-0.051447,0.023275,0.706789,1.596050,19.408702,9.696757,3.476130,2.687586,168.073675,5.258983,1.033340,0.026141,0.938882
-0.053935,0.023283,0.702177,1.463717,19.375855,9.739703,3.476655,2.690066,168.024762,5.513123,1.033069,0.027340,0.938669
-0.053862,0.023590,0.696294,1.259091,19.385832,9.382103,3.478546,2.685398,167.950296,5.436022,1.032649,0.026927,0.938304
-0.053683,0.022774,0.703751,1.500098,19.384388,9.388583,3.476977,2.691070,167.905868,5.387548,1.032419,0.026717,0.938098
-0.039013,0.023217,0.722018,1.467736,19.499923,11.410555,3.475704,2.699206,167.916896,5.503280,1.032993,0.027325,0.938640
-0.047132,0.023020,0.724302,1.429202,19.459280,10.433363,3.475039,2.703649,167.858943,5.389190,1.032485,0.026732,0.938090
-0.041547,0.023174,0.715307,1.459209,19.480973,10.778420,3.475965,2.704286,167.834675,5.368894,1.032394,0.026722,0.938040
-0.044088,0.023984,0.713988,1.465078,19.554697,11.057220,3.478166,2.675609,167.800447,5.661285,1.032276,0.028045,0.937926
-0.043807,0.023305,0.712464,1.452203,19.552083,10.983175,3.477346,2.680792,167.756231,5.628388,1.031985,0.027843,0.937732
-0.049565,0.023289,0.702960,1.457135,19.537973,10.623763,3.479001,2.689699,167.675300,5.533419,1.031622,0.027422,0.937363
-0.047752,0.023629,0.720720,1.425340,19.544078,10.385452,3.479306,2.704988,167.631823,5.466376,1.031259,0.027093,0.937044
-0.048574,0.023121,0.738873,1.490636,19.557352,9.995753,3.474860,2.704603,167.546991,5.363683,1.030797,0.026642,0.936610
-0.055507,0.023354,0.651966,1.533558,19.588252,10.056500,3.476677,2.677387,167.528795,5.617275,1.030533,0.027833,0.936338
-0.043395,0.024257,0.723547,1.382128,19.590715,11.167140,3.480441,2.675560,167.561920,5.652010,1.030692,0.028059,0.936537
-0.050424,0.023769,0.751356,1.485584,19.521093,10.429180,3.477818,2.675652,167.565848,5.564492,1.030249,0.027589,0.936113
-0.051926,0.024140,0.710350,1.505568,19.682223,9.955025,3.477327,2.679844,167.512361,5.472686,1.029842,0.027119,0.935675
-0.044937,0.023537,0.749770,1.497011,19.488878,10.724518,3.476852,2.694943,167.465754,5.477088,1.029773,0.027241,0.935750
-0.047857,0.024248,0.732728,1.364773,19.555763,10.383668,3.480995,2.695162,167.345602,5.387699,1.029393,0.026797,0.935319
-0.051708,0.023904,0.755845,1.501987,19.581977,10.235290,3.477566,2.688147,167.219753,5.612323,1.028957,0.027828,0.934936
-0.048392,0.024104,0.694459,1.371784,19.581152,10.621257,3.478303,2.701132,167.190974,5.574732,1.028821,0.027739,0.934853
-0.052775,0.023668,0.755628,1.405432,19.549627,9.757573,3.478113,2.684703,167.107825,5.469184,1.028213,0.027153,0.934300
-0.051550,0.024210,0.749435,1.444359,19.573525,9.733413,3.479493,2.695859,167.050995,5.405323,1.027901,0.026872,0.934014
-0.056880,0.025059,0.718268,1.660226,19.566600,9.490072,3.482974,2.688215,166.970782,5.620729,1.027420,0.027863,0.933580
-0.047194,0.023975,0.744147,1.404911,19.613372,10.484358,3.478499,2.706578,166.946358,5.645492,1.027541,0.028003,0.933705
-0.058018,0.024642,0.767357,1.354719,19.587262,9.287343,3.479201,2.673435,166.863598,5.480176,1.026765,0.027204,0.932958
-0.046908,0.024333,0.757806,1.319078,19.598257,10.169587,3.477993,2.697782,166.810770,5.488868,1.026830,0.027314,0.933028
-0.048503,0.024828,0.735284,1.558540,19.690777,10.540640,3.480358,2.679306,166.776034,5.761028,1.026669,0.028624,0.932874
-0.046834,0.024310,0.772981,1.327519,19.638400,10.519443,3.477902,2.697727,166.707214,5.717760,1.026335,0.028324,0.932629
-0.045879,0.024569,0.792549,1.327563,19.708590,10.958777,3.480464,2.686727,166.649475,5.677381,1.026192,0.028187,0.932464
-0.048363,0.025552,0.730223,1.369497,19.709673,10.126512,3.483077,2.688921,166.545853,5.549516,1.025595,0.027580,0.931898
-0.056166,0.025171,0.785717,1.323224,19.656912,9.607137,3.478749,2.694283,166.457343,5.732212,1.024945,0.028434,0.931330
-0.048719,0.024519,0.789654,1.488454,19.673487,10.176550,3.478617,2.695008,166.405269,5.711094,1.024834,0.028340,0.931247
-0.049698,0.024949,0.784992,1.346646,19.765862,10.451200,3.479622,2.693594,166.347964,5.669512,1.024651,0.028138,0.931028
-0.052045,0.025403,0.814826,1.341461,19.712038,9.720117,3.482832,2.687871,166.267582,5.540051,1.024017,0.027567,0.930475
-0.052840,0.025979,0.769374,1.396310,19.775317,10.314492,3.484050,2.681935,166.264039,5.819702,1.023913,0.028906,0.930371
-0.058442,0.025062,0.768162,1.301789,19.714608,9.223365,3.479760,2.682644,166.212299,5.681508,1.023153,0.028142,0.929674
-0.059940,0.025477,0.796808,1.271374,19.793355,9.457272,3.479638,2.676214,166.080211,5.615396,1.022874,0.027887,0.929419
-0.047485,0.025934,0.811971,1.336106,19.856157,10.413198,3.479943,2.667503,166.035577,5.641895,1.022941,0.028032,0.929505
-0.051697,0.025712,0.813398,1.253509,19.917377,10.488933,3.483456,2.673301,165.985127,5.882807,1.022641,0.029221,0.929268
-0.047614,0.025365,0.809847,1.186117,19.912530,10.356998,3.477477,2.666529,165.909365,5.812262,1.022249,0.028831,0.928915
-0.052699,0.026189,0.822155,1.235253,19.874035,9.866077,3.482592,2.676551,165.821797,5.697708,1.021648,0.028313,0.928401
-0.058012,0.026057,0.870420,1.220356,19.893815,9.751532,3.482465,2.680527,165.730070,5.902680,1.021153,0.029278,0.927935
-0.052793,0.026606,0.844297,1.193772,19.953562,10.137348,3.481894,2.671826,165.744016,5.854867,1.020993,0.029063,0.927736
-0.047691,0.026277,0.801508,1.247584,20.010735,10.823637,3.480937,2.683314,165.802497,5.867800,1.021019,0.029110,0.927773
-0.048454,0.025221,0.811383,1.232651,20.010587,10.592110,3.477350,2.693226,165.799132,5.790650,1.020677,0.028769,0.927453
-0.049591,0.026046,0.822495,1.216512,20.010548,10.127428,3.480743,2.668764,165.729189,5.689280,1.020141,0.028249,0.926957
-0.051452,0.026180,0.869702,1.207608,20.010458,9.724505,3.481224,2.679488,165.626989,5.580721,1.019548,0.027719,0.926442
-0.052189,0.025900,0.879191,1.137324,20.010198,10.391692,3.478648,2.677397,165.508001,5.847829,1.019339,0.028985,0.926259
-0.050184,0.026493,0.865875,1.309699,20.010227,10.018150,3.480025,2.670137,165.368784,5.726022,1.018729,0.028435,0.925741
-0.053042,0.026364,0.900983,1.135031,20.010183,10.058132,3.480818,2.670937,165.225649,5.929135,1.018282,0.029444,0.925295
-0.054683,0.026560,0.909677,1.167558,20.009882,9.805530,3.481513,2.664705,165.064561,5.813686,1.017702,0.028900,0.924783
-0.055014,0.027392,0.842171,1.187521,20.009882,9.486413,3.484616,2.675256,164.962143,5.710615,1.017105,0.028404,0.924291
-0.051619,0.027606,0.900058,1.239498,20.009838,10.360970,3.483515,2.672904,164.908781,6.017826,1.017001,0.029826,0.924255
-0.051761,0.027381,0.947687,1.132516,20.009708,10.355100,3.483556,2.680728,164.820049,5.926446,1.016589,0.029412,0.923871
-0.048725,0.027402,0.905604,1.115991,20.009483,10.105667,3.484663,2.667390,164.713225,5.813752,1.016082,0.028886,0.923364
-0.054400,0.027868,0.934343,1.105928,20.009602,10.217458,3.488090,2.664383,164.633894,6.033773,1.015615,0.029959,0.923018
-0.049876,0.028245,0.920952,1.169667,20.009255,10.660243,3.487050,2.663336,164.538592,5.983838,1.015331,0.029741,0.922769
-0.055595,0.028259,0.979670,1.074525,20.009282,10.108617,3.487039,2.660413,164.449887,5.840177,1.014710,0.029068,0.922154
-0.051652,0.027939,0.919084,1.088216,20.008890,10.382922,3.485155,2.660735,164.366543,6.065779,1.014271,0.030184,0.921813
-0.050475,0.028096,0.934960,1.107128,20.008935,10.241677,3.483022,2.689362,164.255928,5.955962,1.013764,0.029650,0.921296
-0.052110,0.028635,0.966848,1.121067,20.008817,10.232885,3.488737,2.662555,164.176310,5.874027,1.013265,0.029240,0.920907
-0.059169,0.029068,0.947604,1.198925,20.008548,9.620608,3.491257,2.673485,164.050141,6.024004,1.012482,0.029889,0.920153
-0.048774,0.028378,0.990980,1.039198,20.008347,10.606512,3.486687,2.673873,163.981559,6.004057,1.012385,0.029868,0.920097
-0.050641,0.028147,0.962228,1.083553,20.008293,10.550722,3.482266,2.650943,163.883660,5.920491,1.011887,0.029414,0.919650
-0.052280,0.029165,0.992025,1.115590,20.008413,10.403615,3.486301,2.674550,163.766223,6.103005,1.011283,0.030283,0.919104
-0.048332,0.029342,1.015628,1.040064,20.008135,10.782917,3.485495,2.660596,163.667518,6.019509,1.010917,0.029925,0.918776
-0.054515,0.028824,0.987129,1.023771,20.008358,10.069470,3.481148,2.666151,163.573557,5.866992,1.010209,0.029220,0.918108
-0.061689,0.029425,1.012842,1.036205,20.008120,9.573778,3.486245,2.664866,163.440110,6.025098,1.009401,0.029928,0.917407
-0.053422,0.029766,1.009291,1.057329,20.008240,9.925253,3.489160,2.660183,163.352503,5.953792,1.009028,0.029603,0.917092
-0.051693,0.030270,1.042168,0.959264,20.007823,10.630977,3.493159,2.649271,163.241937,6.205018,1.008692,0.030849,0.916854
-0.054953,0.029717,1.048886,0.987237,20.007878,9.784838,3.487571,2.651121,163.114004,6.026826,1.007821,0.029944,0.916008
-0.050961,0.030817,1.013523,0.985963,20.016203,10.497240,3.489577,2.673601,163.008121,6.161592,1.007457,0.029711,0.915780
-0.053730,0.030654,1.071930,1.012806,20.016087,10.114975,3.487258,2.666239,162.920110,6.107149,1.006756,0.030341,0.915020
-0.039497,0.030395,1.063043,0.992234,20.015602,11.839098,3.488775,2.668556,162.928800,6.131176,1.006825,0.030540,0.915156
-0.057080,0.030329,1.089839,0.920948,20.015802,9.350410,3.483977,2.655461,162.820534,5.839964,1.005474,0.029058,0.913784
-0.068357,0.031241,1.097146,0.911825,20.015507,8.903333,3.491026,2.652119,162.721141,5.980724,1.004589,0.029679,0.913019
-0.052249,0.030624,1.070537,0.987509,20.015432,9.979213,3.487989,2.660445,162.620597,5.957955,1.004436,0.029662,0.912974
-0.051684,0.030921,1.144153,0.910164,20.015025,10.618270,3.487641,2.657639,162.504287,6.200072,1.004072,0.030757,0.912621
-0.051415,0.031568,1.116496,0.927683,20.014628,10.209197,3.491169,2.653049,162.339203,6.036947,1.003300,0.030017,0.911925
-0.055791,0.031522,1.143246,0.888231,20.014517,9.900728,3.491583,2.653278,162.154705,6.185759,1.002486,0.030744,0.911204
-0.048396,0.032512,1.169767,0.908767,20.014220,10.636105,3.493153,2.650099,161.956790,6.115849,1.002056,0.030395,0.910874
-0.050904,0.032276,1.187326,0.897174,20.014228,10.729632,3.491323,2.639944,161.806574,6.298062,1.001417,0.031302,0.910345
-0.052885,0.032616,1.178546,0.848481,20.014038,10.235792,3.497178,2.641805,161.665193,6.099173,1.000572,0.030355,0.909434
-0.057871,0.033027,1.187946,0.879027,20.014107,9.947817,3.491734,2.640589,161.537657,6.237707,0.999780,0.031071,0.908723
-0.054570,0.032851,1.192915,0.847856,20.013912,10.057057,3.495384,2.653583,161.412023,6.143748,0.999117,0.030510,0.908207
-0.053808,0.032820,1.249215,0.827806,20.013750,9.937185,3.491214,2.655073,161.285831,6.005216,0.998418,0.029887,0.907600
-0.052099,0.032652,1.255241,0.814481,20.013428,10.390838,3.489986,2.643079,161.154926,6.204877,0.997877,0.030843,0.907142
-0.050754,0.033818,1.286726,0.806419,20.012963,10.450585,3.492382,2.650601,161.021918,6.059943,0.997215,0.030153,0.906458
-0.050638,0.034177,1.260247,0.821424,20.013082,10.308677,3.492611,2.652937,160.891547,6.210755,0.996450,0.030867,0.905762
-0.052359,0.034398,1.277648,0.802165,20.013123,9.900260,3.497608,2.646611,160.735406,6.033394,0.995614,0.030047,0.904966
-0.049790,0.034773,1.311062,0.766159,20.012790,10.797100,3.495062,2.635060,160.598279,6.282276,0.995211,0.031192,0.904664
-0.053604,0.033898,1.322299,0.760923,20.012893,10.160182,3.491547,2.634750,160.461896,6.086219,0.994320,0.030290,0.903829
-0.054295,0.034807,1.342842,0.748649,20.012585,10.233982,3.495365,2.630558,160.321182,6.258249,0.993608,0.031103,0.903201
-0.044903,0.035304,1.355106,0.742615,20.012103,11.463748,3.494799,2.638907,160.212950,6.204366,0.993323,0.030905,0.902985
-0.057815,0.036143,1.364428,0.737820,20.012467,9.411943,3.494840,2.652516,160.055237,6.201864,0.991904,0.030814,0.901543
-0.053502,0.036645,1.386459,0.771356,20.012330,9.624145,3.498325,2.626232,159.914760,6.076629,0.991235,0.030231,0.901020
-0.058062,0.036129,1.406533,0.744738,20.012090,9.979780,3.496048,2.637342,159.791081,5.986400,0.990663,0.029815,0.900560
-0.052269,0.036326,1.418561,0.720787,20.012045,10.063045,3.496778,2.648004,159.669185,6.150751,0.989974,0.030563,0.899938
-0.053289,0.036785,1.349784,0.740856,20.012110,9.909037,3.498095,2.649207,159.537749,5.992110,0.989177,0.029827,0.899194
-0.051549,0.037059,1.412528,0.738134,20.011738,10.533710,3.500445,2.651426,159.412698,6.202763,0.988631,0.030824,0.898779
-0.056251,0.038232,1.471133,0.718213,20.011788,9.691657,3.499232,2.645846,159.266913,5.979615,0.987644,0.029760,0.897752
-0.059814,0.038514,1.487034,0.694675,20.011602,9.914012,3.500198,2.660515,159.149899,6.167648,0.986990,0.030638,0.897223
-0.053963,0.038442,1.517167,0.659062,20.011412,9.930355,3.501924,2.629965,158.976579,6.005111,0.986217,0.029906,0.896503
-0.054366,0.037950,1.528951,0.664937,20.011748,10.242820,3.494942,2.641547,158.858096,6.175741,0.985505,0.030706,0.895903
-0.059398,0.038676,1.548892,0.680026,20.011563,9.253075,3.499803,2.647864,158.752218,5.966560,0.984447,0.029644,0.894889
-0.058883,0.039020,1.548654,0.645613,20.011283,9.448173,3.498154,2.618073,158.695341,6.131456,0.983797,0.030470,0.894281
-0.048879,0.039653,1.546011,0.695101,20.011188,10.999918,3.501439,2.648119,158.657683,6.136972,0.983712,0.030512,0.894315
-0.053213,0.039400,1.552903,0.689005,20.011103,10.228315,3.500010,2.654895,158.551053,5.928471,0.982773,0.029531,0.893377
-0.049990,0.040362,1.628130,0.650510,20.011240,10.140028,3.497386,2.653471,158.451486,6.090630,0.982044,0.030200,0.892651
-0.049345,0.040059,1.628927,0.623060,20.011030,10.460010,3.502724,2.624531,158.336039,5.957055,0.981425,0.029672,0.892134
-0.052955,0.041015,1.637435,0.636722,20.010932,10.263715,3.498214,2.640171,158.207656,6.098299,0.980639,0.030298,0.891355
-0.049963,0.040948,1.679355,0.597236,20.010857,10.250662,3.498669,2.649124,157.968474,5.951349,0.979911,0.029613,0.890714
-0.054158,0.040957,1.721742,0.585066,20.011125,10.355857,3.502396,2.642236,157.646136,6.090912,0.978984,0.030261,0.889911
-0.052368,0.041868,1.763779,0.591393,20.010932,9.915987,3.499879,2.638242,157.495751,5.915674,0.978095,0.029443,0.889102
-0.059394,0.041694,1.771076,0.566917,20.011050,9.722008,3.497778,2.645289,157.363263,6.055063,0.977289,0.030071,0.888363
-0.053641,0.042672,1.804650,0.560810,20.010965,10.245495,3.501882,2.619722,157.232246,5.963060,0.976721,0.029686,0.887961
-0.052317,0.042999,1.785777,0.559983,20.010920,9.904400,3.502749,2.616122,157.090053,6.094019,0.975865,0.030233,0.887120
-0.050210,0.043394,1.844238,0.551605,20.011148,10.245183,3.502630,2.637436,156.954491,5.968940,0.975233,0.029692,0.886574
-0.061707,0.044184,1.863671,0.551398,20.010922,9.637087,3.503620,2.646742,156.811429,6.072610,0.974271,0.030198,0.885702
-0.048904,0.044067,1.875268,0.551958,20.010977,10.235177,3.498134,2.653018,157.042927,6.023630,0.973942,0.029953,0.885465
-0.050582,0.044388,1.854078,0.549430,20.010842,10.148543,3.507671,2.655509,157.155815,5.942351,0.973504,0.029436,0.885012
-0.058055,0.044585,1.823499,0.579135,20.011057,9.175357,3.504673,2.658195,157.133710,5.715889,0.972526,0.028433,0.884073
-0.054811,0.045043,1.872317,0.541401,20.010977,9.611113,3.503999,2.637423,157.121521,5.663914,0.972068,0.028142,0.883765
-0.060631,0.046237,1.929305,0.529002,20.011043,8.791260,3.506870,2.635876,157.043139,5.741441,0.971037,0.028458,0.882734
-0.055526,0.045931,1.899061,0.526462,20.011122,9.415158,3.505672,2.640847,156.986154,5.650245,0.970604,0.028089,0.882364
-0.053098,0.047539,1.927514,0.537347,20.010873,10.191180,3.507806,2.621129,156.907176,5.892135,0.970210,0.029217,0.882043
-0.049651,0.046406,1.951124,0.512500,20.011077,9.782198,3.507453,2.625972,156.791712,5.708230,0.969400,0.028361,0.881234
-0.058398,0.047291,1.980556,0.504909,20.011160,9.013427,3.508029,2.645925,156.663882,5.515323,0.968443,0.027420,0.880333
-0.057528,0.047072,2.065681,0.506231,20.011348,9.297242,3.501897,2.643751,156.530689,5.709964,0.967847,0.028317,0.879837
-0.055189,0.048630,2.090046,0.483473,20.011085,9.256553,3.514381,2.625118,156.385354,5.553012,0.967086,0.027627,0.879139
-0.067382,0.049795,2.058417,0.485988,20.011097,8.384682,3.511998,2.650445,156.210231,5.656990,0.965965,0.028019,0.878177
-0.051054,0.049970,2.140675,0.470022,20.011342,9.503760,3.509696,2.629746,156.055227,5.594890,0.965678,0.027835,0.877954
-0.058245,0.049091,2.148068,0.469449,20.011270,9.715045,3.502492,2.637643,155.894630,5.774011,0.965061,0.028645,0.877350
-0.059087,0.050892,2.208300,0.452811,20.011335,9.264732,3.505976,2.610538,155.730369,5.592682,0.964156,0.027772,0.876516
-0.059529,0.051379,2.244363,0.450677,20.011483,9.229568,3.509013,2.629077,155.737056,5.755472,0.963430,0.028565,0.875870
-0.054859,0.050699,2.247543,0.453308,20.011457,9.595377,3.503366,2.640666,155.842251,5.669928,0.963027,0.028135,0.875501
-0.054323,0.050955,2.256433,0.446866,20.011203,9.502985,3.506298,2.645244,155.956101,5.571139,0.962490,0.027594,0.874997
-0.062548,0.051218,2.251723,0.461098,20.011282,8.927352,3.506230,2.629740,156.047615,5.400018,0.961798,0.026830,0.874286
-0.061647,0.051889,2.288503,0.449670,20.011285,8.643715,3.505727,2.649878,156.062754,5.298466,0.961087,0.026284,0.873776
-0.065682,0.053022,2.287122,0.461293,19.928288,8.709848,3.500587,2.655294,155.742488,5.467979,0.960523,0.027063,0.873120
-0.060156,0.053701,2.188391,0.488084,20.011562,8.974720,3.506720,2.655451,156.006804,5.364016,0.959969,0.026550,0.872650
-0.056132,0.054165,2.343834,0.440522,20.011675,8.917575,3.509656,2.645566,155.927293,5.225449,0.959286,0.025899,0.872042
-0.058577,0.054598,2.377475,0.420612,20.011603,9.011397,3.513540,2.658884,155.833423,5.398997,0.958676,0.026735,0.871449
-0.056028,0.055010,2.395940,0.417829,20.011625,9.019930,3.508147,2.640541,155.654874,5.267019,0.957968,0.026072,0.870827
-0.059575,0.055543,2.465692,0.407518,20.011785,8.868002,3.507673,2.639327,155.312558,5.393682,0.957091,0.026697,0.870028
-0.064620,0.056755,2.559861,0.390630,20.012065,8.668502,3.510609,2.647340,154.910082,5.499327,0.956107,0.027225,0.869121
-0.057477,0.057919,2.595125,0.395842,20.011750,9.022202,3.510665,2.626065,154.525133,5.353952,0.955328,0.026604,0.868492
-0.066441,0.058142,2.704566,0.373631,20.011773,8.505697,3.509821,2.627542,154.145565,5.425609,0.954209,0.026951,0.867461
-0.054763,0.060466,2.762487,0.370314,20.011852,9.610410,3.520308,2.641107,153.840134,5.665107,0.953751,0.028088,0.867114
-0.059583,0.060890,2.809924,0.355880,20.011923,8.880107,3.518144,2.618522,153.575508,5.439292,0.952683,0.027067,0.866110
-0.056122,0.061219,2.902423,0.351857,20.012030,9.440198,3.513005,2.622988,153.367292,5.637920,0.952082,0.027992,0.865631
-0.056844,0.062522,2.969579,0.336747,20.012013,9.458582,3.519001,2.641225,153.183336,5.786273,0.951336,0.028680,0.864877
-0.061520,0.063103,3.026521,0.333557,20.012025,9.053418,3.519468,2.624823,153.015709,5.599304,0.950456,0.027846,0.864091
-0.049307,0.064832,3.064141,0.326335,20.011937,10.602508,3.519196,2.615913,152.870590,5.896854,0.950236,0.029286,0.864050
-0.048831,0.064823,3.110657,0.321471,20.011988,10.172060,3.516499,2.623402,152.734254,5.713047,0.949455,0.028414,0.863222
-0.053288,0.065801,3.183733,0.314098,20.012005,10.064697,3.519488,2.607008,152.611062,5.868276,0.948728,0.029148,0.862528
-0.061260,0.066806,3.197306,0.316366,20.012068,8.872318,3.523906,2.620817,152.492319,5.640284,0.947605,0.027955,0.861434
-0.045600,0.068698,3.269768,0.306972,20.012178,10.357915,3.524364,2.620792,152.372216,5.643381,0.947399,0.028061,0.861462
-0.053990,0.068846,3.322687,0.306634,20.012047,9.768665,3.521647,2.616463,152.253100,5.747616,0.946530,0.028487,0.860520
-0.055215,0.070617,3.444615,0.290424,20.012327,9.412293,3.525912,2.620154,152.116981,5.560574,0.945673,0.027677,0.859736
-0.061735,0.071140,3.504500,0.290681,20.012455,8.767492,3.523803,2.615474,151.979776,5.669916,0.944701,0.028110,0.858806
-0.051982,0.072519,3.541411,0.282943,20.012318,9.444367,3.526543,2.643636,151.843371,5.592547,0.944204,0.027820,0.858494
-0.060531,0.074414,3.648048,0.277076,20.012257,9.522402,3.528491,2.610900,151.754312,5.764997,0.943540,0.028593,0.857861
-0.050838,0.074715,3.697483,0.272842,20.012375,9.829780,3.523300,2.623622,151.654602,5.657774,0.942962,0.028085,0.857377
-0.053349,0.075979,3.723566,0.268560,20.012215,9.651555,3.529328,2.612468,151.547301,5.504780,0.942264,0.027388,0.856673
-0.056318,0.076056,3.811226,0.263174,20.012558,9.436280,3.523915,2.635534,151.438598,5.649745,0.941481,0.028026,0.855941
-0.050868,0.077826,3.877854,0.257880,20.012587,9.854440,3.523256,2.620777,151.338284,5.544978,0.940921,0.027635,0.855545
-0.056386,0.078848,3.962576,0.253831,20.012537,9.282570,3.529338,2.631669,151.369993,5.675602,0.940110,0.028138,0.854662
-0.059095,0.079396,3.982814,0.252026,20.012500,9.021912,3.529934,2.634274,151.413024,5.556064,0.939453,0.027504,0.854087
-0.057719,0.080197,4.048792,0.246987,20.012575,9.087947,3.526499,2.634431,151.418254,5.440574,0.938848,0.027018,0.853626
-0.049681,0.082056,4.096440,0.248264,20.012575,10.056353,3.534070,2.608207,151.399299,5.397968,0.938534,0.026811,0.853396
-0.051555,0.083440,4.145752,0.242885,20.012615,9.953442,3.538097,2.615883,151.345822,5.554662,0.937848,0.027509,0.852704
-0.066310,0.084388,4.226591,0.238607,20.013043,8.485113,3.534669,2.617573,151.254668,5.289918,0.936709,0.026214,0.851500
-0.062567,0.085012,4.300969,0.232499,20.012803,8.410402,3.528900,2.620923,151.140388,5.160798,0.935960,0.025644,0.850930
-0.055108,0.087411,4.397421,0.229585,20.012587,9.179098,3.533091,2.620943,151.038234,5.404466,0.935549,0.026768,0.850635
-0.054649,0.087681,4.468618,0.224924,20.012827,9.484643,3.527177,2.620404,150.902400,5.279992,0.934960,0.026228,0.850102
-0.059668,0.089233,4.523874,0.221046,20.013017,8.811023,3.534827,2.618149,150.676606,5.401765,0.934001,0.026761,0.849252
-0.054545,0.092397,4.677438,0.000000,20.012865,9.511332,3.533055,2.613796,150.311291,5.272911,0.933350,0.026211,0.848681
-0.047250,0.094266,4.866943,0.000000,20.012587,9.669517,3.531221,2.605102,149.962944,5.408684,0.932472,0.026831,0.847898
-0.049159,0.097770,5.067475,0.000000,20.012748,10.183730,3.538417,2.610205,149.670409,5.588220,0.931777,0.027633,0.847260
-0.055937,0.099608,5.184935,0.000000,20.012962,9.477738,3.532376,2.598573,149.409975,5.349187,0.930744,0.026584,0.846252
-0.053931,0.102161,5.286729,0.000000,20.012667,9.643777,3.543157,2.610375,149.196959,5.519260,0.929955,0.027338,0.845596
-0.046935,0.104938,5.393523,0.000000,20.012832,10.278537,3.533588,2.617855,149.009770,5.411644,0.929358,0.026884,0.845133
-0.050252,0.107406,5.633245,0.000000,20.012828,9.734967,3.542677,2.607599,148.842234,5.511016,0.928446,0.027323,0.844193
-0.045910,0.109367,5.698258,0.000000,20.012553,10.195260,3.535382,2.618024,148.684511,5.403838,0.927824,0.026816,0.843708
-0.048592,0.111857,5.863131,0.000000,20.012975,9.288508,3.539929,2.607135,148.538919,5.186444,0.926800,0.025791,0.842690
-0.054205,0.114182,6.030496,0.000000,20.012895,9.607283,3.539968,2.607124,148.380638,5.376511,0.926103,0.026618,0.842159
-0.047881,0.117507,6.150362,0.000000,20.012560,9.803957,3.541317,2.606553,148.235634,5.234598,0.925390,0.026011,0.841544
-0.048071,0.119592,6.314559,0.000000,20.012670,9.957568,3.540419,2.600296,148.110881,5.406164,0.924674,0.026721,0.840870
-0.047052,0.122819,6.462920,0.000000,20.012937,9.931090,3.543459,2.606132,147.969555,5.252206,0.923909,0.026028,0.840215
-0.053834,0.125230,6.592213,0.000000,20.013172,8.721543,3.548550,2.618217,147.831172,4.991713,0.922740,0.024792,0.839013
-0.049274,0.128414,6.775114,0.000000,20.012913,9.487905,3.542524,2.594970,147.680840,5.214403,0.922183,0.025786,0.838625
-0.051043,0.132028,7.008260,0.000000,20.012922,9.339160,3.542984,2.590559,147.527826,5.037284,0.921411,0.025008,0.837861
-0.049653,0.134821,7.184404,0.000000,20.012918,9.364772,3.550752,2.610385,147.364952,5.197444,0.920618,0.025718,0.837185
-0.048646,0.138287,7.276845,0.000000,20.012655,9.460537,3.548565,2.598293,147.197159,5.049760,0.919894,0.025016,0.836526
-0.047736,0.019554,7.732951,0.000000,20.012703,9.485773,3.557662,2.609572,146.899699,5.052848,0.918367,0.024950,0.835089
-0.049790,0.150354,7.972096,0.000000,20.012987,9.417678,3.546937,2.589000,146.732722,4.895684,0.917537,0.024234,0.834411
-0.046236,0.153638,8.161119,0.000000,20.012722,9.174220,3.550992,2.591951,146.582277,4.733164,0.916671,0.023509,0.833679
-0.050396,0.155405,8.167031,0.000000,20.012870,9.102327,3.558918,2.591370,146.490200,4.865207,0.915812,0.024027,0.832855
-0.045499,0.160626,8.516774,0.000000,20.013108,9.362735,3.551068,2.615673,146.532808,4.759607,0.915214,0.023517,0.832393
-0.040844,0.163033,8.633862,0.000000,20.012843,9.903463,3.544928,2.611548,146.573916,4.662340,0.914732,0.023068,0.831942
-0.046232,0.165382,8.838836,0.000000,20.012815,9.035188,3.556591,2.591825,146.581840,4.455027,0.913803,0.022068,0.830979
-0.041391,0.168213,8.965209,0.000000,20.012682,9.987263,3.556036,2.589191,146.529930,4.698721,0.913336,0.023160,0.830693
-0.046467,0.173404,9.190969,0.000000,20.012882,8.765158,3.551774,2.592577,146.452278,4.451879,0.912286,0.021884,0.829526
-0.044037,0.180168,9.652767,0.000000,20.012790,9.008070,3.562315,2.606168,146.221969,4.181390,0.910839,0.020689,0.828327
-0.063395,0.183921,9.493973,0.000000,20.013202,7.470853,3.561590,2.590897,146.068737,4.202526,0.909464,0.020636,0.827007
-0.040067,0.214473,11.315291,0.000000,20.012538,9.546795,3.561876,2.598116,145.018050,4.010786,0.906727,0.019699,0.824747
