SCC,SCV,DVV,ICP,CCDT,CVCT,ACCV C,ACCV D,ECD,ECV,CCD,CCV,SoH
-0.038596,0.014796,0.025487,3.943414,20.011223,10.916838,3.448185,2.745581,179.687311,6.624034,1.078956,0.032951,0.981281
-0.034581,0.015094,0.104081,9.764642,20.011610,10.750133,3.449104,2.747107,179.958706,6.246414,1.080279,0.031171,0.982385
-0.038813,0.015364,0.156314,88.880233,20.010052,10.666778,3.448653,2.763923,180.052328,6.097159,1.081045,0.030445,0.983087
-0.035361,0.015210,0.137460,3.547454,20.010378,10.583508,3.447302,2.746438,180.177286,5.932978,1.081710,0.029591,0.983678
-0.037984,0.015008,0.206965,3.561151,20.010507,10.583503,3.449420,2.744904,180.237242,5.978060,1.082016,0.029771,0.983899
-0.039904,0.013925,0.050407,14.838058,20.010318,10.583415,3.443916,2.740287,180.277868,6.048203,1.082309,0.029984,0.984106
-0.038573,0.015247,0.149340,160.706316,20.010473,10.500047,3.450340,2.724628,180.327361,5.763016,1.082487,0.028810,0.984310
-0.038987,0.015362,0.034383,5.965580,20.010633,10.500098,3.448753,2.740573,180.321950,5.785298,1.082626,0.028874,0.984427
-0.039794,0.014685,0.036716,27.153996,20.010692,10.500143,3.445727,2.745210,180.358713,5.826857,1.082742,0.028949,0.984540
-0.037476,0.014322,0.177851,1532.140000,20.011118,10.500010,3.445426,2.745621,180.368762,5.863126,1.082938,0.029079,0.984689
-0.039216,0.014367,0.087485,8.809217,20.010985,10.500213,3.445477,2.757518,180.374970,5.848810,1.083001,0.029097,0.984710
-0.039708,0.014783,0.121437,5.031660,20.009565,10.500105,3.445569,2.733101,180.355963,5.879824,1.083007,0.029100,0.984714
-0.040703,0.014696,0.152966,6.111445,20.011465,10.500172,3.447113,2.747145,180.333561,5.857685,1.083002,0.029085,0.984700
-0.039235,0.014664,0.189425,4.926226,20.010342,10.500247,3.446429,2.756376,180.328078,5.877061,1.083028,0.029122,0.984734
-0.041303,0.014549,0.114281,526.762069,20.010703,10.499897,3.444881,2.756288,180.338997,5.873597,1.082999,0.029071,0.984678
-0.037598,0.014708,0.026250,18.027444,20.011137,10.416803,3.444403,2.746641,180.373188,5.572258,1.083066,0.027754,0.984712
-0.039218,0.014304,0.176912,5.625055,20.010770,10.416815,3.444355,2.732679,180.324998,5.561934,1.083057,0.027744,0.984707
-0.038289,0.014472,0.063005,49.890850,20.010892,10.416760,3.445256,2.742121,180.336345,5.572959,1.083117,0.027729,0.984723
-0.036899,0.014293,-0.026899,9.984487,20.010525,10.416750,3.444900,2.740192,180.339530,5.553330,1.083156,0.027742,0.984747
-0.035262,0.014648,0.119471,53.477622,20.011238,10.416762,3.447611,2.749473,180.341948,5.555927,1.083111,0.027749,0.984771
-0.039895,0.014506,0.142415,12.717030,20.011328,10.416895,3.445023,2.759246,180.344792,5.559119,1.083114,0.027771,0.984782
-0.036957,0.013622,0.083997,23.836150,20.010863,10.416823,3.442180,2.741742,180.313992,5.564741,1.083152,0.027712,0.984748
-0.037892,0.014350,0.017363,4.080896,20.011482,10.416847,3.446015,2.741710,180.253386,5.548561,1.083073,0.027670,0.984688
-0.037729,0.014269,0.187574,5.708470,20.011138,10.416937,3.445123,2.749561,180.279969,5.569824,1.083096,0.027724,0.984756
-0.037773,0.014240,0.125463,9.455089,20.010132,10.416658,3.443854,2.750933,180.260208,5.546049,1.083143,0.027682,0.984760
-0.039270,0.013902,0.012364,74.585610,20.011120,10.416813,3.442548,2.752031,180.268440,5.548656,1.083195,0.027715,0.984779
-0.039271,0.014692,0.118281,4.221775,20.011067,10.416665,3.445711,2.731560,180.284324,5.585762,1.083260,0.027788,0.984847
-0.038128,0.014285,0.108724,6.189919,20.010915,10.416750,3.447122,2.740813,180.289337,5.590694,1.083268,0.027763,0.984836
-0.041237,0.014621,0.069719,4.687765,20.010605,10.416920,3.446832,2.755913,180.282996,5.576080,1.083274,0.027768,0.984858
-0.038018,0.014055,0.038667,1696.211111,20.011590,10.416722,3.445068,2.743634,180.262608,5.602889,1.083322,0.027815,0.984910
-0.038209,0.014516,0.126333,7.860730,20.010972,10.416583,3.446013,2.741638,180.219303,5.597022,1.083299,0.027789,0.984880
-0.037332,0.014481,0.141238,6.414471,20.010847,10.416695,3.445688,2.750592,180.221507,5.615051,1.083363,0.027843,0.984923
-0.037241,0.014556,0.044017,9.119368,20.010662,10.416813,3.447900,2.749501,180.225596,5.624713,1.083428,0.027879,0.984983
-0.040240,0.014275,0.074590,32.054088,19.985658,10.416745,3.445474,2.750270,180.261767,5.617290,1.083410,0.027799,0.984905
-0.040593,0.014439,0.137178,13.607378,19.959345,10.416685,3.445088,2.754928,180.214253,5.623590,1.083475,0.027919,0.985002
-0.040850,0.014263,0.063404,13.110997,19.981455,10.416712,3.443792,2.743581,180.228808,5.650213,1.083505,0.027955,0.985064
-0.036962,0.013938,0.142582,17.788928,20.011075,10.416572,3.443613,2.749345,180.191165,5.622928,1.083429,0.027877,0.984995
-0.040659,0.014043,0.175123,6.414513,20.011412,10.416693,3.443293,2.737267,180.192254,5.629175,1.083414,0.027836,0.984938
-0.038653,0.015140,-0.023219,44.555685,19.999363,10.416623,3.447878,2.732616,180.157656,5.610969,1.083394,0.027836,0.984938
-0.039524,0.014195,0.028854,34.817084,19.960330,10.416575,3.446001,2.745316,180.127958,5.592271,1.083336,0.027768,0.984884
-0.036790,0.014429,-0.092896,7.016283,19.979213,10.416775,3.446229,2.747823,180.084133,5.572582,1.083251,0.027697,0.984810
-0.040523,0.014080,0.141794,6.964646,20.010998,10.416603,3.443676,2.729485,180.110869,5.582236,1.083233,0.027676,0.984792
-0.037296,0.014297,0.171422,5.557143,19.971668,10.416687,3.445428,2.741177,180.146211,5.588523,1.083243,0.027665,0.984770
-0.038694,0.014116,0.161487,7.437348,20.011320,10.416788,3.445609,2.743498,180.078548,5.583090,1.083240,0.027664,0.984787
-0.039373,0.014360,0.126932,4.592518,20.011027,10.416707,3.446293,2.745568,180.090120,5.565140,1.083217,0.027633,0.984733
-0.040769,0.014335,0.055919,5.619463,19.993318,10.416748,3.445376,2.732499,180.059357,5.571862,1.083211,0.027629,0.984742
-0.038064,0.013579,0.128990,7.758746,19.980492,10.416868,3.444405,2.735621,180.040678,5.591523,1.083177,0.027661,0.984776
-0.036316,0.014304,0.155138,8.792277,19.975432,10.416828,3.445073,2.752364,180.005372,5.550389,1.083215,0.027637,0.984737
-0.039165,0.014751,0.131313,10.726345,20.010835,10.416837,3.447729,2.734610,180.142455,5.620113,1.083409,0.027820,0.984954
-0.037518,0.014462,0.091851,3.659386,20.010877,10.333347,3.445165,2.740420,180.303572,5.350210,1.083615,0.026616,0.985147
-0.036984,0.014126,0.073205,815.926316,20.001647,10.333383,3.443504,2.761198,180.392334,5.364407,1.083799,0.026697,0.985290
-0.037915,0.013845,0.075700,27.708664,20.011278,10.333392,3.443242,2.754962,180.419609,5.396314,1.083864,0.026754,0.985342
-0.038122,0.014404,0.033296,20.685714,20.000440,10.333422,3.444274,2.753571,180.283097,5.386879,1.083789,0.026716,0.985332
-0.039036,0.014307,0.172742,5.774778,19.962730,10.416665,3.446013,2.755234,179.971428,5.601018,1.083281,0.027715,0.984854
-0.040571,0.013803,0.037866,200.578947,19.946722,10.416722,3.444960,2.742913,179.945352,5.576696,1.083265,0.027724,0.984830
-0.041150,0.013936,0.149883,55.313406,19.950613,10.416905,3.443031,2.746018,179.919439,5.573512,1.083273,0.027700,0.984830
-0.040618,0.013805,0.177558,19.548338,19.960293,10.416650,3.444637,2.751709,179.955457,5.600490,1.083281,0.027742,0.984846
-0.042033,0.014494,0.110205,5.518040,19.905450,10.416788,3.446836,2.758123,179.911223,5.612060,1.083279,0.027725,0.984843
-0.041277,0.014617,0.055980,10.194522,19.959910,10.416777,3.445518,2.741525,179.894508,5.608444,1.083282,0.027730,0.984850
-0.041207,0.014676,0.214517,402.644737,19.920563,10.416698,3.446921,2.745184,179.872668,5.579586,1.083239,0.027721,0.984827
-0.042643,0.014865,0.137010,3.222046,19.945758,10.416750,3.448290,2.741122,179.869522,5.579713,1.083218,0.027659,0.984782
-0.037880,0.014771,0.129721,6.040206,19.910420,10.416733,3.448269,2.740541,179.840556,5.586806,1.083215,0.027673,0.984786
-0.040646,0.014822,0.123887,4.011590,19.897237,10.416865,3.449366,2.758272,179.797565,5.574587,1.083167,0.027645,0.984793
-0.038112,0.014346,0.011104,72.677619,19.883565,10.416667,3.445101,2.753838,179.790926,5.563691,1.083108,0.027555,0.984687
-0.040753,0.014357,0.074034,4.579952,19.911975,10.416797,3.446664,2.736927,179.770427,5.547637,1.083106,0.027543,0.984694
-0.039512,0.014087,0.121620,4.461054,19.890157,10.416707,3.445523,2.733437,179.777621,5.565023,1.083041,0.027494,0.984634
-0.039488,0.014147,0.060170,106.741958,19.886635,10.416750,3.445056,2.754496,179.696796,5.540853,1.082984,0.027421,0.984578
-0.039341,0.013274,0.170764,6.175263,19.900055,10.416773,3.442748,2.723159,179.872562,5.513940,1.082969,0.027413,0.984545
-0.037417,0.013604,0.084975,11.682090,19.871760,10.416882,3.442785,2.738833,179.697289,5.524649,1.082941,0.027391,0.984537
-0.038117,0.014483,0.125334,17.189290,19.900852,10.416667,3.446417,2.727631,179.678655,5.518343,1.082918,0.027362,0.984519
-0.040783,0.014674,0.039013,21.309231,19.919143,10.416742,3.446597,2.735390,179.668609,5.514575,1.082909,0.027331,0.984495
-0.039309,0.014450,0.200928,2.463386,19.890013,10.416735,3.448894,2.738318,179.641308,5.498206,1.082864,0.027303,0.984443
-0.039282,0.014528,0.048478,7.706252,19.910915,10.416740,3.447615,2.745332,179.636056,5.489464,1.082845,0.027274,0.984417
-0.037313,0.014354,0.058127,5.433262,19.861085,10.416733,3.447063,2.730844,179.641336,5.499378,1.082828,0.027281,0.984419
-0.039428,0.014556,0.228545,4.470435,19.847253,10.416825,3.446807,2.740893,179.633506,5.495371,1.082799,0.027235,0.984407
-0.039655,0.014902,0.034027,132.980870,19.882890,10.416682,3.448271,2.751013,179.613725,5.487422,1.082793,0.027242,0.984394
-0.038781,0.014363,0.042726,20.608390,19.880475,10.416815,3.446207,2.733040,179.582768,5.465736,1.082782,0.027198,0.984348
-0.037994,0.014293,0.070190,6.557534,19.834485,10.416918,3.447011,2.749222,179.589879,5.475035,1.082689,0.027164,0.984298
-0.037972,0.014561,0.161379,15.113353,19.873218,10.416857,3.446872,2.759250,179.628410,5.464359,1.082705,0.027169,0.984316
-0.038595,0.014138,0.132738,7.730862,19.860110,10.416732,3.444726,2.744946,179.551965,5.478927,1.082693,0.027164,0.984309
-0.035709,0.014370,0.178920,23.227769,19.841708,10.416763,3.447013,2.731789,179.550217,5.466520,1.082658,0.027175,0.984317
-0.037104,0.013833,0.084315,7.274964,19.805000,10.416685,3.446020,2.770299,179.530410,5.467043,1.082631,0.027103,0.984269
-0.040928,0.014332,0.009052,106.765385,19.841075,10.416722,3.446316,2.755538,179.502307,5.456710,1.082644,0.027093,0.984257
-0.039145,0.015014,0.035316,9.661339,19.796747,10.416588,3.447980,2.745992,179.480184,5.466944,1.082561,0.027067,0.984230
-0.039071,0.014872,0.046995,84.250276,19.752278,10.416865,3.447992,2.742429,179.437255,5.424965,1.082535,0.027024,0.984169
-0.039365,0.014061,0.124405,27.523689,19.853023,10.416665,3.444691,2.736275,179.425300,5.424563,1.082521,0.026953,0.984117
-0.038211,0.014566,0.067125,28.129466,19.844345,10.416773,3.446892,2.735956,179.411099,5.411468,1.082481,0.026920,0.984106
-0.037849,0.014582,0.106367,5.709813,19.819082,10.416617,3.446800,2.743657,179.416819,5.399135,1.082421,0.026884,0.984075
-0.036480,0.014372,0.011993,33.408515,19.766768,10.416640,3.445903,2.744327,179.464247,5.410506,1.082395,0.026895,0.984053
-0.039113,0.014416,0.106712,5.513382,19.709492,10.416722,3.446729,2.759794,179.395103,5.420245,1.082399,0.026878,0.984043
-0.037652,0.014312,0.090643,6.993178,19.762083,10.416717,3.447820,2.734176,179.368700,5.411534,1.082443,0.026870,0.984065
-0.039836,0.014280,0.051688,69.868037,19.744117,10.416730,3.445898,2.737554,179.380694,5.424873,1.082431,0.026864,0.984048
-0.035045,0.014023,-0.013497,5.303993,19.776595,10.416633,3.446185,2.737131,179.361139,5.397696,1.082400,0.026821,0.984004
-0.037929,0.014053,0.153745,145.474286,19.835095,10.416742,3.446383,2.741035,179.319681,5.387737,1.082316,0.026747,0.983926
-0.036195,0.014118,0.145886,3.755372,19.793642,10.416725,3.444729,2.738836,179.305762,5.374763,1.082263,0.026731,0.983909
-0.037133,0.014534,0.177461,2.859932,19.796773,10.416815,3.446612,2.745319,179.299531,5.374449,1.082257,0.026689,0.983847
-0.037596,0.014163,0.165160,22.929042,19.747490,10.416788,3.446344,2.737385,179.290507,5.370705,1.082246,0.026686,0.983860
-0.038369,0.014343,0.165744,64.257983,19.753485,10.416878,3.447125,2.750584,179.293505,5.366656,1.082195,0.026647,0.983821
-0.038990,0.014590,0.019386,59.342412,19.741010,10.416895,3.446978,2.744121,179.251335,5.368382,1.082164,0.026651,0.983799
-0.036306,0.014331,0.100744,10.919686,19.781843,10.416760,3.445926,2.746782,179.260473,5.350262,1.082144,0.026596,0.983756
-0.037789,0.014066,0.144554,6.780275,19.730902,10.416865,3.447053,2.740825,179.228886,5.332940,1.082072,0.026559,0.983710
-0.037475,0.014220,0.180724,8.796832,19.769772,10.416567,3.448485,2.750126,179.198845,5.315032,1.082062,0.026484,0.983696
-0.037499,0.014239,0.076783,31.305339,19.715302,10.416778,3.446878,2.736714,179.211479,5.308577,1.081993,0.026471,0.983622
-0.038307,0.014147,0.107156,6.898825,19.751145,10.416732,3.444983,2.736056,179.131769,5.292708,1.081963,0.026417,0.983557
-0.039147,0.014481,0.085441,10.195725,19.716458,10.416700,3.446128,2.751580,179.088725,5.292263,1.081892,0.026370,0.983495
-0.039648,0.015045,0.051500,42.200829,19.686302,10.416770,3.451322,2.751953,179.077148,5.284285,1.081895,0.026322,0.983448
-0.036698,0.014620,0.080485,13.479894,19.705978,10.416842,3.448523,2.745517,179.149574,5.306547,1.081889,0.026378,0.983518
-0.036550,0.014468,0.180245,4.305383,19.708420,10.416683,3.448480,2.744792,179.150913,5.298299,1.081875,0.026364,0.983497
-0.039939,0.014676,0.111808,12.414797,19.737213,10.416567,3.448853,2.749096,179.125248,5.311524,1.081855,0.026351,0.983480
-0.039026,0.014489,0.033895,29.080744,19.699207,10.416763,3.447520,2.737939,179.149967,5.300701,1.081811,0.026330,0.983460
-0.037679,0.014166,0.146892,3.595604,19.733183,10.416865,3.446715,2.752091,179.144393,5.279248,1.081833,0.026320,0.983459
-0.037401,0.014638,0.190885,11.469283,19.697320,10.416760,3.449622,2.747551,179.063577,5.267622,1.081758,0.026267,0.983418
-0.039836,0.015149,0.217078,4.202226,19.695680,10.416792,3.450834,2.741736,179.066347,5.276263,1.081702,0.026224,0.983345
-0.038171,0.014789,0.105874,6.659983,19.686773,10.416723,3.449454,2.748972,179.042484,5.270186,1.081673,0.026202,0.983337
-0.039849,0.014841,0.123715,11.259281,19.697963,10.500158,3.448276,2.735389,179.022111,5.558879,1.081661,0.027549,0.983327
-0.037750,0.014306,0.057388,5.047490,19.730877,10.416705,3.446264,2.733395,179.019732,5.256763,1.081681,0.026186,0.983312
-0.037959,0.015099,0.111126,3.236673,19.683215,10.416815,3.451167,2.742202,179.039322,5.251545,1.081641,0.026165,0.983328
-0.038322,0.014472,0.133110,7.498576,19.697905,10.416718,3.448137,2.741519,179.044042,5.252752,1.081621,0.026165,0.983307
-0.037638,0.014671,0.206100,26.335972,19.691255,10.416628,3.449731,2.739676,179.036427,5.269379,1.081639,0.026139,0.983328
-0.038094,0.014392,0.045707,64.212605,19.658353,10.416748,3.446496,2.742393,179.030206,5.274220,1.081624,0.026155,0.983311
-0.036326,0.015206,0.180803,16.354011,19.656223,10.416783,3.451437,2.745587,178.935583,5.242469,1.081530,0.026079,0.983216
-0.040554,0.014527,0.120806,5.373856,19.680548,10.500175,3.447625,2.750754,178.901781,5.526292,1.081450,0.027363,0.983125
-0.037111,0.014776,0.169894,3.299223,19.634302,10.416753,3.449812,2.746942,178.927389,5.214613,1.081360,0.025977,0.983068
-0.038835,0.014657,0.189009,4.066392,19.635047,10.500018,3.448777,2.724982,178.864542,5.488986,1.081326,0.027243,0.983019
-0.036854,0.014894,0.177183,11.524887,19.641570,10.500025,3.450465,2.737781,178.850894,5.492608,1.081287,0.027200,0.982987
-0.037263,0.014925,0.215044,3.970868,19.637023,10.500103,3.449833,2.724457,178.834395,5.483744,1.081228,0.027161,0.982946
-0.041691,0.014553,0.147556,5.584362,19.674848,10.500050,3.448641,2.736668,178.830949,5.465914,1.081218,0.027071,0.982866
-0.039664,0.014879,0.198719,3.760683,19.630628,10.499948,3.450442,2.743262,178.796214,5.484528,1.081147,0.027130,0.982906
-0.038815,0.014404,0.150528,13.936405,19.600477,10.500093,3.446468,2.756354,178.770238,5.459515,1.081095,0.027038,0.982826
-0.038185,0.014783,0.199023,33.310917,19.658960,10.500095,3.448354,2.748356,178.744208,5.440784,1.081045,0.026974,0.982766
-0.038740,0.014391,0.182448,8.132322,19.628333,10.499975,3.447811,2.757046,178.696496,5.441736,1.080944,0.026891,0.982685
-0.039968,0.014813,0.150477,4.063673,19.640905,10.500018,3.451300,2.757233,178.655147,5.405054,1.080865,0.026791,0.982614
-0.039925,0.014171,0.130022,7.754202,19.622108,10.500132,3.446278,2.747049,178.626836,5.369640,1.080800,0.026703,0.982545
-0.036335,0.014578,0.074550,13.454361,19.624110,10.500117,3.448665,2.733123,178.646937,5.391256,1.080806,0.026739,0.982533
-0.037040,0.014758,0.140925,5.417434,19.596970,10.500040,3.449084,2.740377,178.639439,5.388814,1.080759,0.026710,0.982494
-0.038203,0.014191,0.083880,53.465035,19.602397,10.500055,3.446601,2.736920,178.666244,5.396166,1.080790,0.026711,0.982513
-0.037310,0.014741,0.096573,5.490664,19.584952,10.500092,3.447913,2.744197,178.651002,5.390729,1.080753,0.026664,0.982471
-0.037973,0.014922,0.171074,2.813140,19.621212,10.499907,3.450520,2.741766,178.647806,5.394487,1.080750,0.026688,0.982491
-0.041223,0.014581,0.124837,20.613728,19.611152,10.500065,3.447961,2.748015,178.644049,5.365717,1.080690,0.026666,0.982479
-0.041753,0.014407,0.137338,3.581578,19.592577,10.500087,3.447864,2.744803,178.605971,5.397295,1.080590,0.026555,0.982369
-0.038909,0.015108,0.056360,4.881202,19.591247,10.500065,3.450587,2.739347,178.521702,5.325534,1.080535,0.026506,0.982304
-0.036454,0.013976,0.082656,8.959060,19.591025,10.500013,3.446495,2.736666,178.570461,5.338503,1.080525,0.026507,0.982304
-0.037203,0.014938,0.169616,4.400835,19.557105,10.499990,3.451430,2.729252,178.527297,5.338986,1.080475,0.026467,0.982291
-0.037925,0.014513,0.090531,4.707894,19.570853,10.500008,3.449045,2.746943,178.506263,5.309652,1.080422,0.026425,0.982237
-0.038746,0.014611,0.201086,39.824346,19.530612,10.500193,3.449419,2.747149,178.472759,5.313853,1.080356,0.026374,0.982150
-0.039781,0.015178,0.152490,40.003665,19.523733,10.500102,3.450561,2.747938,178.464377,5.315684,1.080341,0.026346,0.982167
-0.038491,0.014893,0.159536,201.080263,19.468213,10.499943,3.451564,2.740505,178.490136,5.288926,1.080306,0.026334,0.982121
-0.038522,0.015084,-0.014092,12.596201,19.522470,10.500048,3.449244,2.757036,178.516699,5.298566,1.080315,0.026294,0.982100
-0.036837,0.014822,0.104869,160.612632,19.473088,10.500067,3.451018,2.760709,178.491391,5.289103,1.080247,0.026295,0.982097
-0.037954,0.014572,0.135022,30.797177,19.520318,10.499998,3.448273,2.755331,178.520783,5.273576,1.080248,0.026254,0.982046
-0.038403,0.015149,0.100963,9.855355,19.534967,10.500062,3.451140,2.755742,178.516505,5.285704,1.080201,0.026256,0.982038
-0.038994,0.014665,0.006290,159.837173,19.510453,10.500178,3.449859,2.744169,178.460117,5.277012,1.080191,0.026227,0.982035
-0.036571,0.014752,0.209741,7.430000,19.512490,10.500198,3.450451,2.749169,178.436661,5.246820,1.080092,0.026151,0.981912
-0.038419,0.014771,0.154394,26.283477,19.509638,10.500062,3.449237,2.756118,178.399921,5.262298,1.080032,0.026111,0.981908
-0.036841,0.015154,0.071620,1528.440000,19.503870,10.500050,3.451239,2.750242,178.373171,5.238685,1.079983,0.026099,0.981858
-0.035384,0.015062,0.197766,11.063268,19.447253,10.500103,3.451818,2.755722,178.357585,5.223448,1.079896,0.026038,0.981803
-0.038401,0.014804,0.128194,3.880440,19.434080,10.500040,3.450920,2.750219,178.303625,5.216346,1.079842,0.025958,0.981702
-0.035476,0.015102,0.164929,1527.430000,19.470375,10.500027,3.448533,2.745959,178.290407,5.202012,1.079802,0.025900,0.981670
-0.034700,0.014959,0.113896,47.027077,19.438247,10.500052,3.450832,2.759062,178.295718,5.195905,1.079770,0.025889,0.981643
-0.038402,0.015012,0.140756,804.068421,19.452715,10.499898,3.449874,2.742919,178.382812,5.204521,1.079802,0.025884,0.981661
-0.037480,0.014492,0.090443,8.854548,19.467853,10.500088,3.449663,2.753022,178.493010,5.237390,1.079966,0.025950,0.981785
-0.039278,0.014711,0.028193,4.826711,19.455503,10.499965,3.449619,2.739159,178.542212,5.238824,1.080005,0.025970,0.981822
-0.039669,0.015007,0.151389,100.441447,19.486778,10.500052,3.450768,2.735920,178.443941,5.211556,1.079921,0.025942,0.981768
-0.039179,0.014365,0.198941,25.443428,19.457908,10.500133,3.448165,2.726662,178.326722,5.204364,1.079757,0.025839,0.981623
-0.037942,0.015065,0.118650,6.998352,19.421275,10.583415,3.451916,2.754379,178.231560,5.492945,1.079600,0.027091,0.981492
-0.041759,0.014917,0.111162,161.271579,19.469458,10.583360,3.450061,2.731261,178.213380,5.463041,1.079581,0.027104,0.981510
-0.041497,0.015653,0.232231,123.376613,19.419212,10.583363,3.452171,2.750062,178.215121,5.447572,1.079469,0.026987,0.981405
-0.036967,0.015178,0.232150,18.048703,19.442372,10.500058,3.451152,2.735551,178.346767,5.158822,1.079649,0.025708,0.981496
-0.038424,0.014741,0.216759,232.224242,19.466280,10.499983,3.450094,2.761580,178.450046,5.189409,1.079753,0.025764,0.981600
-0.038878,0.014504,0.163004,11.444569,19.427732,10.500213,3.448781,2.733164,178.511802,5.201538,1.079816,0.025785,0.981653
-0.037010,0.014476,0.155830,2.359064,19.424752,10.499987,3.448893,2.740420,178.501602,5.193978,1.079811,0.025776,0.981650
-0.039867,0.014917,0.064880,6.679069,19.450158,10.499962,3.449407,2.741947,178.478111,5.177141,1.079754,0.025748,0.981629
-0.038425,0.015301,0.043349,22.865843,19.422860,10.499927,3.449454,2.747695,178.407158,5.166877,1.079708,0.025672,0.981523
-0.036050,0.014774,0.205727,4.827756,19.368955,10.500117,3.449827,2.743559,178.376212,5.137958,1.079561,0.025603,0.981428
-0.039747,0.015279,0.292864,4.822387,19.460743,10.583108,3.452894,2.734060,178.163130,5.411036,1.079381,0.026815,0.981244
-0.038331,0.014821,0.200548,99.700000,19.426442,10.583467,3.452639,2.743903,178.097866,5.380421,1.079188,0.026674,0.981087
-0.037684,0.015173,0.161095,2.521399,19.457235,10.583293,3.451999,2.735594,178.080479,5.374507,1.079135,0.026580,0.981021
-0.039137,0.015119,0.176442,4.821365,19.564447,10.583213,3.452613,2.746801,178.052236,5.356558,1.079061,0.026552,0.980990
-0.036186,0.014846,0.166427,5.021768,19.429498,10.583347,3.450087,2.741374,178.059034,5.337334,1.079025,0.026431,0.980862
-0.037943,0.014405,0.102843,9.777501,19.435367,10.583370,3.448808,2.750851,178.033348,5.330218,1.078984,0.026474,0.980919
-0.038438,0.015111,0.025882,38.594066,19.562333,10.583427,3.449670,2.738633,177.991301,5.341449,1.078906,0.026433,0.980862
-0.037491,0.015488,0.162253,3.527751,19.396650,10.583497,3.453047,2.741166,177.962262,5.315408,1.078858,0.026336,0.980760
-0.037208,0.014763,0.179168,20.834877,19.571778,10.583495,3.450259,2.726326,177.931920,5.290542,1.078806,0.026311,0.980732
-0.037992,0.014758,0.008065,20.281432,19.422690,10.583470,3.451243,2.750313,177.930817,5.297064,1.078766,0.026255,0.980679
-0.036708,0.015271,0.159117,22.574889,19.527038,10.583305,3.454003,2.748238,177.884810,5.299298,1.078711,0.026270,0.980725
-0.038482,0.015707,0.211744,9.614187,19.419827,10.583365,3.453994,2.749079,177.921328,5.277504,1.078719,0.026211,0.980650
-0.035294,0.014800,0.145866,4.745610,19.417613,10.583330,3.449571,2.755025,177.967909,5.271676,1.078749,0.026246,0.980681
-0.037561,0.014980,0.043398,25.777599,19.569397,10.583438,3.450489,2.745171,178.074384,5.329874,1.078834,0.026300,0.980761
-0.036218,0.014916,0.107484,3.857939,19.431537,10.583537,3.450019,2.743888,178.203366,5.338502,1.078957,0.026380,0.980829
-0.038934,0.015319,0.194890,34.095759,19.475938,10.583427,3.451386,2.759418,178.148639,5.341257,1.078935,0.026422,0.980897
-0.037693,0.014903,0.125292,7.990978,19.429402,10.583530,3.451241,2.738011,178.034127,5.304804,1.078795,0.026234,0.980722
-0.038089,0.015034,0.178137,7.689718,19.436882,10.583545,3.450831,2.753818,177.867628,5.240888,1.078593,0.026103,0.980557
-0.039293,0.014953,0.203490,4.298510,19.393670,10.583518,3.451300,2.747879,177.813309,5.236982,1.078448,0.026018,0.980438
-0.037683,0.014933,0.171426,40.014660,19.511665,10.583297,3.452756,2.740197,177.786192,5.225914,1.078343,0.025957,0.980361
-0.036884,0.015219,0.125161,3.149886,19.429043,10.583387,3.451824,2.748540,178.019007,5.255314,1.078522,0.025985,0.980438
-0.040686,0.014713,0.224093,527.358621,19.409122,10.583475,3.450516,2.753440,178.161723,5.288301,1.078715,0.026173,0.980659
-0.036878,0.014941,0.077303,6.569731,19.424238,10.499953,3.450254,2.750662,178.267206,5.018301,1.078847,0.024946,0.980786
-0.039205,0.015029,0.020517,11.052495,19.418720,10.500080,3.452016,2.765619,178.329848,5.013733,1.078892,0.024948,0.980821
-0.034783,0.015157,0.099815,4.181139,19.458770,10.499953,3.452663,2.739966,178.340103,5.028108,1.078908,0.024944,0.980809
-0.037295,0.015053,0.162087,24.634839,19.372573,10.500122,3.451068,2.764872,178.293845,5.002560,1.078834,0.024924,0.980794
-0.036608,0.015318,0.114939,40.224409,19.452527,10.500078,3.453291,2.746877,178.238928,4.985772,1.078751,0.024857,0.980718
-0.040410,0.015129,0.217648,6.669506,19.441665,10.583400,3.450000,2.721650,178.065207,5.269904,1.078629,0.026076,0.980561
-0.036012,0.015181,0.226678,9.765793,19.527700,10.583413,3.452256,2.750300,177.771860,5.208786,1.078253,0.025832,0.980290
-0.038241,0.014880,0.002087,783.528205,19.385413,10.583467,3.450936,2.752133,177.663277,5.165851,1.078047,0.025637,0.980046
-0.038234,0.015192,0.142024,21.121685,19.393585,10.583280,3.453800,2.749256,177.638829,5.145252,1.078034,0.025629,0.980054
-0.036224,0.015177,0.265827,2.810616,19.363115,10.583385,3.452008,2.753145,177.602413,5.136820,1.077928,0.025572,0.980014
-0.040804,0.014935,0.080091,5.577066,19.388582,10.666680,3.451292,2.733622,177.600946,5.415152,1.077872,0.026860,0.979900
-0.038614,0.015381,0.099190,7.324491,19.360010,10.666677,3.452681,2.749504,177.549225,5.430750,1.077787,0.026813,0.979843
-0.039721,0.015588,0.265401,9.245939,19.376115,10.666747,3.452630,2.762796,177.534783,5.401023,1.077741,0.026738,0.979783
-0.040677,0.015368,0.133187,5.933050,19.388192,10.666725,3.454221,2.746319,177.515280,5.394152,1.077699,0.026665,0.979711
-0.037146,0.015590,0.102007,10.842877,19.347093,10.666748,3.452416,2.740762,177.495945,5.395918,1.077595,0.026598,0.979660
-0.040477,0.015500,0.225537,12.747088,19.356980,10.666657,3.452653,2.761194,177.507135,5.348407,1.077571,0.026554,0.979616
-0.039002,0.014833,-0.076127,38.996164,19.358963,10.666815,3.451267,2.754209,177.550413,5.367694,1.077582,0.026559,0.979613
-0.037633,0.014491,0.166276,2.127211,19.385655,10.666697,3.448958,2.746979,177.600563,5.365198,1.077603,0.026571,0.979631
-0.039859,0.015579,0.050222,3.854509,19.407397,10.666740,3.454030,2.745551,177.680774,5.376143,1.077665,0.026620,0.979660
-0.035429,0.015571,0.004965,293.982692,19.528210,10.583478,3.452614,2.752303,177.852063,5.086096,1.077787,0.025328,0.979778
-0.035528,0.015630,0.057485,20.295618,19.400277,10.583488,3.454770,2.729195,177.843896,5.081022,1.077827,0.025343,0.979829
-0.037195,0.015165,0.111676,30.790121,19.396108,10.583373,3.451739,2.750939,177.683561,5.090723,1.077674,0.025275,0.979718
-0.038853,0.015091,0.183876,88.776163,19.345522,10.666813,3.452396,2.753540,177.512231,5.353151,1.077466,0.026449,0.979516
-0.038834,0.014845,0.211465,4.731072,19.368465,10.666675,3.450960,2.752237,177.416880,5.310684,1.077288,0.026286,0.979340
-0.040227,0.015058,0.199865,10.539793,19.340623,10.666885,3.450817,2.739255,177.433437,5.284880,1.077218,0.026230,0.979294
-0.039335,0.015417,0.035278,4.304045,19.317763,10.666682,3.453263,2.747203,177.475688,5.275055,1.077168,0.026172,0.979241
-0.038027,0.015183,0.156572,14.423346,19.241115,10.666720,3.451629,2.741302,176.496915,5.293412,1.077254,0.026225,0.979310
-0.038907,0.016190,0.234519,5.880493,19.378520,10.666730,3.454694,2.749253,177.690238,5.318958,1.077382,0.026322,0.979390
-0.035504,0.015394,0.097832,28.090993,19.482807,10.583390,3.452427,2.742862,177.695984,5.047904,1.077409,0.025042,0.979471
-0.037165,0.015470,0.218865,4.330745,19.355015,10.666733,3.452443,2.748792,177.703564,5.321209,1.077411,0.026343,0.979436
-0.038671,0.014943,0.119211,8.490350,19.332308,10.666690,3.451496,2.748977,177.699536,5.350355,1.077365,0.026364,0.979444
-0.038421,0.014497,0.170426,9.359841,19.347018,10.666667,3.447225,2.735199,177.647396,5.298719,1.077313,0.026310,0.979383
-0.038471,0.015180,0.252954,12.755990,19.357035,10.666705,3.452059,2.743090,177.575730,5.301008,1.077221,0.026188,0.979276
-0.036993,0.015061,0.183980,3.428568,19.321737,10.666797,3.452376,2.758991,177.382605,5.255310,1.077001,0.026023,0.979121
-0.036333,0.015487,0.115699,36.350238,19.316347,10.666742,3.454953,2.751832,177.317544,5.212801,1.076789,0.025892,0.978924
-0.037116,0.015431,0.211692,200.403947,19.316993,10.666708,3.454798,2.744668,177.298739,5.196062,1.076785,0.025846,0.978905
-0.036652,0.015363,0.114291,5.373856,19.302473,10.666758,3.454940,2.742020,177.267258,5.189597,1.076744,0.025816,0.978860
-0.037460,0.015647,0.225460,4.439056,19.304293,10.666735,3.455853,2.735240,177.345641,5.187992,1.076663,0.025782,0.978807
-0.036619,0.015579,0.177473,7.067206,19.265417,10.666722,3.453251,2.747303,177.214708,5.168730,1.076569,0.025709,0.978738
-0.036874,0.015679,0.183845,113.840299,19.275690,10.666783,3.454821,2.735967,177.206643,5.151432,1.076485,0.025641,0.978651
-0.038805,0.015739,0.126174,30.791331,19.251845,10.749977,3.453455,2.749883,177.144274,5.428375,1.076411,0.026931,0.978573
-0.036470,0.015447,0.134763,4.840906,19.278850,10.750028,3.452771,2.745923,177.174325,5.430761,1.076349,0.026872,0.978513
-0.037831,0.015667,0.121134,83.901648,19.263725,10.749920,3.456855,2.741744,177.118657,5.430768,1.076295,0.026833,0.978471
-0.037402,0.015782,0.182365,3.890992,19.313812,10.750210,3.454800,2.742215,177.144876,5.395614,1.076307,0.026811,0.978449
-0.041014,0.016044,0.025763,8.898660,19.273173,10.750078,3.455774,2.741570,177.185115,5.413293,1.076271,0.026801,0.978456
-0.037516,0.015315,0.068485,11.783539,19.256365,10.750178,3.453229,2.759942,177.200409,5.413669,1.076255,0.026790,0.978453
-0.034859,0.015926,0.093257,10.727780,19.309902,10.666838,3.455323,2.734709,177.308943,5.114489,1.076345,0.025449,0.978482
-0.037176,0.015603,0.022431,43.320284,19.292148,10.666782,3.453958,2.732265,177.396920,5.127938,1.076457,0.025511,0.978583
-0.036874,0.015388,0.217304,6.071547,19.291363,10.666838,3.452730,2.744915,177.373934,5.112453,1.076435,0.025475,0.978582
-0.036837,0.014951,0.204195,14.500572,19.272840,10.666575,3.451160,2.752488,177.191217,5.092435,1.076260,0.025368,0.978416
-0.035719,0.015023,0.054172,18.019135,19.273997,10.750170,3.453490,2.738663,177.037613,5.377478,1.076065,0.026565,0.978240
-0.036718,0.015015,-0.042124,43.596023,19.249707,10.750160,3.453230,2.751766,177.026709,5.371673,1.075991,0.026517,0.978191
-0.041735,0.015473,0.127388,6.626473,19.233557,10.749972,3.455518,2.759448,177.000361,5.361897,1.075909,0.026455,0.978135
-0.041216,0.014741,0.002030,456.322388,19.244217,10.722413,3.451742,2.774593,177.140217,5.332865,1.075919,0.026405,0.978095
-0.036201,0.015263,0.105770,11.767926,19.270420,10.750070,3.451875,2.760338,177.211257,5.358377,1.076038,0.026536,0.978202
-0.037249,0.015717,0.207299,4.242080,19.227482,10.227005,3.453687,2.751676,177.278983,5.021151,1.075890,0.024976,0.978074
-0.035486,0.015492,0.117930,6.687481,19.234413,10.666667,3.452720,2.752434,177.355674,5.074423,1.076124,0.025201,0.978287
-0.038168,0.015820,0.121738,123.266129,19.257095,10.666787,3.455670,2.747511,177.344238,5.076657,1.076131,0.025195,0.978299
-0.037494,0.014915,0.193615,6.229906,19.293722,10.666653,3.449064,2.751297,177.318571,5.059899,1.076081,0.025151,0.978247
-0.037085,0.015958,0.089659,11.039986,19.287135,10.666693,3.453873,2.749554,177.284240,5.057193,1.076051,0.025119,0.978203
-0.033972,0.015650,0.188854,24.704685,19.261465,10.666673,3.453918,2.744209,177.227877,5.054351,1.075973,0.025071,0.978139
-0.037809,0.014966,0.144298,100.618421,19.350952,10.750183,3.451722,2.753063,176.943088,5.294993,1.075651,0.026219,0.977927
-0.039255,0.015453,0.145479,61.710081,19.322545,10.750048,3.453244,2.742279,176.933077,5.253576,1.075506,0.026068,0.977734
-0.037496,0.015203,0.058798,4.134180,19.355622,10.750202,3.453360,2.746108,176.883903,5.239059,1.075456,0.026022,0.977683
-0.038250,0.015001,0.125225,5.238280,19.297470,10.749923,3.452727,2.737417,176.894909,5.212286,1.075373,0.025980,0.977647
-0.035436,0.015753,0.299822,2.542410,19.323007,10.750042,3.456147,2.732103,176.880653,5.215124,1.075340,0.025923,0.977578
-0.035571,0.015600,0.181671,79.951309,19.332857,10.750067,3.456531,2.740504,176.870207,5.219224,1.075295,0.025864,0.977533
-0.036017,0.016047,0.180163,9.421332,19.292050,10.750053,3.455812,2.737170,176.792179,5.203780,1.075223,0.025834,0.977481
-0.037452,0.015475,0.074903,13.699373,19.287785,10.607722,3.455611,2.755863,176.774633,5.172777,1.075082,0.025659,0.977306
-0.037096,0.015465,0.170173,6.718018,19.290158,10.750097,3.451726,2.749516,176.775974,5.154626,1.075087,0.025721,0.977375
-0.037044,0.015960,0.247611,3.276072,19.265882,10.749950,3.456021,2.734604,176.712906,5.164133,1.075018,0.025676,0.977303
-0.035869,0.015944,0.021835,4.685960,19.282480,10.592683,3.455411,2.728986,176.687794,5.121498,1.074899,0.025530,0.977164
-0.039652,0.015562,0.172012,19.196334,19.271295,10.833455,3.454203,2.738225,176.676254,5.460607,1.074881,0.026957,0.977207
-0.038565,0.015752,0.171194,3.517456,19.283200,10.578732,3.455320,2.744946,176.731020,5.106344,1.074808,0.025448,0.977088
-0.037567,0.014962,0.160249,177.351163,19.311638,10.749992,3.451759,2.749991,176.818325,5.156557,1.074969,0.025566,0.977257
-0.036351,0.015029,0.216121,6.220121,19.309857,10.749955,3.452993,2.746724,176.830930,5.144720,1.075020,0.025591,0.977314
-0.037317,0.015197,0.054122,18.102784,19.317785,10.750135,3.452839,2.746882,176.774295,5.146984,1.074904,0.025539,0.977199
-0.038059,0.015494,0.115367,4.439208,19.296597,10.833372,3.454921,2.735929,176.645250,5.415163,1.074777,0.026812,0.977067
-0.038367,0.015284,0.235801,9.012382,19.305852,10.750158,3.452957,2.747168,176.638326,5.116527,1.074791,0.025446,0.977102
-0.036224,0.016615,0.218178,34.190179,19.302173,10.750047,3.457087,2.751705,176.625723,5.102680,1.074718,0.025406,0.977068
-0.036291,0.015962,0.186755,3.342807,19.299975,10.833352,3.454974,2.739233,176.609026,5.381502,1.074613,0.026655,0.976969
-0.037992,0.015863,0.243044,5.286644,19.307178,10.810120,3.455204,2.731773,176.704366,5.395514,1.074637,0.026641,0.976934
-0.036790,0.015336,0.087290,11.309411,19.302255,10.750135,3.453547,2.744685,176.799537,5.102781,1.074733,0.025353,0.977035
-0.036292,0.016104,0.069245,53.367133,19.334510,10.750107,3.455365,2.732785,176.914716,5.133669,1.074861,0.025385,0.977123
-0.037616,0.016079,-0.051433,5.475748,19.332198,10.491335,3.455701,2.729999,176.966872,5.086570,1.074790,0.025328,0.977076
-0.036269,0.015715,0.016579,60.420949,19.351792,10.750120,3.453216,2.749983,177.036601,5.121883,1.074909,0.025441,0.977192
-0.044146,0.015552,0.106900,3.147353,19.272455,9.820662,3.455769,2.759159,176.993430,5.056321,1.074450,0.024967,0.976753
-0.040121,0.015085,0.078783,47.256790,19.343985,10.556598,3.450492,2.724269,177.026173,5.109010,1.074777,0.025284,0.977047
-0.036685,0.015842,0.196872,28.620225,19.326302,10.750122,3.454526,2.738553,176.879161,5.096841,1.074743,0.025341,0.977065
-0.038002,0.016087,0.296700,2.472597,19.341605,10.833492,3.454689,2.753852,176.608172,5.367322,1.074437,0.026489,0.976767
-0.039126,0.015387,0.208912,10.480877,19.244227,10.833332,3.453483,2.740786,176.473674,5.298708,1.074182,0.026290,0.976580
-0.037772,0.015830,0.127478,545.489286,19.273535,10.833203,3.455603,2.746269,176.446479,5.274005,1.074163,0.026224,0.976519
-0.039021,0.015874,0.100062,5.498199,19.272432,10.833492,3.456286,2.738631,176.432538,5.291343,1.074082,0.026160,0.976465
-0.036878,0.016321,0.253272,25.429784,19.279793,10.833438,3.457748,2.750613,176.409837,5.270790,1.074039,0.026105,0.976399
-0.041475,0.015945,0.239262,2.622121,19.266823,10.661643,3.454725,2.759513,176.377012,5.238676,1.073899,0.025987,0.976294
-0.040807,0.015161,0.286833,10.372566,19.235762,10.459360,3.452651,2.746594,176.347766,5.205887,1.073724,0.025805,0.976121
-0.039705,0.015693,0.222757,11.766461,19.266877,10.833350,3.456384,2.747474,176.343482,5.218815,1.073834,0.025915,0.976200
-0.036133,0.016060,0.176775,3.081690,19.252453,10.833392,3.456417,2.747208,176.328786,5.220614,1.073771,0.025902,0.976201
-0.034836,0.015592,0.079081,43.307082,19.253268,10.833322,3.453769,2.739243,176.308787,5.216820,1.073720,0.025843,0.976119
-0.034273,0.016095,0.066733,14.898537,19.242160,10.833442,3.456566,2.735010,176.292163,5.196656,1.073661,0.025798,0.976100
-0.037282,0.015912,0.053217,18.735071,19.251710,10.833535,3.456119,2.729094,176.293143,5.168416,1.073618,0.025760,0.976030
-0.034678,0.015755,0.208176,4.059835,19.271648,10.833442,3.454046,2.733632,176.308519,5.159853,1.073579,0.025714,0.975998
-0.034769,0.015723,0.198735,7.551682,19.254703,10.833252,3.455927,2.709580,176.302921,5.177087,1.073552,0.025694,0.975965
-0.036457,0.015725,0.207195,5.138878,19.254678,10.833285,3.455255,2.732289,176.272022,5.160084,1.073485,0.025612,0.975862
-0.037450,0.016423,0.266431,7.730496,19.232303,10.833437,3.455967,2.734587,176.304238,5.158210,1.073469,0.025622,0.975905
-0.037108,0.015909,0.202712,5.106432,19.228258,10.833398,3.455815,2.752554,176.293949,5.143332,1.073390,0.025568,0.975830
-0.035993,0.016303,0.078350,20.791826,19.258755,10.833302,3.456929,2.747037,176.302527,5.140781,1.073353,0.025512,0.975779
-0.037166,0.015695,0.218827,4.587592,19.243957,10.916707,3.454327,2.744591,176.209165,5.426644,1.073253,0.026878,0.975742
-0.038799,0.016265,0.098766,8.645562,19.249565,10.916887,3.456010,2.733437,176.235208,5.421627,1.073242,0.026826,0.975684
-0.036292,0.015957,0.183500,5.581330,19.229223,10.833322,3.458180,2.740953,176.280656,5.115389,1.073264,0.025449,0.975705
-0.035558,0.015317,-0.142839,44.420930,19.226942,10.807793,3.454294,2.738747,176.332618,5.113443,1.073267,0.025428,0.975712
-0.039456,0.015781,0.109337,3.704296,19.239707,10.833332,3.456363,2.739019,176.375731,5.112687,1.073297,0.025421,0.975708
-0.038039,0.015868,0.090470,6.899481,19.249867,10.833310,3.455010,2.755157,176.399551,5.104742,1.073305,0.025415,0.975729
-0.036109,0.016042,0.158698,525.713793,19.265672,10.833392,3.457038,2.743746,176.393253,5.102300,1.073249,0.025404,0.975727
-0.037879,0.015877,0.200397,6.314121,19.251922,10.833530,3.454342,2.739899,176.369572,5.100336,1.073193,0.025350,0.975651
-0.035517,0.015862,0.100069,33.420350,19.248010,10.833243,3.455570,2.736069,176.426918,5.090002,1.073187,0.025335,0.975631
-0.039212,0.016512,0.072699,7.140543,19.282078,10.916873,3.459232,2.733784,176.167464,5.374772,1.073011,0.026581,0.975465
-0.039844,0.015981,0.120532,72.672381,19.237105,10.916685,3.455313,2.734890,176.145059,5.323760,1.072831,0.026432,0.975308
-0.038933,0.016170,0.098241,4.268317,19.161958,10.916762,3.458363,2.739163,176.163146,5.323638,1.072767,0.026388,0.975275
-0.037594,0.015974,0.248812,1699.266666,19.215355,10.916898,3.456989,2.735004,176.125786,5.315106,1.072714,0.026317,0.975210
-0.037246,0.016733,0.261900,10.403472,19.179677,10.916625,3.459811,2.742385,176.100624,5.304705,1.072674,0.026307,0.975196
-0.040131,0.015727,0.154073,4.731258,19.202748,10.916627,3.456290,2.739970,176.085142,5.288392,1.072607,0.026233,0.975151
-0.036872,0.015940,0.114994,8.148270,19.188237,10.916722,3.456881,2.738734,176.068533,5.266590,1.072544,0.026184,0.975082
-0.036798,0.016481,0.202652,3.170079,19.173763,10.916672,3.459322,2.754429,176.070999,5.256271,1.072530,0.026158,0.975045
-0.038720,0.015437,0.165044,2.663235,19.183847,10.911907,3.455622,2.731366,176.019276,5.262342,1.072436,0.026084,0.974979
-0.037750,0.016231,0.153118,6.542478,19.198905,10.763855,3.457428,2.746939,176.052497,5.219876,1.072339,0.025941,0.974839
-0.036903,0.016487,0.192116,10.073417,19.184647,10.732330,3.458787,2.753651,175.986697,5.208226,1.072231,0.025890,0.974768
-0.038884,0.016698,0.221747,5.728502,19.146530,10.709655,3.460641,2.750976,175.961492,5.191461,1.072118,0.025812,0.974714
-0.038607,0.016127,0.246392,4.124021,19.230517,10.606905,3.458206,2.738514,176.314000,5.246469,1.072321,0.025880,0.974824
-0.037529,0.016408,0.086443,177.788372,19.235757,10.635833,3.457640,2.746989,176.672793,5.012082,1.072816,0.024853,0.975232
-0.038284,0.015631,0.097657,5.498234,19.332475,10.756065,3.454072,2.748904,176.880864,5.092444,1.073133,0.025136,0.975570
-0.039612,0.015589,0.261515,2.893618,19.289372,10.833452,3.452516,2.745950,176.856770,5.113226,1.073159,0.025254,0.975648
-0.038379,0.015633,0.187356,13.711738,19.270253,10.753120,3.453800,2.734493,176.798541,5.084455,1.073050,0.025145,0.975535
-0.038482,0.015290,0.120680,5.808283,19.272882,10.737735,3.453947,2.731991,176.766902,5.073668,1.072954,0.025043,0.975446
-0.038228,0.015456,0.170609,72.714762,19.307837,10.797507,3.453083,2.738068,176.735561,5.064118,1.072925,0.025033,0.975442
-0.036960,0.015754,0.034061,33.414847,19.290538,10.628922,3.454123,2.741361,176.867068,5.055267,1.072878,0.024980,0.975393
-0.035652,0.016109,0.138788,64.038494,19.273235,10.333987,3.455140,2.748747,177.088479,4.768602,1.072998,0.023673,0.975474
-0.038609,0.015791,0.164733,4.863103,19.298285,10.315012,3.453798,2.749059,177.310999,4.786872,1.073209,0.023781,0.975649
-0.038804,0.015500,0.096172,4.688838,19.321733,10.136443,3.452653,2.734485,177.439737,4.811939,1.073269,0.023796,0.975704
-0.041506,0.015596,0.140498,4.460777,19.332323,9.924223,3.453203,2.744627,177.543535,4.840097,1.073280,0.023790,0.975707
-0.042096,0.015960,0.175212,400.921053,19.343140,9.906602,3.454292,2.747484,177.679731,4.799597,1.073336,0.023844,0.975748
-0.042086,0.015050,0.106338,3.450226,19.331937,9.491438,3.450481,2.757257,177.666012,4.520760,1.073181,0.022318,0.975630
-0.034345,0.015325,0.187820,3.978200,19.347412,10.109448,3.450738,2.748462,177.640569,4.547997,1.073387,0.022569,0.975841
-0.047817,0.015282,0.291265,3.931971,19.286748,9.590330,3.450941,2.747352,177.517253,4.778379,1.073049,0.023570,0.975527
-0.034062,0.015352,0.174445,4.495346,19.309932,10.567388,3.450707,2.730540,177.247603,4.799088,1.073165,0.023747,0.975647
-0.037360,0.015962,0.157442,9.950293,19.277340,9.874900,3.454949,2.749527,176.981253,4.667088,1.072536,0.023213,0.975051
-0.038720,0.015575,-0.009357,7.575583,19.289437,10.658168,3.453669,2.753195,176.780881,4.967175,1.072562,0.024636,0.975082
-0.039309,0.015288,0.016209,61.589718,19.175772,10.433638,3.454843,2.733406,175.658021,4.925452,1.072260,0.024362,0.974814
-0.037283,0.016341,0.159663,19.568159,19.229568,10.264665,3.458475,2.736163,176.541856,4.856747,1.072027,0.024169,0.974581
-0.035209,0.016226,0.236433,4.197578,19.231623,10.833565,3.455785,2.758646,176.516148,4.912921,1.072183,0.024357,0.974729
-0.037021,0.015917,0.140048,6.686195,19.233375,10.662318,3.454925,2.737722,176.531663,4.871553,1.072066,0.024225,0.974591
-0.036661,0.015839,0.241765,6.801155,19.208558,10.427217,3.454614,2.743876,176.489893,4.847204,1.071906,0.024072,0.974444
-0.040394,0.015939,0.299238,3.839012,19.205667,10.153972,3.454264,2.731050,176.473546,4.790674,1.071702,0.023896,0.974273
-0.038667,0.016341,0.263048,6.144154,19.196385,10.314545,3.457645,2.754167,176.445877,5.117485,1.071668,0.025238,0.974234
-0.043933,0.016888,0.065973,12.054890,19.227422,10.543797,3.458937,2.749287,176.452854,5.110562,1.071729,0.025285,0.974300
-0.042001,0.015937,0.110632,4.219205,19.241860,10.327953,3.454979,2.740798,176.396895,5.104301,1.071554,0.025130,0.974147
-0.042446,0.016116,0.155128,66.606114,19.199640,10.023223,3.457008,2.743791,176.423168,5.039740,1.071338,0.024929,0.973961
-0.043802,0.016050,0.133107,13.160619,19.197628,10.050720,3.455582,2.742012,176.505171,5.048197,1.071410,0.024949,0.974001
-0.032350,0.015788,0.237447,57.283146,19.225317,10.791922,3.454166,2.734830,176.560700,4.843547,1.071777,0.023987,0.974373
-0.041501,0.015701,0.025390,8.752234,19.187758,10.169165,3.455139,2.740951,176.418519,5.051179,1.071376,0.024932,0.973976
-0.039082,0.016064,0.094030,4.245576,19.232612,10.367305,3.458344,2.736400,176.368060,5.037768,1.071316,0.024897,0.973936
-0.038641,0.015807,0.111182,7.703226,19.194562,10.633442,3.455425,2.746607,176.302428,5.044574,1.071325,0.024953,0.973966
-0.040364,0.016492,0.187737,7.749848,19.184730,10.539508,3.458079,2.741058,176.248687,5.025130,1.071183,0.024825,0.973839
-0.038718,0.016342,0.190179,59.413178,19.203623,10.916697,3.457864,2.737515,176.396038,5.031997,1.071386,0.024982,0.974001
-0.039508,0.016541,0.122427,7.177075,19.182195,9.974640,3.460425,2.734132,176.547251,4.992917,1.071147,0.024680,0.973751
-0.034118,0.015950,0.253122,3.699541,19.250045,10.443557,3.454782,2.755470,176.730118,4.769063,1.071516,0.023650,0.974096
-0.041389,0.015858,0.194874,39.040153,19.202413,9.832002,3.454729,2.753091,176.816902,4.736983,1.071377,0.023451,0.973947
-0.045044,0.015941,0.276860,5.586555,19.164855,9.395263,3.455547,2.746985,176.864334,4.693266,1.071152,0.023217,0.973761
-0.038257,0.015621,0.241833,29.641359,19.243897,10.110223,3.454325,2.753674,176.959530,4.775842,1.071499,0.023567,0.974089
-0.042463,0.015259,0.027591,35.616900,19.207333,9.879738,3.451247,2.738140,176.992841,4.749311,1.071431,0.023475,0.974052
-0.049217,0.016204,0.127384,6.149054,19.210770,9.281933,3.456406,2.750375,176.977862,4.705177,1.071124,0.023180,0.973761
-0.039913,0.015758,0.010266,21.367692,19.232043,10.273973,3.453218,2.755408,176.928851,4.762481,1.071496,0.023591,0.974136
-0.035384,0.015973,0.160217,9.001119,19.240638,10.454708,3.453783,2.757182,176.708945,4.731295,1.071266,0.023482,0.973980
-0.040333,0.016298,0.231473,16.873510,19.184923,9.974353,3.455583,2.742332,176.442090,4.935558,1.070742,0.024365,0.973471
-0.035855,0.015625,0.148181,3.135953,19.224952,10.721230,3.454340,2.734749,176.328418,4.935809,1.070863,0.024515,0.973582
-0.039730,0.015990,0.173676,325.365957,19.195290,10.145638,3.455835,2.756024,176.213144,4.874464,1.070475,0.024133,0.973195
-0.041538,0.016053,0.196045,2.029838,19.144435,9.854550,3.456172,2.735888,176.114145,4.813130,1.070165,0.023870,0.972910
-0.037231,0.016371,0.272006,13.814647,19.203677,10.478360,3.457448,2.761615,176.118682,4.855241,1.070358,0.024082,0.973087
-0.036081,0.016178,0.055717,17.899180,19.164425,10.519400,3.457248,2.740720,176.094630,4.854571,1.070325,0.024082,0.973071
-0.036920,0.016096,0.137765,3.570984,19.195180,10.643773,3.455919,2.740125,176.094072,4.865797,1.070351,0.024106,0.973092
-0.037191,0.015969,0.099457,21.376084,19.168117,10.661625,3.457370,2.758662,176.103341,4.846296,1.070340,0.024088,0.973074
-0.040794,0.016793,0.086876,6.553975,19.131037,9.719518,3.459441,2.755185,176.079973,4.775650,1.069851,0.023578,0.972612
-0.035524,0.016116,0.196436,2.927890,19.134275,10.300508,3.456227,2.731959,176.110372,4.791755,1.070049,0.023808,0.972816
-0.037179,0.016498,0.162406,10.761999,19.181292,10.545428,3.457931,2.744883,176.136566,4.821725,1.070144,0.023890,0.972895
-0.038470,0.016331,0.085238,10.335656,19.173322,10.319302,3.457873,2.742540,176.177126,4.786233,1.070043,0.023768,0.972799
-0.039469,0.016095,0.271988,2.653793,19.149063,9.836305,3.456407,2.740630,176.241251,4.734561,1.069886,0.023541,0.972642
-0.037293,0.016202,0.243408,5.149359,19.166537,10.481283,3.457509,2.738506,176.265052,4.802372,1.070148,0.023799,0.972876
-0.040822,0.016262,0.250158,61.865587,19.133715,9.908668,3.456400,2.743069,176.189821,4.716923,1.069790,0.023470,0.972532
-0.038259,0.016452,0.284213,7.108667,19.169292,10.763767,3.457168,2.750616,176.115759,5.079045,1.069973,0.025096,0.972728
-0.041874,0.016495,0.072887,29.112000,19.171265,10.211385,3.458363,2.733475,175.948639,4.990870,1.069602,0.024701,0.972361
-0.037442,0.015937,0.167010,9.752494,19.165090,10.691107,3.457174,2.738036,175.938772,5.024576,1.069675,0.024817,0.972476
-0.041583,0.016397,0.189378,2.973268,19.089858,9.923580,3.459457,2.753640,175.968726,4.944703,1.069314,0.024427,0.972120
-0.043309,0.016473,0.299753,13.044416,19.107630,9.606210,3.458834,2.737964,176.160449,4.925744,1.069303,0.024368,0.972062
-0.035682,0.015778,0.253995,8.384569,19.193870,10.713183,3.454918,2.735097,176.408485,4.788638,1.069990,0.023679,0.972742
-0.041778,0.015921,0.150744,2.821431,19.165055,9.633948,3.456012,2.743092,176.476341,4.696479,1.069651,0.023252,0.972417
-0.039095,0.016398,0.116276,69.900913,19.153367,10.256398,3.457879,2.748854,176.589099,4.763573,1.069973,0.023587,0.972730
-0.049278,0.015962,0.075125,45.863363,19.124987,9.153828,3.454942,2.745880,176.585849,4.677442,1.069490,0.023064,0.972258
-0.040138,0.016232,0.230099,106.846154,19.148120,9.761455,3.457069,2.739381,176.632280,4.729864,1.069718,0.023359,0.972524
-0.042648,0.015868,0.128032,15.995807,19.162332,9.824470,3.455802,2.746276,176.644926,4.735497,1.069737,0.023339,0.972510
-0.040281,0.015462,0.140418,5.970031,19.154342,9.954213,3.453912,2.752965,176.679348,4.722863,1.069715,0.023325,0.972487
-0.039802,0.015802,0.236989,36.363095,19.173080,9.900005,3.456023,2.744087,176.265739,4.663637,1.069373,0.023116,0.972216
-0.042904,0.016048,0.320687,50.105246,19.130800,10.174160,3.455664,2.757313,176.055740,4.922015,1.069167,0.024324,0.972040
-0.043590,0.016596,0.171089,28.617978,19.072048,10.138067,3.458066,2.743460,175.895948,4.881088,1.068920,0.024105,0.971791
-0.039773,0.016579,-0.069353,5.546734,19.132907,10.400132,3.459410,2.744777,175.824243,4.860144,1.068918,0.024093,0.971781
-0.041306,0.015960,0.108330,4.452374,19.096930,10.025213,3.456121,2.750065,175.790674,4.808084,1.068628,0.023843,0.971507
-0.039411,0.015953,0.148963,6.730227,19.127802,10.414483,3.455046,2.738609,175.733163,4.820504,1.068700,0.023959,0.971580
-0.046539,0.016414,0.255835,59.233463,19.079808,9.736998,3.459424,2.738681,175.688548,5.029656,1.068270,0.024895,0.971176
-0.041745,0.016398,0.199214,5.950487,19.086553,10.508595,3.455776,2.753939,175.687853,5.086826,1.068551,0.025153,0.971423
-0.044962,0.016322,0.247537,3.928759,19.098375,10.270923,3.457068,2.752281,175.727333,5.086997,1.068439,0.025075,0.971326
-0.045390,0.016469,0.264579,2.120034,19.068183,9.939710,3.456323,2.753690,175.707895,5.021512,1.068248,0.024893,0.971156
-0.037226,0.016310,0.029208,5.188853,19.102395,10.357840,3.457555,2.742750,175.770067,4.753463,1.068460,0.023706,0.971337
-0.037219,0.016760,0.227382,7.492353,19.091502,10.081153,3.459282,2.754805,175.781977,4.731969,1.068334,0.023520,0.971212
-0.044360,0.016726,0.135130,41.050538,19.081620,9.340117,3.459459,2.737872,175.822186,4.675379,1.067979,0.023155,0.970870
-0.036439,0.016293,-0.014582,246.292742,19.117175,10.268867,3.456731,2.751931,175.983611,4.756935,1.068481,0.023636,0.971355
-0.037356,0.016274,0.177931,39.084655,19.150737,10.511865,3.455147,2.751447,175.995613,4.810783,1.068648,0.023778,0.971504
-0.039141,0.016388,0.034401,177.594186,19.119265,10.282667,3.457127,2.734681,175.885127,4.768757,1.068453,0.023610,0.971323
-0.036189,0.017211,0.292657,12.723397,19.105460,10.531592,3.460971,2.740775,175.761943,4.757808,1.068374,0.023607,0.971252
-0.043166,0.016783,0.151343,12.714892,19.052060,9.950347,3.460478,2.754228,175.619404,4.978231,1.067898,0.024542,0.970848
-0.045765,0.016199,0.328917,2.239147,19.015260,10.042123,3.456344,2.726732,175.567863,4.932304,1.067758,0.024417,0.970720
-0.041362,0.016152,0.211630,6.036392,19.042387,10.092503,3.456903,2.752866,175.601234,4.933647,1.067740,0.024360,0.970660
-0.038947,0.016504,0.202924,4.921714,19.044285,10.452470,3.458173,2.742728,175.827305,4.990768,1.068038,0.024658,0.970959
-0.042631,0.015990,0.057365,10.928311,19.098760,10.036360,3.454367,2.761649,175.986884,4.693257,1.068084,0.023245,0.970956
-0.043297,0.016045,-0.052006,6.887534,19.066782,9.488532,3.455173,2.764362,176.091310,4.643660,1.067906,0.023015,0.970801
-0.039608,0.016005,0.298223,11.389591,19.056285,9.677223,3.455665,2.754885,176.199550,4.670980,1.068030,0.023129,0.970927
-0.039234,0.016556,0.313821,4.555317,19.101337,10.277905,3.458125,2.752593,176.252988,4.741191,1.068320,0.023432,0.971201
-0.044285,0.016334,0.015624,32.690578,19.110895,9.712318,3.454324,2.744285,176.230812,4.692108,1.068059,0.023159,0.970955
-0.041394,0.016025,0.124331,122.862097,19.077748,10.224542,3.456163,2.752245,176.210373,4.729423,1.068196,0.023341,0.971122
-0.039903,0.015581,0.150196,6.105044,19.105943,9.873627,3.452072,2.766609,176.086028,4.687230,1.067965,0.023086,0.970880
-0.037649,0.016210,0.173000,9.249939,19.094067,10.261825,3.454535,2.754441,175.853641,4.649362,1.067822,0.023092,0.970795
-0.042770,0.016035,0.322415,5.598864,18.996755,9.918577,3.457793,2.744691,175.601532,4.873856,1.067332,0.024032,0.970362
-0.038775,0.016128,0.274981,4.468073,19.047863,10.274932,3.456639,2.738161,175.463018,4.837831,1.067254,0.023965,0.970276
-0.041364,0.016335,0.142636,2.972237,18.994997,9.625573,3.457112,2.747485,175.340972,4.739320,1.066789,0.023529,0.969824
-0.044126,0.016730,0.128428,36.363095,19.026822,10.267797,3.460389,2.730007,175.299032,5.072966,1.066921,0.025073,0.969943
-0.041114,0.016497,0.082966,3.688790,19.012707,10.430420,3.458922,2.745057,175.290606,5.073055,1.066925,0.025112,0.969964
-0.044838,0.016392,0.337837,2.040418,18.962495,9.510920,3.457565,2.742121,175.264106,4.984389,1.066427,0.024609,0.969523
-0.044819,0.016758,0.312989,4.736022,18.991613,10.148397,3.457938,2.752237,175.254799,5.024120,1.066646,0.024828,0.969714
-0.040152,0.016479,0.139971,2.510650,19.027945,10.488680,3.456821,2.760145,175.314677,5.055645,1.066778,0.024969,0.969843
-0.039098,0.016510,0.161958,51.560135,19.035537,10.370802,3.458516,2.754978,175.277454,5.034641,1.066700,0.024888,0.969762
-0.046717,0.016365,0.167393,9.165728,18.984488,9.534383,3.457068,2.734747,175.247913,4.947992,1.066257,0.024441,0.969353
-0.046457,0.016444,0.225770,20.310757,18.977825,9.366805,3.457197,2.743881,175.248081,4.905554,1.066093,0.024281,0.969213
-0.044115,0.016683,0.357138,3.553267,18.998905,10.302682,3.457893,2.748813,175.346663,4.997602,1.066529,0.024702,0.969600
-0.041634,0.017169,0.251761,3.661963,19.009118,9.881338,3.459975,2.745819,175.487768,4.687620,1.066505,0.023205,0.969522
-0.042795,0.016520,0.258718,5.355014,19.022503,9.710612,3.455847,2.745482,175.489647,4.687793,1.066453,0.023155,0.969494
-0.043542,0.016646,0.292674,6.333941,19.037823,9.900505,3.459212,2.751360,175.369640,4.960922,1.066359,0.024514,0.969422
-0.038208,0.016148,0.261964,6.539409,19.008545,10.314465,3.457198,2.757022,175.273281,4.986626,1.066361,0.024544,0.969449
-0.042678,0.016510,0.221756,2.921049,18.972197,10.263363,3.457181,2.741395,175.215593,4.936362,1.066217,0.024406,0.969321
-0.044376,0.016334,0.198691,4.892412,18.965815,9.752663,3.458405,2.758763,175.126447,4.850204,1.065869,0.024075,0.969004
-0.040280,0.016750,0.009360,34.871461,18.951927,10.445483,3.459584,2.764822,175.193529,4.923485,1.066099,0.024314,0.969213
-0.040322,0.017146,0.188870,3.461957,19.038367,10.061365,3.460466,2.726099,175.313451,4.907789,1.066058,0.024194,0.969117
-0.042547,0.016155,0.122352,4.484505,19.006027,10.013987,3.457521,2.746079,175.453858,4.916836,1.066109,0.024287,0.969237
-0.043941,0.016391,0.155310,6.439198,18.985168,9.550535,3.457991,2.755917,175.484574,4.595168,1.065924,0.022728,0.969047
-0.043793,0.017055,0.266033,29.116571,19.020328,9.891120,3.460834,2.753408,175.574491,4.612955,1.066126,0.022901,0.969221
-0.039360,0.016641,0.155110,6.435397,19.035653,9.833577,3.459715,2.751020,175.626116,4.621869,1.066111,0.022872,0.969212
-0.035409,0.016453,0.323349,4.808226,19.040798,10.205900,3.456729,2.754531,175.676632,4.634091,1.066236,0.023007,0.969337
-0.038944,0.016334,0.264352,11.887568,19.008652,9.849495,3.457243,2.759206,175.646352,4.595462,1.066058,0.022812,0.969177
-0.041377,0.016334,0.220570,28.655993,19.002103,9.542468,3.456945,2.754630,175.622854,4.575012,1.065893,0.022641,0.969034
-0.046181,0.016587,0.211111,38.202250,19.005743,9.632348,3.457997,2.745847,175.423348,4.846673,1.065681,0.023884,0.968842
-0.042234,0.016710,0.164873,69.775799,19.006920,9.923172,3.457988,2.734075,175.241605,4.807028,1.065545,0.023772,0.968726
-0.037090,0.016697,0.284310,6.820785,18.991662,10.627028,3.458075,2.738412,175.139906,4.843309,1.065663,0.023962,0.968849
-0.040634,0.017305,0.102677,64.059664,19.002490,10.190752,3.461225,2.748954,175.024916,4.784105,1.065350,0.023671,0.968574
-0.043431,0.016434,0.229216,3.154303,18.945650,10.079107,3.457942,2.726458,174.961437,5.038489,1.065136,0.024872,0.968380
-0.042239,0.016922,0.308047,2.356623,18.970797,10.231400,3.458767,2.746558,174.936397,5.023182,1.065117,0.024827,0.968326
-0.045132,0.016967,0.164453,13.573002,18.929615,10.038288,3.460895,2.752168,174.939762,4.997071,1.064941,0.024680,0.968188
-0.044413,0.016341,0.060359,145.383810,18.983072,10.261358,3.456686,2.759528,174.899907,5.011385,1.065003,0.024713,0.968201
-0.042870,0.016350,0.168436,5.952685,18.948605,10.408325,3.457404,2.747671,174.882016,5.009283,1.065000,0.024699,0.968209
-0.037602,0.016542,0.219173,20.794278,18.961347,10.563385,3.456193,2.739350,174.860260,4.999313,1.064997,0.024699,0.968189
-0.042102,0.016556,0.129193,198.615584,18.906260,9.688778,3.458487,2.753376,174.826038,4.901176,1.064513,0.024218,0.967741
-0.041702,0.016902,0.253293,3.416231,18.927873,10.206647,3.460630,2.745143,174.774266,4.918480,1.064632,0.024346,0.967866
-0.037650,0.016767,0.225825,3.973031,18.965548,10.425012,3.459871,2.743604,174.792220,4.939942,1.064722,0.024412,0.967921
-0.039400,0.016944,0.287461,2.202589,18.955085,10.371868,3.459503,2.749771,174.783475,4.912086,1.064641,0.024358,0.967865
-0.039499,0.016810,0.227123,42.212431,18.953030,10.250078,3.460142,2.741235,174.748998,4.888984,1.064517,0.024230,0.967765
-0.038822,0.016629,0.027756,10.134001,18.952755,10.442985,3.458382,2.730818,174.751226,4.897455,1.064549,0.024268,0.967763
-0.039710,0.017001,0.256059,16.182751,18.979975,10.208055,3.461837,2.736797,174.726663,4.867089,1.064398,0.024116,0.967622
-0.039833,0.016586,0.217676,2.870437,18.950757,10.271895,3.459688,2.734966,174.686734,4.874085,1.064306,0.024086,0.967575
-0.040602,0.016490,0.169583,9.192771,18.952690,10.346620,3.456504,2.732236,174.657966,4.845055,1.064280,0.024049,0.967523
-0.041365,0.017211,0.264773,4.258843,18.943265,10.206432,3.460433,2.736632,174.715921,4.816024,1.064129,0.023939,0.967415
-0.042393,0.017219,0.245202,3.956216,18.959110,9.701202,3.461142,2.749538,174.904071,4.802643,1.064045,0.023740,0.967301
-0.047725,0.016689,0.322031,2.534014,18.914068,9.294358,3.459300,2.746749,175.124622,4.801269,1.064013,0.023676,0.967275
-0.040763,0.017672,0.299446,3.295275,18.973777,9.694065,3.461795,2.758904,175.330692,4.575033,1.064419,0.022659,0.967653
-0.041166,0.016858,0.248671,2.635196,19.017075,9.913763,3.458517,2.747149,175.700632,4.632817,1.064647,0.022831,0.967843
-0.044871,0.016631,0.130663,3.181236,18.994250,9.252522,3.456298,2.756035,175.608957,4.592868,1.064444,0.022584,0.967662
-0.049855,0.016615,0.197939,1.997819,18.949998,8.622747,3.458438,2.765671,175.631885,4.521729,1.064150,0.022275,0.967398
-0.041478,0.015709,0.212200,4.624811,18.997178,9.725168,3.454575,2.752996,175.703610,4.627009,1.064661,0.022806,0.967859
-0.045643,0.016356,0.168371,3.334251,18.995163,9.384215,3.455130,2.742093,175.690543,4.585309,1.064502,0.022646,0.967723
-0.041804,0.016387,0.307221,8.951904,18.965463,9.107147,3.454625,2.757852,175.473322,4.531431,1.064175,0.022361,0.967451
-0.041814,0.017018,0.181559,3.602403,18.986293,9.415537,3.457638,2.741043,175.172014,4.505200,1.063963,0.022266,0.967261
-0.045029,0.016312,0.258877,7.581809,18.942658,9.519910,3.456187,2.730749,174.931709,4.721745,1.063622,0.023358,0.966962
-0.040205,0.016687,0.251920,3.313705,18.987105,10.252105,3.458037,2.749639,174.754461,4.748692,1.063717,0.023499,0.967024
-0.044516,0.017187,0.183337,2.296134,18.943873,9.925512,3.461412,2.770044,174.661658,4.979072,1.063379,0.024614,0.966740
-0.043171,0.017050,0.289757,16.374090,18.923065,9.819197,3.460221,2.754247,174.591853,4.949473,1.063215,0.024410,0.966565
-0.045783,0.016606,0.029657,2.892466,18.938357,9.919322,3.459410,2.752756,174.573499,4.948021,1.063179,0.024352,0.966505
-0.050204,0.016888,0.214183,4.979160,18.890320,9.602267,3.459658,2.730380,173.760721,4.818949,1.062561,0.023792,0.965985
-0.037595,0.017293,0.248775,4.031995,18.868545,10.560558,3.464063,2.730420,173.586608,5.061710,1.062313,0.025161,0.965756
-0.038345,0.018072,0.347141,3.057655,18.927080,11.072775,3.465426,2.719089,171.809246,5.462680,1.061170,0.027043,0.964756
-0.039496,0.018750,0.460569,4.349086,19.061882,11.833320,3.470714,2.723390,170.907584,6.039076,1.059742,0.030121,0.963334
-0.044029,0.016390,0.341682,6.034270,18.955333,9.762055,3.458169,2.723207,173.533462,4.981353,1.061951,0.024612,0.965357
-0.038282,0.017491,0.234717,6.905199,18.992130,11.666903,3.463124,2.722511,173.796452,5.709595,1.061182,0.028409,0.964634
-0.042160,0.017385,0.196756,545.485714,19.027432,10.628253,3.458730,2.747290,173.481216,5.279279,1.061806,0.026133,0.965333
-0.036619,0.017080,0.272354,2.620070,19.039548,10.811215,3.460274,2.753081,173.380785,5.255937,1.061741,0.026002,0.965201
-0.041675,0.016942,0.283741,16.381692,19.008467,10.546427,3.462445,2.741855,173.396684,5.234208,1.061624,0.025890,0.965102
-0.042550,0.017513,0.367491,10.200000,18.989088,10.312563,3.465058,2.719563,173.439609,5.200727,1.061523,0.025808,0.965054
-0.043277,0.017962,0.293372,2.894265,19.015527,10.296347,3.466358,2.740192,173.469678,5.190569,1.061488,0.025753,0.964994
-0.045955,0.018189,0.373830,2.162445,19.058887,10.128255,3.465306,2.728943,173.421246,5.174490,1.061367,0.025629,0.964872
-0.042744,0.017046,0.336742,5.131395,19.028382,10.674492,3.460917,2.726176,173.398571,5.194607,1.061513,0.025814,0.965037
-0.043492,0.017998,0.329472,2.479175,19.041475,10.357693,3.468035,2.738341,173.362974,5.154155,1.061245,0.025549,0.964782
-0.044148,0.017695,0.305055,2.334539,19.042748,10.144322,3.465066,2.721877,173.458740,5.135066,1.061149,0.025415,0.964674
-0.041258,0.017548,0.116837,2.129675,19.024558,10.481412,3.463770,2.728655,173.586532,5.178003,1.061377,0.025650,0.964907
-0.039168,0.017275,0.257803,20.808038,19.043980,10.748965,3.464063,2.729455,173.700068,5.238259,1.061555,0.025819,0.965089
-0.051026,0.017814,0.270356,4.621515,19.038462,9.905775,3.463582,2.731950,173.750143,5.155485,1.061239,0.025469,0.964767
-0.042930,0.017549,0.294736,3.987112,19.115070,10.377387,3.462501,2.740351,173.819613,4.904423,1.061481,0.024347,0.964996
-0.040119,0.017147,0.219465,1.606176,19.085203,9.862145,3.462042,2.729724,173.837007,4.869505,1.061263,0.024101,0.964785
-0.040220,0.017736,0.264759,9.325610,19.073975,10.178708,3.464161,2.738369,173.898662,4.884967,1.061377,0.024202,0.964901
-0.044533,0.017541,0.280062,3.704029,19.081665,9.825023,3.463269,2.737658,173.878503,4.812159,1.061204,0.023996,0.964691
-0.041076,0.017490,0.119639,9.957031,19.053658,10.290992,3.462647,2.731719,173.574712,5.135723,1.061087,0.025385,0.964652
-0.038182,0.017242,0.245354,3.580454,19.076133,10.926713,3.461717,2.729319,173.362400,5.116680,1.061075,0.025406,0.964653
-0.041817,0.017695,0.278838,3.844254,19.033410,10.194810,3.462857,2.735393,173.184117,5.028016,1.060520,0.024906,0.964108
-0.038373,0.017339,0.306294,5.053770,19.064113,11.034918,3.463688,2.750102,173.211894,5.353624,1.060733,0.026537,0.964335
-0.041377,0.018144,0.270192,7.021527,19.049212,10.441682,3.466291,2.734731,173.177742,5.300607,1.060455,0.026233,0.964043
-0.039582,0.017930,0.350200,2.945710,19.041078,11.157523,3.466498,2.727648,173.174826,5.355695,1.060654,0.026476,0.964254
-0.040836,0.017744,0.123879,1.952907,19.071708,10.487465,3.464759,2.726051,173.132588,5.273306,1.060324,0.026103,0.963918
-0.042789,0.017810,0.287759,2.713461,19.066825,10.158555,3.465407,2.731846,173.083192,5.232524,1.060059,0.025865,0.963696
-0.043818,0.017806,0.253768,3.121075,18.974787,10.074788,3.466588,2.718026,173.064253,5.173297,1.059879,0.025709,0.963561
-0.037322,0.017243,0.312637,7.230217,19.053997,10.778610,3.462603,2.729934,173.083034,5.236308,1.060149,0.025968,0.963807
-0.046728,0.017504,0.236904,8.340743,19.009278,9.957492,3.463541,2.725173,173.067109,5.161301,1.059721,0.025526,0.963369
-0.043198,0.017564,0.222138,94.469753,18.993742,10.408402,3.465853,2.728261,173.069027,5.187059,1.059849,0.025682,0.963514
-0.039800,0.017620,0.333608,6.972197,19.077032,10.475467,3.466037,2.728278,173.125751,5.175269,1.059889,0.025689,0.963537
-0.038643,0.018261,0.289871,6.929097,19.043235,10.547148,3.467071,2.750487,173.167925,5.218693,1.059900,0.025725,0.963590
-0.042991,0.017496,0.355132,8.894114,19.044532,10.585127,3.462550,2.730255,173.163134,5.211824,1.059915,0.025727,0.963589
-0.044475,0.018001,0.370913,3.300431,19.032307,9.978460,3.466734,2.742970,173.026714,5.116991,1.059496,0.025319,0.963200
-0.038686,0.017937,0.162115,5.658800,19.091540,11.101547,3.464805,2.733538,173.106974,5.200130,1.059969,0.025813,0.963620
-0.041873,0.017753,0.109519,3.261392,19.069680,10.338668,3.464472,2.744454,173.087244,5.128976,1.059611,0.025460,0.963307
-0.039729,0.017980,0.298366,2.383023,19.100580,10.609493,3.463664,2.732101,173.062710,5.135838,1.059675,0.025505,0.963349
-0.039542,0.017698,0.310140,2.980939,19.040967,10.516640,3.463026,2.722166,173.014385,5.111738,1.059482,0.025381,0.963244
-0.040519,0.017774,0.300477,3.722985,19.054667,10.621032,3.464353,2.729995,173.083522,5.120604,1.059450,0.025325,0.963161
-0.040388,0.017941,0.233847,4.159513,19.061518,10.529493,3.464599,2.723905,173.181829,5.106125,1.059495,0.025320,0.963212
-0.041736,0.017738,0.289903,3.178922,19.076000,10.163710,3.463852,2.726496,173.248775,5.079729,1.059380,0.025175,0.963079
-0.049676,0.017144,0.298073,12.226421,19.034998,9.498968,3.462005,2.735091,173.279139,5.014002,1.059034,0.024819,0.962752
-0.040835,0.017593,0.362189,9.900129,19.060508,10.491430,3.461516,2.734119,173.326669,5.116508,1.059458,0.025259,0.963130
-0.043042,0.017375,0.231285,2.464695,19.075163,10.236715,3.463475,2.745149,173.282430,5.072697,1.059337,0.025105,0.963020
-0.039163,0.017074,0.283800,3.524427,19.062757,10.525337,3.462197,2.715196,173.234023,5.076876,1.059330,0.025156,0.963044
-0.043423,0.018120,0.240162,12.299758,19.038308,9.822373,3.466101,2.744291,173.155611,4.991436,1.058953,0.024714,0.962643
-0.036207,0.018072,0.348672,6.054549,19.111973,10.451483,3.465424,2.728081,172.946021,5.015425,1.058990,0.024949,0.962701
-0.040642,0.017997,0.307987,12.332823,19.099243,10.480985,3.465425,2.723122,172.862138,5.262917,1.058765,0.026088,0.962518
-0.043152,0.017655,0.304906,2.842690,19.081645,10.555038,3.463777,2.705396,172.836364,5.269617,1.058740,0.026074,0.962525
-0.039065,0.017576,0.187765,2.495345,19.049092,10.822512,3.463515,2.732779,172.840946,5.284596,1.058792,0.026148,0.962569
-0.043873,0.017813,0.346820,2.890309,19.010838,10.070518,3.465499,2.733060,172.783436,5.190570,1.058389,0.025690,0.962160
-0.043166,0.017554,0.333802,6.645735,18.976292,10.609025,3.464186,2.735542,172.786146,5.222210,1.058480,0.025857,0.962305
-0.047652,0.018102,0.164081,6.147112,19.012345,10.039957,3.466134,2.741128,172.768855,5.146131,1.058182,0.025511,0.961990
-0.039535,0.017915,0.178933,4.371633,19.014295,10.515903,3.465728,2.749661,172.742101,5.180518,1.058290,0.025644,0.962100
-0.041304,0.017866,0.245162,3.095988,19.032253,10.710800,3.463966,2.739403,172.723047,5.178546,1.058285,0.025657,0.962085
-0.041015,0.017921,0.357828,2.869371,18.973622,10.233383,3.465958,2.736696,172.663121,5.105531,1.057976,0.025362,0.961808
-0.044551,0.018444,0.340883,10.873281,19.002243,9.756478,3.469516,2.729234,172.628429,5.046816,1.057654,0.025021,0.961483
-0.046130,0.018750,0.235895,51.757288,18.964397,9.578927,3.467670,2.735985,172.595713,5.004738,1.057433,0.024842,0.961313
-0.045781,0.018556,0.384680,2.609306,18.960267,10.085653,3.467146,2.743164,172.589541,5.054273,1.057557,0.025025,0.961441
-0.040615,0.018511,0.076786,40.019372,19.015758,10.740712,3.466627,2.728019,172.703858,5.108280,1.057884,0.025309,0.961728
-0.040899,0.017861,0.355490,16.673690,18.987435,10.119003,3.463553,2.727182,172.727972,5.048525,1.057659,0.025020,0.961484
-0.037380,0.018433,0.211503,2.022587,19.033000,10.640587,3.466704,2.746222,172.671427,5.060957,1.057788,0.025212,0.961650
-0.040043,0.018045,0.180195,25.801182,19.024105,10.707922,3.464662,2.728640,172.652547,5.041890,1.057702,0.025170,0.961562
-0.039619,0.018018,0.288527,3.475990,19.038087,10.607073,3.465790,2.729999,172.615698,5.032325,1.057624,0.025080,0.961490
-0.041275,0.017620,0.134382,5.225990,19.052652,10.799637,3.463756,2.728177,172.619668,5.350411,1.057627,0.026480,0.961494
-0.042836,0.017860,0.218291,16.683497,19.003733,10.808707,3.464496,2.739638,172.581940,5.349043,1.057516,0.026442,0.961469
-0.040350,0.018230,0.132647,3.458434,18.987320,10.280078,3.465936,2.725342,172.615815,5.255804,1.057205,0.026033,0.961087
-0.041549,0.017571,0.345077,2.611649,18.963298,9.881888,3.462958,2.727862,172.787569,4.953186,1.057185,0.024558,0.961054
-0.041828,0.017432,0.288735,2.670528,19.055648,10.050947,3.464165,2.733011,172.989379,4.989393,1.057406,0.024698,0.961235
-0.048050,0.017498,0.190274,7.938629,19.006658,9.653562,3.463142,2.743503,173.086115,4.949917,1.057257,0.024555,0.961109
-0.047464,0.017342,0.166864,4.556511,19.023197,9.261792,3.462052,2.723750,173.091474,4.924912,1.057052,0.024359,0.960966
-0.046208,0.017597,0.390074,5.822531,19.046880,9.377028,3.465127,2.734269,173.133887,4.941692,1.057075,0.024369,0.960974
-0.044258,0.017906,0.296193,3.982055,19.052260,10.134875,3.463667,2.732085,173.171606,4.994986,1.057373,0.024695,0.961264
-0.042748,0.017861,0.338029,4.250737,19.073338,9.980818,3.463550,2.752092,173.189967,4.970212,1.057279,0.024559,0.961151
-0.041614,0.018026,0.308537,36.471122,19.118938,9.963375,3.463099,2.735900,172.993742,4.947815,1.057124,0.024444,0.960993
-0.044724,0.018345,0.244093,2.160661,19.117960,10.106108,3.467818,2.731891,172.667003,5.181563,1.056783,0.025625,0.960716
-0.043664,0.018404,0.128082,7.856001,19.096783,10.273240,3.467022,2.707708,172.384567,5.131399,1.056499,0.025405,0.960497
-0.043463,0.017873,0.234255,19.028090,19.042225,10.303057,3.465564,2.722664,172.383135,5.112510,1.056449,0.025340,0.960432
-0.040202,0.018532,0.270352,160.669474,19.030423,10.156360,3.467107,2.717779,172.362065,5.046387,1.056252,0.025175,0.960259
-0.041045,0.018625,0.260789,7.510728,19.010660,10.402440,3.468044,2.723410,172.320615,5.078343,1.056256,0.025223,0.960264
-0.044471,0.018448,0.297860,2.528515,19.022342,10.157988,3.468279,2.731693,172.292941,5.031694,1.056027,0.025016,0.960056
-0.046319,0.018568,0.368612,2.363203,19.065475,10.300787,3.466529,2.733427,172.400997,5.346902,1.055991,0.026381,0.960013
-0.041548,0.018460,0.268317,26.108950,19.107698,10.585922,3.467798,2.730294,172.274657,5.342826,1.056029,0.026427,0.960054
-0.047413,0.018001,0.172717,9.533021,19.028832,9.880650,3.464765,2.722676,172.227008,5.256671,1.055619,0.026014,0.959688
-0.047456,0.017559,0.354693,1.905996,19.051482,9.861950,3.465647,2.717713,172.186579,5.213775,1.055493,0.025873,0.959548
-0.042703,0.017585,0.135635,2.236873,19.069465,10.557435,3.464940,2.739629,172.210529,5.248649,1.055727,0.026102,0.959753
-0.045047,0.017788,0.274778,17.983274,19.083263,10.017063,3.466140,2.713259,172.168017,5.227490,1.055454,0.025837,0.959530
-0.040196,0.018051,0.393542,159.020833,19.127765,10.502767,3.467013,2.729990,172.175266,5.245342,1.055581,0.025973,0.959657
-0.043289,0.017793,0.328576,177.560465,19.081800,10.392145,3.462529,2.720121,172.192533,5.224543,1.055484,0.025865,0.959543
-0.042354,0.018094,0.129157,3.113250,19.123692,10.739030,3.466149,2.722709,172.260212,5.253234,1.055623,0.026006,0.959667
-0.038159,0.019138,0.327968,7.483439,19.126067,10.720133,3.469699,2.715406,172.235392,5.235902,1.055519,0.025913,0.959593
-0.044911,0.018287,0.345474,4.868674,19.092787,9.977815,3.468173,2.706013,172.147742,5.164933,1.055165,0.025565,0.959260
-0.042963,0.018218,0.294502,2.441624,19.116223,10.331442,3.466150,2.730036,172.169530,5.186129,1.055248,0.025670,0.959368
-0.038417,0.018429,0.400383,4.520853,19.106088,10.653903,3.465433,2.728991,172.168015,5.203058,1.055345,0.025771,0.959447
-0.039544,0.018512,0.233339,2.403926,19.085972,10.420013,3.465823,2.728643,172.148262,5.158912,1.055096,0.025533,0.959220
-0.042033,0.018264,0.329592,9.339024,19.026070,10.441892,3.467111,2.714735,171.234462,5.141996,1.055121,0.025515,0.959220
-0.045195,0.018266,0.357528,5.002051,19.104742,9.818107,3.466785,2.716976,172.357673,5.132143,1.054914,0.025269,0.959025
-0.046111,0.018754,0.128164,53.579720,19.098812,9.915658,3.467855,2.731687,172.507491,5.097542,1.054995,0.025357,0.959088
-0.049621,0.018442,0.222618,543.721429,19.080907,9.834335,3.466437,2.744687,172.516025,5.108414,1.054946,0.025314,0.959038
-0.042884,0.018356,0.318839,8.768376,19.102052,9.903523,3.467448,2.720574,172.517576,5.123399,1.054935,0.025283,0.959033
-0.041210,0.018531,0.313741,4.807591,19.097110,10.160653,3.466514,2.728323,172.534854,5.124161,1.054979,0.025330,0.959075
-0.043598,0.017920,0.229319,2.634496,19.091575,10.041977,3.464426,2.747446,172.459903,5.104580,1.054827,0.025183,0.958918
-0.047781,0.017707,0.190660,3.790482,19.096638,9.714432,3.462946,2.727153,172.381077,5.033528,1.054591,0.024917,0.958685
-0.041840,0.018331,0.190864,4.138332,19.124858,10.385893,3.466997,2.722886,172.143692,5.052716,1.054568,0.025041,0.958735
-0.043932,0.018630,0.365269,9.709917,19.086038,10.120563,3.465983,2.719641,171.974571,5.279981,1.054179,0.026091,0.958362
-0.043593,0.018836,0.344652,160.032292,19.079037,10.481143,3.469097,2.722887,172.011130,5.278878,1.054223,0.026161,0.958424
-0.042467,0.018564,0.352416,2.133371,19.096173,10.578815,3.468042,2.720685,171.988990,5.272307,1.054205,0.026116,0.958394
-0.044246,0.018902,0.317429,2.499967,19.096280,10.045747,3.469962,2.715427,171.955646,5.191270,1.053813,0.025716,0.958042
-0.045955,0.018829,0.244213,4.299185,19.057043,10.023943,3.468362,2.724974,171.965815,5.180090,1.053727,0.025671,0.957977
-0.042424,0.018593,0.192205,5.392458,19.062880,10.255078,3.467016,2.730757,171.974817,5.191249,1.053769,0.025756,0.958026
-0.049944,0.018161,0.261862,17.038616,19.059973,9.710722,3.465139,2.704546,171.925360,5.120328,1.053475,0.025375,0.957683
-0.044785,0.018713,0.200497,30.253267,19.064052,10.116548,3.468197,2.717168,171.901126,5.138059,1.053578,0.025519,0.957826
-0.042907,0.017995,0.270094,10.624097,19.059927,10.185927,3.466466,2.713994,171.887441,5.136761,1.053480,0.025516,0.957830
-0.044498,0.019001,0.261964,7.446368,19.083555,10.209358,3.467737,2.721727,171.865230,5.115829,1.053422,0.025402,0.957703
-0.041950,0.018562,-0.047372,10.689650,19.059118,10.169188,3.466498,2.724001,171.845905,5.089864,1.053275,0.025278,0.957554
-0.042568,0.018550,0.354387,4.882513,19.106585,10.438637,3.465509,2.725110,171.815388,5.086064,1.053325,0.025335,0.957609
-0.042058,0.019172,0.351982,6.721974,19.045103,9.930447,3.468002,2.725991,171.707312,5.032820,1.052946,0.024973,0.957259
-0.043003,0.018548,0.347586,1.640550,19.107240,10.694133,3.469560,2.718028,171.745338,5.374588,1.053193,0.026617,0.957460
-0.039718,0.018799,0.248465,4.019997,19.097950,10.436228,3.469262,2.717427,171.790029,5.060343,1.053083,0.025161,0.957402
-0.043249,0.018455,0.041519,2.709918,19.060362,9.920227,3.466423,2.723529,171.798227,5.018834,1.052813,0.024863,0.957168
-0.039901,0.019289,0.293203,2.099698,19.111335,10.807843,3.471572,2.715585,171.798248,5.366150,1.053096,0.026559,0.957422
-0.042356,0.018625,0.284845,2.128230,19.079788,10.430420,3.467078,2.748461,171.767699,5.329708,1.052847,0.026321,0.957188
-0.047777,0.019220,0.392863,5.808511,19.055730,10.026643,3.468993,2.721876,171.700252,5.271564,1.052552,0.026065,0.956962
-0.044932,0.018626,0.402778,4.401066,19.084080,10.429482,3.467864,2.719202,171.624837,5.262747,1.052536,0.025993,0.956898
-0.044778,0.019085,0.408938,4.002490,19.100775,10.467668,3.466907,2.734675,171.613154,5.242669,1.052446,0.025928,0.956827
-0.044917,0.018458,0.255183,2.353493,19.027975,10.091905,3.466351,2.713992,171.637259,5.193453,1.052236,0.025709,0.956607
-0.049326,0.018634,0.403733,6.169798,19.022828,9.773793,3.468097,2.728524,171.654050,5.162708,1.052051,0.025501,0.956444
-0.048986,0.018903,0.311487,13.561244,19.049013,9.787840,3.468459,2.736347,171.638281,5.129403,1.051984,0.025406,0.956365
-0.043549,0.018460,0.433183,1.681000,19.114763,10.543725,3.466817,2.711964,171.639644,5.191495,1.052213,0.025688,0.956571
-0.041274,0.018290,0.220403,201.268421,19.059155,10.443500,3.465952,2.717251,171.554495,5.145016,1.052023,0.025549,0.956443
-0.038960,0.018484,0.216092,3.022097,19.117987,10.831492,3.465018,2.731022,171.570283,5.166414,1.052145,0.025668,0.956559
-0.043153,0.019430,0.381018,3.855911,19.076743,10.402705,3.469318,2.716821,171.591099,5.136173,1.051939,0.025432,0.956347
-0.046184,0.018377,0.383564,5.116013,19.033117,9.687615,3.463302,2.718577,171.550655,5.038401,1.051487,0.025035,0.955969
-0.044964,0.018802,0.456453,2.089102,19.004187,9.945875,3.468691,2.713516,171.529942,5.051908,1.051492,0.025042,0.955958
-0.040149,0.018720,0.306554,3.276048,19.098285,10.418625,3.468401,2.709639,171.530695,5.061563,1.051631,0.025188,0.956092
-0.040098,0.019581,0.241442,25.423627,19.080918,10.456495,3.470437,2.720968,171.540941,5.069623,1.051574,0.025169,0.956044
-0.041874,0.019043,0.286506,1.654238,19.049812,10.116650,3.469205,2.715538,171.480045,5.018874,1.051316,0.024924,0.955798
-0.049038,0.019115,0.415108,6.665618,19.062862,10.162347,3.467140,2.710591,171.460550,5.301761,1.051195,0.026223,0.955718
-0.045688,0.019559,0.404429,4.533472,19.091878,10.431588,3.470348,2.727832,171.452889,5.310516,1.051212,0.026238,0.955727
-0.048081,0.019036,0.409652,1.300085,19.033157,9.914880,3.468786,2.726002,171.422872,5.224749,1.050856,0.025872,0.955406
-0.046549,0.018527,0.365895,3.713155,19.060462,10.117615,3.464159,2.718033,171.357242,5.206905,1.050825,0.025856,0.955371
-0.041962,0.019173,0.357810,10.919843,19.103590,10.666395,3.467903,2.726006,171.448530,5.266993,1.050965,0.026017,0.955498
-0.046348,0.018488,0.349316,2.990043,19.003377,9.743137,3.465925,2.731113,171.260921,5.135677,1.050412,0.025489,0.955022
-0.046881,0.019076,0.417386,2.827224,19.057722,9.915932,3.467809,2.735402,171.233472,5.117521,1.050377,0.025411,0.954946
-0.041485,0.019147,0.327013,1.814493,19.042933,10.096955,3.467485,2.740493,171.215856,5.137235,1.050329,0.025424,0.954939
-0.045486,0.019384,0.320068,13.679122,19.029507,9.838910,3.468765,2.716217,171.215387,5.075742,1.050123,0.025192,0.954716
-0.046578,0.019426,0.180396,5.541219,19.031147,9.939775,3.470606,2.712225,171.205432,5.058295,1.050078,0.025168,0.954683
-0.040820,0.019020,0.425230,1.771081,19.058572,10.170882,3.465843,2.732603,171.177539,5.068199,1.050065,0.025192,0.954677
-0.047868,0.019361,0.347778,2.143136,19.001827,9.638348,3.470296,2.715477,171.184497,4.997915,1.049759,0.024887,0.954418
-0.043051,0.019537,0.399100,2.247658,19.053723,10.106308,3.470347,2.705962,171.215574,5.046841,1.049897,0.025051,0.954551
-0.044380,0.019527,0.225695,2.501641,19.019347,10.424950,3.469521,2.724416,171.250464,5.359480,1.049888,0.026461,0.954532
-0.049393,0.019460,0.183963,3.524028,19.007360,9.774947,3.469263,2.727383,171.152972,5.262906,1.049492,0.026038,0.954178
-0.046456,0.019342,0.203846,25.061311,19.068338,10.350028,3.467489,2.728337,171.087976,5.283147,1.049568,0.026132,0.954237
-0.045447,0.019231,0.394158,1.879397,19.026573,10.018628,3.469709,2.705193,171.159997,5.253744,1.049410,0.025974,0.954086
-0.045237,0.018892,0.372051,200.671053,19.032735,9.860055,3.468480,2.722892,171.226744,5.237350,1.049331,0.025875,0.954004
-0.044814,0.018954,0.261138,57.148689,19.064322,10.416030,3.465543,2.729680,171.276062,5.272838,1.049539,0.026088,0.954186
-0.044245,0.019324,0.455984,1.671239,19.094270,10.373318,3.469879,2.738602,171.249776,5.267324,1.049477,0.025980,0.954107
-0.046240,0.019196,0.444483,3.554742,19.038342,9.905837,3.469696,2.715891,171.167668,5.191796,1.049117,0.025683,0.953836
-0.045908,0.019774,0.365302,2.394655,19.056882,9.870587,3.471900,2.719112,171.069042,5.154843,1.048930,0.025489,0.953644
-0.042571,0.019688,0.207179,3.211683,19.052878,10.289803,3.469669,2.734158,171.005259,5.152326,1.048924,0.025534,0.953661
-0.041154,0.019682,0.349115,1.607357,19.042742,10.219147,3.470380,2.716865,170.988445,5.118335,1.048757,0.025376,0.953486
-0.043425,0.019594,0.351713,3.078587,19.030643,10.119750,3.469804,2.720642,171.001366,5.094946,1.048670,0.025294,0.953414
-0.046895,0.019306,0.397418,8.134965,19.038722,9.836583,3.469157,2.727016,170.994735,5.071379,1.048472,0.025091,0.953233
-0.043111,0.019678,0.280233,5.842518,19.051473,10.461253,3.468269,2.732512,171.015836,5.097665,1.048627,0.025291,0.953395
-0.044249,0.019314,0.404931,2.271269,19.063262,10.292783,3.467896,2.721298,170.976024,5.064674,1.048480,0.025141,0.953247
-0.041880,0.019296,0.065191,4.561643,19.033292,10.449172,3.471854,2.719809,170.954641,5.353281,1.048396,0.026499,0.953187
-0.045260,0.020213,0.314944,5.452872,19.080980,10.474145,3.473499,2.722595,170.931405,5.335426,1.048296,0.026384,0.953079
-0.044573,0.020025,0.300183,2.288078,19.055520,10.301798,3.472973,2.720295,170.916268,5.286314,1.048101,0.026199,0.952907
-0.046976,0.018907,0.431480,10.773681,19.047338,9.912747,3.467444,2.700880,170.861773,5.229547,1.047793,0.025870,0.952598
-0.046139,0.019786,0.277144,2.092590,19.041173,10.354405,3.471290,2.729928,170.832337,5.247105,1.047866,0.025980,0.952704
-0.045571,0.019314,0.324787,55.135379,19.072358,9.624668,3.469785,2.716646,170.857980,5.142313,1.047427,0.025489,0.952250
-0.046076,0.019975,0.404374,9.607475,19.035453,9.985613,3.473634,2.722501,170.763496,5.143456,1.047436,0.025565,0.952316
-0.050628,0.019107,0.341728,2.257412,19.014240,9.472823,3.466983,2.724569,170.724695,5.086787,1.047041,0.025195,0.951949
-0.043461,0.019468,0.273044,2.783497,19.019387,10.428017,3.470085,2.707546,170.690358,5.141577,1.047300,0.025513,0.952237
-0.045228,0.020218,0.336039,1.928836,19.045748,9.875762,3.473728,2.708225,170.634771,5.058460,1.046949,0.025112,0.951825
-0.041633,0.020148,0.436208,42.169337,19.026753,10.198478,3.474537,2.714570,170.686048,5.056668,1.047011,0.025205,0.951902
-0.045662,0.019390,0.305091,8.619842,19.065720,9.849892,3.470010,2.716426,170.719589,5.037066,1.046824,0.024998,0.951722
-0.046878,0.019412,0.158015,2.063216,19.056687,10.052092,3.468090,2.716958,170.735708,5.054487,1.046821,0.025052,0.951774
-0.048622,0.020112,0.299631,8.338176,19.051402,9.844817,3.472109,2.730644,170.696328,5.295029,1.046517,0.026137,0.951463
-0.046531,0.019457,0.449296,2.768453,19.051638,9.654788,3.470118,2.715322,170.650516,5.250049,1.046293,0.025916,0.951254
-0.049909,0.019377,0.362631,15.372883,19.015087,9.680923,3.470485,2.699962,170.511144,5.292482,1.046067,0.025740,0.951097
-0.042710,0.019760,0.327865,2.774105,19.046562,10.402797,3.470948,2.716388,170.478233,5.208638,1.046194,0.025849,0.951180
-0.044205,0.019772,0.333531,10.374387,19.038672,10.043483,3.470514,2.711646,170.513826,5.172969,1.046020,0.025657,0.951013
-0.046978,0.020141,0.210305,4.757421,19.017623,9.831843,3.471798,2.716977,170.532144,5.144207,1.045846,0.025450,0.950811
-0.044149,0.019888,0.449706,8.055690,19.068997,10.172390,3.472384,2.721334,170.549601,5.153657,1.045919,0.025584,0.950932
-0.041638,0.019702,0.295111,15.746193,19.052277,10.041515,3.470124,2.725661,170.513753,5.109234,1.045738,0.025392,0.950741
-0.043134,0.019834,0.433721,1.524813,19.047332,9.925670,3.470351,2.742681,170.465945,5.070416,1.045554,0.025200,0.950568
-0.044819,0.019810,0.131529,3.837340,19.043308,9.839293,3.471409,2.708562,170.387430,5.050379,1.045342,0.025059,0.950404
-0.048523,0.020119,0.332549,2.548325,19.058677,10.151980,3.472184,2.730224,170.357246,5.317431,1.045295,0.026432,0.950353
-0.049358,0.020022,0.361880,3.598002,19.027013,9.633410,3.469832,2.704803,170.351749,5.273173,1.044923,0.026071,0.950036
-0.045379,0.019718,0.352102,12.407967,19.011492,10.031810,3.472195,2.717360,170.353675,5.293239,1.044982,0.026178,0.950104
-0.043869,0.020193,0.426039,17.394755,19.068830,10.335588,3.471708,2.707680,170.364073,5.297938,1.045056,0.026251,0.950167
-0.044194,0.019455,0.206195,2.256284,19.041115,10.366648,3.470327,2.709252,170.372513,5.292173,1.044937,0.026137,0.950062
-0.047829,0.020132,0.388024,2.577569,19.016183,9.955007,3.471283,2.713402,170.310431,5.193326,1.044613,0.025822,0.949789
-0.041408,0.020146,0.157852,1.915460,19.045755,10.418255,3.470851,2.714117,170.308859,5.241534,1.044708,0.025917,0.949849
-0.046125,0.020010,0.412284,2.796303,19.064303,10.146428,3.471658,2.729513,170.256075,5.184432,1.044481,0.025671,0.949610
-0.046038,0.019910,0.397212,4.552458,19.048188,10.001533,3.471081,2.719570,170.260084,5.131918,1.044275,0.025508,0.949461
-0.051249,0.020666,0.367220,1.963265,18.976520,9.050118,3.475437,2.723649,170.155387,5.025508,1.043653,0.024881,0.948872
-0.047310,0.020226,0.382678,1.754519,19.050522,10.423733,3.471571,2.716651,170.120650,5.397313,1.044073,0.026763,0.949257
-0.050719,0.020278,0.345016,76.012438,19.010297,10.015830,3.473083,2.725466,170.104902,5.355884,1.043792,0.026510,0.949020
-0.046965,0.020985,0.513797,1.467195,19.061852,10.379453,3.475281,2.714455,170.111375,5.370862,1.043812,0.026513,0.949019
-0.049084,0.020678,0.399302,7.004075,19.016907,9.904573,3.474079,2.725791,170.051121,5.280648,1.043477,0.026190,0.948731
-0.051096,0.020191,0.367024,1.896277,19.012662,9.706502,3.470873,2.722726,170.036725,5.252495,1.043282,0.025965,0.948529
-0.045084,0.020115,0.475886,4.097184,19.056443,10.406315,3.472015,2.733854,170.085791,5.263009,1.043459,0.026166,0.948700
-0.043110,0.020218,0.413446,8.899009,19.048177,10.004712,3.469714,2.730639,170.055878,5.233809,1.043229,0.025908,0.948471
-0.048382,0.020501,0.404694,2.143922,19.043158,9.905133,3.472079,2.706764,170.019650,5.190417,1.043024,0.025736,0.948290
-0.043647,0.020418,0.292671,37.279024,19.058155,9.984862,3.472466,2.725599,170.012165,5.169102,1.042933,0.025660,0.948222
-0.044130,0.020538,0.504055,2.012317,19.059972,10.351798,3.471269,2.713045,169.995472,5.174638,1.042930,0.025709,0.948241
-0.044196,0.020601,0.379516,4.020021,18.987613,10.007713,3.473404,2.713369,169.979372,5.136311,1.042676,0.025439,0.947981
-0.054784,0.020501,0.338711,3.696101,18.971957,9.316915,3.472570,2.713035,169.769301,5.307158,1.042029,0.026236,0.947385
-0.048966,0.020998,0.463515,4.487338,18.958322,9.802413,3.473628,2.730085,169.689645,5.288466,1.041981,0.026188,0.947336
-0.049857,0.020225,0.482990,2.841577,18.934160,9.784450,3.468865,2.719893,169.705593,5.254373,1.041840,0.026056,0.947214
-0.047844,0.021013,0.432644,50.103279,18.963363,10.259407,3.472439,2.727248,169.790981,5.273418,1.041995,0.026207,0.947358
-0.048298,0.020324,0.449442,4.643786,18.970187,9.732088,3.474379,2.717283,169.813457,5.242263,1.041726,0.025913,0.947089
-0.047682,0.020550,0.338006,2.956685,18.960908,9.724490,3.471898,2.726561,169.829024,5.236269,1.041611,0.025820,0.946994
-0.049808,0.020698,0.319967,8.385228,18.965162,9.835790,3.472484,2.717936,169.851176,5.213242,1.041542,0.025762,0.946952
-0.049930,0.020110,0.316306,3.163240,18.993068,9.988127,3.470272,2.720314,169.842559,5.188336,1.041503,0.025715,0.946893
-0.052856,0.020306,0.394099,3.513106,18.952055,9.622700,3.471618,2.722634,169.830486,5.126566,1.041211,0.025432,0.946623
-0.048889,0.021005,0.408675,2.094994,18.972643,9.832713,3.473922,2.724368,169.589452,5.107531,1.041053,0.025330,0.946483
-0.047705,0.021035,0.459393,1.872887,18.982143,10.340380,3.472984,2.734083,169.655661,5.425527,1.041086,0.026851,0.946561
-0.045503,0.021274,0.292289,1.300887,19.020438,10.452493,3.475309,2.719331,169.640474,5.407271,1.041026,0.026785,0.946490
-0.045173,0.021559,0.428966,1.927495,19.002437,10.153902,3.476742,2.712137,169.624171,5.366549,1.040796,0.026551,0.946279
-0.049287,0.021219,0.330814,1.992766,18.965263,10.074997,3.474729,2.728112,169.584104,5.316408,1.040600,0.026386,0.946136
-0.050233,0.020364,0.417380,1.831553,19.008473,9.623595,3.471833,2.721449,169.534775,5.257944,1.040240,0.025999,0.945779
-0.047980,0.020497,0.454875,4.400720,18.995665,10.207130,3.472050,2.730511,169.544687,5.256008,1.040320,0.026104,0.945847
-0.046192,0.021008,0.492735,1.482627,18.999303,9.853628,3.472503,2.731426,169.436359,5.199870,1.039929,0.025758,0.945510
-0.050083,0.021099,0.389699,9.366401,18.968362,9.597853,3.473816,2.708472,169.547071,5.165738,1.039835,0.025592,0.945392
-0.046396,0.020486,0.351886,3.480625,18.996128,10.064607,3.470506,2.725414,169.687067,5.220372,1.040030,0.025812,0.945607
-0.049252,0.020966,0.382487,2.687245,18.957092,9.534842,3.469501,2.719404,169.752373,5.174230,1.039768,0.025548,0.945372
-0.046985,0.021249,0.356972,201.056579,18.993760,9.976397,3.474039,2.737440,169.828665,5.187194,1.039890,0.025679,0.945480
-0.052432,0.020789,0.376458,6.378488,19.012318,9.564895,3.470416,2.733678,169.831667,5.129738,1.039650,0.025413,0.945237
-0.052458,0.020742,0.441208,1.676157,18.990523,9.310735,3.472471,2.724785,169.833971,5.095257,1.039416,0.025183,0.945037
-0.049490,0.020634,0.265853,1.784517,18.998410,9.316043,3.469055,2.720063,169.825721,5.063853,1.039265,0.025050,0.944912
-0.048275,0.020595,0.371246,2.694506,19.052120,10.145172,3.469358,2.718563,169.838778,5.119925,1.039519,0.025323,0.945160
-0.044809,0.020127,0.409247,2.174477,18.985620,9.767465,3.468553,2.709874,169.784854,5.036851,1.039211,0.025037,0.944881
-0.048254,0.020630,0.462235,2.901539,18.978813,9.612652,3.472769,2.726061,169.736620,5.014508,1.038975,0.024803,0.944642
-0.051434,0.020836,0.306095,2.605831,18.974893,9.213255,3.469867,2.717867,169.623352,4.929558,1.038600,0.024443,0.944276
-0.050054,0.021303,0.314325,1.960275,18.996330,9.840532,3.477041,2.719620,169.576075,5.256074,1.038631,0.025953,0.944345
-0.061482,0.022153,0.337006,2.562355,18.953180,8.894002,3.478894,2.713761,169.496993,5.120873,1.038014,0.025317,0.943766
-0.051360,0.021828,0.469719,11.283530,18.974655,9.483508,3.475229,2.734865,169.691418,5.178299,1.038240,0.025540,0.943966
-0.053294,0.021230,0.484880,1.610122,18.966682,8.733705,3.474640,2.737286,169.895290,4.798331,1.038037,0.023847,0.943747
-0.058989,0.021249,0.289980,2.718073,18.978565,8.725335,3.472888,2.735141,170.135382,4.830606,1.038133,0.023898,0.943855
-0.057044,0.021233,0.149492,48.625478,19.037177,9.024653,3.472532,2.744774,170.351514,4.875752,1.038363,0.024088,0.944045
-0.054591,0.021662,0.270351,6.254445,19.006870,8.835042,3.469757,2.718122,170.472345,4.877442,1.038294,0.024027,0.943995
-0.049384,0.021585,0.395232,11.291876,19.059572,8.806655,3.473734,2.749134,170.562244,4.560190,1.038301,0.022612,0.943981
-0.056379,0.020625,0.366019,6.641540,19.072202,8.577650,3.469171,2.715963,170.594307,4.516786,1.038119,0.022427,0.943829
-0.053986,0.021394,0.420470,5.085053,19.074718,8.491398,3.472218,2.732716,170.609623,4.484344,1.037960,0.022295,0.943688
-0.053596,0.020524,0.268177,4.674534,19.082167,8.776088,3.467113,2.727825,170.542657,4.803401,1.037920,0.023649,0.943643
-0.052567,0.020749,0.426094,2.850644,19.066065,8.752212,3.469910,2.732794,170.238693,4.698256,1.037548,0.023340,0.943327
-0.054449,0.021449,0.429071,6.039493,19.058372,9.149622,3.471356,2.713078,169.932770,4.976857,1.037250,0.024548,0.943068
-0.049815,0.021356,0.464269,14.064397,19.050063,9.337387,3.471851,2.716602,169.586607,4.902723,1.036904,0.024268,0.942745
-0.048247,0.021095,0.479015,5.601063,19.085492,9.969517,3.471511,2.709321,169.300235,5.170478,1.036744,0.025596,0.942633
-0.054381,0.021329,0.461528,19.538491,19.027158,8.847735,3.473972,2.727747,169.056075,4.986196,1.035865,0.024763,0.941825
-0.049524,0.022044,0.100155,5.951852,19.070740,10.180260,3.475639,2.716194,168.936141,5.359988,1.036121,0.026496,0.942064
-0.048197,0.021611,0.283600,4.975448,19.022200,9.807757,3.474875,2.714405,168.818908,5.276658,1.035726,0.026103,0.941703
-0.049968,0.021273,0.396818,2.117631,19.050728,9.875267,3.471647,2.713210,168.765619,5.223619,1.035542,0.025953,0.941528
-0.048219,0.022410,0.429222,2.754919,19.038667,9.575165,3.475177,2.708916,168.680571,5.154994,1.035214,0.025637,0.941218
-0.051056,0.021603,0.438744,2.064856,19.082053,10.028455,3.472949,2.700703,168.647585,5.446878,1.035197,0.027072,0.941213
-0.043394,0.021892,0.485768,2.783179,19.080838,10.471518,3.475671,2.714027,168.658607,5.482245,1.035233,0.027148,0.941277
-0.048169,0.021796,0.374194,1.754864,19.107947,10.030525,3.473392,2.715354,168.671440,5.405176,1.034914,0.026808,0.940952
-0.051411,0.022155,0.327168,10.203605,19.045267,9.541732,3.474388,2.727416,168.549849,5.319968,1.034496,0.026386,0.940570
-0.046272,0.021431,0.364418,5.041029,19.083827,10.125947,3.472805,2.731572,168.532064,5.339710,1.034556,0.026470,0.940646
-0.052051,0.022430,0.495177,2.867769,19.066587,9.670517,3.475692,2.708478,168.497131,5.255989,1.034202,0.026107,0.940302
-0.043280,0.021946,0.590043,3.123017,19.147087,10.306547,3.476184,2.713227,168.479443,5.287611,1.034296,0.026253,0.940402
-0.045880,0.022316,0.423312,3.623790,19.084145,9.752682,3.473829,2.716526,168.474795,5.223825,1.033929,0.025893,0.940074
-0.049145,0.022276,0.475825,2.552880,19.126412,9.639083,3.475023,2.708698,168.478334,5.181323,1.033744,0.025688,0.939867
-0.049964,0.023180,0.460237,2.110485,19.091147,9.407110,3.480140,2.703695,168.464422,5.137911,1.033467,0.025473,0.939662
-0.047213,0.021621,0.422183,39.969372,19.146132,9.757783,3.473118,2.711069,168.464721,5.156335,1.033488,0.025488,0.939648
-0.045686,0.021495,0.374153,4.957352,19.177480,10.181122,3.472776,2.724230,168.538918,5.436482,1.033495,0.026936,0.939695
-0.046775,0.022222,0.512246,2.637923,19.120843,9.461137,3.474652,2.728627,168.685259,5.061150,1.033237,0.025216,0.939429
-0.051253,0.022194,0.281430,2.672527,19.164532,9.298650,3.474294,2.715958,168.833480,5.054959,1.033167,0.025090,0.939349
-0.051198,0.021964,0.505976,2.756813,19.113303,8.702053,3.476807,2.734034,168.929739,4.998778,1.032825,0.024741,0.939047
-0.049077,0.022022,0.440374,3.013547,19.207827,9.273175,3.473658,2.713223,169.012638,5.026664,1.033032,0.024922,0.939225
-0.054478,0.021747,0.396291,17.610496,19.211322,8.978350,3.471295,2.715328,169.025447,5.001593,1.032795,0.024710,0.939028
-0.048693,0.021959,0.577719,2.164574,19.271942,9.400225,3.472486,2.727320,169.048841,5.015609,1.032859,0.024806,0.939096
-0.048999,0.023151,0.203880,7.663974,19.288308,9.465473,3.474727,2.722505,169.039719,4.971922,1.032755,0.024710,0.939008
-0.046018,0.022647,0.369131,1.428987,19.294315,9.478643,3.476237,2.697324,169.015204,4.950250,1.032616,0.024574,0.938867
-0.051893,0.022292,0.511612,37.269024,19.303677,9.480127,3.472615,2.708688,168.779904,5.212069,1.032283,0.025722,0.938581
-0.050561,0.021957,0.553859,2.226984,19.330078,9.664963,3.472052,2.717876,168.485957,5.124461,1.031921,0.025415,0.938255
-0.044281,0.022408,0.545887,1.861826,19.356335,9.970818,3.476597,2.731626,168.214878,5.362676,1.031599,0.026593,0.937987
-0.048327,0.022793,0.579800,5.491595,19.337943,9.760888,3.477422,2.715364,168.000845,5.262024,1.031153,0.026178,0.937549
-0.047748,0.022049,0.387516,2.575506,19.355638,10.046933,3.473874,2.699092,167.879488,5.532615,1.030932,0.027449,0.937375
-0.054269,0.022410,0.477025,2.027907,19.366172,9.692427,3.475562,2.708434,167.773810,5.444464,1.030509,0.027023,0.936987
-0.048290,0.022875,0.544709,8.749398,19.334213,9.840380,3.477086,2.707904,167.745000,5.411471,1.030305,0.026858,0.936819
-0.042873,0.023004,0.468090,3.529192,19.429500,10.348342,3.477783,2.706097,167.655583,5.416215,1.030333,0.026891,0.936815
-0.046199,0.022848,0.608826,1.783898,19.436628,10.208385,3.475386,2.700917,167.615065,5.357538,1.030111,0.026669,0.936587
-0.047717,0.023326,0.526207,3.046422,19.398115,10.232150,3.478741,2.713506,167.559043,5.639804,1.029816,0.027910,0.936399
-0.050137,0.023517,0.506012,1.631231,19.462800,10.457515,3.477241,2.698465,167.529122,5.602805,1.029755,0.027777,0.936282
-0.050118,0.023119,0.494818,4.032699,19.422528,9.973017,3.479214,2.696552,167.486757,5.524840,1.029332,0.027397,0.935933
-0.048982,0.022648,0.573453,1.379597,19.472840,10.154008,3.475369,2.704133,167.462828,5.502436,1.029187,0.027267,0.935813
-0.044193,0.023014,0.645916,2.552680,19.485722,10.259630,3.476104,2.706616,167.396210,5.467123,1.029010,0.027113,0.935653
-0.047641,0.022710,0.515240,2.066689,19.468695,10.007890,3.474352,2.699579,167.324980,5.396118,1.028676,0.026815,0.935349
-0.045462,0.023760,0.454407,1.731043,19.514283,10.223490,3.479404,2.695201,167.279985,5.365536,1.028541,0.026712,0.935209
-0.047938,0.024048,0.489444,12.148331,19.472522,10.226745,3.481043,2.706587,167.204401,5.627707,1.028271,0.027877,0.934993
-0.050916,0.023736,0.427740,43.280170,19.503067,10.132403,3.479529,2.699182,167.167081,5.560744,1.028041,0.027621,0.934755
-0.047015,0.023804,0.603916,1.514441,19.552332,10.145500,3.480468,2.693027,167.137788,5.527642,1.027834,0.027432,0.934566
-0.045438,0.023332,0.492713,1.283441,19.503012,9.738000,3.478944,2.705101,167.040602,5.448249,1.027409,0.027050,0.934185
-0.048276,0.023339,0.528407,3.887732,19.517858,9.869908,3.477828,2.689785,167.013000,5.409095,1.027206,0.026900,0.934018
-0.042323,0.023601,0.592814,1.443217,19.627520,10.446322,3.478300,2.695615,167.207385,5.453139,1.027415,0.027068,0.934194
-0.048923,0.023261,0.663932,1.368659,19.658603,9.762600,3.477158,2.698329,167.378611,5.387099,1.027163,0.026719,0.933904
-0.045766,0.024121,0.523192,2.831573,19.712937,10.057790,3.481082,2.722108,167.529360,5.409443,1.027262,0.026814,0.934010
-0.051495,0.022712,0.507273,1.631191,19.772452,9.460010,3.474478,2.704855,167.561858,5.336143,1.026919,0.026463,0.933697
-0.046140,0.024046,0.541316,2.101347,19.721698,9.935732,3.478240,2.684825,167.623379,5.352170,1.026953,0.026559,0.933786
-0.053510,0.023845,0.653789,2.071508,19.758445,9.286437,3.478931,2.708162,167.641091,5.270209,1.026542,0.026083,0.933340
-0.046968,0.023496,0.513425,2.367849,19.818043,9.898670,3.474616,2.688489,167.605135,5.294125,1.026609,0.026211,0.933453
-0.050741,0.023903,0.386753,2.180371,19.835267,9.311957,3.478544,2.706294,167.540271,5.174622,1.026127,0.025755,0.933001
-0.051309,0.023746,0.583385,1.325681,19.803960,9.339617,3.473305,2.694545,167.416293,5.133852,1.025873,0.025560,0.932803
-0.048638,0.024160,0.636148,1.741737,19.880840,9.777832,3.479232,2.704698,167.170085,5.390108,1.025621,0.026759,0.932575
-0.048454,0.023985,0.660274,1.716869,19.881302,9.927503,3.479216,2.685007,166.885264,5.322328,1.025242,0.026500,0.932250
-0.051192,0.023924,0.479416,1.808412,19.856200,9.684815,3.478823,2.679080,166.693384,5.515658,1.024718,0.027389,0.931752
-0.046291,0.024276,0.658000,1.604780,19.992958,10.449472,3.478306,2.680664,166.593679,5.542180,1.024760,0.027455,0.931779
-0.049003,0.024874,0.578606,17.616359,19.975865,10.061588,3.482764,2.678098,166.475817,5.452230,1.024301,0.027074,0.931383
-0.046743,0.024362,0.469656,2.926617,20.010692,10.659638,3.481302,2.677008,166.409027,5.741925,1.024231,0.028456,0.931338
-0.044456,0.023928,0.564070,1.263522,20.010550,10.434905,3.478397,2.683336,166.336381,5.648482,1.023892,0.028116,0.931031
-0.047670,0.024371,0.644188,1.453162,19.998958,10.311188,3.480886,2.677265,166.282339,5.602048,1.023563,0.027830,0.930748
-0.054969,0.024950,0.580184,1.806526,20.010472,9.367030,3.481712,2.662310,166.184327,5.444202,1.022876,0.027115,0.930077
-0.040867,0.024815,0.568130,2.514300,20.010198,10.715810,3.480922,2.668516,166.205594,5.539627,1.023172,0.027536,0.930421
-0.045919,0.024149,0.711699,1.925170,20.009865,10.263370,3.478403,2.667203,166.140559,5.734144,1.022743,0.028508,0.929992
-0.048754,0.025208,0.724129,1.469562,20.010332,10.344575,3.481619,2.681192,166.086675,5.704465,1.022519,0.028278,0.929796
-0.050302,0.024657,0.372462,9.882006,20.009663,10.135762,3.479320,2.678871,166.040932,5.628865,1.022148,0.027972,0.929503
-0.048332,0.024584,0.591808,2.050121,20.010080,9.918598,3.480908,2.695077,165.947440,5.548091,1.021757,0.027584,0.929120
-0.044514,0.025776,0.653860,1.797882,20.010105,10.376135,3.484731,2.668478,165.877672,5.524887,1.021655,0.027543,0.929055
-0.051484,0.024502,0.718765,1.083807,20.010943,9.910467,3.479284,2.676000,165.787339,5.725071,1.021111,0.028444,0.928553
-0.048725,0.025415,0.652384,1.443047,20.010307,10.308853,3.484655,2.671262,165.721351,5.715496,1.020973,0.028299,0.928429
-0.055220,0.025018,0.683735,1.427673,20.010292,9.301480,3.482820,2.678549,165.633778,5.551618,1.020240,0.027554,0.927723
-0.054065,0.024802,0.631361,2.766172,20.009678,9.365705,3.481960,2.683497,165.563298,5.501586,1.019941,0.027315,0.927476
-0.042809,0.025319,0.618065,1.617547,20.009770,10.617903,3.482154,2.686456,165.531444,5.553792,1.020154,0.027695,0.927768
-0.051144,0.025287,0.704270,2.011551,20.009730,10.189560,3.484190,2.681017,165.581373,5.772905,1.019791,0.028646,0.927353
-0.056333,0.025801,0.667397,1.737625,20.009750,9.921600,3.481678,2.651942,165.692635,5.720719,1.019519,0.028370,0.927093
-0.049489,0.025486,0.678742,1.439297,20.009735,9.873905,3.479585,2.672168,165.779980,5.702402,1.019338,0.028211,0.926963
-0.042945,0.025217,0.548380,1.827693,20.009650,10.265068,3.480482,2.672605,165.849649,5.391874,1.019334,0.026814,0.926987
-0.049803,0.025724,0.591507,1.484982,20.009383,9.991960,3.482261,2.694712,165.857521,5.604636,1.019002,0.027847,0.926622
-0.052897,0.025868,0.528562,3.216274,20.009498,9.925790,3.481914,2.672422,165.947153,5.575926,1.018782,0.027642,0.926440
-0.050553,0.025269,0.646002,1.369170,20.009333,10.006977,3.477839,2.691643,165.933982,5.553693,1.018634,0.027470,0.926289
-0.053610,0.025696,0.585336,3.055722,20.009665,9.704168,3.479109,2.683954,165.855915,5.473588,1.018216,0.027096,0.925943
-0.051478,0.025051,0.552179,1.811066,20.009103,9.720622,3.477632,2.678238,165.748605,5.383966,1.017895,0.026755,0.925611
-0.047733,0.025737,0.678263,1.508155,20.009572,9.819173,3.482621,2.680517,165.467227,5.313232,1.017452,0.026443,0.925264
-0.046748,0.026082,0.702671,1.150606,20.009175,10.275562,3.480327,2.658043,165.178540,5.539640,1.017089,0.027548,0.924943
-0.052464,0.026285,0.629981,1.764800,20.009347,9.841647,3.483855,2.666442,164.918692,5.703080,1.016371,0.028324,0.924283
-0.046396,0.026337,0.738587,4.075293,20.009083,10.550037,3.483578,2.670477,164.759438,5.677953,1.016209,0.028235,0.924176
-0.049328,0.025920,0.602143,1.980817,20.009173,10.053993,3.483637,2.677397,164.628461,5.565535,1.015615,0.027681,0.923618
-0.049077,0.026477,0.737563,1.219148,20.008448,9.964327,3.483231,2.667747,164.535506,5.787603,1.015200,0.028688,0.923224
-0.048518,0.026705,0.746271,1.632806,20.009345,10.246397,3.486040,2.670742,164.495500,5.743532,1.014969,0.028485,0.923028
-0.051187,0.026835,0.746203,1.423505,20.009187,9.982687,3.485715,2.680593,164.391834,5.661665,1.014531,0.028078,0.922639
-0.052029,0.027458,0.640319,3.466024,20.009000,9.966110,3.487296,2.662407,164.324606,5.591606,1.014181,0.027767,0.922323
-0.051392,0.027157,0.677222,20.782993,20.009143,10.234375,3.486078,2.666807,164.241156,5.840898,1.013911,0.028964,0.922086
-0.053706,0.027156,0.798725,1.488841,20.008837,9.854438,3.486927,2.657001,164.153409,5.732631,1.013417,0.028440,0.921604
-0.047559,0.027870,0.889465,1.267250,20.009013,10.346405,3.489676,2.679890,164.101497,5.707338,1.013258,0.028370,0.921519
-0.051753,0.027660,0.689709,1.543853,20.009240,10.056693,3.487446,2.676813,164.032334,5.623563,1.012808,0.027915,0.921072
-0.051394,0.027731,0.794083,1.340163,20.008853,9.960195,3.486401,2.663291,163.946440,5.841953,1.012390,0.028946,0.920675
-0.056653,0.027235,0.889750,1.396764,20.008988,9.767170,3.485909,2.670954,163.878525,5.748447,1.011941,0.028506,0.920275
-0.048921,0.027529,0.832951,1.022022,20.008600,9.989295,3.484663,2.683931,163.788572,5.683680,1.011654,0.028260,0.920025
-0.050378,0.027972,0.751868,1.329805,20.009467,10.267867,3.487230,2.667856,163.780070,5.644738,1.011408,0.028109,0.919854
-0.053910,0.027896,0.831775,1.173670,20.008982,9.975093,3.489038,2.670181,163.671753,5.862913,1.010935,0.029022,0.919365
-0.051218,0.027725,0.845445,1.483144,20.008802,10.179557,3.485844,2.648520,163.576154,5.797473,1.010602,0.028768,0.919117
-0.048895,0.028273,0.806050,1.152136,20.009343,10.318255,3.489834,2.673120,163.521901,5.714613,1.010305,0.028483,0.918852
-0.047137,0.028289,0.630746,1.189724,20.009010,9.968333,3.490150,2.636891,163.496564,5.638245,1.009816,0.028010,0.918387
-0.049612,0.028687,0.778706,0.947908,20.009105,10.135260,3.491647,2.658256,163.627350,5.603844,1.009649,0.027853,0.918248
-0.050814,0.027948,0.735925,2.037670,20.009002,9.917135,3.485087,2.667251,163.769335,5.551018,1.009366,0.027538,0.917963
-0.048900,0.027385,0.903177,1.395716,20.008855,10.088335,3.483613,2.657504,163.767125,5.499811,1.009165,0.027372,0.917815
-0.053684,0.028385,0.610608,1.385046,20.008388,9.519987,3.486414,2.674341,163.762177,5.399963,1.008643,0.026845,0.917310
-0.059117,0.028547,0.782702,1.464152,20.008602,9.753063,3.484833,2.678830,163.708313,5.644765,1.008337,0.028018,0.917056
-0.053026,0.027903,0.839199,1.191815,20.008612,9.893720,3.483802,2.672409,163.604879,5.581490,1.008000,0.027696,0.916758
-0.051148,0.028440,0.858369,1.165079,20.009025,9.973495,3.483476,2.660164,163.452173,5.502516,1.007574,0.027330,0.916380
-0.053458,0.029129,0.777540,1.188115,20.008682,10.075267,3.488130,2.669718,163.292510,5.720927,1.007109,0.028340,0.915955
-0.054567,0.029031,0.827010,0.938801,20.008720,9.851240,3.487367,2.658515,163.040909,5.583398,1.006489,0.027764,0.915400
-0.046804,0.030012,0.866129,0.955324,20.008172,10.392358,3.494493,2.645929,162.805178,5.823063,1.006094,0.028897,0.915065
-0.046640,0.029110,0.902489,1.364697,20.008733,10.448065,3.487195,2.651531,162.668357,5.721027,1.005618,0.028471,0.914659
-0.053785,0.030321,0.966720,1.034212,20.008917,9.973770,3.491858,2.677475,162.551872,5.879916,1.004927,0.029219,0.913984
-0.051531,0.029237,0.665295,1.920782,20.008413,9.926332,3.488249,2.647947,162.423217,5.790932,1.004438,0.028769,0.913560
-0.053851,0.029245,0.772593,1.025804,20.008390,9.795787,3.487192,2.648649,162.325989,5.706725,1.003932,0.028331,0.913138
-0.046390,0.029595,0.741046,2.823470,20.008627,10.486117,3.487947,2.656481,162.317914,5.679421,1.003755,0.028248,0.913011
-0.048790,0.029720,0.858658,1.651986,20.008375,10.371198,3.491327,2.656665,162.171018,5.870348,1.003263,0.029132,0.912513
-0.047146,0.030139,1.007183,1.077548,20.008467,10.300720,3.492296,2.656126,162.102617,5.767003,1.002747,0.028696,0.912094
-0.044977,0.030751,1.013513,0.932170,20.008718,10.560058,3.491467,2.672424,162.037903,5.707130,1.002403,0.028386,0.911773
-0.051468,0.031185,0.976074,0.894122,20.008440,10.386563,3.494962,2.667141,161.965451,5.908778,1.001816,0.029284,0.911255
-0.047749,0.030645,0.847869,1.298435,20.008235,10.485748,3.492385,2.668559,161.815952,5.820394,1.001405,0.028830,0.910833
-0.051994,0.031313,1.046300,0.918744,20.008093,9.978735,3.492678,2.658578,161.727592,5.670702,1.000730,0.028186,0.910210
-0.054761,0.030784,0.925507,1.025803,20.008215,9.383773,3.493881,2.667238,161.603867,5.810362,0.999954,0.028864,0.909484
-0.049945,0.031563,0.954629,0.959343,20.008378,10.571058,3.496133,2.668162,161.555992,5.829031,0.999929,0.028953,0.909555
-0.054046,0.030598,0.797886,2.555033,20.008550,9.878063,3.489358,2.657793,161.538522,5.693202,0.999312,0.028245,0.908892
-0.047766,0.031086,0.976080,0.806987,20.008278,10.088523,3.490567,2.663351,161.429325,5.630942,0.998920,0.027960,0.908581
-0.054467,0.031294,1.091111,0.906198,20.008030,10.012308,3.492916,2.661136,161.275270,5.793898,0.998350,0.028812,0.908051
-0.054639,0.031589,1.024171,0.953514,20.008250,9.898708,3.491748,2.654312,161.182018,5.703400,0.997792,0.028341,0.907587
-0.051841,0.032633,0.886839,2.122514,20.008197,10.227525,3.495464,2.645798,161.088987,5.937928,0.997385,0.029452,0.907260
-0.049529,0.032017,1.030399,0.947341,20.008257,10.176927,3.492274,2.652197,161.045846,5.830886,0.996832,0.028938,0.906776
-0.049006,0.032484,1.072749,1.188154,20.008402,10.345838,3.496923,2.646992,161.095351,5.768574,0.996537,0.028626,0.906487
-0.053592,0.032129,0.959908,1.875589,20.007998,9.707440,3.489895,2.682975,161.242276,5.655107,0.996005,0.028042,0.905973
-0.055599,0.031507,0.798354,2.808756,20.008017,9.250317,3.487698,2.664061,161.386118,5.551760,0.995540,0.027494,0.905462
-0.054524,0.031929,1.031369,1.199804,20.008157,9.656493,3.489886,2.668888,161.398001,5.533225,0.995317,0.027401,0.905368
-0.050955,0.032171,0.952541,1.049868,20.007492,9.318602,3.488893,2.660384,161.396476,5.397469,0.994769,0.026823,0.904829
-0.054990,0.032687,0.983708,1.110443,20.008175,9.282425,3.493627,2.672067,161.271698,5.313109,0.994253,0.026365,0.904368
-0.059268,0.032410,1.073472,0.919983,20.007852,8.861657,3.488114,2.657017,161.153461,5.449633,0.993552,0.027045,0.903673
-0.052346,0.032762,1.011991,1.128055,20.008172,9.474713,3.489878,2.660859,161.001458,5.422790,0.993263,0.026907,0.903507
-0.048295,0.034700,1.239711,1.269123,20.012655,10.332995,3.495528,2.656570,159.863937,5.784142,0.990159,0.028702,0.899626
-0.053942,0.033999,1.150148,0.925678,20.015053,9.908242,3.494133,2.658712,159.867649,5.586850,0.990044,0.027820,0.900166
-0.048367,0.034565,1.229943,0.850520,20.016423,9.921348,3.497874,2.652862,159.811362,5.575983,0.989731,0.027828,0.900173
-0.044943,0.035322,1.071294,1.495413,20.016092,10.479443,3.499493,2.651730,159.739053,5.594378,0.989518,0.027798,0.900100
-0.049990,0.035654,1.214599,0.921490,20.007987,10.142115,3.500245,2.655717,159.666909,5.774216,0.988938,0.028610,0.899541
-0.054325,0.035025,1.205840,0.895570,20.007827,9.515268,3.493934,2.654535,159.556208,5.595780,0.988196,0.027873,0.898849
-0.049330,0.034807,1.270565,0.869456,20.016375,9.978467,3.495801,2.669714,159.447498,5.548870,0.987884,0.027667,0.898604
-0.049266,0.036546,1.161105,1.049110,20.007762,10.169132,3.501821,2.645156,159.415367,5.792583,0.987400,0.028706,0.898249
-0.050184,0.036182,1.243647,0.955280,20.007933,9.938510,3.500164,2.658974,159.216842,5.640231,0.986767,0.028070,0.897637
-0.049181,0.035738,1.257852,1.082004,20.008093,9.563703,3.496787,2.654560,159.163410,5.513936,0.986124,0.027430,0.897005
-0.050403,0.035656,1.206723,1.024061,20.007878,9.871448,3.496647,2.649250,159.135794,5.771278,0.985762,0.028559,0.896715
-0.048648,0.036982,1.303372,0.716340,20.016290,10.160558,3.500421,2.657477,158.949258,5.664822,0.985329,0.028159,0.896327
-0.048156,0.037144,1.368007,0.960074,20.007827,10.564983,3.501688,2.652010,158.834195,5.894712,0.984902,0.029268,0.895984
-0.049548,0.036343,1.328877,0.793736,20.008065,9.949718,3.500474,2.667408,158.720559,5.725018,0.984148,0.028479,0.895250
-0.051732,0.037512,1.398705,0.723079,20.016132,9.849760,3.498155,2.648758,158.620573,5.619856,0.983558,0.027942,0.894722
-0.053095,0.038195,1.242937,0.845623,20.007697,9.409693,3.503711,2.653062,158.500745,5.481437,0.982841,0.027279,0.894063
-0.057475,0.037665,1.322627,0.787447,20.008085,9.567562,3.504794,2.639257,158.530330,5.719871,0.982378,0.028274,0.893667
-0.050098,0.036783,1.205703,0.806443,20.016007,9.880228,3.497308,2.637833,158.659778,5.646723,0.982123,0.028057,0.893468
-0.046756,0.037256,1.366231,0.731924,20.016190,9.995585,3.497698,2.642964,158.762498,5.586446,0.981833,0.027735,0.893184
-0.056330,0.038848,1.374059,0.711888,20.016083,9.477535,3.501333,2.652090,158.795204,5.476240,0.981244,0.027117,0.892621
-0.048465,0.038019,1.376753,0.726602,20.016252,9.682492,3.497348,2.654086,158.792586,5.409107,0.980881,0.026796,0.892303
-0.055507,0.037542,1.400914,1.112452,20.016243,9.237525,3.496541,2.650233,158.741158,5.281993,0.980223,0.026155,0.891676
-0.053918,0.038701,1.130855,8.851217,20.015882,9.151877,3.500305,2.653074,158.677304,5.454854,0.979675,0.027031,0.891160
-0.061357,0.038680,1.528110,0.701516,20.016173,8.898667,3.500386,2.646869,158.522696,5.337487,0.979004,0.026391,0.890567
-0.056415,0.040087,1.306666,0.728378,20.016120,9.422707,3.506884,2.652912,158.374881,5.550710,0.978632,0.027542,0.890245
-0.050765,0.039041,1.409511,0.954655,20.015478,9.440300,3.502423,2.649168,157.983479,5.403212,0.977887,0.026862,0.889584
-0.057393,0.039745,1.526736,0.697754,20.015903,9.425628,3.498976,2.647303,157.600397,5.569358,0.977063,0.027563,0.888855
-0.049942,0.041193,1.605219,0.710193,20.015667,10.075622,3.505569,2.635243,157.344889,5.758197,0.976592,0.028618,0.888436
-0.054316,0.041146,1.615129,0.624345,20.015183,9.719260,3.506962,2.654212,157.172467,5.593735,0.975827,0.027862,0.887721
-0.052509,0.041286,1.612435,0.663697,20.015612,10.138102,3.508360,2.635616,157.052650,5.834340,0.975401,0.028997,0.887389
-0.050311,0.040777,1.544053,0.916295,20.015868,9.868117,3.506182,2.660283,156.934621,5.694835,0.974728,0.028288,0.886742
-0.051523,0.042254,1.718934,0.581794,20.015583,9.554973,3.509260,2.647020,156.817413,5.562434,0.974028,0.027628,0.886097
-0.051458,0.042324,1.733060,0.591938,20.015437,9.979402,3.507078,2.633581,156.712797,5.779023,0.973585,0.028696,0.885725
-0.049987,0.041715,1.705807,0.590496,20.015647,10.114237,3.506634,2.650060,156.606561,5.697215,0.973096,0.028218,0.885282
-0.049918,0.043747,1.565792,0.638664,20.014602,9.832370,3.511092,2.629752,156.472550,5.532220,0.972420,0.027597,0.884662
-0.054359,0.042917,1.795889,0.556841,20.015720,9.747678,3.508862,2.625942,156.369401,5.722860,0.971751,0.028381,0.884043
-0.050922,0.043206,1.835895,0.567064,20.015515,9.750637,3.505450,2.638556,156.248487,5.596300,0.971199,0.027840,0.883530
-0.052835,0.043763,1.654466,0.633210,20.015493,9.799708,3.510250,2.640357,156.152170,5.494210,0.970637,0.027378,0.883054
-0.056466,0.043662,1.639686,0.695522,20.015410,9.555575,3.508383,2.639461,156.022768,5.665538,0.969931,0.028061,0.882372
-0.050180,0.044766,1.748619,0.618691,20.015375,9.901847,3.508644,2.628314,155.969297,5.581873,0.969511,0.027756,0.882059
-0.050535,0.045435,1.715952,0.583931,20.015440,9.572623,3.511921,2.617535,155.966455,5.457461,0.968919,0.027160,0.881480
-0.057329,0.045319,1.475933,0.561836,20.016177,9.382413,3.512073,2.638945,155.900549,5.647772,0.968284,0.028004,0.880935
-0.057793,0.045799,1.813511,0.564036,20.015067,9.557932,3.509388,2.626802,155.734686,5.528984,0.967740,0.027482,0.880446
-0.058945,0.047206,1.885635,0.812204,20.014723,9.844055,3.517694,2.624707,155.564136,5.728600,0.967171,0.028457,0.879953
-0.052285,0.045248,1.749257,0.570867,20.015308,9.451015,3.505853,2.636691,155.407199,5.558849,0.966384,0.027637,0.879189
-0.051991,0.046525,2.004286,0.507006,20.015088,9.657853,3.507957,2.635601,155.289050,5.480601,0.965890,0.027233,0.878761
-0.056277,0.047949,1.824586,0.501142,20.015722,9.386467,3.516161,2.617039,155.155519,5.628012,0.965126,0.027937,0.878090
-0.050744,0.047439,2.017205,0.532092,20.015163,9.805758,3.512506,2.627377,155.274628,5.586593,0.964836,0.027669,0.877839
-0.051848,0.046733,1.789468,0.695921,20.015297,9.859068,3.510997,2.632200,155.497228,5.519201,0.964531,0.027357,0.877553
-0.055418,0.047058,1.846841,0.589491,20.014357,9.708318,3.510842,2.629972,155.680894,5.421268,0.964164,0.026928,0.877173
-0.058835,0.046899,1.917513,0.501043,20.015668,9.103122,3.506537,2.621597,155.737440,5.300589,0.963560,0.026244,0.876556
-0.059482,0.048034,2.056704,0.493882,20.015518,8.738907,3.511634,2.648135,155.757778,5.191416,0.962951,0.025689,0.876030
-0.060299,0.047697,1.811266,0.552184,20.015477,8.900350,3.512568,2.653341,155.756842,5.112009,0.962546,0.025344,0.875703
-0.058343,0.048333,2.021179,0.494760,20.014535,8.640562,3.511466,2.642606,155.727885,4.997216,0.961963,0.024771,0.875139
-0.054963,0.049213,2.095455,0.483792,20.015382,9.183915,3.508235,2.637014,155.672859,5.241251,0.961690,0.025937,0.874877
-0.059063,0.049094,1.898280,0.610438,20.015493,8.840370,3.506511,2.640870,155.582427,5.121606,0.961089,0.025277,0.874272
-0.054435,0.050408,1.952525,0.549555,20.015292,8.966025,3.512295,2.652654,155.235208,4.984112,0.960443,0.024808,0.873757
-0.058358,0.050531,2.048374,0.535556,20.015523,8.932480,3.509973,2.642621,154.812519,5.124942,0.959581,0.025421,0.872971
-0.052990,0.051173,2.261947,0.460596,20.015358,9.458787,3.514100,2.641553,154.420480,5.312721,0.958911,0.026339,0.872438
-0.052331,0.051341,2.150243,0.446400,20.014958,9.861893,3.509391,2.643925,154.102122,5.488216,0.958290,0.027217,0.871875
-0.057795,0.053412,2.254874,0.497585,20.015373,9.281653,3.518412,2.613096,153.881356,5.293393,0.957421,0.026346,0.871010
-0.056274,0.052809,2.274330,0.446124,20.015455,9.127418,3.510459,2.624942,153.738958,5.459104,0.956698,0.027083,0.870364
-0.054528,0.053684,2.466898,0.427207,20.015455,9.234928,3.514884,2.628847,153.595583,5.348707,0.956133,0.026617,0.869908
-0.054702,0.055295,2.421128,0.433215,20.015535,9.537348,3.517136,2.641670,153.442474,5.569895,0.955648,0.027650,0.869497
-0.055803,0.054796,2.413516,0.414416,20.015867,9.442740,3.519470,2.628503,153.412267,5.449670,0.955067,0.027045,0.868940
-0.051598,0.055124,2.404582,0.418850,20.015782,9.561292,3.515042,2.622962,153.314563,5.354205,0.954520,0.026584,0.868476
-0.059170,0.057104,2.391997,0.418072,20.016278,9.140838,3.522211,2.629051,153.200991,5.492583,0.953774,0.027187,0.867689
-0.053432,0.056989,2.452559,0.447956,20.015808,9.290510,3.521985,2.640964,153.091329,5.387653,0.953237,0.026756,0.867268
-0.056961,0.057464,2.554982,0.445280,20.015602,9.247952,3.521441,2.616447,153.012238,5.275729,0.952683,0.026233,0.866743
-0.056598,0.058352,2.400841,0.433109,20.015890,9.376790,3.526033,2.606870,152.808291,5.470181,0.952090,0.027106,0.866225
-0.062656,0.060168,2.608495,0.375648,20.015418,9.135010,3.528492,2.626479,152.063076,5.554791,0.951043,0.027575,0.865254
-0.050571,0.064152,2.975027,0.336105,20.014310,9.925385,3.530815,2.598046,150.410599,5.815261,0.949301,0.028992,0.863688
-0.050979,0.065743,3.257520,0.385250,20.015700,10.586018,3.529026,2.610439,150.683056,6.280054,0.948651,0.031212,0.863011
-0.054662,0.060823,2.576001,0.430084,20.016118,9.092123,3.521837,2.604985,152.121165,5.278169,0.949422,0.026162,0.863943
-0.048753,0.064885,2.952537,0.368535,20.014750,10.414853,3.526911,2.619229,150.499351,5.882812,0.947956,0.029242,0.862610
-0.051605,0.069453,3.232640,0.318075,20.014560,10.423602,3.534590,2.608460,150.050106,6.201235,0.946675,0.030839,0.861282
-0.048834,0.067691,3.261394,0.296807,20.016588,10.621385,3.532075,2.595046,151.492898,5.918888,0.946699,0.029454,0.861319
-0.061033,0.064969,3.119165,0.401678,20.015242,9.130700,3.527606,2.604434,150.771642,5.539190,0.946113,0.027396,0.860935
-0.050018,0.070651,3.209821,0.320747,20.014968,10.184293,3.534714,2.616812,149.723884,6.080769,0.944603,0.030252,0.859362
-0.054217,0.070553,3.364590,0.309396,20.015230,10.336757,3.529547,2.616363,150.038523,6.034105,0.944224,0.029993,0.859119
-0.055051,0.068583,3.185265,0.301974,20.007908,9.630398,3.530900,2.622400,151.492293,5.507359,0.944640,0.027467,0.859522
-0.052371,0.069265,3.301896,0.322271,20.016068,9.554943,3.529475,2.607020,150.590362,5.350477,0.943724,0.026587,0.858722
-0.051059,0.072696,3.576373,0.290804,20.015950,9.960003,3.534297,2.593868,149.959408,5.697306,0.942553,0.028248,0.857494
-0.054541,0.074284,3.601591,0.291522,20.016028,10.079637,3.536945,2.606994,149.957665,5.883334,0.941942,0.029147,0.856974
-0.057338,0.069262,3.339687,0.299427,20.008080,8.929290,3.521161,2.626158,150.879831,5.323703,0.942180,0.026296,0.857143
-0.054979,0.074333,3.610925,0.277698,20.016295,9.237290,3.531589,2.615393,149.965653,5.379989,0.940801,0.026706,0.856047
-0.050468,0.077065,3.864484,0.267372,20.015828,10.291163,3.531413,2.598179,149.602518,5.822910,0.940102,0.028881,0.855332
-0.052393,0.077300,3.903778,0.266190,20.008522,9.721838,3.528879,2.605030,149.696242,5.677983,0.939473,0.028175,0.854683
-0.058369,0.073860,3.337162,0.299649,20.008133,8.764985,3.532485,2.619636,150.243073,5.094509,0.939422,0.025339,0.854828
-0.054225,0.081335,4.038375,0.251658,20.015385,9.506098,3.533777,2.618874,148.724619,5.625430,0.937604,0.027982,0.853088
-0.048682,0.086057,4.330876,0.242311,20.015177,10.691187,3.539254,2.597918,148.369110,6.101093,0.936863,0.030324,0.852481
-0.050519,0.086415,4.228486,0.236501,20.008177,10.339703,3.530331,2.597014,148.978120,5.985899,0.936365,0.029744,0.851950
-0.052495,0.082009,4.155413,0.241693,20.015758,9.349483,3.529188,2.609169,148.929296,5.378930,0.936120,0.026709,0.851926
-0.049093,0.089907,4.560847,0.000000,20.015303,10.352760,3.536896,2.594412,147.945986,5.982629,0.934718,0.029679,0.850502
-0.047527,0.092543,4.680064,0.000000,20.015230,10.257025,3.541372,2.594138,147.720088,5.805376,0.933871,0.028933,0.849782
-0.044963,0.095414,4.724773,0.000000,20.008055,10.658775,3.535880,2.606178,148.402210,5.996782,0.933337,0.029841,0.849248
-0.047230,0.092762,4.785199,0.000000,20.015658,9.895615,3.533246,2.603610,147.856814,5.593816,0.932705,0.027796,0.848762
-0.050421,0.096851,5.032117,0.000000,20.015630,9.899315,3.539116,2.594609,147.512419,5.683733,0.931693,0.028238,0.847754
-0.047928,0.100648,4.938946,0.000000,20.014547,10.258280,3.541038,2.595249,146.932650,5.826619,0.930794,0.028912,0.847013
-0.045387,0.101362,5.196509,0.000000,20.015645,10.465030,3.541294,2.599447,147.476858,5.773041,0.930602,0.028745,0.846847
-0.046747,0.104543,5.390290,0.000000,20.015403,10.484322,3.541720,2.567919,146.977508,5.883614,0.929577,0.029207,0.845911
-0.044394,0.107632,5.638861,0.000000,20.014990,10.717383,3.542386,2.586118,146.515052,5.739839,0.928727,0.028456,0.845182
-0.048682,0.113777,5.995846,0.000000,20.014457,10.242855,3.548085,2.597676,145.983049,5.736217,0.927380,0.028534,0.843862
-0.045450,0.111607,5.558223,0.000000,20.015207,10.284978,3.541039,2.581318,146.422523,5.712874,0.927182,0.028322,0.843705
-0.054368,0.112317,5.830846,0.000000,20.016027,9.589203,3.545895,2.600062,146.834525,5.556779,0.926531,0.027612,0.843057
-0.053141,0.110485,5.643810,0.000000,20.015787,9.670320,3.545578,2.591222,147.240261,5.545821,0.926328,0.027483,0.842955
-0.048260,0.111478,5.811875,0.000000,20.008068,9.826602,3.542198,2.592911,147.512229,5.458582,0.926038,0.027129,0.842634
-0.052723,0.108342,5.638886,0.000000,20.007962,8.887962,3.542331,2.601438,147.474206,5.090551,0.925471,0.025220,0.842261
-0.048119,0.116659,5.965945,0.000000,20.016270,9.467092,3.546278,2.611717,147.056972,5.167850,0.924444,0.025664,0.841207
-0.050555,0.116606,6.088023,0.000000,20.008182,9.076950,3.549481,2.578640,147.302898,5.063188,0.923898,0.025124,0.840730
-0.049875,0.117401,5.795077,0.000000,20.008378,9.361138,3.546410,2.581546,147.648743,4.986768,0.923485,0.024767,0.840378
-0.049050,0.118706,5.735830,0.000000,20.007748,9.100970,3.540676,2.596890,147.154283,4.846070,0.922806,0.024073,0.839712
-0.050949,0.125704,6.464909,0.000000,20.016373,9.264415,3.544811,2.586156,146.684779,5.221635,0.921663,0.025802,0.838643
-0.049960,0.128548,6.696540,0.000000,20.015910,9.283428,3.537399,2.598901,146.772480,5.118322,0.921107,0.025288,0.838181
-0.047148,0.130148,6.672342,0.000000,20.016072,9.815987,3.542163,2.568677,147.027039,5.098320,0.920951,0.025233,0.838116
-0.049430,0.133256,6.551845,0.000000,20.016270,9.278282,3.546296,2.580871,146.406238,4.843152,0.919800,0.024036,0.836949
-0.047935,0.140877,7.386969,0.000000,20.015828,9.582990,3.551963,2.596001,145.827970,4.945748,0.918741,0.024524,0.836040
-0.045706,0.003412,7.764085,0.000000,20.016082,9.665283,3.554331,2.598136,145.821739,5.118421,0.918041,0.025294,0.835408
-0.053977,0.139102,6.927523,0.000000,20.008080,8.587878,3.554349,2.599864,146.499605,4.772884,0.917851,0.023529,0.835173
-0.054213,-0.016612,7.612796,0.000000,20.016083,9.080910,3.567333,2.586432,145.653977,4.876895,0.916772,0.024052,0.834275
-0.043448,0.161424,8.504769,0.000000,20.014763,9.534183,3.545170,2.590418,144.712343,4.899678,0.915408,0.024210,0.833019
-0.044581,0.165884,8.768069,0.000000,20.015512,9.624613,3.563413,2.576287,144.663134,4.760945,0.914583,0.023593,0.832363
-0.046002,0.154601,8.094819,0.000000,20.016283,9.038130,3.553194,2.594483,146.122858,4.555718,0.915129,0.022638,0.832853
-0.048106,0.161204,8.601508,0.000000,20.015313,9.036793,3.552870,2.576353,145.031942,4.599070,0.913869,0.022729,0.831673
-0.041661,0.186116,9.891605,0.000000,20.015097,9.303697,3.567775,2.578573,144.194622,4.446481,0.911558,0.022127,0.829583
-0.043404,0.166820,8.889944,0.000000,20.015730,9.069057,3.553700,2.598652,145.396702,4.307653,0.912294,0.021301,0.830274
-0.040600,0.201390,10.656058,0.000000,20.014255,9.459310,3.565355,2.578017,143.804303,4.324476,0.909418,0.021443,0.827638
