SCC,SCV,DVV,ICP,CCDT,CVCT,ACCV C,ACCV D,ECD,ECV,CCD,CCV,SoH
-0.036678,0.016595,0.361898,3.090629,20.009693,11.333417,3.449646,2.733420,178.240968,6.474891,1.070561,0.032384,0.973675
-0.034333,0.017265,0.377317,3.138949,20.014563,11.250075,3.452878,2.732859,178.508567,6.292410,1.071892,0.031486,0.974249
-0.036995,0.016205,0.329639,3.633389,20.010827,11.249998,3.450180,2.752668,178.575691,6.432777,1.072422,0.031977,0.974822
-0.037284,0.015448,0.377994,2.457944,20.016008,11.166833,3.447551,2.742736,178.737760,6.255531,1.073168,0.031128,0.975427
-0.036095,0.016996,0.359074,2.966071,20.015888,11.083333,3.452714,2.745959,178.834827,6.048396,1.073576,0.030190,0.975901
-0.037722,0.016241,0.357433,2.421775,20.002555,11.083443,3.448096,2.719931,178.772248,6.141672,1.073249,0.030557,0.976293
-0.038851,0.016047,0.360753,2.811678,20.007805,11.083340,3.446949,2.743665,178.957156,6.192880,1.074374,0.030751,0.976508
-0.037675,0.015275,0.336871,3.349330,19.992903,11.000163,3.443142,2.726197,178.816344,5.920212,1.073608,0.029502,0.976670
-0.035483,0.015632,0.324251,3.910179,20.007857,11.000098,3.448152,2.742158,179.004270,5.926379,1.074532,0.029516,0.976685
-0.035834,0.016290,0.348287,2.485612,20.008007,11.000028,3.449144,2.736503,179.011608,5.972458,1.074780,0.029732,0.976950
-0.074023,0.004292,0.059126,528.344828,60.849953,6.358715,3.408804,3.297861,363.374968,5.111462,0.109632,0.025294,1.406174
-0.038519,0.016976,0.386035,2.876738,20.013765,11.333465,3.450220,2.743413,178.732437,6.467224,1.073768,0.032145,0.973656
-0.035291,0.016652,0.359374,2.678108,20.001647,11.083382,3.450531,2.742237,178.919530,6.032853,1.074589,0.029964,0.975846
-0.037322,0.015941,0.337263,3.702654,20.011823,11.000020,3.447574,2.744937,179.114239,5.970219,1.073089,0.029637,0.976874
-0.036035,0.015504,0.339086,3.381863,20.013205,10.916677,3.446409,2.763684,179.280233,5.781524,1.075836,0.028837,0.977466
-0.039362,0.015728,0.341740,3.222926,20.013950,11.083257,3.448420,2.741652,179.258443,6.033094,1.072401,0.029936,0.975922
-0.037726,0.015614,0.329659,3.359307,20.014603,10.916708,3.449958,2.733933,179.305397,5.878129,1.076194,0.029154,0.978037
-0.036514,0.014998,0.344645,2.615429,20.015292,10.833332,3.445083,2.728833,179.314812,5.642463,1.076182,0.028142,0.978177
-0.036328,0.015107,0.317124,3.647937,20.015133,10.916587,3.447345,2.745631,179.320979,5.769920,1.076427,0.028677,0.977377
-0.036791,0.015326,0.294559,3.028444,20.015468,10.916795,3.447242,2.734535,179.334109,5.793402,1.076544,0.028774,0.977509
-0.036669,0.015283,0.307099,2.876938,20.015630,10.833320,3.444557,2.728398,179.327895,5.715297,1.076646,0.028474,0.978556
-0.038800,0.015275,0.330722,2.712684,20.015935,10.833465,3.445549,2.728765,179.312213,5.752861,1.076633,0.028430,0.978578
-0.035549,0.014914,0.314279,3.436640,19.999195,10.833405,3.444055,2.704311,179.116241,5.756453,1.074528,0.028549,0.978643
-0.037926,0.015167,0.301771,4.251529,19.999352,10.833475,3.444200,2.725798,179.207790,5.730737,1.076365,0.028429,0.978571
-0.038921,0.015150,0.306528,3.107781,19.990682,10.833422,3.444032,2.725733,179.072672,5.723381,1.075529,0.028419,0.978517
-0.036827,0.015657,0.336644,3.097236,20.008018,10.916653,3.447514,2.748956,179.279996,5.806999,1.076556,0.028716,0.977467
-0.040364,0.014935,0.342076,3.888702,20.008118,10.833355,3.444178,2.732984,179.292848,5.722094,1.076521,0.028377,0.978533
-0.038517,0.014948,0.324837,3.282737,20.008058,10.833312,3.443774,2.754301,179.266043,5.705903,1.076479,0.028303,0.978462
-0.040345,0.014680,0.332237,2.530851,20.008098,10.833358,3.441868,2.750701,179.299639,5.732857,1.076586,0.028403,0.978513
-0.037975,0.015074,0.340688,2.781033,20.008102,10.833408,3.446007,2.753009,179.309536,5.744831,1.076610,0.028454,0.978552
-0.037250,0.014331,0.324201,3.452881,20.008152,10.833333,3.443803,2.728036,179.294746,5.727987,1.076614,0.028396,0.978583
-0.038165,0.014952,0.310535,2.819794,20.008008,10.833380,3.443929,2.746216,179.290330,5.736994,1.076589,0.028440,0.978631
-0.037517,0.015925,0.321336,3.720803,20.008248,10.833492,3.447925,2.729281,179.267702,5.738487,1.076632,0.028476,0.978604
-0.037898,0.014292,0.317507,2.796359,20.008332,10.833265,3.443678,2.745306,179.242859,5.713050,1.076605,0.028295,0.978554
-0.033231,0.015008,0.318146,3.635343,20.008393,10.750052,3.444075,2.725311,179.249801,5.453593,1.076660,0.027166,0.978656
-0.036814,0.015283,0.338166,3.441195,20.008303,10.750087,3.445751,2.732429,179.239765,5.447862,1.076631,0.027131,0.978645
-0.035094,0.015844,0.324183,3.423429,20.008353,10.750052,3.446953,2.741955,179.260977,5.431645,1.076666,0.027088,0.978648
-0.036382,0.014864,0.323632,3.088947,20.008308,10.749958,3.444292,2.749937,179.270972,5.456219,1.076644,0.027146,0.978683
-0.034249,0.014856,0.300379,2.813162,20.008325,10.750168,3.444067,2.735874,179.262278,5.432183,1.076709,0.027049,0.978705
-0.036288,0.015041,0.309671,2.662563,19.993707,10.750052,3.443595,2.720189,179.125160,5.444940,1.075887,0.027111,0.978705
-0.034418,0.015712,0.306908,3.259957,20.008537,10.750128,3.446903,2.749123,179.248805,5.443712,1.076658,0.027077,0.978632
-0.037917,0.015211,0.326956,3.066255,20.008725,10.750047,3.446154,2.740547,179.258629,5.433859,1.076669,0.027062,0.978605
-0.035835,0.015334,0.335907,3.148849,20.008560,11.000108,3.446489,2.738881,179.298507,5.499970,1.076836,0.027379,0.974596
-0.036578,0.015228,0.333152,2.682530,20.008653,10.833428,3.446473,2.747064,179.304144,5.534011,1.076649,0.027520,0.977665
-0.033646,0.015083,0.346167,3.021943,20.003880,10.749940,3.446150,2.722903,179.307084,5.449184,1.076524,0.027181,0.978708
-0.036074,0.014653,0.303289,4.283291,20.008537,10.750038,3.444225,2.742586,179.344224,5.426902,1.076661,0.027051,0.978139
-0.034473,0.015392,0.346189,3.700846,20.008560,10.833433,3.445874,2.740976,179.330128,5.519415,1.074302,0.027420,0.977746
-0.035880,0.014863,0.325592,3.500160,20.008525,10.750035,3.444102,2.738073,179.328339,5.465510,1.076812,0.027198,0.978731
-0.036671,0.014139,0.292267,4.565773,20.008523,10.750062,3.441861,2.745233,179.322751,5.455140,1.076753,0.027126,0.978760
-0.037033,0.015213,0.293506,3.446879,20.008593,10.749910,3.446716,2.738279,179.274723,5.446573,1.076700,0.027110,0.978721
-0.035372,0.015480,0.341037,2.928446,20.008443,10.750167,3.447448,2.732709,179.198953,5.436433,1.076675,0.027015,0.978687
-0.036015,0.014625,0.326240,3.005989,20.008540,10.750010,3.445027,2.739424,179.188234,5.428703,1.076692,0.027032,0.978655
-0.038044,0.014787,0.339289,3.738518,20.008738,10.750090,3.442177,2.736430,179.190578,5.440041,1.076784,0.027019,0.978663
-0.038209,0.015498,0.334042,2.658902,20.008567,10.750155,3.448750,2.748643,179.180217,5.444816,1.076638,0.027022,0.978666
-0.036035,0.015293,0.305975,3.084020,20.008602,10.750025,3.447497,2.754038,179.160108,5.433861,1.076651,0.027020,0.978633
-0.036600,0.015608,0.334530,3.182361,20.008495,10.750007,3.447151,2.741303,179.163616,5.424035,1.075390,0.026974,0.978586
-0.034400,0.015675,0.331667,3.071986,20.008653,10.749997,3.446324,2.754029,179.183277,5.389783,1.076580,0.026803,0.978588
-0.034375,0.014482,0.312870,3.431844,20.008655,10.750050,3.442201,2.740580,179.148425,5.390700,1.075255,0.026828,0.978479
-0.036509,0.014671,0.311289,2.751022,20.008582,10.749930,3.443284,2.728372,179.305326,5.387586,1.076698,0.026790,0.978675
-0.037947,0.014123,0.322043,3.102449,20.008287,10.750117,3.441179,2.746114,179.445273,5.444492,1.076899,0.026965,0.978859
-0.036366,0.014371,0.293312,2.944117,19.993622,10.666808,3.443884,2.692672,179.404463,5.221543,1.076296,0.025979,0.979000
-0.036085,0.014766,0.305868,3.254625,20.008297,10.750010,3.442641,2.760227,179.576072,5.315309,1.077075,0.026414,0.978071
-0.036504,0.014802,0.330183,3.542947,20.008355,10.666673,3.445205,2.741073,179.412939,5.211642,1.076977,0.025921,0.978962
-0.038296,0.015038,0.316475,3.494484,20.008352,10.750175,3.444918,2.735685,179.187321,5.400117,1.076518,0.026898,0.978027
-0.037626,0.015521,0.339807,3.634958,20.008592,10.750048,3.448735,2.733535,179.166393,5.424236,1.076550,0.027000,0.978033
-0.036503,0.014967,0.302750,2.821380,20.008745,10.750093,3.446591,2.731868,179.142858,5.427345,1.076672,0.026946,0.978004
-0.038030,0.014300,0.304485,2.809551,19.994372,10.750167,3.442777,2.720490,179.002977,5.424525,1.075763,0.026919,0.978549
-0.037644,0.014295,0.301382,3.288298,20.008617,10.749973,3.442957,2.727100,179.111044,5.430620,1.076644,0.026932,0.978548
-0.038048,0.014535,0.317106,3.786551,20.008498,10.750045,3.443887,2.748116,179.107564,5.410540,1.076600,0.026841,0.978514
-0.035078,0.015153,0.314897,2.898294,20.007673,10.750023,3.445172,2.746354,179.113300,5.397028,1.075314,0.026765,0.978498
-0.036551,0.014112,0.305811,2.872854,20.008507,10.750023,3.440411,2.756299,179.085795,5.389407,1.076389,0.026739,0.978450
-0.036998,0.015096,0.328906,3.814570,20.008457,10.750015,3.443499,2.713226,179.079967,5.368138,1.075131,0.026647,0.978404
-0.039103,0.015432,0.318039,2.912785,20.008650,10.833320,3.445686,2.739397,179.109815,5.462197,1.076367,0.027077,0.977431
-0.036460,0.014663,0.326498,3.325650,20.008818,10.749913,3.442915,2.740839,179.098063,5.374007,1.076243,0.026705,0.978327
-0.035731,0.015198,0.313161,3.799950,20.008617,10.750177,3.445788,2.741781,179.102047,5.359896,1.076319,0.026652,0.978329
-0.035040,0.015213,0.328048,4.137216,20.000273,10.750050,3.445822,2.721059,179.043542,5.310740,1.075999,0.026431,0.978260
-0.038765,0.014991,0.331020,2.936720,20.008682,10.750068,3.445307,2.755332,179.087948,5.347578,1.076318,0.026364,0.978023
-0.036568,0.015061,0.348298,3.015541,20.001137,10.750153,3.444964,2.720390,179.045123,5.362993,1.075939,0.026654,0.978240
-0.036228,0.014763,0.322661,3.181303,19.994228,10.750020,3.445056,2.707322,178.947933,5.345745,1.075519,0.026613,0.978300
-0.037248,0.014542,0.319675,3.551355,20.008507,10.750053,3.444257,2.724262,179.072157,5.339412,1.076240,0.026543,0.978259
-0.034068,0.014545,0.327233,3.558432,20.008618,10.749968,3.443591,2.720287,179.057013,5.367546,1.076198,0.026679,0.978324
-0.035290,0.014938,0.319268,3.159607,20.008602,10.750045,3.444914,2.754046,179.011442,5.332413,1.076187,0.026498,0.978259
-0.039633,0.015504,0.295962,3.203786,20.008785,10.833428,3.446017,2.741341,179.018272,5.474353,1.076225,0.027079,0.977309
-0.035367,0.015705,0.304584,4.192781,19.988567,10.833290,3.446773,2.722369,178.779708,5.444953,1.075036,0.026985,0.977005
-0.037011,0.014863,0.255544,3.031183,20.008575,10.750050,3.443932,2.740159,178.994589,5.362431,1.076045,0.026560,0.978275
-0.036367,0.014910,0.311337,2.842612,20.008748,10.750088,3.443324,2.748160,178.967510,5.342271,1.076216,0.026497,0.978194
-0.035556,0.014981,0.294205,3.189659,20.008475,10.749937,3.445428,2.722126,178.949670,5.350732,1.076048,0.026560,0.978195
-0.037850,0.014788,0.317026,3.728363,20.008895,10.750078,3.444766,2.739185,178.963255,5.334858,1.074946,0.026475,0.978136
-0.033850,0.014916,0.308725,3.739892,20.009000,10.750010,3.446453,2.726683,178.966100,5.325848,1.076121,0.026459,0.978115
-0.038256,0.015042,0.326913,3.583825,20.008722,10.750115,3.445279,2.739723,178.983582,5.302196,1.076036,0.026378,0.977825
-0.038759,0.014826,0.332425,2.556854,20.008798,10.750102,3.444605,2.735028,178.969967,5.281744,1.074799,0.026277,0.978031
-0.035806,0.015064,0.299160,3.038579,20.008717,10.749982,3.445753,2.749089,178.967339,5.309253,1.075986,0.026376,0.978028
-0.034775,0.014948,0.319795,3.240698,20.008803,10.750063,3.444833,2.729578,178.931463,5.302329,1.075893,0.026364,0.978006
-0.034456,0.015072,0.316164,3.638632,20.008423,10.750037,3.444778,2.723319,178.909140,5.281115,1.075818,0.026262,0.977947
-0.036295,0.014767,0.338273,3.024171,20.008677,10.749995,3.444362,2.723775,178.901512,5.270107,1.075871,0.026245,0.977878
-0.036235,0.014375,0.329336,2.907859,20.008775,10.750198,3.442001,2.724542,178.905486,5.274667,1.075836,0.026214,0.977884
-0.033231,0.014494,0.336238,2.458661,20.009035,10.750045,3.442957,2.744971,178.909427,5.281476,1.075907,0.026154,0.977832
-0.035840,0.015287,0.307299,3.176419,20.008782,10.750182,3.446794,2.738683,178.884234,5.277026,1.075877,0.026142,0.977838
-0.037228,0.014668,0.303695,3.974824,20.008800,10.750112,3.443597,2.735296,178.889596,5.290792,1.075909,0.026273,0.977933
-0.035721,0.014953,0.302629,5.119513,20.009000,10.750073,3.444364,2.741611,178.877902,5.265634,1.075837,0.026129,0.977591
-0.038445,0.015423,0.315230,2.765647,20.008615,10.749945,3.446396,2.729094,178.910378,5.267886,1.075780,0.025967,0.977189
-0.035835,0.015183,0.307167,3.253915,20.009040,10.749955,3.444723,2.741178,178.896044,5.272978,1.075822,0.026039,0.977730
-0.035234,0.014924,0.291388,2.988113,19.992737,10.749947,3.443739,2.692656,178.706586,5.258735,1.074902,0.026147,0.977787
-0.034215,0.015290,0.353737,3.118520,20.008512,10.916720,3.445116,2.747177,178.875753,5.226124,1.075823,0.026007,0.974845
-0.036923,0.015656,0.318922,2.794674,19.993485,10.833343,3.447312,2.711764,178.726123,5.339040,1.074897,0.026527,0.976821
-0.033889,0.015309,0.335645,3.289169,20.008957,10.750102,3.445674,2.743862,178.885628,5.253470,1.075635,0.026147,0.977754
-0.035037,0.015482,0.308884,3.863494,19.994600,10.749953,3.447689,2.709687,178.744282,5.234548,1.074972,0.026045,0.977762
-0.034935,0.015108,0.317560,2.895722,20.008945,10.749995,3.447167,2.735725,178.848576,5.235215,1.075720,0.026043,0.977715
-0.036756,0.015039,0.328100,3.131520,20.009045,10.749998,3.446761,2.739246,178.839259,5.228740,1.075662,0.025997,0.977743
-0.036782,0.015190,0.344548,3.579101,20.006390,10.750118,3.447118,2.735849,178.835588,5.230580,1.075609,0.026007,0.977712
-0.034285,0.015507,0.293383,2.587154,19.999817,10.750005,3.447055,2.733429,178.730651,5.228224,1.075244,0.025991,0.977692
-0.037441,0.014418,0.303398,2.742285,20.007605,10.749962,3.442548,2.746929,178.774917,5.238072,1.075651,0.026004,0.977714
-0.035871,0.015756,0.317604,3.235391,20.002618,10.750117,3.444941,2.727044,178.710367,5.190926,1.075390,0.025834,0.977682
-0.036900,0.015086,0.297925,3.631981,20.008935,10.750078,3.447157,2.728149,178.686129,5.200882,1.074194,0.025868,0.977485
-0.035183,0.016318,0.335657,4.010100,20.002347,11.166763,3.448762,2.722389,178.676475,5.444781,1.075413,0.026931,0.971638
-0.032634,0.015870,0.317005,3.172306,20.008908,10.916730,3.445544,2.731659,178.736273,5.188318,1.075598,0.025765,0.974699
-0.036715,0.014617,0.315851,3.318498,20.008910,10.833368,3.443465,2.733246,178.727659,5.303764,1.075510,0.026309,0.976572
-0.035896,0.015093,0.329507,3.715728,20.008860,10.750020,3.444025,2.738813,178.720216,5.193833,1.075504,0.025777,0.977515
-0.036690,0.015170,0.322063,2.595730,20.008773,10.750140,3.445777,2.735576,178.715587,5.191898,1.075385,0.025805,0.977481
-0.035951,0.015063,0.336600,3.663519,20.008823,10.749942,3.445767,2.748583,178.675008,5.171578,1.075239,0.025713,0.977123
-0.034151,0.015002,0.338652,3.192513,20.009007,10.750077,3.445848,2.735085,178.676100,5.148038,1.075210,0.025606,0.977305
-0.034684,0.015236,0.326498,3.066530,20.008898,10.750018,3.445806,2.738636,178.671121,5.159736,1.075221,0.025660,0.977332
-0.037499,0.015382,0.334995,2.632349,20.008860,10.750153,3.446884,2.735628,178.696168,5.147165,1.075177,0.025606,0.977258
-0.034586,0.014948,0.331398,3.998754,20.008963,10.750088,3.444272,2.736284,178.716074,5.159901,1.075211,0.025662,0.977264
-0.035679,0.015034,0.341978,2.925754,20.008765,10.749953,3.445056,2.749071,178.739793,5.140800,1.075226,0.025577,0.977276
-0.038262,0.014773,0.330455,2.613582,20.009158,10.833393,3.444109,2.754123,178.760602,5.423173,1.075237,0.026861,0.977296
-0.035977,0.015070,0.328338,3.164888,19.995293,10.749942,3.443442,2.723845,178.616960,5.159393,1.074590,0.025645,0.977332
-0.033483,0.015687,0.323334,2.942644,20.008617,10.749978,3.451154,2.737841,178.731601,5.152778,1.075212,0.025658,0.977340
-0.036106,0.014976,0.326861,3.217334,20.009050,10.750007,3.444405,2.743794,178.662792,5.140188,1.075143,0.025543,0.977263
-0.036229,0.015398,0.320669,3.174513,20.009043,10.750127,3.448453,2.740611,178.637298,5.149485,1.075119,0.025598,0.977224
-0.034650,0.015608,0.330303,3.265094,20.009243,10.750005,3.447237,2.737501,178.637258,5.125061,1.073755,0.024983,0.976680
-0.033831,0.015763,0.341479,2.529569,20.008892,10.750153,3.448820,2.744617,178.624920,5.123046,1.074735,0.025190,0.976889
-0.033924,0.015679,0.317952,2.960913,20.009043,10.750078,3.448356,2.737767,178.605186,5.119947,1.074439,0.024480,0.976182
-0.033228,0.015009,0.307009,3.114782,20.009168,10.750033,3.445848,2.751016,178.592551,5.107369,1.072841,0.025347,0.977005
-0.035412,0.015136,0.297898,2.927191,20.008882,10.833422,3.444840,2.735113,178.589846,5.191228,1.072834,0.025540,0.975861
-0.035515,0.015483,0.330718,2.795628,20.008992,10.750055,3.447672,2.732893,178.559122,5.088836,1.074515,0.024865,0.976588
-0.035298,0.015382,0.336773,3.515418,20.008805,10.833317,3.448628,2.743164,178.543285,5.180347,1.073325,0.025460,0.975512
-0.037785,0.015408,0.325409,3.864457,20.008835,10.833410,3.447522,2.724448,178.515572,5.384366,1.074763,0.026429,0.976761
-0.035749,0.015438,0.289373,3.071587,20.009178,10.833370,3.446645,2.757640,178.476345,5.363495,1.074745,0.026524,0.976180
-0.040253,0.015741,0.331822,3.496342,20.009088,10.833492,3.447580,2.738609,178.459704,5.394016,1.071025,0.026672,0.976665
-0.035633,0.015274,0.340422,2.599025,20.008803,10.833320,3.446166,2.730684,178.452278,5.363838,1.074665,0.026530,0.975734
-0.034146,0.015476,0.339658,2.567688,20.009022,10.833437,3.446570,2.732044,178.446136,5.126849,1.074709,0.025541,0.975792
-0.034678,0.015470,0.324929,3.334564,20.009190,10.833250,3.446280,2.746231,178.484035,5.136292,1.074688,0.025526,0.975785
-0.032985,0.015185,0.329678,3.758623,20.008920,10.833395,3.446448,2.735945,178.484147,5.128735,1.072191,0.025504,0.975790
-0.035241,0.015062,0.332952,3.856107,20.008798,10.833223,3.446688,2.745130,178.496340,5.132693,1.073391,0.025339,0.975691
-0.035901,0.015493,0.326712,2.919501,20.009052,10.833470,3.445899,2.751309,178.492863,5.347810,1.074533,0.026011,0.976333
-0.036271,0.014573,0.290059,2.237067,20.008722,10.833447,3.443308,2.724710,178.450848,5.346279,1.074378,0.025760,0.976140
-0.029085,0.015690,0.315048,3.174792,19.998532,10.499943,3.450197,2.741170,178.427124,4.445286,1.074087,0.021993,0.976141
-0.035884,0.015272,0.322277,3.473695,20.009297,10.833440,3.446920,2.745456,180.445981,5.280105,1.074408,0.026063,0.976397
-0.033479,0.015120,0.310854,2.849090,20.009005,10.833370,3.446698,2.740384,178.421127,5.304916,1.074370,0.025202,0.975615
-0.035809,0.015726,0.341708,3.334968,20.009087,10.916543,3.446950,2.753355,178.405669,5.368110,1.074352,0.023710,0.972921
-0.037061,0.015667,0.351985,2.993890,20.008883,10.916677,3.448283,2.738741,178.378775,5.374127,1.074271,0.024707,0.973852
-0.034855,0.015333,0.301488,3.317165,20.008943,10.916748,3.446306,2.743458,178.377056,5.138974,1.074230,0.023903,0.973105
-0.038025,0.014508,0.349664,2.784271,20.009082,10.833470,3.445527,2.746869,178.372731,5.280349,1.073965,0.025627,0.976006
-0.036888,0.015689,0.312947,3.018394,20.009342,10.833317,3.447210,2.739702,178.409926,5.262125,1.073207,0.026046,0.976501
-0.035376,0.014977,0.321588,2.551870,20.004775,10.833315,3.447043,2.731816,178.398389,5.263002,1.073556,0.026064,0.976535
-0.039841,0.014935,0.322474,3.825107,20.009020,10.833343,3.445415,2.734403,178.403656,5.282585,1.073784,0.026153,0.976466
-0.034686,0.014897,0.333254,3.980590,20.008973,10.833367,3.444973,2.731050,178.412192,5.269718,1.073894,0.026108,0.976546
-0.033926,0.015643,0.341903,2.927060,20.008800,11.000027,3.448090,2.734543,178.411575,5.227536,1.074269,0.025767,0.973336
-0.035048,0.014741,0.354494,2.404238,20.009052,11.000093,3.444255,2.741338,178.392399,5.210870,1.073002,0.025685,0.973307
-0.030982,0.015379,0.343073,3.343798,20.009075,11.083505,3.448461,2.748370,178.380339,5.110956,1.073057,0.025163,0.971301
-0.036114,0.015200,0.345690,2.852668,20.009127,10.833503,3.445178,2.742698,178.334808,5.227984,1.071570,0.025728,0.976197
-0.035760,0.014966,0.341211,3.096856,20.009133,10.833347,3.442621,2.741963,178.301809,5.230708,1.071430,0.025756,0.976110
-0.034779,0.015011,0.305487,3.778589,20.009128,11.000128,3.446650,2.745306,178.300915,5.197514,1.068696,0.025246,0.972828
-0.037258,0.015479,0.353249,3.986854,20.008742,10.916732,3.448474,2.743644,178.295721,5.301987,1.067704,0.026112,0.974810
-0.034343,0.015002,0.314655,2.471447,20.009327,10.916703,3.446561,2.722224,178.323164,5.312081,1.072497,0.025652,0.974379
-0.036987,0.015345,0.333605,3.536928,20.009038,10.833360,3.447864,2.737386,178.433409,5.210111,1.073618,0.025585,0.975757
-0.035968,0.015504,0.331424,3.228646,20.009057,10.832860,3.448738,2.749311,178.513557,5.252311,1.073015,0.025958,0.976321
-0.034711,0.014845,0.342234,2.623676,20.001327,10.833363,3.442784,2.715618,178.460304,5.043189,1.073549,0.025074,0.975429
-0.037962,0.014298,0.345080,3.617661,19.994730,10.833412,3.445309,2.720041,178.251463,5.233260,1.073120,0.025843,0.975706
-0.036306,0.015671,0.332076,2.929221,20.009100,10.916580,3.447164,2.731088,178.256033,5.300216,1.071474,0.025598,0.973998
-0.035193,0.014769,0.346083,3.444916,20.009423,10.833340,3.444756,2.743692,178.252779,5.181117,1.071382,0.024164,0.974614
-0.036333,0.015257,0.316670,3.285307,20.009135,10.833422,3.447226,2.734636,178.202779,5.168875,1.070009,0.023493,0.973190
-0.034366,0.015489,0.337114,3.299395,20.009105,10.833333,3.447472,2.739427,178.322402,5.168797,1.063930,0.024529,0.975041
-0.034412,0.015589,0.314498,3.037859,20.009255,10.833462,3.446468,2.743731,178.443163,5.217809,1.067806,0.025143,0.975578
-0.031603,0.015147,0.261445,3.014300,20.008933,10.833493,3.445648,2.733230,178.525352,5.017617,1.071572,0.024899,0.975271
-0.036710,0.014920,0.308600,4.476479,20.009042,10.749955,3.443981,2.753988,178.537259,4.961102,1.069137,0.024567,0.976341
-0.032434,0.015726,0.306795,3.727869,20.008820,10.750113,3.449649,2.727747,178.523504,4.937941,1.071513,0.024359,0.976149
-0.038897,0.015543,0.324761,3.316236,20.009148,10.833370,3.449780,2.746175,178.471029,5.220981,1.070201,0.024965,0.975387
-0.035932,0.015959,0.321737,2.933391,20.008723,10.916618,3.449411,2.750639,178.413876,5.057896,1.071477,0.024736,0.973801
-0.033018,0.014308,0.312069,2.818864,20.009368,10.833540,3.443052,2.741353,178.258608,5.180901,1.073761,0.025586,0.975967
-0.033013,0.014917,0.342687,3.766995,20.009515,10.833323,3.444616,2.736713,178.150432,5.137804,1.073473,0.025340,0.975671
-0.037291,0.015878,0.308118,3.419987,20.009455,11.000080,3.450212,2.720639,178.164511,5.319742,1.073398,0.026136,0.973738
-0.035760,0.015295,0.326729,3.554323,20.009412,10.833403,3.447220,2.729831,178.150778,5.090276,1.073307,0.024863,0.975333
-0.034270,0.015814,0.337700,2.653675,20.009638,10.999998,3.446928,2.731185,178.178730,5.087944,1.073262,0.023714,0.971341
-0.034222,0.015258,0.350303,3.322460,20.009592,10.833438,3.447367,2.739423,178.152348,5.101752,1.073142,0.023360,0.973868
-0.034285,0.015244,0.299462,2.370278,20.009357,10.833282,3.447818,2.751250,178.134758,5.087862,1.072941,0.024208,0.974586
-0.035897,0.015066,0.340359,3.260944,20.009585,10.833470,3.445840,2.737525,178.116202,5.083650,1.071933,0.025113,0.975136
-0.037061,0.015487,0.333200,3.468997,20.009270,11.000027,3.449323,2.744082,178.101219,5.236224,1.071604,0.025947,0.973626
-0.035681,0.015072,0.345299,2.748017,20.009308,10.833550,3.447282,2.739338,178.083383,5.072160,1.072465,0.025240,0.975583
-0.033393,0.015590,0.312295,3.399565,20.009500,10.833527,3.447709,2.738986,178.063206,5.055372,1.072859,0.025119,0.975536
-0.033226,0.015711,0.334161,3.171437,20.009465,10.833473,3.446016,2.735100,178.103967,5.068070,1.073090,0.025181,0.975486
-0.036270,0.015817,0.334318,2.749133,20.009180,11.000055,3.445933,2.752180,178.190448,5.261575,1.069639,0.025869,0.973491
-0.034570,0.015376,0.323751,2.448231,20.009227,11.000000,3.445021,2.753659,178.319063,5.264439,1.070933,0.026021,0.973732
-0.037585,0.015770,0.330519,4.033104,20.009353,10.833252,3.448384,2.730648,178.356343,5.098565,1.064735,0.024977,0.974686
-0.037680,0.014907,0.323609,2.859290,20.009140,10.833403,3.445223,2.752609,178.287396,5.110935,1.067208,0.025017,0.974354
-0.035910,0.014768,0.335196,2.751110,20.009323,10.833457,3.445315,2.737566,178.144411,5.066336,1.069285,0.024051,0.974298
-0.032857,0.015659,0.322432,3.833467,20.009307,10.916577,3.448209,2.734700,178.025875,5.143483,1.064400,0.025273,0.974252
-0.035493,0.015741,0.300077,3.319092,20.009377,10.916787,3.449113,2.742032,177.984937,5.305466,1.069242,0.025869,0.975044
-0.032579,0.015596,0.313510,3.189640,20.009577,11.000158,3.449453,2.750107,178.126729,5.215292,1.072956,0.025667,0.973288
-0.035741,0.015384,0.337636,2.824624,20.009390,10.833477,3.448322,2.739158,178.321123,5.046815,1.071946,0.024429,0.974975
-0.033680,0.015293,0.335557,2.880774,20.009568,10.833230,3.444496,2.756558,178.448921,4.893675,1.073483,0.024338,0.974712
-0.034326,0.015553,0.311303,3.119931,20.009213,10.833312,3.448950,2.729650,178.508880,5.131579,1.071110,0.025336,0.975751
-0.032879,0.015372,0.336900,2.962697,19.998398,10.750165,3.447072,2.719132,178.447169,4.825117,1.072230,0.023995,0.975541
-0.033937,0.015201,0.305343,3.265219,20.009053,10.749950,3.446027,2.738018,178.518131,4.828120,1.068616,0.023570,0.975102
-0.037093,0.015257,0.319589,2.884291,19.996698,10.833463,3.444917,2.725142,178.352611,5.139980,1.071595,0.024730,0.974852
-0.034188,0.015166,0.306187,3.148285,20.009790,10.833478,3.445483,2.728650,178.364401,5.121951,1.072209,0.023907,0.973937
-0.034524,0.014857,0.342910,2.634163,20.009473,10.833327,3.446061,2.726845,178.085672,5.057228,1.073076,0.025233,0.974330
-0.035276,0.015537,0.352126,2.945243,20.002423,10.833397,3.446824,2.722229,177.913978,5.014691,1.072622,0.024949,0.975255
-0.032524,0.014822,0.330800,2.850777,20.009390,10.833423,3.445993,2.730701,177.939239,4.991899,1.072829,0.024686,0.974793
-0.035479,0.015200,0.325945,4.227759,20.009560,10.833330,3.446439,2.726820,177.913022,4.970247,1.072807,0.024383,0.974773
-0.036457,0.015979,0.313583,4.372600,20.009672,10.916757,3.450148,2.735627,177.896357,5.252445,1.072772,0.025733,0.974872
-0.036068,0.014871,0.318551,2.777187,20.009530,10.916598,3.444741,2.731080,177.872626,5.257522,1.072658,0.026000,0.974726
-0.034343,0.015806,0.339028,2.953017,20.009635,10.916717,3.448274,2.733633,177.857903,5.217685,1.072570,0.025678,0.974834
-0.036270,0.015771,0.365549,2.541371,20.009810,11.083313,3.448578,2.725558,177.859843,5.202116,1.071491,0.025716,0.972005
-0.036809,0.015852,0.349674,3.476125,20.009885,10.999947,3.449522,2.751901,177.844726,5.292951,1.072529,0.025284,0.972817
-0.034727,0.015889,0.312950,4.483804,20.009530,11.000005,3.449339,2.728683,177.881980,5.101859,1.072248,0.024030,0.971706
-0.033342,0.015363,0.348536,3.193079,20.009497,11.083348,3.448284,2.734863,177.931562,5.213866,1.072223,0.024529,0.970557
-0.037057,0.015002,0.307314,4.176998,20.009750,10.916558,3.445381,2.749160,177.982691,5.245059,1.070293,0.023351,0.972591
-0.033472,0.015335,0.341402,4.076051,20.007100,10.833420,3.447161,2.734790,178.069224,4.942525,1.070849,0.024610,0.975058
-0.030992,0.016177,0.308929,3.691061,20.009452,11.000092,3.451364,2.726251,178.198934,4.944047,1.071749,0.024589,0.972211
-0.031750,0.015572,0.322088,3.483946,20.009467,10.833387,3.446583,2.740600,178.131768,4.968075,1.072079,0.024588,0.975028
-0.036913,0.015288,0.315331,3.041223,20.009700,11.000025,3.446704,2.758235,177.977698,5.107957,1.072661,0.025170,0.972621
-0.036441,0.016177,0.319413,4.064242,20.009492,10.916625,3.449265,2.752312,177.821221,5.216464,1.068653,0.025617,0.974665
-0.035077,0.014594,0.351467,2.532154,20.009783,10.916693,3.445942,2.717176,177.825387,5.199736,1.068745,0.025539,0.974580
-0.036309,0.015582,0.294656,2.960950,20.009612,10.916637,3.449388,2.751066,177.784008,5.154550,1.066099,0.025374,0.974469
-0.031984,0.015922,0.343118,3.061380,20.009723,10.916637,3.451563,2.738373,177.885560,4.972352,1.065919,0.024544,0.973496
-0.035611,0.015372,0.246169,4.051854,20.009600,10.916670,3.447628,2.732372,178.001698,5.212864,1.067909,0.025237,0.974279
-0.031274,0.015561,0.280848,3.688553,20.009858,10.916828,3.448537,2.724986,178.105064,5.000049,1.068539,0.023934,0.973015
-0.033918,0.014732,0.292433,2.810596,20.009808,10.833403,3.442980,2.727535,178.116369,4.921802,1.071532,0.023780,0.973989
-0.034988,0.014996,0.338816,3.162283,19.997008,10.833435,3.445398,2.718094,177.988684,4.947703,1.072103,0.024091,0.974557
-0.032855,0.015798,0.316712,3.127923,20.007212,11.000077,3.446573,2.710413,178.065347,5.095083,1.072407,0.024893,0.972568
-0.034679,0.015776,0.308996,3.186653,20.000160,10.916665,3.448522,2.724729,177.947489,4.961937,1.071924,0.024347,0.973412
-0.033257,0.016493,0.338217,2.779010,19.991538,10.999907,3.450081,2.705746,177.669260,5.026050,1.071192,0.023581,0.971404
-0.035992,0.015366,0.330655,2.594192,20.009592,10.916653,3.447848,2.733582,177.722074,5.097831,1.065970,0.023088,0.972395
-0.034603,0.015803,0.333935,2.908218,19.991538,10.916773,3.450841,2.720123,177.545324,5.139420,1.069663,0.023568,0.972661
-0.034833,0.015867,0.319380,2.807101,20.009800,10.916772,3.450398,2.737518,177.718783,5.121853,1.069505,0.024683,0.973786
-0.032249,0.015179,0.362767,3.163829,20.009987,10.916812,3.447987,2.732785,177.724339,5.089925,1.063402,0.024149,0.973341
-0.036997,0.015682,0.351712,3.191691,20.009978,10.916758,3.448383,2.727608,177.683379,5.093673,1.069433,0.023835,0.972979
-0.033645,0.015717,0.315128,3.165859,19.996148,10.916712,3.450456,2.719846,177.542886,5.097206,1.067545,0.025242,0.974364
-0.036491,0.015248,0.354017,2.798216,20.010232,11.000160,3.447351,2.727407,177.647864,5.140583,1.070505,0.025410,0.973115
-0.034943,0.015642,0.363730,2.620887,20.009912,11.000042,3.448385,2.735306,177.632082,5.151130,1.071523,0.025577,0.973135
-0.034080,0.015505,0.342498,2.752991,20.009828,11.083322,3.446802,2.717370,177.655206,5.005729,1.071108,0.024912,0.971128
-0.036003,0.016585,0.372707,2.941277,20.009693,11.250097,3.449587,2.735483,177.693118,5.194087,1.071319,0.025702,0.969215
-0.033516,0.015592,0.316666,3.246321,20.010305,10.916693,3.448318,2.731980,177.700284,5.038581,1.071328,0.025035,0.974127
-0.035889,0.016063,0.326142,3.203742,20.009647,10.916692,3.450417,2.735922,177.757311,5.060118,1.071441,0.025074,0.974162
-0.034143,0.015901,0.332012,2.920063,20.009295,10.999868,3.450422,2.750879,177.880488,5.183587,1.071339,0.025328,0.973001
-0.036681,0.016082,0.360204,3.108690,20.004113,11.166717,3.447786,2.730672,177.897281,5.159557,1.071595,0.022904,0.968018
-0.035240,0.015431,0.352834,2.447064,20.009623,10.916637,3.447559,2.735042,177.797821,4.884081,1.071186,0.022993,0.971996
-0.037123,0.015821,0.317297,3.442886,20.009772,11.000055,3.449363,2.738198,177.646480,5.159649,1.069203,0.023560,0.971379
-0.034905,0.015591,0.357067,3.166991,20.009968,10.999938,3.448026,2.716215,177.584671,5.116319,1.069451,0.025316,0.972918
-0.034643,0.015856,0.339354,3.109060,20.009840,11.083285,3.448937,2.732968,177.563574,5.200984,1.071310,0.025677,0.971845
-0.035930,0.016015,0.332398,2.702260,20.009827,11.000118,3.448825,2.724212,177.596958,5.089533,1.066556,0.025252,0.972858
-0.033821,0.015597,0.324701,3.070214,20.005992,11.166622,3.448731,2.739968,177.724540,5.083283,1.071595,0.025185,0.970130
-0.034234,0.014800,0.354129,2.575685,20.009680,11.166753,3.443952,2.730831,177.854033,5.117185,1.068080,0.025282,0.969883
-0.034035,0.015393,0.329556,3.335588,20.005257,10.916783,3.445314,2.731796,177.876907,4.858756,1.052065,0.024121,0.973153
-0.033777,0.014985,0.319088,2.331047,19.998065,10.916730,3.445899,2.711979,177.804765,5.066029,1.058714,0.024907,0.973969
-0.035115,0.015245,0.356803,3.162544,20.006667,10.916717,3.447166,2.717035,177.880451,5.060448,1.062635,0.024568,0.973691
-0.033415,0.015409,0.349397,3.513777,20.009865,11.083400,3.445733,2.731138,177.881188,5.008277,1.065214,0.024391,0.970768
-0.033425,0.015118,0.324356,2.503512,20.010060,10.916690,3.446258,2.725628,177.809687,5.044968,1.067567,0.024459,0.973582
-0.033959,0.015734,0.357958,2.967219,20.009990,11.000057,3.448408,2.728129,177.571832,5.062260,1.071322,0.025193,0.972749
-0.039015,0.015991,0.352918,2.814467,20.010240,11.166635,3.449775,2.731758,177.541154,5.218042,1.070653,0.025789,0.970690
-0.031416,0.015681,0.325256,3.231167,20.001800,10.916702,3.449921,2.723599,177.469750,4.954638,1.070112,0.024629,0.973581
-0.032965,0.016635,0.347102,2.369123,20.009988,10.916695,3.451775,2.744680,177.520557,4.963323,1.069861,0.024519,0.973501
-0.034379,0.015858,0.349470,2.845784,20.009985,10.916722,3.450192,2.734181,177.490183,4.953401,1.067445,0.023813,0.972816
-0.037622,0.015793,0.343302,2.851634,20.010650,11.000145,3.448770,2.741678,177.470807,5.231015,1.067891,0.024253,0.971487
-0.037828,0.015552,0.327601,2.973805,20.010040,11.000100,3.449043,2.724319,177.451895,5.240412,1.071016,0.022223,0.970136
-0.037376,0.015575,0.362540,2.616183,20.009022,10.999998,3.449648,2.723091,177.421304,5.236572,1.070932,0.023852,0.971650
-0.034829,0.015305,0.340194,2.857038,20.010330,11.000143,3.446270,2.728963,177.414366,5.004108,1.070913,0.023834,0.971138
-0.037613,0.016008,0.367191,2.959286,20.010123,11.000015,3.450003,2.734729,177.402307,5.209124,1.070835,0.025579,0.973168
-0.035387,0.016346,0.367418,2.871157,19.998323,11.000103,3.453257,2.700426,177.280840,5.206389,1.069096,0.025621,0.973188
-0.035489,0.015472,0.332612,2.884808,20.007963,11.000105,3.449273,2.722983,177.382816,5.193387,1.070435,0.024717,0.972101
-0.032124,0.016442,0.305205,2.369024,19.998193,11.166840,3.451224,2.719500,177.390547,4.953244,1.070072,0.023780,0.968014
-0.035614,0.016171,0.351413,2.983987,20.007653,11.166777,3.449889,2.747114,177.556040,5.192065,1.070635,0.025261,0.970142
-0.032813,0.015600,0.335410,3.236356,19.997998,10.916770,3.447448,2.731221,177.386456,4.904584,1.069948,0.024358,0.973378
-0.038705,0.016428,0.355865,3.160299,20.010303,10.999965,3.450981,2.743275,177.370389,5.179598,1.070096,0.025588,0.973206
-0.032929,0.016090,0.308353,2.913732,20.010423,11.083497,3.449549,2.726537,177.439878,5.035119,1.070269,0.024534,0.970760
-0.033749,0.016193,0.352998,2.838499,20.010408,11.083373,3.449818,2.742956,177.424328,4.989468,1.069909,0.023096,0.969447
-0.033470,0.015081,0.315627,2.659863,20.010243,11.083343,3.447715,2.737984,177.363626,5.214030,1.069939,0.023990,0.970386
-0.031524,0.015800,0.283887,4.817300,19.995887,11.083380,3.447444,2.700543,177.293954,5.001925,1.068399,0.024817,0.969716
-0.031648,0.016140,0.346728,2.790884,19.998810,11.166567,3.449587,2.729835,177.551490,4.931000,1.066622,0.024221,0.968691
-0.035926,0.015672,0.333775,3.484316,20.010175,10.916655,3.449082,2.728575,177.657112,4.881950,1.066285,0.024161,0.972399
-0.034070,0.014828,0.331907,2.429900,19.994647,11.000165,3.446106,2.714350,177.579486,4.960120,1.064268,0.024538,0.971839
-0.035623,0.015648,0.348611,2.868330,20.010233,11.083270,3.446336,2.740975,177.772413,5.083691,1.069097,0.025125,0.971444
-0.035127,0.016485,0.347363,2.518182,20.010382,11.250060,3.449524,2.748168,177.809893,5.055319,1.068517,0.024965,0.968220
-0.036541,0.016038,0.353564,2.694345,20.006017,11.083178,3.448833,2.724061,177.790068,4.870622,1.070774,0.024129,0.970477
-0.033368,0.015305,0.334681,3.200126,20.010498,10.916685,3.444784,2.730110,177.630005,4.880940,1.068970,0.023537,0.972695
-0.033549,0.015365,0.348105,2.918878,20.010497,11.000058,3.447758,2.746342,177.374717,4.909149,1.069573,0.024057,0.971639
-0.037867,0.015731,0.361485,2.669906,19.986605,11.000093,3.448366,2.723897,177.147971,5.100012,1.069022,0.025075,0.972759
-0.034282,0.016454,0.333955,3.058964,20.004313,11.083302,3.450180,2.719203,177.275873,5.173982,1.070136,0.025505,0.971748
-0.033189,0.016435,0.367801,2.990428,19.951870,11.166700,3.452457,2.709512,177.182404,5.032998,1.069367,0.024337,0.969213
-0.037499,0.015572,0.336177,2.604300,20.000530,11.000040,3.448123,2.727795,177.294697,5.044855,1.069829,0.023867,0.971575
-0.033344,0.016265,0.363282,2.925735,19.977417,11.000030,3.452216,2.747620,177.268910,5.034031,1.064630,0.023239,0.970999
-0.035322,0.015913,0.362854,2.902305,19.948767,11.000050,3.449560,2.718539,177.159011,5.046197,1.067118,0.023866,0.971623
-0.034685,0.016407,0.365826,2.690495,19.991585,10.999935,3.452134,2.732368,177.246309,5.014070,1.067027,0.024378,0.972175
-0.034135,0.015325,0.339974,3.041030,19.954853,11.083427,3.446204,2.708503,177.088877,5.123235,1.069310,0.023158,0.969632
-0.033410,0.015973,0.333254,4.417845,19.978483,11.000077,3.450232,2.734128,177.204209,5.004439,1.069831,0.024099,0.971818
-0.031379,0.015273,0.345408,3.038494,19.971153,11.000015,3.448967,2.729850,177.194326,5.009074,1.069742,0.024799,0.972393
-0.034548,0.016152,0.364992,2.778854,20.005228,11.083283,3.449841,2.725342,177.174135,5.057497,1.069610,0.024828,0.971260
-0.032368,0.016304,0.344415,2.706735,19.987067,11.166640,3.450779,2.750504,177.215339,4.950955,1.069876,0.024568,0.968401
-0.033100,0.016863,0.393597,2.794684,20.001598,11.416762,3.451546,2.735011,177.116191,5.015722,1.069522,0.024637,0.964219
-0.038045,0.015740,0.340216,2.601142,19.996585,11.166762,3.449936,2.730457,177.090709,5.147569,1.068428,0.025241,0.970139
-0.035056,0.015883,0.352258,2.582580,19.996165,11.083433,3.448370,2.736478,177.159551,5.107157,1.066744,0.025192,0.971434
-0.031377,0.014964,0.336774,3.008373,19.969240,10.999907,3.447169,2.744818,177.146530,4.966770,1.068858,0.024650,0.972437
-0.035583,0.015010,0.350283,2.769806,19.981998,10.999972,3.446710,2.732184,177.136206,4.983365,1.069137,0.024736,0.972345
-0.032357,0.015550,0.336542,2.811619,19.961482,10.999867,3.447335,2.728076,177.149538,4.935450,1.069191,0.024516,0.972223
-0.033687,0.016028,0.370298,2.571390,19.962397,11.083373,3.451385,2.718819,177.200791,5.029945,1.069607,0.024917,0.971203
-0.036191,0.015538,0.372763,3.036107,19.981642,11.166683,3.448905,2.731113,177.253904,5.104376,1.069642,0.024539,0.969383
-0.031329,0.016338,0.340772,3.028969,20.006977,11.083482,3.450360,2.728164,177.281985,4.856550,1.068351,0.023395,0.969407
-0.033861,0.016008,0.332746,2.971636,19.994390,11.000000,3.451383,2.719934,177.288824,4.897064,1.069187,0.024289,0.972422
-0.035064,0.016027,0.351638,3.562125,20.010335,11.083242,3.448093,2.738117,177.304399,5.065275,1.062872,0.025019,0.971316
-0.034202,0.016229,0.349099,4.677840,19.993827,11.166723,3.450780,2.731368,177.119212,4.945375,1.064032,0.024472,0.969388
-0.034206,0.015581,0.341410,2.463729,19.958693,10.999960,3.448169,2.725858,177.258886,4.943117,1.064624,0.024490,0.972303
-0.031911,0.015489,0.339301,2.870795,19.925593,11.000082,3.447748,2.741270,177.086690,4.925370,1.069029,0.024375,0.972053
-0.032299,0.016059,0.353726,2.942694,19.914570,11.083443,3.451071,2.730066,177.099418,4.998325,1.068396,0.024783,0.971001
-0.034419,0.015298,0.354784,2.915326,19.960138,11.000068,3.449478,2.730419,177.079927,4.903991,1.069280,0.024359,0.971958
-0.035662,0.016358,0.311780,3.073744,19.953682,11.000063,3.451622,2.732332,177.068398,4.916072,1.069301,0.024343,0.971947
-0.034455,0.015645,0.343237,2.922632,19.931277,11.000065,3.450809,2.706811,177.040655,4.894860,1.069297,0.024266,0.971932
-0.036463,0.016734,0.364959,3.010953,20.004510,11.000093,3.454687,2.741125,177.020210,4.889146,1.069348,0.024104,0.971718
-0.033412,0.016451,0.370824,3.081495,19.894805,11.000012,3.451906,2.725410,177.008850,4.877455,1.067988,0.023631,0.971269
-0.033323,0.015967,0.347855,3.678050,19.913028,10.999962,3.451460,2.721345,176.991410,4.864742,1.067579,0.023813,0.971546
-0.037827,0.016508,0.370574,2.847780,19.986362,11.083445,3.452239,2.715956,176.949122,5.155938,1.067286,0.024968,0.971253
-0.037947,0.016153,0.328512,2.811639,19.950330,11.083263,3.450313,2.724208,176.956100,5.155286,1.066166,0.025151,0.971444
-0.034145,0.016061,0.371292,3.259920,19.896012,11.083290,3.451688,2.732869,176.939753,5.123915,1.066992,0.024013,0.970529
-0.033170,0.016085,0.370085,3.240781,19.924358,11.083480,3.450256,2.726035,177.063406,4.912574,1.068386,0.024309,0.970591
-0.032768,0.014975,0.309276,3.182812,19.923322,11.000212,3.445859,2.734171,177.513639,4.889617,1.067971,0.023480,0.970525
-0.032180,0.015379,0.342944,2.935319,20.010135,11.083348,3.445828,2.731612,177.780452,4.653751,1.068484,0.021257,0.967717
-0.032251,0.015757,0.307801,3.589719,20.010245,10.916805,3.446829,2.732506,177.795586,4.707753,1.067339,0.021854,0.969950
-0.031693,0.015984,0.319054,3.415542,20.006750,10.916682,3.450271,2.720532,177.726741,4.676981,1.066978,0.022498,0.971199
-0.032147,0.015138,0.359358,2.627842,20.010695,11.000103,3.446579,2.747556,177.708724,4.749532,1.066917,0.022763,0.970594
-0.031671,0.016107,0.329910,3.032287,19.974440,11.083275,3.448082,2.732780,177.693080,4.822317,1.064525,0.023762,0.970287
-0.030459,0.015460,0.331109,3.238158,20.004667,10.916680,3.447013,2.738477,177.786794,4.677084,1.064398,0.023208,0.972313
-0.032812,0.015952,0.308438,3.243705,19.989917,10.916587,3.449756,2.745737,178.029296,4.704997,1.069531,0.023237,0.972515
-0.029718,0.015899,0.323467,2.469616,20.007922,10.916620,3.447283,2.715808,178.230019,4.506149,1.068712,0.022371,0.971708
-0.033529,0.015275,0.328336,2.820715,20.010013,10.999943,3.444793,2.734161,178.390306,4.678338,1.070261,0.023102,0.970887
-0.033292,0.015874,0.249713,4.783052,19.989668,10.999907,3.447297,2.715574,178.289533,4.675605,1.069080,0.022913,0.970965
-0.034624,0.015293,0.339207,3.604728,20.010213,10.916888,3.445299,2.755302,178.581273,4.624537,1.070328,0.022820,0.972069
-0.030892,0.015554,0.331386,3.088583,20.010337,11.000028,3.444954,2.731100,178.599905,4.496030,1.070021,0.021904,0.969556
-0.033104,0.015787,0.321769,2.743727,20.005440,10.902977,3.445001,2.718290,178.562026,4.401575,1.066859,0.020987,0.969548
-0.032622,0.014919,0.336915,2.864067,20.010260,10.981818,3.441991,2.741120,178.406642,4.669117,1.067934,0.022941,0.970650
-0.032237,0.015945,0.356548,3.734647,20.009958,11.083510,3.446876,2.730009,178.186186,4.696184,1.069565,0.023136,0.969685
-0.033022,0.015788,0.343912,2.829980,20.010213,11.083323,3.447219,2.739987,177.895420,4.625362,1.067507,0.022913,0.969393
-0.035531,0.016010,0.336735,3.052011,19.991880,10.916597,3.449872,2.731434,177.537027,4.635220,1.066274,0.022993,0.972114
-0.034014,0.016079,0.362930,3.009836,19.948333,11.000060,3.447437,2.741313,177.638280,4.681435,1.067782,0.023203,0.970969
-0.032779,0.016053,0.338097,2.294683,19.969343,10.999943,3.447127,2.740593,177.583004,4.885053,1.069140,0.024131,0.971862
-0.035936,0.015519,0.354923,3.468791,19.920352,10.999922,3.446066,2.722585,177.550517,4.858663,1.069055,0.023855,0.971691
-0.034872,0.014895,0.304211,2.978336,20.003210,10.999928,3.445064,2.743255,177.547036,4.862180,1.069032,0.023097,0.970928
-0.031964,0.015914,0.321484,2.960942,20.003057,10.999972,3.448960,2.713881,177.492825,4.863318,1.067397,0.023619,0.971409
-0.033729,0.015827,0.338052,3.364203,19.917093,11.083410,3.448919,2.729970,177.386157,4.936432,1.064579,0.023809,0.970243
-0.032490,0.015817,0.341427,2.409573,19.961905,11.166738,3.447768,2.744072,177.550468,4.824113,1.066661,0.023648,0.968521
-0.031524,0.016285,0.362782,2.973554,19.967142,11.166807,3.449261,2.741510,177.524247,4.763949,1.065248,0.023566,0.968685
-0.032606,0.015475,0.337021,3.161944,19.984888,11.000065,3.447782,2.729473,177.538051,4.811634,1.067322,0.023361,0.971234
-0.030820,0.015873,0.365236,2.794984,20.010575,11.000000,3.450514,2.720155,177.640760,4.604061,1.068304,0.022430,0.970209
-0.033693,0.015471,0.345493,2.331242,19.954937,11.000003,3.447990,2.734024,177.631091,4.851305,1.069017,0.023894,0.971683
-0.030764,0.014815,0.353606,2.693021,19.971743,11.000025,3.444169,2.751042,177.543940,4.805480,1.067722,0.023720,0.971284
-0.034454,0.015151,0.364022,2.574083,19.967970,11.083453,3.444612,2.747814,177.484606,4.875000,1.060735,0.024060,0.970524
-0.030766,0.016539,0.358205,2.424271,19.971342,11.166730,3.450994,2.734611,177.443200,4.752713,1.067492,0.023421,0.967930
-0.030555,0.016184,0.353561,2.827631,19.955903,11.166638,3.449456,2.731641,177.391771,4.693445,1.064875,0.023055,0.967332
-0.032559,0.015525,0.333242,2.922383,19.974995,11.000053,3.449267,2.734392,177.580333,4.754113,1.064997,0.022994,0.970318
-0.031889,0.016419,0.357339,3.298963,19.985657,11.166643,3.450152,2.726652,177.486007,4.780224,1.066067,0.022568,0.967405
-0.033468,0.014857,0.329849,2.903476,19.998028,10.999985,3.442759,2.732424,177.794521,4.619161,1.067714,0.022357,0.969944
-0.031073,0.015344,0.314727,2.755038,20.010778,10.916677,3.445418,2.719191,177.990039,4.558373,1.068217,0.022522,0.971758
-0.031366,0.015188,0.325702,3.030138,19.986975,10.537242,3.445123,2.730640,178.042217,4.529314,1.068787,0.022253,0.971524
-0.030887,0.015944,0.339429,3.099941,20.004718,10.999880,3.447241,2.731076,178.090674,4.436508,1.068987,0.021867,0.969698
-0.032819,0.015168,0.307306,3.608907,20.010655,10.916698,3.443982,2.738551,178.144251,4.567438,1.069183,0.022604,0.971563
-0.032187,0.016028,0.326956,3.479029,20.010793,10.253035,3.447104,2.734451,178.095288,4.367428,1.068886,0.021402,0.969369
-0.036424,0.015815,0.352438,3.171437,19.980470,10.432798,3.446866,2.728509,177.791258,4.687200,1.068321,0.022606,0.969067
-0.033881,0.015719,0.323369,3.225929,20.003993,11.083317,3.448858,2.721456,177.652723,4.672601,1.068433,0.022380,0.967753
-0.032422,0.015926,0.355958,2.601352,19.958227,11.249963,3.447225,2.727603,177.551266,4.804735,1.064517,0.023207,0.966878
-0.030766,0.015940,0.339225,2.709705,19.945958,10.999950,3.448181,2.740347,177.451890,4.673526,1.067716,0.021902,0.969939
-0.035754,0.016038,0.357697,3.611171,20.001478,11.000145,3.449263,2.739913,177.390584,4.648102,1.067621,0.020988,0.969091
-0.035008,0.015619,0.335917,2.746041,19.929832,11.083402,3.448313,2.719796,177.348413,4.733177,1.067556,0.023410,0.969922
-0.030910,0.015363,0.280783,3.243632,19.914473,10.871342,3.448061,2.741555,177.329556,4.623767,1.067579,0.022914,0.970802
-0.030261,0.015633,0.338039,2.833609,19.919088,11.000055,3.446984,2.731141,177.333820,4.652560,1.067950,0.023031,0.970703
-0.030246,0.015451,0.369457,3.105363,19.929813,11.000135,3.446246,2.746897,177.356563,4.643804,1.065499,0.023007,0.970236
-0.032882,0.016038,0.337000,2.671628,19.899010,11.000022,3.449145,2.736329,177.370950,4.619267,1.065336,0.022914,0.970293
-0.031625,0.015384,0.344575,2.869546,19.951545,11.000018,3.447782,2.734278,177.376922,4.649362,1.062938,0.022959,0.967916
-0.030392,0.015141,0.332927,2.888095,19.877825,11.000077,3.444488,2.726340,177.399028,4.642933,1.059442,0.022854,0.969195
-0.036289,0.015778,0.351456,2.577376,19.908580,10.615405,3.448183,2.732367,177.469250,4.594773,1.065357,0.022269,0.967913
-0.031310,0.016908,0.341962,2.872807,19.890143,11.083342,3.449842,2.730460,177.554649,4.546537,1.068113,0.022428,0.968225
-0.033715,0.016128,0.362720,2.582723,19.914635,11.083442,3.449710,2.738378,177.492879,4.786552,1.068003,0.023583,0.968075
-0.031675,0.016095,0.357532,3.234187,19.919835,11.166785,3.448420,2.741179,177.396236,4.829336,1.067903,0.023750,0.968209
-0.041477,0.017854,0.385241,2.358325,19.870813,10.004295,3.451966,2.736973,177.236248,4.754407,1.067300,0.023273,0.958845
-0.036054,0.016259,0.365902,2.663748,19.861812,10.631003,3.451588,2.737429,177.200119,4.782447,1.067421,0.023257,0.965730
-0.031440,0.016686,0.377572,2.912050,19.891770,11.666668,3.451194,2.733462,177.277112,4.794224,1.067591,0.022743,0.958296
-0.028843,0.019011,0.413882,2.817068,19.945242,12.249955,3.454528,2.738752,177.516481,4.872756,1.068155,0.022867,0.949309
-0.033339,0.016234,0.376697,2.829111,19.894613,11.250020,3.448998,2.736691,177.645312,4.703183,1.066739,0.021058,0.962053
-0.027078,0.016646,0.378496,2.957479,19.985663,11.416665,3.446915,2.744428,177.804658,4.476535,1.049909,0.020099,0.960906
-0.029462,0.016297,0.367644,2.583869,19.954835,11.333383,3.448104,2.731302,177.886727,4.583586,1.048781,0.021414,0.963258
-0.038103,0.015732,0.333715,3.985254,19.990057,10.176032,3.447412,2.747642,177.875052,4.571453,1.040978,0.022489,0.970369
-0.031471,0.016620,0.333449,3.647147,20.005905,11.250173,3.447439,2.746332,177.953948,4.512984,1.054728,0.022337,0.965209
-0.033106,0.015694,0.323194,3.206505,20.010617,10.647528,3.445877,2.743886,177.931986,4.352952,1.066333,0.021530,0.970783
-0.035124,0.015762,0.324617,2.735227,19.912833,10.657272,3.444537,2.739441,177.791252,4.634944,1.063672,0.022348,0.969991
-0.034544,0.016130,0.337471,3.118079,19.918023,10.261195,3.447626,2.732083,177.522217,4.534452,1.066134,0.022353,0.970172
-0.031984,0.015669,0.340982,3.025323,19.865688,11.166680,3.447123,2.727144,177.375516,4.683715,1.067434,0.023089,0.968274
-0.035649,0.017068,0.371932,2.215720,19.874692,11.333278,3.450716,2.738272,177.272446,4.867269,1.063288,0.023844,0.965557
-0.031220,0.016528,0.352595,3.129640,19.890243,11.333410,3.448890,2.744812,177.214175,4.644016,1.064746,0.022906,0.961492
-0.031803,0.016910,0.351864,3.439729,19.867358,11.583310,3.451272,2.740956,177.175056,4.908285,1.065211,0.024035,0.960694
-0.035643,0.015804,0.339222,2.981793,19.850015,11.249903,3.447841,2.738324,177.134381,4.723011,1.063678,0.023023,0.965567
-0.031789,0.016044,0.363767,2.428011,19.838460,11.166670,3.447364,2.727455,177.106349,4.865669,1.065826,0.023228,0.968262
-0.036390,0.015570,0.317977,3.180487,19.818807,11.166725,3.446604,2.748547,177.116339,4.852424,1.061987,0.022937,0.967990
-0.028990,0.016206,0.364715,2.723717,19.856558,11.166760,3.448043,2.745123,177.152909,4.600729,1.059448,0.020332,0.965677
-0.030687,0.015599,0.359556,2.515420,19.861132,11.048113,3.448845,2.729929,177.139375,4.617634,1.057762,0.021570,0.966374
-0.030324,0.015835,0.342139,2.813477,19.831210,11.083477,3.447982,2.746255,177.215410,4.727804,1.044954,0.023210,0.969175
-0.034851,0.015186,0.335545,3.000290,19.857610,11.083343,3.446636,2.716011,177.235256,4.730568,1.060559,0.022879,0.969385
-0.034483,0.015353,0.362585,2.390658,19.884760,11.083158,3.447222,2.740657,177.399377,4.759154,1.054829,0.023207,0.969673
-0.035936,0.015937,0.312480,3.304818,19.885868,10.897995,3.449203,2.716658,177.414089,4.730178,1.042656,0.022902,0.969502
-0.033218,0.015802,0.360612,2.784116,19.884273,11.082602,3.447399,2.728647,177.205668,4.756382,1.066295,0.022996,0.968889
-0.031998,0.015259,0.322641,3.100988,19.847988,11.083372,3.447833,2.730379,177.040005,4.688596,1.064721,0.023039,0.968492
-0.030359,0.017140,0.379090,2.338713,19.829542,11.372683,3.450384,2.748987,177.117580,4.602989,1.065673,0.022582,0.962408
-0.034397,0.017294,0.362250,2.850237,19.792102,10.596468,3.452441,2.722302,177.003295,4.546391,1.066479,0.022027,0.961477
-0.031709,0.016439,0.368293,2.164566,19.843840,10.841075,3.449195,2.751960,177.122198,4.528524,1.062942,0.022453,0.966881
-0.032173,0.015649,0.313781,3.419051,19.864002,11.027740,3.447140,2.741279,177.332456,4.713866,1.055616,0.023128,0.969260
-0.035814,0.015551,0.368473,2.712923,19.865825,11.250068,3.446561,2.738913,177.501664,4.676005,1.066964,0.022877,0.966233
-0.033225,0.015859,0.364686,3.444925,19.922762,11.083367,3.448520,2.719969,177.589271,4.620326,1.064580,0.022572,0.968760
-0.035533,0.016362,0.341116,3.048635,19.872223,11.173212,3.449331,2.747318,177.638993,4.654230,1.043833,0.022498,0.963656
-0.032606,0.015222,0.317205,3.184323,19.872075,11.000185,3.444542,2.736855,177.673303,4.432852,1.056040,0.021643,0.969385
-0.030819,0.016301,0.330955,2.521890,19.923878,11.000008,3.449473,2.728870,177.670916,4.449130,1.066906,0.021526,0.969505
-0.031853,0.015576,0.333566,3.067735,19.924412,11.000062,3.446752,2.723913,177.630493,4.446005,1.066276,0.021844,0.968325
-0.031975,0.015913,0.332794,3.591447,19.846478,10.999953,3.445986,2.723335,177.289775,4.420777,1.065971,0.021910,0.969420
-0.033406,0.016314,0.355074,2.953606,19.874082,11.083563,3.449970,2.731687,177.191107,4.648547,1.066135,0.022957,0.969499
-0.034852,0.015649,0.355413,2.926756,19.798178,11.083443,3.447710,2.740288,177.041510,4.606507,1.063805,0.022762,0.969281
-0.031509,0.015651,0.327104,2.681263,19.830432,11.083453,3.447786,2.723129,176.946106,4.582020,1.063795,0.022617,0.968998
-0.033881,0.016496,0.355897,3.105474,19.776707,11.064498,3.451032,2.720382,176.889114,4.568651,1.064927,0.022673,0.968468
-0.035857,0.016512,0.336130,3.854614,19.758440,11.166708,3.450857,2.729465,176.880938,4.813392,1.063522,0.023689,0.968909
-0.030288,0.016203,0.348258,3.099618,19.790405,11.166653,3.448988,2.747865,176.873079,4.625347,1.064637,0.022927,0.967950
-0.044140,0.016704,0.356187,2.907775,19.702332,9.393293,3.451407,2.730715,176.689952,4.667504,1.051141,0.022895,0.968020
-0.034028,0.016492,0.343138,3.174845,19.794885,11.166695,3.451114,2.727600,176.857453,4.818668,1.062207,0.023804,0.968818
-0.031933,0.016964,0.349821,2.904029,19.838703,11.333387,3.452672,2.737272,176.882175,4.821720,1.054872,0.023683,0.965883
-0.030601,0.016443,0.347469,2.919428,19.803628,11.083453,3.450141,2.730028,176.894903,4.538587,1.056124,0.022501,0.968880
-0.030974,0.016228,0.346413,2.433151,19.779258,11.083402,3.449094,2.715710,176.901544,4.531865,1.054634,0.022473,0.968851
-0.030622,0.015900,0.359028,3.047995,19.754742,11.083330,3.447585,2.743256,177.019236,4.532860,1.040130,0.022495,0.968877
-0.031540,0.015872,0.333368,3.036563,19.756637,10.727832,3.448849,2.734035,177.104300,4.531161,1.056041,0.022400,0.968855
-0.033962,0.016196,0.330426,3.200396,19.812182,10.682595,3.450427,2.742561,177.034658,4.494665,1.064447,0.022251,0.968644
-0.030512,0.016197,0.352406,2.949545,19.786288,11.083315,3.449086,2.745982,176.928623,4.515375,1.063073,0.022359,0.967873
-0.033398,0.016231,0.361491,3.292644,19.751130,11.166747,3.449836,2.710081,176.672834,4.796191,1.063283,0.023590,0.967263
-0.033725,0.015904,0.344895,3.125505,19.807548,10.508143,3.447790,2.716148,176.785665,4.696796,1.065267,0.023161,0.967726
-0.035002,0.016391,0.351142,3.734808,19.763292,11.134358,3.451040,2.744732,176.802387,4.751899,1.060558,0.023417,0.967621
-0.032317,0.015914,0.321844,3.767179,19.749175,11.166825,3.449564,2.734721,176.943233,4.769622,1.061880,0.023478,0.966539
-0.032298,0.015295,0.340740,2.697405,19.799248,10.668948,3.445536,2.749053,177.053321,4.447132,1.060430,0.022037,0.967663
-0.039989,0.016258,0.345671,3.173726,19.714177,9.445333,3.450671,2.746205,177.046045,4.339861,1.062514,0.021476,0.968006
-0.040618,0.016197,0.362102,3.260316,19.695243,9.548495,3.448013,2.747571,177.095641,4.438476,1.063940,0.021858,0.967003
-0.032607,0.019345,0.432373,2.398156,19.743405,11.008210,3.454177,2.740327,177.233194,4.591197,1.065622,0.022613,0.949627
-0.029193,0.016457,0.405882,2.510187,19.826645,11.668252,3.449246,2.750882,177.282882,4.565920,1.065928,0.022408,0.957503
-0.035549,0.015061,0.324368,4.958776,19.765732,10.506735,3.445926,2.749820,177.229841,4.451476,1.064352,0.021291,0.967648
-0.035342,0.015726,0.320597,2.916480,19.758717,10.056733,3.448431,2.753640,177.181994,4.405760,1.059243,0.020941,0.967263
-0.030744,0.015543,0.358899,3.248949,19.779093,11.166702,3.446763,2.716492,176.995161,4.540196,1.064106,0.022220,0.966992
-0.030274,0.016049,0.348931,2.647277,19.738608,11.166645,3.447358,2.728575,176.880056,4.509834,1.065275,0.022117,0.967110
-0.032156,0.016424,0.384704,3.562411,19.746797,11.333517,3.450032,2.722815,176.779183,4.655417,1.065293,0.022610,0.964955
-0.030284,0.016682,0.334068,2.995342,19.771445,11.249980,3.451346,2.740175,176.714610,4.549648,1.065161,0.022550,0.966220
-0.035202,0.016570,0.391986,2.623769,19.721235,11.008080,3.450166,2.728353,176.667689,4.769833,1.064836,0.023445,0.962904
-0.030401,0.015958,0.338536,2.948201,19.696017,11.166778,3.452293,2.743948,176.688509,4.637402,1.064741,0.022584,0.967576
-0.031211,0.017122,0.388506,2.518778,19.708782,11.493423,3.449733,2.726575,176.662152,4.744770,1.064697,0.023118,0.959833
-0.032594,0.016465,0.362151,2.641900,19.670437,10.534397,3.449321,2.729501,176.600901,4.551758,1.063222,0.022268,0.960412
-0.034210,0.018067,0.403815,2.914288,19.739550,11.241157,3.453155,2.751743,176.602554,4.777200,1.054758,0.022835,0.958178
-0.031412,0.016364,0.378544,2.294839,19.751600,11.250075,3.447893,2.745710,176.581539,4.763983,1.063283,0.022965,0.965299
-0.031753,0.016301,0.375488,2.799282,19.740685,11.250017,3.450853,2.732824,176.540205,4.665670,1.063972,0.022174,0.965884
-0.029484,0.018575,0.409075,2.525366,19.765437,11.916157,3.452196,2.717428,176.599064,4.636587,1.060767,0.021343,0.952218
-0.033110,0.016696,0.385449,2.631425,19.705257,11.491655,3.449127,2.709903,176.496776,4.816511,1.060740,0.022918,0.961064
-0.031531,0.016990,0.344610,3.245659,19.739848,10.894740,3.452541,2.738310,176.508788,4.544416,1.064480,0.022508,0.967492
-0.034673,0.016557,0.379158,2.609596,19.673830,10.452477,3.451784,2.731819,176.432669,4.489415,1.059722,0.022239,0.966979
-0.031059,0.016287,0.394104,2.120700,19.700542,11.583392,3.452018,2.739408,176.513920,4.788341,1.063289,0.023593,0.961357
-0.030371,0.016666,0.382063,2.847313,19.734652,11.275377,3.452389,2.729510,176.483033,4.560400,1.062013,0.022561,0.962878
-0.031785,0.016537,0.370787,3.510464,19.776955,11.166638,3.448678,2.749578,176.453874,4.533686,1.060422,0.022491,0.966906
-0.044197,0.016042,0.372205,3.184519,19.658358,9.549548,3.447775,2.736651,176.444586,4.646084,1.063255,0.022898,0.966672
-0.031502,0.016503,0.338417,2.961552,19.754065,11.166643,3.452443,2.739685,176.749798,4.529223,1.059119,0.022444,0.966634
-0.033078,0.016128,0.354839,2.422922,19.759852,11.333348,3.448373,2.753130,177.031229,4.576242,1.063490,0.022568,0.964872
-0.031521,0.017541,0.386150,2.839651,19.801673,11.399845,3.451324,2.747180,177.216987,4.602978,1.060097,0.022700,0.958092
-0.033168,0.016430,0.347059,2.617535,19.824300,11.416647,3.446689,2.720357,177.282015,4.511859,1.057332,0.022153,0.963120
-0.035548,0.016724,0.365245,2.777626,19.841745,10.282838,3.446024,2.735630,177.391184,4.435383,1.061188,0.021483,0.962609
-0.037987,0.015908,0.343349,2.912960,19.818663,10.279527,3.445448,2.742877,177.430524,4.338626,1.041627,0.020870,0.967490
-0.032990,0.015185,0.337680,2.746809,19.816408,11.083370,3.444551,2.748386,177.461149,4.368998,1.061257,0.021092,0.967149
-0.034016,0.015797,0.325361,2.034822,19.840098,10.134783,3.447272,2.729190,177.285782,4.283690,1.064695,0.020496,0.962162
-0.032030,0.016764,0.359725,2.899309,19.800445,11.166765,3.450597,2.736144,177.023346,4.363546,1.064667,0.020479,0.962476
-0.033962,0.017002,0.381844,3.142707,19.739935,10.433615,3.449840,2.725584,176.727439,4.590390,1.063967,0.019677,0.957272
-0.030048,0.016161,0.351791,2.401058,19.733822,11.221753,3.448489,2.727149,176.511793,4.614736,1.063621,0.020884,0.962038
-0.042002,0.017026,0.327442,2.703353,19.770838,9.883338,3.451346,2.732903,176.475294,4.637017,1.063334,0.020745,0.964194
-0.031218,0.016543,0.366963,3.374493,19.702868,11.250075,3.449759,2.731459,176.477147,4.759502,1.063984,0.022925,0.966067
-0.032872,0.016713,0.354649,2.822610,19.731755,11.201333,3.452836,2.725692,176.347505,4.722212,1.055932,0.023085,0.966537
-0.032067,0.018605,0.442829,2.257822,19.711900,11.833385,3.455446,2.730642,174.468298,5.360768,1.050661,0.026308,0.957010
-0.031382,0.018355,0.455258,2.569685,19.539862,12.083410,3.459286,2.733090,174.363139,5.390115,1.058106,0.026116,0.954242
-0.033059,0.018167,0.486190,2.749380,19.341990,12.000137,3.459143,2.694665,172.583457,5.738616,1.056615,0.028295,0.958858
-0.036191,0.017385,0.495519,2.453663,19.313398,11.750105,3.459542,2.730240,174.553023,5.786561,1.056630,0.028634,0.960636
-0.031630,0.016850,0.430469,2.453282,19.526118,11.666753,3.453777,2.743016,174.005422,5.104431,1.061266,0.025265,0.959503
-0.032947,0.017416,0.365524,1.756822,19.561042,10.454597,3.454012,2.725493,175.648601,4.390271,1.051672,0.021711,0.955995
-0.028560,0.018680,0.500561,2.183585,19.604392,11.999928,3.457323,2.735391,175.455416,4.808182,1.055293,0.023769,0.950662
-0.031050,0.019712,0.477392,2.396978,19.617083,12.022578,3.459031,2.723897,175.497104,4.848379,1.062695,0.024046,0.945571
-0.034023,0.018188,0.461122,2.040333,19.570572,11.205022,3.457821,2.724009,175.519569,4.875308,1.061059,0.024076,0.950715
-0.034702,0.016981,0.416109,2.229954,19.549535,11.583325,3.454931,2.713044,175.508119,4.984551,1.060772,0.024210,0.959780
-0.032529,0.017296,0.399328,2.180100,19.627598,11.583280,3.456411,2.733235,175.570347,4.771382,1.062428,0.023532,0.960085
-0.035322,0.018933,0.441876,2.633449,19.625955,11.268288,3.458311,2.711777,175.500809,4.983582,1.062206,0.024209,0.954164
-0.030004,0.018036,0.446423,2.229064,19.605478,12.111937,3.454531,2.750038,175.563801,4.971102,1.062617,0.024583,0.952550
-0.030019,0.018947,0.479979,2.080533,19.589910,11.532830,3.456794,2.716136,175.541618,4.799268,1.061862,0.023764,0.950321
-0.037880,0.016363,0.360935,3.550418,19.562993,10.478852,3.450881,2.709270,175.687134,4.759518,1.062134,0.022925,0.962452
-0.030364,0.017887,0.440683,2.408102,19.649742,11.627293,3.455806,2.716403,175.748472,4.697644,1.058802,0.023304,0.955832
-0.032083,0.018417,0.448971,2.226904,19.625360,11.385557,3.453515,2.736170,175.924383,4.754197,1.059646,0.023519,0.950438
-0.034089,0.017765,0.399404,2.537251,19.646800,11.583265,3.455331,2.730917,175.971837,4.825401,1.062481,0.023778,0.961328
-0.034798,0.016620,0.390084,2.553501,19.640135,11.333515,3.450781,2.725202,175.869079,4.779476,1.061813,0.023513,0.965859
-0.035044,0.017157,0.376542,2.786437,19.664833,11.333260,3.453098,2.737206,176.049360,4.786203,1.061396,0.023585,0.965860
-0.035248,0.016882,0.401666,2.687990,19.582980,10.082812,3.451745,2.730038,175.833064,4.493777,1.062146,0.022259,0.963105
-0.033440,0.016289,0.351147,3.242735,19.579708,11.333332,3.451152,2.727870,175.495287,4.688889,1.060177,0.023100,0.965367
-0.031904,0.016694,0.375209,2.933579,19.617267,11.416623,3.452613,2.728797,175.431052,4.959711,1.057783,0.024433,0.965215
-0.032822,0.016305,0.380922,3.558001,19.667572,11.416802,3.451342,2.711919,175.361420,4.920006,1.060443,0.024272,0.965077
-0.033632,0.016494,0.381244,2.529495,19.555248,11.047232,3.452280,2.736135,175.347068,4.958217,1.061574,0.024438,0.963108
-0.031710,0.016805,0.409342,2.135154,19.636118,11.500028,3.453795,2.734722,175.367939,4.772161,1.061753,0.023674,0.962839
-0.027872,0.019840,0.455676,2.212433,19.622832,12.333380,3.458922,2.719477,175.409290,4.798651,1.061994,0.023822,0.949372
-0.031158,0.018805,0.453423,2.419521,19.607237,11.916833,3.459349,2.707844,175.183723,4.797350,1.057203,0.023604,0.956055
-0.029518,0.016838,0.427620,2.210167,19.593423,11.496320,3.452479,2.730639,175.342860,4.730154,1.052864,0.023487,0.959524
-0.031676,0.017723,0.470942,1.879428,19.652865,12.083355,3.453774,2.724658,175.366302,4.977163,1.051903,0.024557,0.949180
-0.030853,0.018228,0.463353,2.275716,19.591090,11.999975,3.454516,2.740001,175.363586,4.832062,1.054706,0.023088,0.949065
-0.033265,0.018796,0.397665,2.862615,19.559058,11.098698,3.458859,2.714103,175.198203,4.687549,1.036575,0.021606,0.950365
-0.032090,0.017654,0.425651,3.106711,19.564272,11.749990,3.455055,2.727274,175.354936,4.791966,1.053838,0.023813,0.957263
-0.030591,0.018104,0.452159,2.158058,19.628192,12.000137,3.454653,2.729483,175.480131,4.860798,1.061674,0.023457,0.952347
-0.030918,0.018200,0.441129,2.576832,19.607842,11.833393,3.455177,2.715963,175.340416,4.900932,1.060508,0.023727,0.956235
-0.033680,0.017213,0.418548,2.156656,19.624125,11.583363,3.454546,2.748733,175.317638,4.819149,1.056788,0.023856,0.959335
-0.035781,0.017138,0.382520,2.712871,19.537262,10.519430,3.454193,2.721250,175.257358,4.622650,1.058490,0.022904,0.959398
-0.036679,0.017291,0.422874,2.586938,19.611767,11.500163,3.453721,2.707230,175.157698,4.919456,1.058042,0.024249,0.961998
-0.029705,0.017926,0.424309,2.172779,19.594487,11.750020,3.455407,2.746112,175.314243,4.760312,1.056462,0.023576,0.957964
-0.029581,0.017823,0.422939,2.384759,19.600760,11.749780,3.455331,2.708576,175.164805,4.975752,1.059222,0.024535,0.958462
-0.028794,0.017996,0.392123,2.601848,19.625507,11.916687,3.454498,2.730006,175.488145,4.713423,1.060348,0.023288,0.951031
-0.030259,0.019373,0.462541,2.331986,19.623003,12.166787,3.457672,2.728724,175.591108,4.922559,1.043335,0.024307,0.951979
-0.031691,0.022372,0.566535,1.749748,19.592137,11.497493,3.461479,2.734526,175.643636,4.860568,1.054177,0.023770,0.932120
-0.036917,0.021363,0.527523,2.440032,19.574762,10.893463,3.459682,2.738487,175.629850,4.754937,1.061224,0.023342,0.940622
-0.027247,0.022342,0.569390,1.802999,19.652635,11.494665,3.460892,2.733886,175.646566,4.585709,1.055337,0.022676,0.934962
-0.027721,0.019396,0.502637,2.093401,19.648117,12.583253,3.455252,2.724118,175.579347,4.797238,1.045405,0.023521,0.944363
-0.031178,0.019060,0.442380,2.309460,19.635823,12.060278,3.455681,2.741839,175.591124,4.886520,1.031952,0.024138,0.952453
-0.028984,0.017715,0.411776,2.101787,19.675660,11.606698,3.456053,2.721369,175.347409,4.794331,1.037672,0.023595,0.952503
-0.038409,0.017850,0.389917,2.741224,19.536792,10.983847,3.458082,2.736956,175.231294,4.934584,1.060520,0.024323,0.961827
-0.045197,0.017385,0.418035,2.463127,19.454553,9.439058,3.455260,2.739896,175.122273,4.720456,1.056172,0.023255,0.958938
-0.032021,0.016968,0.410961,2.300109,19.606005,11.217443,3.454259,2.738747,175.182143,4.698166,1.060626,0.023301,0.960183
-0.041495,0.017348,0.412405,2.301594,19.519150,9.473225,3.454592,2.729136,175.067946,4.536993,1.044988,0.022437,0.960826
-0.033243,0.017813,0.384752,2.581858,19.534430,11.441545,3.457679,2.718976,175.072475,4.861307,1.054051,0.023990,0.960642
-0.030806,0.017657,0.405458,2.461397,19.526558,11.316630,3.455421,2.732391,175.111167,4.641836,1.048896,0.023005,0.960121
-0.032749,0.017268,0.427519,2.652817,19.521220,11.416660,3.455606,2.727604,175.102617,4.682035,1.055431,0.023163,0.963881
-0.028901,0.018159,0.461493,2.099318,19.568137,11.641920,3.454535,2.729382,175.099890,4.828386,1.051692,0.023853,0.954920
-0.036605,0.017406,0.412054,2.173220,19.475523,10.552648,3.454770,2.710493,174.897410,4.618137,1.054354,0.022893,0.959496
-0.032808,0.018184,0.407820,2.451232,19.651007,11.833325,3.455852,2.715648,175.097290,4.877196,1.058138,0.024074,0.957907
-0.033712,0.017811,0.413516,2.690868,19.499097,10.831780,3.458779,2.714030,174.899243,4.611930,1.056756,0.022878,0.962253
-0.034941,0.017357,0.388933,2.079768,19.565793,11.373355,3.454508,2.716508,175.085058,4.918242,1.060317,0.024257,0.963636
-0.030179,0.017557,0.434086,2.466822,19.573432,11.583385,3.456269,2.748689,175.194107,4.816939,1.059207,0.023831,0.961910
-0.028794,0.016808,0.411916,2.909893,19.543788,11.289080,3.454167,2.751596,175.148818,4.625382,1.059127,0.022950,0.963843
-0.029514,0.017409,0.415200,2.580868,19.597320,11.416812,3.454932,2.744935,175.064665,4.666104,1.056565,0.023146,0.963904
-0.030634,0.016475,0.401978,2.615779,19.502670,11.374468,3.450857,2.739671,175.074038,4.921694,1.049154,0.024317,0.963688
-0.032089,0.017035,0.390535,2.916356,19.537668,11.500005,3.453719,2.732079,175.078641,4.924191,1.054112,0.024304,0.963709
-0.030859,0.017296,0.412300,3.130125,19.593130,11.583400,3.455902,2.741461,175.065687,4.793766,1.057661,0.023695,0.961739
-0.031399,0.017081,0.438698,2.425515,19.566683,11.570997,3.454944,2.721475,175.109440,4.853795,1.049059,0.023852,0.960428
-0.034224,0.017292,0.384457,2.858587,19.556810,11.306263,3.456165,2.744087,175.318486,4.764779,1.038246,0.023563,0.960780
-0.033603,0.016985,0.416319,2.512724,19.589165,11.404160,3.453570,2.741096,175.483439,4.681889,1.037043,0.021521,0.959992
-0.036521,0.020934,0.496527,2.142660,19.557968,10.479400,3.457817,2.736192,175.541356,4.403704,1.045442,0.021672,0.940350
-0.028593,0.021296,0.547193,1.942275,19.570630,11.597373,3.458980,2.737098,175.645082,4.555250,1.054446,0.022021,0.936194
-0.040292,0.019903,0.505753,2.188411,19.482370,9.148463,3.459561,2.728838,175.552606,4.276719,1.058333,0.020765,0.943421
-0.033399,0.017406,0.406072,1.305218,19.524047,10.102615,3.450473,2.732967,175.597514,4.367957,1.059912,0.021272,0.955557
-0.031235,0.017497,0.407646,2.388042,19.572623,11.271028,3.454143,2.750426,175.635027,4.536026,1.055295,0.022302,0.957614
-0.033229,0.017427,0.360996,3.666675,19.606283,11.106300,3.453296,2.705095,175.363089,4.618049,1.060163,0.022622,0.959093
-0.029004,0.017424,0.379885,2.928990,19.574970,11.666788,3.453829,2.727246,175.094360,4.628684,1.060015,0.022953,0.959251
-0.029612,0.017221,0.387215,2.378418,19.601098,11.750108,3.452036,2.721518,175.069059,4.880908,1.059879,0.023999,0.959213
-0.030636,0.017961,0.406304,2.573513,19.594290,11.391812,3.458420,2.741146,174.977981,4.754906,1.059728,0.023131,0.958853
-0.029787,0.017028,0.405161,2.917060,19.554820,11.583467,3.454037,2.730189,174.922153,4.704035,1.058451,0.022755,0.959406
-0.033792,0.017551,0.419035,2.411265,19.553142,11.490605,3.456089,2.724174,174.886362,4.876685,1.054506,0.023719,0.960426
-0.030805,0.016893,0.419776,2.209011,19.562142,11.583418,3.453552,2.729979,174.921669,4.773976,1.042264,0.023427,0.959476
-0.025366,0.020370,0.489107,2.096740,19.537577,12.499635,3.461836,2.735822,174.964050,4.808285,1.047635,0.023778,0.942133
-0.027125,0.018418,0.441209,2.446110,19.501578,12.000007,3.457112,2.729821,174.935012,4.687520,1.049967,0.023105,0.953874
-0.031079,0.018749,0.486263,2.208170,19.466360,11.564270,3.455064,2.736732,174.897300,4.924688,1.047165,0.024302,0.949142
-0.033766,0.020557,0.523609,2.100082,19.477842,11.285873,3.460307,2.720866,174.872992,4.802299,1.056852,0.023689,0.941057
-0.039229,0.019203,0.437717,2.332076,19.436537,10.232633,3.458835,2.731816,174.820721,4.771248,1.055066,0.023521,0.953066
-0.033586,0.017927,0.434084,2.433543,19.480513,11.623747,3.458252,2.748468,174.866944,4.827173,1.059270,0.023778,0.956922
-0.033560,0.018908,0.461999,2.588150,19.455563,10.928985,3.458951,2.729306,174.888288,4.746596,1.058954,0.023321,0.953359
-0.028240,0.019028,0.478493,2.409152,19.557432,12.158882,3.457796,2.732326,174.927806,4.783220,1.059437,0.023689,0.951741
-0.029971,0.018444,0.471417,2.382687,19.513107,12.249910,3.457468,2.730205,174.927100,4.875007,1.057870,0.023636,0.950637
-0.030449,0.020025,0.491705,1.860632,19.496953,11.431013,3.460159,2.726414,174.931299,4.708903,1.058018,0.023176,0.944615
-0.027950,0.018988,0.467099,2.175743,19.611225,12.083355,3.456247,2.713226,174.952251,4.689084,1.059437,0.023259,0.951236
-0.030406,0.017357,0.425797,2.271998,19.522765,11.666690,3.456568,2.726346,174.902185,4.884762,1.059080,0.022644,0.959136
-0.039067,0.016487,0.406206,2.650642,19.444118,9.696827,3.451107,2.745791,174.834874,4.523925,1.057028,0.020323,0.959303
-0.030503,0.017655,0.410302,2.639497,19.538042,11.750003,3.454554,2.751226,175.065249,4.735173,1.059171,0.022418,0.956389
-0.036278,0.017632,0.423798,1.729827,19.447708,10.027815,3.453875,2.744342,175.117145,4.419263,1.058729,0.021834,0.957092
-0.035131,0.018376,0.457593,2.220150,19.514760,10.891290,3.455889,2.730904,175.231128,4.596141,1.048866,0.022700,0.951999
-0.032053,0.019384,0.395836,2.527669,19.512497,11.314517,3.456661,2.732764,175.267311,4.653497,1.027056,0.022971,0.952467
-0.032806,0.018608,0.446651,2.974248,19.576097,11.862737,3.454971,2.724488,175.280631,4.771266,1.046485,0.023504,0.951275
-0.031704,0.016953,0.402844,3.281440,19.588548,11.666748,3.453072,2.733010,175.240317,4.640935,1.057959,0.022916,0.959749
-0.030812,0.018116,0.428632,2.406086,19.554078,11.916602,3.454316,2.712480,175.140924,4.713463,1.057633,0.023211,0.955470
-0.033459,0.018291,0.417814,2.356801,19.491795,11.032552,3.457199,2.698438,174.704340,4.635127,1.054118,0.022980,0.956014
-0.029846,0.017116,0.436828,1.904762,19.512215,11.750052,3.453346,2.732208,174.845631,4.878526,1.047739,0.024045,0.953729
-0.032778,0.017905,0.474551,2.227498,19.510677,11.619415,3.456413,2.708922,174.725788,4.798240,1.049223,0.023619,0.952518
-0.029828,0.018433,0.436595,2.185641,19.535923,12.000168,3.455566,2.708492,174.858350,4.928093,1.058514,0.024319,0.950901
-0.032208,0.017933,0.439700,2.335118,19.548952,11.288198,3.454670,2.732950,174.835169,4.838103,1.058496,0.023837,0.950051
-0.034247,0.017594,0.431783,2.695279,19.560178,11.666725,3.455605,2.726447,174.811570,4.779910,1.058695,0.023596,0.958083
-0.034144,0.018459,0.406664,2.350132,19.578222,11.750140,3.455898,2.731468,174.879967,4.850924,1.057978,0.023905,0.959176
-0.029579,0.017602,0.418172,2.375134,19.488973,11.499973,3.455875,2.713460,174.632054,4.576594,1.057603,0.022726,0.960458
-0.031464,0.017398,0.411262,2.621589,19.545887,11.583318,3.455216,2.715348,174.780360,4.652775,1.052395,0.022961,0.960699
-0.036352,0.018015,0.428213,1.850861,19.464270,11.147812,3.456889,2.732030,174.731638,4.726525,1.045850,0.023248,0.954978
-0.033074,0.017089,0.395009,2.464207,19.490237,11.267223,3.456144,2.722231,174.715777,4.825789,1.056130,0.023780,0.961800
-0.030501,0.018120,0.407849,2.369021,19.462137,11.120645,3.456689,2.713172,174.630774,4.717432,1.056687,0.023323,0.957339
-0.031778,0.017467,0.412649,2.436075,19.459298,11.583340,3.455181,2.745400,174.670408,4.731814,1.047629,0.023384,0.959563
-0.033694,0.018069,0.432308,2.654999,19.434665,11.088658,3.456376,2.721651,174.642319,4.703508,1.056094,0.023258,0.957451
-0.032883,0.018308,0.452765,2.087935,19.432487,11.020913,3.455860,2.705976,174.623593,4.863046,1.056298,0.023950,0.955738
-0.032974,0.017014,0.411453,2.436947,19.477363,11.666737,3.453609,2.734795,174.783701,4.895541,1.043265,0.024153,0.959643
-0.031481,0.018366,0.458873,2.438560,19.498953,10.997580,3.455935,2.733513,174.730215,4.572301,1.046876,0.022676,0.951774
-0.032500,0.016999,0.444366,2.346444,19.481143,11.341202,3.453714,2.725364,174.722146,4.666211,1.056583,0.023102,0.957063
-0.037878,0.018117,0.430250,2.496913,19.454413,10.093098,3.456378,2.727641,174.614524,4.690206,1.054771,0.023029,0.956997
-0.031450,0.016872,0.391439,2.414087,19.543563,10.985278,3.452580,2.763877,174.598670,4.659294,1.055185,0.023074,0.960410
-0.032129,0.017446,0.426727,2.601298,19.478042,11.363307,3.455813,2.734179,174.635983,4.712024,1.057543,0.023260,0.960765
-0.030563,0.017150,0.431205,2.527087,19.483915,11.583338,3.454211,2.742914,174.692223,4.720515,1.049138,0.023303,0.961452
-0.031895,0.017246,0.440345,1.803673,19.520443,11.750032,3.457028,2.738707,174.716481,4.700078,1.052954,0.023225,0.958539
-0.032955,0.017265,0.429472,2.320682,19.438387,11.087432,3.453982,2.729907,174.666202,4.562697,1.053805,0.022527,0.959247
-0.030606,0.017156,0.431648,2.581363,19.502690,11.583462,3.451338,2.722424,174.612981,4.706550,1.057601,0.023201,0.961299
-0.029873,0.017606,0.429282,1.856620,19.496102,11.583458,3.457426,2.741077,174.604020,4.685773,1.057596,0.023147,0.960793
-0.038659,0.018305,0.408997,2.290399,19.405260,10.184970,3.455204,2.757009,174.582865,4.464017,1.053371,0.022047,0.952528
-0.035909,0.018498,0.457221,2.460455,19.415790,10.527455,3.456167,2.735170,174.585769,4.541789,1.046138,0.022231,0.952811
-0.034808,0.017107,0.433883,2.799141,19.411565,11.055225,3.453982,2.728526,174.631271,4.805880,1.029100,0.023327,0.956210
-0.033106,0.019060,0.487254,1.981892,19.455922,11.075825,3.454560,2.746317,174.639236,4.684131,1.010799,0.022985,0.943880
-0.029299,0.019373,0.490847,2.119017,19.429122,11.529988,3.460519,2.714421,174.436791,4.572207,1.031734,0.022697,0.947645
-0.030364,0.017485,0.389560,2.935145,19.449965,11.583398,3.455348,2.725587,174.623523,4.666905,1.057418,0.023099,0.957473
-0.036597,0.018346,0.461743,1.921200,19.404467,10.599027,3.457383,2.728462,174.532596,4.781375,1.055590,0.023600,0.954715
-0.029969,0.017585,0.401923,2.917838,19.455853,11.149947,3.454496,2.723754,174.384594,4.620253,1.054580,0.022875,0.960991
-0.030446,0.017281,0.420304,2.403833,19.532168,11.750032,3.454632,2.738200,174.562304,4.706640,1.056049,0.023302,0.958554
-0.031567,0.016840,0.374745,3.456645,19.544600,11.666798,3.452077,2.739021,174.528143,4.745145,1.057335,0.023418,0.958721
-0.032149,0.017158,0.413530,2.945669,19.510617,11.583268,3.453954,2.732221,174.520803,4.644810,1.053377,0.023027,0.956049
-0.030710,0.016934,0.415690,2.199150,19.464995,11.182242,3.452345,2.734076,174.486768,4.589586,1.056016,0.022731,0.956588
-0.037209,0.018140,0.431837,2.118207,19.504192,11.363570,3.456227,2.723601,174.449694,4.851609,1.049152,0.023927,0.957455
-0.032046,0.017882,0.463238,2.379583,19.411762,11.154045,3.455976,2.741272,174.468182,4.807214,1.055546,0.023626,0.955087
-0.032935,0.017778,0.406872,2.660932,19.416660,10.810908,3.455537,2.745842,174.486882,4.515522,1.053034,0.022369,0.958989
-0.029583,0.017594,0.427453,2.340342,19.466055,11.666652,3.456534,2.713578,174.398915,4.641403,1.040710,0.022981,0.958276
-0.034764,0.017698,0.422309,2.310154,19.454118,10.997875,3.455347,2.745928,174.472591,4.795131,1.049325,0.023629,0.957523
-0.030072,0.016567,0.411481,2.457383,19.474153,11.583388,3.451173,2.742414,174.524144,4.572440,1.055630,0.022646,0.960695
-0.030022,0.018195,0.417646,2.400487,19.461250,12.000018,3.455711,2.733823,174.535560,4.798206,1.056950,0.023647,0.954507
-0.029376,0.017539,0.402254,2.896053,19.463032,11.478590,3.455138,2.715131,174.469921,4.616576,1.056770,0.022841,0.958725
-0.032339,0.017698,0.425168,2.491428,19.465533,11.454198,3.455870,2.734916,174.424358,4.803880,1.056648,0.023706,0.959812
-0.034041,0.018212,0.391002,3.911992,19.464435,11.208395,3.454872,2.739343,174.514059,4.578331,1.056528,0.022674,0.957142
-0.033756,0.017487,0.430108,2.325635,19.422095,10.676048,3.455688,2.735562,174.557315,4.457801,1.056431,0.022093,0.957713
-0.028645,0.017758,0.412771,2.800000,19.485825,11.583288,3.455183,2.720761,174.621177,4.528248,1.056732,0.022429,0.960470
-0.029038,0.017968,0.461626,2.034085,19.507925,11.833255,3.454988,2.730019,174.625499,4.575862,1.056887,0.022649,0.956596
-0.031519,0.018549,0.447514,2.883324,19.496062,11.024000,3.457803,2.723711,174.522165,4.718470,1.054942,0.023256,0.956658
-0.031176,0.020016,0.485086,2.036824,19.471005,11.602973,3.461344,2.732942,174.481091,4.566253,1.055480,0.022660,0.944804
-0.033866,0.021843,0.543341,2.054993,19.387318,10.787092,3.459974,2.712589,174.387240,4.594981,1.055982,0.022684,0.939925
-0.034516,0.022006,0.600598,1.963506,19.345073,10.790518,3.462497,2.712701,174.394015,4.676791,1.054282,0.023203,0.931962
-0.028535,0.018164,0.455715,2.273776,19.450053,12.083395,3.454994,2.712371,174.440521,4.803282,1.055366,0.023554,0.953313
-0.030074,0.018407,0.406673,2.998552,19.539175,11.727313,3.458364,2.718630,174.446648,4.823253,1.029616,0.023783,0.956293
-0.035336,0.018361,0.458939,2.390912,19.359042,10.514530,3.458860,2.728246,174.395837,4.505842,1.023019,0.022299,0.954916
-0.030951,0.018124,0.392427,2.718538,19.429827,11.381570,3.458760,2.729868,174.443539,4.589037,1.053817,0.022714,0.958082
-0.033780,0.017386,0.423142,2.458818,19.454148,10.795075,3.455572,2.745888,174.386800,4.655172,1.051250,0.022951,0.959788
-0.036035,0.017156,0.413156,2.067391,19.442598,11.040188,3.455569,2.727953,174.393707,4.680116,1.053566,0.023071,0.959027
-0.030964,0.018352,0.431271,2.141958,19.468682,11.999977,3.456575,2.753794,174.432297,4.667112,1.044065,0.023069,0.951991
-0.028190,0.020332,0.535755,1.867078,19.433895,12.195640,3.460445,2.741049,174.430710,4.780911,1.047729,0.023535,0.942208
-0.033914,0.017801,0.463160,1.919458,19.443870,11.004388,3.453419,2.736979,174.357308,4.621524,1.050997,0.022834,0.952619
-0.029168,0.017760,0.463045,1.914339,19.498548,12.000073,3.454290,2.748188,174.397945,4.826552,1.055508,0.023653,0.947719
-0.036590,0.020845,0.555120,1.364655,19.411998,10.957453,3.460668,2.744846,174.357070,4.751852,1.055093,0.023185,0.930308
-0.032369,0.019913,0.511583,1.983160,19.471010,10.910680,3.459308,2.717156,174.258099,4.510898,1.050736,0.022249,0.942601
-0.028153,0.017967,0.433372,2.307109,19.463318,11.999945,3.454715,2.754572,174.312438,4.810848,1.040291,0.023518,0.953536
-0.034813,0.018455,0.444464,2.307892,19.414778,10.646017,3.459972,2.743603,174.320372,4.467820,1.033109,0.022040,0.955654
-0.032784,0.017716,0.424874,2.333681,19.409545,11.453762,3.456015,2.717468,174.353665,4.606660,1.051904,0.022434,0.954199
-0.030762,0.019219,0.487427,2.081879,19.447612,11.930147,3.456883,2.746447,174.401353,4.670538,1.016834,0.022910,0.940155
-0.027845,0.020743,0.522900,1.918381,19.462198,11.934418,3.460725,2.743280,174.374902,4.616746,1.045798,0.022700,0.941347
-0.030717,0.017128,0.402155,2.109690,19.473433,11.666833,3.453229,2.739882,175.233836,4.623809,1.053401,0.022625,0.958892
-0.029613,0.016945,0.431963,2.287429,19.433828,11.555302,3.454410,2.730949,174.220930,4.595805,1.044042,0.022718,0.959433
-0.028540,0.017263,0.399598,2.619454,19.505965,11.666650,3.454914,2.726873,174.280453,4.637722,1.038257,0.022979,0.958808
-0.037547,0.017973,0.374059,2.669703,19.372248,10.123927,3.455701,2.709884,174.229476,4.549837,1.034140,0.022457,0.957340
-0.028446,0.017652,0.409145,2.419749,19.458987,11.565590,3.454687,2.724439,174.319742,4.584373,1.048220,0.022652,0.958835
-0.032773,0.017596,0.440835,2.401962,19.423283,11.547067,3.456202,2.751566,174.307062,4.574911,1.055425,0.022598,0.958471
-0.029606,0.017135,0.433564,2.592772,19.492347,11.749928,3.452030,2.697818,174.255835,4.662059,1.046677,0.023014,0.957803
-0.030199,0.017589,0.412104,2.507047,19.415595,11.833315,3.454383,2.713131,174.141972,4.760810,1.052450,0.023440,0.957020
-0.031831,0.017698,0.430667,2.317992,19.479232,11.451478,3.454299,2.719770,174.173756,4.545183,1.049238,0.022501,0.958637
-0.033339,0.018935,0.428383,2.351169,19.379713,10.689497,3.458211,2.744511,174.203889,4.517140,1.035438,0.022366,0.953203
-0.033873,0.018519,0.469294,2.122476,19.370223,10.798978,3.457195,2.741397,174.207907,4.705108,1.034163,0.023146,0.954024
-0.029193,0.018686,0.438945,2.870030,19.526578,12.083418,3.457798,2.733184,174.285000,4.559017,1.040806,0.022523,0.950585
-0.027081,0.017774,0.451003,2.151920,19.463458,12.000075,3.455521,2.742075,174.274973,4.699880,1.051702,0.022758,0.953924
-0.029850,0.017976,0.405657,2.528320,19.500525,11.666747,3.455146,2.730565,174.245973,4.546276,1.046758,0.022000,0.955658
-0.029583,0.018216,0.420160,2.401389,19.517112,11.666828,3.459070,2.745096,174.241430,4.533363,1.053993,0.022456,0.955523
-0.029871,0.017980,0.463260,1.328778,19.429920,11.834457,3.457304,2.743475,174.260590,4.784957,1.055063,0.023232,0.946616
-0.029407,0.017625,0.422620,2.390756,19.487332,11.666592,3.457049,2.726064,174.232905,4.515891,1.053929,0.022185,0.958090
-0.032437,0.017268,0.464462,2.088399,19.388932,11.299022,3.452394,2.749360,174.156192,4.608165,1.052419,0.022806,0.954276
-0.032326,0.018000,0.402476,2.833854,19.450267,11.749998,3.458145,2.721318,174.182329,4.787325,1.051226,0.023622,0.958352
-0.032433,0.017864,0.450865,2.259540,19.429763,11.006747,3.456544,2.739678,174.155742,4.600011,1.044939,0.022645,0.955220
-0.033229,0.017618,0.449013,2.506896,19.407963,11.916780,3.454417,2.719298,174.124949,4.740312,1.023730,0.023179,0.955517
-0.030349,0.018160,0.452938,2.014424,19.420520,11.916597,3.456077,2.696948,174.065679,4.740597,1.049567,0.023213,0.952988
-0.037762,0.017839,0.467922,2.186962,19.382960,10.118925,3.456002,2.714376,174.012076,4.450708,1.053769,0.021625,0.951047
-0.032162,0.019463,0.460374,2.336808,19.447500,10.543360,3.459881,2.711930,174.060249,4.429728,1.050254,0.021921,0.949761
-0.039188,0.018013,0.419203,2.598799,19.356095,10.815608,3.457313,2.717914,174.098918,4.677250,1.045511,0.023022,0.958391
-0.031510,0.018182,0.443797,2.661174,19.465260,11.763075,3.454665,2.719419,174.164323,4.759297,1.051098,0.023432,0.954658
-0.031570,0.019886,0.477454,2.480110,19.467922,12.405037,3.461675,2.729215,174.262585,4.812903,1.053676,0.023694,0.947873
-0.038110,0.019159,0.450309,2.837194,19.400295,10.682068,3.456458,2.724685,174.063619,4.679636,1.052647,0.023052,0.950243
-0.033096,0.018335,0.437417,2.475913,19.401063,10.392935,3.456030,2.743273,173.956321,4.428097,1.048826,0.021840,0.954540
-0.037105,0.020159,0.460727,1.988606,19.297563,10.348575,3.461046,2.743372,173.965117,4.669621,1.050033,0.022987,0.943877
-0.039874,0.019843,0.508881,1.462601,19.281038,9.612237,3.458224,2.737701,173.996772,4.441467,1.050843,0.021883,0.941244
-0.029409,0.020500,0.518587,1.771398,19.342358,11.275577,3.460195,2.730308,174.138575,4.482510,1.051687,0.022154,0.944519
-0.028977,0.019382,0.453036,2.240692,19.408445,11.930705,3.458885,2.708758,174.049024,4.528960,1.047518,0.022371,0.947696
-0.031092,0.018783,0.434086,1.859217,19.405780,11.163985,3.458458,2.709849,174.106889,4.421018,1.045886,0.021878,0.949832
-0.036691,0.018160,0.457105,1.863890,19.357432,10.530417,3.453387,2.697270,174.035803,4.567041,1.041488,0.022524,0.951352
-0.029742,0.018204,0.439422,2.597950,19.517175,11.833407,3.454629,2.720594,174.144707,4.701646,1.054370,0.023181,0.955037
-0.029964,0.018152,0.444054,2.469748,19.473937,11.853112,3.457281,2.735054,174.064830,4.567298,1.054096,0.022624,0.954367
-0.031845,0.019064,0.452812,1.964906,19.402618,12.083308,3.458212,2.749787,174.068638,4.782618,1.050622,0.023535,0.953317
-0.031127,0.017791,0.462693,2.664373,19.430782,12.000065,3.452441,2.709606,173.982370,4.680481,1.046371,0.022986,0.953939
-0.031735,0.017658,0.424599,3.136194,19.421697,10.979477,3.456334,2.718605,174.039394,4.545564,1.040177,0.022420,0.956977
-0.032519,0.017650,0.430412,2.459284,19.459418,11.833367,3.455069,2.725454,174.077560,4.703645,1.051206,0.023102,0.956250
-0.031659,0.021444,0.547336,1.522471,19.400483,12.030172,3.462861,2.751698,174.109364,4.717773,1.048328,0.023164,0.939064
-0.027395,0.019575,0.504240,2.137115,19.402557,11.915803,3.458413,2.749358,173.999253,4.764030,1.052463,0.023524,0.947936
-0.026591,0.021116,0.548786,2.281056,19.499502,12.237092,3.463379,2.739272,174.170349,4.652872,1.054144,0.022953,0.938821
-0.033468,0.017774,0.425131,2.935943,19.423755,10.793467,3.454346,2.744217,174.226432,4.504038,1.053585,0.022205,0.954553
-0.035095,0.017697,0.423837,2.409914,19.422603,10.968943,3.455855,2.739423,174.313973,4.430872,1.051407,0.021885,0.955676
-0.032072,0.018964,0.487331,2.353242,19.408270,10.889983,3.456091,2.721127,174.375181,4.357984,1.052657,0.021557,0.944822
-0.034966,0.020706,0.490828,2.037300,19.364362,10.735315,3.461300,2.748688,174.425833,4.518903,1.028160,0.022253,0.941968
-0.029225,0.020784,0.538109,1.854424,19.401397,11.666327,3.459652,2.719521,174.376182,4.522436,1.053505,0.022247,0.938216
-0.031611,0.018312,0.429224,2.649786,19.475912,11.178642,3.455161,2.746458,174.463986,4.304074,1.054040,0.021148,0.957878
-0.036517,0.017921,0.410406,3.004009,19.357085,9.662657,3.453241,2.755128,174.373934,4.159197,1.052851,0.020597,0.957111
-0.029934,0.018550,0.436568,2.329913,19.435050,11.042655,3.457820,2.725818,174.259343,4.332214,1.020733,0.021392,0.956498
-0.034401,0.017679,0.409377,2.594927,19.455498,10.886737,3.452535,2.724474,174.345596,4.533209,1.026863,0.022281,0.957438
-0.036088,0.017483,0.405123,3.307648,19.363497,10.564263,3.455176,2.717340,174.278479,4.486821,1.046087,0.022043,0.957532
-0.030015,0.017621,0.437799,2.388233,19.440870,11.626710,3.455457,2.730533,174.305306,4.642508,1.048822,0.022577,0.955765
-0.037014,0.020614,0.541516,1.996657,19.369127,10.733078,3.459940,2.744967,174.446467,4.476681,1.031424,0.022116,0.936017
-0.031477,0.019959,0.520969,2.261110,19.391190,10.757715,3.454792,2.755124,174.698481,4.321479,1.026647,0.021302,0.937884
-0.036915,0.018451,0.453385,2.003102,19.392057,10.389457,3.452649,2.713906,174.768113,4.275370,1.036401,0.020938,0.946191
-0.037179,0.018766,0.408286,2.485851,19.432353,10.147342,3.454591,2.726478,175.098905,4.000122,1.050214,0.019767,0.953640
-0.041456,0.018631,0.398181,2.452091,19.312682,9.099847,3.454277,2.743577,175.167797,3.916817,1.053520,0.019320,0.953259
-0.029220,0.017989,0.393203,3.186101,19.534370,11.266195,3.450301,2.744160,175.360268,4.270285,1.054428,0.020912,0.952372
-0.029797,0.016841,0.411491,2.438261,19.515430,11.247833,3.449434,2.736244,175.381483,4.163032,1.051899,0.020432,0.957448
-0.033579,0.019077,0.472881,2.372962,19.511227,10.267877,3.452382,2.747532,175.407028,4.066767,1.049240,0.019726,0.942850
-0.037917,0.019375,0.424560,2.372355,19.437217,9.541180,3.455673,2.754744,175.165228,4.140542,1.052515,0.019712,0.947178
-0.040021,0.017095,0.402458,2.809478,19.417310,9.249048,3.451057,2.743066,174.831514,4.144581,1.044749,0.019935,0.956089
-0.041838,0.017517,0.405627,2.561772,19.461077,9.453205,3.453184,2.752302,174.525020,4.069705,1.046805,0.019068,0.956046
-0.031118,0.018309,0.440255,2.558555,19.527100,11.833300,3.455695,2.736921,174.380145,4.568774,1.048692,0.022155,0.956175
-0.029944,0.017459,0.428258,2.245284,19.403847,11.713250,3.453061,2.721233,173.979427,4.544251,1.051978,0.021790,0.955756
-0.039292,0.017847,0.412172,2.577832,19.296587,9.395643,3.455226,2.730291,173.948659,4.199742,1.052113,0.020757,0.956018
-0.029649,0.017884,0.420792,2.702454,19.385858,11.829115,3.454510,2.722192,173.983720,4.699350,1.052848,0.022821,0.956816
-0.031407,0.018129,0.397235,3.195504,19.385443,11.199475,3.457570,2.735494,173.911444,4.632608,1.050236,0.021964,0.955756
-0.036231,0.018165,0.437956,2.302386,19.401608,11.060857,3.455600,2.728291,173.876596,4.614062,1.039064,0.020030,0.953901
-0.034446,0.018948,0.453948,2.195047,19.322350,10.785528,3.460187,2.733238,173.845911,4.521762,1.043779,0.020855,0.948589
-0.037162,0.017258,0.366959,2.275561,19.308978,10.595002,3.454451,2.721412,173.780183,4.534650,1.049524,0.022255,0.953544
-0.029995,0.017982,0.437036,2.288464,19.407180,11.366995,3.458453,2.734401,173.889189,4.446893,1.052442,0.022005,0.954613
-0.033378,0.017196,0.416258,2.653179,19.341510,10.488043,3.453526,2.727629,173.844379,4.523609,1.052199,0.022215,0.954617
-0.035461,0.017438,0.446617,2.307000,19.302675,10.302757,3.456846,2.734601,173.819421,4.457686,1.051601,0.021957,0.955925
-0.033733,0.017532,0.465451,2.320157,19.378828,10.736673,3.455179,2.731002,173.810395,4.493499,1.047288,0.022169,0.956232
-0.032313,0.019022,0.457185,2.375090,19.343415,11.034445,3.459877,2.752346,173.846780,4.649950,1.048214,0.022912,0.951355
-0.029116,0.019082,0.453473,2.915576,19.365657,11.864012,3.456658,2.742707,173.938356,4.663430,1.050103,0.022945,0.952718
-0.032844,0.018477,0.451937,2.430373,19.347277,10.561213,3.458733,2.737569,173.911444,4.300053,1.050804,0.021035,0.955040
-0.026624,0.021557,0.540386,1.945458,19.401502,11.733727,3.460075,2.741005,173.977439,4.378520,1.041796,0.021638,0.937295
-0.032494,0.017579,0.442616,2.069381,19.357902,10.324585,3.452841,2.730453,173.998599,4.439645,1.049480,0.021880,0.951735
-0.026622,0.017313,0.430352,2.053369,19.408285,11.750102,3.451134,2.727331,174.252691,4.318562,1.051166,0.021352,0.955057
-0.030008,0.017985,0.455233,2.102872,19.427738,11.411720,3.454430,2.755882,174.414770,4.355000,1.046396,0.021440,0.952766
-0.029748,0.017751,0.423024,2.362420,19.391778,10.899427,3.452928,2.741930,174.522701,4.165533,1.044025,0.020593,0.954652
-0.037070,0.018512,0.456201,2.427156,19.360875,10.124203,3.454174,2.731230,174.528958,4.145981,1.041022,0.020064,0.947276
-0.033774,0.020176,0.519313,2.276321,19.344377,10.408827,3.453171,2.755401,174.608037,4.182416,1.048209,0.020478,0.935126
-0.028145,0.018258,0.451352,2.168789,19.438185,11.540053,3.452216,2.735862,174.681945,4.287530,1.045180,0.021102,0.945759
-0.039322,0.017277,0.391135,2.551770,19.376242,9.458823,3.451492,2.746053,174.570499,4.003032,1.041974,0.019734,0.954155
-0.035187,0.018113,0.423166,2.550440,19.345050,9.940863,3.453228,2.738640,174.404225,4.070444,1.045819,0.020124,0.952584
-0.033749,0.017879,0.394569,2.485152,19.389975,10.874252,3.453231,2.734941,174.212618,4.308364,1.041966,0.021274,0.953602
-0.035246,0.017256,0.436940,2.164500,19.326710,10.094463,3.451172,2.708699,173.750179,4.394191,1.032048,0.021589,0.954407
-0.035774,0.017135,0.437738,2.485234,19.310082,10.325930,3.451877,2.701383,173.655130,4.374190,1.048087,0.021559,0.955328
-0.027356,0.018278,0.430379,2.138744,19.412605,12.000020,3.456960,2.728686,173.772118,4.430838,1.021319,0.021934,0.951886
-0.028152,0.018262,0.441527,2.583376,19.402320,11.738272,3.457959,2.733157,173.710890,4.420601,1.029727,0.021931,0.951815
-0.030542,0.018408,0.405086,2.477522,19.337353,11.498895,3.458477,2.721345,173.653276,4.448347,1.041762,0.021984,0.947091
-0.032370,0.017875,0.414633,2.327961,19.306943,10.435955,3.455043,2.731707,173.575752,4.312114,1.048485,0.021370,0.952699
-0.027695,0.019192,0.465813,2.020890,19.436660,11.936368,3.457681,2.747159,173.626206,4.512671,1.046323,0.022327,0.950241
-0.032235,0.017341,0.447781,2.093764,19.330938,10.763407,3.454698,2.748059,173.576994,4.404210,1.039774,0.021771,0.954059
-0.036504,0.018803,0.445837,2.367202,19.340167,10.989417,3.458052,2.731857,173.564349,4.625523,1.031174,0.022776,0.954521
-0.034414,0.021612,0.549621,2.137551,19.342118,10.491192,3.461182,2.738332,173.547659,4.362145,1.050772,0.021577,0.936178
-0.031513,0.018891,0.472339,2.234388,19.307385,10.773655,3.458833,2.718352,173.540643,4.393522,1.048355,0.021766,0.950210
-0.031960,0.018181,0.428393,2.296027,19.417258,11.916797,3.456384,2.727206,173.562467,4.671775,1.018884,0.022952,0.955525
-0.030000,0.019429,0.477000,2.182657,19.369697,12.150908,3.456825,2.708924,173.416489,4.713641,1.022069,0.022678,0.946568
-0.029796,0.020034,0.492332,1.941548,19.356107,11.689597,3.458492,2.716485,173.514352,4.526623,1.044973,0.019981,0.939976
-0.032490,0.021049,0.546412,1.921072,19.386968,10.618552,3.463572,2.738541,173.463907,4.357030,1.050666,0.018434,0.935850
-0.032886,0.017342,0.444499,2.548888,19.304895,10.980508,3.452539,2.745669,173.440833,4.552228,1.045761,0.020857,0.953599
-0.034426,0.018585,0.425298,2.332902,19.351588,10.994488,3.460307,2.729002,173.429935,4.542538,1.044570,0.022330,0.954690
-0.033492,0.020502,0.536753,1.970464,19.291387,10.846178,3.463213,2.731535,173.453575,4.471227,1.045561,0.021336,0.939932
-0.036431,0.018926,0.463686,2.212518,19.227495,9.872792,3.454545,2.715413,173.556937,4.226759,1.048720,0.020861,0.946015
-0.033909,0.018781,0.449887,2.232685,19.376673,10.711298,3.457009,2.720041,173.724517,4.284803,1.037740,0.021066,0.949572
-0.032581,0.019749,0.455945,2.161903,19.337447,10.793452,3.458297,2.701762,173.874696,4.325310,1.040358,0.021289,0.943958
-0.030800,0.017978,0.413897,2.918636,19.380983,10.923890,3.455720,2.723842,174.115806,4.411380,1.026641,0.021636,0.953786
-0.032745,0.017880,0.430591,2.376350,19.411783,10.860813,3.454977,2.739147,174.160989,4.392492,1.041304,0.021592,0.953800
-0.030383,0.020208,0.477353,1.967092,19.375355,10.882953,3.457529,2.731843,174.202764,4.288369,1.044837,0.021104,0.940203
-0.031915,0.019048,0.443373,2.313232,19.358970,10.923623,3.455348,2.721514,174.197338,4.393235,1.008329,0.021016,0.945613
-0.032858,0.023323,0.604993,1.643405,19.329695,10.417593,3.459428,2.729922,174.170531,4.215572,1.038701,0.020237,0.925026
-0.036019,0.021283,0.560614,2.007784,19.346602,10.238302,3.457040,2.735478,173.946513,4.329447,1.044463,0.021125,0.933161
-0.032616,0.017792,0.426537,2.349503,19.312895,10.461580,3.454772,2.699260,173.607190,4.191631,1.044762,0.020617,0.953259
-0.028689,0.018173,0.454704,2.360386,19.434072,11.643722,3.454477,2.709534,173.512040,4.475394,1.048885,0.022085,0.951658
-0.027708,0.019966,0.508579,1.836116,19.325653,11.607760,3.459290,2.740931,173.511223,4.369567,1.035759,0.021650,0.945015
-0.038043,0.020662,0.547693,1.834352,19.298000,10.570845,3.461205,2.705775,173.299925,4.454977,1.039039,0.021907,0.939076
-0.035798,0.019210,0.458071,2.189664,19.286722,10.783197,3.457883,2.726115,173.390725,4.552167,1.045665,0.022391,0.944834
-0.028884,0.018198,0.448560,2.451953,19.367015,12.083425,3.454451,2.736943,173.417771,4.637658,1.050388,0.022827,0.951866
-0.027521,0.018935,0.450255,2.290878,19.395222,12.000135,3.457576,2.740658,173.411589,4.554409,1.050220,0.022400,0.949230
-0.030645,0.019888,0.462162,2.365428,19.385792,11.906640,3.459746,2.708948,173.210435,4.670986,1.040405,0.022966,0.946135
-0.032481,0.018343,0.450182,2.299412,19.324648,11.244368,3.458460,2.711643,173.135373,4.413149,1.045059,0.021634,0.954215
-0.037761,0.018021,0.461268,2.422741,19.278188,9.639472,3.455472,2.741838,173.299258,4.254418,1.048146,0.020972,0.953079
-0.036039,0.018726,0.498035,2.042936,19.254428,10.640538,3.455546,2.740906,173.331757,4.406559,1.037333,0.021732,0.944951
-0.030636,0.018266,0.471574,2.725063,19.365552,11.608788,3.456937,2.726949,173.359557,4.356923,1.036485,0.021548,0.951293
-0.034735,0.018378,0.436116,2.822985,19.350152,10.436230,3.455324,2.737079,173.279251,4.303172,1.049331,0.021232,0.953910
-0.027826,0.019670,0.527827,2.138632,19.309845,12.116752,3.458911,2.741941,173.330163,4.422006,1.049732,0.021603,0.943139
-0.030567,0.021592,0.594393,1.822975,19.294873,11.531053,3.459730,2.729533,173.272900,4.441053,1.039432,0.021985,0.935140
-0.034028,0.019348,0.520861,1.985346,19.327717,11.148913,3.458362,2.718831,173.250972,4.565218,1.040634,0.022484,0.942289
-0.027906,0.020300,0.545024,1.966935,19.366443,11.956777,3.460733,2.724883,173.258500,4.471079,1.049775,0.022137,0.941357
-0.035005,0.021710,0.572108,1.865378,19.329310,10.694088,3.462804,2.730179,173.190275,4.494471,1.043437,0.022145,0.936765
-0.031459,0.019329,0.448041,2.400314,19.328133,10.713038,3.461375,2.702739,173.189884,4.309469,1.045707,0.021340,0.949499
-0.033618,0.017714,0.444749,2.196271,19.365458,10.396000,3.453966,2.741058,173.416771,4.241976,1.048780,0.021014,0.953628
-0.031627,0.018559,0.476689,2.481311,19.289377,10.625205,3.454514,2.719515,173.553948,4.389020,1.039566,0.021634,0.948855
-0.034208,0.017363,0.444510,2.300583,19.325522,10.554763,3.453125,2.733971,173.643435,4.370351,1.030675,0.021428,0.952249
-0.034245,0.018572,0.452059,2.146362,19.290565,10.557417,3.455964,2.747216,173.707583,4.356272,1.018718,0.021325,0.948212
-0.035238,0.018621,0.480602,2.273652,19.303352,10.005682,3.456644,2.746357,173.798613,4.169601,1.037205,0.020445,0.944087
-0.033975,0.018006,0.428273,1.991123,19.399087,10.898157,3.453986,2.739570,173.874937,4.339516,1.044764,0.021293,0.949584
-0.040078,0.018365,0.465112,2.165897,19.351585,9.146445,3.454222,2.742924,173.737154,4.046660,1.048767,0.019919,0.950197
-0.031847,0.019221,0.430124,2.537899,19.413462,11.493862,3.460335,2.723074,173.730231,4.438303,1.047135,0.021797,0.953124
-0.034385,0.018444,0.417348,3.263129,19.315397,10.214307,3.454464,2.744904,173.404715,4.214704,1.047492,0.020829,0.951567
-0.033186,0.017801,0.426108,2.411872,19.324113,11.093350,3.453501,2.718550,173.054537,4.498573,1.048052,0.022068,0.951533
-0.035988,0.019201,0.506258,2.194779,19.274257,10.652757,3.457553,2.726371,173.068472,4.573821,1.048642,0.022482,0.947879
-0.028069,0.021255,0.541077,1.901489,19.319898,12.255938,3.462512,2.703616,172.964791,4.721030,1.044823,0.023252,0.939723
-0.031555,0.017772,0.444095,2.455922,19.330472,11.478857,3.455368,2.732914,173.005774,4.463665,1.042667,0.022110,0.953316
-0.033129,0.018649,0.449779,2.319063,19.273875,10.752768,3.459311,2.729495,172.950483,4.389034,1.045873,0.021739,0.953025
-0.027814,0.022317,0.555246,1.801760,19.317788,12.111577,3.465258,2.735460,173.000007,4.507019,1.047698,0.022295,0.935467
-0.041248,0.020143,0.525775,1.889998,19.192163,10.063940,3.456856,2.732900,172.889843,4.447485,1.042956,0.021871,0.940626
-0.038241,0.019039,0.474908,2.176564,19.255817,10.622167,3.457601,2.738958,172.870389,4.599072,1.034756,0.022614,0.949675
-0.032091,0.018722,0.471521,2.677311,19.262898,10.861403,3.457493,2.719305,172.709333,4.443675,1.042574,0.021965,0.951782
-0.028353,0.019680,0.496743,1.892098,19.279277,11.795755,3.458457,2.726289,172.893901,4.559926,1.042351,0.022473,0.947026
-0.036586,0.018119,0.480842,2.119430,19.291253,11.109872,3.457789,2.744950,172.864747,4.651800,1.033510,0.022928,0.952811
-0.035008,0.018641,0.463915,2.318984,19.244828,10.546923,3.457276,2.742517,172.830174,4.455625,1.047567,0.021916,0.950423
-0.029538,0.020838,0.568777,1.842991,19.334253,12.123687,3.463019,2.733191,172.877738,4.683496,1.044787,0.022603,0.936907
-0.030513,0.023654,0.660041,1.669499,19.255508,11.419893,3.464636,2.735325,172.852117,4.525856,1.045623,0.021827,0.925365
-0.036446,0.018950,0.462659,2.158961,19.236415,10.320375,3.459575,2.720837,172.789670,4.551822,1.046161,0.021888,0.950168
-0.035732,0.018276,0.461922,2.299985,19.306993,10.591310,3.455759,2.737870,172.770301,4.569259,1.042867,0.022476,0.951513
-0.029429,0.018602,0.481579,2.219528,19.287137,11.747982,3.455938,2.723499,172.777987,4.444219,1.045317,0.021734,0.949005
-0.037775,0.018362,0.449253,2.320581,19.277467,10.389307,3.456443,2.739344,172.799279,4.496604,1.045178,0.021630,0.945603
-0.035232,0.018952,0.478472,2.552764,19.266442,10.172702,3.457197,2.700016,172.909124,4.248129,1.047226,0.021038,0.946787
-0.044947,0.018330,0.443014,2.145443,19.154015,8.827843,3.456824,2.721806,172.992182,4.214598,1.028444,0.020761,0.948772
-0.036418,0.018748,0.447597,2.753776,19.257997,9.902522,3.458102,2.732958,173.209185,4.221297,1.036766,0.020839,0.951280
-0.028985,0.018208,0.461207,2.509782,19.352140,11.347508,3.455990,2.723137,173.355150,4.371318,1.047141,0.021311,0.952338
-0.033081,0.018293,0.465214,2.801811,19.316973,10.790170,3.457018,2.731677,173.337315,4.341088,1.048168,0.018746,0.947992
-0.032721,0.018196,0.449954,2.044100,19.328260,11.329583,3.454683,2.725621,173.277796,4.365828,1.034710,0.020760,0.951289
-0.036853,0.018381,0.459997,2.481026,19.344603,10.301448,3.456604,2.743054,173.162689,4.254193,1.042911,0.020995,0.951511
-0.034770,0.018051,0.460406,2.184101,19.291372,10.313917,3.454069,2.724491,173.036667,4.239394,1.045093,0.020914,0.952160
-0.033073,0.019133,0.445205,2.634390,19.373748,11.292418,3.457990,2.717964,172.879412,4.588559,1.044266,0.022546,0.951828
-0.039830,0.018030,0.459900,2.325753,19.164588,9.708322,3.456750,2.726090,172.680354,4.419975,1.038329,0.021725,0.951040
-0.030930,0.018542,0.417849,2.247279,19.301340,11.435492,3.455907,2.720206,172.647879,4.399196,1.043924,0.021230,0.949595
-0.038030,0.018832,0.489819,2.136286,19.240433,10.438243,3.457897,2.735162,172.656927,4.385941,1.044593,0.021660,0.948797
-0.042014,0.021916,0.545347,1.988688,19.253187,9.639432,3.464726,2.729736,172.603268,4.239632,1.019837,0.021049,0.937281
-0.040032,0.022916,0.642333,1.681909,19.119973,9.348107,3.465352,2.732585,172.582931,4.240008,1.013452,0.020696,0.926987
-0.034253,0.018815,0.473616,2.107078,19.229713,10.607523,3.456401,2.746788,172.628884,4.399553,1.046664,0.021576,0.946301
-0.032477,0.019767,0.508622,2.112186,19.251830,11.372802,3.460442,2.748567,172.660376,4.583745,1.044670,0.022511,0.941668
-0.034753,0.023336,0.627538,1.719953,19.197130,11.274002,3.466923,2.738956,172.659408,4.629093,1.047188,0.022782,0.931582
-0.031378,0.019390,0.483797,2.065310,19.254468,11.233475,3.459670,2.695491,172.424588,4.389804,1.042354,0.021666,0.947301
-0.036536,0.018416,0.486720,2.330538,19.237520,10.739562,3.454858,2.727502,172.599037,4.432843,1.043228,0.021868,0.950606
-0.036430,0.019847,0.517021,1.484537,19.211700,10.858225,3.457451,2.728976,172.584627,4.519909,1.045428,0.022282,0.938566
-0.028948,0.019939,0.513415,1.947765,19.287777,12.279855,3.459183,2.714640,172.572256,4.584765,1.045673,0.022648,0.939191
-0.037056,0.019222,0.474199,2.150981,19.254523,10.466887,3.458272,2.727920,172.639258,4.444887,1.046685,0.021933,0.950433
-0.032605,0.019677,0.504038,2.009105,19.249703,10.899285,3.457649,2.711387,172.661122,4.383945,1.044336,0.021653,0.944253
-0.029767,0.018868,0.475699,2.189089,19.337418,11.642792,3.457200,2.727431,172.620242,4.425972,1.042524,0.021893,0.951433
-0.027493,0.020924,0.494729,2.243163,19.325118,12.455668,3.462011,2.732073,172.639343,4.722476,1.047078,0.022945,0.940751
-0.029278,0.019102,0.458950,2.046990,19.378678,11.709118,3.459199,2.693361,172.518075,4.551737,1.046451,0.022459,0.949115
-0.035803,0.021018,0.520981,2.085321,19.206228,10.849975,3.462657,2.754362,172.573764,4.586562,1.046619,0.022112,0.940866
-0.030192,0.019540,0.545513,1.597162,19.253083,11.610738,3.457625,2.729949,172.801445,4.436875,1.042233,0.021443,0.937586
-0.031777,0.019580,0.521657,2.080759,19.215232,10.303870,3.457501,2.706720,172.857579,4.240778,1.024890,0.020928,0.942352
-0.034404,0.018633,0.453391,2.066064,19.339112,10.198930,3.456505,2.742803,173.166806,4.220327,1.016021,0.020499,0.944903
-0.034911,0.020110,0.500342,2.204968,19.204508,9.861352,3.458997,2.718670,173.076206,4.055846,1.035438,0.020030,0.941993
-0.031049,0.018519,0.467475,2.048546,19.273237,10.580063,3.454683,2.705169,173.176624,4.071397,1.042076,0.020123,0.947599
-0.031943,0.019790,0.469858,2.390944,19.308318,10.853852,3.457529,2.723644,173.266518,4.267965,1.028460,0.021022,0.942670
-0.030544,0.021771,0.544499,1.878696,19.349518,10.809433,3.464325,2.724603,173.274460,4.085088,1.042297,0.020202,0.937381
-0.040459,0.021316,0.532734,2.286956,20.000595,9.083228,3.460505,2.674312,172.436999,4.007340,1.048243,0.019528,0.940683
-0.028534,0.018881,0.458317,2.234207,20.015303,11.281118,3.458776,2.705043,172.542742,4.328386,1.047062,0.021438,0.949868
-0.028226,0.017741,0.486236,2.235353,20.009460,11.645767,3.454519,2.705570,172.552831,4.560152,1.047007,0.022490,0.950961
-0.029674,0.018337,0.466839,2.024370,19.892432,11.920332,3.458510,2.706397,172.550037,4.638488,1.046892,0.022833,0.951260
-0.037414,0.018662,0.468401,2.134846,19.521155,9.742295,3.458879,2.722919,172.416473,4.255626,1.045717,0.021062,0.949488
-0.034746,0.018141,0.487716,2.544715,19.512513,10.887425,3.456321,2.744461,172.462748,4.528526,1.044904,0.022350,0.950800
-0.031217,0.018024,0.447587,2.488143,19.519867,11.849397,3.455061,2.728519,172.499561,4.568505,1.045156,0.022542,0.951051
-0.043525,0.018826,0.471303,2.148445,19.373230,9.173372,3.459516,2.714252,172.364094,4.363740,1.045234,0.021462,0.950031
-0.036967,0.019173,0.467139,2.353955,19.320578,10.248055,3.460512,2.730297,172.364791,4.433103,1.045477,0.021847,0.950338
-0.036956,0.019176,0.453027,2.545122,19.329917,10.568682,3.459208,2.737304,172.427635,4.450314,1.045595,0.021783,0.950269
-0.043159,0.018651,0.478839,2.225214,19.201363,8.677670,3.458338,2.722381,172.367924,4.244305,1.044255,0.020903,0.949585
-0.030554,0.017897,0.484106,2.318052,19.416547,10.775713,3.455476,2.735153,172.419475,4.427274,1.045648,0.021885,0.950342
-0.033689,0.017966,0.469361,2.261379,19.357045,10.767637,3.456259,2.732244,172.397952,4.411623,1.043107,0.021801,0.950442
-0.037363,0.018694,0.494640,2.327288,19.234678,10.282158,3.458992,2.736612,172.368547,4.375651,1.045013,0.021614,0.950133
-0.029373,0.018752,0.499533,2.483874,19.414858,11.751993,3.458345,2.730008,172.433786,4.497262,1.042283,0.022205,0.950617
-0.032250,0.018811,0.482652,2.081640,19.267480,11.315088,3.457116,2.721569,172.398246,4.462903,1.045393,0.022069,0.950520
-0.035251,0.017989,0.474848,2.468428,19.293442,10.664863,3.457118,2.736354,172.631233,4.423787,1.045495,0.021767,0.950266
-0.037066,0.018826,0.460559,2.206367,19.300225,10.629648,3.455675,2.752569,172.813789,4.442736,1.045628,0.021872,0.950394
-0.030226,0.018009,0.462280,2.139682,19.413483,11.527587,3.453674,2.733919,173.046340,4.222941,1.046060,0.020881,0.950867
-0.035295,0.017888,0.444066,1.842821,19.370267,10.749248,3.454021,2.738968,173.129303,4.208468,1.046042,0.020737,0.950671
-0.028228,0.017458,0.459105,2.335498,19.426188,11.365912,3.453917,2.729682,173.209857,4.264027,1.046268,0.020986,0.950932
-0.037278,0.018239,0.454516,2.400203,19.312423,9.755142,3.454290,2.736466,173.148747,4.143697,1.045605,0.020367,0.950384
-0.033385,0.017726,0.448022,2.417334,19.405917,11.210500,3.451140,2.728614,173.166237,4.235054,1.045951,0.020863,0.950799
-0.029798,0.018460,0.452138,2.374647,19.361868,10.822793,3.455962,2.727419,173.001657,4.187095,1.045849,0.020796,0.950575
-0.035022,0.019026,0.450720,2.585984,19.320243,10.748252,3.457734,2.742625,172.662757,4.422766,1.045489,0.021430,0.950001
-0.034653,0.018507,0.462500,2.135658,19.356112,11.117740,3.456977,2.712617,172.441259,4.378958,1.045249,0.021580,0.950055
-0.026666,0.019098,0.471343,2.213230,19.305748,12.166805,3.458499,2.691902,172.273271,4.422122,1.044975,0.021914,0.950302
-0.028983,0.019193,0.475019,2.215062,19.288777,11.555352,3.457428,2.720288,172.329270,4.355572,1.045247,0.021572,0.949516
-0.029321,0.019125,0.490979,2.416284,19.314657,12.084000,3.461217,2.702980,172.177752,4.683658,1.044507,0.023089,0.950105
-0.033603,0.019167,0.482361,2.130466,19.300765,10.785012,3.460477,2.729271,172.284475,4.543260,1.044760,0.022339,0.949611
-0.034474,0.018832,0.490822,2.022151,19.265520,10.834468,3.459406,2.722816,172.259403,4.570198,1.044740,0.022517,0.949570
-0.032438,0.018328,0.490232,2.432530,19.242523,10.460337,3.457882,2.717116,172.188759,4.319693,1.043067,0.021361,0.948395
-0.039486,0.018704,0.484690,2.134754,19.190213,9.999843,3.459375,2.724255,172.185547,4.332239,1.044228,0.021389,0.947141
-0.032907,0.018578,0.478889,2.378303,19.267118,11.849373,3.459947,2.711698,172.233253,4.593694,1.044849,0.022589,0.949705
-0.037256,0.018738,0.482404,2.306893,19.213755,10.187370,3.457713,2.739742,172.172491,4.444324,1.044173,0.021842,0.949128
-0.029290,0.017985,0.481910,2.463735,19.272885,11.589560,3.454372,2.731619,172.213578,4.513213,1.044632,0.022285,0.949550
-0.033687,0.018405,0.462452,2.679325,19.222007,11.136922,3.457715,2.721120,172.096012,4.537295,1.043679,0.022351,0.949433
-0.029397,0.018269,0.471808,2.279653,19.269042,11.773630,3.454976,2.726333,172.379396,4.583934,1.044742,0.022588,0.949659
-0.036517,0.019606,0.450217,2.327060,19.255957,10.702767,3.460298,2.728715,172.351126,4.497845,1.044478,0.022110,0.949304
-0.035627,0.018006,0.448726,2.573483,19.209288,10.508673,3.457368,2.731332,172.251058,4.443094,1.044324,0.021981,0.949135
-0.030650,0.018825,0.430235,2.935515,19.278610,11.632080,3.459025,2.712301,172.175679,4.621440,1.044456,0.022747,0.948366
-0.032926,0.019019,0.447136,2.998452,19.236505,10.917532,3.459052,2.728340,172.149940,4.472273,1.043948,0.022034,0.949116
-0.040098,0.018784,0.470179,2.178557,19.172397,9.554048,3.460506,2.737614,172.056985,4.346684,1.043522,0.021399,0.948499
-0.033427,0.019149,0.467661,2.125124,19.226537,10.683502,3.459194,2.716517,172.244462,4.438862,1.043548,0.021849,0.948959
-0.035697,0.018909,0.473109,2.166662,19.194868,9.846437,3.457500,2.729309,172.618673,4.125130,1.044031,0.020401,0.948930
-0.034901,0.019040,0.451062,2.218069,19.289320,10.142865,3.456494,2.729377,172.895697,4.202011,1.044359,0.020661,0.949238
-0.037680,0.019298,0.423637,2.767563,19.240117,10.016403,3.456539,2.729044,173.083600,4.218173,1.044512,0.020707,0.949344
-0.033951,0.017888,0.435585,2.573792,19.284573,10.293905,3.454244,2.730521,173.189721,3.977947,1.044442,0.019635,0.949652
-0.041828,0.018599,0.429176,2.142807,19.317713,9.182495,3.455067,2.731202,173.269276,3.900652,1.035644,0.019194,0.949262
-0.035183,0.019220,0.440489,2.595873,19.330997,10.230742,3.456570,2.734861,173.360375,3.970312,1.044795,0.019589,0.949715
-0.033681,0.018174,0.426377,2.326975,19.451358,10.346613,3.452927,2.721062,173.388984,4.004448,1.044919,0.019705,0.949743
-0.040714,0.018216,0.443427,2.510037,19.274403,8.567315,3.454054,2.725495,173.066885,3.836309,1.044009,0.018884,0.948993
-0.031237,0.018170,0.463313,2.254356,19.333335,10.970835,3.453357,2.723359,172.787752,4.257557,1.044437,0.020906,0.949191
-0.029925,0.019584,0.473034,2.317750,19.257080,10.758740,3.457758,2.704786,172.398530,4.176998,1.043683,0.020655,0.949184
-0.033137,0.018840,0.482278,2.282118,19.253975,10.765395,3.457664,2.730187,172.297906,4.413148,1.043954,0.021713,0.948892
-0.036998,0.019081,0.487913,2.217184,19.203183,10.090667,3.461188,2.743285,172.169866,4.313863,1.043488,0.021278,0.948404
-0.035018,0.018881,0.475172,2.338136,19.224427,10.381967,3.457219,2.727248,172.139320,4.315988,1.040989,0.021303,0.948434
-0.034817,0.018520,0.485602,2.246130,19.216720,10.472440,3.457819,2.748870,172.136853,4.309890,1.042076,0.021281,0.948403
-0.042481,0.018552,0.478126,2.257182,19.079263,8.819828,3.458514,2.714407,172.049610,4.145198,1.042516,0.020442,0.947597
-0.037485,0.018999,0.429700,2.324867,19.174165,9.705542,3.457637,2.724496,172.106184,4.212902,1.042871,0.020806,0.947964
-0.037322,0.019394,0.453784,2.149309,19.167738,10.203488,3.458336,2.713320,172.124588,4.251398,1.043015,0.021014,0.948189
-0.043585,0.018766,0.490811,2.069638,19.065833,8.540515,3.458314,2.721160,172.030497,4.172424,1.042224,0.020538,0.946371
-0.031463,0.019047,0.462736,2.226734,19.277740,11.013390,3.458655,2.723840,171.455490,4.283189,1.043191,0.021198,0.948297
-0.033193,0.019447,0.514390,1.727000,19.228723,10.821158,3.462387,2.735929,170.758426,4.623779,1.040625,0.022894,0.947083
-0.037150,0.019609,0.545641,1.965165,19.118758,10.205408,3.463447,2.736633,169.619082,4.680585,1.040595,0.023231,0.945977
-0.029261,0.020721,0.566786,1.885600,19.085517,12.666658,3.469063,2.709346,169.699393,5.334169,1.040903,0.026455,0.946219
-0.035552,0.018600,0.491314,2.037740,19.159990,10.738680,3.460032,2.701621,170.954227,4.424189,1.042323,0.021715,0.947354
-0.026763,0.020154,0.548943,2.118202,19.173782,12.238388,3.464182,2.697728,169.702349,4.840681,1.036988,0.023998,0.946637
-0.029585,0.019687,0.559997,1.994810,19.113052,12.583358,3.461157,2.727662,170.287780,5.102657,1.041464,0.025283,0.946570
-0.030948,0.020049,0.524349,2.035181,19.199063,12.500097,3.465290,2.697331,171.242788,5.067470,1.041916,0.024972,0.947656
-0.028188,0.020159,0.556797,1.796505,19.179515,12.404943,3.465910,2.729450,169.745182,5.065003,1.041067,0.025084,0.946086
-0.029959,0.020252,0.547511,1.928631,19.057567,12.583353,3.464279,2.728833,170.478245,5.127232,1.041417,0.025342,0.946564
-0.031733,0.019886,0.526182,2.053343,19.041432,10.852443,3.464001,2.722853,171.542788,4.534227,1.041475,0.022242,0.946408
-0.034229,0.019172,0.495775,2.016066,19.343772,11.125985,3.462580,2.735333,170.791316,4.559031,1.041779,0.022478,0.946763
-0.027051,0.019823,0.552934,1.994594,19.155295,12.500083,3.463822,2.723951,170.746359,4.864250,1.041652,0.024071,0.946778
-0.026892,0.019429,0.524979,2.148989,19.401887,12.416807,3.459941,2.714575,171.078145,4.647432,1.039667,0.023005,0.946553
-0.031417,0.019842,0.511005,1.875319,19.176895,11.995068,3.464783,2.702693,171.054258,4.935502,1.041572,0.024388,0.947070
-0.030786,0.020097,0.497102,2.381290,19.197348,11.340490,3.466153,2.695697,170.746385,4.775558,1.041189,0.023613,0.946392
-0.029601,0.019458,0.522802,2.045391,19.187702,12.279352,3.460865,2.739360,171.255784,4.616543,1.042014,0.022864,0.947108
-0.046904,0.018905,0.498738,1.696817,19.136367,9.174290,3.459022,2.699671,170.523710,4.356253,1.039658,0.021441,0.945857
-0.030421,0.019882,0.523705,2.184790,19.054350,11.745870,3.464936,2.711049,169.917268,4.960495,1.040571,0.024551,0.945566
-0.030178,0.020078,0.554398,1.853390,19.072392,12.014483,3.464280,2.725575,170.468841,5.042959,1.040976,0.024908,0.945904
-0.026837,0.019932,0.519916,1.990260,19.216540,12.500138,3.462667,2.717075,170.751222,4.811616,1.040150,0.023846,0.946543
-0.027758,0.020034,0.529229,1.858586,19.180305,12.583400,3.466339,2.680619,169.741020,4.995195,1.039690,0.024723,0.946041
-0.029068,0.020229,0.577623,1.839472,19.132103,12.663095,3.466359,2.699203,170.178493,4.899442,1.041009,0.024314,0.944167
-0.032934,0.020805,0.574744,1.978132,19.120140,11.865110,3.466962,2.710982,169.982216,5.006235,1.040283,0.024731,0.943516
-0.031184,0.020634,0.565621,1.921523,19.154178,12.666630,3.464233,2.713329,170.054047,5.084023,1.040706,0.025099,0.944978
-0.032272,0.020660,0.559745,2.004477,19.105020,11.574732,3.466654,2.725375,170.095039,4.793916,1.040358,0.023755,0.943680
-0.030529,0.019989,0.570741,1.815923,19.152448,12.644183,3.463265,2.709197,169.307371,5.195951,1.040176,0.025691,0.945505
-0.028540,0.019767,0.564354,1.909783,19.167193,12.583500,3.464042,2.709286,169.819010,4.926317,1.040525,0.024406,0.945669
-0.029441,0.020348,0.555926,1.799947,19.173863,12.583457,3.468234,2.699050,169.699466,4.909268,1.040301,0.024435,0.945595
-0.028221,0.020511,0.591976,1.881022,19.195600,12.635160,3.466388,2.721770,169.189965,5.095758,1.039651,0.025323,0.945066
-0.032025,0.020457,0.574805,1.884881,19.070098,11.639973,3.466446,2.714710,169.568890,5.021283,1.035804,0.024935,0.944724
-0.028496,0.019272,0.551377,1.918406,19.197412,12.583383,3.460899,2.723097,170.717445,4.958664,1.040672,0.024309,0.945708
-0.030960,0.020058,0.487524,2.092518,19.122483,11.874893,3.462922,2.710045,171.174219,4.562029,1.040489,0.022536,0.945382
-0.035106,0.020553,0.484955,1.858793,19.202680,11.389783,3.464499,2.726090,171.608590,4.757045,1.040958,0.023425,0.946236
-0.037772,0.019747,0.535617,1.957791,19.130350,10.497340,3.460804,2.734416,170.975832,4.577711,1.040300,0.022714,0.945461
-0.042354,0.019509,0.495750,2.179314,19.041860,9.446862,3.460664,2.710756,171.428413,4.313802,1.035883,0.021244,0.945693
-0.027510,0.019274,0.482166,2.232812,19.322208,11.490750,3.458131,2.720919,171.513300,4.247808,1.041410,0.021016,0.946705
-0.037121,0.019988,0.516412,1.866589,19.240860,10.351597,3.460628,2.719643,171.112650,4.389942,1.039393,0.021553,0.945955
-0.036242,0.019404,0.520738,2.159134,19.101027,10.453172,3.461154,2.709085,171.088599,4.333856,1.038878,0.021440,0.945737
-0.035747,0.019612,0.518601,2.207633,19.152402,10.523232,3.460149,2.734861,171.609831,4.375959,1.040568,0.021547,0.945946
-0.031424,0.019630,0.506088,1.950342,19.186055,11.587195,3.463647,2.718357,170.781972,4.864155,1.040099,0.024009,0.945422
-0.032154,0.019877,0.544193,1.871356,19.242445,11.269487,3.461404,2.719188,170.625126,4.544107,1.038641,0.022497,0.945400
-0.034657,0.019862,0.504543,2.115238,19.134032,10.757462,3.461459,2.733016,171.126567,4.565615,1.038917,0.022544,0.945420
-0.043942,0.019321,0.483306,2.151549,19.091763,8.641558,3.457469,2.745129,170.575633,4.106121,1.039232,0.020196,0.944677
-0.041300,0.020424,0.544425,2.125940,19.151785,9.250037,3.462726,2.702812,170.323928,4.366183,1.038950,0.021564,0.944555
-0.030231,0.019670,0.520650,1.719450,19.066902,11.240947,3.462567,2.725453,170.290639,4.726968,1.039307,0.023438,0.944767
-0.031876,0.020844,0.545355,1.906908,19.124835,11.307628,3.466327,2.718759,170.749222,4.733763,1.040100,0.023323,0.943385
-0.032911,0.019209,0.495201,2.073639,19.154408,10.886515,3.461212,2.752116,170.927027,4.567781,1.038784,0.022544,0.945412
-0.026448,0.020739,0.540035,1.827633,19.327102,12.614715,3.465525,2.690495,169.913339,4.854463,1.039220,0.024101,0.943965
-0.033177,0.020285,0.552386,1.810415,19.050578,10.985612,3.463123,2.718010,170.792095,4.627306,1.039663,0.022875,0.942963
-0.031580,0.019686,0.493446,2.345787,19.186092,11.052735,3.460780,2.731158,170.945207,4.286570,1.040185,0.021206,0.945486
-0.036997,0.021441,0.568502,1.805739,19.191722,10.894143,3.468312,2.716047,170.171442,4.906717,1.037799,0.024197,0.944412
-0.031834,0.020117,0.547967,1.858778,19.089668,11.296540,3.462876,2.717092,171.005078,4.686993,1.039861,0.023096,0.943186
-0.033126,0.019305,0.524048,2.136179,19.179778,10.701175,3.458525,2.703564,170.896186,4.510626,1.039417,0.022286,0.945219
-0.026527,0.020943,0.562956,2.028628,19.281243,12.271473,3.464995,2.715260,170.240219,4.735756,1.039365,0.023488,0.944833
-0.033289,0.019903,0.517931,1.909486,19.077270,11.060057,3.462984,2.726363,171.001378,4.467886,1.039685,0.022136,0.944962
-0.036545,0.020670,0.521852,2.155675,19.220163,10.729512,3.464822,2.725471,170.989458,4.495470,1.039720,0.022074,0.945012
-0.039132,0.019356,0.554219,1.939007,19.167000,10.609847,3.459098,2.745977,170.170628,4.630096,1.038915,0.022792,0.944314
-0.036019,0.020273,0.522102,2.213317,19.100402,10.626648,3.463681,2.735920,170.413265,4.589019,1.038785,0.022670,0.943569
-0.025990,0.019953,0.529458,1.906173,19.240507,12.254712,3.461717,2.732010,171.012774,4.483820,1.040009,0.022228,0.945170
-0.031137,0.019284,0.520824,1.899081,19.165760,11.647125,3.459781,2.721274,170.517500,4.737644,1.039485,0.023332,0.944800
-0.028463,0.020044,0.564196,1.820140,19.185127,12.666757,3.464036,2.739772,170.390192,5.016902,1.039407,0.024755,0.943531
-0.038017,0.020137,0.513247,1.965503,19.061367,10.237720,3.461566,2.711508,171.102758,4.384805,1.039015,0.021642,0.944579
-0.027938,0.019364,0.509841,2.239668,19.250438,12.176210,3.459668,2.720145,171.296669,4.504459,1.039617,0.022128,0.944771
-0.036266,0.020101,0.518556,1.704722,19.303592,10.990388,3.462845,2.695148,170.526575,4.610156,1.038645,0.022748,0.943197
-0.037390,0.019691,0.519170,1.926111,19.088962,10.285065,3.461869,2.724706,171.200272,4.347895,1.039035,0.021501,0.944400
-0.033626,0.020581,0.501293,2.181369,19.234927,10.299600,3.462848,2.726521,170.562208,4.083019,1.039283,0.020190,0.944702
-0.036906,0.020410,0.508257,2.224916,19.193733,11.107928,3.461182,2.712945,170.770531,4.678039,1.039096,0.022964,0.944446
-0.035310,0.019694,0.532768,1.886869,19.204408,10.655752,3.459886,2.741464,170.866069,4.620818,1.038842,0.022726,0.941972
-0.030069,0.019683,0.507644,2.025023,19.104627,11.306285,3.461088,2.724148,171.279325,4.412857,1.039355,0.021771,0.944143
-0.033402,0.019804,0.524426,1.937242,19.198128,11.144262,3.458831,2.716156,170.538473,4.532604,1.038510,0.022363,0.943916
-0.031915,0.020529,0.548703,1.980704,19.251992,11.848935,3.466092,2.728865,170.420126,4.566746,1.038756,0.022648,0.944093
-0.034217,0.019877,0.570318,1.752237,19.161637,11.154448,3.461060,2.732590,170.370282,4.733021,1.038564,0.023361,0.941984
-0.028223,0.019284,0.523019,1.860313,19.216528,12.470433,3.462957,2.713890,170.852627,4.819029,1.038532,0.023802,0.943893
-0.028840,0.020671,0.543523,2.027149,19.167187,12.093815,3.464703,2.714760,170.284252,4.817042,1.038421,0.023881,0.943898
-0.035126,0.021523,0.519345,2.322047,19.187682,10.771080,3.465380,2.718170,170.122283,4.679450,1.038235,0.023125,0.940414
-0.031975,0.021148,0.566595,1.767768,19.209705,12.602648,3.466378,2.727299,170.040244,5.091996,1.038179,0.025192,0.943664
-0.026488,0.020377,0.602299,1.636291,19.203102,12.750158,3.466138,2.718675,170.305898,4.920980,1.038466,0.024407,0.942868
-0.034769,0.019645,0.491431,2.241131,19.068842,10.694763,3.459121,2.731010,171.069486,4.537444,1.038622,0.022276,0.940988
-0.031936,0.018980,0.490593,2.033659,19.161408,10.780203,3.457356,2.718661,170.907456,4.399578,1.038918,0.021648,0.943328
-0.034783,0.020239,0.521629,1.866472,19.228768,9.805942,3.459590,2.702351,170.718921,4.215987,1.038426,0.020775,0.943759
-0.031249,0.019480,0.498357,1.984303,19.180920,11.419488,3.461712,2.734526,171.303030,4.723317,1.038288,0.023325,0.943584
-0.032989,0.019536,0.521572,1.970712,19.125827,9.991193,3.458240,2.758955,171.322033,4.229684,1.038322,0.020922,0.943862
-0.031664,0.019194,0.502237,2.080556,19.137820,11.183730,3.456969,2.711286,170.462862,4.366119,1.039114,0.021497,0.944464
-0.038081,0.018772,0.484957,2.063863,19.166438,9.992272,3.456062,2.731969,171.447450,4.296507,1.038701,0.021076,0.944108
-0.034126,0.019019,0.488701,2.050057,19.230373,10.772657,3.458868,2.722198,171.442037,4.330709,1.038909,0.021279,0.944278
-0.036894,0.019349,0.492307,2.035488,19.236475,9.882443,3.459796,2.725475,171.464449,4.261392,1.038589,0.020938,0.943965
-0.032026,0.019264,0.488761,2.282119,19.187752,11.186212,3.457418,2.720589,171.571472,4.377164,1.039115,0.021498,0.944460
-0.040055,0.019814,0.489335,2.234925,19.167735,9.936433,3.459346,2.735357,171.546965,4.280025,1.038664,0.021046,0.944043
-0.030847,0.020462,0.492377,2.129062,19.235840,11.485067,3.460690,2.719009,171.555797,4.391676,1.039194,0.021567,0.944517
-0.037141,0.019559,0.498924,2.135538,19.186285,10.477262,3.459592,2.737835,171.525967,4.317975,1.038793,0.021218,0.944217
-0.032486,0.020457,0.484492,2.093257,19.251413,11.184940,3.460721,2.716413,171.417184,4.319183,1.038746,0.021269,0.944288
-0.033106,0.020222,0.515121,1.975197,19.176768,10.082213,3.462751,2.731618,171.285306,4.191443,1.038224,0.020708,0.943727
-0.033900,0.019045,0.512709,2.019559,19.151172,10.195143,3.456688,2.732373,171.283731,4.190357,1.038254,0.020690,0.943654
-0.035141,0.019743,0.481510,2.394632,19.148717,9.990757,3.459742,2.745621,171.305273,4.172493,1.038124,0.020567,0.943581
-0.026039,0.019445,0.482056,2.073926,19.237967,11.641723,3.460937,2.739130,171.380966,4.292039,1.038638,0.021179,0.944133
-0.033583,0.019289,0.520178,1.983208,19.252620,10.558787,3.458282,2.737768,171.341064,4.207150,1.038374,0.020768,0.943765
-0.029623,0.020410,0.505482,1.978459,19.314077,11.719178,3.464587,2.724518,171.374788,4.288205,1.038727,0.021174,0.944096
-0.031728,0.020396,0.522048,2.035675,19.270010,10.842977,3.461922,2.734157,171.317239,4.206619,1.038403,0.020788,0.943803
-0.029509,0.019595,0.498722,2.299849,19.227953,10.838622,3.458939,2.713939,171.377871,4.197328,1.038396,0.020760,0.943713
-0.035798,0.019320,0.483120,2.163228,19.182115,10.123237,3.456135,2.741224,171.422582,4.179059,1.038251,0.020604,0.943623
-0.033050,0.020508,0.498425,2.193873,19.250642,11.307835,3.461493,2.724436,171.473537,4.247112,1.038595,0.020993,0.943999
-0.032754,0.019831,0.489328,1.987310,19.272437,10.439167,3.458578,2.715784,171.462486,4.201275,1.038261,0.020716,0.943724
-0.037208,0.020153,0.501914,2.130755,19.159753,9.898608,3.461068,2.720468,171.408435,4.136891,1.038013,0.020414,0.943471
-0.036974,0.019834,0.505072,2.056154,19.207903,10.030893,3.457936,2.743356,171.418701,4.138913,1.038003,0.020411,0.943407
-0.031522,0.019690,0.504277,2.133594,19.176065,10.888677,3.458197,2.719099,171.399231,4.202650,1.038152,0.020708,0.943684
-0.032125,0.020173,0.519275,2.011422,19.228860,10.678018,3.459966,2.738966,171.358369,4.160862,1.038085,0.020556,0.943543
-0.031839,0.018961,0.485279,2.060459,19.203253,10.674253,3.456713,2.744127,171.375892,4.150374,1.038051,0.020516,0.943486
-0.031018,0.019920,0.522701,2.082591,19.199293,11.165497,3.459377,2.728173,171.358342,4.172784,1.038161,0.020638,0.943565
-0.035731,0.020530,0.510774,2.051166,19.195342,10.096727,3.462021,2.715043,171.310405,4.092635,1.037666,0.020203,0.943166
-0.029138,0.019416,0.522671,1.908921,19.258702,11.587945,3.457371,2.740462,171.355088,4.183001,1.038173,0.020694,0.943592
-0.035346,0.020196,0.499964,2.008256,19.174468,9.991857,3.460235,2.716172,171.255960,4.050698,1.037516,0.020033,0.943039
-0.030888,0.019175,0.480574,2.092207,19.219770,10.921193,3.457118,2.701780,171.212398,4.402718,1.037713,0.021664,0.943201
-0.035540,0.019692,0.509443,2.028622,19.208550,10.972280,3.458739,2.722770,171.153188,4.369482,1.037593,0.021510,0.943107
-0.032245,0.019821,0.533659,1.691319,19.170375,11.126730,3.457524,2.722140,171.183291,4.383809,1.037637,0.021545,0.943115
-0.049319,0.019932,0.493507,2.079790,19.078668,8.814777,3.461586,2.727186,171.090366,4.181473,1.036669,0.020501,0.942200
-0.037426,0.020258,0.502303,2.226054,19.145772,10.232607,3.462588,2.738346,171.181890,4.288873,1.037180,0.021085,0.942706
-0.038061,0.019795,0.508849,2.055585,19.120922,9.888160,3.459974,2.740448,171.220842,4.279043,1.037072,0.021003,0.942634
-0.034171,0.019363,0.506853,2.207705,19.167318,10.430082,3.455494,2.737083,171.264769,4.282396,1.037318,0.021062,0.942823
-0.034675,0.019984,0.511928,2.080310,19.221212,11.149720,3.461705,2.720277,171.177352,4.344154,1.037406,0.021369,0.942964
-0.043352,0.019974,0.518483,1.925739,19.101693,9.149010,3.459428,2.740733,171.027550,4.146443,1.036458,0.020407,0.942071
-0.034672,0.019764,0.514631,2.028023,19.195787,10.560260,3.457448,2.704968,171.050429,4.242476,1.036872,0.020901,0.942466
-0.033546,0.019160,0.505308,2.002037,19.140208,10.350725,3.456816,2.727308,171.040442,4.213222,1.036781,0.020784,0.942363
-0.037261,0.019638,0.500269,1.821594,19.089277,9.607098,3.460436,2.717202,170.988732,4.134024,1.036446,0.020400,0.942023
-0.035396,0.019680,0.510078,2.042145,19.151277,10.603312,3.458481,2.727334,171.021695,4.195115,1.036737,0.020729,0.942303
-0.034189,0.020809,0.521061,2.039568,19.189128,10.711835,3.460943,2.717391,171.027112,4.209497,1.036818,0.020767,0.942372
-0.031615,0.019512,0.492306,2.115562,19.179017,10.864032,3.458897,2.732076,171.037243,4.222520,1.036846,0.020837,0.942405
-0.030692,0.019396,0.504640,2.083103,19.174538,10.916443,3.458216,2.712339,171.153298,4.230719,1.036983,0.020881,0.942481
-0.036823,0.020016,0.520164,2.058222,19.163045,9.999152,3.459646,2.731956,171.145624,4.177151,1.036641,0.020581,0.942233
-0.032364,0.019969,0.530018,2.240908,19.222525,11.277820,3.461289,2.747047,171.244446,4.260795,1.037045,0.021013,0.942626
-0.038465,0.020026,0.516598,2.233759,19.183472,10.110740,3.460281,2.714946,171.198982,4.182908,1.036615,0.020595,0.942225
-0.036448,0.019909,0.528635,1.891666,19.104342,9.873465,3.460989,2.738676,171.150471,4.140814,1.036430,0.020400,0.942044
-0.028024,0.020002,0.479913,2.174787,19.271380,11.627908,3.461351,2.738159,171.183313,4.252780,1.036970,0.020980,0.942597
-0.032162,0.019944,0.497013,2.031632,19.191305,10.699113,3.459570,2.726107,171.154118,4.188490,1.036669,0.020631,0.942269
-0.029583,0.020470,0.511246,1.956689,19.189727,10.800488,3.462789,2.727266,171.099835,4.174383,1.036615,0.020626,0.942243
-0.027783,0.020974,0.521302,2.140551,19.242677,11.262872,3.462155,2.742006,171.108512,4.201443,1.036695,0.020735,0.942329
-0.029896,0.019703,0.501852,2.464387,19.264522,11.393022,3.457776,2.735191,171.081489,4.208723,1.036766,0.020768,0.942323
-0.030871,0.020520,0.507525,1.909411,19.282658,11.202393,3.463149,2.732225,171.065045,4.170048,1.036655,0.020620,0.942243
-0.034777,0.019718,0.526129,2.055680,19.118047,9.795098,3.458949,2.739967,170.983501,4.062289,1.035915,0.020064,0.941679
-0.032535,0.021135,0.500505,2.266172,19.188662,10.538148,3.462931,2.724844,171.016085,4.091782,1.036224,0.020259,0.941815
-0.036588,0.020804,0.522212,2.081865,19.218960,10.282207,3.463234,2.745484,170.947506,4.343294,1.035977,0.021357,0.941608
-0.032806,0.020082,0.470836,2.323574,19.214930,11.472278,3.457526,2.736685,170.925964,4.421365,1.036279,0.021727,0.941911
-0.030513,0.019276,0.532890,1.994640,19.240945,11.504243,3.458045,2.740020,170.953271,4.422592,1.036340,0.021748,0.941907
-0.032000,0.019848,0.508431,2.271010,19.209058,11.102032,3.457738,2.727108,170.958484,4.385731,1.036158,0.021579,0.941764
-0.030215,0.020010,0.502566,1.967165,19.298910,11.528308,3.457740,2.726006,171.008108,4.420932,1.036324,0.021725,0.941938
-0.041130,0.020632,0.502211,2.111108,19.085653,9.194855,3.460486,2.714326,170.906501,4.239505,1.035364,0.020784,0.941048
-0.030812,0.020186,0.521172,1.952928,19.266998,11.430453,3.458164,2.716677,170.990353,4.390094,1.036146,0.021566,0.941759
-0.046496,0.020667,0.495308,2.021471,19.132572,9.153020,3.462797,2.732627,170.780817,4.168805,1.035019,0.020500,0.940805
-0.034575,0.019573,0.519665,1.943103,19.193680,10.557232,3.458643,2.725280,170.825264,4.246184,1.035443,0.020933,0.941150
-0.028919,0.020064,0.511181,2.090890,19.337960,11.375938,3.459729,2.729457,170.922649,4.307442,1.035781,0.021226,0.941451
-0.040234,0.020751,0.521608,1.878745,19.156963,9.848907,3.460461,2.727211,170.898509,4.198897,1.035254,0.020664,0.940954
-0.032846,0.020679,0.496906,2.377431,19.204860,10.795902,3.460455,2.715658,170.953774,4.262233,1.035542,0.020983,0.941202
-0.037381,0.020672,0.531411,2.430996,19.140667,10.044555,3.461911,2.735327,170.915540,4.197343,1.035178,0.020635,0.940901
-0.033446,0.019403,0.538142,1.926077,19.208580,10.892412,3.457640,2.729787,170.939131,4.252356,1.035421,0.020924,0.941144
-0.031979,0.019849,0.512011,1.975505,19.200128,11.210997,3.460372,2.732267,170.950185,4.254119,1.035560,0.020969,0.941235
-0.037155,0.019985,0.514595,2.026802,19.133217,9.942930,3.457703,2.733880,170.774884,4.150602,1.035003,0.020447,0.940720
-0.028052,0.020387,0.523273,1.955816,19.344160,11.393267,3.463101,2.712960,170.873677,4.252394,1.035568,0.020993,0.941223
-0.036192,0.020007,0.532433,1.895235,19.234008,9.952877,3.459803,2.726981,170.849089,4.154926,1.035003,0.020463,0.940717
-0.033553,0.020265,0.499681,2.037898,19.178052,10.438103,3.458078,2.727945,170.851002,4.171132,1.035073,0.020595,0.940805
-0.026551,0.020690,0.525788,2.116548,19.221138,11.861568,3.460497,2.745859,170.858044,4.260442,1.035485,0.021044,0.941222
-0.032148,0.020126,0.516206,2.016897,19.296317,11.047980,3.460942,2.735211,170.832639,4.191778,1.035243,0.020708,0.940911
-0.031894,0.019885,0.501659,1.901847,19.199182,10.825698,3.458943,2.715138,170.787844,4.154839,1.034967,0.020533,0.940759
-0.045667,0.020638,0.510631,2.167438,19.104795,8.652967,3.462146,2.723120,170.697380,3.964843,1.033966,0.019577,0.939850
-0.031217,0.020797,0.525744,2.151064,19.171153,10.438823,3.461504,2.739687,170.739359,4.100870,1.034600,0.020278,0.940470
-0.034156,0.019969,0.537776,2.080155,19.189140,9.950062,3.458099,2.730193,170.719869,4.048495,1.034297,0.020023,0.940248
-0.033927,0.020535,0.523273,2.704429,19.264210,11.208058,3.460090,2.730292,170.743258,4.435932,1.034829,0.021823,0.940580
-0.037001,0.020226,0.503467,1.886883,19.179820,10.021998,3.460157,2.733381,170.690094,4.332971,1.034305,0.021324,0.940140
-0.036847,0.020376,0.539753,1.853224,19.101915,9.854250,3.460098,2.745382,170.675693,4.303191,1.034167,0.021131,0.939975
-0.038328,0.021302,0.543388,1.783676,19.210678,10.319597,3.464271,2.727191,170.646492,4.324512,1.034236,0.021207,0.940082
-0.031074,0.019602,0.509288,2.175419,19.175028,11.250007,3.458336,2.720023,170.632519,4.370646,1.034434,0.021512,0.940312
-0.031718,0.019966,0.517486,2.007206,19.246753,11.554868,3.455823,2.718884,170.682400,4.394155,1.034636,0.021594,0.940406
-0.037612,0.021306,0.496874,2.023180,19.230775,10.593447,3.462892,2.723254,170.665256,4.337932,1.034349,0.021297,0.940116
-0.036682,0.019860,0.493705,2.024612,19.125953,10.140198,3.459296,2.733616,170.679977,4.287561,1.034107,0.021071,0.939923
-0.031393,0.021442,0.514093,1.607831,19.267125,11.313387,3.463903,2.727423,170.704190,4.365144,1.034475,0.021470,0.940261
-0.038408,0.021026,0.531322,2.028762,19.126292,10.036925,3.463840,2.733676,170.694986,4.263891,1.033909,0.020906,0.939784
-0.037031,0.019657,0.551438,1.677580,19.224520,9.909945,3.459448,2.747528,170.573672,4.214621,1.033758,0.020695,0.939580
-0.034611,0.019526,0.533381,2.341467,19.129642,10.193557,3.460973,2.747875,170.520815,4.212510,1.033646,0.020727,0.939590
-0.028566,0.020997,0.552683,2.288574,19.219040,11.343382,3.461503,2.717794,170.548971,4.272915,1.034053,0.021094,0.939915
-0.033308,0.020772,0.507843,1.967647,19.115607,10.096445,3.462613,2.732328,170.483110,4.178170,1.033596,0.020594,0.939459
-0.030971,0.020770,0.560008,2.035352,19.180625,11.088430,3.463025,2.732861,170.509273,4.244142,1.033852,0.020912,0.939739
-0.038478,0.020352,0.496866,2.261727,19.126168,9.615642,3.458922,2.729643,170.447586,4.114960,1.033306,0.020290,0.939179
-0.035494,0.020638,0.507305,1.916413,19.144342,9.763892,3.463474,2.729864,170.442492,4.109340,1.033218,0.020274,0.939131
-0.037246,0.020982,0.539232,1.968634,19.124772,9.803408,3.461751,2.746839,170.447636,4.096922,1.033224,0.020235,0.939080
-0.037046,0.020796,0.540677,1.885704,19.141560,10.321282,3.461047,2.724364,170.552302,4.141510,1.033465,0.020429,0.939294
-0.032249,0.020373,0.531253,2.124920,19.218462,10.847917,3.457617,2.729102,170.606120,4.199399,1.033690,0.020707,0.939535
-0.040344,0.020168,0.511509,2.017779,19.205807,10.127888,3.458625,2.723566,170.622282,4.144221,1.033374,0.020385,0.939299
-0.042278,0.019847,0.549684,1.962041,19.035970,9.011467,3.457863,2.738034,170.539715,4.027506,1.032869,0.019863,0.938770
-0.037947,0.020841,0.518362,1.925668,19.160203,9.718223,3.462857,2.727825,170.572237,4.082589,1.033139,0.020098,0.939003
-0.036537,0.021254,0.499921,2.001688,19.149860,10.240472,3.461653,2.730793,170.597777,4.106267,1.033209,0.020253,0.939115
-0.033779,0.020884,0.519083,1.936885,19.248172,10.526440,3.462815,2.732977,170.608854,4.133238,1.033338,0.020378,0.939232
-0.033501,0.020552,0.546346,2.032713,19.174348,10.501560,3.460559,2.723260,170.592009,4.116660,1.033295,0.020334,0.939188
-0.030964,0.020086,0.507913,2.123059,19.183300,11.087457,3.458134,2.728475,170.589419,4.139675,1.033330,0.020459,0.939242
-0.027142,0.020811,0.546909,2.088444,19.255358,11.425717,3.460454,2.733935,170.573175,4.155710,1.033464,0.020523,0.939313
-0.028098,0.020556,0.528262,1.930353,19.183835,10.798942,3.461194,2.749268,170.543370,4.108712,1.033179,0.020280,0.939129
-0.031963,0.020788,0.542050,1.911254,19.230425,11.359727,3.462574,2.734302,170.559395,4.144057,1.033383,0.020436,0.939240
-0.046513,0.019891,0.499395,2.161986,19.065312,8.774707,3.457316,2.732299,170.439628,3.917221,1.032288,0.019303,0.938232
-0.033119,0.020826,0.529841,1.926601,19.133792,11.083920,3.460908,2.717355,170.468670,4.370567,1.032999,0.021479,0.938935
-0.039458,0.020868,0.534082,1.968266,19.109155,9.708193,3.462511,2.718481,170.374302,4.246468,1.032317,0.020851,0.938325
-0.032678,0.021596,0.534781,2.044590,19.205020,11.046175,3.463012,2.724151,170.446532,4.334667,1.032811,0.021285,0.938721
-0.028937,0.020241,0.539850,2.449847,19.197607,11.215165,3.458025,2.727875,170.480236,4.357923,1.032937,0.021393,0.938795
-0.044506,0.020874,0.545491,1.902229,19.029730,8.829933,3.461212,2.749337,170.378654,4.149830,1.031879,0.020369,0.937908
-0.032217,0.020876,0.547896,1.988279,19.166890,10.765047,3.461530,2.714720,170.460256,4.296537,1.032611,0.021088,0.938522
-0.039974,0.020588,0.531284,2.218634,19.132477,9.749168,3.458512,2.736007,170.441236,4.219906,1.032212,0.020708,0.938206
-0.029335,0.021262,0.553431,2.009455,19.255923,11.513770,3.462898,2.723433,170.446415,4.319029,1.032664,0.021227,0.938633
-0.038580,0.020615,0.550527,2.103270,19.091773,9.956598,3.462973,2.718879,170.278899,4.172006,1.031913,0.020520,0.938011
-0.037928,0.020055,0.554253,1.999138,19.186078,9.979278,3.461317,2.731801,170.229866,4.135395,1.031861,0.020378,0.937836
-0.036048,0.020971,0.546727,1.891629,19.145505,10.049270,3.461453,2.737087,170.211517,4.121379,1.031732,0.020357,0.937829
-0.037322,0.021101,0.553387,2.025672,19.076983,9.650448,3.463656,2.731229,170.174578,4.060787,1.031452,0.020060,0.937580
-0.033907,0.021283,0.526326,1.899083,19.104277,10.281927,3.462182,2.725965,170.178097,4.117513,1.031674,0.020290,0.937716
-0.028349,0.020987,0.528259,2.057798,19.183598,11.236423,3.463845,2.723967,170.208676,4.161727,1.031981,0.020569,0.937991
-0.038197,0.020785,0.516302,2.195737,19.085173,9.214905,3.460985,2.738382,170.105939,4.000465,1.031144,0.019772,0.937220
-0.037855,0.021556,0.556616,1.972871,19.077823,9.741128,3.461721,2.726661,170.169345,4.030956,1.031322,0.019907,0.937316
-0.029640,0.020497,0.538449,1.783197,19.117257,10.710972,3.462193,2.724936,170.329283,4.125094,1.031756,0.020365,0.937817
-0.035187,0.020894,0.522780,2.004371,19.147380,10.265303,3.460884,2.715067,170.338731,4.098626,1.031591,0.020203,0.937638
-0.039315,0.020489,0.562437,1.941993,19.063073,9.200327,3.458992,2.729933,170.249678,3.983964,1.031079,0.019658,0.937179
-0.040569,0.020539,0.525159,1.792756,19.031200,8.853535,3.461033,2.724034,170.226168,3.944368,1.030801,0.019433,0.936931
-0.027752,0.022501,0.550464,2.146466,19.247410,11.711008,3.469773,2.726911,170.330589,4.156736,1.031826,0.020509,0.937921
-0.036821,0.020546,0.494438,1.874048,19.083497,9.808737,3.457991,2.713161,170.220002,4.012372,1.030984,0.019826,0.937285
-0.029156,0.020722,0.518932,1.804551,19.197570,10.883538,3.461383,2.712447,170.242390,4.069143,1.031480,0.020112,0.937553
-0.036678,0.021115,0.561962,1.912074,19.127270,9.555002,3.462098,2.735725,170.177576,3.961121,1.030815,0.019548,0.937002
-0.030916,0.021257,0.552027,1.989775,19.242565,11.480492,3.462470,2.727133,170.245004,4.383684,1.031463,0.021549,0.937592
-0.031697,0.020979,0.531674,2.118199,19.182813,11.395063,3.460148,2.727338,170.238370,4.373334,1.031458,0.021532,0.937542
-0.039436,0.020426,0.561342,2.010724,19.123157,9.306557,3.459835,2.715523,170.144673,4.190639,1.030554,0.020552,0.936699
-0.038208,0.020709,0.562957,1.620919,19.070988,9.515708,3.460491,2.719713,170.107595,4.194204,1.030553,0.020578,0.936699
-0.037982,0.021293,0.536475,2.001841,19.087165,9.815085,3.461796,2.723881,170.126830,4.202797,1.030510,0.020598,0.936749
-0.037568,0.020567,0.540666,1.886445,19.089577,9.913918,3.458756,2.746217,170.101340,4.179918,1.030520,0.020525,0.936655
-0.041117,0.021400,0.556697,2.014282,19.075127,9.535830,3.462294,2.715398,170.055583,4.132912,1.030191,0.020299,0.936466
-0.038387,0.020217,0.552103,2.056794,19.186540,10.079878,3.458732,2.721939,170.105635,4.160037,1.030439,0.020461,0.936589
-0.042044,0.021069,0.526917,1.897799,19.084733,9.305873,3.461464,2.738200,170.057764,4.086913,1.030069,0.020094,0.936271
-0.037373,0.020656,0.537308,1.862951,19.127822,10.022788,3.459247,2.731170,170.102397,4.138446,1.030318,0.020354,0.936449
-0.043660,0.020179,0.539527,1.853376,19.011055,9.025072,3.458683,2.731182,170.060774,4.043822,1.029818,0.019902,0.936010
-0.039083,0.020835,0.535229,1.870037,19.067037,9.902783,3.458822,2.720890,170.042332,4.092362,1.030015,0.020153,0.936272
-0.031492,0.021733,0.574557,1.804600,19.155850,10.980492,3.466061,2.735362,170.006667,4.141831,1.030286,0.020437,0.936509
-0.029185,0.020836,0.523385,1.783185,19.179128,11.019135,3.462353,2.739049,169.974651,4.124709,1.030219,0.020373,0.936442
-0.042206,0.021497,0.574975,1.935909,19.068355,9.190770,3.460461,2.727895,169.856676,3.966187,1.029424,0.019615,0.935705
-0.031474,0.021159,0.569107,1.916924,19.210352,10.796293,3.461267,2.730467,169.899431,4.362380,1.029894,0.021429,0.936124
-0.036547,0.021593,0.565676,1.933009,19.056445,9.698872,3.463562,2.717751,169.831717,4.264311,1.029347,0.020941,0.935661
-0.034439,0.021955,0.539370,1.983063,19.145263,10.521697,3.463758,2.744447,169.851637,4.316202,1.029570,0.021173,0.935857
-0.035486,0.021287,0.577423,2.092932,19.062323,10.220775,3.462475,2.724870,169.825260,4.279822,1.029392,0.021010,0.935692
-0.041922,0.021513,0.565560,1.840509,19.072005,9.822050,3.461268,2.739560,169.796011,4.229524,1.029156,0.020766,0.935449
-0.034416,0.021493,0.583275,1.893164,19.065708,10.487690,3.461899,2.724403,169.938228,4.294155,1.029486,0.021081,0.935753
-0.034134,0.022245,0.573474,1.956395,19.154367,10.974435,3.464126,2.730472,169.987471,4.334949,1.029649,0.021291,0.935959
-0.027658,0.021464,0.534857,1.743242,19.125845,11.213793,3.462876,2.713131,170.028825,4.050309,1.029802,0.020027,0.936060
-0.039919,0.021020,0.570543,1.841357,19.094902,9.522373,3.462532,2.730760,169.917745,4.199829,1.029027,0.020573,0.935301
-0.037227,0.021965,0.539372,2.164112,19.091435,10.048878,3.464748,2.732487,169.948111,4.226753,1.029114,0.020753,0.935420
-0.040850,0.020835,0.577585,2.075895,19.058670,9.801877,3.458281,2.724295,169.898530,4.184134,1.028870,0.020557,0.935264
-0.034009,0.020615,0.578541,1.902674,19.082273,10.122095,3.460433,2.723363,169.907559,4.164229,1.028915,0.020464,0.935281
-0.034343,0.021156,0.560599,1.883877,19.146378,10.186875,3.461753,2.731190,169.886143,4.176092,1.028955,0.020517,0.935240
-0.034230,0.022103,0.535242,1.771628,19.118163,10.539455,3.464487,2.738432,169.881327,4.185930,1.028962,0.020594,0.935292
-0.031173,0.021107,0.575136,1.983990,19.224957,10.929157,3.460658,2.721450,169.879975,4.189607,1.029039,0.020623,0.935312
-0.036535,0.021388,0.577973,1.804022,19.166058,10.430238,3.461744,2.726944,169.830166,4.130166,1.028807,0.020364,0.935139
-0.037518,0.021065,0.559574,1.875462,19.096250,9.943897,3.462810,2.714259,169.774237,4.078864,1.028468,0.020117,0.934837
-0.035114,0.022189,0.568537,1.826990,19.086962,9.762888,3.462967,2.722639,169.742196,4.047252,1.028220,0.019944,0.934649
-0.035164,0.021366,0.597965,1.850781,19.137160,10.416812,3.460826,2.716746,169.691095,4.073010,1.028338,0.020102,0.934765
-0.031553,0.022111,0.558049,1.789327,19.161595,10.109965,3.464284,2.723984,169.637232,4.019658,1.028118,0.019879,0.934549
-0.042725,0.021268,0.587642,1.749926,19.011523,9.282997,3.460583,2.726730,169.670721,3.935662,1.027756,0.019450,0.934187
-0.035921,0.021633,0.537296,2.122680,19.088455,10.041510,3.463620,2.731605,169.733271,4.000845,1.028086,0.019768,0.934435
-0.030205,0.021250,0.525528,1.817941,19.139578,11.282127,3.459273,2.746289,169.786148,4.081308,1.028418,0.020176,0.934848
-0.032109,0.021479,0.585938,1.775148,19.202173,10.827963,3.461497,2.712037,169.779625,4.043920,1.028296,0.019996,0.934680
-0.035591,0.022662,0.588079,1.870639,19.069867,9.814530,3.462887,2.742794,169.711836,3.961439,1.027759,0.019547,0.934263
-0.035091,0.021914,0.566555,1.978630,19.168158,11.010698,3.459691,2.731994,169.630716,4.309296,1.027965,0.021127,0.934405
-0.030537,0.021352,0.567805,1.902771,19.181130,11.288138,3.462595,2.723243,169.590544,4.283172,1.027869,0.021048,0.934324
-0.041641,0.020929,0.569108,1.895651,19.019180,9.508952,3.462735,2.732091,169.471254,4.134724,1.027116,0.020290,0.933646
-0.035695,0.021971,0.578813,1.772688,19.137850,10.139283,3.462722,2.721754,169.476093,4.129697,1.027254,0.020353,0.933718
-0.030877,0.022278,0.603629,1.731990,19.161703,11.096362,3.464361,2.722087,169.494890,4.192925,1.027504,0.020681,0.933972
-0.038091,0.022325,0.582598,1.887425,19.109213,9.652745,3.466449,2.732871,169.438031,4.060595,1.026845,0.020007,0.933405
-0.030658,0.021596,0.574281,1.505508,19.068155,10.863932,3.462385,2.738883,169.444947,4.134404,1.027257,0.020419,0.933728
-0.033989,0.022075,0.590800,1.750314,19.145118,10.254992,3.463273,2.714641,169.398445,4.077015,1.027001,0.020125,0.933417
-0.043270,0.021479,0.566903,1.948455,19.018775,9.176942,3.459637,2.728577,169.463700,3.972781,1.026520,0.019584,0.932958
-0.037012,0.022257,0.543427,1.760375,19.059005,10.126112,3.462722,2.730136,169.549592,4.076095,1.026888,0.020066,0.933408
-0.040413,0.021274,0.579633,1.819184,19.004235,9.292173,3.462017,2.742173,169.513337,3.989552,1.026468,0.019657,0.932996
-0.034346,0.021827,0.570678,1.864410,19.073148,10.151707,3.460344,2.741775,169.544144,4.039827,1.026695,0.019912,0.933235
-0.035663,0.022253,0.576246,1.830449,19.048600,9.672075,3.462712,2.721185,169.524090,4.001778,1.026493,0.019685,0.933013
-0.029642,0.022615,0.596552,1.793943,19.100893,10.750605,3.464366,2.720512,169.526302,4.054631,1.026674,0.020011,0.933291
-0.036300,0.022123,0.581794,1.797786,19.082213,9.627633,3.463894,2.721484,169.448893,3.936264,1.026205,0.019450,0.932776
