SCC,SCV,DVV,ICP,CCDT,CVCT,ACCV C,ACCV D,ECD,ECV,CCD,CCV,SoH
-0.035723,0.015467,0.361468,3.910486,20.016773,10.833398,3.447181,2.742928,179.542200,6.399153,1.079786,0.031930,0.981670
-0.038211,0.015385,0.272949,2.937500,20.007692,10.750167,3.449626,2.738560,179.802364,6.332556,1.081051,0.031500,0.982732
-0.037122,0.015570,0.318990,3.105844,20.007998,10.666700,3.451178,2.735302,179.938170,6.180284,1.081890,0.030733,0.983425
-0.037422,0.014522,0.342589,2.990023,20.007893,10.583410,3.446863,2.752654,180.035633,5.959126,1.082350,0.029732,0.983878
-0.038580,0.014204,0.282943,4.942820,20.007933,10.583480,3.445085,2.741427,180.138087,6.054185,1.082743,0.030054,0.984169
-0.037817,0.014559,0.317692,2.803324,20.008357,10.499975,3.445981,2.736491,180.169890,5.793556,1.083005,0.028930,0.984449
-0.038888,0.014475,0.323856,3.303697,20.008665,10.500128,3.448406,2.755897,180.215911,5.840546,1.083303,0.029107,0.984682
-0.036888,0.014625,0.265870,3.996068,20.008685,10.500067,3.447447,2.751756,180.259296,5.903656,1.083506,0.029311,0.984894
-0.040470,0.014942,0.340380,3.229141,20.008838,10.500150,3.447623,2.734561,180.295217,5.936403,1.083689,0.029482,0.985049
-0.040891,0.014761,0.298196,3.432248,20.008880,10.500055,3.447529,2.751501,180.335639,5.955257,1.083840,0.029558,0.985120
-0.037613,0.014521,0.312228,4.226259,20.008850,10.416772,3.445190,2.748719,180.349902,5.682540,1.083967,0.028320,0.985295
-0.037868,0.014195,0.302691,3.227500,20.008957,10.416757,3.444875,2.749852,180.347902,5.705685,1.084055,0.028395,0.985383
-0.037532,0.014234,0.317399,2.995649,20.008742,10.416775,3.445021,2.758751,180.356534,5.718447,1.084126,0.028442,0.985470
-0.038822,0.014150,0.300576,3.023707,20.008907,10.416628,3.445298,2.752544,180.340486,5.712295,1.084171,0.028399,0.985423
-0.038791,0.014798,0.331795,3.338401,20.009092,10.416812,3.446127,2.745417,180.330673,5.738253,1.084285,0.028479,0.985507
-0.041750,0.014591,0.286164,3.987974,20.009238,10.416683,3.447780,2.743188,180.340061,5.762256,1.084303,0.028563,0.985590
-0.037559,0.014684,0.303344,3.582571,20.009375,10.416740,3.447667,2.742564,180.354169,5.770720,1.084416,0.028616,0.985649
-0.038575,0.014135,0.304616,4.094474,20.009478,10.416745,3.445885,2.742572,180.342266,5.778455,1.084465,0.028681,0.985720
-0.040102,0.014527,0.321215,4.928241,20.009623,10.416680,3.445159,2.744244,180.339434,5.777761,1.084474,0.028678,0.985703
-0.038395,0.014593,0.305602,3.194537,20.009815,10.333400,3.446443,2.740754,180.337366,5.486776,1.084512,0.027315,0.985737
-0.038472,0.014149,0.311740,3.395645,20.009542,10.333465,3.444100,2.743812,180.322602,5.488245,1.084569,0.027361,0.985797
-0.038993,0.014149,0.298246,2.980472,20.009532,10.333227,3.445314,2.754181,180.338366,5.496394,1.084647,0.027376,0.985832
-0.041371,0.013878,0.318495,2.984319,20.009427,10.333545,3.445052,2.741823,180.301156,5.508021,1.084641,0.027418,0.985874
-0.038699,0.014958,0.314785,3.467249,20.009760,10.333257,3.447160,2.742097,180.291858,5.500078,1.084644,0.027381,0.985834
-0.035464,0.014061,0.323349,3.192329,20.009642,10.333340,3.442948,2.738589,180.260846,5.488770,1.084596,0.027320,0.985793
-0.036971,0.014506,0.314883,3.399533,20.009647,10.333487,3.448198,2.730429,180.262204,5.505260,1.084658,0.027372,0.985859
-0.040753,0.014763,0.302233,3.252967,20.010172,10.333343,3.448378,2.739987,180.273414,5.513999,1.084738,0.027390,0.985885
-0.037239,0.014143,0.305276,3.194433,20.010337,10.333433,3.445937,2.734819,180.257481,5.525784,1.084695,0.027410,0.985924
-0.040880,0.014338,0.279479,3.641754,20.009968,10.333372,3.445818,2.747309,180.263163,5.526801,1.084739,0.027428,0.985951
-0.040374,0.014157,0.289786,3.673304,20.009997,10.333423,3.444453,2.743843,180.256208,5.528787,1.084722,0.027433,0.985948
-0.038256,0.014490,0.316014,3.044872,20.010185,10.333300,3.446692,2.736036,180.237688,5.521989,1.084687,0.027393,0.985925
-0.039097,0.013911,0.311929,3.286265,20.009852,10.333450,3.443381,2.735152,180.220304,5.526497,1.084755,0.027402,0.985945
-0.039213,0.013895,0.292763,3.224304,20.009838,10.333408,3.444158,2.732566,180.205169,5.544094,1.084809,0.027470,0.985996
-0.037887,0.014071,0.274866,3.289169,20.009985,10.333192,3.446104,2.729750,180.211502,5.551457,1.084813,0.027519,0.986041
-0.041312,0.014081,0.327975,3.016843,20.010157,10.333582,3.444891,2.738816,180.197906,5.551168,1.084799,0.027472,0.986019
-0.039891,0.014762,0.321274,3.243924,20.010112,10.333325,3.446048,2.750633,180.186295,5.553068,1.084832,0.027511,0.986054
-0.039292,0.014234,0.289905,3.333187,20.009917,10.332877,3.444403,2.755655,180.164131,5.548510,1.084842,0.027515,0.986048
-0.041260,0.014256,0.286649,2.762924,20.010170,10.333465,3.443633,2.738331,180.171481,5.555894,1.084891,0.027558,0.986078
-0.037047,0.013825,0.286118,3.146869,20.010033,10.333345,3.445472,2.750798,180.133388,5.554725,1.084846,0.027514,0.986078
-0.041589,0.013948,0.284212,3.966727,20.010280,10.333392,3.444917,2.746361,180.145806,5.559812,1.084911,0.027541,0.986081
-0.037128,0.014747,0.279843,6.138409,20.010520,10.250095,3.445924,2.752602,180.133907,5.260399,1.084890,0.026197,0.986118
-0.036846,0.013677,0.308667,3.444407,20.010872,10.333478,3.442508,2.736126,180.088372,5.554904,1.084843,0.027512,0.986033
-0.040203,0.014310,0.298727,3.365629,20.010513,10.333477,3.446501,2.744920,180.053485,5.536654,1.084783,0.027451,0.986002
-0.036962,0.014340,0.304718,3.201824,20.010652,10.333465,3.446556,2.744779,180.024945,5.540349,1.084766,0.027421,0.985955
-0.039551,0.013788,0.295909,2.961744,20.010350,10.333358,3.442410,2.738671,180.015710,5.540206,1.084730,0.027431,0.985978
-0.039501,0.013885,0.318597,3.023145,20.010297,10.333502,3.444140,2.754480,180.013145,5.533708,1.084771,0.027444,0.985980
-0.039957,0.013956,0.327071,4.187373,20.010352,10.333378,3.444674,2.751369,179.983118,5.530337,1.084714,0.027386,0.985946
-0.037037,0.014147,0.319455,3.705341,20.010550,10.333438,3.445075,2.749466,179.956075,5.529782,1.084709,0.027383,0.985924
-0.040089,0.014380,0.304072,2.554532,20.010202,10.333298,3.446681,2.729587,179.962646,5.529780,1.084690,0.027381,0.985937
-0.039101,0.014252,0.274698,3.103170,20.010620,10.333427,3.443563,2.754769,179.973585,5.517104,1.084698,0.027340,0.985875
-0.040623,0.014449,0.280213,3.524371,20.010578,10.250063,3.446978,2.750956,180.382968,5.314332,1.085161,0.026321,0.986345
-0.036237,0.014345,0.302341,3.190892,20.010722,10.166705,3.444772,2.750039,180.540605,5.069413,1.085419,0.025219,0.986579
-0.040151,0.014230,0.303331,3.398656,20.010148,10.166722,3.444294,2.738503,180.681773,5.102568,1.085657,0.025337,0.986785
-0.038586,0.014119,0.269033,3.582430,20.010032,10.166635,3.443518,2.745306,180.732645,5.121373,1.085741,0.025400,0.986858
-0.036174,0.014074,0.300503,3.404008,20.009968,10.166773,3.443706,2.750834,180.740987,5.129149,1.085768,0.025420,0.986900
-0.037616,0.013832,0.282677,3.692615,20.010113,10.250110,3.442350,2.740314,180.045398,5.295433,1.085048,0.026245,0.986261
-0.041822,0.014343,0.300335,3.567515,20.010717,10.333500,3.446819,2.735630,179.868123,5.525687,1.084740,0.027345,0.985907
-0.038145,0.014252,0.291217,3.281972,20.010770,10.250063,3.445908,2.742596,179.823175,5.222379,1.084673,0.025984,0.985903
-0.041390,0.013992,0.281573,2.903248,20.010678,10.333308,3.444253,2.743981,179.808483,5.507353,1.084635,0.027290,0.985829
-0.036403,0.014462,0.300086,2.808188,20.010620,10.250073,3.444812,2.743476,179.799567,5.206917,1.084647,0.025913,0.985841
-0.035069,0.014370,0.306080,3.404452,20.010688,10.250013,3.445514,2.731247,179.780593,5.205094,1.084640,0.025915,0.985839
-0.042699,0.014693,0.292316,3.614006,20.011020,10.333438,3.449586,2.754296,179.780538,5.503957,1.084618,0.027248,0.985799
-0.036917,0.014852,0.286870,2.972284,20.010703,10.250140,3.449785,2.748330,179.767865,5.200204,1.084599,0.025886,0.985805
-0.040051,0.013699,0.292199,3.673329,20.010605,10.333545,3.445894,2.731320,179.723292,5.496526,1.084563,0.027232,0.985784
-0.041311,0.014467,0.285527,3.843802,20.010823,10.333278,3.447654,2.725082,179.711123,5.489239,1.084506,0.027197,0.985761
-0.042379,0.013859,0.275644,2.925273,20.010743,10.333368,3.444445,2.728591,179.695848,5.475581,1.084494,0.027135,0.985693
-0.036775,0.014624,0.321634,3.728788,20.010685,10.333302,3.448168,2.729590,179.670452,5.471045,1.084420,0.027084,0.985667
-0.038822,0.014818,0.284243,3.230968,20.010773,10.333355,3.450141,2.734638,179.664976,5.464565,1.084408,0.027053,0.985622
-0.038311,0.014270,0.305937,3.365257,20.010798,10.333450,3.445165,2.741162,179.650307,5.462860,1.084412,0.027058,0.985615
-0.040340,0.014659,0.305752,3.108001,20.010758,10.333433,3.447378,2.741850,179.599573,5.464151,1.084348,0.027016,0.985575
-0.038767,0.014637,0.337832,2.816992,20.011155,10.333375,3.446319,2.732067,179.606897,5.452046,1.084303,0.026995,0.985579
-0.036094,0.013978,0.311870,2.928566,20.010880,10.333382,3.445796,2.749000,179.591597,5.452444,1.084310,0.026981,0.985542
-0.041337,0.014273,0.299773,3.425633,20.011145,10.333417,3.447306,2.747986,179.574509,5.436665,1.084278,0.026918,0.985503
-0.042042,0.014038,0.321475,3.002164,20.011012,10.333468,3.446118,2.726189,179.550147,5.440399,1.084235,0.026912,0.985482
-0.039401,0.014207,0.330008,3.241580,20.010735,10.333397,3.445244,2.742862,179.531862,5.425649,1.084183,0.026855,0.985433
-0.039868,0.014017,0.287822,4.284272,20.011038,10.333258,3.443603,2.736955,179.513346,5.417781,1.084187,0.026808,0.985393
-0.037007,0.013854,0.328003,3.137903,20.012408,10.333440,3.445002,2.748679,179.484295,5.424203,1.084178,0.026824,0.985417
-0.037933,0.013940,0.308699,3.309770,20.010810,10.333507,3.445014,2.750057,179.478796,5.407354,1.084110,0.026778,0.985366
-0.041032,0.014287,0.333230,3.161448,20.010882,10.333425,3.445782,2.734930,179.464508,5.407384,1.084120,0.026748,0.985345
-0.038351,0.013828,0.304009,3.276737,20.011077,10.333507,3.445302,2.744662,179.444595,5.401184,1.084094,0.026741,0.985337
-0.040256,0.013636,0.320829,2.880650,20.011148,10.333408,3.443746,2.753328,179.424163,5.392522,1.084076,0.026705,0.985305
-0.041831,0.014066,0.298481,3.321062,20.010800,10.333518,3.444536,2.740649,179.426433,5.389119,1.084036,0.026718,0.985303
-0.040160,0.013247,0.306395,3.089230,20.011082,10.333487,3.443082,2.733263,179.410525,5.380578,1.084018,0.026658,0.985250
-0.037323,0.013838,0.300754,2.466093,20.011338,10.333502,3.445318,2.728437,179.408628,5.388737,1.084104,0.026674,0.985285
-0.038046,0.014080,0.313805,3.185991,20.010990,10.333465,3.447108,2.726892,179.376882,5.375947,1.083987,0.026635,0.985251
-0.037845,0.014384,0.316591,2.732922,20.011065,10.333552,3.445463,2.735329,179.369587,5.378833,1.083972,0.026639,0.985243
-0.037415,0.014417,0.293311,3.566138,20.011142,10.333265,3.446260,2.749049,179.363858,5.368980,1.083958,0.026592,0.985191
-0.039364,0.014382,0.313834,2.935308,19.982933,10.333352,3.447204,2.747489,179.327873,5.363965,1.083928,0.026572,0.985172
-0.037016,0.014029,0.316970,2.801357,19.984665,10.333447,3.445133,2.746173,179.307609,5.368642,1.083912,0.026573,0.985166
-0.040172,0.014251,0.301180,2.918525,20.011118,10.333398,3.446309,2.746131,179.296253,5.360224,1.083894,0.026537,0.985139
-0.038159,0.013751,0.295792,2.693754,20.011297,10.333368,3.443142,2.729190,179.281660,5.330248,1.083867,0.026443,0.985086
-0.039330,0.014520,0.309372,3.195186,20.010973,10.333423,3.447878,2.731153,179.271269,5.339873,1.083825,0.026456,0.985093
-0.035601,0.013967,0.307301,3.167802,20.011345,10.333460,3.447633,2.736781,179.267339,5.269034,1.083845,0.026179,0.984809
-0.036638,0.014058,0.302889,2.879236,20.010967,10.333502,3.446701,2.737419,179.249397,5.332252,1.083780,0.026453,0.985085
-0.036900,0.014226,0.318939,3.322259,19.994137,10.333427,3.448124,2.728962,179.254140,5.317450,1.083753,0.026392,0.985007
-0.039193,0.013797,0.282034,3.387472,20.008855,10.333428,3.445724,2.745866,179.237085,5.329561,1.083746,0.026431,0.985054
-0.036493,0.013802,0.303648,4.258474,20.011148,10.333452,3.447128,2.734536,179.206739,5.321773,1.083713,0.026384,0.984985
-0.037036,0.013542,0.309646,3.118360,20.011238,10.333422,3.444011,2.744954,179.183072,5.306251,1.083658,0.026328,0.984942
-0.036378,0.013686,0.291262,3.066399,20.010798,10.333408,3.444291,2.735938,179.182963,5.298191,1.083642,0.026325,0.984922
-0.036243,0.014445,0.324088,3.228224,19.999313,10.333502,3.447940,2.740354,179.182311,5.290068,1.083616,0.026282,0.984906
-0.037887,0.014037,0.295405,3.435514,20.010773,10.333417,3.447941,2.734382,179.141162,5.288142,1.083564,0.026261,0.984868
-0.037184,0.013896,0.319166,2.903002,20.010935,10.333402,3.447162,2.734100,179.122971,5.271958,1.083512,0.026211,0.984853
-0.036457,0.014408,0.294638,3.462477,20.011235,10.333467,3.447892,2.745318,179.111435,5.271388,1.083517,0.026176,0.984783
-0.037644,0.014800,0.330008,2.732689,20.011277,10.333410,3.448793,2.722534,179.123832,5.263921,1.083488,0.026147,0.984779
-0.037937,0.014876,0.298457,3.104154,20.011165,10.333418,3.448744,2.728893,179.075164,5.255456,1.083428,0.026118,0.984731
-0.037539,0.014802,0.311557,2.930356,20.010877,10.333465,3.449547,2.728207,179.049857,5.252316,1.083382,0.026093,0.984707
-0.036498,0.014907,0.314918,3.091721,20.011418,10.333438,3.450584,2.745260,179.054238,5.248395,1.083404,0.026095,0.984703
-0.039970,0.014784,0.329348,3.279802,19.976525,10.333317,3.450077,2.720038,178.991654,5.234882,1.083281,0.026036,0.984630
-0.037649,0.014406,0.336392,3.244301,20.010923,10.333397,3.447836,2.739546,178.959260,5.218802,1.083209,0.025963,0.984552
-0.036366,0.014304,0.320718,3.827152,20.011358,10.333400,3.448794,2.730468,178.980247,5.214839,1.083298,0.025928,0.984524
-0.037479,0.014505,0.304714,3.785796,19.973893,10.333528,3.450205,2.735878,178.995843,5.223428,1.083227,0.025971,0.984558
-0.036942,0.014675,0.328616,3.188118,20.011110,10.333217,3.449373,2.734642,178.969948,5.217260,1.083178,0.025938,0.984511
-0.038143,0.014515,0.312445,3.297217,20.010698,10.333338,3.448658,2.719797,178.954347,5.214608,1.083184,0.025916,0.984494
-0.038679,0.014707,0.286178,2.757029,20.005800,10.333385,3.449553,2.714447,178.948924,5.210633,1.083146,0.025908,0.984467
-0.035151,0.014675,0.302109,3.572923,20.011198,10.333398,3.447102,2.728762,178.928896,5.202796,1.083016,0.025867,0.984437
-0.035718,0.014445,0.347840,3.322607,20.011097,10.333492,3.445885,2.721540,178.874368,5.191280,1.083018,0.025804,0.984360
-0.039862,0.014398,0.328618,3.076035,20.011132,10.333510,3.447513,2.732310,178.890151,5.179614,1.082988,0.025775,0.984333
-0.034349,0.014561,0.336804,3.251330,19.983568,10.333345,3.447873,2.731636,178.873013,5.176587,1.082983,0.025761,0.984320
-0.036773,0.014191,0.323801,2.760278,20.010587,10.333385,3.446725,2.728696,178.861727,5.166735,1.082978,0.025732,0.984293
-0.037050,0.014636,0.313082,2.931493,19.982708,10.333435,3.447978,2.742102,178.850947,5.175833,1.082931,0.025734,0.984298
-0.037613,0.014992,0.307501,4.552034,19.963807,10.333413,3.451719,2.741558,178.865993,5.167418,1.082954,0.025727,0.984290
-0.036602,0.014989,0.303622,2.938994,20.010857,10.333408,3.450696,2.731369,178.852678,5.164308,1.082909,0.025718,0.984279
-0.038764,0.014754,0.321087,4.279502,20.011040,10.333350,3.450793,2.734412,178.854893,5.167022,1.082918,0.025713,0.984264
-0.039027,0.014818,0.326289,3.219789,19.973978,10.333440,3.448544,2.728239,178.840950,5.163182,1.082902,0.025699,0.984246
-0.041586,0.014856,0.291668,2.900874,19.999202,10.416838,3.450466,2.712401,178.801992,5.459637,1.082847,0.027058,0.984247
-0.039565,0.014571,0.325230,3.279605,20.011047,10.416782,3.451142,2.733137,178.762010,5.440571,1.082784,0.026942,0.984131
-0.043282,0.014931,0.334412,3.240119,19.963027,10.416585,3.449116,2.721218,178.739447,5.441886,1.082750,0.026927,0.984088
-0.039170,0.015027,0.313145,3.183822,20.011040,10.416612,3.449500,2.751806,178.724873,5.436298,1.082719,0.026905,0.984089
-0.037926,0.014170,0.281726,3.235572,19.909812,10.416812,3.445159,2.728752,178.707990,5.432279,1.082658,0.026894,0.984078
-0.039447,0.014244,0.304850,3.227722,19.872225,10.416667,3.447268,2.745194,178.683103,5.420166,1.082631,0.026833,0.984028
-0.041186,0.014963,0.334373,3.479143,19.990185,10.416692,3.449072,2.728554,178.683223,5.415063,1.082644,0.026796,0.983992
-0.038276,0.014547,0.328470,2.684089,19.938558,10.416632,3.449242,2.747522,178.659122,5.407635,1.082566,0.026780,0.983988
-0.039920,0.014697,0.322281,2.480441,19.971960,10.416687,3.450171,2.744625,178.641659,5.402828,1.082570,0.026737,0.983936
-0.037708,0.014568,0.323552,2.924129,19.946678,10.416677,3.450610,2.753298,178.410540,5.397392,1.081305,0.026704,0.983901
-0.037385,0.014655,0.334046,3.014578,19.975115,10.416873,3.449787,2.746164,178.590061,5.376286,1.082498,0.026626,0.983858
-0.042006,0.014439,0.342429,3.213813,19.915222,10.416695,3.447987,2.725370,178.547338,5.373087,1.082407,0.026622,0.983828
-0.036937,0.014228,0.304730,2.988632,20.011025,10.416783,3.448311,2.714323,178.548003,5.356883,1.082402,0.026543,0.983777
-0.036456,0.014649,0.332233,2.858362,19.938445,10.416828,3.450189,2.735670,178.564320,5.351782,1.082398,0.026520,0.983755
-0.040243,0.014135,0.342903,2.515654,19.991087,10.416728,3.445565,2.731476,178.532597,5.355513,1.082426,0.026527,0.983739
-0.038799,0.014340,0.302190,3.215389,20.011363,10.416703,3.447979,2.723798,178.523608,5.346710,1.082388,0.026501,0.983733
-0.038430,0.014250,0.315541,2.774063,20.010860,10.416682,3.448015,2.746421,178.506118,5.349312,1.082341,0.026496,0.983716
-0.036871,0.014612,0.339445,2.836986,20.010783,10.416720,3.449425,2.740355,178.501629,5.347354,1.082324,0.026498,0.983716
-0.038003,0.014234,0.324521,3.921584,20.010618,10.416793,3.448211,2.719990,178.481827,5.335696,1.082264,0.026454,0.983673
-0.041613,0.014676,0.341446,2.371591,20.010930,10.416752,3.449266,2.725056,178.466313,5.458480,1.082217,0.026385,0.983609
-0.038381,0.013948,0.347460,2.983959,20.010477,10.416717,3.448349,2.734474,178.439652,5.314772,1.082172,0.026354,0.983565
-0.040904,0.014500,0.323110,3.041663,20.010632,10.416695,3.448883,2.727245,178.416499,5.303585,1.082189,0.026303,0.983536
-0.038534,0.014574,0.312761,2.816602,20.010960,10.416662,3.448616,2.719927,178.411678,5.306774,1.082140,0.026307,0.983541
-0.040455,0.014808,0.336468,3.986098,20.011035,10.416623,3.449256,2.744317,178.374797,5.293862,1.082104,0.026256,0.983497
-0.039002,0.014926,0.342728,3.732901,20.010655,10.416730,3.451322,2.736209,178.351397,5.286234,1.082022,0.026211,0.983436
-0.040192,0.014845,0.328094,2.866404,20.011012,10.416760,3.450019,2.727588,178.315275,5.264224,1.081923,0.026151,0.983378
-0.039272,0.014625,0.337831,3.546059,20.010665,10.416640,3.448840,2.737198,178.307780,5.264150,1.081889,0.026086,0.983314
-0.039851,0.014582,0.344569,2.979774,20.010745,10.416630,3.448156,2.706942,178.316045,5.263511,1.081957,0.026117,0.983356
-0.038846,0.014624,0.343284,3.295561,20.010682,10.416773,3.448936,2.718316,178.300979,5.265755,1.081867,0.026143,0.983370
-0.037953,0.015341,0.350590,3.251321,20.011028,10.416693,3.452734,2.726555,178.286262,5.248267,1.081878,0.026062,0.983304
-0.038511,0.014461,0.325389,3.380889,20.010880,10.416772,3.446630,2.712449,178.280548,5.250003,1.081856,0.026060,0.983299
-0.036976,0.014901,0.340304,2.776989,20.010563,10.416690,3.450275,2.718455,178.275810,5.246798,1.081858,0.026055,0.983281
-0.037260,0.015303,0.317404,2.496565,20.010972,10.416842,3.451096,2.744184,178.229219,5.243057,1.081818,0.026023,0.983257
-0.038072,0.015249,0.334497,3.406069,20.010823,10.416770,3.452560,2.708836,178.206643,5.225864,1.081701,0.025972,0.983182
-0.038178,0.014826,0.340438,3.138628,20.010943,10.416865,3.451886,2.722578,178.200755,5.220954,1.081717,0.025934,0.983158
-0.038784,0.014613,0.302790,2.857903,20.010798,10.416600,3.448545,2.734526,178.171754,5.215597,1.081704,0.025933,0.983174
-0.038359,0.015523,0.353615,2.649861,19.998732,10.416682,3.452666,2.727996,178.148971,5.205745,1.081622,0.025883,0.983100
-0.039413,0.015672,0.343471,2.829869,20.011293,10.416638,3.453525,2.747262,178.127214,5.192637,1.081546,0.025826,0.983021
-0.035510,0.015028,0.328732,3.085884,20.011038,10.416790,3.452248,2.736404,178.110215,5.180397,1.081485,0.025770,0.982991
-0.035283,0.015267,0.346148,2.687759,20.010753,10.416810,3.452140,2.741773,178.135735,5.167746,1.081516,0.025710,0.982931
-0.037088,0.014771,0.341333,3.428434,20.005572,10.416727,3.449343,2.728969,178.248788,5.188798,1.081606,0.025781,0.983013
-0.036606,0.014779,0.336394,3.034459,20.010712,10.416755,3.450039,2.729960,178.387802,5.226435,1.081760,0.025898,0.983162
-0.040098,0.014718,0.351454,2.853228,20.011012,10.416768,3.449671,2.737129,178.383737,5.229974,1.081779,0.025920,0.983214
-0.037936,0.015086,0.354527,2.799285,20.010780,10.416608,3.451869,2.711602,178.283650,5.205299,1.081705,0.025863,0.983124
-0.038688,0.015131,0.339975,3.377726,20.011165,10.416663,3.452974,2.717055,178.137358,5.183073,1.081510,0.025743,0.982984
-0.037849,0.015208,0.351308,3.604156,20.011132,10.499998,3.451201,2.717214,178.032837,5.444559,1.081352,0.026993,0.982790
-0.037402,0.014817,0.317073,3.499313,20.010733,10.416722,3.451484,2.711481,178.008336,5.148783,1.081282,0.025622,0.982781
-0.041561,0.015619,0.347135,2.742306,20.010770,10.500025,3.452957,2.737009,178.036612,5.430965,1.081220,0.026898,0.982700
-0.038274,0.014799,0.341923,2.343431,20.011065,10.416652,3.449822,2.727614,178.196177,5.150054,1.081380,0.025607,0.982838
-0.037706,0.014796,0.308581,2.744699,20.010720,10.416725,3.450259,2.713089,178.319158,5.180303,1.081529,0.025709,0.982956
-0.037578,0.015236,0.341942,2.613329,20.010815,10.416658,3.452918,2.728560,178.373682,5.193166,1.081613,0.025747,0.983045
-0.036517,0.014762,0.301028,3.229366,20.010652,10.499942,3.448642,2.734262,178.382990,5.293964,1.081611,0.026195,0.982069
-0.037689,0.014224,0.321762,2.859259,20.010588,10.416610,3.447504,2.722359,178.343581,5.185231,1.081556,0.025696,0.982966
-0.038170,0.015027,0.335152,3.084474,20.010732,10.416668,3.451641,2.734544,178.280165,5.173780,1.081471,0.025656,0.982919
-0.039663,0.014652,0.301022,3.122291,20.010733,10.416760,3.450398,2.725376,178.193921,5.146469,1.081363,0.025573,0.982831
-0.034730,0.015576,0.332182,3.016185,20.008792,10.416740,3.454623,2.741650,178.018178,5.131776,1.081215,0.025493,0.982705
-0.039512,0.014399,0.324331,2.972835,19.995862,10.500142,3.448786,2.732977,177.858995,5.397232,1.080959,0.026683,0.982494
-0.039553,0.015023,0.323026,2.855234,19.994088,10.499972,3.452603,2.734657,177.845670,5.384326,1.080957,0.026631,0.982468
-0.036762,0.014978,0.338225,2.870457,20.011217,10.499953,3.452017,2.725716,177.826362,5.366207,1.080899,0.026577,0.982429
-0.038543,0.014854,0.340511,3.066432,19.961107,10.500150,3.450327,2.727146,177.809149,5.346639,1.080878,0.026504,0.982368
-0.035887,0.014829,0.331590,3.628043,19.975955,10.499988,3.451067,2.722938,177.782728,5.357384,1.080815,0.026534,0.982367
-0.041615,0.015263,0.361556,3.155533,20.011195,10.500190,3.452711,2.728033,177.749203,5.337974,1.080738,0.026452,0.982283
-0.039044,0.014779,0.356733,3.142475,20.001283,10.500112,3.452704,2.721546,177.750498,5.321193,1.080743,0.026398,0.982225
-0.041306,0.014660,0.316539,3.869992,19.965865,10.500015,3.451013,2.712418,177.741813,5.313969,1.080685,0.026367,0.982193
-0.040022,0.014316,0.372370,2.935126,20.010812,10.500022,3.450046,2.718664,177.698834,5.306511,1.080641,0.026344,0.982167
-0.041386,0.015097,0.357554,2.872806,19.962120,10.500070,3.453631,2.739871,177.719072,5.295935,1.080633,0.026294,0.982129
-0.037576,0.014992,0.341728,3.032427,19.935480,10.499948,3.451022,2.724538,177.726340,5.291226,1.080584,0.026281,0.982122
-0.040731,0.015352,0.364946,3.004057,19.992650,10.500107,3.453086,2.736404,177.774103,5.302694,1.080618,0.026278,0.982115
-0.038700,0.015328,0.334967,3.342180,20.011195,10.500050,3.453466,2.723773,177.888233,5.316791,1.080709,0.026317,0.982176
-0.038499,0.014417,0.349375,2.574979,20.010957,10.499990,3.448579,2.737051,177.995346,5.340903,1.080836,0.026423,0.982278
-0.036133,0.015345,0.342082,2.954866,20.010582,10.416803,3.452370,2.729027,178.002166,5.055896,1.080899,0.025150,0.982377
-0.041375,0.015605,0.335199,2.865784,20.010945,10.499975,3.453614,2.716373,177.918683,5.344302,1.080826,0.026456,0.982299
-0.039231,0.014782,0.335233,3.904797,19.959398,10.500075,3.450851,2.723494,177.720908,5.303132,1.080594,0.026271,0.982141
-0.037674,0.015504,0.342537,3.199937,19.894490,10.500052,3.454226,2.712643,177.577082,5.260096,1.080366,0.026111,0.981940
-0.039165,0.014983,0.347458,3.014052,19.974542,10.499977,3.453220,2.722703,177.546233,5.232918,1.080296,0.026013,0.981848
-0.039134,0.015102,0.333826,3.688741,20.011253,10.500012,3.450280,2.704667,177.680132,5.237621,1.080329,0.026027,0.981888
-0.040372,0.014671,0.320810,2.531641,20.010920,10.500048,3.449468,2.717460,177.909874,5.300418,1.080600,0.026227,0.982104
-0.037057,0.016093,0.339198,3.009778,20.011063,10.416827,3.455198,2.714124,178.058094,5.024530,1.080789,0.024988,0.982243
-0.035504,0.015241,0.347699,3.502685,20.010928,10.416723,3.452321,2.741592,178.113699,5.049427,1.080802,0.025062,0.982340
-0.038215,0.015556,0.332982,2.464535,20.010903,10.416815,3.452525,2.732377,178.157969,5.046275,1.080894,0.025061,0.982353
-0.038884,0.014900,0.337378,2.728421,20.010943,10.416683,3.451640,2.713770,178.130944,5.045282,1.080857,0.025054,0.982358
-0.039079,0.015370,0.344391,3.192521,20.010938,10.416717,3.451360,2.736445,178.091451,5.031290,1.080783,0.024985,0.982281
-0.037167,0.015233,0.318126,2.643570,20.011050,10.416652,3.453602,2.730946,177.985304,5.019885,1.080668,0.024960,0.982206
-0.038047,0.014630,0.360513,2.867304,20.011210,10.500033,3.451206,2.735356,177.742675,5.282017,1.080439,0.026126,0.981990
-0.035362,0.014888,0.334755,2.791016,19.968652,10.500188,3.451865,2.731618,177.461792,5.203115,1.080059,0.025862,0.981683
-0.037052,0.015492,0.335247,2.769249,20.003370,10.583538,3.455368,2.727994,177.420782,5.464547,1.079843,0.027077,0.981485
-0.038542,0.015228,0.360677,2.791728,19.982718,10.583362,3.453996,2.730571,177.376552,5.451770,1.079755,0.027001,0.981423
-0.039247,0.015477,0.345069,3.180112,19.943292,10.583377,3.454761,2.733229,177.346175,5.439001,1.079716,0.026940,0.981343
-0.039600,0.015618,0.382700,2.873626,19.897815,10.583510,3.455549,2.731656,177.348291,5.434375,1.079663,0.026903,0.981336
-0.039780,0.015628,0.374235,2.694475,19.874388,10.583468,3.455449,2.724324,177.314341,5.428373,1.079610,0.026855,0.981271
-0.035819,0.015211,0.369893,3.012599,19.944838,10.583293,3.453135,2.741971,177.305937,5.404308,1.079590,0.026757,0.981195
-0.038293,0.015133,0.382436,2.882441,19.933160,10.583442,3.454133,2.717172,177.280785,5.401822,1.079547,0.026763,0.981184
-0.040923,0.015066,0.360409,3.076286,19.924997,10.583457,3.452549,2.724713,177.284243,5.400188,1.079534,0.026719,0.981135
-0.040262,0.015044,0.354527,2.791743,19.886702,10.583260,3.451666,2.742296,177.306277,5.395722,1.079506,0.026700,0.981124
-0.038011,0.015526,0.352896,3.136199,20.011360,10.583482,3.455102,2.709476,177.366827,5.411537,1.079588,0.026749,0.981174
-0.039864,0.015288,0.359932,2.845157,19.925012,10.583413,3.454438,2.735112,177.409381,5.410360,1.079516,0.026789,0.981205
-0.041719,0.015427,0.373571,2.485982,19.956442,10.583415,3.453839,2.725117,177.508665,5.411766,1.079636,0.026813,0.981256
-0.036480,0.015056,0.364232,2.584076,19.944450,10.500015,3.451488,2.731536,177.656272,5.140817,1.079819,0.025525,0.981369
-0.037285,0.015059,0.357409,3.415506,19.997392,10.499892,3.452305,2.738150,177.631096,5.148048,1.079890,0.025560,0.981442
-0.037890,0.015260,0.343048,2.568389,19.982907,10.499965,3.452451,2.722612,177.454802,5.122756,1.079671,0.025454,0.981297
-0.039461,0.015305,0.357387,2.797987,19.904170,10.583388,3.452813,2.733061,177.260064,5.393024,1.079421,0.026675,0.981101
-0.035235,0.014645,0.376025,2.661351,19.870075,10.583465,3.450035,2.711362,177.168336,5.342132,1.079233,0.026475,0.980893
-0.036802,0.015290,0.363926,2.892675,19.913540,10.583487,3.452596,2.724986,177.142098,5.332817,1.079142,0.026461,0.980886
-0.041257,0.014966,0.336795,2.515941,20.011415,10.583392,3.453131,2.727166,177.202729,5.314750,1.079192,0.026368,0.980804
-0.037622,0.015350,0.361288,3.117136,19.838508,10.583450,3.451465,2.723349,176.311480,5.352389,1.079261,0.026482,0.980930
-0.037336,0.015658,0.343211,3.247700,19.893063,10.583308,3.453273,2.739954,177.455694,5.369173,1.079378,0.026564,0.981012
-0.038541,0.015437,0.358605,2.617670,19.903942,10.500095,3.453271,2.739888,177.509016,5.080626,1.079458,0.025251,0.981079
-0.035947,0.015014,0.319281,3.482239,19.998492,10.500082,3.451622,2.717462,177.508744,5.079107,1.079469,0.025241,0.981070
-0.037410,0.015193,0.350636,3.478734,19.939105,10.499938,3.452655,2.726008,177.461402,5.077789,1.079403,0.025233,0.981092
-0.040361,0.015381,0.314699,3.467113,19.941897,10.583447,3.454242,2.729298,177.419689,5.356206,1.079346,0.026522,0.980967
-0.040972,0.015257,0.381336,2.737713,19.986225,10.583430,3.452176,2.730123,177.354251,5.349516,1.079292,0.026467,0.980931
-0.039357,0.014716,0.356778,3.015116,19.889933,10.583485,3.452079,2.736926,177.132005,5.306194,1.079019,0.026295,0.980758
-0.037195,0.015588,0.369818,2.520013,19.868110,10.583478,3.455049,2.727858,176.978965,5.243265,1.078741,0.026073,0.980493
-0.036737,0.015426,0.378204,2.893421,19.915445,10.583377,3.454323,2.711815,176.966234,5.237661,1.078710,0.026038,0.980452
-0.038414,0.015525,0.346653,2.558409,19.830567,10.583392,3.455064,2.724893,176.959373,5.233850,1.078700,0.026031,0.980420
-0.035923,0.015973,0.348635,3.343236,19.912043,10.583362,3.455120,2.724880,176.918007,5.222213,1.078565,0.025978,0.980385
-0.035689,0.015160,0.366608,2.782734,19.950922,10.583388,3.453506,2.723713,176.898277,5.191537,1.078511,0.025844,0.980248
-0.039297,0.015828,0.370457,3.108860,19.877418,10.666755,3.456486,2.733070,176.859588,5.483810,1.078409,0.027158,0.980220
-0.039592,0.015463,0.360324,2.546824,19.948400,10.666795,3.452450,2.710684,176.839324,5.470758,1.078370,0.027103,0.980127
-0.039765,0.015818,0.386694,2.423956,19.892830,10.666820,3.454625,2.715457,176.822779,5.466063,1.078306,0.027061,0.980091
-0.037883,0.015503,0.365972,2.651892,19.925813,10.666698,3.452692,2.735163,176.812338,5.456071,1.078287,0.027013,0.980028
-0.037476,0.015012,0.381048,3.052487,19.956333,10.666698,3.452298,2.712773,176.819259,5.457933,1.078271,0.027009,0.980026
-0.039553,0.015708,0.366549,2.416891,19.951298,10.666943,3.454397,2.711524,176.857459,5.448705,1.078294,0.026973,0.979992
-0.041063,0.016130,0.376108,2.475673,19.921048,10.666703,3.457532,2.727793,176.898996,5.444879,1.078273,0.026991,0.980003
-0.038668,0.015641,0.387458,3.207257,19.924927,10.583255,3.453053,2.725148,176.977061,5.154939,1.078310,0.025640,0.980080
-0.037486,0.014975,0.344291,2.585257,19.922833,10.583440,3.451270,2.728902,177.109301,5.171828,1.078465,0.025699,0.980169
-0.036820,0.014969,0.343771,2.860243,19.969823,10.583460,3.452111,2.738190,177.083313,5.171132,1.078470,0.025685,0.980164
-0.036669,0.015889,0.323631,2.531615,19.975427,10.583272,3.456282,2.728140,176.947829,5.156953,1.078297,0.025628,0.980058
-0.040471,0.015692,0.382165,2.653646,19.859902,10.666697,3.455179,2.710236,176.767993,5.414741,1.078053,0.026812,0.979859
-0.036627,0.016140,0.368767,3.150165,19.880523,10.666687,3.457653,2.710729,176.699892,5.381154,1.077909,0.026692,0.979727
-0.040925,0.015442,0.370205,3.071532,19.958740,10.666730,3.454740,2.719012,176.670434,5.364636,1.077838,0.026633,0.979670
-0.039418,0.015347,0.365956,2.999077,19.841570,10.666763,3.453721,2.732381,176.741978,5.365756,1.077798,0.026615,0.979656
-0.036732,0.015454,0.366805,2.725543,19.977245,10.666818,3.454406,2.710649,176.907276,5.399537,1.077989,0.026709,0.979761
-0.039776,0.015564,0.353183,2.706695,19.870243,10.666740,3.453516,2.711681,177.010751,5.417223,1.078089,0.026846,0.979870
-0.038356,0.015813,0.381818,2.796852,19.954003,10.583443,3.455533,2.725055,177.066668,5.128646,1.078190,0.025480,0.979927
-0.033834,0.015937,0.367276,2.722325,19.999840,10.583522,3.454368,2.728861,177.097430,5.131819,1.078207,0.025498,0.979942
-0.036349,0.015689,0.360886,2.463784,19.908280,10.583267,3.454821,2.722162,177.070549,5.122922,1.078163,0.025455,0.979928
-0.036574,0.015284,0.373784,2.434001,19.879533,10.583478,3.454106,2.732031,177.036603,5.114014,1.078088,0.025425,0.979867
-0.036403,0.015123,0.368498,2.668875,19.941015,10.583298,3.454682,2.723693,176.996003,5.101696,1.078052,0.025366,0.979798
-0.037314,0.015377,0.386356,2.588111,19.887378,10.666842,3.455971,2.719155,176.772223,5.378770,1.077848,0.026617,0.979672
-0.040014,0.015631,0.367174,2.618226,19.830103,10.666752,3.454644,2.724499,176.563166,5.306668,1.077526,0.026360,0.979372
-0.036134,0.016125,0.370554,2.692728,19.863337,10.666805,3.455524,2.723718,176.556331,5.289834,1.077455,0.026305,0.979323
-0.038044,0.015909,0.364662,2.452044,19.908063,10.666767,3.456724,2.708664,176.533572,5.282107,1.077411,0.026245,0.979258
-0.038789,0.016154,0.403903,2.424960,19.821073,10.666735,3.456880,2.733274,176.519030,5.277130,1.077365,0.026217,0.979221
-0.038464,0.016219,0.384960,2.880591,19.832998,10.666853,3.457280,2.701670,176.506530,5.257810,1.077326,0.026150,0.979190
-0.038641,0.016395,0.376669,2.606001,19.799945,10.666695,3.458843,2.713397,176.481788,5.256105,1.077265,0.026134,0.979127
-0.036064,0.015579,0.391134,2.680693,19.872775,10.666712,3.456274,2.702372,176.453942,5.248400,1.077220,0.026074,0.979085
-0.037195,0.015780,0.373866,2.497538,19.893575,10.666817,3.457553,2.726176,176.428782,5.227746,1.077162,0.026013,0.979010
-0.040203,0.015812,0.404314,2.547532,19.917435,10.749900,3.456031,2.722865,176.426775,5.528311,1.077127,0.027381,0.978987
-0.040332,0.015809,0.413299,2.229029,19.816678,10.750127,3.455774,2.714629,176.406667,5.513023,1.077066,0.027322,0.978927
-0.039917,0.015369,0.399575,2.559742,19.845092,10.749942,3.453500,2.727784,176.389471,5.509332,1.077011,0.027268,0.978869
-0.038114,0.016481,0.372513,3.185684,19.904010,10.749978,3.457400,2.708345,176.389879,5.494927,1.076974,0.027186,0.978802
-0.041484,0.015999,0.383272,2.829937,19.771492,10.750092,3.456705,2.718872,176.482716,5.499540,1.076978,0.027234,0.978838
-0.039045,0.016416,0.366682,2.728855,19.822493,10.666553,3.458212,2.724719,176.574374,5.205074,1.077111,0.025866,0.978915
-0.036844,0.015841,0.340159,2.520632,19.857307,10.666687,3.455117,2.715627,176.523645,5.206708,1.077102,0.025863,0.978912
-0.037533,0.015859,0.361261,2.779577,19.806503,10.750035,3.457498,2.713998,176.366942,5.483838,1.076896,0.027157,0.978769
-0.037705,0.015656,0.398348,2.622842,19.877195,10.750168,3.455565,2.711193,176.302716,5.463510,1.076781,0.027029,0.978648
-0.040345,0.016693,0.406360,2.583689,19.812700,10.750028,3.460303,2.725357,176.279455,5.459085,1.076743,0.027000,0.978643
-0.038096,0.015314,0.401476,2.890610,19.805360,10.749975,3.455019,2.726345,176.249885,5.445518,1.076643,0.026961,0.978600
-0.040263,0.015822,0.400503,2.333723,19.841217,10.749913,3.456057,2.735986,176.315191,5.427287,1.076624,0.026868,0.978512
-0.039885,0.016534,0.393797,2.931131,19.851450,10.750022,3.457522,2.718728,176.427058,5.437821,1.076715,0.026924,0.978572
-0.039716,0.015709,0.388409,2.938476,19.808595,10.666682,3.456031,2.715462,176.555900,5.149124,1.076792,0.025596,0.978631
-0.037012,0.015997,0.379457,2.472597,19.935337,10.666765,3.454914,2.730301,176.651291,5.162281,1.076931,0.025653,0.978727
-0.037957,0.015457,0.393236,2.821229,19.814485,10.666883,3.452825,2.717400,176.713478,5.183798,1.076953,0.025715,0.978807
-0.039004,0.015113,0.381560,2.224392,19.882625,10.666757,3.454526,2.727559,176.746555,5.177071,1.076976,0.025699,0.978804
-0.035287,0.016041,0.384865,3.052872,19.877882,10.666695,3.457256,2.713373,176.764491,5.179280,1.076989,0.025683,0.978792
-0.038799,0.015658,0.372077,3.820050,19.793700,10.666652,3.455145,2.734086,176.751177,5.178084,1.076968,0.025674,0.978798
-0.038303,0.016418,0.366244,2.773687,19.840180,10.666778,3.460039,2.723325,176.546406,5.151360,1.076797,0.025581,0.978665
-0.036891,0.015755,0.405221,2.403721,19.870380,10.750043,3.456406,2.704045,176.243164,5.389911,1.076407,0.026691,0.978332
-0.037251,0.016153,0.386079,2.279021,19.788633,10.750022,3.456772,2.712825,176.097654,5.333064,1.076167,0.026459,0.978105
-0.038857,0.015341,0.406098,2.543857,19.841807,10.750155,3.455835,2.728460,176.070443,5.317758,1.076091,0.026401,0.978047
-0.037744,0.016380,0.381142,2.579551,19.804370,10.750092,3.457902,2.715845,176.053745,5.304394,1.076011,0.026353,0.977975
-0.039819,0.016225,0.400176,2.677245,19.747533,10.750005,3.459911,2.729126,176.038633,5.291870,1.075955,0.026306,0.977924
-0.037944,0.015490,0.411902,2.402264,19.795040,10.750087,3.455096,2.725275,176.030551,5.289569,1.075932,0.026278,0.977909
-0.036202,0.016306,0.396061,2.047161,19.829977,10.750115,3.459078,2.724080,176.029523,5.276677,1.075898,0.026213,0.977841
-0.037919,0.015707,0.382735,3.087152,19.793283,10.749868,3.455386,2.707615,175.981337,5.263626,1.075802,0.026161,0.977762
-0.039997,0.016270,0.411099,2.748777,19.805878,10.749992,3.459163,2.713514,175.978063,5.255772,1.075748,0.026126,0.977742
-0.038924,0.016378,0.394830,2.533231,19.832723,10.750115,3.458028,2.714261,175.969221,5.241821,1.075712,0.026074,0.977698
-0.040068,0.016078,0.396870,2.444293,19.783143,10.833478,3.458960,2.717013,175.966574,5.535387,1.075622,0.027431,0.977624
-0.037676,0.015756,0.425902,2.613804,19.733815,10.833385,3.458453,2.724172,175.976024,5.521472,1.075609,0.027375,0.977595
-0.039468,0.016432,0.401109,2.556370,19.838222,10.833090,3.459326,2.723061,175.974101,5.513510,1.075561,0.027314,0.977527
-0.039950,0.016475,0.407455,2.475615,19.799553,10.833518,3.458169,2.732213,175.984108,5.511721,1.075539,0.027303,0.977513
-0.037578,0.016005,0.427432,2.393333,19.788730,10.833278,3.457678,2.717789,175.875733,5.494446,1.075443,0.027210,0.977416
-0.040495,0.015965,0.398895,2.874413,19.824542,10.833398,3.457875,2.713742,175.902338,5.510863,1.075463,0.027282,0.977511
-0.040196,0.016490,0.408219,2.300527,19.806118,10.833557,3.458767,2.716022,175.864300,5.497381,1.075396,0.027207,0.977434
-0.039793,0.016378,0.409788,2.784373,19.786077,10.833348,3.457101,2.715063,175.844994,5.491912,1.075352,0.027169,0.977386
-0.043352,0.016331,0.418623,2.617072,19.770697,10.833542,3.456426,2.716369,175.846594,5.478224,1.075308,0.027116,0.977341
-0.036247,0.016261,0.408493,2.546365,19.803633,10.833392,3.459961,2.716544,175.873779,5.455854,1.075233,0.027034,0.977270
-0.038519,0.015735,0.422530,3.139824,19.777602,10.833250,3.457699,2.719972,175.934426,5.458116,1.075224,0.027004,0.977236
-0.039257,0.016192,0.412087,2.456325,19.882100,10.833422,3.458613,2.714911,175.990427,5.460388,1.075284,0.027040,0.977283
-0.038988,0.016341,0.402297,2.434988,19.814222,10.833297,3.459218,2.716111,176.034340,5.474695,1.075285,0.027081,0.977309
-0.037878,0.016064,0.403923,2.343043,19.765198,10.833535,3.457152,2.716396,176.080516,5.459172,1.075308,0.027045,0.977290
-0.037021,0.016614,0.410319,2.757986,19.799512,10.750063,3.459508,2.704150,176.053980,5.158179,1.075284,0.025654,0.977301
-0.042873,0.016578,0.398259,2.686418,19.786535,10.833372,3.459835,2.724133,176.030740,5.447763,1.075229,0.027002,0.977247
-0.035648,0.016084,0.409810,2.455307,19.908240,10.749983,3.457957,2.701711,176.065315,5.147931,1.075283,0.025589,0.977237
-0.039227,0.016246,0.394296,2.496048,19.740418,10.833347,3.457465,2.703800,175.880405,5.439956,1.075074,0.026909,0.977172
-0.038766,0.015874,0.427847,2.058570,19.797840,10.833438,3.456346,2.717434,175.658105,5.363539,1.074813,0.026647,0.976899
-0.036676,0.016549,0.424626,2.544807,19.709710,10.833462,3.458892,2.719855,175.659351,5.362420,1.074762,0.026620,0.976869
-0.040798,0.015948,0.403792,2.847499,19.812687,10.833447,3.457443,2.712528,175.633037,5.348483,1.074713,0.026552,0.976793
-0.034680,0.016176,0.406388,2.835189,19.754165,10.833400,3.457823,2.715537,175.617106,5.347118,1.074640,0.026515,0.976751
-0.039381,0.015746,0.429278,2.704137,19.843313,10.833437,3.456075,2.714060,175.593288,5.319195,1.074577,0.026417,0.976677
-0.037845,0.016185,0.404276,2.770042,19.676217,10.833477,3.457624,2.729470,175.580213,5.314072,1.074470,0.026398,0.976631
-0.037887,0.016535,0.421041,2.417096,19.735732,10.833395,3.458621,2.713130,175.557377,5.301380,1.074459,0.026339,0.976573
-0.038104,0.016015,0.408592,2.578437,19.844462,10.833382,3.459300,2.709171,175.557701,5.289564,1.074406,0.026288,0.976528
-0.037269,0.016335,0.422733,2.621091,19.671352,10.833377,3.461422,2.729225,175.514894,5.285240,1.074276,0.026254,0.976488
-0.037433,0.016041,0.428858,2.426803,19.722938,10.833358,3.456309,2.715357,175.510503,5.258712,1.074252,0.026164,0.976377
-0.034355,0.016067,0.398885,2.442602,19.814687,10.833445,3.459054,2.729029,175.487790,5.253950,1.074201,0.026123,0.976328
-0.038203,0.016333,0.410306,3.105121,19.703842,10.916793,3.459669,2.723161,175.866221,5.568817,1.074236,0.027593,0.976410
-0.034903,0.015934,0.392022,2.624837,19.763473,10.750068,3.456842,2.732421,176.478423,5.099556,1.075039,0.025312,0.977061
-0.036870,0.015950,0.362142,2.765123,19.800872,10.750123,3.455738,2.735194,176.824015,5.189008,1.075427,0.025675,0.977433
-0.038179,0.016032,0.393388,2.740276,19.836802,10.666698,3.455545,2.737143,176.890116,4.909121,1.075547,0.024379,0.977574
-0.036826,0.016172,0.340489,2.842719,19.868102,10.666647,3.456242,2.730556,176.827134,4.909754,1.075501,0.024372,0.977545
-0.034177,0.016354,0.387188,2.635003,19.855358,10.666817,3.456067,2.742342,176.775511,4.895768,1.075421,0.024322,0.977496
-0.038900,0.015798,0.400305,2.710965,19.826223,10.749987,3.456186,2.728404,176.742953,5.185171,1.075347,0.025660,0.977413
-0.037441,0.015860,0.383373,2.762014,19.856278,10.750105,3.454778,2.702752,176.750686,5.179220,1.075279,0.025597,0.977362
-0.036655,0.016402,0.393551,2.661070,19.832237,10.666708,3.456243,2.729166,176.978870,4.887771,1.075427,0.024269,0.977439
-0.037747,0.015686,0.359175,2.236244,19.887377,10.666650,3.453210,2.726719,177.242437,4.935397,1.075678,0.024416,0.977663
-0.037747,0.016046,0.378154,2.714892,19.855077,10.750047,3.454178,2.756983,177.432473,4.966701,1.075896,0.024514,0.976363
-0.036031,0.015534,0.362272,2.535749,19.910512,10.583462,3.452359,2.739292,177.595138,4.703453,1.076026,0.023313,0.977968
-0.036791,0.015295,0.322212,2.635523,19.918650,10.583203,3.454177,2.720104,177.713514,4.720421,1.076124,0.023365,0.978047
-0.034030,0.015622,0.367941,2.511339,19.962270,10.583360,3.451993,2.738325,177.764321,4.736096,1.076215,0.023418,0.978118
-0.037287,0.015690,0.386887,2.614506,19.955223,10.583418,3.454291,2.728143,177.774272,4.738485,1.076166,0.023422,0.978144
-0.037339,0.015514,0.357346,2.841945,20.001165,10.583582,3.454317,2.737645,177.746008,4.724602,1.076150,0.023364,0.978060
-0.033815,0.015415,0.369556,2.946338,19.938530,10.583537,3.450993,2.727615,177.517223,4.704551,1.075939,0.023306,0.977987
-0.040620,0.015812,0.345036,2.762473,20.011528,10.666673,3.453502,2.732338,177.211880,4.931363,1.075608,0.024371,0.977630
-0.035645,0.015759,0.397800,3.119971,19.939477,10.666760,3.455504,2.732861,176.947917,4.863413,1.075223,0.024129,0.977319
-0.038192,0.015985,0.374474,2.671576,19.905263,10.750153,3.458008,2.731613,176.786629,5.121539,1.074995,0.025306,0.977085
-0.036824,0.015565,0.412701,2.492634,19.814045,10.666607,3.454679,2.721101,176.648639,5.003247,1.074779,0.025145,0.976932
-0.041795,0.016147,0.364611,2.977797,19.786698,10.749968,3.458427,2.737191,176.586855,5.047729,1.074688,0.025017,0.976795
-0.037079,0.016106,0.386868,2.585794,19.777607,10.749902,3.457731,2.712621,176.551687,5.026311,1.074578,0.024928,0.976694
-0.039620,0.016181,0.372274,2.660251,19.807907,10.750187,3.458571,2.725418,176.532777,5.015733,1.074532,0.024881,0.976642
-0.036386,0.015934,0.365326,2.737324,19.794153,10.749995,3.455901,2.730612,176.517332,5.004229,1.074450,0.024838,0.976604
-0.035471,0.016771,0.407038,2.215684,19.813845,10.750182,3.459697,2.729808,176.504778,4.993318,1.074401,0.024775,0.976531
-0.036919,0.015711,0.400736,2.242171,19.792022,10.750195,3.454255,2.706074,176.514137,4.985740,1.074355,0.024736,0.976493
-0.036922,0.016000,0.387754,2.683772,19.860340,10.749997,3.456864,2.720886,176.484061,4.973872,1.074322,0.024679,0.976437
-0.034336,0.015766,0.400799,2.450112,19.768220,10.750008,3.455256,2.736778,176.475870,4.961508,1.074197,0.024623,0.976381
-0.033614,0.016302,0.385599,2.515171,19.737455,10.750138,3.456715,2.715293,176.536454,4.947273,1.074197,0.024593,0.976375
-0.035962,0.015491,0.400620,2.628633,19.853687,10.750167,3.455890,2.733127,176.618925,4.963474,1.074332,0.024594,0.976432
-0.037502,0.015975,0.397426,2.132435,19.774547,10.750093,3.455936,2.719150,176.577236,4.961320,1.074234,0.024600,0.976404
-0.037810,0.015745,0.401909,2.784242,19.809947,10.750062,3.452870,2.713265,176.464631,4.934863,1.074113,0.024505,0.976277
-0.038417,0.015650,0.402555,2.555461,19.797950,10.833193,3.453213,2.723478,176.392468,5.218469,1.073983,0.025807,0.976150
-0.039198,0.015777,0.357622,2.658529,19.756368,10.833328,3.455156,2.723488,176.354061,5.203256,1.073908,0.025730,0.976072
-0.036094,0.016021,0.402804,3.105852,19.781513,10.833517,3.457491,2.733418,176.309877,5.193755,1.073799,0.025649,0.975998
-0.038133,0.016040,0.404097,2.475012,19.776223,10.833535,3.457081,2.712832,176.489341,5.198236,1.073885,0.025685,0.976051
-0.033639,0.016425,0.411301,1.821592,19.836715,10.750098,3.458865,2.735843,176.685105,4.916388,1.074095,0.024387,0.976206
-0.034634,0.015876,0.369700,2.507516,19.838497,10.750125,3.456062,2.724038,176.845553,4.957097,1.074204,0.024491,0.976328
-0.038693,0.016111,0.394789,2.938416,19.832187,10.749965,3.457300,2.726273,176.935677,4.980052,1.074285,0.024569,0.976432
-0.035813,0.016003,0.382582,2.872398,19.841173,10.749690,3.455047,2.731655,177.012210,4.983680,1.074326,0.024605,0.976442
-0.038904,0.016463,0.379341,2.612331,19.921650,10.750035,3.458316,2.741137,177.084284,4.990649,1.074393,0.024616,0.976489
-0.035099,0.015842,0.379342,3.167825,19.921558,10.666783,3.454246,2.725104,177.103547,4.692877,1.074406,0.023256,0.976515
-0.034568,0.015811,0.348575,2.842036,19.860795,10.666698,3.454864,2.738007,177.144990,4.682610,1.074402,0.023257,0.976503
-0.039113,0.016518,0.378593,2.727265,19.864080,10.750008,3.459404,2.726206,176.950556,4.978749,1.074245,0.024563,0.976428
-0.035064,0.015756,0.404442,2.658946,19.815793,10.750140,3.456397,2.726393,176.680230,4.902794,1.073901,0.024276,0.976142
-0.035995,0.016306,0.400427,2.639022,19.838878,10.749993,3.458131,2.725610,176.481335,4.844599,1.073648,0.024072,0.975870
-0.036499,0.015945,0.403418,2.341541,19.784313,10.833317,3.455328,2.723816,176.333795,5.114546,1.073423,0.025266,0.975662
-0.038408,0.016109,0.406783,2.458524,19.798233,10.833472,3.457956,2.714003,176.233182,5.078623,1.073269,0.025123,0.975519
-0.039562,0.016377,0.377742,2.700883,19.766577,10.833367,3.457801,2.721624,176.175981,5.047403,1.073120,0.025001,0.975397
-0.036108,0.015846,0.408829,2.972004,19.764545,10.833285,3.456276,2.726726,176.155954,5.033771,1.073056,0.024937,0.975344
-0.036604,0.016287,0.416912,2.526752,19.725093,10.833305,3.457126,2.723467,175.913334,5.017766,1.071761,0.024873,0.975268
-0.034478,0.015553,0.403360,2.392492,19.749233,10.833272,3.455494,2.740252,176.147459,5.000406,1.072943,0.024819,0.975212
-0.036488,0.016068,0.362084,2.122330,19.732570,10.833473,3.458822,2.725966,176.143337,5.004434,1.072902,0.024791,0.975180
-0.036871,0.016011,0.396295,2.286592,19.741555,10.833358,3.453400,2.720370,176.171795,4.991514,1.072872,0.024743,0.975157
-0.037602,0.016293,0.405258,2.877843,19.798223,10.833427,3.458643,2.725525,176.166261,4.979864,1.072830,0.024683,0.975097
-0.035899,0.015941,0.383494,2.710378,19.742993,10.833422,3.456169,2.726078,176.182999,4.973410,1.072769,0.024661,0.975057
-0.036532,0.016311,0.394099,2.916475,19.624762,10.833287,3.456525,2.735820,176.267914,4.971185,1.072763,0.024625,0.975058
-0.037313,0.015882,0.388601,3.119584,19.790795,10.833307,3.456185,2.715731,176.340132,4.977582,1.072864,0.024649,0.975077
-0.035996,0.016107,0.383316,2.836321,19.739232,10.833582,3.456503,2.723197,176.311883,4.975317,1.072795,0.024624,0.975065
-0.035215,0.016596,0.415455,2.487312,19.783650,10.833452,3.458110,2.723571,176.215797,4.946570,1.072655,0.024528,0.974943
-0.034621,0.016534,0.405378,2.475340,19.772708,10.833405,3.457759,2.743694,176.073853,4.914355,1.072481,0.024421,0.974800
-0.037588,0.016359,0.395874,2.265729,19.846673,10.916650,3.456795,2.719924,175.988399,5.200187,1.072367,0.025687,0.974658
-0.039238,0.016479,0.390878,2.216352,19.668072,10.916783,3.458193,2.748256,175.952639,5.185766,1.072198,0.025618,0.974581
-0.038107,0.015900,0.385331,2.385313,19.675568,10.916692,3.456607,2.738880,176.101308,5.172101,1.072269,0.025590,0.974570
-0.033160,0.016339,0.388653,2.506351,19.734657,10.833343,3.456958,2.737316,176.316888,4.899499,1.072460,0.024298,0.974721
-0.036277,0.015773,0.396777,2.413513,19.790580,10.833370,3.454636,2.714514,176.488616,4.921326,1.072597,0.024371,0.974836
-0.037444,0.016130,0.381245,2.483388,19.774835,10.833363,3.455521,2.732509,176.606491,4.965631,1.072685,0.024501,0.974972
-0.038644,0.016860,0.400368,3.094039,19.796670,10.833393,3.460797,2.714073,176.681679,4.967752,1.072740,0.024527,0.974988
-0.035652,0.016022,0.377709,2.405141,19.837520,10.833567,3.455604,2.727182,176.735569,4.965387,1.072771,0.024520,0.974992
-0.040317,0.015846,0.363378,2.059298,19.843312,10.833302,3.454583,2.733461,176.743612,4.959495,1.072749,0.024504,0.974995
-0.035252,0.015743,0.379533,2.574250,19.804407,10.833540,3.456379,2.717014,176.742385,4.958995,1.072711,0.024500,0.974974
-0.040576,0.016100,0.365734,3.393268,19.813460,10.833578,3.456618,2.734996,176.552596,4.938290,1.072577,0.024394,0.974865
-0.035785,0.016160,0.417411,2.347736,19.806477,10.833432,3.456361,2.712517,176.273246,4.870429,1.072222,0.024139,0.974588
-0.034338,0.016737,0.394151,2.537933,19.692778,10.916603,3.460285,2.724683,176.060716,5.128405,1.071958,0.025321,0.974334
-0.036493,0.015857,0.392672,2.570694,19.727697,10.916705,3.457023,2.720611,175.933854,5.085943,1.071769,0.025117,0.974134
-0.038883,0.016391,0.398769,3.025025,19.733993,10.916693,3.459410,2.712844,175.854762,5.049807,1.071616,0.024981,0.974003
-0.034530,0.016475,0.420599,2.702577,19.739248,10.916760,3.457557,2.738140,175.787914,5.019232,1.071498,0.024875,0.973887
-0.036171,0.016541,0.426151,2.496341,19.654017,10.916562,3.457737,2.717982,175.759865,5.005643,1.071383,0.024798,0.973804
-0.037801,0.016486,0.426788,2.822189,19.727092,10.916678,3.458710,2.717646,175.736710,4.986934,1.071368,0.024720,0.973728
-0.036675,0.016391,0.389030,2.390550,19.712378,10.916573,3.458806,2.725196,175.712789,4.973265,1.071257,0.024672,0.973678
-0.035583,0.016110,0.389061,2.196275,19.729672,10.916825,3.457791,2.720923,175.735754,4.961558,1.071206,0.024628,0.973609
-0.035505,0.016277,0.404377,2.609769,19.623002,10.916782,3.457827,2.707120,175.781477,4.965549,1.071173,0.024612,0.973618
-0.037706,0.015892,0.413533,2.445535,19.670052,10.916680,3.458202,2.731461,175.786725,4.952436,1.071161,0.024544,0.973574
-0.036485,0.015898,0.426339,2.312135,19.696232,10.916660,3.454602,2.706302,175.820563,4.951299,1.071092,0.024529,0.973544
-0.035563,0.016985,0.399151,2.504935,19.694898,10.916803,3.460953,2.725753,175.932897,4.957120,1.071135,0.024534,0.973574
-0.036206,0.015903,0.393391,2.690289,19.723457,10.916695,3.455798,2.736973,176.033822,4.963597,1.071243,0.024582,0.973633
-0.035573,0.015832,0.382481,2.114517,19.765805,10.916562,3.455862,2.721688,176.001547,4.972710,1.071249,0.024570,0.973625
-0.037258,0.016012,0.398013,2.517819,19.742505,10.916610,3.457138,2.727857,175.871436,4.936305,1.071056,0.024446,0.973505
-0.035104,0.016230,0.374016,2.932725,19.784363,10.916773,3.458185,2.732813,175.716824,4.903373,1.070876,0.024306,0.973327
-0.039154,0.017009,0.422199,2.560270,19.721820,11.000015,3.461841,2.725221,175.625875,5.178360,1.070686,0.025604,0.973190
-0.038703,0.016594,0.437521,2.352290,19.687565,11.000093,3.458675,2.725102,175.555935,5.154026,1.070536,0.025454,0.973074
-0.038626,0.016285,0.378201,2.552234,19.687752,11.000137,3.457722,2.715310,175.663656,5.151223,1.070541,0.025431,0.973048
-0.038083,0.016878,0.396539,2.969202,19.696190,11.000190,3.461377,2.723804,175.902584,5.111427,1.070714,0.025262,0.972883
-0.036175,0.015995,0.379442,2.454151,19.754978,10.916755,3.455791,2.719935,176.078388,4.887723,1.070856,0.024201,0.973296
-0.033183,0.015934,0.380154,2.556949,19.856315,10.916827,3.453407,2.738734,176.191163,4.918529,1.070957,0.024273,0.973367
-0.034427,0.016382,0.386205,2.274757,19.722738,10.916718,3.456782,2.724675,176.258196,4.931825,1.070940,0.024325,0.973417
-0.038566,0.016687,0.412222,2.306035,19.729738,10.916613,3.457740,2.744661,176.285408,4.925848,1.070946,0.024303,0.973398
-0.035905,0.015863,0.393020,2.878238,19.774823,10.916702,3.455464,2.731049,176.276726,4.915080,1.070922,0.024267,0.973354
-0.039637,0.016236,0.394402,2.868636,19.772408,10.916713,3.456023,2.738671,176.236748,4.896604,1.070842,0.024174,0.973301
-0.036666,0.015797,0.427675,2.447555,19.817262,10.916860,3.454512,2.721030,176.052840,4.858056,1.070687,0.024058,0.973156
-0.033403,0.016438,0.400199,2.541828,19.762610,10.916680,3.458595,2.720860,175.800668,4.813051,1.070352,0.023865,0.972898
-0.037574,0.016662,0.392692,2.237019,19.744997,11.000055,3.459276,2.713243,175.583120,5.056665,1.070027,0.025000,0.972634
-0.036774,0.016356,0.430221,2.822891,19.616018,11.000172,3.457513,2.716813,175.451256,5.000406,1.069799,0.024779,0.972418
-0.035160,0.016689,0.417681,2.349501,19.648088,11.000110,3.458511,2.724005,175.357279,4.966767,1.069639,0.024645,0.972253
-0.034954,0.016262,0.406752,2.678190,19.721100,11.000200,3.458936,2.740705,175.338511,4.950397,1.069558,0.024569,0.972161
-0.036112,0.016272,0.426864,2.509682,19.611735,11.083470,3.458956,2.740626,175.319247,5.240765,1.069484,0.025931,0.972102
-0.035240,0.017003,0.438752,2.405738,19.657323,11.083432,3.461986,2.722453,175.313903,5.224130,1.069422,0.025849,0.972020
-0.038812,0.017032,0.413149,2.109346,19.658543,11.083422,3.463334,2.735197,175.303775,5.216411,1.069374,0.025786,0.971977
-0.036445,0.016867,0.393037,2.206139,19.681352,11.083267,3.461261,2.716999,175.299281,5.199291,1.069302,0.025719,0.971932
-0.039737,0.017431,0.430415,2.305538,19.595895,10.471993,3.465450,2.714454,175.280034,5.137060,1.069007,0.025406,0.971644
-0.037226,0.017011,0.426514,2.525580,19.705320,11.083443,3.461267,2.732370,175.323148,5.181720,1.069214,0.025618,0.971826
-0.037303,0.016905,0.429828,2.440777,19.714175,11.083308,3.461374,2.738015,175.347245,5.176772,1.069189,0.025614,0.971810
-0.033081,0.017011,0.437622,2.597957,19.685870,10.999972,3.461372,2.740263,175.458104,4.884324,1.069202,0.024211,0.971812
-0.037364,0.016502,0.412560,2.575809,19.629027,10.999908,3.457772,2.733020,175.561068,4.891096,1.069315,0.024244,0.971895
-0.035639,0.016399,0.427128,2.474866,19.685582,10.999993,3.459286,2.712632,175.512657,4.890183,1.069290,0.024225,0.971907
-0.036077,0.016585,0.399397,2.587009,19.724448,11.000193,3.458668,2.719116,175.349710,4.852880,1.069112,0.024111,0.971739
-0.039990,0.016886,0.413143,2.453104,19.744075,11.083512,3.460372,2.728453,175.248594,5.134183,1.068942,0.025370,0.971607
-0.040774,0.016493,0.422228,2.506820,19.688173,11.083443,3.459228,2.729865,175.191465,5.107809,1.068789,0.025250,0.971484
-0.036599,0.016579,0.419399,2.262984,19.602337,11.083365,3.460758,2.725849,175.153371,5.081758,1.068674,0.025146,0.971370
-0.037227,0.016892,0.410936,2.749101,19.720337,11.083262,3.460341,2.714022,175.247612,5.079458,1.068705,0.025107,0.971335
-0.034891,0.016884,0.407262,2.370581,19.687145,11.083408,3.459901,2.721676,175.419160,5.097950,1.068790,0.025198,0.971421
-0.034455,0.016208,0.426078,2.302185,19.720778,10.999960,3.457209,2.736277,175.524806,4.806093,1.068878,0.023852,0.971492
-0.035000,0.016565,0.349873,2.198228,19.750007,11.000158,3.458723,2.723111,175.586429,4.811029,1.068890,0.023852,0.971536
-0.034507,0.016889,0.406216,2.383164,19.744437,11.000157,3.459759,2.723828,175.650367,4.815180,1.068922,0.023856,0.971550
-0.031756,0.016762,0.404477,2.376812,19.761393,11.000143,3.459573,2.715952,175.654904,4.808294,1.068903,0.023831,0.971539
-0.036795,0.016307,0.381149,2.390862,19.783215,11.000118,3.459223,2.708373,175.671733,4.799722,1.068867,0.023786,0.971477
-0.034045,0.016980,0.434139,2.754595,19.771578,11.000092,3.458938,2.730180,175.667687,4.792613,1.068812,0.023756,0.971463
-0.035696,0.017018,0.402775,3.271175,19.679008,11.000042,3.461655,2.730486,175.556823,4.780971,1.068691,0.023691,0.971391
-0.033627,0.016838,0.415559,2.669504,19.708853,11.083295,3.460627,2.726678,175.336560,5.039632,1.068438,0.024892,0.971148
-0.036418,0.016689,0.413959,2.460879,19.660902,11.083442,3.461280,2.731037,175.166493,4.980795,1.068210,0.024677,0.970939
-0.033421,0.016541,0.444107,2.262456,19.679083,11.083347,3.458392,2.721841,175.049766,4.943340,1.068020,0.024529,0.970772
-0.036425,0.017056,0.437062,2.247962,19.685110,11.083403,3.462000,2.714610,174.969220,4.912056,1.067856,0.024420,0.970618
-0.035663,0.017414,0.424580,2.475466,19.644495,11.166655,3.464120,2.737572,174.927240,5.201899,1.067747,0.025718,0.970527
-0.039242,0.016864,0.410374,2.378140,19.590903,11.166733,3.461604,2.733826,174.756664,5.185059,1.066447,0.025636,0.970439
-0.035408,0.016987,0.396590,2.521235,19.673593,11.166778,3.462893,2.733238,174.899972,5.170575,1.067599,0.025550,0.970360
-0.036894,0.017025,0.448475,2.347866,19.640058,11.166660,3.460430,2.732208,174.876216,5.162310,1.067516,0.025490,0.970328
-0.038358,0.016288,0.456033,2.634384,19.604992,11.166912,3.457615,2.724480,174.838707,5.147191,1.067411,0.025398,0.970213
-0.034091,0.017283,0.437883,2.725522,19.595972,11.166717,3.463650,2.713332,173.763627,5.111715,1.067359,0.025300,0.970142
-0.035183,0.017065,0.431759,2.416110,19.646908,11.166822,3.461376,2.728134,174.763108,5.087529,1.067230,0.025231,0.970054
-0.036381,0.017045,0.433384,2.584678,19.541042,11.166828,3.461604,2.719484,174.766437,5.068486,1.067140,0.025133,0.969977
-0.034503,0.017201,0.451633,2.663578,19.623108,11.166733,3.462178,2.710396,174.763468,5.063067,1.067120,0.025081,0.969903
-0.036372,0.017375,0.444516,2.530944,19.624375,11.166538,3.463752,2.732610,174.734213,5.043423,1.067005,0.025001,0.969832
-0.035021,0.017167,0.458183,2.312574,19.592788,11.166803,3.460273,2.719350,174.728391,5.041415,1.066923,0.024967,0.969777
-0.038613,0.016907,0.435640,2.114815,19.580815,11.166917,3.460252,2.726709,174.711039,5.011651,1.066861,0.024875,0.969702
-0.034450,0.016900,0.438838,2.459649,19.660075,11.166640,3.461680,2.740261,174.673863,4.997623,1.066786,0.024810,0.969633
-0.033949,0.017084,0.447260,2.471616,19.610990,11.166698,3.461762,2.722657,174.644520,4.994145,1.066688,0.024765,0.969575
-0.033880,0.016728,0.426603,2.366822,19.526758,11.166888,3.460758,2.737788,174.621399,4.973302,1.066569,0.024682,0.969475
-0.036033,0.017465,0.432038,2.550392,19.634613,11.166740,3.461495,2.734671,174.821038,4.970940,1.066681,0.024658,0.969495
-0.035550,0.017092,0.429953,2.799505,19.623032,11.166793,3.461542,2.720119,175.097297,5.008735,1.066844,0.024777,0.969653
-0.039047,0.017394,0.438002,1.972188,19.648080,11.166643,3.462615,2.727754,175.339207,5.046635,1.067058,0.024958,0.969823
-0.033324,0.016949,0.427052,2.745394,19.655622,11.083473,3.460240,2.723714,175.512061,4.777389,1.067192,0.023638,0.969956
-0.034606,0.017087,0.420548,2.408225,19.706742,11.083375,3.461439,2.739306,175.653253,4.788557,1.067325,0.023674,0.970057
-0.038212,0.016103,0.386234,2.309539,19.655412,10.882703,3.456224,2.723119,175.732007,4.793313,1.067280,0.023647,0.970022
-0.035451,0.016140,0.395734,2.869597,19.655493,11.083447,3.455773,2.732776,175.789566,4.808247,1.067374,0.023738,0.970099
-0.034754,0.017287,0.398894,3.674418,19.711992,11.083402,3.458767,2.731949,175.775748,4.814751,1.067350,0.023722,0.970080
-0.034768,0.016495,0.427281,2.389670,19.670102,11.083392,3.457522,2.731110,175.615855,4.791991,1.067229,0.023630,0.970025
-0.036175,0.016825,0.427538,2.307935,19.730605,11.083295,3.459202,2.724911,175.278419,4.724490,1.066858,0.023389,0.969722
-0.045639,0.017150,0.415192,3.522864,19.435735,9.604627,3.460969,2.722732,174.909629,4.810800,1.065744,0.023761,0.968730
-0.034687,0.016756,0.397702,3.682040,19.683110,11.166682,3.457576,2.727375,174.764096,4.872825,1.066149,0.024174,0.969027
-0.037016,0.017057,0.447660,2.229459,19.547617,11.250062,3.463582,2.731094,174.675444,5.154305,1.065959,0.025470,0.968905
-0.036670,0.017289,0.449723,2.224223,19.590838,10.928022,3.464551,2.710242,174.593045,5.103380,1.065730,0.025205,0.968678
-0.035021,0.016804,0.448750,2.548349,19.662700,11.250075,3.460656,2.709398,174.552723,5.103084,1.065764,0.025229,0.968672
-0.037977,0.016772,0.459385,2.129727,19.610573,11.227525,3.461000,2.705817,173.659059,5.083294,1.065519,0.025121,0.968580
-0.037399,0.017361,0.476502,2.158256,19.550280,11.416665,3.464662,2.704947,173.220231,5.422510,1.064376,0.026919,0.967408
-0.039643,0.018134,0.486382,2.039893,19.585642,11.499983,3.466857,2.697451,171.823857,5.571259,1.063483,0.027633,0.966713
-0.039493,0.018643,0.587140,1.949610,19.668098,11.833333,3.472254,2.675706,170.085955,6.296611,1.061236,0.031399,0.964542
-0.040319,0.018351,0.486938,2.355235,19.288925,11.583377,3.472456,2.716662,173.094534,5.891241,1.063685,0.029253,0.966783
-0.037753,0.018454,0.510505,2.105912,19.456802,11.583505,3.468939,2.710428,172.208756,5.685488,1.062744,0.028204,0.965814
-0.036005,0.017500,0.480770,2.079846,19.548028,11.416627,3.464025,2.715661,173.133690,5.313701,1.063818,0.026381,0.966958
-0.040706,0.017455,0.508273,2.432375,19.535167,11.500072,3.462915,2.720741,172.903007,5.549842,1.063466,0.027502,0.966578
-0.037415,0.017550,0.468633,1.944802,19.442890,11.500100,3.463624,2.710369,172.916935,5.525845,1.063358,0.027395,0.966478
-0.038040,0.017989,0.478716,2.145474,19.516920,11.500160,3.466615,2.703306,172.960867,5.522859,1.063316,0.027386,0.966453
-0.035315,0.017961,0.479618,2.219314,19.602077,11.499823,3.467235,2.719964,172.954809,5.503639,1.063256,0.027329,0.966403
-0.036762,0.017458,0.503062,2.093374,19.495188,11.500072,3.465443,2.708002,172.931857,5.493817,1.063174,0.027296,0.966365
-0.038826,0.018108,0.494953,2.548668,19.442278,11.499978,3.466308,2.707392,172.901350,5.482547,1.063096,0.027208,0.966291
-0.037991,0.017826,0.485691,2.389109,19.477903,11.500112,3.466772,2.717556,172.677857,5.455638,1.061745,0.027081,0.966154
-0.039110,0.018019,0.477389,2.292709,19.626472,11.500163,3.468309,2.720586,173.005771,5.448271,1.063039,0.027048,0.966162
-0.040378,0.017679,0.506342,2.345748,19.492765,11.499933,3.464172,2.723881,173.147389,5.477347,1.063093,0.027116,0.966246
-0.037964,0.018635,0.477684,2.272665,19.564227,11.499988,3.469208,2.706828,173.255906,5.479606,1.063136,0.027122,0.966236
-0.038443,0.017838,0.471233,2.230476,19.590492,11.500133,3.464621,2.710837,173.356215,5.488091,1.063183,0.027174,0.966290
-0.035519,0.018089,0.498763,1.996579,19.638815,11.416758,3.466368,2.718090,173.394811,5.181454,1.063172,0.025743,0.966289
-0.034222,0.018154,0.468353,2.504578,19.627333,11.416820,3.465867,2.701072,173.444895,5.183507,1.063148,0.025714,0.966275
-0.036723,0.017645,0.482198,2.210226,19.694578,11.416572,3.464080,2.706077,173.499416,5.171239,1.063162,0.025699,0.966257
-0.037918,0.018385,0.465307,2.359016,19.531562,11.416798,3.468763,2.721483,173.439692,5.163677,1.063106,0.025631,0.966212
-0.038450,0.018331,0.469445,2.150457,19.604247,11.500048,3.467190,2.709818,173.146899,5.423019,1.062812,0.026845,0.965986
-0.037950,0.018070,0.504412,2.389781,19.591725,11.500055,3.466557,2.699713,172.879823,5.352406,1.062471,0.026575,0.965692
-0.040581,0.018512,0.510343,1.951647,19.481815,11.583335,3.469071,2.720027,172.703189,5.602748,1.062151,0.027771,0.965433
-0.039653,0.018179,0.474047,1.949636,19.540867,11.583485,3.468748,2.706527,172.675360,5.567503,1.062044,0.027600,0.965297
-0.039843,0.018060,0.506632,2.052158,19.481718,11.583353,3.466808,2.720763,172.663221,5.549912,1.061921,0.027525,0.965218
-0.041107,0.018001,0.507850,2.212846,19.566945,11.583403,3.466733,2.710443,172.638169,5.531137,1.061873,0.027435,0.965109
-0.037894,0.017722,0.500861,1.906366,19.495642,11.583333,3.464167,2.693063,172.612330,5.513634,1.061762,0.027364,0.965041
-0.037321,0.017796,0.498024,2.113985,19.516688,11.583557,3.463877,2.696325,172.588002,5.486000,1.061674,0.027254,0.964950
-0.036174,0.018138,0.487759,2.299895,19.545175,11.583387,3.465031,2.712610,172.558407,5.478873,1.061603,0.027194,0.964898
-0.039345,0.018387,0.506440,2.292136,19.508548,11.583417,3.467313,2.721501,172.553512,5.454524,1.061518,0.027111,0.964803
-0.034801,0.017749,0.507455,2.138445,19.550518,11.583280,3.464914,2.708255,172.546825,5.446886,1.061454,0.027039,0.964754
-0.036843,0.017988,0.490482,2.038750,19.477050,11.583545,3.466746,2.710249,172.556492,5.430862,1.061358,0.026969,0.964684
-0.035878,0.018651,0.476383,2.115396,19.493242,11.583550,3.468610,2.711321,172.601183,5.416381,1.061353,0.026915,0.964627
-0.036626,0.017981,0.493901,2.749640,19.568895,11.583413,3.465945,2.699449,172.650370,5.418090,1.061325,0.026887,0.964604
-0.035548,0.018320,0.478238,2.163772,19.484478,11.583600,3.465196,2.716447,172.641581,5.412213,1.061296,0.026849,0.964571
-0.036369,0.018013,0.507359,2.116552,19.541508,11.583432,3.466253,2.710047,172.506716,5.380508,1.061149,0.026729,0.964463
-0.039110,0.018313,0.499944,2.059259,19.564177,11.666860,3.466466,2.710343,172.507049,5.666762,1.061049,0.028117,0.964372
-0.038833,0.018277,0.490402,2.170814,19.504938,11.666808,3.466920,2.717240,172.482800,5.658835,1.060942,0.028037,0.964292
-0.037548,0.018202,0.505682,1.986175,19.510507,11.666878,3.468044,2.710127,172.458212,5.646523,1.060848,0.027972,0.964231
-0.039561,0.018964,0.514674,1.994868,19.515475,11.666828,3.469522,2.718234,172.443752,5.621349,1.060728,0.027856,0.964122
-0.035708,0.018264,0.455422,2.211743,19.498485,11.666555,3.467957,2.714010,172.539323,5.597129,1.060676,0.027741,0.964048
-0.037645,0.017999,0.485279,2.133599,19.537180,11.583272,3.465078,2.706893,172.665883,5.301755,1.060752,0.026354,0.964068
-0.034846,0.018422,0.501343,1.950793,19.589858,11.583522,3.467062,2.715849,172.752756,5.298192,1.060743,0.026338,0.964103
-0.033478,0.018738,0.470778,2.097053,19.479777,11.583497,3.470617,2.720521,172.790078,5.303370,1.060724,0.026327,0.964104
-0.036935,0.018619,0.510741,2.366857,19.544412,11.583497,3.469004,2.722214,172.815030,5.296329,1.060698,0.026269,0.964031
-0.036456,0.018089,0.475003,2.487168,19.544487,11.583407,3.465772,2.688061,172.758840,5.271911,1.060588,0.026180,0.963973
-0.035632,0.018005,0.484859,2.350369,19.641342,11.583443,3.467177,2.692957,172.711795,5.251597,1.060480,0.026085,0.963838
-0.037121,0.018245,0.457070,2.450128,19.577285,11.666887,3.467774,2.706879,172.628839,5.537347,1.060392,0.027462,0.963773
-0.036771,0.018255,0.510312,2.150204,19.547773,11.666723,3.467466,2.686846,172.348518,5.491074,1.060061,0.027216,0.963547
-0.037080,0.017956,0.527528,2.003460,19.507412,11.666722,3.465957,2.710509,172.245637,5.429262,1.059793,0.027003,0.963303
-0.035186,0.018298,0.486374,1.873071,19.500392,11.666827,3.466100,2.712690,172.216922,5.409023,1.059681,0.026903,0.963196
-0.034728,0.018786,0.516691,2.196610,19.578348,11.666738,3.470535,2.705148,172.211029,5.396892,1.059640,0.026827,0.963121
-0.034395,0.018381,0.480430,2.597519,19.485692,11.750075,3.469128,2.716911,172.188983,5.676355,1.059487,0.028140,0.963026
-0.039596,0.018623,0.493737,2.351424,19.561077,11.749912,3.468303,2.698460,172.146656,5.645640,1.059401,0.027991,0.962879
-0.038001,0.018759,0.543766,2.119030,19.459263,11.750030,3.469219,2.719941,172.141987,5.641621,1.059289,0.027964,0.962841
-0.036388,0.018420,0.491125,2.351879,19.611237,11.750015,3.467216,2.697780,172.117906,5.622932,1.059219,0.027835,0.962720
-0.040026,0.018340,0.518666,2.094942,19.518608,11.750017,3.467668,2.694276,172.070173,5.592947,1.059048,0.027734,0.962640
-0.034733,0.018663,0.532338,1.947028,19.537082,11.750138,3.468713,2.714342,172.056220,5.567432,1.058936,0.027594,0.962485
-0.038069,0.018364,0.487955,2.081229,19.429652,11.750117,3.468702,2.698900,172.062813,5.535698,1.058820,0.027493,0.962388
-0.035582,0.019209,0.524251,2.023109,19.530275,11.750125,3.472655,2.707290,172.043909,5.521370,1.058735,0.027385,0.962278
-0.035790,0.017904,0.492611,2.041315,19.561478,11.750060,3.464094,2.728778,172.038128,5.502013,1.058629,0.027318,0.962223
-0.036818,0.019042,0.525587,2.151436,19.514545,11.750233,3.470475,2.721714,172.125870,5.489825,1.058609,0.027262,0.962158
-0.034678,0.018718,0.499260,2.051137,19.504562,11.750052,3.470201,2.707195,172.150196,5.485543,1.058593,0.027238,0.962150
-0.034749,0.018925,0.540004,1.941374,19.652263,11.750012,3.469329,2.704454,172.024166,5.464616,1.058493,0.027127,0.962041
-0.033525,0.019046,0.513291,2.109122,19.401137,11.750025,3.471918,2.697990,171.943757,5.439527,1.058232,0.027044,0.961929
-0.034822,0.018514,0.550189,2.048176,19.580415,11.750128,3.467283,2.695440,171.944456,5.417638,1.058216,0.026940,0.961812
-0.038055,0.018594,0.501318,1.988681,19.604110,11.833448,3.468417,2.719158,171.932901,5.705301,1.058103,0.028283,0.961755
-0.038287,0.019166,0.531359,2.294382,19.496907,11.833475,3.471739,2.704835,171.888904,5.691235,1.057925,0.028206,0.961672
-0.040066,0.018999,0.533009,2.173638,19.495532,11.833302,3.469072,2.701805,172.048419,5.658060,1.057934,0.028067,0.961546
-0.038304,0.018603,0.518663,2.045532,19.572337,11.749992,3.466554,2.717121,172.290438,5.381025,1.058103,0.026730,0.961664
-0.035682,0.018895,0.512348,1.855419,19.583535,11.750203,3.468550,2.707713,172.449480,5.400872,1.058187,0.026774,0.961776
-0.038017,0.018824,0.494776,2.153150,19.417198,11.218338,3.467918,2.709300,172.507797,5.372540,1.057968,0.026604,0.961610
-0.036575,0.018889,0.523642,2.082026,19.532173,11.653822,3.469396,2.701778,172.570241,5.402668,1.058135,0.026726,0.961718
-0.038188,0.018709,0.516538,2.009681,19.549338,11.749965,3.466922,2.711484,172.609434,5.402077,1.058127,0.026738,0.961712
-0.040120,0.018653,0.509443,1.961550,19.495993,11.201118,3.467791,2.707788,172.569222,5.351202,1.057855,0.026460,0.961480
-0.037020,0.018465,0.506005,2.324119,19.529452,11.589747,3.466491,2.715012,172.558914,5.358951,1.057930,0.026497,0.961517
-0.036204,0.018530,0.514130,2.011922,19.614818,11.750105,3.467096,2.710096,172.268111,5.320734,1.057726,0.026378,0.961366
-0.037143,0.019149,0.511603,2.175334,19.511467,11.561137,3.469411,2.707663,171.895353,5.538505,1.057208,0.027419,0.960936
-0.033921,0.018614,0.539252,2.126658,19.527868,11.833272,3.467772,2.709217,171.730590,5.474952,1.056951,0.027195,0.960690
-0.034692,0.018333,0.531839,2.226012,19.546460,11.833363,3.465557,2.707408,171.681691,5.443092,1.056797,0.027069,0.960570
-0.036316,0.018578,0.487891,2.399796,19.455172,11.811503,3.466944,2.717185,171.660687,5.722772,1.056619,0.028363,0.960418
-0.038313,0.019428,0.510420,1.959179,19.560292,11.916732,3.472404,2.690880,171.610465,5.696878,1.056547,0.028253,0.960339
-0.037929,0.019209,0.539298,1.894423,19.426903,11.916662,3.469698,2.703404,171.608757,5.686213,1.056390,0.028179,0.960240
-0.038572,0.019150,0.530232,1.933139,19.541135,11.916690,3.469080,2.711768,171.552110,5.658549,1.056312,0.028012,0.960104
-0.034873,0.018596,0.539222,1.853897,19.536093,11.916743,3.466826,2.693639,171.545109,5.637550,1.056198,0.027948,0.960032
-0.038184,0.018960,0.541732,2.515556,19.527172,11.916810,3.468729,2.708824,171.496100,5.606999,1.056069,0.027810,0.959909
-0.036953,0.018427,0.544288,1.897068,19.558172,11.916665,3.466935,2.715007,171.476278,5.578720,1.055969,0.027695,0.959808
-0.037005,0.018916,0.514672,2.293699,19.409945,11.916782,3.470823,2.715724,171.472941,5.562071,1.055814,0.027602,0.959710
-0.035059,0.018982,0.550042,1.869424,19.545910,11.916808,3.470036,2.700624,171.451678,5.526854,1.055724,0.027474,0.959577
-0.036666,0.018946,0.533777,1.964156,19.543772,11.916690,3.467774,2.706447,171.440289,5.508912,1.055586,0.027375,0.959476
-0.035143,0.018971,0.554825,1.929792,19.475670,11.916697,3.469674,2.719822,171.497398,5.501362,1.055545,0.027307,0.959411
-0.035950,0.018955,0.506087,1.975949,19.560983,11.916760,3.467094,2.724826,171.438768,5.471799,1.055447,0.027207,0.959320
-0.039038,0.019489,0.560631,2.041555,19.504385,12.000037,3.471072,2.688152,171.387246,5.753201,1.055258,0.028544,0.959215
-0.039252,0.020023,0.509311,1.908810,19.493960,12.000168,3.474568,2.693743,171.404486,5.737989,1.055178,0.028440,0.959105
-0.037312,0.019352,0.552187,1.842232,19.503262,11.667270,3.470089,2.706595,171.388485,5.689482,1.054935,0.028224,0.958901
-0.036266,0.018865,0.570811,1.814291,19.519558,11.999935,3.467710,2.707764,171.361637,5.633554,1.054885,0.027957,0.958610
-0.036532,0.019164,0.515213,1.981975,19.412350,12.000047,3.470667,2.718084,171.435507,5.664176,1.054792,0.028069,0.958758
-0.038638,0.019829,0.537935,2.394749,19.499547,11.917727,3.468626,2.714836,171.605213,5.660684,1.054852,0.028066,0.958763
-0.034353,0.019726,0.526204,2.067893,19.503635,11.916850,3.472920,2.717186,171.734082,5.366310,1.054892,0.026662,0.958812
-0.037074,0.018791,0.525240,2.089500,19.491798,11.077820,3.466860,2.710787,171.780725,5.296566,1.054583,0.026295,0.958494
-0.035823,0.018709,0.522797,2.027089,19.638723,11.916852,3.466013,2.705512,171.829356,5.343477,1.054832,0.026542,0.958728
-0.035559,0.019069,0.510702,2.205820,19.401023,11.450748,3.467134,2.705939,171.781060,5.305498,1.054503,0.026334,0.958507
-0.040291,0.019369,0.543215,2.280657,19.435118,11.211888,3.469852,2.716401,171.727994,5.252305,1.054300,0.026073,0.958286
-0.039306,0.019051,0.521349,1.934038,19.531558,11.227222,3.468393,2.709293,171.672074,5.519964,1.054147,0.027339,0.958109
-0.037266,0.018635,0.545928,1.992874,19.509948,12.000095,3.467396,2.714982,171.457553,5.544756,1.054192,0.027472,0.958240
-0.036816,0.019699,0.566861,1.763525,19.513283,11.767448,3.469763,2.710127,171.133062,5.740838,1.053684,0.028487,0.957768
-0.035437,0.019233,0.532288,1.915070,19.608418,12.083330,3.470561,2.706778,171.142609,5.749571,1.053715,0.028496,0.957759
-0.039836,0.019716,0.527786,2.117867,19.474223,11.707268,3.472197,2.703165,171.091627,5.694362,1.053416,0.028243,0.957534
-0.040330,0.019314,0.546420,1.828407,19.506965,11.687207,3.469066,2.718516,171.052374,5.667335,1.053269,0.028097,0.957393
-0.036723,0.019240,0.537772,1.885658,19.484407,12.072017,3.470551,2.699678,171.043027,5.666151,1.053271,0.028085,0.957388
-0.036307,0.019475,0.545896,1.888302,19.499472,11.426250,3.470776,2.699497,171.005660,5.581443,1.052886,0.027690,0.957021
-0.034982,0.019862,0.564877,1.938040,19.435620,12.083442,3.473529,2.706066,171.032117,5.608042,1.052961,0.027835,0.957135
-0.036363,0.019566,0.579169,1.938703,19.529748,12.083400,3.472158,2.697981,171.009326,5.580638,1.052883,0.027707,0.957029
-0.035537,0.019382,0.543022,1.781815,19.529573,11.930902,3.469201,2.707865,170.964316,5.544894,1.052685,0.027550,0.956869
-0.034344,0.019235,0.555093,2.013345,19.527880,12.060672,3.470310,2.696864,170.955388,5.529478,1.052625,0.027472,0.956780
-0.038590,0.019452,0.570391,1.906305,19.480613,11.361445,3.470267,2.718746,170.872247,5.444668,1.052181,0.027072,0.956395
-0.034773,0.019645,0.568939,2.044028,19.545987,12.166693,3.470253,2.701302,170.872147,5.774724,1.052292,0.028637,0.956503
-0.038398,0.020311,0.550441,1.932088,19.502065,12.166763,3.475624,2.706547,170.811035,5.750174,1.052138,0.028511,0.956384
-0.038350,0.019840,0.525722,1.768889,19.529357,12.166712,3.473318,2.717237,170.786075,5.712600,1.052033,0.028323,0.956221
-0.038661,0.019581,0.575941,2.015557,19.568398,12.166643,3.470418,2.688728,170.797432,5.684387,1.051910,0.028179,0.956080
-0.041503,0.019051,0.498894,1.938987,19.428750,11.338902,3.470756,2.704759,170.775220,5.608834,1.051465,0.027801,0.955748
-0.034407,0.019574,0.557287,1.922596,19.574695,11.980915,3.471087,2.711646,170.767360,5.630243,1.051574,0.027918,0.955836
-0.033391,0.019746,0.555539,1.800053,19.545492,12.166742,3.470822,2.710822,170.745141,5.609375,1.051468,0.027862,0.955765
-0.036310,0.019521,0.560411,2.217296,19.480027,12.166713,3.469416,2.701975,170.714089,5.583316,1.051278,0.027734,0.955648
-0.039570,0.019472,0.569913,1.801356,19.500945,11.497777,3.470615,2.695881,170.600042,5.488752,1.050902,0.027288,0.955218
-0.032094,0.020131,0.562179,1.927205,19.523842,12.166643,3.472609,2.718198,170.641856,5.507600,1.050969,0.027401,0.955297
-0.037820,0.020108,0.539856,1.969783,19.568802,11.532882,3.471352,2.703343,170.649716,5.441367,1.050688,0.027062,0.954987
-0.036408,0.019839,0.583597,1.774988,19.502155,12.250040,3.470396,2.694712,170.701832,5.771982,1.050787,0.028634,0.955119
-0.035338,0.020457,0.561524,1.866911,19.518865,12.250033,3.474314,2.699796,170.688248,5.746301,1.050660,0.028497,0.955000
-0.033967,0.019690,0.542700,1.731380,19.570588,12.250090,3.470181,2.709939,170.645598,5.720656,1.050539,0.028372,0.954874
-0.037223,0.019862,0.567956,1.832969,19.498235,12.250197,3.469909,2.703676,170.514875,5.682957,1.050286,0.028188,0.954694
-0.034582,0.020042,0.562327,1.781045,19.577503,12.249945,3.470669,2.705688,170.488946,5.637020,1.050125,0.028013,0.954518
-0.040019,0.019449,0.568917,1.861499,19.444395,11.743477,3.469269,2.704469,170.483418,5.578934,1.049783,0.027727,0.954243
-0.035518,0.019819,0.561851,1.694512,19.497503,12.250020,3.470644,2.701543,170.494519,5.580084,1.049824,0.027750,0.954266
-0.033889,0.020704,0.561855,2.000916,19.568067,12.250152,3.474776,2.699496,170.463849,5.556489,1.049694,0.027649,0.954138
-0.035497,0.019967,0.575890,1.845083,19.511027,12.333575,3.469513,2.703135,170.430364,5.832945,1.049556,0.028957,0.954013
-0.037117,0.019713,0.573461,1.693102,19.507160,11.932320,3.470270,2.716944,170.390194,5.779579,1.049239,0.028663,0.953734
-0.036634,0.019810,0.573643,1.883570,19.610120,12.333257,3.470469,2.707066,170.368921,5.713406,1.049254,0.028353,0.953456
-0.039341,0.020137,0.570603,1.811566,19.389183,11.807567,3.473114,2.703216,170.327767,5.710922,1.048844,0.028329,0.953453
-0.040896,0.019858,0.585232,1.751730,19.477772,11.461723,3.470657,2.717990,170.292451,5.632179,1.048556,0.027974,0.953114
-0.040725,0.020337,0.577765,1.730970,19.523667,11.357847,3.474737,2.702753,170.240604,5.595566,1.048335,0.027787,0.952924
-0.034522,0.020260,0.603032,1.756134,19.475842,12.333523,3.473741,2.713985,170.208855,5.635558,1.048511,0.028013,0.953107
-0.036014,0.020874,0.590927,1.855990,19.505598,11.840650,3.476391,2.707519,170.173169,5.566836,1.048227,0.027693,0.952807
-0.037724,0.020574,0.567463,1.832456,19.540667,12.180578,3.472129,2.714050,170.140616,5.851230,1.048160,0.029059,0.952742
-0.034464,0.020178,0.601141,1.682231,19.525895,12.416250,3.472285,2.684683,170.575852,5.841925,1.048059,0.028992,0.952742
-0.037474,0.020348,0.594522,1.724958,19.478718,12.225158,3.472645,2.705059,170.090129,5.789323,1.047840,0.028728,0.952419
-0.035104,0.020291,0.600045,1.679776,19.532235,12.416637,3.472806,2.706876,170.108645,5.785255,1.047763,0.028663,0.952355
-0.040043,0.020915,0.603140,1.719611,19.478982,11.332928,3.474596,2.694084,170.040482,5.680877,1.047255,0.028146,0.951885
-0.035920,0.020017,0.616542,1.899515,19.516687,12.356422,3.471253,2.688569,170.003704,5.710233,1.047407,0.028339,0.952041
-0.034921,0.020266,0.609725,1.856950,19.582723,12.248828,3.471264,2.697872,169.998668,5.671362,1.047276,0.028214,0.951939
-0.036013,0.020827,0.596641,1.676192,19.437002,11.821098,3.474198,2.702287,169.956661,5.621034,1.046940,0.027941,0.951668
-0.040624,0.020925,0.604120,1.763417,19.451522,11.366680,3.475034,2.691535,169.898190,5.545850,1.046604,0.027572,0.951327
-0.038168,0.020390,0.606170,1.768684,19.540947,12.179672,3.471651,2.713047,169.867964,5.575172,1.046677,0.027734,0.951445
-0.039295,0.020978,0.590637,1.882957,19.478665,11.703377,3.473173,2.691928,169.881598,5.798108,1.046326,0.028766,0.951058
-0.043534,0.020838,0.619334,1.685461,19.443533,11.234797,3.469847,2.705982,169.947948,5.730800,1.046067,0.028456,0.950792
-0.043664,0.021079,0.560811,1.947583,19.462105,11.119912,3.473379,2.687150,169.986388,5.714994,1.045901,0.028323,0.950674
-0.039792,0.020786,0.601719,1.673003,19.509840,11.747147,3.470884,2.703329,170.005272,5.740569,1.046034,0.028446,0.950805
-0.037565,0.021188,0.579983,1.728479,19.511120,12.476477,3.473269,2.687623,169.976082,5.764659,1.046129,0.028595,0.950910
-0.036491,0.020393,0.612098,1.866357,19.576667,12.027720,3.471768,2.706383,169.874958,5.695436,1.045839,0.028233,0.950581
-0.035182,0.020326,0.608551,1.609253,19.483442,11.901675,3.471413,2.689982,169.771465,5.632928,1.045519,0.027994,0.950349
-0.035571,0.021323,0.619513,1.708451,19.567822,12.500198,3.476215,2.692693,169.697168,5.630122,1.045513,0.028010,0.950339
-0.036667,0.020901,0.619133,1.735322,19.529235,12.583443,3.471345,2.686154,169.638498,5.908392,1.045301,0.029311,0.950181
-0.039765,0.021118,0.641309,1.679721,19.485347,11.540652,3.474957,2.699458,169.568504,5.804939,1.044765,0.028776,0.949687
-0.045298,0.021418,0.623538,1.950587,19.406370,10.900520,3.474285,2.706664,169.524516,5.713124,1.044321,0.028328,0.949290
-0.038112,0.020802,0.615661,1.787376,19.457380,11.686448,3.473651,2.706373,169.527622,5.738857,1.044410,0.028466,0.949403
-0.035926,0.021066,0.632479,1.594851,19.545773,12.247455,3.474063,2.704148,169.501325,5.734950,1.044447,0.028494,0.949412
-0.033735,0.021268,0.625441,1.876889,19.543480,12.583383,3.472517,2.701538,169.470322,5.730020,1.044394,0.028472,0.949398
-0.039138,0.021179,0.596350,1.736656,19.514142,11.786903,3.473872,2.713854,169.430608,5.633753,1.043945,0.028025,0.948973
-0.037900,0.021310,0.624244,1.842220,19.478005,11.501810,3.474865,2.696442,169.367842,5.581479,1.043646,0.027764,0.948695
-0.044691,0.021027,0.582569,1.716320,19.516362,11.217113,3.474635,2.692839,169.293805,5.810459,1.043313,0.028851,0.948360
-0.036772,0.021706,0.609678,1.750635,19.517388,12.666697,3.474424,2.687855,169.329241,5.889626,1.043609,0.029207,0.948684
-0.039525,0.021325,0.648339,1.616588,19.511308,11.483073,3.474998,2.685455,169.251603,5.755970,1.043058,0.028595,0.948151
-0.036326,0.021030,0.629235,1.589816,19.450625,12.614337,3.474581,2.700514,169.267008,5.807006,1.043195,0.028828,0.948330
-0.036582,0.021644,0.607423,1.994757,19.535908,11.757548,3.474857,2.693436,169.202585,5.706857,1.042761,0.028344,0.947886
-0.038497,0.021551,0.636709,1.726524,19.414277,11.604443,3.475767,2.699653,169.114599,5.650076,1.042418,0.028072,0.947584
-0.040111,0.021207,0.635127,1.637995,19.477348,11.688172,3.470690,2.703841,169.101527,5.898816,1.042267,0.029300,0.947403
-0.035499,0.021353,0.633433,1.621737,19.614625,12.531567,3.474680,2.698358,169.129628,5.945936,1.042454,0.029510,0.947584
-0.041432,0.021627,0.628054,1.826155,19.468825,11.586260,3.475263,2.701267,169.113120,5.863318,1.041917,0.029040,0.947142
-0.043202,0.021871,0.649069,1.692710,19.597197,11.625798,3.479535,2.689169,169.064394,5.816565,1.041777,0.028850,0.946956
-0.037333,0.021489,0.640982,1.739024,19.482853,12.213322,3.474653,2.684196,169.031900,5.810627,1.041740,0.028889,0.946990
-0.042037,0.020920,0.628455,1.615560,19.476507,11.466398,3.472819,2.696414,168.943709,5.717978,1.041269,0.028411,0.946535
-0.038388,0.022120,0.658815,1.706960,19.455160,11.650705,3.477104,2.695021,168.886767,5.670476,1.041044,0.028232,0.946353
-0.041732,0.022451,0.651412,1.624662,19.464258,11.630262,3.477187,2.707646,168.887173,5.926386,1.040814,0.029402,0.946077
-0.033096,0.022066,0.651818,1.703607,19.616362,12.833393,3.474996,2.704956,168.971477,5.989184,1.041134,0.029719,0.946367
-0.037356,0.021410,0.619940,1.801685,19.479730,12.423108,3.474824,2.705427,168.975606,5.939974,1.040855,0.029480,0.946145
-0.041338,0.021462,0.652513,1.861787,19.522725,11.734620,3.473197,2.695580,168.921356,5.844118,1.040451,0.029004,0.945723
-0.033988,0.021617,0.659111,1.732340,19.523323,12.833378,3.472423,2.697601,168.914537,5.878571,1.040589,0.029216,0.945920
-0.038894,0.021726,0.639628,1.739686,19.526135,11.533592,3.475092,2.691299,168.791313,5.739655,1.039942,0.028541,0.945266
-0.041224,0.022136,0.662784,1.589524,19.450383,11.693112,3.475596,2.690817,168.711601,5.709014,1.039714,0.028415,0.945113
-0.044348,0.022547,0.672740,1.614151,19.528067,11.312140,3.477510,2.701132,168.581014,5.928518,1.039341,0.029422,0.944724
-0.037312,0.021859,0.676370,1.561682,19.545052,12.749855,3.477390,2.694540,168.604194,6.000957,1.039613,0.029795,0.945060
-0.038228,0.021605,0.657666,1.721555,19.618425,12.186603,3.471996,2.683152,168.584054,5.930312,1.039305,0.029448,0.944728
-0.045741,0.021488,0.676318,1.555106,19.449897,10.703577,3.471842,2.704809,168.477621,5.762646,1.038478,0.028656,0.944000
-0.040208,0.021990,0.671674,1.661836,19.497457,11.443555,3.472104,2.695185,168.471456,5.778240,1.038524,0.028736,0.944053
-0.040557,0.021976,0.683137,1.527724,19.470212,11.277238,3.475505,2.698681,168.437840,5.725444,1.038263,0.028479,0.943820
-0.042915,0.022815,0.658544,1.561766,19.522870,11.593455,3.481321,2.700624,168.396427,6.003829,1.038132,0.029828,0.943721
-0.035018,0.022421,0.671179,1.823771,19.610585,12.695863,3.474496,2.701902,168.372438,6.047868,1.038322,0.030038,0.943891
-0.043008,0.022182,0.676676,1.568587,19.510718,11.382318,3.474163,2.684881,168.300901,5.913264,1.037688,0.029359,0.943260
-0.033727,0.021728,0.661536,1.532306,19.615167,12.746263,3.474575,2.701728,168.266250,5.959138,1.037902,0.029635,0.943510
-0.041731,0.022736,0.694287,1.658816,19.560520,11.573112,3.476448,2.704712,168.182748,5.825862,1.037277,0.029011,0.942902
-0.037553,0.022633,0.694487,1.584820,19.525270,12.180940,3.477218,2.691382,168.155156,6.124344,1.037215,0.030418,0.942866
-0.039524,0.023266,0.681787,1.649676,19.613893,12.453135,3.479576,2.697430,168.104590,6.104379,1.037106,0.030339,0.942766
-0.036832,0.022561,0.671364,1.671271,19.562898,12.372987,3.477608,2.682682,168.073710,6.062154,1.036791,0.030099,0.942540
-0.035341,0.022802,0.691480,1.484994,19.635373,12.884322,3.476274,2.690586,168.050792,6.043766,1.036749,0.030050,0.942510
-0.040428,0.022615,0.691832,1.643826,19.573615,11.841545,3.476288,2.692087,168.001036,5.932988,1.036227,0.029494,0.941987
-0.043510,0.022940,0.705438,1.452593,19.536213,10.940112,3.477264,2.678905,167.910660,5.811758,1.035620,0.028898,0.941432
-0.041965,0.023345,0.692756,1.508955,19.541762,11.608253,3.480480,2.686202,167.899656,6.106390,1.035570,0.030336,0.941385
-0.038742,0.023588,0.699657,1.429274,19.624203,12.208648,3.478851,2.685531,167.863212,6.113242,1.035573,0.030351,0.941395
-0.038991,0.023609,0.665521,1.790510,19.647810,12.422190,3.479544,2.679408,167.837862,6.085502,1.035411,0.030213,0.941263
-0.046121,0.022702,0.700822,1.616385,19.585003,11.112228,3.477021,2.687599,167.718964,5.933172,1.034644,0.029500,0.940607
-0.038035,0.023232,0.707339,1.428864,19.657738,12.949600,3.476217,2.697233,167.694784,6.286243,1.034929,0.031270,0.940864
-0.041454,0.022966,0.707286,1.517784,19.629940,11.308378,3.477524,2.688785,167.647141,6.123155,1.034194,0.030411,0.940052
-0.044046,0.022593,0.706443,1.422767,19.653750,11.337233,3.473278,2.699267,167.651721,6.081858,1.033951,0.030208,0.939878
-0.036637,0.023384,0.722196,1.598568,19.727242,12.411332,3.481309,2.693910,167.744455,6.126938,1.034200,0.030451,0.940096
-0.037398,0.022722,0.708668,1.411178,19.747728,12.440308,3.476026,2.681167,167.754865,6.102931,1.034022,0.030320,0.939958
-0.038664,0.023399,0.735283,1.423397,19.750417,12.168802,3.475392,2.693045,167.728365,6.037428,1.033754,0.030033,0.939693
-0.036134,0.022836,0.674182,1.509735,19.864162,12.456382,3.473520,2.676334,167.712134,6.018412,1.033653,0.029953,0.939604
-0.034414,0.023501,0.689922,1.573857,19.795738,12.320367,3.476065,2.685021,167.670677,5.961690,1.033349,0.029689,0.939373
-0.040208,0.024004,0.719901,1.389096,19.819595,12.400690,3.478336,2.684080,167.405570,6.210521,1.033043,0.030878,0.939083
-0.035886,0.023263,0.752932,1.519123,19.897323,12.696328,3.475799,2.684787,167.309132,6.155616,1.032793,0.030656,0.938872
-0.041255,0.023488,0.751609,1.462400,19.862713,11.634307,3.478302,2.693000,167.230242,6.026227,1.032106,0.030029,0.938266
-0.042397,0.024315,0.733716,1.592613,19.918370,11.888182,3.481754,2.671706,167.181313,6.293718,1.031945,0.031281,0.938078
-0.045601,0.024592,0.772207,1.323804,19.870560,11.567522,3.480803,2.675875,167.117250,6.301519,1.031499,0.031333,0.936733
-0.044288,0.024089,0.745768,1.416834,19.860622,11.245875,3.478431,2.685275,167.035103,6.129962,1.031089,0.030496,0.937335
-0.035639,0.023973,0.755221,1.323899,19.995690,12.599375,3.480921,2.675911,167.019009,6.168665,1.031278,0.030732,0.937525
-0.041065,0.023457,0.752088,1.368425,20.004308,11.481625,3.475157,2.685117,167.219694,6.072151,1.030831,0.030254,0.937076
-0.044899,0.024161,0.728568,1.372502,19.979733,11.218347,3.479749,2.679168,167.421909,6.065007,1.030744,0.030115,0.937016
-0.042793,0.023726,0.732750,1.475701,20.011145,11.606478,3.474500,2.681761,167.524978,6.066494,1.030757,0.030137,0.937031
-0.044180,0.023973,0.718536,1.561545,20.010925,11.111638,3.477691,2.686853,167.567905,5.994113,1.030408,0.029791,0.936714
-0.040228,0.024129,0.753871,1.446776,20.010575,11.764797,3.480861,2.682978,167.618292,6.012027,1.030422,0.029875,0.936797
-0.039620,0.023601,0.749733,1.493345,20.010533,11.726958,3.476018,2.690131,167.622912,5.960600,1.030215,0.029644,0.936562
-0.037708,0.024361,0.741873,1.404224,20.010130,12.473972,3.478544,2.672099,167.627269,5.968416,1.030208,0.029711,0.936623
-0.044576,0.024669,0.730300,1.435704,20.010372,11.073197,3.477783,2.653466,167.557147,5.816551,1.029510,0.028930,0.935873
-0.055015,0.024947,0.736930,1.462180,20.010323,9.702277,3.478629,2.674679,167.445146,5.938739,1.028603,0.029458,0.935022
-0.038156,0.024105,0.762112,1.344256,20.009962,11.824208,3.478194,2.687723,167.427706,6.050600,1.029067,0.030072,0.935586
-0.040076,0.023939,0.741800,1.406794,20.009668,11.844597,3.479236,2.680801,167.351173,5.991869,1.028826,0.029789,0.935309
-0.038369,0.025032,0.777360,1.351183,20.009587,12.394877,3.481130,2.669810,167.257825,5.967873,1.028669,0.029716,0.935196
-0.045742,0.024550,0.740817,1.377084,20.009557,10.871185,3.476360,2.675376,167.100771,6.088973,1.027807,0.030240,0.934338
-0.048984,0.024316,0.782010,1.368052,20.009530,10.796128,3.474208,2.666050,167.047520,5.994775,1.027395,0.029823,0.933966
-0.044679,0.024079,0.778668,1.284238,20.009462,11.214752,3.476983,2.672085,167.228309,6.007221,1.027391,0.029846,0.933988
-0.040088,0.025061,0.765875,1.305651,20.009238,11.706178,3.480006,2.686961,167.478416,6.044686,1.027520,0.029989,0.934135
-0.038813,0.024602,0.732570,1.365863,20.009253,11.674222,3.477955,2.672175,167.711856,5.728367,1.027483,0.028503,0.934075
-0.046308,0.024936,0.767819,1.377773,20.009263,10.615503,3.478191,2.681167,167.822141,5.617846,1.027027,0.027944,0.933593
-0.046720,0.024695,0.767184,1.352998,19.925513,10.387395,3.476644,2.686346,167.885102,5.569041,1.026762,0.027692,0.933361
-0.038916,0.025411,0.755044,1.346478,20.008448,11.358907,3.480348,2.697004,167.975827,5.604841,1.026864,0.027875,0.933522
-0.049738,0.024967,0.761686,1.423108,20.008730,9.923158,3.477252,2.680424,167.931093,5.443706,1.026158,0.027090,0.932782
-0.052595,0.025068,0.764459,1.308315,20.008357,10.238248,3.479272,2.674711,167.911492,5.719251,1.025911,0.028344,0.932620
-0.045666,0.024907,0.747426,1.338348,20.008385,10.716762,3.475455,2.689731,167.745892,5.686867,1.025772,0.028232,0.932521
-0.044613,0.024316,0.775542,1.428168,20.008267,11.437557,3.474333,2.678167,167.371256,5.932447,1.025403,0.029450,0.932240
-0.040915,0.025297,0.760725,1.357152,20.007852,11.911713,3.476589,2.679479,166.983055,5.844265,1.024966,0.029081,0.931878
-0.047196,0.025406,0.783895,1.275475,20.007913,10.609132,3.481926,2.685992,166.585631,5.931464,1.023937,0.029471,0.930861
-0.047870,0.025722,0.812561,1.269628,20.008028,10.849368,3.479521,2.680403,166.282232,6.138667,1.023415,0.030503,0.930428
-0.047455,0.025485,0.813103,1.235254,20.007880,11.016625,3.477803,2.672952,166.054769,6.047385,1.022951,0.030111,0.930049
-0.044871,0.026246,0.835872,1.221768,20.007760,11.457122,3.483710,2.672407,165.912798,6.294847,1.022624,0.031309,0.929767
-0.041261,0.025961,0.859801,1.258322,20.016187,12.045770,3.482573,2.668030,165.804925,6.258529,1.022391,0.031129,0.929591
-0.046750,0.025780,0.826770,1.281495,20.016312,10.995565,3.481636,2.663117,165.675271,6.088130,1.021647,0.030325,0.928818
-0.056432,0.027304,0.825370,1.244069,20.016405,9.984305,3.485287,2.668590,165.535793,6.226976,1.020797,0.030951,0.928046
-0.044556,0.026713,0.872893,1.260486,20.016068,11.401292,3.484362,2.668097,165.516816,6.266252,1.020930,0.031189,0.928263
-0.041436,0.026879,0.857866,1.266978,20.015442,12.082538,3.486044,2.667610,165.486841,6.248976,1.020797,0.031121,0.928195
-0.043114,0.026834,0.880268,1.170530,20.015720,11.521077,3.482573,2.667293,165.408304,6.134406,1.020284,0.030575,0.927652
-0.046121,0.027382,0.876149,1.248761,20.015445,11.287560,3.484479,2.658376,165.332649,6.344867,1.019763,0.031532,0.927208
-0.040566,0.027105,0.872059,1.175454,20.015215,12.588898,3.484926,2.681341,165.282296,6.357845,1.019807,0.031624,0.927275
-0.042750,0.026224,0.867513,1.202775,20.015527,11.798152,3.482748,2.656415,165.173097,6.224983,1.019207,0.031000,0.926678
-0.036263,0.026795,0.885328,1.129241,20.014900,12.503345,3.486154,2.675488,165.125355,6.197129,1.019002,0.030875,0.926543
-0.044969,0.027162,0.871433,1.285441,20.015128,11.411717,3.485863,2.661870,165.081464,6.349046,1.018295,0.031568,0.925832
-0.048746,0.027535,0.878777,1.137947,20.014867,10.868302,3.488202,2.654007,165.008321,6.235681,1.017741,0.030978,0.925316
-0.042162,0.027343,0.888004,1.126139,20.014463,11.963000,3.485250,2.672415,164.991799,6.245376,1.017727,0.031064,0.925372
-0.046700,0.027032,0.877076,1.210050,20.014757,10.745902,3.481907,2.683437,164.907099,6.075892,1.016963,0.030255,0.924602
-0.042864,0.027343,0.900052,1.182201,20.014402,11.658138,3.484828,2.671877,165.019213,6.089736,1.016910,0.030333,0.924666
-0.047588,0.027551,0.890236,1.329210,20.014725,10.545457,3.484085,2.674421,165.110431,5.950534,1.016324,0.029614,0.924004
-0.047539,0.027843,0.906628,1.134327,20.014697,10.662475,3.484293,2.679115,165.214308,5.910511,1.016101,0.029441,0.923839
-0.048185,0.028166,0.896111,1.116009,20.014348,10.639160,3.486368,2.694709,165.264804,5.857363,1.015823,0.029152,0.923577
-0.047189,0.027796,0.866285,1.154359,20.014242,10.955912,3.483601,2.671701,165.291369,5.830279,1.015664,0.029019,0.923464
-0.045782,0.027852,0.906683,1.151893,20.014155,11.064840,3.483614,2.682365,165.251500,6.068062,1.015327,0.030119,0.923131
-0.048319,0.027574,0.922097,1.130254,20.014103,10.411303,3.483238,2.670845,165.177618,5.941008,1.014713,0.029502,0.922573
-0.044034,0.028048,0.890346,1.146556,20.013877,11.192477,3.483108,2.678138,165.137183,5.921815,1.014528,0.029454,0.922513
-0.047721,0.027963,0.934029,1.126114,20.013878,10.700883,3.484410,2.648286,165.010759,5.797236,1.013980,0.028864,0.921917
-0.047228,0.028057,0.897823,1.113899,20.013533,11.348970,3.483498,2.669559,164.681354,6.040540,1.013587,0.030019,0.921638
-0.047977,0.028237,0.915827,1.091942,20.013358,10.829183,3.484503,2.674305,164.330598,6.176532,1.012735,0.030667,0.920852
-0.043639,0.028351,0.962836,1.082710,20.013657,11.003395,3.483003,2.674577,164.057556,6.064955,1.012167,0.030176,0.920357
-0.043007,0.028322,0.963383,1.095040,20.013383,11.583693,3.484514,2.652568,163.845650,6.297350,1.011730,0.031283,0.920026
-0.045274,0.028907,0.968018,1.078273,20.013428,11.224342,3.485288,2.659444,163.670035,6.146056,1.011117,0.030628,0.919393
-0.045015,0.029091,0.999063,1.015689,20.013483,11.224510,3.487048,2.665868,163.531408,6.355906,1.010559,0.031595,0.918903
-0.047390,0.029159,0.982088,1.028765,20.013387,11.338427,3.489082,2.646014,163.399198,6.260423,1.010111,0.031164,0.918530
-0.046277,0.028749,1.014679,1.012039,20.013175,10.830265,3.483291,2.655378,163.274618,6.130152,1.009444,0.030541,0.917898
-0.040105,0.029154,0.994735,1.027942,20.013335,12.229008,3.488189,2.644444,163.207458,6.431728,1.009397,0.031986,0.917896
-0.047053,0.029692,1.028090,1.014174,20.013172,11.033293,3.488971,2.673174,163.084846,6.258412,1.008575,0.031141,0.917103
-0.044550,0.030360,1.022298,1.083831,20.013120,11.058338,3.490874,2.668666,162.994969,6.166628,1.008097,0.030729,0.916693
-0.043936,0.029945,1.040929,1.004394,20.013187,11.837593,3.486793,2.653408,162.931746,6.434721,1.007810,0.032010,0.916524
-0.042494,0.030369,1.064092,0.955932,20.012932,12.145963,3.489110,2.646732,162.853509,6.360816,1.007411,0.031619,0.916132
-0.040996,0.030857,1.054074,1.005302,20.012652,11.743395,3.491153,2.657148,162.739373,6.223448,1.006802,0.031033,0.915557
-0.045829,0.030731,1.076701,0.963115,20.012900,11.343888,3.489529,2.669899,162.607037,6.391083,1.006102,0.031778,0.914914
-0.044179,0.031098,1.080779,1.039708,20.012698,11.376730,3.489472,2.667407,162.478884,6.280778,1.005567,0.031294,0.914436
-0.045313,0.031376,1.044933,1.002255,20.012653,11.636178,3.491718,2.667468,162.378134,6.494684,1.005152,0.032339,0.914045
-0.041705,0.031632,1.104010,0.928460,20.012680,12.284805,3.491446,2.673198,162.282484,6.452141,1.004832,0.032123,0.913825
-0.048405,0.031281,1.119611,0.897204,20.012598,11.048065,3.490883,2.650048,162.130224,6.261164,1.003906,0.031154,0.912907
-0.040571,0.031110,1.096577,0.982358,20.012173,12.534587,3.488071,2.647572,162.043565,6.563433,1.003786,0.032638,0.912932
-0.040406,0.031488,1.112810,0.898631,20.012160,12.305247,3.491669,2.663417,161.951274,6.434826,1.003175,0.032047,0.912366
-0.042381,0.031321,1.132345,0.950496,20.012335,11.627457,3.489434,2.649391,162.037137,6.288944,1.002530,0.031351,0.911720
-0.047642,0.032109,1.128414,0.886218,20.012583,11.051993,3.494607,2.666653,162.146012,6.171578,1.001975,0.030755,0.911161
-0.046448,0.032225,1.130747,0.899829,20.012428,10.795818,3.486549,2.661212,162.205546,6.077950,1.001464,0.030301,0.910718
-0.048460,0.032324,1.152490,0.977932,20.012095,11.284047,3.487286,2.679679,162.227942,6.334405,1.001122,0.031482,0.910483
-0.053110,0.031869,1.135706,0.911560,20.012180,10.504322,3.487043,2.666767,162.160160,6.158661,1.000405,0.030653,0.909727
-0.041865,0.032892,1.170218,0.884529,20.012065,11.892063,3.491655,2.663619,162.148098,6.166666,1.000327,0.030721,0.909746
-0.046324,0.032978,1.168731,0.897537,20.012000,11.424075,3.491978,2.664477,162.039820,6.329765,0.999663,0.031499,0.909120
-0.053103,0.033282,1.179425,0.847687,20.011930,10.429252,3.495271,2.655823,161.901580,6.142712,0.998788,0.030558,0.908259
-0.039128,0.033380,1.166767,0.863662,20.011573,11.996740,3.493884,2.650457,161.778492,6.149246,0.998680,0.030644,0.908276
-0.039557,0.033382,1.172408,0.865703,20.011467,12.347905,3.492273,2.649548,161.447707,6.334150,0.998074,0.031519,0.907726
-0.049250,0.034301,1.209529,0.845582,20.011617,10.889972,3.498044,2.643676,161.089152,6.382900,0.996835,0.031738,0.906537
-0.043478,0.034564,1.227177,0.822407,20.011315,11.410060,3.493587,2.640504,160.628574,6.270333,0.995046,0.031277,0.906067
-0.050664,0.034676,1.224764,0.816460,20.011242,10.995457,3.496990,2.633557,160.611428,6.405155,0.995357,0.031887,0.905288
-0.050653,0.035276,1.270854,0.822527,20.011118,11.008135,3.498820,2.633773,160.439409,6.562904,0.994664,0.032694,0.904629
-0.052855,0.034502,1.299946,0.822124,20.011072,10.252113,3.496603,2.634216,160.244090,6.377261,0.993704,0.031749,0.903761
-0.041860,0.035336,1.294151,0.777960,20.010787,11.450463,3.496841,2.639036,160.142405,6.347083,0.993393,0.031673,0.903628
-0.043506,0.035341,1.326768,0.781963,20.010897,12.108995,3.498062,2.659294,160.024779,6.558970,0.992983,0.032657,0.903219
-0.043927,0.035332,1.339939,0.771282,20.010678,11.308117,3.494308,2.646615,159.879264,6.376189,0.992132,0.031779,0.902379
-0.047750,0.036565,1.348339,0.742074,20.010518,11.236057,3.497600,2.658259,159.740791,6.544790,0.991380,0.032553,0.901726
-0.043504,0.035752,1.364181,0.744051,20.016090,11.607140,3.496771,2.653796,159.621862,6.427159,0.990822,0.032027,0.901234
-0.051946,0.036369,1.336704,0.793023,20.016412,10.927142,3.497131,2.659674,159.474056,6.551730,0.989911,0.032597,0.900391
-0.044694,0.036209,1.390549,0.725088,20.016045,11.455853,3.497841,2.634470,159.345911,6.455497,0.989377,0.032168,0.899966
-0.038643,0.037104,1.420132,0.752909,20.015810,12.206058,3.498190,2.621832,159.242169,6.367872,0.988873,0.031776,0.899558
-0.047164,0.036502,1.423810,0.705830,20.015527,11.500645,3.494560,2.642561,159.066203,6.468196,0.987912,0.032199,0.898628
-0.043492,0.038901,1.437920,0.710235,20.015258,11.484680,3.504346,2.628162,158.892573,6.320166,0.987170,0.031534,0.897943
-0.048790,0.038052,1.472103,0.695412,20.015413,10.990608,3.503128,2.628735,158.735499,6.427938,0.986251,0.032035,0.897074
-0.049509,0.038439,1.466424,0.681922,20.015093,11.126537,3.502974,2.631882,158.578659,6.601234,0.985508,0.032860,0.896452
-0.046785,0.037830,1.499375,0.712711,20.014840,11.430692,3.497564,2.636660,158.435318,6.481270,0.984884,0.032269,0.895903
-0.047131,0.039123,1.533933,0.670562,20.014905,11.056912,3.502575,2.642223,158.240107,6.312311,0.984048,0.031471,0.895125
-0.045329,0.038590,1.497313,0.707627,20.014667,11.486960,3.498649,2.643973,158.095530,6.498093,0.983375,0.032332,0.894579
-0.046093,0.039986,1.542897,0.648004,20.014772,10.961238,3.505559,2.636416,158.066962,6.302113,0.982560,0.031430,0.893727
-0.049787,0.039965,1.567068,0.638069,20.014680,11.348475,3.504730,2.634577,158.083059,6.529751,0.982023,0.032492,0.893341
-0.042235,0.039494,1.607724,0.656632,20.014400,12.124483,3.503366,2.639891,158.096080,6.452172,0.981627,0.032076,0.892958
-0.047151,0.039575,1.584206,0.634667,20.014370,10.730822,3.495864,2.642673,158.048671,6.219834,0.980587,0.030956,0.891924
-0.042269,0.040725,1.629203,0.626979,20.014362,11.372397,3.502505,2.641202,158.006706,6.143516,0.980108,0.030611,0.891564
-0.048817,0.041195,1.625342,0.615362,20.014228,10.839297,3.503622,2.650902,157.942448,6.266184,0.979262,0.031155,0.890749
-0.047644,0.040718,1.634294,0.633709,20.014073,11.024630,3.498803,2.625966,157.892451,6.155070,0.978702,0.030620,0.890230
-0.044998,0.041197,1.659764,0.602507,20.014012,11.271022,3.500462,2.652546,157.767445,6.043780,0.978054,0.030129,0.889750
-0.041970,0.041021,1.657633,0.607972,20.013792,11.603615,3.498269,2.633851,157.615898,6.211731,0.977429,0.030895,0.889106
-0.047415,0.042618,1.682297,0.594421,20.013605,10.764538,3.505101,2.643532,157.351458,5.999544,0.976351,0.029895,0.888145
-0.051855,0.042744,1.734483,0.599631,20.013517,10.555507,3.503341,2.649048,156.938708,6.095916,0.975310,0.030323,0.887166
-0.047778,0.043411,1.763542,0.567034,20.013408,10.974280,3.507213,2.638247,156.598021,6.243140,0.974484,0.031074,0.886486
-0.046641,0.044534,1.783552,0.560653,20.013455,11.421720,3.509804,2.637135,156.313964,6.399508,0.973761,0.031858,0.885814
-0.049807,0.044751,1.842888,0.555428,20.013392,10.560683,3.507440,2.639267,156.068681,6.176095,0.972588,0.030756,0.884785
-0.050111,0.045618,1.903754,0.542526,20.013298,10.836015,3.511332,2.621144,155.882776,6.333598,0.971787,0.031482,0.884097
-0.044583,0.046417,1.912650,0.531036,20.013495,11.186127,3.513162,2.618158,155.726719,6.195226,0.971115,0.030847,0.883477
-0.046223,0.045886,1.943997,0.524977,20.013252,11.120213,3.509795,2.636517,155.561440,6.336747,0.970248,0.031473,0.882685
-0.040713,0.047474,1.956313,0.524613,20.013173,12.156082,3.516083,2.624411,155.423100,6.237478,0.969768,0.031096,0.882301
-0.044149,0.046567,1.987173,0.503230,20.013110,11.600732,3.506354,2.621073,155.268551,6.346296,0.968826,0.031543,0.881377
-0.043704,0.048277,2.041290,0.489879,20.013080,10.922000,3.513563,2.618874,155.101211,6.124331,0.967778,0.030522,0.880392
-0.050264,0.047715,2.048224,0.492680,20.013253,10.847475,3.511535,2.622901,154.908881,6.275204,0.966835,0.031161,0.879633
-0.037979,0.048462,2.120909,0.471498,20.013028,12.211397,3.509638,2.621213,154.768819,6.198584,0.966413,0.030880,0.879325
-0.044830,0.048895,2.113935,0.473056,20.013093,11.205247,3.510905,2.618091,154.609238,6.265535,0.965302,0.031144,0.878223
-0.043942,0.050519,2.156237,0.475309,20.013013,11.065762,3.511230,2.632021,154.458083,6.082116,0.964423,0.030313,0.877425
-0.045325,0.050426,2.225908,0.449268,20.013107,11.206300,3.512467,2.622874,154.311864,6.228111,0.963626,0.030954,0.876669
-0.043435,0.052209,2.231494,0.448146,20.013280,11.059433,3.520008,2.633464,154.132790,6.054207,0.962739,0.030151,0.875881
-0.039293,0.051367,2.283707,0.437884,20.013005,12.018095,3.513709,2.618222,153.976408,6.262388,0.962140,0.031147,0.875441
-0.050389,0.052174,2.303618,0.445581,20.013523,10.481710,3.511885,2.620219,153.821721,5.980573,0.960895,0.029779,0.874139
-0.040715,0.053364,2.369814,0.437567,20.013335,11.984265,3.517303,2.623065,153.670304,6.236866,0.960440,0.031007,0.873937
-0.048504,0.054597,2.422458,0.412806,20.013640,11.057738,3.516112,2.631080,153.497608,6.292425,0.959343,0.031273,0.872792
-0.038677,0.054075,2.490977,0.406092,20.013428,11.860240,3.512532,2.597512,153.354266,6.186721,0.958709,0.030777,0.872318
-0.044485,0.055106,2.461236,0.410276,20.013737,11.032428,3.517030,2.629145,153.318533,5.968066,0.957718,0.029726,0.871314
-0.048646,0.057112,2.526274,0.395812,20.013698,11.294128,3.525248,2.622497,153.350558,6.158726,0.957037,0.030585,0.870782
-0.042225,0.056003,2.556256,0.391201,20.013853,11.346047,3.513179,2.627937,153.348349,6.013951,0.956361,0.029913,0.870144
-0.045074,0.057998,2.614315,0.383925,20.014030,10.997203,3.519309,2.629104,153.292001,5.837018,0.955481,0.029074,0.869322
-0.050279,0.057772,2.640974,0.384306,20.014107,10.520345,3.516872,2.625072,153.206394,5.947420,0.954579,0.029529,0.868412
-0.045966,0.059500,2.683399,0.378365,20.014332,10.624565,3.523589,2.610926,153.065106,5.796778,0.953822,0.028855,0.867763
-0.043502,0.059072,2.765255,0.365639,20.014183,11.004400,3.514143,2.627528,152.893298,5.980842,0.953065,0.029651,0.867149
-0.046461,0.060662,2.781693,0.359496,20.014587,10.214103,3.522418,2.615611,152.666963,5.734511,0.952029,0.028542,0.866075
-0.044815,0.062004,2.857759,0.352602,20.014347,11.355437,3.520174,2.624736,152.446439,5.958654,0.951487,0.029626,0.865735
-0.044757,0.062419,2.952850,0.338795,20.014508,11.113188,3.513744,2.621176,152.149179,6.063296,0.950482,0.030138,0.864826
-0.046051,0.064719,3.040904,0.328849,20.014557,10.777942,3.526761,2.607050,151.830785,5.844303,0.949486,0.029109,0.863815
-0.045761,0.065711,3.106344,0.322614,20.014588,10.975027,3.524923,2.603848,151.574489,5.988263,0.948510,0.029768,0.863073
-0.044486,0.067530,3.184867,0.316527,20.014692,11.785425,3.528693,2.623210,151.351722,6.165497,0.947795,0.030638,0.862492
-0.044550,0.068115,3.266535,0.312893,20.014767,11.081270,3.528240,2.612775,151.183018,5.932167,0.946739,0.029517,0.861422
-0.046266,0.068817,3.315851,0.301573,20.014920,10.858905,3.526705,2.609864,151.000015,6.043493,0.945725,0.030017,0.860523
-0.044425,0.070912,3.409448,0.296928,20.014858,11.041272,3.529536,2.613855,150.833399,5.883382,0.944893,0.029258,0.859786
-0.048369,0.070804,3.489500,0.293764,20.015150,10.642407,3.524020,2.615078,150.661461,5.976464,0.943847,0.029677,0.858825
-0.046437,0.073780,3.550393,0.281932,20.015052,10.603538,3.534773,2.620357,150.494156,5.802454,0.942969,0.028889,0.858047
-0.046886,0.074118,3.647879,0.274576,20.015170,10.982498,3.524159,2.604982,150.343571,5.959498,0.942209,0.029613,0.857378
-0.043954,0.075590,3.774020,0.265620,20.015253,11.123868,3.524542,2.628132,150.172164,5.800685,0.941326,0.028891,0.856644
-0.049854,0.077810,3.894063,0.256802,20.015613,10.376555,3.532973,2.602826,149.992515,5.833236,0.940210,0.029026,0.855436
-0.050540,0.080369,3.967952,0.254763,20.015647,10.387655,3.535932,2.594755,149.827685,5.976199,0.939273,0.029650,0.854648
-0.041487,0.080951,4.075777,0.251157,20.015598,11.193360,3.534246,2.606640,149.641274,5.848122,0.938518,0.029106,0.854103
-0.049550,0.083078,4.187986,0.238776,20.015682,10.377905,3.533556,2.599468,149.474002,5.894108,0.937395,0.029250,0.852882
-0.045917,0.084746,4.274196,0.235642,20.015667,10.502085,3.534705,2.592247,149.310634,5.732152,0.936509,0.028504,0.852162
-0.045670,0.086269,4.392206,0.228644,20.015843,10.433663,3.531011,2.601726,149.222531,5.853510,0.935631,0.029055,0.851320
-0.050551,0.088137,4.488295,0.229532,20.015922,10.302955,3.531289,2.599974,149.073168,5.685283,0.934729,0.028263,0.850575
-0.044281,0.091138,4.623201,0.000000,20.015798,10.993067,3.539980,2.619376,148.838660,5.851215,0.933939,0.029031,0.849906
-0.042074,0.093775,4.795359,0.210378,20.015977,11.241290,3.536641,2.601565,148.627430,5.668421,0.933033,0.028210,0.849098
-0.041867,0.095674,4.918865,0.000000,20.016387,11.448743,3.538498,2.603365,148.473582,5.795348,0.932182,0.028779,0.848284
-0.044230,0.098256,5.078576,0.000000,20.016217,10.684720,3.541029,2.610840,148.288893,5.563641,0.931040,0.027679,0.847195
-0.042966,0.100372,5.252020,0.000000,20.016277,10.739955,3.533114,2.585313,148.148300,5.694719,0.930053,0.028257,0.846420
-0.044508,0.102728,5.324420,0.000000,20.010537,10.374755,3.539938,2.590750,148.182966,5.493499,0.929175,0.027300,0.845492
-0.045460,0.104846,5.408216,0.000000,20.010483,10.473297,3.542813,2.592178,148.241469,5.381441,0.928453,0.026760,0.844959
-0.046533,0.106166,5.474202,0.000000,20.010683,10.341425,3.533401,2.593474,148.250531,5.497678,0.927611,0.027236,0.844116
-0.039504,0.108267,5.644231,0.000000,20.010805,10.962237,3.537759,2.591669,148.195412,5.378952,0.926945,0.026704,0.843592
-0.039792,0.111374,5.731494,0.000000,20.010827,11.348983,3.535369,2.600217,148.088553,5.537309,0.926171,0.027443,0.842910
-0.044599,0.114022,5.971149,0.000000,20.010827,10.384330,3.549887,2.602982,147.933966,5.271884,0.925047,0.026159,0.841722
-0.036915,0.118308,6.131962,0.000000,20.010720,11.182735,3.544093,2.630598,147.738324,5.159215,0.924311,0.025674,0.841179
-0.042073,0.120745,6.361168,0.000000,20.010858,10.138078,3.542148,2.606471,147.527335,5.186110,0.923131,0.025712,0.839919
