SCC,SCV,DVV,ICP,CCDT,CVCT,ACCV C,ACCV D,ECD,ECV,CCD,CCV,SoH
-0.037608,0.015193,0.387058,3.335146,20.007817,10.833347,3.452168,2.733589,179.757630,6.540397,1.081162,0.032680,0.982322
-0.040518,0.015332,0.360873,3.337841,20.008045,10.750007,3.448156,2.734639,179.981848,6.490129,1.082381,0.032289,0.983429
-0.039148,0.015978,0.322193,3.052857,20.008127,10.666715,3.449900,2.753536,180.173622,6.369415,1.083354,0.031675,0.984255
-0.039801,0.015188,0.336130,3.198786,20.007802,10.583390,3.448719,2.748471,180.290889,6.209272,1.084085,0.030951,0.984975
-0.038006,0.015635,0.310510,3.220497,20.008432,10.500058,3.452690,2.750659,180.402076,6.005582,1.084650,0.029990,0.985367
-0.039854,0.014394,0.333084,3.002250,20.008487,10.500055,3.445583,2.776523,180.472189,6.100557,1.085014,0.030365,0.985827
-0.041345,0.014367,0.332402,2.371699,20.008362,10.500058,3.446779,2.754878,180.516240,6.178452,1.085317,0.030660,0.986122
-0.037161,0.015126,0.330889,2.819919,20.008803,10.416720,3.447707,2.745280,180.562612,5.917011,1.085569,0.029504,0.986353
-0.039045,0.014196,0.325153,2.882874,20.008898,10.416707,3.446207,2.738196,180.600379,5.948258,1.085780,0.029660,0.986551
-0.039425,0.014444,0.324553,3.430826,20.008685,10.416687,3.444190,2.746073,180.623626,5.994349,1.085992,0.029821,0.986743
-0.043265,0.014240,0.340799,3.270661,20.008805,10.416708,3.444671,2.740403,180.654847,6.038697,1.086177,0.029966,0.986880
-0.042227,0.018939,0.550275,1.809845,20.014043,10.184102,3.450781,2.736007,179.643717,5.648218,1.081712,0.028028,0.988872
-0.037906,0.015414,0.357670,2.247039,20.011283,10.666732,3.450035,2.741526,180.131498,5.900996,1.083455,0.029430,0.982183
-0.039583,0.014504,0.340933,3.214571,20.013820,10.583388,3.446132,2.742610,180.330773,6.047282,1.084357,0.030013,0.984144
-0.042573,0.014666,0.341063,2.691315,20.015545,10.500245,3.445885,2.754184,180.335003,5.955661,1.084871,0.029565,0.985113
-0.039612,0.013849,0.344361,3.560660,20.008115,10.416782,3.444155,2.758712,180.408904,5.767103,1.085296,0.028728,0.985688
-0.039625,0.014141,0.324447,2.933417,20.008375,10.416808,3.446058,2.739123,180.462125,5.862438,1.085602,0.029146,0.986122
-0.039379,0.015125,0.289059,3.203251,20.008785,10.416788,3.447548,2.743784,180.519155,5.921877,1.085854,0.029386,0.986352
-0.043038,0.014439,0.347312,2.648160,20.009148,10.416708,3.445398,2.752262,180.495832,5.946478,1.085920,0.029523,0.986495
-0.037387,0.013909,0.329260,2.538751,20.009120,10.333342,3.443587,2.740642,180.527095,5.686688,1.086126,0.028339,0.986704
-0.037380,0.015174,0.339001,2.756613,20.009133,10.333527,3.449830,2.753551,180.551151,5.714204,1.086227,0.028462,0.986850
-0.040529,0.014306,0.333915,3.317729,20.009282,10.333532,3.445706,2.756932,180.567040,5.743242,1.086349,0.028589,0.986973
-0.042286,0.014469,0.322874,3.105375,20.009782,10.333410,3.446510,2.757660,180.563262,5.761345,1.086420,0.028666,0.987062
-0.040830,0.014130,0.319168,3.562634,20.009428,10.333332,3.446090,2.739810,180.554160,5.787369,1.086511,0.028755,0.987168
-0.041302,0.014213,0.307024,3.216392,20.009497,10.416800,3.445062,2.740784,180.577124,5.805544,1.086692,0.028794,0.985803
-0.040779,0.014337,0.320744,3.641332,20.010018,10.333380,3.445507,2.753218,180.564842,5.834548,1.086659,0.028934,0.987337
-0.044603,0.015164,0.320772,2.839356,20.009900,10.333320,3.450020,2.752405,180.561848,5.844408,1.086698,0.028980,0.987380
-0.042041,0.014653,0.312477,3.091721,20.009935,10.333382,3.447548,2.740627,180.550575,5.848941,1.086734,0.029008,0.987401
-0.041869,0.014614,0.326587,3.711582,20.010137,10.333507,3.446624,2.753774,180.539397,5.848392,1.086777,0.029025,0.987412
-0.040571,0.014951,0.333375,2.968207,20.010047,10.333425,3.449470,2.744574,180.541957,5.849286,1.086804,0.029029,0.987418
-0.040100,0.014729,0.327257,3.004575,20.010548,10.333320,3.446384,2.741988,180.506167,5.847228,1.086763,0.028999,0.987392
-0.038023,0.014808,0.308955,3.070463,20.010603,10.249955,3.448241,2.738789,180.509641,5.554399,1.086795,0.027669,0.987457
-0.039129,0.014227,0.323397,2.883440,20.010558,10.250155,3.444447,2.746712,180.487619,5.549560,1.086786,0.027654,0.987431
-0.038882,0.014496,0.309132,3.039294,20.010110,10.250018,3.447566,2.737262,180.492322,5.559521,1.086856,0.027705,0.987477
-0.039023,0.014932,0.317675,3.129879,20.010793,10.250105,3.447150,2.757088,180.466777,5.557659,1.086864,0.027694,0.987484
-0.040279,0.014641,0.347141,2.656042,20.010838,10.250163,3.446538,2.739656,180.461564,5.562587,1.086880,0.027709,0.987508
-0.038387,0.014602,0.337001,3.466160,20.010998,10.250110,3.446458,2.744841,180.444920,5.570388,1.086918,0.027721,0.987526
-0.038073,0.014533,0.302959,2.768127,20.011027,10.250000,3.446690,2.728385,180.439802,5.566305,1.086951,0.027756,0.987559
-0.037463,0.014424,0.312296,3.698232,20.011153,10.249980,3.447058,2.748396,180.412961,5.571641,1.086939,0.027742,0.987567
-0.039298,0.014052,0.294097,2.930785,20.011215,10.250025,3.446132,2.745124,180.420669,5.566128,1.086943,0.027734,0.987538
-0.036777,0.014183,0.325729,3.764924,20.011245,10.249955,3.446026,2.726653,180.404048,5.581512,1.087010,0.027770,0.987601
-0.036037,0.014359,0.307025,2.597230,19.974135,10.249952,3.445082,2.752040,180.388071,5.574846,1.086974,0.027760,0.987584
-0.038315,0.014385,0.323116,3.621704,20.010950,10.249955,3.446654,2.739615,180.391852,5.584900,1.087013,0.027795,0.987616
-0.039459,0.014404,0.305810,3.103170,19.994253,10.250012,3.447253,2.758942,180.384667,5.594766,1.087048,0.027820,0.987659
-0.038375,0.013991,0.283335,3.756707,19.990435,10.250170,3.443572,2.755245,180.373908,5.591771,1.087059,0.027811,0.987653
-0.041046,0.014030,0.334418,3.366953,19.946028,10.250055,3.445437,2.752711,180.357646,5.590080,1.087033,0.027799,0.987658
-0.037866,0.014491,0.312195,3.018483,20.011253,10.250090,3.448211,2.741388,180.336952,5.586332,1.087032,0.027797,0.987639
-0.042557,0.014397,0.322520,3.100579,20.003855,10.250073,3.445179,2.736841,180.315947,5.592373,1.087030,0.027790,0.987639
-0.039782,0.013724,0.318924,4.016925,20.011362,10.249977,3.444500,2.751689,180.302157,5.596789,1.087060,0.027824,0.987668
-0.040964,0.013933,0.320093,6.491720,19.979827,10.250063,3.444753,2.753338,180.302686,5.599334,1.087097,0.027837,0.987695
-0.041236,0.014441,0.289626,3.209375,19.957245,10.250007,3.446460,2.743088,180.292225,5.611169,1.087100,0.027854,0.987748
-0.037307,0.014543,0.288066,3.807938,19.951703,10.250102,3.444479,2.760910,180.266112,5.604117,1.087060,0.027817,0.987694
-0.040311,0.013954,0.306501,7.934943,19.971402,10.250033,3.445389,2.737304,180.264304,5.612886,1.087110,0.027862,0.987728
-0.040165,0.013855,0.313576,3.203377,20.005347,10.249883,3.445045,2.744000,180.240541,5.603185,1.087076,0.027826,0.987687
-0.038307,0.014103,0.322282,2.875009,19.947825,10.250005,3.445737,2.756213,180.225864,5.610027,1.087094,0.027847,0.987733
-0.042105,0.013897,0.328443,3.389448,19.940967,10.249987,3.444450,2.732145,180.225291,5.610607,1.087128,0.027851,0.987729
-0.040794,0.014290,0.333109,2.943771,19.946795,10.249955,3.445192,2.754163,180.198807,5.611855,1.087100,0.027857,0.987730
-0.041241,0.014034,0.321575,3.498275,19.925293,10.250045,3.443853,2.744392,180.173708,5.604631,1.087033,0.027787,0.987672
-0.039347,0.014358,0.344254,3.217835,19.923558,10.250088,3.447186,2.747051,180.155302,5.596677,1.087026,0.027773,0.987660
-0.039415,0.014410,0.283910,3.836026,19.860062,10.250142,3.446366,2.754484,180.139936,5.591826,1.086996,0.027744,0.987648
-0.041760,0.013982,0.309949,3.243819,19.972707,10.249958,3.445242,2.750514,180.148229,5.607283,1.087063,0.027797,0.987671
-0.040129,0.014820,0.311141,3.811582,19.872715,10.249993,3.447214,2.735881,180.120640,5.595268,1.087006,0.027769,0.987646
-0.038907,0.014648,0.331229,2.971332,19.822748,10.249942,3.447649,2.732044,180.098159,5.595978,1.086998,0.027752,0.987656
-0.041587,0.013597,0.298272,3.223118,19.852225,10.250092,3.442595,2.742860,180.106188,5.602586,1.087005,0.027756,0.987637
-0.039419,0.014281,0.313800,2.829356,19.847717,10.250160,3.446385,2.755455,180.141828,5.597652,1.087035,0.027748,0.987627
-0.040994,0.013820,0.313357,3.375571,19.891892,10.166693,3.444166,2.730156,180.774356,5.461009,1.087823,0.027034,0.988384
-0.039047,0.014005,0.269680,3.605207,19.973138,10.083365,3.442099,2.756515,180.941896,5.204435,1.088125,0.025880,0.988627
-0.038758,0.013724,0.294528,3.910229,19.989385,10.083487,3.442896,2.732829,181.073996,5.258217,1.088367,0.026068,0.988869
-0.038995,0.013595,0.288856,4.420973,19.945202,10.083470,3.441153,2.763864,181.141113,5.281606,1.088488,0.026162,0.988968
-0.039811,0.013709,0.301025,2.844571,20.011153,10.083507,3.442784,2.747256,181.157782,5.300014,1.088587,0.026219,0.989015
-0.039438,0.013211,0.269713,3.078757,19.851915,10.166613,3.440587,2.763640,180.278622,5.428517,1.087591,0.026901,0.988247
-0.041616,0.014403,0.316321,3.930146,19.787030,10.250077,3.444908,2.762026,180.016299,5.627475,1.087107,0.027861,0.987743
-0.042609,0.014253,0.326001,3.421891,19.753192,10.250118,3.446250,2.736237,179.995516,5.610004,1.087052,0.027821,0.987689
-0.042032,0.014440,0.309180,4.239307,19.794818,10.249982,3.447021,2.741731,179.979001,5.601145,1.087031,0.027749,0.987636
-0.039452,0.013935,0.341566,3.183337,19.817187,10.250117,3.445043,2.743064,179.976118,5.599641,1.087020,0.027736,0.987627
-0.038334,0.014071,0.329698,3.106333,19.734318,10.250182,3.444593,2.752442,179.954903,5.584389,1.086962,0.027688,0.987606
-0.041989,0.013719,0.310030,2.965883,19.739058,10.250132,3.443817,2.719979,179.938259,5.582679,1.086953,0.027658,0.987559
-0.038878,0.014214,0.277840,4.970596,19.747792,10.250102,3.444717,2.742999,179.926232,5.572592,1.086897,0.027614,0.987543
-0.041120,0.014046,0.315940,3.505060,19.782153,10.250230,3.444584,2.736398,179.915224,5.563020,1.086913,0.027575,0.987511
-0.039303,0.014359,0.306094,3.179072,19.713700,10.250073,3.447651,2.760367,179.911255,5.553934,1.086826,0.027569,0.987467
-0.037717,0.014193,0.324256,2.682471,19.846980,10.250057,3.445756,2.734243,179.881691,5.549980,1.086833,0.027521,0.987441
-0.039973,0.014434,0.308180,3.878695,19.705010,10.250020,3.445909,2.741489,179.857749,5.540873,1.086778,0.027508,0.987427
-0.039304,0.014136,0.310201,3.381512,19.729353,10.250012,3.444600,2.746038,179.849869,5.536827,1.086772,0.027479,0.987405
-0.040742,0.014836,0.322973,3.368568,19.744420,10.250005,3.447982,2.752387,179.852996,5.549712,1.086798,0.027503,0.987425
-0.040758,0.014827,0.314822,3.490633,19.778838,10.250058,3.448283,2.748995,179.823498,5.528145,1.086762,0.027456,0.987350
-0.039799,0.014261,0.333514,3.111767,19.688093,10.250218,3.448568,2.749767,179.807277,5.524746,1.086689,0.027417,0.987350
-0.041481,0.013848,0.315517,2.879255,19.731112,10.249980,3.445205,2.757002,179.788792,5.510760,1.086651,0.027372,0.987297
-0.038289,0.013856,0.342202,2.277361,19.692852,10.249992,3.445037,2.731110,179.778405,5.501934,1.086605,0.027331,0.987254
-0.040169,0.014609,0.330952,2.880313,19.719312,10.250085,3.447973,2.749374,179.766162,5.501855,1.086589,0.027309,0.987231
-0.038344,0.014661,0.344499,3.723187,19.730032,10.250093,3.448077,2.745026,179.755212,5.496141,1.086590,0.027316,0.987222
-0.041907,0.013777,0.327514,3.880955,19.695813,10.249893,3.444484,2.753844,179.725601,5.492708,1.086532,0.027274,0.987200
-0.036646,0.014435,0.336187,2.981295,19.668830,10.249982,3.447499,2.747821,179.731331,5.481594,1.086518,0.027257,0.987151
-0.038103,0.013639,0.319868,2.959053,19.737408,10.250170,3.444979,2.734288,179.704925,5.477974,1.086492,0.027221,0.987120
-0.038622,0.014087,0.317021,3.209057,19.657972,10.249902,3.445721,2.754560,179.690209,5.477822,1.086421,0.027229,0.987151
-0.038448,0.013878,0.301942,2.966137,19.720992,10.250092,3.444714,2.729906,179.675074,5.470652,1.086425,0.027182,0.987102
-0.038645,0.013979,0.307666,2.951110,19.690490,10.250070,3.444341,2.745943,179.648992,5.471224,1.086396,0.027178,0.987082
-0.038816,0.014490,0.343704,3.419025,19.721527,10.249978,3.447172,2.751402,179.646688,5.462691,1.086374,0.027135,0.987044
-0.040359,0.014219,0.326676,3.157081,19.657270,10.250077,3.445472,2.750142,179.620107,5.456921,1.086307,0.027133,0.987029
-0.043308,0.014698,0.349089,3.312207,19.731902,10.250022,3.448731,2.750864,179.611375,5.450472,1.086317,0.027093,0.986989
-0.038399,0.014372,0.329422,3.383906,19.642003,10.249977,3.446941,2.734269,179.594796,5.448189,1.086242,0.027079,0.987009
-0.039327,0.013787,0.304101,5.574257,19.738192,10.250090,3.444833,2.748780,179.588557,5.436648,1.086268,0.027031,0.986937
-0.039150,0.014411,0.326110,3.064849,19.642762,10.250100,3.447136,2.758954,179.562864,5.440096,1.086227,0.027042,0.986949
-0.039562,0.014143,0.315444,3.583793,19.659298,10.250193,3.445986,2.762283,179.547432,5.433675,1.086184,0.027002,0.986907
-0.040410,0.014577,0.334504,2.645338,19.681915,10.250142,3.448785,2.731029,179.532141,5.424721,1.086186,0.026960,0.986862
-0.040417,0.014564,0.343392,3.315232,19.615428,10.250037,3.446318,2.737179,179.510812,5.420360,1.086128,0.026949,0.986853
-0.038392,0.014461,0.335961,3.031041,19.616120,10.249967,3.447604,2.763054,179.502751,5.413152,1.086109,0.026916,0.986854
-0.039669,0.014001,0.296234,2.863509,19.648883,10.249928,3.446756,2.743251,179.485894,5.394357,1.086071,0.026847,0.986762
-0.039014,0.014821,0.333031,3.060666,19.658878,10.250010,3.449049,2.724172,179.460332,5.395659,1.086044,0.026856,0.986771
-0.038776,0.014320,0.300387,3.272587,19.639828,10.250093,3.446594,2.743638,179.453059,5.398421,1.086019,0.026861,0.986769
-0.038338,0.014352,0.325771,3.099432,19.606137,10.250047,3.449716,2.750317,179.446543,5.392417,1.086024,0.026829,0.986745
-0.039640,0.014261,0.332498,2.993342,19.592505,10.250182,3.447053,2.762226,179.436448,5.391773,1.085998,0.026817,0.986740
-0.040966,0.014670,0.340965,3.052472,19.604365,10.250080,3.448553,2.752496,179.416944,5.383847,1.085969,0.026772,0.986681
-0.038177,0.014195,0.340873,3.935729,19.584510,10.250018,3.445717,2.753222,179.393733,5.366495,1.085897,0.026725,0.986648
-0.038676,0.013596,0.310191,3.048535,19.608893,10.250155,3.445557,2.761743,179.385108,5.363801,1.085823,0.026696,0.986594
-0.036435,0.014991,0.336431,3.211074,19.651695,10.250057,3.449820,2.757153,179.374604,5.360314,1.085871,0.026673,0.986592
-0.040361,0.014986,0.350239,3.185011,19.628748,10.249885,3.450123,2.752447,179.368290,5.357850,1.085796,0.026642,0.986539
-0.037578,0.015049,0.361290,3.543099,19.590058,10.250000,3.451373,2.746056,179.346690,5.348834,1.085790,0.026661,0.986570
-0.038152,0.015352,0.337269,2.794140,19.568640,10.250058,3.451528,2.750353,178.936817,5.349740,1.085754,0.026618,0.986515
-0.038008,0.015088,0.339128,2.859933,19.604287,10.250257,3.450178,2.749822,179.316165,5.331410,1.085703,0.026559,0.986453
-0.037504,0.015031,0.343134,2.960601,19.648015,10.250020,3.448685,2.746954,179.313638,5.335376,1.085709,0.026553,0.986440
-0.037778,0.014590,0.337245,3.083122,19.632678,10.250015,3.446417,2.750606,179.309119,5.324724,1.085623,0.026508,0.986379
-0.036256,0.014886,0.340946,2.764797,19.676808,10.250157,3.448483,2.731030,179.274130,5.315298,1.085616,0.026469,0.986367
-0.041340,0.015339,0.329254,3.351572,19.701948,10.333517,3.451340,2.744787,179.265001,5.618144,1.085590,0.027843,0.986339
-0.039893,0.014672,0.321488,2.821008,19.572937,10.333415,3.449483,2.748984,179.214979,5.601865,1.085491,0.027802,0.986308
-0.040790,0.015233,0.304132,2.607366,19.583253,10.333350,3.451540,2.741802,179.207761,5.589442,1.085454,0.027675,0.986212
-0.037186,0.014829,0.328017,2.936467,19.607335,10.250047,3.450844,2.752916,179.261928,5.302148,1.085555,0.026378,0.986304
-0.039449,0.014991,0.342788,2.726682,19.600350,10.250180,3.450410,2.743090,179.217147,5.292881,1.085468,0.026351,0.986235
-0.038982,0.015129,0.340725,3.091964,19.575657,10.333248,3.452785,2.753951,179.190159,5.581653,1.085392,0.027642,0.986160
-0.041664,0.015225,0.327780,4.270833,19.576360,10.333385,3.451770,2.725988,179.162807,5.571748,1.085380,0.027641,0.986156
-0.040657,0.014411,0.358812,2.530434,19.562190,10.333437,3.448527,2.750659,179.153417,5.568710,1.085322,0.027613,0.986129
-0.042104,0.014662,0.310431,2.980287,19.596115,10.333368,3.449940,2.744638,179.131342,5.561517,1.085310,0.027552,0.986090
-0.041998,0.014881,0.328061,3.360343,19.563837,10.333320,3.449109,2.752827,179.111001,5.554070,1.085265,0.027530,0.986067
-0.037944,0.014541,0.342151,3.286313,19.531163,10.333462,3.447667,2.739680,179.096761,5.555650,1.085236,0.027510,0.986031
-0.041507,0.015779,0.331864,3.484679,19.504398,10.332812,3.452502,2.739562,179.072847,5.546621,1.085202,0.027472,0.986000
-0.041284,0.015594,0.344932,2.628030,19.555002,10.333335,3.452507,2.754115,179.062469,5.530722,1.085195,0.027416,0.985971
-0.037221,0.014425,0.347390,3.424849,19.584047,10.333573,3.448487,2.754164,179.061199,5.537761,1.085179,0.027429,0.985986
-0.040273,0.014425,0.340595,3.012537,19.627977,10.333380,3.445745,2.742225,179.041937,5.520659,1.085143,0.027362,0.985902
-0.038960,0.015105,0.359246,2.452428,19.573098,10.333488,3.450072,2.745652,179.018113,5.534650,1.085098,0.027376,0.985909
-0.039455,0.014889,0.331560,3.012125,19.498200,10.333408,3.448670,2.737982,179.018021,5.518300,1.085038,0.027330,0.985856
-0.041059,0.014491,0.354598,2.898407,19.544980,10.333385,3.447674,2.736113,178.989658,5.512264,1.085042,0.027281,0.985829
-0.042239,0.014365,0.344111,3.130037,19.535200,10.333370,3.447656,2.753654,178.984911,5.502750,1.084992,0.027241,0.985784
-0.041589,0.014236,0.341236,2.771208,19.577697,10.333448,3.446819,2.751287,178.962268,5.493061,1.084971,0.027208,0.985759
-0.041624,0.014651,0.340341,2.929748,19.532855,10.333302,3.446719,2.763385,178.938246,5.483654,1.084908,0.027161,0.985732
-0.040164,0.014642,0.343046,2.984534,19.566572,10.333505,3.448290,2.742660,178.922578,5.469903,1.084879,0.027128,0.985675
-0.041564,0.014433,0.364656,2.611458,19.554148,10.333505,3.449604,2.753617,178.908620,5.474867,1.084853,0.027114,0.985662
-0.039565,0.015114,0.346701,3.075171,19.554703,10.333288,3.452345,2.729680,178.892051,5.459964,1.084815,0.027054,0.985606
-0.039361,0.014830,0.352987,3.280812,19.588262,10.333407,3.448284,2.722393,178.868193,5.447509,1.084758,0.027008,0.985592
-0.041281,0.014761,0.338965,2.771070,19.498473,10.333328,3.447981,2.750489,178.854106,5.440892,1.084707,0.026989,0.985553
-0.038611,0.014328,0.348711,2.869463,19.564403,10.333368,3.448480,2.739245,178.833145,5.426547,1.084692,0.026936,0.985488
-0.041076,0.014699,0.356168,2.969709,19.508013,10.333393,3.449059,2.742300,178.820433,5.426880,1.084642,0.026934,0.985490
-0.039826,0.015014,0.338503,3.330957,19.524068,10.416640,3.448239,2.742331,178.811178,5.517120,1.084658,0.027324,0.984467
-0.037579,0.014497,0.344720,2.592597,19.458253,10.333382,3.447479,2.742219,178.782066,5.403703,1.084545,0.026843,0.985419
-0.038952,0.014370,0.351030,2.899736,19.465143,10.333412,3.448498,2.749252,178.773551,5.385677,1.084506,0.026739,0.985323
-0.040436,0.013924,0.356181,4.524183,19.545733,10.333518,3.444405,2.756857,178.786343,5.388355,1.084519,0.026724,0.985305
-0.039982,0.014028,0.360650,2.653869,19.605312,10.333362,3.445205,2.756035,178.796575,5.390339,1.084545,0.026779,0.985343
-0.036129,0.014363,0.331698,3.439946,19.508685,10.333370,3.446418,2.743979,178.740228,5.372632,1.084434,0.026706,0.985285
-0.038864,0.015065,0.357794,2.760647,19.498882,10.333392,3.449035,2.738292,178.724936,5.375289,1.084377,0.026700,0.985282
-0.038604,0.014785,0.323381,2.681536,19.535858,10.333497,3.449662,2.736095,178.713955,5.371292,1.084379,0.026657,0.985224
-0.037869,0.014856,0.344076,3.135166,19.535398,10.333437,3.446606,2.759307,178.703703,5.363051,1.084348,0.026652,0.985212
-0.040105,0.014758,0.339847,3.158898,19.471772,10.333447,3.449761,2.750810,178.687039,5.362640,1.084278,0.026638,0.985190
-0.040663,0.015353,0.367964,2.952912,19.464912,10.333337,3.452525,2.755774,178.720644,5.344101,1.084220,0.026532,0.985099
-0.038785,0.014094,0.357543,2.718871,19.514357,10.333378,3.445757,2.817093,179.989781,5.337672,1.084197,0.026486,0.985051
-0.037442,0.014771,0.365453,2.947610,19.454512,10.333347,3.449682,2.741717,178.695252,5.323124,1.084161,0.026476,0.985037
-0.037049,0.014695,0.321071,5.209904,19.509983,10.333375,3.447452,2.754002,178.686042,5.324788,1.084167,0.026452,0.985007
-0.039503,0.014759,0.356232,4.372771,19.479288,10.333423,3.449053,2.745159,178.654576,5.311273,1.084092,0.026430,0.984976
-0.036069,0.014760,0.357822,3.116499,19.483158,10.333283,3.448789,2.746237,178.624352,5.303000,1.084047,0.026375,0.984928
-0.035849,0.014645,0.348652,2.720144,19.461520,10.333370,3.448226,2.747632,178.606279,5.287897,1.083988,0.026323,0.984883
-0.038544,0.015218,0.347792,2.655729,19.492340,10.333273,3.451464,2.746695,178.583609,5.271191,1.083968,0.026247,0.984800
-0.039963,0.014726,0.349536,3.004977,19.506458,10.333450,3.449210,2.735281,178.560350,5.267501,1.083925,0.026231,0.984806
-0.039180,0.014533,0.340709,2.948107,19.509167,10.333385,3.447758,2.747996,178.547927,5.275812,1.083904,0.026262,0.984806
-0.037698,0.014921,0.348569,2.873673,19.512283,10.333397,3.451070,2.742705,178.524573,5.275328,1.083875,0.026239,0.984783
-0.038016,0.015186,0.337472,2.217871,19.442725,10.333372,3.449896,2.744187,178.513570,5.263170,1.083809,0.026190,0.984708
-0.037890,0.015374,0.356849,3.461167,19.437197,10.333408,3.451921,2.737513,178.497707,5.253821,1.083772,0.026177,0.984697
-0.036618,0.014967,0.351949,3.972772,19.464893,10.333488,3.450331,2.746956,178.477119,5.250326,1.083706,0.026137,0.984678
-0.041170,0.015355,0.358918,2.825023,19.451328,10.416773,3.449551,2.760267,178.450931,5.543359,1.083661,0.027445,0.984612
-0.043601,0.015315,0.363479,2.831271,19.459065,10.416832,3.451242,2.726222,178.433285,5.531967,1.083607,0.027380,0.984538
-0.041849,0.015206,0.335173,2.790904,19.444547,10.416695,3.451614,2.743355,178.419981,5.533341,1.083568,0.027386,0.984539
-0.039314,0.014776,0.349622,2.725053,19.435802,10.416575,3.450010,2.751230,178.403228,5.510107,1.083524,0.027312,0.984459
-0.042426,0.015511,0.349039,2.865874,19.466412,10.416668,3.451992,2.757495,178.393026,5.503758,1.083494,0.027279,0.984424
-0.041551,0.015658,0.368697,2.744811,19.455823,10.416650,3.452156,2.742465,178.396377,5.494138,1.083483,0.027234,0.984409
-0.043543,0.015441,0.354307,3.193734,19.450465,10.416588,3.450974,2.752740,178.422184,5.502410,1.083510,0.027257,0.984419
-0.037537,0.015247,0.363554,2.801595,19.414170,10.333287,3.450513,2.751995,178.514314,5.206449,1.083547,0.025901,0.984448
-0.038578,0.015215,0.368399,2.603364,19.486572,10.333528,3.451838,2.746758,178.666802,5.236263,1.083751,0.025975,0.984582
-0.040721,0.014427,0.349819,2.643945,19.501970,10.333498,3.449200,2.731592,178.672761,5.241857,1.083768,0.026026,0.984643
-0.040499,0.014628,0.334707,3.097485,19.456290,10.333262,3.449289,2.737584,178.586339,5.220747,1.083641,0.025959,0.984574
-0.037662,0.015192,0.355726,2.464159,19.476827,10.333518,3.450399,2.739042,178.442850,5.196874,1.083480,0.025849,0.984405
-0.039036,0.015193,0.371503,2.937200,19.422495,10.416618,3.452680,2.744226,178.309321,5.460924,1.083305,0.027051,0.984218
-0.039453,0.014749,0.374531,2.809291,19.385217,10.416665,3.448758,2.753507,178.280843,5.436886,1.083236,0.026967,0.984146
-0.040054,0.014886,0.372254,3.079012,19.453753,10.416907,3.450302,2.761487,178.293368,5.423675,1.083158,0.026899,0.984081
-0.039807,0.015268,0.367418,3.364361,19.421010,10.416805,3.451571,2.724424,178.453875,5.454348,1.083295,0.027001,0.984179
-0.037321,0.014968,0.336192,2.728615,19.482175,10.333410,3.449593,2.764577,178.587010,5.173367,1.083450,0.025725,0.984297
-0.037697,0.015212,0.328038,2.706849,19.538932,10.333490,3.449674,2.730578,178.656463,5.194194,1.083532,0.025768,0.984386
-0.036590,0.015014,0.349735,2.639938,19.502297,10.333540,3.450047,2.743367,178.667971,5.187855,1.083537,0.025753,0.984370
-0.037439,0.015263,0.320684,4.212359,19.440218,10.333363,3.453013,2.738750,178.645530,5.188493,1.083475,0.025757,0.984363
-0.039021,0.014774,0.368005,2.665608,19.435187,10.333400,3.449476,2.753038,178.595732,5.165198,1.083434,0.025699,0.984338
-0.037978,0.015550,0.350929,2.735902,19.480358,10.333455,3.454376,2.740193,178.519770,5.151926,1.083324,0.025630,0.984227
-0.040174,0.014758,0.371052,2.821783,19.414225,10.416748,3.447627,2.740433,178.399597,5.434089,1.083183,0.026904,0.984103
-0.040025,0.014988,0.367523,2.625677,19.409770,10.416763,3.450837,2.758332,178.170286,5.373343,1.082865,0.026665,0.983854
-0.037654,0.014992,0.361138,2.896631,19.362292,10.416865,3.450541,2.746785,178.141321,5.349972,1.082739,0.026573,0.983730
-0.037517,0.015841,0.360620,3.002400,19.365978,10.416902,3.455884,2.729657,178.122498,5.335513,1.082665,0.026521,0.983700
-0.037304,0.015380,0.358005,2.411101,19.398023,10.416693,3.451878,2.731153,178.096482,5.317489,1.082596,0.026445,0.983601
-0.036029,0.014813,0.368837,2.842365,19.381748,10.416718,3.449318,2.739666,178.085040,5.312178,1.082539,0.026424,0.983582
-0.036837,0.014941,0.360061,2.425150,19.399722,10.416705,3.450423,2.739872,178.079295,5.303848,1.082503,0.026358,0.983525
-0.036029,0.015242,0.365690,2.648960,19.410193,10.416847,3.450279,2.735936,178.053281,5.293672,1.082439,0.026324,0.983460
-0.038182,0.015724,0.365827,3.033775,19.324927,10.416702,3.453137,2.747658,178.027219,5.282229,1.082361,0.026261,0.983408
-0.037827,0.015153,0.369694,2.728528,19.347232,10.416725,3.451999,2.758005,178.006458,5.261954,1.082314,0.026195,0.983352
-0.038224,0.015760,0.360691,1.936719,19.381783,10.416785,3.453091,2.764228,178.000269,5.264200,1.082276,0.026177,0.983345
-0.041562,0.015658,0.344544,2.496908,19.343050,10.416692,3.453033,2.743167,178.003811,5.258091,1.082231,0.026150,0.983287
-0.036911,0.015360,0.358976,3.176014,19.372583,10.416632,3.450839,2.751686,178.045075,5.250778,1.082273,0.026118,0.983275
-0.037691,0.015938,0.362667,2.812031,19.458852,10.416747,3.454798,2.739136,178.111989,5.256872,1.082307,0.026126,0.983298
-0.039543,0.015530,0.362637,2.572589,19.539152,10.416758,3.449965,2.746152,178.235851,5.274058,1.082448,0.026187,0.983396
-0.039849,0.015231,0.357801,2.870118,19.453598,10.416740,3.450921,2.742024,178.335569,5.303397,1.082542,0.026296,0.983522
-0.039457,0.015144,0.368058,3.180780,19.370182,10.416702,3.451455,2.753667,178.308231,5.302526,1.082506,0.026284,0.983511
-0.036543,0.015051,0.343189,2.603371,19.428050,10.416675,3.452452,2.751032,178.175521,5.273533,1.082388,0.026162,0.983386
-0.039050,0.015066,0.375740,2.854561,19.387050,10.416680,3.452279,2.743695,178.003585,5.237899,1.082147,0.026026,0.983228
-0.039724,0.014968,0.374319,2.642364,19.348965,10.499680,3.450631,2.738810,177.878036,5.508258,1.081947,0.027264,0.983027
-0.044255,0.015708,0.363581,2.516849,19.354793,10.500002,3.454031,2.752156,177.841682,5.488161,1.081823,0.027162,0.982929
-0.038780,0.015014,0.366555,2.657486,19.392572,10.500015,3.451377,2.752970,178.037190,5.490762,1.081957,0.027227,0.983002
-0.038958,0.014994,0.354456,2.790053,19.453045,10.416705,3.452247,2.745243,178.259849,5.230602,1.082228,0.025966,0.983206
-0.041144,0.015236,0.365920,2.495142,19.422740,10.416692,3.451637,2.755217,178.384792,5.273971,1.082376,0.026122,0.983380
-0.039020,0.015170,0.383010,3.427577,19.410818,10.416840,3.451169,2.743589,178.443068,5.299246,1.082439,0.026190,0.983452
-0.040016,0.015303,0.356585,2.523387,19.429150,10.416712,3.450877,2.751980,178.468880,5.296505,1.082474,0.026229,0.983470
-0.037045,0.015198,0.361890,3.111546,19.434862,10.416717,3.452072,2.759684,178.454446,5.289448,1.082446,0.026201,0.983453
-0.040665,0.015015,0.375994,2.726188,19.444195,10.416720,3.449768,2.740349,178.406995,5.282056,1.082394,0.026129,0.983398
-0.039962,0.015414,0.376846,2.855562,19.434575,10.416777,3.452490,2.748971,178.314029,5.261240,1.082275,0.026040,0.983292
-0.039776,0.014773,0.379264,3.057983,19.426192,10.416600,3.449447,2.741148,178.082972,5.216187,1.082084,0.025885,0.983122
-0.042428,0.015913,0.330874,3.750467,19.357302,10.500077,3.455344,2.738181,177.781735,5.455692,1.081654,0.026978,0.982783
-0.040681,0.015102,0.387829,2.723322,19.341220,10.500083,3.451217,2.756696,177.676775,5.397365,1.081443,0.026771,0.982556
-0.040126,0.015635,0.387606,2.610299,19.374505,10.500097,3.452587,2.745941,177.668185,5.390740,1.081400,0.026719,0.982511
-0.041464,0.015664,0.404931,2.440161,19.346180,10.499900,3.455465,2.743322,177.659608,5.363296,1.081318,0.026658,0.982445
-0.038576,0.015706,0.395527,2.764995,19.290717,10.499998,3.453331,2.745260,177.650734,5.345400,1.081256,0.026587,0.982399
-0.037206,0.015071,0.356948,3.127688,19.295318,10.500080,3.451198,2.744575,177.636567,5.338925,1.081202,0.026515,0.982304
-0.040294,0.015123,0.371005,2.335506,19.332275,10.500043,3.452379,2.740667,177.626453,5.324064,1.081151,0.026469,0.982251
-0.039378,0.015266,0.379309,2.539647,19.289953,10.500053,3.455339,2.746541,177.613788,5.323318,1.081100,0.026460,0.982231
-0.039410,0.015173,0.364154,3.465887,19.313860,10.500108,3.453988,2.737460,177.408822,5.296207,1.079823,0.026379,0.982146
-0.041802,0.015709,0.376847,2.664323,19.296463,10.500068,3.455238,2.757384,177.620900,5.298909,1.080975,0.026341,0.982121
-0.037595,0.015761,0.375169,3.114606,19.302660,10.500020,3.454670,2.744958,177.670202,5.295631,1.080998,0.026304,0.982089
-0.039606,0.015029,0.387908,2.576753,19.313995,10.500067,3.451046,2.730969,177.717386,5.293618,1.080984,0.026305,0.982096
-0.036095,0.015324,0.355565,3.037632,19.359197,10.500147,3.453072,2.742212,177.809576,5.313774,1.081077,0.026347,0.982161
-0.040613,0.015093,0.370306,2.620680,19.357905,10.500028,3.450811,2.741212,177.934710,5.327380,1.081160,0.026405,0.982240
-0.040700,0.015223,0.358854,2.555226,19.407105,10.500160,3.451823,2.752676,177.992788,5.357873,1.081266,0.026509,0.982355
-0.040461,0.015099,0.368485,2.516848,19.323538,10.500092,3.451600,2.739958,177.850370,5.332740,1.081122,0.026432,0.982269
-0.038829,0.015166,0.384795,3.268500,19.319035,10.499992,3.451627,2.739728,177.655752,5.279797,1.080882,0.026230,0.982055
-0.036366,0.015907,0.374399,2.746853,19.292687,10.500118,3.453092,2.750693,177.485516,5.246578,1.080654,0.026091,0.981847
-0.043145,0.015970,0.371135,3.121767,19.311220,10.583503,3.454880,2.732017,177.440960,5.529364,1.080535,0.027381,0.981743
-0.040245,0.015499,0.404786,2.980589,19.310305,10.583533,3.453606,2.748810,177.454184,5.519353,1.080476,0.027325,0.981698
-0.038186,0.015486,0.388893,2.775635,19.295607,10.500085,3.452710,2.761048,177.579045,5.216237,1.080534,0.025966,0.981743
-0.039713,0.015765,0.400830,2.475324,19.292768,10.500172,3.452449,2.744440,177.705482,5.238051,1.080650,0.026017,0.981833
-0.039490,0.015079,0.395099,2.966350,19.373935,10.500095,3.451489,2.743382,177.795157,5.248310,1.080757,0.026052,0.981897
-0.035995,0.015251,0.351830,2.936194,19.418798,10.500032,3.451680,2.741830,177.820271,5.257987,1.080772,0.026090,0.981964
-0.039226,0.015500,0.380327,2.872693,19.395882,10.500055,3.453875,2.737570,177.809852,5.264296,1.080749,0.026100,0.981946
-0.038704,0.015963,0.380241,3.516670,19.312292,10.499965,3.454618,2.739882,177.772309,5.242427,1.080669,0.026024,0.981885
-0.039527,0.015082,0.353763,2.859907,19.315542,10.500018,3.451805,2.738389,177.717634,5.225374,1.080620,0.025961,0.981802
-0.038284,0.015177,0.389339,2.945991,19.335800,10.500145,3.452345,2.750677,177.632424,5.203112,1.080549,0.025866,0.981700
-0.040230,0.015692,0.357278,2.572164,19.247580,10.583328,3.453881,2.736432,177.372123,5.475672,1.080235,0.027119,0.981506
-0.038880,0.015814,0.400027,3.126431,19.260793,10.583417,3.456888,2.743575,177.263934,5.418993,1.080007,0.026874,0.981280
-0.040243,0.015130,0.381793,2.613946,19.264677,10.583577,3.452116,2.739942,177.253132,5.418227,1.079964,0.026855,0.981247
-0.038958,0.015943,0.369927,2.361622,19.245775,10.583455,3.456279,2.742111,177.228460,5.398882,1.079893,0.026786,0.981194
-0.040031,0.015287,0.394540,2.792595,19.260325,10.583298,3.452919,2.736671,177.210482,5.376057,1.079820,0.026708,0.981125
-0.038344,0.015506,0.359276,3.250987,19.239077,10.583348,3.453275,2.739020,177.180939,5.368481,1.079750,0.026668,0.981063
-0.040543,0.016122,0.398261,2.726320,19.236538,10.583513,3.455508,2.741530,177.162871,5.353220,1.079684,0.026596,0.981000
-0.039542,0.015279,0.407622,2.777098,19.248512,10.583325,3.453924,2.727403,177.149048,5.332307,1.079639,0.026541,0.980940
-0.039377,0.016027,0.386589,2.360950,19.268393,10.583358,3.456353,2.739873,177.138876,5.334178,1.079605,0.026497,0.980903
-0.038421,0.016001,0.386192,3.066191,19.312045,10.583498,3.454711,2.736214,177.142224,5.330973,1.079595,0.026456,0.980872
-0.039006,0.015517,0.401113,2.668979,19.262620,10.583377,3.452339,2.735662,177.160498,5.329131,1.079536,0.026456,0.980878
-0.039709,0.016035,0.410130,2.540319,19.288783,10.583522,3.455788,2.745197,177.196632,5.329232,1.079583,0.026436,0.980846
-0.039800,0.015514,0.364711,3.081448,19.251207,10.583377,3.453538,2.744977,177.224140,5.322349,1.079558,0.026431,0.980859
-0.038507,0.015822,0.402804,2.441448,19.288512,10.583417,3.455911,2.753937,177.322328,5.330576,1.079613,0.026452,0.980882
-0.041643,0.015160,0.359858,2.778965,19.328933,10.583518,3.452985,2.747098,177.449763,5.350419,1.079771,0.026501,0.980962
-0.043204,0.015573,0.343109,2.650434,19.324808,10.583407,3.452277,2.744255,177.434715,5.375785,1.079779,0.026594,0.981034
-0.038206,0.015947,0.367534,3.327055,19.288207,10.583525,3.456051,2.751853,177.286374,5.337208,1.079608,0.026466,0.980912
-0.037991,0.015662,0.399098,2.888170,19.246962,10.583355,3.455150,2.745215,177.109296,5.294362,1.079401,0.026278,0.980727
-0.039445,0.016023,0.390374,2.543353,19.247917,10.583320,3.455719,2.743996,177.006735,5.255786,1.079190,0.026136,0.980507
-0.037838,0.015873,0.389377,2.602583,19.231865,10.666820,3.456353,2.738637,176.988650,5.546573,1.079125,0.027484,0.980475
-0.040248,0.015999,0.376642,3.427638,19.211897,10.666833,3.454620,2.747448,177.046023,5.536992,1.079104,0.027424,0.980432
-0.038695,0.016080,0.386523,2.653600,19.247083,10.583372,3.455345,2.742518,177.199736,5.245328,1.079232,0.026077,0.980486
-0.037539,0.015876,0.388766,3.259485,19.278648,10.583442,3.455606,2.745423,177.319150,5.262472,1.079330,0.026116,0.980553
-0.039018,0.015827,0.397443,2.455018,19.323253,10.583378,3.452861,2.745166,177.391611,5.221471,1.079411,0.025921,0.980370
-0.039604,0.015565,0.390490,2.703182,19.309205,10.583283,3.453992,2.742855,177.414790,5.289227,1.079399,0.026193,0.980650
-0.040299,0.015009,0.360883,2.854449,19.303387,10.583268,3.449939,2.757818,177.405698,5.274049,1.079367,0.026138,0.980615
-0.039946,0.014948,0.375362,3.836611,19.287143,10.583460,3.451098,2.733943,177.371525,5.265946,1.079309,0.026115,0.980594
-0.039044,0.015326,0.399155,2.896378,19.313762,10.583538,3.451397,2.756356,177.338517,5.246942,1.079242,0.026053,0.980516
-0.038654,0.016229,0.373283,3.128025,19.242102,10.583542,3.456667,2.736011,177.194872,5.232390,1.079118,0.025969,0.980436
-0.039602,0.016066,0.374485,2.410548,19.306200,10.666730,3.455112,2.729706,176.918271,5.475088,1.078788,0.027115,0.980123
-0.041751,0.015733,0.392578,2.786437,19.246750,10.666793,3.457122,2.750513,176.846965,5.442163,1.078603,0.026991,0.979993
-0.040427,0.015779,0.395263,2.071589,19.195953,10.666705,3.455859,2.738887,176.818685,5.424656,1.078509,0.026912,0.979917
-0.037250,0.015692,0.418168,2.449751,19.247915,10.666797,3.455599,2.721607,176.816389,5.410303,1.078453,0.026841,0.979871
-0.040113,0.015673,0.407505,2.518477,19.171855,10.666723,3.454749,2.714750,176.783884,5.398665,1.078378,0.026795,0.979809
-0.038593,0.015505,0.392080,2.278143,19.241718,10.666650,3.452420,2.751362,176.769481,5.388698,1.078335,0.026736,0.979749
-0.042011,0.016070,0.391297,2.526470,19.170377,10.666622,3.456565,2.753508,176.744851,5.374822,1.078252,0.026687,0.979695
-0.039683,0.016004,0.389893,2.565081,19.199658,10.666530,3.456528,2.734139,176.727589,5.361857,1.078146,0.026611,0.979612
-0.037810,0.016466,0.408503,2.471472,19.223580,10.666863,3.458657,2.744267,176.713580,5.349725,1.078131,0.026565,0.979575
-0.041016,0.015980,0.398397,2.474194,19.259845,10.666728,3.454813,2.738032,176.697338,5.345808,1.078133,0.026526,0.979518
-0.039440,0.015760,0.397051,2.855008,19.173825,10.666822,3.455808,2.739945,176.689668,5.329294,1.078057,0.026492,0.979512
-0.039605,0.016821,0.376118,2.376027,19.204212,10.666782,3.459585,2.739306,176.671253,5.307286,1.078002,0.026413,0.979420
-0.039636,0.016388,0.398674,2.621091,19.248037,10.666725,3.458366,2.728262,176.718539,5.311674,1.077989,0.026395,0.979424
-0.039210,0.016259,0.376742,3.423535,19.210845,10.666687,3.456141,2.729462,176.831365,5.322416,1.078062,0.026433,0.979468
-0.039412,0.015658,0.375495,2.306035,19.225163,10.666617,3.453253,2.724322,176.893595,5.335357,1.078159,0.026470,0.979523
-0.041464,0.016319,0.392027,2.402830,19.223310,10.666800,3.455696,2.742595,176.804887,5.323113,1.078062,0.026425,0.979466
-0.039782,0.016314,0.401779,2.822915,19.215967,10.666685,3.457732,2.742764,176.651905,5.287448,1.077857,0.026275,0.979296
-0.038904,0.016554,0.403027,3.217612,19.173057,10.666822,3.458399,2.732712,176.601287,5.268169,1.077698,0.026199,0.979176
-0.038382,0.015803,0.382401,2.490721,19.294675,10.750088,3.454188,2.747361,176.587283,5.555842,1.077687,0.027531,0.979110
-0.040325,0.016564,0.376111,3.740862,19.190313,10.750167,3.457002,2.729640,176.578907,5.545180,1.077568,0.027493,0.979081
-0.042531,0.016099,0.390553,2.560817,19.190272,10.750142,3.457309,2.742317,176.666140,5.539474,1.077597,0.027458,0.979066
-0.036904,0.016243,0.381370,3.351044,19.202333,10.666633,3.456303,2.739293,176.792501,5.246307,1.077690,0.026081,0.979124
-0.040171,0.015865,0.381731,3.022794,19.227125,10.666768,3.456866,2.738394,176.922060,5.256133,1.077773,0.026120,0.979206
-0.038273,0.015632,0.385195,2.315083,19.246925,10.666822,3.454187,2.735993,177.010656,5.284505,1.077859,0.026196,0.979281
-0.038617,0.015698,0.391164,2.653958,19.267908,10.666750,3.452433,2.756414,177.075670,5.291264,1.077900,0.026214,0.979283
-0.038490,0.016269,0.393339,2.580551,19.277277,10.666725,3.458892,2.738998,177.101436,5.300166,1.077908,0.026234,0.979337
-0.042031,0.015392,0.378376,3.201591,19.296633,10.666832,3.453439,2.731198,177.113807,5.297405,1.077892,0.026210,0.979293
-0.041591,0.015631,0.398544,2.623552,19.291900,10.666767,3.454556,2.748166,177.106832,5.290968,1.077868,0.026185,0.979269
-0.039850,0.016313,0.392722,2.614095,19.226853,10.666765,3.457961,2.736425,176.882780,5.247521,1.077670,0.026027,0.979108
-0.043078,0.016572,0.402984,2.481422,19.223088,10.750052,3.457257,2.750343,176.593447,5.493775,1.077304,0.027209,0.978815
-0.038589,0.016069,0.416019,2.781127,19.314582,10.750262,3.456676,2.725586,176.423805,5.430315,1.077079,0.026956,0.978596
-0.038228,0.015807,0.409570,2.465113,19.153062,10.750035,3.455441,2.726880,176.402648,5.411963,1.076967,0.026872,0.978493
-0.037821,0.016457,0.383803,2.682618,19.146108,10.750158,3.458059,2.742612,176.388314,5.401133,1.076901,0.026804,0.978439
-0.039860,0.016305,0.390191,2.854459,19.219320,10.749973,3.458671,2.728190,176.376559,5.382570,1.076855,0.026730,0.978364
-0.041643,0.016135,0.395742,2.264585,19.181523,10.750060,3.456594,2.759915,176.379078,5.387287,1.076800,0.026722,0.978357
-0.039456,0.016014,0.426126,2.652149,19.198518,10.750220,3.455290,2.748267,176.356825,5.363290,1.076715,0.026636,0.978250
-0.038662,0.016609,0.409743,2.460309,19.112873,10.750010,3.458737,2.745043,176.125017,5.349443,1.075403,0.026603,0.978197
-0.039663,0.016192,0.400127,2.275153,19.280300,10.750047,3.456895,2.734861,176.341002,5.331112,1.076607,0.026496,0.978106
-0.038206,0.016253,0.376672,2.539206,19.231740,10.750020,3.457201,2.726122,176.325798,5.333448,1.076518,0.026500,0.978084
-0.039275,0.016103,0.404821,2.204587,19.169770,10.750108,3.455798,2.745767,176.309353,5.312653,1.076442,0.026413,0.977997
-0.035961,0.016556,0.389531,2.183634,19.175158,10.750075,3.456550,2.742289,176.303032,5.297329,1.076372,0.026352,0.977928
-0.037048,0.016376,0.402831,2.887868,19.184537,10.750010,3.456733,2.728058,176.297868,5.291528,1.076324,0.026292,0.977893
-0.038147,0.016901,0.399215,2.210319,19.179823,10.750097,3.459487,2.738952,176.321069,5.285543,1.076314,0.026274,0.977894
-0.039657,0.016548,0.407334,2.408574,19.163978,10.750168,3.460206,2.749748,176.254607,5.274717,1.076269,0.026231,0.977830
-0.041917,0.016517,0.416847,2.057154,19.204740,10.833433,3.457856,2.732213,176.265388,5.566283,1.076180,0.027580,0.977763
-0.039036,0.016501,0.432589,2.315730,19.191935,10.833482,3.458847,2.737185,176.218296,5.554146,1.076124,0.027536,0.977737
-0.039161,0.016491,0.409321,2.468425,19.204033,10.833402,3.458009,2.746971,176.195851,5.552894,1.076033,0.027489,0.977675
-0.038830,0.016623,0.391136,2.585174,19.205192,10.833480,3.458543,2.753825,176.191030,5.533723,1.075978,0.027394,0.977595
-0.040815,0.016435,0.420219,2.976175,19.203948,10.833555,3.458073,2.744766,176.160760,5.522515,1.075874,0.027338,0.977533
-0.042012,0.016577,0.398388,2.384660,19.197295,10.833492,3.459580,2.732247,176.222932,5.522137,1.075917,0.027340,0.977557
-0.038958,0.016306,0.388812,2.571793,19.181443,10.833317,3.457404,2.741019,176.288074,5.517834,1.075958,0.027378,0.977578
-0.036608,0.016250,0.411744,2.300497,19.202017,10.750153,3.458325,2.752540,176.333949,5.218482,1.075972,0.025960,0.977591
-0.039797,0.016288,0.404663,2.659468,19.221083,10.750008,3.457242,2.736866,176.381211,5.224941,1.076007,0.025974,0.977610
-0.038387,0.016315,0.399542,2.452252,19.217745,10.750055,3.457759,2.737377,176.389654,5.224529,1.075986,0.025957,0.977598
-0.036722,0.016054,0.409767,2.367007,19.248730,10.750027,3.457719,2.716876,176.374895,5.216189,1.075931,0.025913,0.977553
-0.037588,0.016522,0.414295,2.003823,19.264728,10.750037,3.456943,2.745471,176.401791,5.209346,1.075884,0.025877,0.977509
-0.037016,0.016673,0.395611,2.258379,19.188378,10.749980,3.458700,2.741698,176.365912,5.195404,1.075866,0.025824,0.977469
-0.039805,0.016525,0.388614,2.496319,19.301098,10.833448,3.459138,2.742091,176.126123,5.468830,1.075666,0.027070,0.977303
-0.040056,0.016476,0.437540,2.767227,19.133540,10.833315,3.457060,2.750144,175.998630,5.408918,1.075305,0.026859,0.977073
-0.038615,0.016180,0.374311,2.949884,19.147040,10.833330,3.457487,2.738341,175.980874,5.386940,1.075270,0.026764,0.976999
-0.038624,0.016755,0.415294,2.419532,19.184263,10.833405,3.459185,2.737383,175.960947,5.371224,1.075220,0.026696,0.976906
-0.039627,0.016701,0.403765,2.312665,19.099687,10.833383,3.460088,2.741259,175.944398,5.360869,1.075103,0.026649,0.976860
-0.039753,0.017053,0.421812,2.537083,19.152162,10.833182,3.460616,2.736861,175.920890,5.341729,1.075060,0.026546,0.976788
-0.038516,0.016394,0.429577,2.553081,19.154243,10.833377,3.457739,2.738556,175.895398,5.332146,1.074991,0.026519,0.976737
-0.038394,0.016567,0.428917,2.341130,19.128963,10.833497,3.455515,2.737317,175.885082,5.320912,1.074937,0.026463,0.976678
-0.037219,0.016257,0.406476,2.536125,19.149098,10.833438,3.457240,2.731763,175.874080,5.312459,1.074909,0.026429,0.976648
-0.036869,0.016373,0.417017,2.875512,19.156648,10.833263,3.457167,2.740034,175.855086,5.300900,1.074829,0.026368,0.976567
-0.040858,0.016062,0.431619,2.489287,19.156218,10.916703,3.455388,2.740461,175.830197,5.590361,1.074763,0.027726,0.976511
-0.039345,0.016593,0.389689,2.546803,19.158678,10.916720,3.460183,2.729492,175.816506,5.570018,1.074679,0.027641,0.976444
-0.040331,0.017147,0.409791,2.341390,19.230928,10.916702,3.460650,2.737057,176.418191,5.612083,1.074895,0.027813,0.976586
-0.039641,0.015822,0.407754,2.526348,19.216713,10.749933,3.453737,2.741894,177.027633,5.175237,1.075737,0.025617,0.977359
-0.038827,0.016367,0.398395,2.445172,19.322562,10.666743,3.455379,2.761188,177.335963,4.953725,1.076152,0.024538,0.977748
-0.040202,0.015785,0.389878,2.569152,19.298773,10.666647,3.453019,2.736644,177.398165,4.985559,1.076266,0.024659,0.977898
-0.038304,0.015766,0.373579,2.889760,19.310262,10.666662,3.452945,2.733619,177.328182,4.976748,1.076206,0.024628,0.977835
-0.037042,0.015402,0.374801,2.622413,19.336940,10.666685,3.451062,2.748398,177.276547,4.956841,1.076124,0.024558,0.977765
-0.036438,0.016331,0.379374,2.441355,19.303782,10.666683,3.455193,2.743961,177.245124,4.942287,1.076056,0.024481,0.977714
-0.035996,0.016081,0.411519,2.593634,19.298757,10.666883,3.455131,2.739063,177.236461,4.928918,1.075963,0.024441,0.977629
-0.038605,0.015691,0.377706,2.601106,19.340568,10.666662,3.452669,2.742364,177.439912,4.945467,1.076080,0.024460,0.977678
-0.038138,0.015713,0.394129,2.643675,19.337527,10.666738,3.452334,2.740613,177.690113,5.001381,1.076303,0.024670,0.977919
-0.035814,0.015633,0.375960,2.732896,19.403120,10.583350,3.450140,2.758357,177.875252,4.665849,1.076504,0.023134,0.977770
-0.037125,0.015685,0.345416,2.364343,19.446862,10.583427,3.452897,2.763070,178.026790,4.744656,1.076655,0.023456,0.978161
-0.036755,0.015531,0.364785,2.273126,19.430690,10.583445,3.451654,2.764065,178.131686,4.766930,1.076720,0.023526,0.978248
-0.038221,0.016136,0.367752,2.800385,19.446522,10.583392,3.453523,2.746469,178.202424,4.791272,1.076782,0.023590,0.978311
-0.037849,0.015519,0.338972,2.757571,19.480172,10.583412,3.452259,2.733939,178.209330,4.783263,1.076783,0.023572,0.978284
-0.035250,0.015269,0.373930,3.539421,19.448060,10.583360,3.449836,2.741558,178.196883,4.777064,1.076722,0.023551,0.978264
-0.038592,0.015232,0.342523,2.614198,19.465950,10.583297,3.451062,2.757622,178.047770,4.760950,1.076646,0.023440,0.978160
-0.038436,0.015601,0.355594,2.841718,19.428572,10.583357,3.453213,2.759985,177.743193,4.692370,1.076299,0.023244,0.977906
-0.036965,0.016260,0.388582,2.635840,19.386467,10.666798,3.453986,2.729904,177.463379,4.935215,1.075949,0.024344,0.977590
-0.037580,0.015534,0.372225,3.082895,19.362070,10.666723,3.451772,2.743460,177.269054,4.863052,1.075667,0.024105,0.977351
-0.037318,0.015923,0.354876,2.568995,19.204497,10.666817,3.454544,2.745135,176.154779,4.837035,1.075459,0.023978,0.977180
-0.037983,0.015939,0.408658,2.658069,19.331505,10.749873,3.456281,2.737140,177.057356,5.111240,1.075320,0.025224,0.977011
-0.037751,0.016124,0.399861,2.496215,19.295287,10.750098,3.454597,2.737639,177.014995,5.084636,1.075218,0.025117,0.976928
-0.035094,0.016079,0.399680,3.408949,19.281208,10.750058,3.455814,2.741432,176.981149,5.060552,1.075096,0.025016,0.976847
-0.038600,0.015749,0.375018,2.707120,19.266393,10.750117,3.454484,2.760952,176.972562,5.049852,1.075014,0.024960,0.976783
-0.038684,0.016438,0.373560,2.817421,19.286223,10.750098,3.458021,2.756094,176.965392,5.043703,1.074980,0.024897,0.976710
-0.037962,0.016072,0.367523,2.549670,19.318748,10.750047,3.455041,2.732272,176.963435,5.032549,1.074915,0.024866,0.976695
-0.035169,0.016044,0.380038,3.336268,19.348385,10.750008,3.455558,2.761220,176.954355,5.015775,1.074906,0.024798,0.976615
-0.035883,0.015930,0.406865,2.775136,19.244225,10.750150,3.453666,2.746895,176.913529,4.999057,1.074762,0.024751,0.976553
-0.036617,0.016147,0.383360,3.034899,19.284997,10.750125,3.453663,2.759630,176.927848,4.984634,1.074719,0.024657,0.976470
-0.037018,0.015627,0.405747,2.116671,19.313485,10.749955,3.453887,2.752638,177.030408,4.986449,1.074777,0.024672,0.976501
-0.040391,0.015377,0.388774,2.771834,19.226512,10.624835,3.451103,2.728299,177.061819,4.989506,1.074709,0.024644,0.976470
-0.039551,0.015615,0.389674,2.725754,19.304165,10.749998,3.454083,2.746605,176.988626,4.971907,1.074694,0.024598,0.976416
-0.037825,0.015956,0.399282,3.014258,19.231272,10.750058,3.456408,2.738486,176.886994,4.947977,1.074506,0.024499,0.976333
-0.040771,0.016059,0.394900,2.615377,19.280498,10.750062,3.453536,2.746160,176.836186,4.918852,1.074421,0.024381,0.976191
-0.037879,0.016150,0.371972,3.808294,19.207112,10.750153,3.456729,2.764643,176.785478,4.900835,1.074280,0.024320,0.976133
-0.037794,0.016742,0.416264,3.319904,19.277715,10.750165,3.460159,2.753375,176.813139,4.882189,1.074223,0.024237,0.976031
-0.036157,0.015478,0.405006,2.782464,19.295220,10.749995,3.454884,2.725929,177.018792,4.901269,1.074337,0.024295,0.976109
-0.037234,0.015946,0.379449,2.484237,19.267470,10.749942,3.455418,2.753637,177.190129,4.929852,1.074482,0.024387,0.976263
-0.040111,0.016355,0.378799,2.427300,19.276563,10.750170,3.456212,2.756480,177.326657,4.961546,1.074593,0.024481,0.976328
-0.036106,0.016287,0.393601,2.789717,19.391918,10.666728,3.453930,2.750501,177.416444,4.655999,1.074663,0.023117,0.976367
-0.035326,0.016440,0.388714,2.319514,19.355558,10.666818,3.454877,2.744579,177.484459,4.669738,1.074681,0.023143,0.976406
-0.035986,0.015568,0.377172,3.639919,19.345692,10.666597,3.453105,2.754754,177.532468,4.669804,1.074690,0.023133,0.976428
-0.038336,0.015760,0.385119,3.050469,19.411797,10.666657,3.452770,2.746559,177.559227,4.661096,1.074686,0.023097,0.976411
-0.033625,0.016136,0.346021,3.071055,19.345197,10.666793,3.454207,2.749391,177.571799,4.654346,1.074680,0.023093,0.976407
-0.036785,0.016332,0.364875,2.753450,19.346427,10.666712,3.455621,2.758176,177.366003,4.638005,1.074484,0.023008,0.976273
-0.034249,0.015917,0.377259,2.696240,19.252677,10.750017,3.452993,2.751322,177.101856,4.877293,1.074134,0.024098,0.975988
-0.036763,0.016373,0.373233,3.667034,19.256075,10.750152,3.454423,2.742194,176.922709,4.816549,1.073893,0.023901,0.975748
-0.038686,0.016583,0.389306,3.041419,19.278662,10.833447,3.455227,2.732358,176.796831,5.084328,1.073711,0.025140,0.975555
-0.037972,0.016817,0.384126,2.704828,19.244035,10.833412,3.457099,2.717452,176.705368,5.063608,1.073555,0.025005,0.975434
-0.038249,0.016277,0.411760,2.649809,19.226512,10.833392,3.457088,2.750885,176.652656,5.034928,1.073414,0.024880,0.975307
-0.040467,0.016283,0.411905,2.426735,19.249285,10.833397,3.456490,2.746078,176.616809,5.016531,1.073329,0.024789,0.975237
-0.037424,0.015858,0.374981,2.424365,19.199328,10.833318,3.455330,2.755051,176.387057,4.991916,1.072011,0.024722,0.975152
-0.038568,0.016322,0.400210,2.653795,19.236502,10.833490,3.458851,2.752630,176.595171,4.979355,1.073178,0.024658,0.975104
-0.036877,0.016459,0.392904,3.510212,19.237960,10.833265,3.457207,2.758469,176.609455,4.968868,1.073146,0.024595,0.975033
-0.035526,0.016536,0.424471,2.511144,19.194925,10.833437,3.457318,2.729402,176.617622,4.965872,1.073077,0.024578,0.975010
-0.037267,0.016729,0.403447,3.067702,19.230010,10.833392,3.458644,2.735563,176.617442,4.960972,1.073064,0.024525,0.974958
-0.036394,0.015870,0.392707,3.422647,19.185452,10.833358,3.454567,2.747348,176.630789,4.940392,1.072998,0.024449,0.974901
-0.034850,0.016346,0.403750,2.846452,19.250290,10.833525,3.456981,2.744758,176.695931,4.933096,1.073031,0.024410,0.974868
-0.038127,0.016371,0.388768,2.569180,19.248402,10.833393,3.455834,2.748583,176.787797,4.946645,1.073042,0.024427,0.974898
-0.036795,0.016407,0.369904,3.220274,19.226688,10.833373,3.456418,2.752337,176.773628,4.949195,1.073026,0.024419,0.974890
-0.036462,0.015867,0.407365,2.447727,19.222022,10.833290,3.454126,2.756447,176.666181,4.907015,1.072885,0.024283,0.974764
-0.038246,0.016791,0.386661,3.165126,19.194023,10.833525,3.458881,2.744181,176.554617,4.882428,1.072713,0.024188,0.974619
-0.036291,0.016411,0.400535,2.496772,19.177738,10.833468,3.456259,2.740229,176.457227,4.848277,1.072535,0.024064,0.974479
-0.038629,0.016810,0.387427,2.424365,19.181295,10.916577,3.460332,2.734678,176.400895,5.130723,1.072439,0.025351,0.974353
-0.035756,0.016527,0.397642,2.428313,19.228275,10.916707,3.455769,2.737256,176.482425,5.119186,1.072386,0.025316,0.974325
-0.034522,0.016533,0.371726,2.705802,19.172650,10.833488,3.456839,2.760017,176.695355,4.841710,1.072500,0.023980,0.974417
-0.040362,0.016677,0.382902,2.547625,19.307488,9.627907,3.455956,2.746503,176.808794,4.749829,1.072130,0.023491,0.974040
-0.038352,0.015752,0.384826,2.828365,19.238035,10.587253,3.452389,2.763102,176.992762,4.870287,1.072581,0.024026,0.974522
-0.038828,0.016362,0.384261,2.394163,19.283463,10.832885,3.456450,2.736161,177.091381,4.899517,1.072752,0.024194,0.974678
-0.038564,0.017105,0.401187,2.849991,19.278925,10.833292,3.459964,2.744710,177.149949,4.890032,1.072769,0.024145,0.974678
-0.035508,0.016472,0.389269,2.432172,19.410940,10.750013,3.455758,2.739343,177.190521,4.585921,1.072841,0.022787,0.974667
-0.035110,0.016511,0.386071,2.595598,19.309450,10.750137,3.455597,2.740631,177.197125,4.596998,1.072757,0.022784,0.974698
-0.035428,0.016225,0.379714,2.431747,19.280917,10.833405,3.453662,2.742607,177.129213,4.875647,1.072707,0.024062,0.974592
-0.037453,0.016521,0.356259,2.392132,19.265755,10.833490,3.456653,2.758190,176.865268,4.834165,1.072411,0.023879,0.974391
-0.035794,0.016486,0.386890,2.153458,19.226552,10.833410,3.456675,2.735629,176.626014,4.778540,1.072085,0.023653,0.974103
-0.036937,0.016984,0.410948,2.502146,19.197788,10.916678,3.458570,2.750959,176.464433,5.025265,1.071831,0.024822,0.973874
-0.039067,0.016324,0.399120,2.397246,19.164897,10.374475,3.455609,2.749151,176.333754,4.937770,1.071415,0.024409,0.973483
-0.038641,0.016370,0.427683,2.488017,19.171150,10.916617,3.457506,2.744429,176.296266,4.949728,1.071480,0.024505,0.973538
-0.035520,0.016566,0.418384,2.390891,19.168723,10.916910,3.457301,2.749946,176.245819,4.928792,1.071391,0.024433,0.973455
-0.035255,0.016782,0.424728,2.132268,19.202587,10.916782,3.457105,2.748215,176.219035,4.906799,1.071311,0.024350,0.973373
-0.039946,0.017160,0.421758,2.385021,19.167872,10.916772,3.460365,2.732621,176.191149,4.899619,1.071226,0.024290,0.973305
-0.035335,0.016621,0.429089,2.717106,19.171562,10.916640,3.458015,2.751577,176.189708,4.876243,1.071113,0.024207,0.973221
-0.036390,0.016692,0.382290,2.826195,19.173072,10.916790,3.456831,2.726101,176.215086,4.875047,1.071073,0.024160,0.973181
-0.037093,0.017127,0.403951,2.684403,19.180993,10.916720,3.457894,2.748365,176.249194,4.861440,1.071057,0.024118,0.973141
-0.037470,0.016200,0.423152,2.409461,19.158047,10.916653,3.455633,2.754904,176.264797,4.853909,1.070995,0.024078,0.973126
-0.034762,0.016314,0.398294,3.208872,19.180820,10.916718,3.455209,2.737061,176.314215,4.840819,1.070977,0.024020,0.973061
-0.036900,0.016719,0.406290,2.560503,19.226740,10.916767,3.457164,2.735209,176.420976,4.847882,1.071035,0.024013,0.973088
-0.035178,0.016286,0.409667,2.314266,19.281680,10.916732,3.455381,2.740715,176.507550,4.863567,1.071112,0.024060,0.973143
-0.035663,0.016619,0.391848,2.565000,19.204452,10.916577,3.457353,2.750375,176.443401,4.852406,1.071018,0.024023,0.973130
-0.037186,0.016737,0.401519,2.812885,19.160457,10.916838,3.457193,2.746116,176.310169,4.814881,1.070825,0.023858,0.972942
-0.036662,0.016345,0.399302,2.418939,19.170643,11.000012,3.455654,2.744219,176.184206,5.079527,1.070669,0.025073,0.972765
-0.037973,0.016545,0.412873,2.639349,19.170875,10.999990,3.457568,2.757853,176.074257,5.062962,1.070474,0.024994,0.972626
-0.039988,0.016378,0.398751,2.554094,19.109285,11.000138,3.457317,2.755651,176.021208,5.027965,1.070334,0.024870,0.972529
-0.037959,0.016341,0.414861,2.588410,19.199467,11.000035,3.455948,2.733059,176.154394,5.021867,1.070374,0.024823,0.972497
-0.041359,0.017037,0.399179,2.527944,19.214425,10.635032,3.458203,2.741709,176.360920,4.969897,1.070408,0.024515,0.972246
-0.036716,0.016265,0.407851,2.646776,19.179523,10.916645,3.455625,2.746323,176.526039,4.764861,1.070610,0.023622,0.972739
-0.038177,0.016367,0.411140,2.777635,19.218513,10.916682,3.454785,2.758438,176.635483,4.785844,1.070697,0.023668,0.972793
-0.039340,0.015906,0.409906,2.495018,19.339062,10.916840,3.452900,2.738207,176.694797,4.804163,1.070782,0.023691,0.972824
-0.036457,0.016385,0.378483,2.542328,19.213490,10.852490,3.456499,2.742226,176.717029,4.802646,1.070700,0.023671,0.972816
-0.038820,0.016830,0.403405,2.299338,19.187165,9.834907,3.457897,2.748933,176.653809,4.695989,1.070211,0.023131,0.972356
-0.033018,0.016456,0.382022,2.617650,19.248790,10.916673,3.454483,2.741798,176.671555,4.746554,1.070530,0.023454,0.972620
-0.037243,0.016584,0.398875,2.470119,19.179803,10.840662,3.456418,2.744668,176.524990,4.720850,1.070404,0.023381,0.972526
-0.034746,0.016520,0.407237,2.372392,19.192418,11.000037,3.456985,2.743966,176.268404,4.982398,1.070098,0.024595,0.972283
-0.037263,0.016972,0.417696,2.791546,19.230037,10.999952,3.458998,2.736668,176.062111,4.926311,1.069865,0.024340,0.972028
-0.039078,0.016853,0.384296,2.161202,19.117218,10.375770,3.458157,2.756022,175.890055,4.827028,1.069363,0.023908,0.971603
-0.034818,0.016621,0.429233,2.549808,19.141402,11.000057,3.458600,2.737448,175.826022,4.841027,1.069428,0.024018,0.971653
-0.036941,0.016915,0.430861,2.565174,19.155540,11.082908,3.458262,2.742856,175.787111,5.115927,1.069316,0.025305,0.971543
-0.035425,0.017118,0.390082,2.349222,19.157048,11.083430,3.459830,2.735579,175.773199,5.110815,1.069241,0.025239,0.971471
-0.039950,0.017361,0.388506,2.793716,19.126777,10.913497,3.459875,2.745007,175.754274,5.079291,1.069093,0.025106,0.971338
-0.034723,0.016870,0.414976,2.679431,19.139443,10.902455,3.457448,2.740381,175.750283,5.059925,1.069016,0.025009,0.971261
-0.039725,0.016731,0.430021,2.386420,19.138573,11.083415,3.459158,2.742932,175.755742,5.070277,1.068991,0.025013,0.971252
-0.037922,0.016273,0.424543,2.633788,19.117800,10.972590,3.455714,2.737146,175.755874,5.036947,1.068881,0.024914,0.971164
-0.038873,0.016804,0.384975,2.451467,19.153998,11.083418,3.458839,2.736521,175.773675,5.038777,1.068880,0.024882,0.971140
-0.040229,0.016130,0.441300,2.328955,19.181195,11.083427,3.454785,2.732591,175.790324,5.029830,1.068825,0.024868,0.971120
-0.035727,0.016471,0.410044,2.366223,19.135127,11.083508,3.456370,2.753606,175.843062,5.025218,1.068756,0.024824,0.971082
-0.038013,0.017263,0.435093,2.743651,19.130228,10.777358,3.458110,2.731941,175.964207,4.999916,1.068708,0.024687,0.970976
-0.044585,0.016879,0.442813,2.386701,19.127448,10.215967,3.458793,2.756798,175.957958,4.952353,1.068466,0.024452,0.970752
-0.038948,0.016399,0.399262,2.356808,19.170323,11.083445,3.457141,2.762560,175.869623,5.002435,1.068668,0.024692,0.970981
-0.034746,0.016678,0.412660,2.215541,19.165393,11.083515,3.458482,2.746994,175.743816,4.955011,1.068490,0.024547,0.970837
-0.034826,0.016738,0.418461,2.389217,19.145153,11.083483,3.458401,2.751381,175.671461,4.929519,1.068334,0.024435,0.970689
-0.039200,0.016952,0.402805,3.338423,19.105723,11.083352,3.458549,2.747969,175.620290,4.911816,1.068211,0.024339,0.970611
-0.036597,0.017827,0.425723,2.624249,19.173927,11.083372,3.463457,2.761687,175.617356,4.891273,1.068131,0.024266,0.970509
-0.037544,0.017176,0.412954,2.950068,19.090245,10.583107,3.457402,2.737910,175.727741,4.855478,1.067951,0.024049,0.970345
-0.039131,0.016856,0.445346,2.592643,19.110973,10.558227,3.458515,2.758712,175.871666,4.859385,1.068016,0.024053,0.970372
-0.038918,0.016762,0.428769,2.494887,19.196400,10.546948,3.458857,2.744863,175.934659,4.870324,1.068036,0.024054,0.970392
-0.042613,0.016228,0.413538,2.423433,19.140507,10.076925,3.457259,2.746822,175.962541,4.828124,1.067805,0.023834,0.970202
-0.035883,0.017329,0.359396,2.531239,19.215190,11.083348,3.459276,2.735656,176.059148,4.917244,1.068207,0.024234,0.970552
-0.037483,0.017523,0.423784,2.329127,19.174702,11.083342,3.459574,2.741217,176.074354,4.909387,1.068174,0.024238,0.970554
-0.035557,0.017343,0.389346,2.210045,19.236147,11.083418,3.459365,2.749730,176.072833,4.897689,1.068161,0.024186,0.970505
-0.038205,0.017137,0.431798,2.558409,19.207935,11.083383,3.457080,2.750603,176.085974,4.894352,1.068102,0.024137,0.970467
-0.035261,0.016740,0.416316,2.657655,19.206670,11.080653,3.458734,2.756748,175.932751,4.870346,1.067992,0.024041,0.970391
-0.036247,0.017184,0.423574,2.431096,19.226352,10.671367,3.459265,2.725018,175.703553,4.773563,1.067571,0.023661,0.969995
-0.040117,0.017236,0.401535,2.586098,19.145792,10.953003,3.458902,2.738332,175.554909,5.055538,1.067383,0.025002,0.969870
-0.040856,0.017575,0.425706,2.438797,19.113535,10.653898,3.459063,2.731380,175.430573,4.995144,1.067087,0.024692,0.969591
-0.037987,0.016760,0.447032,2.381963,19.101693,11.004620,3.457750,2.742054,175.373299,4.989998,1.067067,0.024679,0.969575
-0.038176,0.016920,0.444862,2.741167,19.096050,11.166725,3.457898,2.748491,175.342923,4.974094,1.067011,0.024614,0.969496
-0.039577,0.016560,0.443813,2.684299,19.111338,11.166622,3.455062,2.759186,175.317262,4.955775,1.066914,0.024539,0.969422
-0.034067,0.016931,0.435468,2.501390,19.119018,11.166645,3.459043,2.746048,175.299719,4.943004,1.066877,0.024496,0.969367
-0.036971,0.017137,0.434510,2.289229,19.123188,11.166802,3.457638,2.731182,175.278231,4.929986,1.066778,0.024413,0.969288
-0.036985,0.017295,0.431437,2.761541,19.088858,11.134300,3.459702,2.723573,175.237265,4.902324,1.066679,0.024323,0.969190
-0.036586,0.016836,0.435231,2.248645,19.003313,11.166658,3.457357,2.736903,174.205464,4.889797,1.066596,0.024237,0.969114
-0.034442,0.017494,0.405216,2.457411,19.074630,11.166675,3.459935,2.750932,175.168369,4.862928,1.066475,0.024134,0.969006
-0.031988,0.017069,0.421912,2.088264,19.122325,11.166752,3.459050,2.739698,175.158437,4.850802,1.066402,0.024055,0.968904
-0.039859,0.017511,0.444541,2.657948,19.076080,10.941612,3.459724,2.753348,175.135765,5.115732,1.066217,0.025270,0.968734
-0.038516,0.016980,0.418768,2.245125,19.112857,11.250020,3.459743,2.741614,175.118594,5.116942,1.066229,0.025295,0.968754
-0.034095,0.017168,0.428409,2.536308,19.090538,11.250087,3.458595,2.762206,175.106102,5.105368,1.066157,0.025226,0.968675
-0.035952,0.017552,0.436173,2.400959,19.074620,11.250038,3.461666,2.762962,175.087597,5.095911,1.066063,0.025152,0.968617
-0.038193,0.017048,0.429453,2.264840,19.076375,11.083388,3.461223,2.739470,175.045300,5.062478,1.065901,0.024990,0.968479
-0.039795,0.016945,0.438685,2.071833,19.100467,11.250152,3.459525,2.749102,175.016110,5.035357,1.065845,0.024915,0.968412
-0.034725,0.017004,0.441486,2.408704,19.077697,11.250102,3.458452,2.743502,174.995977,5.030030,1.065752,0.024867,0.968335
-0.034529,0.017010,0.432036,2.308727,19.100123,11.250008,3.459598,2.735880,175.101857,5.015331,1.065701,0.024801,0.968275
-0.034762,0.016992,0.427644,2.610692,19.127773,11.250043,3.456525,2.730156,175.373759,5.048263,1.065874,0.024935,0.968419
-0.037071,0.017295,0.399951,2.500303,19.124903,10.894775,3.458777,2.742856,175.590211,4.748967,1.065937,0.023516,0.968479
-0.048328,0.016823,0.402316,2.494691,19.077907,9.124287,3.456314,2.727388,175.679301,4.620410,1.065285,0.022811,0.967868
-0.037518,0.017004,0.403437,2.392655,19.136852,10.297867,3.457147,2.746447,175.882480,4.737870,1.065840,0.023353,0.968390
-0.039411,0.017107,0.412015,2.450696,19.188880,10.705883,3.458203,2.745565,175.998390,4.778854,1.066065,0.023575,0.968582
-0.035370,0.017218,0.421688,2.572270,19.189152,11.083482,3.455754,2.737993,176.082068,4.514780,1.066253,0.022363,0.968752
-0.033643,0.016913,0.429501,2.427780,19.318282,11.067420,3.454509,2.744212,176.098881,4.511283,1.066278,0.022315,0.968741
-0.046178,0.017271,0.404215,2.473899,19.191923,9.365307,3.459040,2.754963,175.978810,4.361877,1.065525,0.021595,0.968051
-0.039110,0.017217,0.411629,2.328860,19.141202,10.336693,3.459998,2.740154,175.753098,4.696541,1.065551,0.023156,0.968184
-0.034204,0.017291,0.435393,2.300617,19.186392,11.166875,3.458012,2.745862,175.468948,4.679493,1.065517,0.023185,0.968135
-0.037998,0.017463,0.435225,2.458349,19.110470,10.630618,3.460184,2.745488,175.202626,4.877464,1.064981,0.024084,0.967628
-0.041088,0.017417,0.433097,2.916482,19.054762,10.104090,3.459166,2.741633,175.006344,4.773333,1.064477,0.023633,0.967163
-0.039737,0.017861,0.417793,2.326039,19.074290,10.260595,3.462139,2.744859,174.939607,4.744724,1.064353,0.023548,0.967050
-0.037198,0.017776,0.464077,2.213546,19.057467,11.112882,3.462812,2.737815,174.918305,5.080190,1.064502,0.025138,0.967230
-0.037484,0.017502,0.425064,2.760043,19.066080,11.333435,3.459372,2.742966,174.885754,5.084327,1.064490,0.025123,0.967202
-0.037703,0.017746,0.416012,2.523288,19.152078,11.333223,3.461267,2.732949,173.479125,4.994978,1.063987,0.024690,0.966803
-0.043949,0.018124,0.484985,2.112683,19.005712,11.373730,3.465708,2.739837,173.331620,5.636472,1.062767,0.027946,0.965609
-0.039572,0.018907,0.485812,2.342060,19.168433,11.583260,3.467584,2.702936,171.995094,5.483488,1.061985,0.027269,0.964915
-0.040562,0.019170,0.574038,1.749909,19.256912,11.916755,3.471883,2.707567,170.686473,6.326195,1.060158,0.031459,0.963218
-0.038618,0.018400,0.502694,1.989345,18.999440,11.666728,3.468337,2.713873,173.212539,5.841112,1.062301,0.028967,0.965164
-0.038309,0.018685,0.537061,2.027542,18.901583,11.666682,3.467842,2.731040,172.708670,5.630868,1.061279,0.028002,0.964214
-0.039510,0.018341,0.475151,2.307468,19.001560,10.942105,3.464999,2.739424,173.264044,5.191646,1.062009,0.025799,0.964956
-0.038098,0.018624,0.498532,2.208564,19.036272,11.583402,3.465161,2.725034,173.094993,5.460209,1.061925,0.027098,0.964801
-0.038433,0.018488,0.494314,1.870231,19.038345,11.515370,3.466173,2.727542,173.075679,5.439211,1.061806,0.027006,0.964699
-0.036268,0.018382,0.450732,2.223138,19.025588,11.583293,3.467119,2.738234,173.080679,5.423489,1.061730,0.026970,0.964650
-0.038268,0.018729,0.487318,2.544057,19.044725,11.583402,3.468373,2.730451,173.066368,5.416041,1.061624,0.026906,0.964576
-0.037469,0.019250,0.507295,2.199166,19.051452,11.583468,3.468684,2.736971,173.054518,5.398081,1.061540,0.026828,0.964511
-0.035297,0.018589,0.511592,2.013582,19.029875,11.583530,3.467224,2.734330,173.020485,5.380630,1.061438,0.026762,0.964435
-0.039195,0.018546,0.518990,2.367565,19.008960,11.666632,3.467006,2.726511,172.800967,5.658575,1.060079,0.028068,0.964342
-0.035860,0.018927,0.504823,2.076241,19.014305,11.342342,3.466235,2.745172,173.127528,5.338595,1.061250,0.026505,0.964229
-0.037635,0.018213,0.472251,2.228120,19.051920,11.583245,3.463851,2.741837,173.278532,5.353560,1.061402,0.026570,0.964321
-0.038465,0.018052,0.493255,1.979806,19.034215,11.583323,3.463605,2.743726,173.381745,5.360574,1.061410,0.026582,0.964368
-0.038267,0.018090,0.469820,2.097642,19.074097,11.583233,3.462903,2.723963,173.472999,5.372634,1.061455,0.026588,0.964349
-0.035863,0.018048,0.482455,2.440798,19.079438,11.583497,3.462278,2.734317,173.512789,5.373096,1.061419,0.026583,0.964344
-0.035788,0.017574,0.468902,2.102053,19.078597,11.583467,3.463043,2.729265,173.558167,5.360716,1.061369,0.026512,0.964288
-0.037979,0.018663,0.479669,2.177575,19.023488,11.360837,3.466017,2.737446,173.595455,5.328753,1.061251,0.026378,0.964157
-0.038883,0.018334,0.474355,1.935530,19.064660,11.583298,3.463233,2.744233,173.607931,5.336434,1.061309,0.026409,0.964201
-0.038249,0.018466,0.484832,2.309956,19.036550,10.999933,3.466394,2.751226,173.311167,5.235051,1.060820,0.025974,0.963785
-0.037092,0.018212,0.491877,2.178331,19.021880,11.194030,3.462781,2.735889,173.029465,5.488104,1.060457,0.027168,0.963494
-0.037006,0.018535,0.479429,2.101182,19.087048,11.666632,3.467879,2.719556,172.840222,5.448632,1.060334,0.027057,0.963386
-0.039067,0.018433,0.511949,1.942096,19.107060,11.666765,3.465740,2.748200,172.747087,5.411709,1.060129,0.026898,0.963198
-0.045122,0.019053,0.515544,2.334632,18.970873,10.028203,3.467519,2.730576,172.646545,5.252693,1.059262,0.026080,0.962426
-0.038514,0.018493,0.500422,1.877864,19.030998,11.613562,3.464194,2.716802,172.708430,5.648806,1.059743,0.028012,0.962899
-0.040801,0.018961,0.526871,2.258755,19.084293,11.750125,3.467504,2.726029,172.707205,5.643434,1.059740,0.027983,0.962855
-0.034947,0.018652,0.516164,1.899380,19.032767,11.750158,3.464054,2.714467,172.682714,5.622379,1.059599,0.027885,0.962783
-0.036065,0.018538,0.486225,2.146491,19.077853,11.750190,3.465071,2.742871,172.677338,5.608452,1.059509,0.027770,0.962650
-0.037932,0.018221,0.444639,2.022471,19.062773,11.750035,3.463569,2.727672,172.661396,5.580036,1.059385,0.027649,0.962545
-0.039748,0.018485,0.526635,2.164754,19.034497,11.102125,3.465299,2.725177,172.628899,5.493822,1.058996,0.027262,0.962189
-0.036187,0.018279,0.523947,1.962492,19.071785,11.750185,3.464134,2.723325,172.653313,5.521499,1.059127,0.027412,0.962310
-0.037659,0.018815,0.475375,2.113726,19.071738,11.749980,3.466762,2.724459,172.678083,5.502196,1.059046,0.027321,0.962236
-0.035570,0.018574,0.505492,1.714803,19.041908,11.749967,3.466609,2.737293,172.727617,5.500571,1.058978,0.027271,0.962188
-0.035901,0.018640,0.491975,2.119643,19.106135,11.750023,3.466109,2.750769,172.764394,5.477911,1.058981,0.027180,0.962114
-0.035401,0.018367,0.527940,2.167377,19.063277,11.750152,3.464771,2.730830,172.688373,5.458397,1.058823,0.027112,0.962045
-0.043248,0.018838,0.501535,1.993778,19.036813,10.657440,3.466949,2.718472,172.486537,5.328262,1.058156,0.026462,0.961403
-0.039760,0.019347,0.544317,1.806648,19.070353,11.833467,3.470918,2.720378,172.509874,5.691870,1.058440,0.028240,0.961705
-0.039041,0.019091,0.506070,2.307212,19.065212,11.652658,3.468825,2.707457,172.460962,5.657081,1.058278,0.028072,0.961563
-0.040774,0.019214,0.508988,1.998066,19.083073,11.833408,3.470151,2.709946,172.435372,5.657592,1.058231,0.028036,0.961523
-0.038092,0.019094,0.494585,2.087957,19.027300,11.232618,3.468857,2.713219,172.467047,5.584336,1.057852,0.027658,0.961158
-0.038882,0.018693,0.490698,2.094051,19.100477,11.833475,3.465302,2.723732,172.610220,5.610303,1.058042,0.027799,0.961289
-0.037704,0.018712,0.500293,2.570392,19.083758,11.833223,3.465743,2.724512,172.724001,5.618651,1.058063,0.027828,0.961332
-0.034093,0.018950,0.498566,1.867542,19.084160,11.749948,3.465259,2.732663,172.790323,5.309222,1.058050,0.026382,0.961346
-0.037467,0.019107,0.514884,1.727054,19.062825,11.090578,3.467376,2.733631,172.788544,5.245103,1.057750,0.026047,0.961038
-0.039326,0.019179,0.518755,2.186568,19.080065,11.202095,3.466407,2.733690,172.794016,5.233885,1.057685,0.026005,0.960990
-0.037735,0.018797,0.507486,1.922135,19.056240,11.694768,3.464690,2.722522,172.751280,5.547961,1.057685,0.027501,0.961025
-0.041213,0.018729,0.479431,2.203995,19.073932,11.353252,3.464511,2.731024,172.681840,5.493340,1.057438,0.027202,0.960747
-0.043012,0.019184,0.496796,2.034583,19.068175,11.044035,3.467970,2.717239,172.587486,5.434324,1.057168,0.026916,0.960499
-0.037162,0.019105,0.528049,2.076966,19.089167,11.833395,3.467252,2.714751,172.330239,5.438545,1.057110,0.026998,0.960548
-0.036901,0.019111,0.537907,1.945866,19.109810,11.916725,3.468516,2.723540,172.199595,5.689233,1.056834,0.028201,0.960255
-0.040243,0.018623,0.548451,1.907190,19.075700,11.559227,3.466147,2.719311,172.146869,5.622336,1.056530,0.027892,0.959989
-0.041837,0.018911,0.524877,2.159345,19.085165,11.360878,3.469024,2.734318,172.115148,5.580108,1.056311,0.027668,0.959791
-0.038059,0.019021,0.524824,2.052308,19.110362,11.751492,3.466514,2.723863,172.102506,5.571066,1.056304,0.027652,0.959759
-0.033661,0.018791,0.532597,1.972189,19.086970,11.916640,3.465942,2.728066,172.080933,5.558368,1.056246,0.027607,0.959708
-0.036574,0.019313,0.525226,1.978319,19.105833,11.836545,3.465570,2.725427,172.069448,5.522590,1.056105,0.027467,0.959562
-0.035422,0.019207,0.513987,2.056037,19.152208,11.824012,3.466663,2.713547,172.025969,5.499083,1.055971,0.027323,0.959403
-0.035126,0.019146,0.525412,2.060843,19.102317,11.515332,3.466309,2.726667,171.968293,5.448318,1.055681,0.027085,0.959179
-0.037309,0.019790,0.535603,2.014627,19.111780,12.000185,3.468816,2.715874,171.953718,5.753895,1.055666,0.028517,0.959181
-0.038066,0.019708,0.532007,2.005572,19.119635,11.874570,3.467850,2.735935,171.941016,5.723560,1.055491,0.028343,0.959037
-0.042786,0.019752,0.538087,2.019754,19.069732,11.383252,3.469492,2.728585,171.895395,5.650610,1.055163,0.028015,0.958720
-0.037842,0.019539,0.525291,1.943942,19.154083,11.999928,3.468764,2.721439,171.883167,5.666165,1.055241,0.028079,0.958788
-0.040015,0.018847,0.520968,1.875845,19.075293,11.566862,3.467393,2.709679,171.930382,5.622462,1.054989,0.027847,0.958569
-0.036028,0.019924,0.498618,2.042467,19.107010,12.000078,3.467910,2.709417,172.008039,5.638934,1.055089,0.027948,0.958644
-0.036211,0.018930,0.535314,1.982848,19.190595,12.000120,3.464330,2.726312,171.925115,5.624508,1.055018,0.027847,0.958549
-0.036244,0.019570,0.551339,2.066115,19.143580,12.000105,3.470231,2.731893,171.770712,5.564333,1.054728,0.027653,0.958346
-0.035439,0.019553,0.537409,2.039981,19.096270,11.999888,3.468011,2.728384,171.738031,5.529002,1.054570,0.027498,0.958194
-0.036134,0.019839,0.527165,1.976175,19.143787,11.999985,3.468183,2.718784,171.706178,5.504101,1.054455,0.027377,0.958063
-0.037784,0.019407,0.561463,1.828140,19.114407,12.083498,3.466736,2.696070,171.674892,5.781413,1.054218,0.028679,0.957935
-0.039024,0.019282,0.530061,2.187897,19.105817,11.775010,3.466852,2.722359,171.735207,5.722957,1.053986,0.028395,0.957688
-0.034464,0.019701,0.540352,2.236594,19.117058,11.999977,3.469871,2.720501,171.974096,5.449104,1.054127,0.027057,0.957802
-0.042015,0.019768,0.515798,1.889415,19.158418,10.940067,3.467451,2.709858,172.122716,5.376537,1.053846,0.026664,0.957477
-0.037324,0.019440,0.510873,2.076554,19.115498,11.815395,3.467949,2.729749,172.259008,5.449218,1.054112,0.027002,0.957793
-0.040280,0.019215,0.531476,2.070876,19.153433,11.642073,3.468464,2.716218,172.312049,5.426399,1.054018,0.026885,0.957690
-0.040518,0.019381,0.543064,2.086988,19.099790,11.067488,3.465793,2.734754,172.298445,5.365660,1.053677,0.026560,0.957393
-0.039043,0.019038,0.524593,2.213874,19.101332,11.281875,3.466056,2.717691,172.311116,5.350293,1.053632,0.026498,0.957335
-0.038602,0.019357,0.534671,2.071020,19.144590,12.000000,3.465963,2.736139,172.309932,5.376691,1.053772,0.026645,0.957461
-0.040107,0.019957,0.508486,1.774091,19.216465,11.128630,3.467498,2.705589,172.168916,5.280401,1.053358,0.026180,0.957026
-0.036417,0.019716,0.558403,1.885714,19.148883,12.083335,3.466816,2.720397,171.841082,5.587361,1.053168,0.027691,0.957019
-0.041068,0.019618,0.548791,1.873461,19.150522,11.099407,3.467688,2.732321,171.473488,5.419410,1.052424,0.026908,0.956271
-0.037197,0.020038,0.559313,1.931560,19.202698,11.732795,3.469114,2.718389,171.393715,5.689594,1.052267,0.028249,0.956135
-0.038887,0.019764,0.561047,1.889155,19.115873,11.660048,3.468642,2.725258,171.317147,5.650346,1.052018,0.028038,0.955943
-0.038721,0.020095,0.568882,1.684808,19.146803,11.601595,3.467452,2.722269,171.297629,5.605901,1.051814,0.027839,0.955732
-0.035028,0.019679,0.552882,1.844462,19.159137,12.081057,3.467816,2.699955,171.246634,5.601294,1.051814,0.027859,0.955745
-0.038155,0.019712,0.553349,1.761195,19.142462,11.686757,3.466747,2.721883,171.213076,5.546344,1.051512,0.027581,0.955468
-0.036874,0.020427,0.571527,1.987032,19.168295,12.250010,3.471790,2.710547,171.173857,5.841960,1.051470,0.029012,0.955454
-0.036063,0.020440,0.590488,1.857895,19.159137,12.250018,3.473820,2.724502,171.149605,5.814819,1.051319,0.028866,0.955313
-0.040011,0.020600,0.584855,1.907715,19.234605,12.013952,3.472851,2.711081,171.101520,5.773068,1.051125,0.028604,0.955083
-0.039655,0.020498,0.578407,1.883740,19.133640,11.181792,3.470471,2.731582,171.024882,5.656389,1.050562,0.028072,0.954609
-0.040963,0.020388,0.573893,1.681479,19.194555,11.243375,3.470150,2.714908,170.995571,5.621679,1.050404,0.027922,0.954456
-0.036162,0.020311,0.599215,1.693631,19.182975,12.250013,3.470900,2.729890,171.013730,5.664008,1.050585,0.028150,0.954635
-0.041333,0.020142,0.591324,1.873375,19.135177,11.315462,3.470885,2.707402,170.975375,5.560233,1.050079,0.027645,0.954181
-0.034619,0.020793,0.591958,1.745791,19.156417,12.250112,3.470463,2.711422,171.044934,5.606662,1.050297,0.027859,0.954369
-0.036472,0.019907,0.567116,2.094888,19.210995,12.249997,3.466007,2.722311,170.968327,5.586516,1.050164,0.027727,0.954212
-0.036285,0.020463,0.548482,1.823233,19.199470,12.333342,3.473221,2.719613,170.880328,5.834607,1.049907,0.028952,0.954017
-0.038840,0.020859,0.565872,1.873927,19.177760,11.978812,3.471365,2.713147,170.853230,5.784744,1.049620,0.028687,0.953760
-0.040906,0.020165,0.586614,1.719408,19.265418,11.528748,3.468173,2.720475,170.785355,5.698184,1.049279,0.028296,0.953407
-0.038418,0.020616,0.574462,1.888588,19.149455,11.842493,3.470464,2.734020,170.760963,5.682461,1.049105,0.028234,0.953322
-0.035649,0.020148,0.549369,1.835207,19.242400,12.279817,3.468899,2.702340,170.866455,5.677136,1.049172,0.028211,0.953307
-0.042342,0.019858,0.581825,1.668781,19.131197,10.967403,3.468569,2.724632,170.956450,5.562749,1.048647,0.027683,0.952850
-0.042295,0.020466,0.578636,2.181569,19.157122,11.635980,3.468454,2.706622,171.089895,5.615414,1.048813,0.027817,0.952963
-0.048423,0.020485,0.535570,2.066788,19.090678,10.206632,3.469798,2.712555,171.098131,5.482219,1.048158,0.027129,0.952371
-0.035235,0.020815,0.567293,1.908521,19.208500,12.333375,3.470941,2.724878,171.196059,5.603511,1.048798,0.027800,0.952950
-0.034872,0.020277,0.539829,1.652559,19.186703,12.333405,3.467981,2.710241,171.163633,5.582132,1.048680,0.027707,0.952866
-0.040293,0.019892,0.588090,1.781195,19.176523,11.248392,3.465786,2.725149,171.070218,5.464671,1.048112,0.027119,0.952320
-0.032528,0.020596,0.592872,1.741647,19.206607,12.333330,3.467372,2.718557,171.047300,5.497460,1.048250,0.027306,0.952460
-0.044004,0.020693,0.526483,2.358687,19.257873,11.104135,3.469132,2.711003,170.860571,5.657116,1.047625,0.028058,0.951821
-0.040721,0.020498,0.573515,1.778110,19.208665,11.383588,3.469485,2.717974,170.459848,5.595417,1.047154,0.027799,0.951552
-0.040587,0.021596,0.606094,1.785348,19.236142,11.803295,3.474814,2.721427,170.350793,5.850134,1.046899,0.029010,0.951285
-0.038049,0.020355,0.559754,1.786469,19.244903,12.264368,3.472007,2.714470,170.336694,5.837704,1.046846,0.028987,0.951264
-0.040505,0.020805,0.595284,1.970713,19.233475,11.775015,3.471411,2.713429,170.281759,5.761995,1.046455,0.028624,0.950932
-0.040202,0.020826,0.593403,1.872005,19.239382,11.535912,3.473793,2.709923,170.221438,5.690113,1.046119,0.028292,0.950596
-0.034329,0.020642,0.616043,1.799190,19.266942,12.500200,3.471034,2.724333,170.231673,5.728396,1.046227,0.028493,0.950738
-0.041144,0.021051,0.592043,2.133837,19.225498,12.128698,3.472514,2.720908,170.182213,5.969155,1.045910,0.029600,0.950430
-0.039647,0.021055,0.623937,1.748226,19.260932,11.413103,3.471523,2.703203,170.117518,5.858737,1.045450,0.029076,0.949970
-0.040379,0.020923,0.617764,1.660220,19.243940,11.438825,3.470678,2.709956,170.063797,5.813695,1.045189,0.028854,0.949754
-0.046306,0.021422,0.620504,1.676830,19.203097,11.081770,3.473025,2.706535,169.991773,5.738948,1.044796,0.028494,0.949407
-0.040749,0.021559,0.620809,1.628344,19.218683,11.333218,3.473729,2.692783,169.965381,5.702815,1.044647,0.028375,0.949281
-0.037471,0.021099,0.614722,1.784236,19.363762,11.910933,3.470836,2.720681,169.938815,5.707527,1.044697,0.028420,0.949292
-0.041253,0.021765,0.628406,1.606291,19.279190,11.466943,3.472884,2.713772,169.873870,5.927226,1.044244,0.029463,0.948921
-0.036071,0.022160,0.632360,1.595659,19.290572,12.666795,3.475357,2.687513,169.865083,5.977451,1.044415,0.029640,0.949080
-0.040510,0.021816,0.635256,1.575054,19.242418,11.728193,3.476645,2.706986,169.804241,5.855033,1.043903,0.029071,0.948561
-0.040441,0.021223,0.599680,1.688152,19.293807,11.774005,3.470498,2.721836,169.765288,5.808779,1.043677,0.028874,0.948369
-0.033950,0.021334,0.630785,1.585301,19.288342,12.666843,3.472716,2.702058,169.756499,5.838794,1.043764,0.029046,0.948496
-0.040766,0.021688,0.642181,1.721871,19.379727,11.700123,3.472351,2.707864,169.672614,5.721939,1.043233,0.028494,0.947982
-0.038145,0.022018,0.635886,1.760762,19.342893,12.567687,3.472704,2.715161,169.645208,6.034882,1.043213,0.029990,0.948013
-0.039394,0.021173,0.628960,1.888145,19.323663,11.959787,3.470620,2.712954,169.574037,5.955464,1.042775,0.029532,0.947601
-0.041772,0.021363,0.650553,1.587649,19.263540,11.393010,3.472865,2.712557,169.491433,5.838294,1.042265,0.029033,0.947120
-0.043650,0.021819,0.651264,1.742572,19.294127,11.054362,3.472405,2.702261,169.474760,5.755568,1.041901,0.028612,0.946727
-0.035039,0.021584,0.649096,1.540638,19.366637,12.159737,3.472624,2.702688,169.529453,5.801640,1.042021,0.028887,0.946967
-0.041466,0.021947,0.643158,1.735801,19.317758,11.307127,3.475072,2.698078,169.506557,5.708243,1.041650,0.028392,0.946488
-0.039324,0.022099,0.647679,1.626400,19.351622,12.099155,3.473388,2.722483,169.486577,6.013412,1.041611,0.029858,0.946507
-0.040834,0.021872,0.631046,1.584577,19.377682,12.234247,3.474498,2.707170,169.419668,5.981945,1.041414,0.029664,0.946338
-0.045071,0.022049,0.648953,1.654023,19.394492,11.320203,3.472664,2.707563,169.248660,5.837360,1.040773,0.029041,0.945738
-0.037141,0.022630,0.671012,1.495393,19.394863,12.092153,3.473076,2.712941,169.179134,5.834725,1.040682,0.029065,0.945703
-0.044329,0.022289,0.658615,1.608938,19.358477,11.612565,3.472802,2.680593,169.118976,6.041723,1.040245,0.030013,0.945260
-0.040092,0.022329,0.646783,1.680196,19.385042,12.323428,3.474412,2.706257,169.074385,6.042209,1.040214,0.030044,0.945278
-0.041469,0.022435,0.619708,1.611571,19.448147,11.703028,3.473027,2.705369,169.008942,5.943169,1.039761,0.029568,0.944826
-0.037733,0.022909,0.634660,1.631949,19.409762,12.155610,3.476762,2.702157,168.956616,5.930560,1.039596,0.029498,0.944725
-0.039846,0.022756,0.668417,1.696346,19.505547,12.934425,3.474592,2.682595,168.933496,6.230611,1.039589,0.030957,0.944720
-0.045090,0.022968,0.682572,1.420227,19.448287,11.443997,3.477113,2.700417,168.831245,6.065079,1.038796,0.030109,0.943949
-0.044362,0.022229,0.690702,1.493065,19.438040,11.259783,3.473694,2.714278,168.755441,5.981326,1.038378,0.029734,0.943609
-0.041536,0.022899,0.680023,1.594328,19.446773,11.586447,3.473288,2.709138,168.715662,5.943209,1.038189,0.029584,0.943431
-0.036533,0.023533,0.688924,1.518026,19.559817,13.083363,3.476797,2.708480,168.697873,6.294273,1.038389,0.031303,0.943643
-0.034930,0.022947,0.684723,1.502070,19.567210,12.786518,3.475452,2.699376,168.640917,6.225408,1.038036,0.030947,0.943318
-0.043138,0.022895,0.687679,1.631168,19.461532,11.122002,3.476942,2.705403,168.512227,6.035591,1.037102,0.029999,0.942447
-0.037803,0.023512,0.681067,1.598273,19.524853,11.968668,3.480379,2.687425,168.490255,6.021806,1.037082,0.030003,0.942433
-0.035568,0.022741,0.704481,1.513441,19.613138,13.012073,3.474637,2.693340,168.468864,6.342239,1.037126,0.031550,0.942486
-0.043339,0.023113,0.677022,1.506062,19.621178,11.852443,3.476602,2.696589,168.371792,6.211769,1.036454,0.030833,0.941840
-0.041882,0.023261,0.675936,1.608271,19.595308,11.532520,3.475364,2.685718,168.329422,6.116999,1.035975,0.030416,0.941440
-0.044248,0.023659,0.678773,1.473326,19.582100,10.877900,3.478386,2.700490,168.292323,6.001812,1.035426,0.029847,0.940903
-0.034584,0.022848,0.709566,1.507630,19.697553,12.813993,3.475311,2.683505,168.238723,6.085379,1.035800,0.030314,0.941300
-0.042832,0.023792,0.704620,1.607274,19.662442,11.287408,3.478056,2.690909,168.099391,6.209500,1.034907,0.030850,0.940470
-0.040379,0.023012,0.715696,1.502543,19.728345,12.260145,3.475022,2.679159,168.072081,6.208787,1.034913,0.030919,0.940497
-0.035824,0.023252,0.708211,1.559782,19.777513,12.769075,3.475113,2.676994,168.047256,6.189289,1.034794,0.030824,0.940396
-0.041327,0.023765,0.732723,1.371151,19.808352,11.988068,3.479472,2.680356,167.925203,6.364107,1.034164,0.031665,0.939808
-0.040657,0.023644,0.731060,1.440642,19.866452,12.662017,3.475750,2.665453,167.898417,6.340292,1.034025,0.031556,0.939713
-0.042263,0.023923,0.753391,1.327396,19.846490,11.735470,3.478544,2.679483,167.891798,6.215216,1.033423,0.030921,0.939147
-0.055200,0.024352,0.712782,1.742366,19.748072,9.922703,3.478478,2.677328,167.843971,6.003535,1.032362,0.029856,0.938146
-0.042213,0.025090,0.737073,1.433233,19.876290,11.507447,3.482805,2.689484,167.903516,6.078596,1.032718,0.030264,0.938512
-0.037398,0.024367,0.717494,1.514069,19.967543,13.046112,3.478634,2.681364,167.919789,6.142471,1.032987,0.030612,0.938779
-0.042581,0.024908,0.743242,1.437586,20.011055,12.108753,3.480531,2.697988,167.789694,6.310310,1.032378,0.031380,0.938179
-0.042074,0.024813,0.713856,1.400724,20.010863,11.977415,3.481808,2.687342,167.647666,6.220580,1.031905,0.030958,0.937778
-0.035346,0.024180,0.746299,1.400321,20.010365,13.181698,3.476393,2.669574,167.536562,6.521193,1.031823,0.032449,0.937774
-0.042285,0.024220,0.777935,1.388563,20.010430,11.750140,3.477962,2.675106,167.338934,6.338008,1.030972,0.031527,0.936894
-0.042678,0.024718,0.724992,1.381055,20.010132,11.981933,3.479460,2.669627,167.210024,6.269531,1.030550,0.031241,0.936596
-0.042218,0.025198,0.754623,1.339907,20.009973,12.131637,3.482092,2.678290,167.126692,6.508661,1.030133,0.032358,0.936304
-0.039553,0.024063,0.761776,1.312888,20.010145,12.348077,3.477382,2.676602,167.068590,6.446429,1.029849,0.032064,0.936003
-0.036871,0.024818,0.727198,1.437604,20.009708,13.090767,3.478702,2.674892,167.019545,6.411061,1.029680,0.031941,0.935864
-0.046671,0.024881,0.784599,1.393913,20.009790,11.302057,3.480394,2.683378,166.857969,6.492701,1.028599,0.032310,0.934860
-0.036917,0.025277,0.774790,1.297582,20.009735,12.893022,3.480361,2.681565,166.817922,6.536953,1.028701,0.032506,0.935006
-0.040493,0.025609,0.800096,1.320798,20.009375,12.504985,3.482305,2.670417,166.740851,6.420502,1.028159,0.031974,0.934505
-0.036136,0.026235,0.788876,1.267997,20.009425,12.797100,3.483616,2.673818,166.659045,6.358239,1.027847,0.031690,0.934219
-0.042662,0.025161,0.779164,1.418781,20.009148,11.998177,3.479215,2.680433,166.520418,6.514619,1.027112,0.032400,0.933528
-0.036726,0.025482,0.781940,1.286870,20.009307,12.509758,3.481115,2.653204,166.455207,6.451473,1.026807,0.032162,0.933293
-0.043602,0.026159,0.815975,1.284504,20.009097,11.429250,3.480721,2.666573,166.328135,6.283829,1.025986,0.031341,0.932511
-0.045787,0.025712,0.827104,1.270641,20.009085,11.592363,3.482640,2.676328,166.248933,6.505289,1.025525,0.032362,0.932115
-0.039852,0.025523,0.810935,1.233107,20.008778,12.508760,3.483195,2.665746,166.183480,6.479554,1.025363,0.032293,0.932046
-0.043379,0.026441,0.847252,1.205219,20.008697,11.632427,3.482447,2.663733,166.046476,6.323847,1.024587,0.031536,0.931301
-0.040420,0.025762,0.836614,1.233626,20.008583,12.577692,3.478414,2.670563,165.991525,6.600834,1.024444,0.032826,0.931145
-0.042620,0.026709,0.859199,1.195125,20.008438,11.772327,3.484072,2.685827,165.880805,6.432805,1.023670,0.032101,0.930486
-0.045326,0.026482,0.834076,1.198965,20.008382,11.793478,3.484846,2.679552,165.783980,6.652079,1.023161,0.033102,0.930029
-0.045377,0.026260,0.861579,1.184395,20.008278,11.811640,3.481471,2.679859,165.700317,6.563456,1.022689,0.032657,0.929602
-0.037943,0.026641,0.833070,1.227969,20.008212,12.990000,3.480921,2.679186,165.420370,6.536723,1.021342,0.032597,0.929503
-0.040693,0.026835,0.872695,1.199671,20.008185,12.607725,3.481564,2.679632,165.509461,6.715244,1.021908,0.033432,0.928917
-0.039846,0.024832,0.879817,1.166049,20.007925,12.233580,3.479092,2.668484,165.403676,6.405934,1.021253,0.031438,0.928317
-0.040483,0.026999,0.886167,1.221765,20.008055,12.376280,3.482403,2.673774,165.336239,6.473559,1.020767,0.032286,0.927828
-0.043627,0.027004,0.857334,1.167324,20.007717,12.272807,3.482340,2.677975,165.311267,6.676552,1.020227,0.033239,0.927356
-0.043051,0.027175,0.884929,1.245503,20.007867,11.882755,3.484425,2.668197,165.237634,6.550192,1.019583,0.032565,0.926755
-0.043828,0.027589,0.888486,1.183067,20.007718,11.679815,3.482386,2.665204,165.135193,6.424781,1.018992,0.032004,0.926200
-0.049513,0.028415,0.888625,1.126782,20.016428,11.015293,3.488476,2.663609,164.993989,6.564003,1.018163,0.032668,0.925444
-0.044024,0.027807,0.881301,1.155795,20.016207,11.807510,3.482755,2.666745,164.879288,6.516003,1.017876,0.032432,0.925234
-0.050723,0.027962,0.927867,1.085631,20.015997,11.382738,3.484650,2.657377,164.715625,6.668793,1.017134,0.033183,0.924527
-0.049362,0.028179,0.942988,1.119497,20.015787,11.382547,3.485477,2.661345,164.575509,6.558095,1.016509,0.032641,0.924024
-0.042153,0.028772,0.924103,1.119472,20.015760,12.249783,3.485904,2.667584,164.397702,6.795978,1.016164,0.033847,0.923741
-0.036341,0.028141,0.952799,1.087314,20.015302,13.304953,3.480622,2.664286,164.320545,6.752192,1.015916,0.033631,0.923533
-0.041707,0.028613,0.954592,1.097699,20.015067,11.903845,3.487819,2.657253,164.161658,6.539773,1.014922,0.032625,0.922566
-0.045275,0.028655,0.957336,1.153034,20.015145,11.527900,3.485840,2.668583,164.033254,6.687720,1.014074,0.033295,0.921838
-0.042803,0.028214,0.946972,1.147360,20.015003,12.018897,3.483491,2.655969,163.918623,6.604851,1.013607,0.032943,0.921496
-0.041791,0.028972,0.998375,1.083925,20.014787,12.184713,3.484257,2.646558,163.805082,6.800894,1.013032,0.033864,0.920968
-0.047519,0.030184,0.976482,1.069054,20.014505,11.088877,3.488162,2.652875,163.625748,6.565687,1.012014,0.032752,0.919924
-0.046318,0.029215,1.000917,1.022827,20.014585,11.597547,3.486307,2.646821,163.511945,6.785671,1.011468,0.033789,0.919507
-0.039746,0.030213,1.002381,1.074107,20.013850,13.010362,3.487572,2.657567,163.423100,6.786954,1.011306,0.033822,0.919517
-0.047294,0.030614,1.017608,1.020805,20.013948,11.694428,3.489390,2.661193,163.249915,6.832578,1.010206,0.034007,0.918337
-0.042241,0.030178,1.013117,1.018927,20.013987,12.302920,3.486285,2.656223,163.130513,6.755082,1.009699,0.033689,0.918028
-0.043313,0.030124,1.051642,1.001813,20.013892,12.093230,3.485829,2.654041,162.974852,6.886800,1.008912,0.034304,0.917203
-0.043150,0.030327,1.056604,0.978906,20.013770,11.671617,3.489967,2.651157,162.819001,6.729800,1.008014,0.033550,0.916495
-0.039608,0.031358,1.074869,0.959800,20.013295,12.513903,3.488080,2.672065,162.712354,6.937301,1.007573,0.034541,0.916053
-0.038991,0.031006,1.074731,0.975472,20.013360,12.841563,3.487719,2.678599,162.581294,6.832064,1.006987,0.034065,0.915585
-0.045846,0.031219,1.052252,1.019342,20.012800,11.573908,3.489397,2.644107,162.400280,6.893927,1.005781,0.034349,0.914465
-0.044797,0.032205,1.105666,0.904418,20.012880,11.580727,3.491053,2.671266,162.254083,6.749030,1.005037,0.033680,0.913832
-0.044960,0.033211,1.074637,0.959532,20.012682,12.067455,3.494590,2.646667,162.124072,6.942473,1.004412,0.034592,0.913305
-0.042650,0.032902,1.107627,0.902836,20.012333,12.040467,3.492206,2.655720,161.981249,6.779322,1.003633,0.033843,0.912583
-0.037460,0.033110,1.125429,0.914311,20.012282,12.991825,3.495779,2.643184,161.851594,6.989011,1.003110,0.034819,0.912107
-0.044081,0.032664,1.147664,0.942498,20.011988,12.099952,3.491202,2.682232,161.685619,6.753326,1.002097,0.033727,0.911063
-0.041998,0.032654,1.148028,0.902641,20.011683,12.389768,3.491166,2.663754,161.539495,6.920722,1.001296,0.034502,0.910426
-0.049536,0.034178,1.167723,0.899188,20.011623,11.400037,3.495768,2.663520,161.387658,6.978745,1.000162,0.034758,0.909287
-0.041165,0.033991,1.184603,0.852726,20.011065,12.534342,3.493725,2.635575,161.325798,6.921125,0.999728,0.034524,0.909081
-0.043742,0.033841,1.201076,0.832599,20.010908,11.941835,3.497041,2.657813,161.236692,6.716378,0.998797,0.033516,0.908094
-0.046423,0.034657,1.223250,0.850642,20.010800,11.737402,3.495990,2.644502,161.123621,6.876595,0.997929,0.034223,0.907412
-0.049261,0.034908,1.220877,0.866098,20.010532,10.983922,3.491930,2.636830,160.973840,6.629054,0.996854,0.033070,0.906328
-0.041429,0.034316,1.262313,0.824781,20.016295,12.338803,3.492774,2.657777,160.875034,6.874645,0.996428,0.034264,0.906056
-0.047438,0.034859,1.272744,0.820355,20.016040,11.231782,3.490887,2.664142,160.693809,6.615926,0.995232,0.033032,0.904896
-0.044015,0.035586,1.260775,0.827807,20.015852,11.760512,3.492090,2.641865,160.517029,6.792286,0.994540,0.033835,0.904277
-0.045890,0.035609,1.327935,0.770712,20.015518,11.828248,3.491139,2.631455,160.076838,6.911383,0.993490,0.034445,0.903457
-0.045898,0.037134,1.308081,0.818678,20.015188,11.309795,3.499137,2.643452,159.886942,6.674122,0.992302,0.033336,0.902374
-0.047031,0.036611,1.358664,0.760081,20.015013,11.727248,3.497166,2.626934,159.718285,6.821064,0.991523,0.034017,0.901665
-0.045037,0.038543,1.375883,0.738691,20.014788,12.398397,3.504056,2.652407,159.582343,7.009034,0.990854,0.034947,0.901129
-0.043721,0.038524,1.448753,0.719164,20.014780,11.557295,3.499530,2.645565,159.375187,6.735312,0.989680,0.033601,0.898478
-0.044948,0.038469,1.400081,0.721243,20.014333,12.013070,3.499274,2.643833,159.200428,6.907167,0.988832,0.034428,0.899268
-0.044171,0.038189,1.442283,0.693385,20.014325,11.914035,3.497975,2.635896,159.026521,6.720991,0.987876,0.033550,0.898414
-0.044511,0.038669,1.445043,0.693959,20.014028,12.095717,3.500140,2.646887,159.353373,6.908697,0.987213,0.034410,0.897849
-0.047975,0.038747,1.418055,0.722176,20.014203,11.039125,3.497988,2.647351,159.426895,6.412943,0.986381,0.032005,0.897021
-0.040118,0.039195,1.454686,0.696064,20.013983,12.255012,3.498134,2.641796,159.419565,6.649878,0.985927,0.033119,0.896685
-0.053113,0.039677,1.455126,0.702549,20.014172,10.582555,3.497758,2.642442,159.322427,6.366633,0.984605,0.031726,0.895426
-0.052244,0.039667,1.468952,0.715433,20.014108,10.093288,3.496526,2.653652,159.212161,6.167296,0.983528,0.030726,0.894433
-0.044168,0.040513,1.492656,0.671156,20.013665,11.473410,3.498669,2.643164,159.136428,6.375810,0.983100,0.031765,0.894043
-0.043898,0.040154,1.550511,0.652480,20.013507,11.724833,3.498051,2.650342,159.018965,6.238656,0.982313,0.031105,0.893399
-0.045887,0.039713,1.534342,0.667226,20.013545,11.588188,3.495379,2.655492,158.868031,6.329963,0.981376,0.031516,0.892452
-0.043120,0.041600,1.567246,0.637939,20.013337,11.628708,3.500483,2.638749,158.707165,6.461001,0.980483,0.032135,0.891632
-0.039525,0.042148,1.603762,0.637970,20.013388,12.055175,3.501354,2.647179,158.531525,6.311551,0.979632,0.031452,0.890980
-0.043923,0.043029,1.612597,0.625057,20.013520,11.444840,3.499802,2.638244,158.328960,6.377691,0.978512,0.031696,0.889839
-0.041351,0.043299,1.659517,0.602581,20.013148,11.501307,3.503437,2.637733,158.114178,6.212444,0.977543,0.030953,0.889110
-0.048310,0.042746,1.667911,0.611768,20.013370,10.640233,3.499220,2.631756,157.879897,6.225197,0.976266,0.030973,0.887780
-0.045660,0.044717,1.718348,0.581948,20.013213,11.497283,3.503877,2.653766,157.691760,6.421046,0.975573,0.031955,0.887292
-0.047280,0.045253,1.781906,0.561199,20.013157,11.238882,3.506528,2.654680,157.555405,6.215898,0.974539,0.030948,0.886336
-0.042102,0.046134,1.751179,0.571823,20.012972,11.911395,3.508467,2.635263,157.618014,6.399185,0.973921,0.031862,0.885833
-0.044044,0.045571,1.799963,0.570574,20.013398,10.961453,3.502966,2.653095,157.681678,6.191282,0.972941,0.030778,0.884825
-0.045677,0.046600,1.784637,0.573348,20.013438,10.984803,3.505241,2.646800,157.743486,6.058571,0.972147,0.030092,0.884202
-0.041659,0.045500,1.829136,0.571268,20.013113,11.429012,3.502131,2.646095,157.775814,5.907412,0.971577,0.029404,0.883536
-0.043326,0.046413,1.819382,0.549583,20.013498,11.545830,3.501670,2.642673,157.739200,6.050220,0.970796,0.030094,0.882817
-0.047573,0.046666,1.836785,0.554024,20.013545,10.390722,3.500635,2.668212,157.637239,5.824353,0.969640,0.028932,0.881757
-0.049236,0.047167,1.868684,0.548207,20.013478,10.196272,3.500323,2.649984,157.535034,5.649872,0.968761,0.028099,0.880945
-0.048642,0.048237,1.880207,0.532360,20.013428,10.639128,3.503493,2.635535,157.420236,5.794077,0.968013,0.028811,0.880264
-0.050676,0.049473,1.895452,0.534378,20.013400,10.078870,3.506376,2.642790,157.252824,5.604392,0.967057,0.027908,0.879364
-0.052404,0.049638,1.979661,0.519110,20.013545,9.859572,3.502120,2.633074,156.862444,5.692531,0.965920,0.028287,0.878358
-0.055910,0.050039,2.079023,0.488324,20.013640,9.721730,3.507016,2.645086,156.401999,5.743925,0.964683,0.028610,0.877266
-0.046473,0.052180,2.110830,0.473752,20.013627,10.978238,3.508988,2.644933,155.992367,5.926929,0.963900,0.029497,0.876685
-0.045478,0.052554,2.193777,0.457769,20.013548,11.212695,3.511487,2.628053,155.580427,6.021534,0.962889,0.029964,0.875734
-0.043178,0.053436,2.292663,0.437845,20.013707,11.186908,3.513319,2.645000,155.210964,6.111837,0.961806,0.030428,0.874782
-0.043356,0.053269,2.367747,0.424626,20.013780,11.744233,3.510155,2.619050,154.918455,6.251067,0.960926,0.031069,0.873990
-0.049458,0.055298,2.395555,0.430243,20.013895,10.799278,3.508814,2.625773,154.645667,6.292427,0.959550,0.031296,0.872804
-0.037543,0.056391,2.494651,0.400897,20.013877,12.090340,3.517984,2.638884,154.453391,6.170613,0.958980,0.030774,0.872272
-0.045689,0.056506,2.516645,0.397362,20.013895,10.783932,3.511354,2.628078,154.227684,6.180665,0.957669,0.030759,0.870909
-0.043131,0.059289,2.593237,0.390196,20.013853,12.071818,3.518167,2.640388,154.061950,6.416515,0.957102,0.031941,0.870611
-0.045016,0.059016,2.644684,0.385013,20.014000,11.003077,3.516426,2.638762,153.852267,6.148368,0.955857,0.030626,0.869392
-0.045693,0.060680,2.659129,0.376086,20.014082,11.192217,3.519684,2.632220,153.681944,6.270037,0.954869,0.031158,0.868507
-0.045082,0.061861,2.776132,0.363098,20.014067,10.889255,3.520783,2.619652,153.504704,6.059141,0.953789,0.030186,0.867577
-0.050336,0.062850,2.816097,0.355178,20.014193,10.730665,3.523576,2.629068,153.332963,6.167001,0.952856,0.030652,0.866649
-0.046577,0.064307,2.925630,0.343442,20.014200,11.172368,3.518720,2.628642,153.164936,6.303787,0.951996,0.031325,0.865884
-0.046315,0.064368,3.013498,0.331831,20.014202,11.066228,3.523524,2.619362,153.005231,6.120777,0.951012,0.030468,0.865082
-0.047487,0.066597,3.075625,0.325138,20.013998,10.826447,3.525748,2.622090,152.812820,6.214837,0.949971,0.030882,0.864102
-0.043788,0.068495,3.129565,0.319573,20.014112,11.007627,3.530962,2.618774,152.650085,6.030981,0.949060,0.030043,0.863266
-0.048661,0.067692,3.210558,0.311479,20.014360,10.920175,3.518620,2.624542,152.512819,6.148604,0.948083,0.030577,0.862418
-0.042921,0.070631,3.331168,0.302962,20.014505,11.203058,3.528602,2.625309,152.165446,5.977708,0.946048,0.029795,0.861632
-0.045872,0.070847,3.375791,0.297265,20.014200,11.039815,3.521967,2.642492,152.218499,6.098238,0.946282,0.030309,0.860787
-0.043992,0.072491,3.504621,0.285335,20.014365,11.152117,3.519934,2.624512,152.048648,6.216940,0.945311,0.030920,0.859958
-0.046004,0.074441,3.583085,0.284769,20.014278,11.019805,3.520195,2.626921,151.965702,6.013935,0.944344,0.029917,0.859025
-0.044973,0.075522,3.614301,0.276679,20.014655,11.234807,3.522873,2.632894,151.974531,6.153121,0.943553,0.030548,0.858243
-0.047833,0.076268,3.686328,0.271262,20.014748,10.653138,3.526907,2.616550,151.947990,5.939543,0.942504,0.029498,0.857275
-0.043193,0.077678,3.823572,0.264503,20.014735,10.841768,3.522243,2.615702,151.905676,5.784606,0.941755,0.028793,0.856566
-0.046910,0.080203,3.857904,0.259209,20.014747,10.569647,3.526924,2.628783,151.810572,5.901209,0.940793,0.029280,0.855687
-0.043068,0.081545,3.904524,0.256145,20.014723,10.822283,3.530615,2.616371,151.695540,5.758136,0.939969,0.028638,0.855077
-0.049853,0.082691,4.020513,0.248734,20.015135,10.060175,3.533412,2.630956,151.549663,5.821913,0.938852,0.028893,0.853952
-0.048798,0.084103,4.135938,0.241784,20.014958,10.439882,3.527820,2.620360,151.406851,5.681928,0.937964,0.028258,0.853340
-0.044100,0.086147,4.302316,0.233021,20.015012,10.884703,3.533422,2.636485,151.253609,5.803537,0.937197,0.028791,0.852465
-0.043585,0.088152,4.393477,0.228965,20.015138,10.883333,3.537904,2.624255,151.051391,5.626410,0.936290,0.028008,0.851701
-0.043862,0.090392,4.552381,0.219669,20.015153,10.607385,3.528468,2.608990,150.648805,5.688417,0.935164,0.028260,0.850578
-0.043459,0.093573,4.744613,0.211910,20.015100,11.066568,3.535902,2.606528,150.244760,5.813688,0.934113,0.028845,0.849727
-0.047640,0.097445,4.981764,0.000000,20.015042,10.704702,3.536398,2.619279,149.886303,5.883793,0.932938,0.029155,0.848637
-0.043684,0.100264,5.156016,0.000000,20.015228,10.895148,3.539443,2.610995,149.579127,5.690747,0.931950,0.028325,0.847798
-0.044084,0.103350,5.337168,0.000000,20.015362,10.747787,3.541239,2.612055,149.308599,5.759377,0.930806,0.028630,0.846740
-0.048868,0.107017,5.528964,0.000000,20.015297,10.597253,3.534031,2.603143,149.073770,5.858466,0.929747,0.029032,0.845744
-0.045498,0.110019,5.704023,0.000000,20.015323,10.575873,3.540260,2.618173,148.850167,5.653329,0.928697,0.028096,0.844834
-0.041661,0.113263,5.896077,0.000000,20.015307,11.645430,3.538862,2.617920,148.666473,5.847472,0.927976,0.028993,0.844323
-0.039649,0.117083,6.168969,0.000000,20.015227,11.523350,3.546997,2.610159,148.467038,5.624535,0.926968,0.028018,0.843357
-0.046925,0.119852,6.303370,0.000000,20.015533,10.425920,3.540535,2.616757,148.260919,5.670822,0.925647,0.028090,0.842100
-0.044837,0.124094,6.537822,0.000000,20.015445,10.257510,3.546725,2.596145,148.072335,5.451568,0.924578,0.027113,0.841133
-0.045103,0.128012,6.777607,0.000000,20.015418,10.771575,3.544242,2.598018,147.894748,5.608629,0.923677,0.027791,0.840439
-0.043378,0.132501,7.018850,0.000000,20.015718,10.142465,3.545200,2.587136,147.706819,5.341387,0.922491,0.026569,0.839243
-0.044008,0.136870,7.212004,0.000000,20.015547,10.243628,3.549800,2.620848,147.518611,5.454735,0.921510,0.027023,0.838351
-0.041793,0.142265,7.488249,0.000000,20.015812,10.194872,3.546337,2.598684,147.321342,5.248406,0.920433,0.026084,0.837415
-0.038804,0.151753,8.108322,0.000000,20.016013,10.674752,3.552120,2.591047,146.911763,5.177757,0.918557,0.025746,0.835732
-0.039880,0.157430,8.375314,0.000000,20.015798,10.789770,3.546388,2.586546,146.685661,5.305946,0.917480,0.026234,0.834856
-0.047906,0.168827,9.025954,0.000000,20.016085,9.116605,3.557866,2.596299,146.269654,5.048869,0.914860,0.024937,0.832298
