SCC,SCV,DVV,ICP,CCDT,CVCT,ACCV C,ACCV D,ECD,ECV,CCD,CCV,SoH
-0.041447,0.014322,0.314840,3.441742,20.007892,10.333455,3.447258,2.771919,181.553469,6.565765,1.089969,0.032820,0.990770
-0.046644,0.014946,0.299702,3.095578,20.007830,10.250135,3.449782,2.756300,181.797150,6.524922,1.091284,0.032468,0.991948
-0.044509,0.014183,0.301379,3.109959,20.016293,10.166767,3.447949,2.742628,181.945839,6.365072,1.092091,0.031683,0.992597
-0.039629,0.014429,0.309510,3.231385,20.007662,10.083303,3.447789,2.753688,181.981292,6.156680,1.092527,0.030727,0.993000
-0.041059,0.014254,0.307775,3.821018,20.007895,10.083295,3.448598,2.752798,182.153698,6.237872,1.093054,0.031090,0.993459
-0.042145,0.013835,0.307112,4.334316,20.007632,10.083465,3.446849,2.748701,182.151426,6.312821,1.093349,0.031384,0.993723
-0.043096,0.013591,0.275088,3.429614,20.016425,9.999972,3.445857,2.749967,182.212153,6.068490,1.093610,0.030263,0.994008
-0.042127,0.013656,0.280052,3.146498,20.016293,10.000218,3.447394,2.766806,182.257131,6.117035,1.093898,0.030443,0.994215
-0.047097,0.013710,0.263313,3.472270,20.016487,9.999988,3.446543,2.747347,182.285616,6.172970,1.094134,0.030668,0.994452
-0.046057,0.013574,0.284808,2.793083,20.016057,10.000065,3.443847,2.749352,182.325956,6.150047,1.094317,0.030538,0.994332
-0.040878,0.013479,0.237240,3.311636,20.016195,9.916867,3.446067,2.754290,182.350880,5.918372,1.094476,0.029516,0.994737
-0.042118,0.013753,0.291243,4.100724,20.007758,9.916747,3.445426,2.745753,182.365087,5.941211,1.094604,0.029606,0.994836
-0.042099,0.013642,0.295799,3.239314,20.007942,9.916622,3.444895,2.757646,182.335193,5.981971,1.094730,0.029733,0.995003
-0.040881,0.014092,0.274724,3.503549,20.008055,9.916715,3.447052,2.758147,182.297285,5.984152,1.094713,0.029756,0.994996
-0.047133,0.013424,0.259282,3.288505,20.016300,9.916718,3.444554,2.752662,182.280813,5.995185,1.094803,0.029761,0.995009
-0.043414,0.013496,0.288521,4.686624,20.007803,9.916773,3.444527,2.748688,182.262170,6.029472,1.094866,0.029868,0.995118
-0.046774,0.014180,0.280534,3.564598,20.016192,9.916038,3.447274,2.758113,182.269440,6.022228,1.094905,0.029892,0.995137
-0.046839,0.013938,0.264045,4.919041,20.007693,9.916690,3.446362,2.733387,182.247853,6.022032,1.094937,0.029911,0.995169
-0.042442,0.013974,0.299173,3.090180,20.009648,9.833555,3.444071,2.741137,182.269422,5.724550,1.095044,0.028577,0.995193
-0.041807,0.014078,0.286502,3.688738,20.007835,9.833412,3.448243,2.755530,182.260958,5.749177,1.095110,0.028647,0.995304
-0.040761,0.013689,0.289732,2.913856,20.008078,9.833287,3.445900,2.746485,182.237713,5.747094,1.095115,0.028628,0.995297
-0.043020,0.013537,0.296915,3.700557,20.008162,9.833422,3.446103,2.745779,182.238668,5.748801,1.095210,0.028644,0.995338
-0.043621,0.013120,0.261077,3.308990,20.007987,9.833410,3.445367,2.756014,182.234988,5.748015,1.095216,0.028652,0.995349
-0.041913,0.013888,0.265577,3.492940,20.007882,9.833413,3.445336,2.771771,182.176321,5.758518,1.095170,0.028649,0.995339
-0.043249,0.013437,0.249660,3.527413,20.008387,9.833268,3.443724,2.752865,182.190757,5.750354,1.095225,0.028645,0.995330
-0.044038,0.013499,0.261415,3.829111,20.008277,9.833275,3.446616,2.752739,182.167072,5.757718,1.095251,0.028670,0.995395
-0.044691,0.013632,0.263456,3.707354,20.008150,9.833345,3.444824,2.761711,182.151474,5.775561,1.095282,0.028719,0.995415
-0.042984,0.013778,0.254446,2.982445,20.008028,9.833460,3.445834,2.743354,182.204455,5.784126,1.095383,0.028769,0.995467
-0.045460,0.013558,0.280451,3.485058,20.008212,9.833340,3.443993,2.747557,182.209818,5.806087,1.095399,0.028838,0.995542
-0.043768,0.012851,0.280432,4.658488,20.008105,9.833362,3.441452,2.764271,182.187425,5.813899,1.095427,0.028841,0.995547
-0.046523,0.012705,0.290268,4.009409,20.008130,9.833478,3.442431,2.741344,182.173238,5.815655,1.095416,0.028853,0.995545
-0.045066,0.013139,0.272774,4.742848,20.008197,9.833582,3.443649,2.740855,182.136106,5.813188,1.095396,0.028831,0.995537
-0.043781,0.013807,0.298112,3.733553,20.008140,9.833332,3.446489,2.751242,182.133384,5.785000,1.095285,0.028758,0.995457
-0.044152,0.013564,0.276811,3.415908,20.008087,9.833422,3.444437,2.744683,182.141495,5.804872,1.095310,0.028820,0.995512
-0.045338,0.013363,0.280065,3.081260,20.008090,9.833367,3.444528,2.749715,182.145033,5.813400,1.095345,0.028824,0.995508
-0.044896,0.013676,0.254374,3.669192,20.007853,9.833333,3.445579,2.739444,182.151672,5.809750,1.095379,0.028824,0.995512
-0.044350,0.013443,0.259247,5.322474,20.008168,9.833370,3.446243,2.750827,182.141334,5.814167,1.095359,0.028848,0.995517
-0.044491,0.013344,0.282277,3.422160,20.008138,9.833322,3.444025,2.743584,182.138013,5.817224,1.095346,0.028839,0.995517
-0.043157,0.013313,0.291860,3.603935,20.007998,9.833462,3.445690,2.733959,182.134801,5.802103,1.095344,0.028811,0.995494
-0.047050,0.013120,0.248339,3.237888,20.008137,9.833302,3.444107,2.732402,182.135324,5.806134,1.095316,0.028786,0.995475
-0.046338,0.013506,0.267068,3.614509,20.007922,9.833487,3.446881,2.771242,182.086953,5.802612,1.095280,0.028767,0.995448
-0.042759,0.013323,0.266724,4.409561,20.008133,9.833525,3.444818,2.752585,182.058692,5.771193,1.095217,0.028674,0.995364
-0.042767,0.013269,0.255394,3.395291,20.008007,9.833375,3.444946,2.765404,182.000962,5.759086,1.095124,0.028638,0.995310
-0.039476,0.013072,0.278832,2.976743,20.008103,9.833475,3.443984,2.758980,182.004224,5.759613,1.095148,0.028657,0.995350
-0.041237,0.012913,0.281348,2.957918,20.008240,9.833368,3.443496,2.761100,182.032498,5.770148,1.095200,0.028661,0.995326
-0.043966,0.013471,0.264373,3.758331,20.008185,9.833298,3.446462,2.732562,182.008489,5.758810,1.095177,0.028656,0.995334
-0.043319,0.013532,0.271720,4.908717,20.008278,9.833442,3.444976,2.761235,181.967121,5.761210,1.095120,0.028615,0.995295
-0.042023,0.013089,0.286875,3.767777,20.008248,9.833405,3.443331,2.746985,181.974465,5.762190,1.095167,0.028644,0.995307
-0.043217,0.013000,0.275326,2.865400,20.008347,9.833385,3.443394,2.754944,181.947751,5.768173,1.095167,0.028672,0.995326
-0.041793,0.013267,0.281489,4.512737,20.008167,9.833448,3.443845,2.764472,181.878659,5.762275,1.095154,0.028631,0.995303
-0.045401,0.012839,0.282291,3.738426,20.008292,9.833487,3.443790,2.755488,182.043197,5.764615,1.095403,0.028581,0.995262
-0.043428,0.012949,0.261030,3.769283,20.008173,9.749953,3.444398,2.751741,182.196063,5.558831,1.095639,0.027657,0.995729
-0.045906,0.013493,0.263342,3.361233,20.007960,9.750158,3.445159,2.745324,182.285786,5.598493,1.095819,0.027800,0.995903
-0.042767,0.012330,0.267486,5.894526,20.008067,9.750000,3.439897,2.745579,182.304539,5.623451,1.095908,0.027890,0.996030
-0.042353,0.012929,0.267496,3.219296,20.007798,9.749997,3.444165,2.742930,182.135560,5.619020,1.095845,0.027852,0.995954
-0.041116,0.012974,0.288071,3.436791,20.008200,9.833208,3.443989,2.738534,181.894341,5.790451,1.095236,0.028729,0.995359
-0.045807,0.013404,0.282717,3.530284,20.008087,9.833252,3.445727,2.742675,181.883039,5.797641,1.095248,0.028755,0.995422
-0.043306,0.012698,0.278097,3.304853,20.008093,9.833377,3.443440,2.746400,181.845335,5.798868,1.095259,0.028723,0.995372
-0.045920,0.013450,0.263349,3.976737,20.008185,9.833038,3.446648,2.736206,181.870046,5.795909,1.095286,0.028757,0.995411
-0.045179,0.012831,0.278698,4.946019,20.008088,9.833383,3.443092,2.751676,181.835265,5.788046,1.095254,0.028707,0.995404
-0.047887,0.013608,0.242867,4.257585,20.008248,9.833292,3.446719,2.761285,181.818280,5.796301,1.095275,0.028729,0.995403
-0.046759,0.013963,0.299024,3.205621,20.007932,9.833437,3.448962,2.750920,181.814240,5.792531,1.095310,0.028741,0.995397
-0.040873,0.013634,0.254413,3.402878,20.016535,9.750193,3.447991,2.747243,181.801903,5.487534,1.095244,0.027362,0.995387
-0.045651,0.013814,0.262112,3.916179,20.007878,9.833413,3.447459,2.748598,181.767295,5.782529,1.095238,0.028697,0.995355
-0.041607,0.013225,0.247492,3.368804,20.008093,9.833355,3.445471,2.737558,181.729988,5.769512,1.095185,0.028620,0.995292
-0.044628,0.013693,0.286048,3.899415,20.008118,9.833332,3.445906,2.754808,181.712251,5.761905,1.095115,0.028590,0.995257
-0.045815,0.013818,0.247479,3.596854,20.007882,9.833390,3.446942,2.740810,181.680874,5.757469,1.095115,0.028556,0.995224
-0.042158,0.013491,0.218769,4.178181,20.007825,9.749977,3.446237,2.733887,181.657754,5.445171,1.095140,0.027146,0.995297
-0.046349,0.013791,0.293923,3.898163,20.007857,9.833387,3.448608,2.739903,181.591304,5.742820,1.095069,0.028460,0.995236
-0.043690,0.013529,0.258377,4.330094,20.007680,9.833333,3.445276,2.753577,181.608225,5.725461,1.095058,0.028423,0.995186
-0.042465,0.013630,0.258543,3.062189,20.008338,9.833442,3.446682,2.738974,181.582702,5.724898,1.094999,0.028396,0.995170
-0.043487,0.013411,0.216695,9.599623,20.008150,9.833358,3.445049,2.750443,181.551588,5.722996,1.094986,0.028371,0.995173
-0.044004,0.013404,0.262643,3.825483,20.016553,9.833433,3.444927,2.744016,181.536212,5.710500,1.094941,0.028312,0.995130
-0.042399,0.013377,0.252651,3.042977,20.016395,9.833502,3.446030,2.766132,181.499826,5.708094,1.094897,0.028293,0.995066
-0.041485,0.013375,0.282741,3.956706,20.016637,9.833260,3.444954,2.751056,181.470660,5.686442,1.094825,0.028180,0.994994
-0.044108,0.014038,0.290918,3.194276,20.016068,9.833252,3.448992,2.746806,181.473697,5.693720,1.094811,0.028223,0.995009
-0.042885,0.013233,0.268638,3.395001,20.007942,9.833522,3.444875,2.740175,181.444918,5.674701,1.094771,0.028140,0.994929
-0.042430,0.012992,0.306062,4.123054,20.008122,9.833328,3.443825,2.728864,181.445657,5.676293,1.094750,0.028125,0.994950
-0.043935,0.013235,0.267278,4.853416,20.007698,9.833457,3.445532,2.737399,181.405553,5.664059,1.094689,0.028094,0.994888
-0.042521,0.013105,0.292038,3.371611,20.007745,9.833502,3.444925,2.743313,181.389162,5.638982,1.094633,0.028042,0.994858
-0.039654,0.013368,0.260050,3.480351,20.007967,9.833515,3.444731,2.751715,181.379757,5.639103,1.094612,0.028007,0.994814
-0.041318,0.013436,0.268973,3.692945,20.008105,9.833420,3.445147,2.756151,181.379267,5.639043,1.094597,0.028001,0.994784
-0.046399,0.013249,0.283210,3.694938,20.008087,9.833473,3.445254,2.726217,181.379679,5.636856,1.094579,0.027985,0.994821
-0.042529,0.013873,0.270565,3.697373,20.008132,9.833505,3.447533,2.740778,181.355705,5.635388,1.094547,0.027945,0.994750
-0.045196,0.012991,0.286443,3.671597,20.007988,9.833380,3.444371,2.754703,181.342786,5.623176,1.094511,0.027928,0.994716
-0.042902,0.013028,0.255076,3.354897,20.007900,9.833343,3.442930,2.743688,181.340496,5.606721,1.094483,0.027876,0.994710
-0.041226,0.013504,0.283703,3.849887,20.007878,9.833333,3.445365,2.740365,181.281780,5.589198,1.094387,0.027823,0.994628
-0.040411,0.013030,0.256456,3.377859,20.007717,9.833412,3.442243,2.741847,181.260570,5.587804,1.094320,0.027780,0.994576
-0.041243,0.013275,0.294973,3.289020,20.016675,9.833390,3.445405,2.753483,181.252546,5.581238,1.094319,0.027764,0.994528
-0.040146,0.013252,0.286352,3.357990,20.007915,9.833535,3.445052,2.754449,181.257745,5.571369,1.094295,0.027738,0.994524
-0.041916,0.013314,0.277091,3.609256,20.007720,9.833265,3.444951,2.752343,181.239344,5.556656,1.094240,0.027694,0.994485
-0.041884,0.014364,0.297493,3.592664,20.016295,9.833318,3.450782,2.755817,181.250515,5.505221,1.094266,0.027448,0.994230
-0.039885,0.013459,0.301445,2.875599,20.016377,9.833428,3.445985,2.746537,181.260973,5.567138,1.094255,0.027704,0.994496
-0.040382,0.014153,0.296858,3.310475,20.016380,9.833270,3.449327,2.738240,181.276741,5.557495,1.094201,0.027664,0.994457
-0.040029,0.013388,0.268278,3.754369,20.007988,9.833287,3.446440,2.748420,181.247304,5.579998,1.094291,0.027728,0.994542
-0.041457,0.013348,0.299331,3.675356,20.007648,9.833298,3.446032,2.729500,181.228830,5.563143,1.094254,0.027663,0.994492
-0.043996,0.012972,0.292354,4.122703,20.008023,9.833308,3.443568,2.757293,181.188913,5.546892,1.094170,0.027615,0.994408
-0.042525,0.013667,0.264525,5.626233,20.016360,9.833425,3.448721,2.748403,181.183127,5.537578,1.094159,0.027573,0.994390
-0.044181,0.012758,0.282686,3.308341,20.016373,9.833423,3.443256,2.728483,181.198259,5.539683,1.094131,0.027578,0.994372
-0.043473,0.012868,0.274436,3.657888,20.007787,9.833487,3.446190,2.749445,181.160358,5.548487,1.094191,0.027622,0.994391
-0.041536,0.013119,0.266079,3.760817,19.932905,9.833490,3.445343,2.748260,181.063427,5.541324,1.094163,0.027582,0.994384
-0.040345,0.013014,0.270573,3.088716,20.016445,9.833408,3.445664,2.747737,181.113348,5.512003,1.094041,0.027464,0.994224
-0.039471,0.013580,0.290117,3.307909,20.007917,9.833393,3.446705,2.738990,181.109222,5.527135,1.094091,0.027510,0.994276
-0.041934,0.013950,0.284360,3.325485,20.007903,9.833358,3.447110,2.727862,181.110172,5.520146,1.094040,0.027515,0.994265
-0.040055,0.014034,0.296641,3.308860,20.007745,9.833528,3.448659,2.743910,181.054319,5.509177,1.093973,0.027444,0.994209
-0.042442,0.012831,0.283233,3.073248,20.007828,9.833332,3.444225,2.740964,181.049678,5.515203,1.093996,0.027440,0.994217
-0.038172,0.013114,0.302963,3.484291,20.007953,9.833398,3.445293,2.743407,180.997774,5.482423,1.093843,0.027338,0.994085
-0.044998,0.013168,0.307051,4.328940,20.016560,9.916835,3.446756,2.745528,180.898439,5.772014,1.093730,0.028628,0.994006
-0.044567,0.014035,0.317615,3.769333,20.007720,9.916838,3.447749,2.734528,180.868066,5.748546,1.093637,0.028510,0.993888
-0.041595,0.013739,0.293379,2.565487,20.007975,9.833390,3.448521,2.752369,180.964734,5.488328,1.093852,0.027348,0.994118
-0.042469,0.013744,0.247018,3.212484,20.016337,9.833490,3.448540,2.726709,180.967498,5.491079,1.093819,0.027347,0.994126
-0.043383,0.013807,0.271932,3.527806,20.016433,9.833503,3.448163,2.746540,180.975432,5.462379,1.093783,0.027246,0.994024
-0.043575,0.013363,0.290633,3.175640,20.016133,9.833345,3.446307,2.741711,180.939465,5.480954,1.093748,0.027262,0.994088
-0.043000,0.013538,0.295821,3.115810,20.007857,9.833318,3.447485,2.731134,180.905039,5.465430,1.093710,0.027224,0.993996
-0.041263,0.013271,0.291562,3.353924,20.007960,9.833325,3.446136,2.735256,180.859072,5.453938,1.093646,0.027164,0.993931
-0.040638,0.013424,0.278507,3.203334,20.008012,9.833212,3.446215,2.730893,180.871291,5.450570,1.093654,0.027174,0.993952
-0.046569,0.014189,0.270765,2.916244,20.007725,9.916877,3.449803,2.745483,180.858381,5.751819,1.093598,0.028512,0.993918
-0.043960,0.013708,0.300563,5.450927,20.008067,9.833392,3.444749,2.748650,180.867729,5.448652,1.093590,0.027133,0.993886
-0.040659,0.013886,0.288127,3.470359,20.008068,9.833353,3.448716,2.724479,180.856101,5.429488,1.093555,0.027073,0.993875
-0.041639,0.013498,0.281769,3.147913,20.007972,9.833490,3.445494,2.716652,180.856864,5.445572,1.093575,0.027107,0.993875
-0.039109,0.013469,0.286540,3.954959,20.008100,9.833562,3.446710,2.729946,180.887715,5.442144,1.093639,0.027136,0.993914
-0.041057,0.013201,0.295988,3.666651,20.007748,9.833332,3.445776,2.740855,180.865643,5.436974,1.093567,0.027078,0.993877
-0.041585,0.013700,0.295659,2.643237,20.008063,9.833300,3.447303,2.741453,180.839122,5.428538,1.093569,0.027035,0.993856
-0.042377,0.013527,0.282851,3.539306,20.007930,9.916775,3.449348,2.746306,180.765385,5.714940,1.093413,0.028331,0.993737
-0.044131,0.013459,0.280412,3.146745,20.008042,9.916723,3.447062,2.744807,180.731696,5.694028,1.093334,0.028234,0.993629
-0.043995,0.013698,0.282544,4.200961,20.008027,9.916703,3.447939,2.756352,180.734222,5.680882,1.093245,0.028160,0.993572
-0.043355,0.013259,0.277154,3.268675,20.008262,9.916772,3.446538,2.737990,180.708526,5.663328,1.093182,0.028086,0.993485
-0.045113,0.013209,0.296639,3.394902,20.008068,9.916777,3.446196,2.740470,180.690910,5.662484,1.093192,0.028073,0.993504
-0.042833,0.013584,0.276738,3.855494,20.008108,9.916760,3.447398,2.737308,180.658122,5.657716,1.093081,0.028032,0.993440
-0.045402,0.013794,0.301764,3.519131,20.008163,9.916652,3.448232,2.749615,180.648573,5.628362,1.093042,0.027947,0.993396
-0.045509,0.013800,0.298223,3.811880,20.008372,9.916812,3.449849,2.749052,180.628815,5.610333,1.093019,0.027860,0.993342
-0.042575,0.013222,0.303417,3.348427,20.008613,9.916650,3.446501,2.727185,180.607794,5.621574,1.092977,0.027898,0.993343
-0.042530,0.013844,0.245264,2.906341,20.008308,9.916553,3.447515,2.747944,180.577297,5.539291,1.092909,0.027571,0.992979
-0.041333,0.013505,0.285441,3.076092,20.008253,9.916848,3.445987,2.755083,180.517115,5.575482,1.092830,0.027735,0.993182
-0.041919,0.014080,0.293766,3.190686,20.008477,9.916643,3.449195,2.742939,180.471424,5.563820,1.092741,0.027695,0.993102
-0.041762,0.013696,0.303578,3.329663,20.008285,9.916713,3.447810,2.739063,180.429194,5.549154,1.092685,0.027619,0.993012
-0.041896,0.014104,0.323174,2.571366,20.008227,9.916610,3.449846,2.744206,180.444937,5.535543,1.092667,0.027594,0.992978
-0.039440,0.014022,0.295132,3.146374,20.008432,9.916745,3.449547,2.756492,180.444542,5.539302,1.092671,0.027597,0.993001
-0.043008,0.013908,0.330625,4.589635,20.008520,9.916718,3.447453,2.759033,180.481893,5.552353,1.092690,0.027635,0.993041
-0.039915,0.013546,0.290901,2.997242,20.008115,9.916745,3.447148,2.746512,180.483805,5.542189,1.092671,0.027595,0.993029
-0.044261,0.013684,0.300951,3.310919,20.008378,9.916813,3.447744,2.742885,180.484530,5.550192,1.092692,0.027587,0.993009
-0.042580,0.013339,0.314410,2.975370,20.008013,9.916597,3.447737,2.748814,180.529525,5.542226,1.092587,0.027573,0.993014
-0.040617,0.013613,0.305303,3.379982,20.008437,9.916713,3.446732,2.738853,180.375656,5.530178,1.092483,0.027423,0.992818
-0.042696,0.014137,0.306120,3.652461,20.008357,9.916787,3.448557,2.712068,180.339904,5.495965,1.092413,0.027400,0.992783
-0.041460,0.013961,0.289163,3.750909,20.008317,9.916613,3.448712,2.744998,180.325496,5.494626,1.092391,0.027361,0.992751
-0.041377,0.014160,0.304400,2.957656,20.008157,9.916713,3.449576,2.740744,180.312258,5.495035,1.092343,0.027356,0.992735
-0.041159,0.013783,0.287949,3.486432,20.008082,9.916823,3.448812,2.731694,180.279876,5.479390,1.092308,0.027294,0.992690
-0.041739,0.013633,0.286134,3.177637,20.008483,9.916742,3.448727,2.741587,180.261549,5.472693,1.092246,0.027255,0.992635
-0.039398,0.014748,0.303683,3.831686,20.008208,9.916850,3.454123,2.737678,180.254312,5.464425,1.092189,0.027235,0.992631
-0.045263,0.014246,0.313250,3.198867,20.008105,10.000120,3.450681,2.725469,180.298997,5.764333,1.092168,0.028594,0.992567
-0.040982,0.014315,0.274883,3.802217,20.008388,9.916677,3.449416,2.729885,180.340721,5.464976,1.092186,0.027227,0.992588
-0.046103,0.014047,0.281025,2.798207,20.007892,10.000097,3.448876,2.736242,180.313302,5.752255,1.092138,0.028528,0.992593
-0.044973,0.013787,0.301891,4.915825,20.008172,10.000093,3.449009,2.735682,180.292560,5.746224,1.092109,0.028491,0.992542
-0.041800,0.013981,0.331198,4.236311,20.008138,10.000038,3.449264,2.739822,180.305351,5.751487,1.092033,0.028485,0.992501
-0.045198,0.013701,0.306794,2.710477,20.008060,9.999905,3.448023,2.752203,180.275742,5.740677,1.092007,0.028458,0.992465
-0.044516,0.014211,0.333017,2.806978,20.008242,10.000070,3.450050,2.731916,180.230366,5.723103,1.091946,0.028352,0.992350
-0.042544,0.014084,0.307778,3.920533,20.008260,10.000093,3.449671,2.742702,180.216898,5.714634,1.091878,0.028331,0.992332
-0.045742,0.013593,0.306209,3.207439,20.008285,10.000095,3.447213,2.742175,180.184208,5.712727,1.091841,0.028284,0.992283
-0.044190,0.013623,0.316187,3.289686,20.008493,10.000110,3.447833,2.740288,180.113722,5.676195,1.091743,0.028160,0.992177
-0.043693,0.013250,0.311192,2.653388,20.008252,10.000082,3.447160,2.742244,180.074122,5.652887,1.091673,0.028080,0.992081
-0.042165,0.013441,0.321472,2.713145,20.008172,9.999875,3.447761,2.750000,180.044786,5.651153,1.091649,0.028060,0.992095
-0.046649,0.013849,0.312227,3.004505,20.008407,10.000028,3.447197,2.757677,180.054774,5.648269,1.091648,0.028039,0.992093
-0.042735,0.013701,0.293602,3.426515,20.008277,9.999975,3.447662,2.742633,180.118620,5.660077,1.091673,0.028072,0.992109
-0.043859,0.013712,0.299824,3.101744,20.008408,10.000165,3.448157,2.726381,180.273617,5.689105,1.091819,0.028228,0.992243
-0.040629,0.014246,0.297098,3.761112,20.008072,9.916732,3.450172,2.740017,180.286946,5.396867,1.091888,0.026888,0.992311
-0.045862,0.014530,0.276491,2.882260,20.008372,10.000133,3.449950,2.727338,180.222794,5.686228,1.091826,0.028239,0.992244
-0.045125,0.013830,0.322930,3.267986,20.008313,9.999993,3.448850,2.727343,180.092158,5.661408,1.091651,0.028068,0.992086
-0.040986,0.013274,0.297722,3.406434,20.008477,10.000030,3.446814,2.711485,179.997092,5.612350,1.091452,0.027899,0.991931
-0.043942,0.014139,0.292693,2.752752,20.008503,9.999975,3.451121,2.745782,180.015300,5.619349,1.091485,0.027939,0.991969
-0.045106,0.013485,0.327568,4.904266,20.008452,10.000095,3.449626,2.735222,179.966136,5.582087,1.091330,0.027793,0.991814
-0.041711,0.013424,0.336976,3.059196,20.008322,10.000158,3.448212,2.724075,180.090232,5.614554,1.091450,0.027853,0.991902
-0.039477,0.014055,0.296469,2.873852,20.008360,10.000010,3.449518,2.741142,180.205706,5.650382,1.091578,0.028002,0.992038
-0.045022,0.013844,0.297719,3.120368,20.008332,10.000137,3.448653,2.754721,180.265258,5.660797,1.091663,0.028041,0.992096
-0.040124,0.014165,0.317138,3.466568,20.008355,10.000130,3.450689,2.731033,180.279405,5.442487,1.091718,0.027072,0.991138
-0.046825,0.014430,0.327331,3.116290,20.008082,10.000092,3.451489,2.740257,180.262564,5.655160,1.091654,0.028042,0.992066
-0.043165,0.014371,0.315475,3.612947,20.008243,10.000025,3.450358,2.734800,180.185753,5.636529,1.091568,0.027934,0.991995
-0.041352,0.014238,0.326713,2.946287,20.008278,10.000040,3.451217,2.740259,180.117477,5.614430,1.091459,0.027849,0.991916
-0.043319,0.013800,0.264621,3.325414,20.008703,10.000063,3.448541,2.741893,179.965379,5.577246,1.091292,0.027695,0.991764
-0.042057,0.014311,0.320426,2.921486,20.008320,10.000177,3.450441,2.725175,179.834746,5.537567,1.091068,0.027543,0.991550
-0.041896,0.014203,0.319299,2.690165,20.008442,10.000123,3.450385,2.726658,179.827974,5.533638,1.091050,0.027513,0.991559
-0.041347,0.014606,0.306680,3.114096,20.008570,10.000193,3.453631,2.727304,179.814542,5.518777,1.091009,0.027469,0.991513
-0.042542,0.013805,0.291323,4.051606,20.008710,10.000062,3.448918,2.730839,179.783459,5.511858,1.090956,0.027431,0.991446
-0.041178,0.014134,0.319477,2.772538,20.008453,10.000032,3.451096,2.734900,179.764711,5.500658,1.090883,0.027378,0.991410
-0.041241,0.014439,0.321207,3.200378,20.008688,10.000057,3.451133,2.745486,179.723160,5.491868,1.090813,0.027328,0.991321
-0.041685,0.014090,0.325619,7.956964,20.008515,9.999950,3.449642,2.731479,179.695331,5.478587,1.090746,0.027260,0.991290
-0.041120,0.014713,0.333066,3.156381,20.008572,9.999930,3.452677,2.727761,179.665037,5.463955,1.090718,0.027241,0.991236
-0.043419,0.014017,0.283413,3.525693,20.008638,10.083508,3.451370,2.731180,179.646802,5.755010,1.090627,0.028552,0.991165
-0.044301,0.014345,0.291441,3.289860,20.008547,10.083407,3.449199,2.740967,179.643291,5.753376,1.090578,0.028518,0.991137
-0.044611,0.014537,0.320465,3.419578,20.008660,10.083518,3.452438,2.743144,179.651216,5.737573,1.090522,0.028444,0.991063
-0.042146,0.014022,0.325132,3.733114,20.008735,10.083443,3.450469,2.730996,179.684685,5.738816,1.090528,0.028462,0.991069
-0.041047,0.013878,0.323769,3.089556,20.008400,10.000075,3.450750,2.736940,179.790938,5.448274,1.090616,0.027116,0.991115
-0.042562,0.013772,0.325993,2.874525,20.008480,10.000015,3.447348,2.724893,179.914453,5.469236,1.090763,0.027203,0.991256
-0.044277,0.014036,0.302455,2.975615,20.008358,10.000197,3.447372,2.749059,179.907968,5.471807,1.090763,0.027214,0.991282
-0.041816,0.014072,0.315874,3.096775,20.008392,9.999998,3.449029,2.732401,179.809524,5.453311,1.090636,0.027138,0.991191
-0.044800,0.013993,0.295119,4.212472,20.008693,10.083477,3.450470,2.732941,179.652691,5.712720,1.090442,0.028371,0.991011
-0.043862,0.013610,0.313395,3.648889,20.008575,10.083500,3.449132,2.735357,179.556562,5.685836,1.090264,0.028187,0.990815
-0.043096,0.013725,0.265599,3.764644,20.008782,10.083427,3.448469,2.737473,179.506365,5.674277,1.090146,0.028160,0.990777
-0.043930,0.014084,0.325073,2.878897,20.008638,10.083612,3.451166,2.741342,179.664430,5.678172,1.090249,0.028150,0.990795
-0.040860,0.014157,0.313491,4.985575,20.008428,10.000132,3.449302,2.739581,179.863938,5.418717,1.090476,0.026967,0.991005
-0.040773,0.013929,0.328676,2.655834,20.008400,10.000057,3.449129,2.737603,179.992429,5.449288,1.090635,0.027086,0.991162
-0.042398,0.013878,0.318885,2.998922,20.008582,10.000023,3.448907,2.755270,180.045852,5.474136,1.090728,0.027150,0.991236
-0.042608,0.013869,0.321338,3.213574,20.008358,9.999905,3.449984,2.744580,180.072807,5.480881,1.090749,0.027171,0.991261
-0.043069,0.014436,0.314880,4.196212,20.008400,10.000092,3.452257,2.736570,180.048587,5.466374,1.090706,0.027143,0.991234
-0.044145,0.013545,0.303253,3.164753,20.008450,10.000005,3.448576,2.747849,179.992590,5.452307,1.090633,0.027069,0.991157
-0.042264,0.014190,0.316237,2.883960,20.008385,10.000130,3.449677,2.722672,179.893092,5.424006,1.090520,0.026962,0.991037
-0.042565,0.014369,0.324578,3.389471,20.008387,10.083245,3.450314,2.731578,179.624107,5.678104,1.090198,0.028154,0.990785
-0.043985,0.014158,0.317689,3.048804,20.008522,10.083267,3.451145,2.736491,179.458071,5.604356,1.089889,0.027836,0.990463
-0.043840,0.014686,0.311098,3.214786,20.008835,10.083452,3.452815,2.732179,179.490852,5.605430,1.089868,0.027873,0.990504
-0.041115,0.014303,0.321908,3.500412,20.008703,10.083565,3.451790,2.743991,179.424414,5.581905,1.089794,0.027781,0.990403
-0.042641,0.014191,0.340163,3.058099,20.008550,10.083403,3.450496,2.746317,179.374599,5.563757,1.089679,0.027690,0.990304
-0.042046,0.014385,0.329641,3.610767,20.008770,10.083255,3.453167,2.744864,179.332621,5.551528,1.089610,0.027625,0.990216
-0.042992,0.014334,0.316436,2.663276,20.008773,10.083447,3.451822,2.726301,179.306401,5.537857,1.089534,0.027545,0.990153
-0.040368,0.014698,0.320352,3.986173,20.008947,10.083247,3.454226,2.732998,179.296439,5.522638,1.089492,0.027498,0.990096
-0.042623,0.014252,0.340131,3.063994,20.008857,10.083400,3.451617,2.729557,179.246631,5.512235,1.089420,0.027442,0.990015
-0.043785,0.014439,0.306184,7.213085,20.008822,10.166735,3.452815,2.733377,179.230753,5.586009,1.089401,0.027786,0.988999
-0.041791,0.015200,0.313501,3.030759,20.008932,10.083477,3.456608,2.741510,179.247770,5.502335,1.089374,0.027389,0.989976
-0.039346,0.014230,0.274115,3.631986,20.008882,10.083428,3.452765,2.737233,179.288619,5.497376,1.089391,0.027392,0.989994
-0.041175,0.014474,0.314850,3.156799,20.008473,10.083378,3.451300,2.727173,179.357102,5.503420,1.089429,0.027394,0.990015
-0.041569,0.014302,0.336312,2.905687,20.008505,10.083228,3.451679,2.736844,179.483259,5.523217,1.089517,0.027448,0.990123
-0.043587,0.014178,0.312909,3.430260,20.008488,10.083338,3.450693,2.741862,179.565255,5.547719,1.089636,0.027532,0.990208
-0.040607,0.013864,0.303883,3.704175,20.008503,10.083420,3.449157,2.749655,179.477091,5.536596,1.089565,0.027468,0.990172
-0.040789,0.014525,0.353214,2.836526,20.008758,10.083450,3.452228,2.732088,179.287563,5.497892,1.089333,0.027323,0.989960
-0.043294,0.014077,0.328961,3.383618,20.008988,10.166870,3.449661,2.726468,179.136038,5.760533,1.089132,0.028593,0.989801
-0.046687,0.014459,0.324479,3.237047,20.008600,10.166610,3.448755,2.724699,179.143582,5.758301,1.089101,0.028563,0.989798
-0.044426,0.015011,0.315120,2.706695,20.009080,10.166725,3.452881,2.724349,179.093588,5.742902,1.088969,0.028468,0.989670
-0.041399,0.014894,0.336493,3.194059,20.009098,10.166853,3.452166,2.729294,179.174500,5.736156,1.088979,0.028445,0.989646
-0.040857,0.015096,0.317745,2.920126,20.009000,10.083455,3.454091,2.725311,179.300112,5.446761,1.089103,0.027144,0.989770
-0.040105,0.014529,0.315321,4.442231,20.008588,10.083438,3.453454,2.736053,179.382470,5.460667,1.089190,0.027168,0.989838
-0.038437,0.014378,0.348790,2.936751,20.008883,10.083452,3.451600,2.724401,179.405065,5.465268,1.089215,0.027191,0.989856
-0.042737,0.014063,0.350372,2.306391,20.008815,10.083413,3.450123,2.728279,179.410711,5.467202,1.089192,0.027169,0.989854
-0.040303,0.014498,0.301027,3.053309,20.008587,10.083540,3.451804,2.734388,179.358344,5.451624,1.089127,0.027126,0.989778
-0.042795,0.014012,0.333653,2.893356,20.008532,10.083485,3.450345,2.738691,179.300141,5.434900,1.089035,0.027058,0.989700
-0.040014,0.014539,0.329593,2.920589,20.008773,10.083402,3.452026,2.735641,179.183317,5.412741,1.088933,0.026957,0.989594
-0.043403,0.013697,0.350794,2.172080,20.009083,10.166748,3.451998,2.732708,178.976325,5.658017,1.088628,0.028112,0.989354
-0.041955,0.014326,0.327273,2.706760,20.009018,10.166820,3.453294,2.722290,179.001421,5.661169,1.088618,0.028089,0.989355
-0.040910,0.013903,0.343475,2.981277,20.008948,10.166650,3.450112,2.741489,178.984343,5.655854,1.088597,0.028066,0.989312
-0.045103,0.014616,0.304384,2.672317,20.009082,10.166807,3.454328,2.731533,178.949240,5.640857,1.088501,0.027992,0.989252
-0.042256,0.014437,0.351397,3.027686,20.008985,10.166710,3.451957,2.719834,178.933402,5.620884,1.088461,0.027945,0.989201
-0.042545,0.014925,0.341390,2.558107,20.009010,10.166842,3.454393,2.734566,178.886952,5.602084,1.088357,0.027861,0.989086
-0.041534,0.014304,0.348601,2.540524,20.008852,10.166755,3.450794,2.732735,178.822799,5.584550,1.088262,0.027785,0.989010
-0.040785,0.014525,0.320172,3.255136,20.008862,10.166755,3.452712,2.737125,178.793558,5.564458,1.088193,0.027707,0.988913
-0.042240,0.014818,0.325684,3.120298,20.009108,10.166745,3.455140,2.728412,178.799402,5.558256,1.088142,0.027676,0.988879
-0.041519,0.014914,0.302864,3.321492,20.009012,10.166740,3.454192,2.729923,178.790950,5.544465,1.088111,0.027642,0.988860
-0.040788,0.014820,0.354861,2.925698,20.008983,10.166588,3.456657,2.736505,178.828516,5.555462,1.088122,0.027625,0.988852
-0.039029,0.014676,0.344308,3.012436,20.009172,10.166685,3.452183,2.730667,178.840881,5.538640,1.088090,0.027606,0.988830
-0.042342,0.013879,0.351969,2.914674,20.008910,10.166752,3.450989,2.725340,178.903676,5.557289,1.088147,0.027621,0.988880
-0.041846,0.014599,0.316309,3.535666,20.008878,10.166763,3.451631,2.740572,179.024322,5.580770,1.088301,0.027692,0.988987
-0.041414,0.014475,0.337135,2.915893,20.008702,10.166713,3.452065,2.736560,179.056334,5.601205,1.088333,0.027762,0.989039
-0.041327,0.014045,0.359462,2.530363,20.009013,10.166678,3.451312,2.719366,178.923043,5.564876,1.088204,0.027668,0.988923
-0.043098,0.014390,0.350554,5.168809,20.008980,10.166858,3.452194,2.742378,178.750098,5.518969,1.087966,0.027476,0.988724
-0.043426,0.014661,0.328816,2.998804,20.009095,10.250038,3.454117,2.731037,178.697109,5.790975,1.087798,0.028758,0.988580
-0.044286,0.014852,0.369515,3.162937,20.009297,10.250093,3.453363,2.737695,178.667354,5.787892,1.087752,0.028728,0.988546
-0.044657,0.014541,0.366793,2.750162,20.009195,10.250193,3.451793,2.733034,178.653780,5.774067,1.087666,0.028645,0.988445
-0.040830,0.014659,0.305107,2.873532,20.008953,10.166668,3.453510,2.745419,178.778832,5.483782,1.087764,0.027287,0.988533
-0.041729,0.014719,0.353802,2.870349,20.008957,10.166778,3.453156,2.713813,178.907929,5.503437,1.087885,0.027372,0.988641
-0.043820,0.014518,0.356137,2.986057,20.008835,10.250148,3.450544,2.727634,178.955689,5.624048,1.087961,0.027864,0.987754
-0.041710,0.014602,0.330625,2.963689,20.009052,10.166698,3.453916,2.742718,178.980505,5.522094,1.087962,0.027434,0.988724
-0.043206,0.014727,0.324346,3.083157,20.008888,10.166905,3.453252,2.728364,178.960222,5.512162,1.087887,0.027391,0.988672
-0.041457,0.014029,0.340171,2.664532,20.008943,10.166702,3.449689,2.740735,178.923513,5.501958,1.087851,0.027354,0.988625
-0.043792,0.014404,0.331223,2.684940,20.008995,10.166742,3.453039,2.742186,178.899964,5.490522,1.087795,0.027290,0.988564
-0.043352,0.014467,0.341323,2.929509,20.009047,10.166790,3.451891,2.729378,178.705459,5.463203,1.087577,0.027178,0.988412
-0.043870,0.014665,0.323569,7.980230,20.009268,10.249997,3.453137,2.733326,178.521304,5.706806,1.087317,0.028307,0.988138
-0.041414,0.014697,0.334662,3.018293,20.009068,10.250218,3.454756,2.723489,178.521602,5.709735,1.087273,0.028314,0.988132
-0.045798,0.014695,0.341702,2.609529,20.009425,10.250153,3.455390,2.732722,178.499602,5.685539,1.087208,0.028223,0.988084
-0.045321,0.014919,0.360541,4.349088,20.009228,10.249938,3.455050,2.724744,178.477602,5.671536,1.087152,0.028154,0.988022
-0.040544,0.014538,0.361531,2.774518,20.009365,10.250053,3.454175,2.740208,178.457418,5.656611,1.087105,0.028112,0.987951
-0.044583,0.014698,0.348502,2.627263,20.009032,10.250142,3.453897,2.724219,178.417971,5.643648,1.087008,0.028054,0.987894
-0.044607,0.014781,0.309638,3.166391,20.009312,10.250163,3.454849,2.720315,178.386063,5.620329,1.086929,0.027967,0.987803
-0.044500,0.014989,0.371662,2.650035,20.009428,10.249950,3.454541,2.726339,178.340076,5.612722,1.086839,0.027901,0.987744
-0.041506,0.014560,0.357383,2.428712,20.009173,10.250030,3.454229,2.730820,178.337917,5.590843,1.086802,0.027818,0.987656
-0.043253,0.014889,0.346790,3.113745,20.009462,10.250040,3.454690,2.729977,178.310702,5.584924,1.086731,0.027806,0.987613
-0.042321,0.015248,0.350674,3.144799,20.009613,10.249980,3.455388,2.729165,178.285190,5.569970,1.086656,0.027745,0.987556
-0.039424,0.014914,0.360794,2.693970,20.009488,10.250125,3.454082,2.730761,178.292798,5.567281,1.086582,0.027730,0.987478
-0.041717,0.014783,0.374143,2.639341,20.009235,10.249860,3.455994,2.714948,178.375473,5.569902,1.086645,0.027706,0.987538
-0.044174,0.014994,0.359670,2.828861,20.009335,10.250082,3.453074,2.723351,178.445902,5.574653,1.086715,0.027711,0.987568
-0.040926,0.014492,0.365101,2.949100,20.009342,10.250058,3.452868,2.727459,178.409490,5.571736,1.086700,0.027730,0.987593
-0.040510,0.015449,0.366639,2.335366,20.009315,10.250082,3.457340,2.729136,178.261477,5.538363,1.086509,0.027612,0.987421
-0.045368,0.015581,0.345364,2.831694,20.009608,10.333432,3.457450,2.734759,178.303999,5.829860,1.086430,0.028952,0.987357
-0.044114,0.014928,0.375726,2.926062,20.009558,10.333420,3.455642,2.716560,178.292630,5.817950,1.086377,0.028874,0.987287
-0.043415,0.015091,0.349967,3.253879,20.009313,10.333485,3.456892,2.729834,178.211135,5.815329,1.086251,0.028840,0.987236
-0.041123,0.014703,0.368430,4.053969,20.009708,10.333070,3.453538,2.724350,178.234394,5.806593,1.086257,0.028796,0.987198
-0.039950,0.014782,0.363293,2.940543,20.009323,10.250018,3.452805,2.720255,178.339434,5.511924,1.086356,0.027454,0.987276
-0.043092,0.015013,0.358932,2.844488,20.009462,10.250230,3.457224,2.732894,178.462148,5.531037,1.086470,0.027523,0.987391
-0.041906,0.015161,0.350811,2.850103,20.009358,10.250110,3.456093,2.727256,178.563933,5.551958,1.086576,0.027597,0.987463
-0.039183,0.014531,0.367339,4.016096,20.009318,10.249967,3.452656,2.728847,178.603039,5.565202,1.086572,0.027617,0.987494
-0.041680,0.014696,0.360277,2.822595,20.009265,10.250245,3.453385,2.735283,178.625595,5.562114,1.086595,0.027618,0.987506
-0.044780,0.014854,0.344299,3.892288,20.009260,10.249958,3.453926,2.730444,178.635345,5.555633,1.086587,0.027580,0.987473
-0.043277,0.014679,0.355570,2.791533,20.008833,10.250057,3.453228,2.721977,178.627970,5.557142,1.086532,0.027552,0.987429
-0.040394,0.014872,0.343303,2.610024,20.009327,10.250020,3.454010,2.713707,178.356220,5.504719,1.086290,0.027370,0.987215
-0.044913,0.014688,0.380836,3.284112,20.009283,10.333397,3.454022,2.716550,178.125409,5.743714,1.085961,0.028479,0.986926
-0.040634,0.014541,0.388693,2.667091,20.009470,10.333365,3.454472,2.729326,178.160261,5.721022,1.085870,0.028417,0.986841
-0.042661,0.014928,0.373733,3.071708,20.009638,10.333462,3.455792,2.737518,178.117934,5.699947,1.085797,0.028356,0.986786
-0.042893,0.015372,0.354226,2.909229,20.009335,10.333458,3.457562,2.710400,178.099677,5.690298,1.085719,0.028287,0.986702
-0.042199,0.014782,0.373586,2.870595,20.009532,10.333378,3.453918,2.732101,178.135770,5.680477,1.085681,0.028240,0.986660
-0.041045,0.015079,0.371230,3.136030,20.009763,10.333427,3.457142,2.729887,178.066605,5.664468,1.085594,0.028182,0.986599
-0.042089,0.015360,0.377783,2.689917,20.009745,10.333338,3.458114,2.711424,178.037892,5.651727,1.085539,0.028118,0.986535
-0.041637,0.015238,0.384004,2.453962,20.009492,10.416740,3.458066,2.713255,178.021637,5.633281,1.085550,0.028036,0.985057
-0.043070,0.015030,0.367843,2.877208,20.009587,10.333542,3.456481,2.726500,177.981667,5.629633,1.085369,0.028007,0.986401
-0.042560,0.015105,0.376048,2.955214,20.009848,10.333328,3.457984,2.706044,177.946062,5.616317,1.085345,0.027920,0.986341
-0.039657,0.015061,0.356237,2.975136,20.009730,10.333423,3.455594,2.729869,177.922863,5.599943,1.085258,0.027890,0.986295
-0.041521,0.015856,0.343452,2.602826,20.009807,10.333235,3.459563,2.716641,177.882024,5.589923,1.085219,0.027841,0.986242
-0.039306,0.015508,0.361921,2.766190,20.009645,10.333423,3.459968,2.713313,177.917304,5.592027,1.085236,0.027830,0.986249
-0.041965,0.015530,0.349770,3.158827,20.009677,10.333482,3.457415,2.719743,177.859164,5.574465,1.085184,0.027782,0.986198
-0.045451,0.015831,0.357857,3.511313,20.009653,10.333523,3.459572,2.739632,177.982768,5.601253,1.085231,0.027891,0.986273
-0.043450,0.014865,0.387664,2.735138,20.009578,10.333472,3.456160,2.724306,177.938266,5.602862,1.085243,0.027861,0.986308
-0.042224,0.015003,0.371994,2.687456,20.009607,10.333460,3.457077,2.749383,177.931590,5.590698,1.085165,0.027807,0.986236
-0.040527,0.014807,0.383323,2.817656,20.009800,10.333327,3.454996,2.723282,177.923611,5.577599,1.085142,0.027776,0.986204
-0.042787,0.015064,0.371913,3.275767,20.009892,10.416807,3.455962,2.725974,177.796111,5.838669,1.084902,0.028980,0.986017
-0.045624,0.015339,0.348395,2.436313,20.009612,10.416797,3.457069,2.727155,177.826021,5.832644,1.084878,0.028931,0.985950
-0.042325,0.015657,0.380942,2.924340,20.009823,10.416722,3.459020,2.717113,177.882475,5.832278,1.084890,0.028958,0.985957
-0.041202,0.015614,0.373037,2.786000,20.009592,10.333373,3.456561,2.718453,177.912189,5.533583,1.084894,0.027552,0.985963
-0.041315,0.015434,0.387665,2.617522,20.009583,10.333318,3.458267,2.732062,177.965866,5.532060,1.084913,0.027537,0.985991
-0.042004,0.015433,0.370282,2.732887,20.009652,10.333252,3.457577,2.744130,177.980230,5.536300,1.084918,0.027553,0.985973
-0.041328,0.015344,0.339896,2.751847,20.009653,10.333358,3.457533,2.725140,177.956911,5.513645,1.084859,0.027493,0.985910
-0.038695,0.014776,0.400879,2.841160,20.009953,10.333438,3.454708,2.722279,177.963670,5.519855,1.084856,0.027473,0.985911
-0.041481,0.015048,0.376911,3.278902,20.009423,10.333458,3.454941,2.741238,177.881127,5.511563,1.084797,0.027431,0.985846
-0.042501,0.015435,0.379806,2.680905,20.009642,10.416608,3.457485,2.717039,177.657000,5.755838,1.084505,0.028577,0.985617
-0.042292,0.015135,0.336974,3.031397,20.009783,10.416698,3.456304,2.713492,177.685524,5.768708,1.084539,0.028614,0.985675
-0.039877,0.014813,0.400644,2.724177,20.009535,10.416682,3.454296,2.727447,177.685031,5.767214,1.084519,0.028586,0.985640
-0.043242,0.014813,0.360840,2.370856,20.009613,10.416625,3.456589,2.720159,177.636920,5.751001,1.084448,0.028515,0.985567
-0.046405,0.014873,0.364437,2.688767,20.009612,10.416763,3.454431,2.707997,177.614770,5.733269,1.084387,0.028452,0.985492
-0.044461,0.015324,0.388749,2.967612,20.009548,10.416732,3.458658,2.709429,177.596605,5.715593,1.084319,0.028384,0.985424
-0.044494,0.015234,0.391039,2.552196,20.009842,10.416737,3.457260,2.742043,177.593797,5.710872,1.084275,0.028346,0.985394
-0.041058,0.015781,0.373590,2.632097,20.009665,10.416650,3.458780,2.711540,177.569757,5.698735,1.084217,0.028302,0.985353
-0.043830,0.015089,0.363902,3.088381,20.009842,10.416720,3.457123,2.725110,177.550479,5.676284,1.084112,0.028211,0.985251
-0.043663,0.015182,0.401593,2.948011,20.009512,10.416823,3.455443,2.730776,177.517327,5.664312,1.084052,0.028142,0.985201
-0.040696,0.015873,0.332523,2.926953,20.009575,10.416712,3.460159,2.724657,177.497899,5.653072,1.083993,0.028105,0.985169
-0.043933,0.015791,0.369326,2.941519,20.009712,10.416713,3.456878,2.721768,177.563886,5.640249,1.083930,0.028053,0.985072
-0.044991,0.015607,0.384114,2.731386,20.009585,10.416775,3.458163,2.734224,178.013661,5.724273,1.084340,0.028375,0.985439
-0.045782,0.015202,0.317105,3.217516,20.009413,10.333260,3.455565,2.734877,178.362653,5.491083,1.084764,0.027249,0.985776
-0.041907,0.014969,0.373136,2.676681,20.008958,10.333460,3.453790,2.724122,178.449239,5.547321,1.084929,0.027449,0.985989
-0.041920,0.014982,0.274943,5.954893,20.009037,10.333500,3.454191,2.724802,178.409061,5.534134,1.084863,0.027388,0.985923
-0.042126,0.015338,0.322143,2.818276,20.009280,10.333332,3.456404,2.729204,178.337985,5.511692,1.084766,0.027311,0.985850
-0.042268,0.014920,0.369727,2.811810,20.009215,10.333500,3.456112,2.714354,178.305733,5.494137,1.084689,0.027241,0.985768
-0.041569,0.015659,0.361601,2.641492,20.009173,10.333397,3.457734,2.733575,178.303001,5.470252,1.084620,0.027171,0.985705
-0.040820,0.014769,0.370981,3.069412,20.009160,10.333312,3.456152,2.713637,178.531018,5.509728,1.084780,0.027276,0.985807
-0.043351,0.015118,0.320740,2.368141,20.009002,10.250048,3.453143,2.744076,178.784116,5.248523,1.085047,0.026100,0.986068
-0.043173,0.014870,0.346726,3.782661,20.008760,10.333430,3.452064,2.733746,178.977236,5.267384,1.085281,0.026163,0.984768
-0.042083,0.014912,0.346145,3.224440,20.008473,10.250057,3.452945,2.743215,179.118130,5.331221,1.085377,0.026356,0.986362
-0.043347,0.015273,0.332781,2.637392,20.008210,10.250023,3.454379,2.718402,179.232513,5.348483,1.085471,0.026454,0.986464
-0.038695,0.015166,0.331548,2.694841,20.008305,10.166683,3.453890,2.731630,179.282348,5.050820,1.085518,0.025123,0.986529
-0.041485,0.015015,0.347759,2.520576,20.008450,10.166833,3.455286,2.737690,179.282540,5.048292,1.085487,0.025098,0.986496
-0.043913,0.015553,0.327560,3.047134,20.008452,10.250152,3.455908,2.726240,179.255626,5.337704,1.085445,0.026428,0.986447
-0.039543,0.014445,0.335137,3.062089,20.008337,10.250123,3.448793,2.728349,179.011667,5.305832,1.085226,0.026246,0.986301
-0.040937,0.015309,0.362269,2.758157,20.008503,10.250150,3.455744,2.731655,178.706079,5.228386,1.084862,0.025961,0.985953
-0.043266,0.014862,0.366948,2.898312,20.008885,10.333365,3.454382,2.729022,178.440429,5.467931,1.084498,0.027044,0.985614
-0.040545,0.014587,0.354939,3.976737,20.009127,10.333300,3.454247,2.730062,178.279779,5.402518,1.084223,0.026825,0.985370
-0.041018,0.015583,0.339288,4.275287,20.009515,10.333288,3.456909,2.723770,178.160751,5.370321,1.084038,0.026710,0.985228
-0.042485,0.015275,0.366342,2.610742,20.009253,10.416822,3.456693,2.736481,178.092530,5.640822,1.083911,0.027986,0.985082
-0.042880,0.015739,0.374137,2.650139,20.009645,10.416618,3.459545,2.734870,178.050372,5.625369,1.083813,0.027888,0.985015
-0.044235,0.015868,0.367228,2.174331,20.009660,10.416772,3.459584,2.735930,178.037345,5.610399,1.083751,0.027805,0.984950
-0.042455,0.015875,0.372946,2.419116,20.009613,10.416657,3.459208,2.718516,178.022074,5.611426,1.083680,0.027775,0.984882
-0.039681,0.015639,0.366887,3.205747,20.009630,10.416705,3.459353,2.712640,178.018283,5.578965,1.083639,0.027690,0.984813
-0.041208,0.015069,0.346075,2.897018,20.009607,10.416745,3.455724,2.720233,178.016738,5.578158,1.083603,0.027631,0.984763
-0.043195,0.015409,0.369708,3.050709,20.009573,10.416780,3.456739,2.731802,177.978562,5.564678,1.083535,0.027597,0.984713
-0.039563,0.014911,0.366084,3.127913,20.009652,10.416728,3.457204,2.744118,177.970505,5.545563,1.083447,0.027537,0.984644
-0.044923,0.015705,0.343923,2.641907,20.009793,10.416643,3.461356,2.731122,178.060968,5.564945,1.083519,0.027542,0.984672
-0.042593,0.014810,0.355396,3.955993,20.009600,10.416805,3.454067,2.714392,178.118820,5.568306,1.083535,0.027596,0.984714
-0.045433,0.015558,0.344751,2.866742,20.009612,10.416773,3.458942,2.730629,178.042427,5.556116,1.083443,0.027521,0.984657
-0.042136,0.014888,0.373677,2.676341,20.009557,10.416615,3.454935,2.732923,177.933505,5.520653,1.083275,0.027374,0.984505
-0.042317,0.014614,0.369118,2.621194,20.009682,10.416738,3.455396,2.729168,177.874660,5.499894,1.083174,0.027299,0.984444
-0.040743,0.015356,0.357977,2.732891,20.009747,10.416808,3.459001,2.730692,177.826188,5.479833,1.083063,0.027211,0.984313
-0.042078,0.015673,0.338306,3.618750,20.009815,10.416633,3.456806,2.733094,177.878662,5.467642,1.083010,0.027168,0.984285
-0.044961,0.014990,0.328960,2.437315,20.009627,10.416865,3.455530,2.718565,178.089996,5.494636,1.083177,0.027257,0.984409
-0.042594,0.014897,0.329244,2.688283,20.009613,10.416852,3.454410,2.719032,178.255774,5.532119,1.083358,0.027401,0.984566
-0.040976,0.014946,0.362774,2.897246,20.009588,10.333395,3.452915,2.732043,178.401958,5.241921,1.083453,0.026103,0.984669
-0.041755,0.014826,0.377872,2.761171,20.009243,10.333447,3.454043,2.729144,178.490114,5.263769,1.083534,0.026150,0.984733
-0.041219,0.015146,0.337055,2.853664,20.009203,10.333460,3.454725,2.735378,178.556351,5.263333,1.083576,0.026165,0.984768
-0.041009,0.014889,0.359823,2.778692,20.009013,10.333488,3.455768,2.732466,178.610607,5.276705,1.083593,0.026192,0.984798
-0.041609,0.015336,0.373118,3.322760,20.009027,10.333328,3.457318,2.719979,178.645041,5.271831,1.083596,0.026152,0.984796
-0.040466,0.014834,0.342803,3.319540,20.009277,10.333528,3.453030,2.723567,178.605033,5.269634,1.083575,0.026134,0.984755
-0.040795,0.015572,0.351869,4.450903,20.008973,10.333380,3.457552,2.727607,178.327454,5.221881,1.083285,0.025940,0.984502
-0.042952,0.014945,0.366163,2.947876,20.009210,10.416747,3.453651,2.726931,178.097707,5.459422,1.082954,0.027060,0.984229
-0.040683,0.015132,0.378151,2.928700,20.009618,10.416747,3.455412,2.725962,177.927637,5.396765,1.082727,0.026855,0.983983
-0.042242,0.015190,0.392111,2.916358,20.009877,10.416780,3.457521,2.732401,177.808739,5.368192,1.082532,0.026726,0.983830
-0.044438,0.016064,0.359508,2.737498,20.009927,10.499938,3.458986,2.737693,177.734644,5.642723,1.082375,0.027972,0.983694
-0.042635,0.015287,0.357279,2.558792,20.010145,10.500080,3.456684,2.727709,177.712441,5.623331,1.082286,0.027865,0.983595
-0.043012,0.015359,0.388180,2.571071,20.010098,10.500132,3.455665,2.716642,177.651360,5.606395,1.082172,0.027804,0.983522
-0.044210,0.015166,0.374071,2.660460,20.010022,10.500027,3.456212,2.725278,177.647927,5.590313,1.082143,0.027740,0.983460
-0.040951,0.015750,0.369615,2.647808,20.010072,10.500120,3.459276,2.719606,177.664110,5.585589,1.082090,0.027708,0.983440
-0.040134,0.015619,0.384101,2.449840,20.009813,10.500108,3.458413,2.726174,177.666866,5.581331,1.082051,0.027670,0.983421
-0.046365,0.015020,0.369638,2.894605,20.009897,10.499928,3.454841,2.729952,177.682386,5.568230,1.082020,0.027628,0.983368
-0.042011,0.014886,0.372699,3.025880,20.010052,10.500198,3.455194,2.723511,177.679189,5.561094,1.081994,0.027586,0.983318
-0.041057,0.015119,0.380823,3.052846,20.009865,10.500133,3.455363,2.722261,177.740945,5.563109,1.081969,0.027583,0.983329
-0.042163,0.015023,0.310464,3.157287,20.009827,10.499975,3.454746,2.723326,177.835800,5.579738,1.082045,0.027629,0.983366
-0.040050,0.015769,0.393046,3.366711,20.009612,10.500103,3.458454,2.716466,177.838357,5.577446,1.082035,0.027628,0.983369
-0.043185,0.015981,0.371068,2.799835,20.009805,10.500063,3.459019,2.720185,177.739359,5.555752,1.081893,0.027512,0.983259
-0.040067,0.015466,0.369935,2.721862,20.010075,10.500163,3.457548,2.709478,177.623905,5.507161,1.081714,0.027355,0.983102
-0.042977,0.015945,0.374284,2.663787,20.010162,10.500012,3.457137,2.728760,177.509699,5.477453,1.081537,0.027219,0.982956
-0.041141,0.015152,0.388181,2.320048,20.010128,10.500103,3.455722,2.708722,177.460893,5.456157,1.081416,0.027142,0.982842
-0.043730,0.016213,0.379662,2.872544,20.010107,10.500118,3.460966,2.726165,177.549292,5.444569,1.081427,0.027101,0.982800
-0.042615,0.015612,0.373617,2.198605,20.009773,10.410410,3.457976,2.737127,177.789620,5.476458,1.081581,0.027196,0.982944
-0.042094,0.014781,0.394004,2.828759,20.009750,10.499912,3.453895,2.725319,177.972648,5.527284,1.081776,0.027366,0.983122
-0.040610,0.015610,0.371794,3.044876,20.009795,10.416708,3.456663,2.725186,178.107137,5.247629,1.081914,0.026087,0.983228
-0.038853,0.015398,0.369227,2.608853,20.009522,10.416752,3.453939,2.718060,178.182431,5.252349,1.081955,0.026118,0.983298
-0.042571,0.015388,0.375204,3.159979,20.009443,10.416780,3.456176,2.745560,178.232130,5.260106,1.082001,0.026121,0.983316
-0.039752,0.014565,0.374827,2.829511,20.009497,10.416653,3.451599,2.737290,178.255213,5.258758,1.081988,0.026117,0.983351
-0.041799,0.015257,0.372652,2.609287,20.009360,10.416597,3.454693,2.733338,178.256544,5.252003,1.081952,0.026078,0.983315
-0.039527,0.015718,0.368596,2.886033,20.009327,10.416668,3.455709,2.726982,178.084716,5.234278,1.081813,0.025984,0.983188
-0.043599,0.015691,0.355267,2.670954,20.009637,10.499987,3.458455,2.718616,177.810802,5.469988,1.081466,0.027098,0.982871
-0.039591,0.015664,0.378306,2.641512,20.009997,10.500215,3.458644,2.712750,177.588065,5.402161,1.081180,0.026860,0.982617
-0.042777,0.015876,0.379355,2.543525,20.010170,10.583515,3.461373,2.724290,177.442376,5.670444,1.080956,0.028100,0.982406
-0.041838,0.015151,0.369370,2.769049,20.010348,10.583340,3.456611,2.717031,177.356834,5.636226,1.080787,0.027921,0.982262
-0.041304,0.015585,0.373203,2.582868,20.010345,10.583428,3.456827,2.718740,177.300101,5.615320,1.080674,0.027824,0.982139
-0.041381,0.016038,0.415521,2.692780,20.010543,10.583433,3.459840,2.717740,177.268577,5.579357,1.080614,0.027713,0.982053
-0.040247,0.015775,0.401047,2.548405,20.010577,10.583463,3.455971,2.731969,177.245462,5.572738,1.080542,0.027656,0.981987
-0.038823,0.015791,0.395314,2.324417,20.010378,10.583348,3.458001,2.720972,177.230051,5.558933,1.080459,0.027593,0.981940
-0.042719,0.015385,0.389875,2.311578,20.010877,10.583415,3.457025,2.721589,177.237781,5.557892,1.080436,0.027576,0.981899
-0.045533,0.015526,0.379295,2.460035,20.010423,10.583255,3.459652,2.710556,177.280438,5.554587,1.080428,0.027558,0.981889
-0.042911,0.015573,0.408777,3.033029,20.010412,10.583215,3.458115,2.725233,177.294537,5.543324,1.080385,0.027509,0.981848
-0.040574,0.015533,0.390665,2.564497,20.010173,10.583337,3.458546,2.725723,177.331056,5.541679,1.080352,0.027481,0.981855
-0.045969,0.015594,0.358124,3.378874,20.010507,10.583433,3.457281,2.722687,177.439769,5.558042,1.080400,0.027518,0.981862
-0.045869,0.016312,0.380975,2.984651,20.010467,10.583338,3.459935,2.710178,177.539474,5.567122,1.080497,0.027579,0.981923
-0.042887,0.015685,0.399735,3.414509,20.010187,10.583348,3.458223,2.721750,177.488194,5.555665,1.080463,0.027525,0.981891
-0.043430,0.015633,0.352578,2.360062,20.010262,10.583337,3.460082,2.725430,177.347883,5.527938,1.080260,0.027392,0.981783
-0.041740,0.015644,0.383408,2.757755,20.010278,10.583437,3.458237,2.713410,177.223849,5.483921,1.080056,0.027230,0.981572
-0.041731,0.015560,0.398496,3.058475,20.010425,10.583377,3.456231,2.722110,177.111519,5.448505,1.079898,0.027113,0.981421
-0.041381,0.015831,0.389840,2.696905,20.010772,10.666750,3.458903,2.719536,177.077484,5.730429,1.079741,0.028418,0.981314
-0.041735,0.015602,0.386969,2.325224,20.010733,10.583415,3.460009,2.724826,177.257646,5.434079,1.079782,0.027030,0.981343
-0.042033,0.015353,0.405247,2.467022,20.010135,10.583337,3.458493,2.720440,177.469616,5.465795,1.079998,0.027124,0.981509
-0.046029,0.015405,0.381080,2.698358,20.009932,10.583377,3.455583,2.713483,177.627544,5.503232,1.080130,0.027265,0.981642
-0.042507,0.015983,0.378100,2.912164,20.009770,10.583390,3.459250,2.740370,177.722754,5.509174,1.080218,0.027295,0.981694
-0.040473,0.016313,0.389253,2.533397,20.010005,10.500050,3.459523,2.742701,177.773442,5.222494,1.080239,0.025963,0.981724
-0.039275,0.015618,0.346147,2.575110,20.009935,10.500042,3.456212,2.722635,177.816979,5.214089,1.080237,0.025932,0.981727
-0.045662,0.015479,0.358503,2.644584,20.009765,10.583442,3.456035,2.725128,177.778333,5.509994,1.080179,0.027304,0.981673
-0.042619,0.015682,0.368574,3.035581,20.009980,10.583383,3.454285,2.712735,177.731805,5.492957,1.080100,0.027201,0.981601
-0.039348,0.015885,0.364228,2.827063,20.009967,10.583570,3.459584,2.722726,177.462504,5.438426,1.079845,0.027009,0.981392
-0.039347,0.016053,0.378472,3.052501,20.010210,10.583563,3.458838,2.729292,177.209282,5.383150,1.079527,0.026763,0.981112
-0.040242,0.015888,0.391021,2.581752,20.010438,10.666787,3.458708,2.725474,177.030728,5.641093,1.079270,0.027936,0.980880
-0.044497,0.016040,0.384176,3.465945,20.010730,10.666788,3.458595,2.720065,176.917537,5.589714,1.079078,0.027741,0.980678
-0.042883,0.015700,0.375184,2.571881,20.010760,10.666710,3.459685,2.714222,176.836765,5.564865,1.078933,0.027629,0.980567
-0.044354,0.015773,0.402397,1.927858,19.998478,10.666670,3.459226,2.722222,176.817836,5.542072,1.078844,0.027550,0.980483
-0.042454,0.016130,0.406453,2.481369,20.010925,10.666677,3.460619,2.719851,176.811971,5.534638,1.078799,0.027501,0.980426
-0.039997,0.015792,0.397177,2.351886,20.011243,10.666528,3.459352,2.719547,176.800225,5.515339,1.078724,0.027444,0.980369
-0.042235,0.016109,0.408775,2.533792,19.994687,10.666880,3.461334,2.711976,176.816669,5.510498,1.078658,0.027396,0.980303
-0.037254,0.016084,0.417578,2.417935,20.011023,10.666883,3.460474,2.726046,176.792281,5.497642,1.078620,0.027351,0.980267
-0.040108,0.016335,0.401030,1.862765,20.010973,10.666817,3.461937,2.713955,176.800365,5.488986,1.078561,0.027291,0.980205
-0.039035,0.016094,0.397423,2.844711,20.010585,10.666735,3.459381,2.724322,176.839973,5.483949,1.078538,0.027263,0.980192
-0.041798,0.015800,0.393433,2.626113,20.010618,10.666535,3.459856,2.709164,176.874723,5.470854,1.078523,0.027222,0.980162
-0.042809,0.016126,0.405085,2.296897,20.010775,10.666662,3.461673,2.719276,177.017809,5.495961,1.078622,0.027272,0.980239
-0.041028,0.016052,0.392236,2.614496,20.010442,10.666845,3.460843,2.712584,177.029963,5.508709,1.078651,0.027298,0.980268
-0.040152,0.016163,0.416537,2.574398,20.010843,10.666627,3.460801,2.718638,176.874895,5.469145,1.078464,0.027178,0.980151
-0.041889,0.015879,0.389654,2.290924,20.010708,10.666780,3.459779,2.716869,176.758641,5.442303,1.078274,0.027062,0.979984
-0.042267,0.016267,0.372179,3.126186,20.010955,10.750175,3.459517,2.729270,176.685167,5.715299,1.078138,0.028334,0.979857
-0.043679,0.016775,0.405564,2.400676,19.981067,10.750062,3.464851,2.703563,176.641187,5.696200,1.078011,0.028222,0.979757
-0.043716,0.016096,0.400846,2.222513,20.000427,10.750033,3.459842,2.721733,176.686484,5.678991,1.077980,0.028153,0.979687
-0.045872,0.016434,0.380387,2.473495,20.010943,10.750113,3.461435,2.724259,176.860418,5.697660,1.078065,0.028261,0.979783
-0.042340,0.015973,0.352367,2.730761,20.010697,10.666810,3.457985,2.718415,176.996652,5.412825,1.078158,0.026909,0.979864
-0.041877,0.016197,0.401890,2.575110,20.010467,10.666797,3.460708,2.716397,177.043985,5.417433,1.078181,0.026909,0.979885
-0.041192,0.016090,0.385357,2.661455,20.010343,10.666637,3.461069,2.718142,177.133742,5.413272,1.078206,0.026911,0.979901
-0.040201,0.015831,0.403823,3.160972,20.010398,10.666648,3.458805,2.719192,177.149226,5.412950,1.078204,0.026892,0.979885
-0.042485,0.015851,0.419580,3.044637,20.010515,10.666745,3.460297,2.726572,177.157972,5.405336,1.078150,0.026853,0.979853
-0.042085,0.015764,0.392349,2.402452,20.010333,10.666605,3.457095,2.725450,177.167373,5.401421,1.078111,0.026811,0.979806
-0.039962,0.015709,0.407128,2.456499,20.010543,10.666780,3.457229,2.701370,177.099779,5.389447,1.078072,0.026761,0.979762
-0.041276,0.016064,0.377777,2.670802,20.010400,10.750120,3.461284,2.717954,176.873044,5.645123,1.077784,0.027984,0.979541
-0.042530,0.015688,0.404339,2.594842,20.010837,10.750087,3.456834,2.719191,176.678344,5.598050,1.077518,0.027745,0.979302
-0.041518,0.016188,0.412894,2.455886,19.999098,10.749990,3.460160,2.715567,176.562276,5.554824,1.077354,0.027592,0.979139
-0.040904,0.015931,0.400439,2.151795,20.011235,10.750118,3.461622,2.716749,176.478431,5.515595,1.077180,0.027448,0.978975
-0.043622,0.016675,0.383523,2.608452,19.981652,10.749993,3.463675,2.727810,176.440916,5.500625,1.077066,0.027380,0.978881
-0.039957,0.016660,0.401921,2.557050,20.011387,10.749952,3.462458,2.713550,176.384226,5.483386,1.076647,0.027311,0.978821
-0.044234,0.015887,0.386995,2.322691,20.000985,10.833403,3.459718,2.717969,176.394801,5.774723,1.076904,0.028630,0.978752
-0.044603,0.016273,0.408901,2.744937,19.945517,10.833315,3.459850,2.710087,176.376817,5.756919,1.076822,0.028583,0.978689
-0.046449,0.016503,0.424621,2.653287,19.940587,10.833302,3.461095,2.712324,176.325153,5.749407,1.076749,0.028483,0.978573
-0.040450,0.015679,0.407852,2.452328,19.943707,10.833292,3.460045,2.717522,176.131970,5.723316,1.076645,0.028364,0.978483
-0.043761,0.015861,0.417389,2.474160,20.011198,10.833398,3.460346,2.720056,176.254433,5.697202,1.076576,0.028276,0.978409
-0.040845,0.016503,0.423694,2.660564,19.948000,10.833568,3.464056,2.716836,176.250569,5.685055,1.076490,0.028224,0.978334
-0.041813,0.016175,0.399835,3.362299,19.981062,10.833403,3.464737,2.719015,176.244477,5.670524,1.076430,0.028147,0.978262
-0.040984,0.016557,0.418892,2.670028,19.980928,10.833417,3.462987,2.735479,176.208510,5.652300,1.076321,0.028065,0.978209
-0.042733,0.016020,0.400690,2.188466,19.966957,10.833280,3.459143,2.718439,176.202928,5.628895,1.076271,0.028007,0.978139
-0.042695,0.016380,0.424726,2.849123,19.984868,10.833460,3.460525,2.721761,176.186870,5.622155,1.076205,0.027942,0.978071
-0.041403,0.016256,0.406651,2.668435,19.952317,10.833208,3.460503,2.709904,176.134508,5.603053,1.076108,0.027865,0.978018
-0.039755,0.016553,0.415321,2.676930,19.938545,10.833395,3.462834,2.722895,176.101912,5.579258,1.076013,0.027770,0.977883
-0.038144,0.016291,0.416625,2.442388,19.965887,10.833443,3.461292,2.718662,176.099111,5.569613,1.075933,0.027709,0.977838
-0.043787,0.016144,0.404786,2.465751,19.977303,10.833418,3.461748,2.709179,176.331573,5.589720,1.076062,0.027776,0.977906
-0.040963,0.016425,0.427838,2.621706,20.007423,10.833393,3.461363,2.727345,176.607416,5.634802,1.076288,0.027935,0.978093
-0.040675,0.016282,0.404934,2.518917,20.010773,10.750098,3.460218,2.737117,176.824182,5.367700,1.076494,0.026686,0.978275
-0.040437,0.015948,0.394601,2.583071,20.010412,10.750045,3.459147,2.723854,177.011532,5.407372,1.076618,0.026806,0.978444
-0.041160,0.015318,0.381408,2.328752,20.010093,10.750137,3.455748,2.730801,177.127044,5.430212,1.076714,0.026874,0.978540
-0.041706,0.016187,0.357498,2.613992,20.010317,10.750007,3.459918,2.731731,177.215770,5.434011,1.076779,0.026920,0.978566
-0.042944,0.016479,0.386821,2.903839,20.010122,10.750010,3.460024,2.735233,177.229546,5.439256,1.076789,0.026928,0.978575
-0.040507,0.015631,0.376584,2.567989,20.010065,10.750130,3.455613,2.731524,177.199903,5.431537,1.076712,0.026890,0.978537
-0.039291,0.015648,0.384810,2.966164,20.010305,10.750195,3.456362,2.714078,176.943388,5.388124,1.076506,0.026688,0.978356
-0.039759,0.016285,0.405009,2.728510,20.010465,10.750027,3.463115,2.728111,176.606790,5.302875,1.076106,0.026413,0.978002
-0.042549,0.015833,0.396967,2.517674,20.009853,10.833433,3.458825,2.725206,176.337976,5.541474,1.075740,0.027487,0.977692
-0.040526,0.016897,0.437453,2.442775,19.994782,10.833535,3.463924,2.719748,176.179224,5.480138,1.075468,0.027259,0.977405
-0.043577,0.016476,0.405673,2.449462,19.939450,10.916723,3.462007,2.725742,176.075788,5.758800,1.075289,0.028558,0.977275
-0.042380,0.016769,0.410368,2.421027,19.951305,10.916650,3.462206,2.729285,176.018981,5.737203,1.075174,0.028423,0.977127
-0.043034,0.015930,0.386698,2.964528,19.965958,10.916905,3.458843,2.724872,175.976584,5.704579,1.075049,0.028302,0.977038
-0.042955,0.016757,0.501753,2.142689,19.732728,11.166680,3.466396,2.730997,174.710196,6.306777,1.073442,0.031378,0.975651
-0.041589,0.017177,0.461190,2.309321,19.724553,11.083373,3.464538,2.715068,174.228614,5.953074,1.073228,0.029664,0.975444
-0.045188,0.017663,0.503119,2.125452,19.596962,11.416650,3.470044,2.693474,172.091973,6.687603,1.070852,0.033350,0.973276
-0.047058,0.017831,0.556591,1.965889,19.426347,11.500018,3.473160,2.718500,174.484702,7.035002,1.071297,0.035073,0.973461
-0.038852,0.017451,0.474000,2.120624,19.757527,11.083337,3.466944,2.720111,173.858031,5.856019,1.072676,0.029188,0.974967
-0.041564,0.015861,0.382928,2.662580,19.835998,10.916787,3.460799,2.706096,175.244775,5.525491,1.074234,0.027389,0.976208
-0.044345,0.016841,0.432064,2.452333,19.825860,11.083325,3.463823,2.711245,174.728550,5.927497,1.073202,0.029490,0.975303
-0.041168,0.017500,0.464518,2.105229,19.816233,11.083537,3.466866,2.719701,174.717011,5.903303,1.073073,0.029369,0.975172
-0.041742,0.017167,0.456288,2.100858,19.816593,11.083422,3.465609,2.716019,174.754393,5.894917,1.073032,0.029354,0.975185
-0.043146,0.017140,0.447457,2.479563,19.807305,11.083440,3.466504,2.715550,174.779526,5.887312,1.072987,0.029316,0.975133
-0.041134,0.016764,0.449502,2.386135,19.836608,11.083240,3.465393,2.700693,174.827879,5.877212,1.072894,0.029238,0.975085
-0.041369,0.016864,0.465704,2.418789,19.793393,11.083388,3.465456,2.725747,174.828079,5.859830,1.072799,0.029181,0.975002
-0.041627,0.016864,0.463543,2.198732,19.760868,11.083293,3.465663,2.712023,174.706810,5.833637,1.072564,0.029069,0.974877
-0.042042,0.017127,0.476694,2.453870,19.761817,11.083533,3.468278,2.721788,174.780501,5.837072,1.072623,0.029026,0.974841
-0.040595,0.017553,0.422812,2.285310,19.825742,11.083518,3.468029,2.700365,174.924440,5.842904,1.072737,0.029050,0.974882
-0.040431,0.017194,0.452817,1.978108,19.844075,11.083377,3.464171,2.719308,175.056355,5.850825,1.072805,0.029094,0.974960
-0.041207,0.017407,0.434522,2.188841,19.832128,11.083438,3.468594,2.702742,175.142840,5.873792,1.072851,0.029150,0.975012
-0.044483,0.016226,0.417130,2.242062,19.862052,11.083335,3.462259,2.726584,175.206537,5.881853,1.072847,0.029137,0.975009
-0.043649,0.016629,0.440850,2.294059,19.886070,11.083392,3.463946,2.714501,175.247722,5.873465,1.072862,0.029123,0.975000
-0.043561,0.017442,0.439309,2.310562,19.910888,11.083398,3.465944,2.719233,175.294892,5.876516,1.072853,0.029119,0.975000
-0.046969,0.017095,0.409800,2.497599,19.817502,10.522043,3.465226,2.706774,175.256342,5.808067,1.072550,0.028820,0.974726
-0.042957,0.016597,0.422828,2.196677,19.870950,11.083445,3.462604,2.710741,175.024812,5.809328,1.072541,0.028864,0.974732
-0.041778,0.017350,0.456432,2.110250,19.865088,11.166790,3.466868,2.702937,174.757688,6.045851,1.072184,0.030014,0.974441
-0.041714,0.016906,0.450029,2.174184,19.773622,11.166697,3.466088,2.714472,174.566751,5.991203,1.071870,0.029741,0.974168
-0.043058,0.017256,0.479127,2.086591,19.763182,11.166738,3.468906,2.704850,174.553687,5.955284,1.071726,0.029616,0.974021
-0.042143,0.016834,0.472710,2.293496,19.731777,11.166668,3.466472,2.704981,174.537879,5.920751,1.071601,0.029504,0.973927
-0.043445,0.017622,0.469820,2.128549,19.741590,11.166802,3.469422,2.689736,174.518432,5.913853,1.071525,0.029420,0.973841
-0.042482,0.018017,0.410492,2.242018,19.738277,11.166750,3.469565,2.708910,174.478651,5.891588,1.071443,0.029343,0.973753
-0.040144,0.017791,0.465543,2.117662,19.745337,11.166843,3.469239,2.719853,174.449929,5.872353,1.071352,0.029247,0.973654
-0.039885,0.017245,0.438664,2.182214,19.790272,11.166775,3.467183,2.706271,174.439008,5.856001,1.071287,0.029193,0.973624
-0.042816,0.017497,0.465428,2.277614,19.737208,11.250033,3.467056,2.705566,174.419057,6.147174,1.071180,0.030529,0.973510
-0.042885,0.017042,0.474763,2.389890,19.774042,11.250177,3.463122,2.713700,174.417388,6.125187,1.071120,0.030450,0.973450
-0.042256,0.017293,0.452491,2.435557,19.768628,11.249982,3.465540,2.717351,174.415484,6.115260,1.071030,0.030385,0.973403
-0.044431,0.017512,0.466427,2.192307,19.778525,11.250085,3.466118,2.711785,174.458530,6.113927,1.071015,0.030345,0.973337
-0.041088,0.016894,0.465338,2.288259,19.773990,11.166822,3.465095,2.726332,174.497059,5.795828,1.070994,0.028905,0.973327
-0.040826,0.017758,0.470572,2.445262,19.792248,11.166912,3.468541,2.717551,174.483370,5.796468,1.070961,0.028854,0.973270
-0.044338,0.017314,0.442679,2.147772,19.800713,11.250008,3.467836,2.698362,174.366850,6.065863,1.070816,0.030145,0.973158
-0.044704,0.017377,0.468733,2.327981,19.797163,11.250075,3.465328,2.708816,174.420278,6.082210,1.070855,0.030199,0.973208
-0.044143,0.017153,0.466199,2.634583,19.790393,11.250068,3.464605,2.705366,174.381861,6.066904,1.070788,0.030133,0.973139
-0.043937,0.017148,0.468305,2.179829,19.786645,11.185028,3.464466,2.706942,174.347490,6.043780,1.070689,0.030018,0.973038
-0.040342,0.017200,0.475535,2.299173,19.769563,11.250057,3.466281,2.716443,174.345379,6.023298,1.070523,0.029894,0.972915
-0.039260,0.016932,0.472375,2.515196,19.792522,11.250042,3.464433,2.706212,174.405682,5.986293,1.070440,0.029761,0.972809
-0.041032,0.017062,0.456424,2.444773,19.789577,11.250108,3.465609,2.708495,174.518842,5.996325,1.070478,0.029787,0.972838
-0.042446,0.017531,0.458945,2.514091,19.790317,11.250068,3.465595,2.715460,174.599550,6.004504,1.070493,0.029814,0.972839
-0.040234,0.017596,0.469568,2.153164,19.809377,11.250187,3.468472,2.710659,174.643844,6.002080,1.070485,0.029794,0.972834
-0.044812,0.017268,0.460449,2.171793,19.816315,11.250135,3.466652,2.718569,174.651021,5.996938,1.070452,0.029773,0.972806
-0.041266,0.017084,0.465114,2.396307,19.823628,11.249217,3.464866,2.695984,174.603973,5.977340,1.070354,0.029667,0.972739
-0.041522,0.017166,0.472228,2.005919,19.795927,11.250122,3.465794,2.718684,174.569150,5.946290,1.070229,0.029518,0.972596
-0.039410,0.017576,0.463808,3.170804,19.870755,11.250108,3.469501,2.699426,174.454431,5.936334,1.070164,0.029439,0.972505
-0.042054,0.017818,0.454817,2.197598,19.774710,11.250093,3.470071,2.714061,174.167694,5.876011,1.069792,0.029239,0.972266
-0.039907,0.017303,0.473013,2.395322,19.791742,11.250133,3.466494,2.694238,174.114032,5.843625,1.069686,0.029112,0.972140
-0.039760,0.017349,0.494437,1.869681,19.776167,11.250037,3.467291,2.722579,174.085813,5.822149,1.069574,0.029012,0.972036
-0.043924,0.017912,0.462753,1.786186,19.783035,11.333325,3.468189,2.714598,174.068118,6.104322,1.069456,0.030330,0.971936
-0.044345,0.018110,0.481961,2.255221,19.749335,11.333428,3.469125,2.710938,174.059431,6.084816,1.069331,0.030221,0.971830
-0.041778,0.017838,0.468662,2.133754,19.763977,11.416863,3.469507,2.716428,174.048569,6.048206,1.069253,0.030022,0.970245
-0.040490,0.017546,0.449634,3.052892,19.752732,11.333387,3.467019,2.700562,174.026040,6.034606,1.069081,0.029985,0.971597
-0.041714,0.017704,0.482996,2.393239,19.754847,11.333422,3.469031,2.714451,173.994757,6.013869,1.068976,0.029881,0.971497
-0.041858,0.017098,0.467318,2.193368,19.736220,11.333363,3.466047,2.696541,173.952335,5.980275,1.068852,0.029769,0.971408
-0.041319,0.016937,0.458995,2.342936,19.722298,11.333290,3.463753,2.710125,173.930533,5.970536,1.068759,0.029700,0.971326
-0.038538,0.017488,0.456774,2.189264,19.752765,11.333365,3.468235,2.709340,173.891389,5.949645,1.068702,0.029612,0.971245
-0.040083,0.017579,0.469032,1.864529,19.717298,11.333305,3.466710,2.710473,173.873058,5.936563,1.068577,0.029519,0.971146
-0.040784,0.017236,0.472064,2.227373,19.761385,11.174655,3.464414,2.710468,173.898383,5.894740,1.068453,0.029364,0.971001
-0.039677,0.017811,0.486559,2.195570,19.737270,11.333488,3.468191,2.703837,173.996697,5.910690,1.068521,0.029429,0.971092
-0.043377,0.017087,0.494350,2.834762,19.772473,11.225002,3.466475,2.714307,173.962375,5.896491,1.068431,0.029338,0.970987
-0.039416,0.017764,0.495381,1.881185,19.729285,10.978733,3.468431,2.693909,173.852216,5.833311,1.068109,0.029081,0.970721
-0.045573,0.018300,0.483104,2.043473,19.698085,10.479543,3.470297,2.713881,173.860766,5.773162,1.067807,0.028778,0.970430
-0.045539,0.017561,0.486248,2.219855,19.696668,10.761010,3.467364,2.703005,173.848232,6.091101,1.067796,0.030228,0.970455
-0.041835,0.018160,0.463026,2.237601,19.759373,11.416783,3.469156,2.712338,173.879324,6.137993,1.068067,0.030504,0.970694
-0.043067,0.017441,0.502926,2.154075,19.730510,11.416773,3.468359,2.712818,173.795605,6.097509,1.067811,0.030272,0.970492
-0.040603,0.017332,0.462902,2.166478,19.738082,11.416688,3.465739,2.704205,174.021869,6.106490,1.067935,0.030318,0.970544
-0.041835,0.018008,0.488028,2.444108,19.805637,11.333462,3.468676,2.718076,174.231654,5.833086,1.068121,0.028999,0.970683
-0.041200,0.016756,0.447128,2.154310,19.812565,11.333488,3.463615,2.693021,174.354748,5.838615,1.068181,0.029026,0.970775
-0.039410,0.017212,0.491944,2.453854,19.820993,11.333543,3.465611,2.707823,174.429417,5.856658,1.068198,0.029068,0.970780
-0.040453,0.017558,0.463002,2.597855,19.844572,11.333448,3.465554,2.704433,174.450380,5.848771,1.068168,0.029033,0.970752
-0.040976,0.016747,0.462672,2.161518,19.840648,11.333480,3.461673,2.717983,174.469931,5.841567,1.068155,0.028986,0.970714
-0.038006,0.016990,0.456316,2.210602,19.822098,11.333350,3.464159,2.717830,174.458061,5.823885,1.068040,0.028913,0.970640
-0.038088,0.017625,0.456737,2.486401,19.811278,11.333313,3.465818,2.714042,174.256848,5.787385,1.067879,0.028768,0.970484
-0.041005,0.017755,0.470951,2.221219,19.768542,11.416713,3.468000,2.720891,173.913216,6.024421,1.067460,0.029908,0.970181
-0.039291,0.017735,0.507406,1.888477,19.734705,11.416703,3.467843,2.703331,173.622458,5.935165,1.067071,0.029541,0.969774
-0.038967,0.018281,0.469206,2.131193,19.767953,11.416805,3.473042,2.716870,173.629758,5.917239,1.067008,0.029454,0.969703
-0.041051,0.018043,0.494981,2.280314,19.735492,11.416622,3.469318,2.711147,173.613576,5.888174,1.066814,0.029336,0.969552
-0.044353,0.017829,0.490057,2.299654,19.701682,11.500115,3.466834,2.710418,173.588720,6.171952,1.066666,0.030647,0.969445
-0.041155,0.017811,0.477317,2.186953,19.732897,11.499973,3.468173,2.711175,173.594588,6.143923,1.066573,0.030503,0.969316
-0.042021,0.017287,0.507246,2.085104,19.706630,11.500098,3.467859,2.698909,173.540170,6.128729,1.066438,0.030407,0.969226
-0.039749,0.017995,0.502989,2.049477,19.718323,11.500025,3.468599,2.704062,173.521850,6.102176,1.066350,0.030302,0.969120
-0.041029,0.017928,0.499555,1.947429,19.707308,11.500102,3.471341,2.705246,173.454639,6.071054,1.066250,0.030199,0.969033
-0.039818,0.017708,0.481567,1.874456,19.681807,11.500030,3.468820,2.711518,173.451239,6.055918,1.066151,0.030130,0.968967
-0.041471,0.017604,0.530198,1.956544,19.734332,11.500182,3.467099,2.705331,173.430533,6.035664,1.066045,0.030021,0.968858
-0.041668,0.018256,0.518401,2.020774,19.705722,11.500162,3.470662,2.726796,173.436323,6.024307,1.065970,0.029967,0.968806
-0.040279,0.018190,0.491564,2.100069,19.710630,11.500018,3.469064,2.708826,173.393922,5.983448,1.065835,0.029825,0.968679
-0.037870,0.017642,0.503633,2.181840,19.715457,11.500092,3.466410,2.705630,173.445483,5.982414,1.065792,0.029776,0.968647
-0.042217,0.018314,0.487843,2.049695,19.704207,11.500022,3.470788,2.711539,173.396219,5.966358,1.065692,0.029698,0.968558
-0.039581,0.018145,0.520239,2.294186,19.720657,11.500077,3.468060,2.720505,173.404382,5.933478,1.065609,0.029575,0.968411
-0.041936,0.018334,0.518828,2.156586,19.751573,11.499943,3.471600,2.709385,173.471868,5.939356,1.065584,0.029584,0.968426
-0.039331,0.018765,0.515259,2.156519,19.711095,11.500030,3.471444,2.704666,173.489311,5.936462,1.065488,0.029554,0.968405
-0.044472,0.018513,0.484522,2.163959,19.733848,11.583413,3.471489,2.709054,173.401183,6.159342,1.065346,0.030604,0.968043
-0.044313,0.018321,0.481569,2.076989,19.690613,11.583403,3.471220,2.732318,173.387921,6.172212,1.065181,0.030668,0.968082
-0.041585,0.018503,0.500532,2.188380,19.738887,11.500143,3.469922,2.712798,173.530231,5.876744,1.065240,0.029245,0.968115
-0.042243,0.017850,0.478921,2.466591,19.775563,11.500117,3.467616,2.715919,173.663024,5.877788,1.065302,0.029257,0.968146
-0.040072,0.017092,0.469039,2.457993,19.764115,11.499983,3.464134,2.732178,173.746979,5.883196,1.065320,0.029266,0.968174
-0.039776,0.017503,0.471817,2.311847,19.799860,11.500013,3.465148,2.706337,173.763470,5.883026,1.065277,0.029227,0.968136
-0.046935,0.017952,0.484399,2.064384,19.739793,10.805607,3.469218,2.708355,173.706134,5.799039,1.064878,0.028838,0.967784
-0.040401,0.017779,0.495417,2.158377,19.739047,11.500005,3.466905,2.718244,173.685177,5.829691,1.065035,0.029015,0.967925
-0.039217,0.018497,0.482826,2.322124,19.749087,11.500147,3.469513,2.706498,173.654279,5.811804,1.064952,0.028938,0.967821
-0.041737,0.018273,0.497114,2.011994,19.769700,11.583380,3.469224,2.717758,173.355495,6.072436,1.064685,0.030176,0.967656
-0.041138,0.017895,0.468007,2.458395,19.694792,11.583437,3.467195,2.713239,173.182973,6.009182,1.064338,0.029887,0.967339
-0.039980,0.018357,0.520992,2.157264,19.707463,11.583335,3.469087,2.705444,173.193126,5.995448,1.064290,0.029818,0.967298
-0.046205,0.018278,0.503245,2.048359,19.643973,10.367718,3.467885,2.712513,173.094181,5.852486,1.063597,0.029115,0.966626
-0.040375,0.018620,0.519753,1.989462,19.653825,11.583318,3.470583,2.708629,173.155419,5.933119,1.063948,0.029530,0.966982
-0.038748,0.017815,0.514812,1.934817,19.685782,11.583337,3.468747,2.712769,173.193189,5.903767,1.063863,0.029445,0.966892
-0.040137,0.018278,0.511810,1.824263,19.703153,11.666403,3.470716,2.707546,173.212055,6.199668,1.063782,0.030800,0.966808
-0.042157,0.018542,0.519713,1.953353,19.754540,11.666750,3.471782,2.706358,173.197461,6.187116,1.063743,0.030746,0.966774
-0.040981,0.018357,0.510246,1.961061,19.765382,11.666750,3.471008,2.702961,173.153928,6.177847,1.063662,0.030690,0.966697
-0.042044,0.018719,0.521061,2.084833,19.691393,11.666722,3.473812,2.702559,173.117235,6.152087,1.063518,0.030555,0.966578
-0.039194,0.018271,0.525735,2.089870,19.710228,11.666770,3.469824,2.700960,173.094518,6.123049,1.063401,0.030409,0.966452
-0.044803,0.017951,0.526223,1.944655,19.705813,11.666780,3.468386,2.712244,173.049992,6.095055,1.063269,0.030285,0.966328
-0.038063,0.017845,0.489642,1.929767,19.718785,11.666758,3.466971,2.713210,173.019452,6.071207,1.063145,0.030169,0.966233
-0.038630,0.017887,0.470954,2.028655,19.702845,11.459548,3.471080,2.699816,172.923592,6.005647,1.062862,0.029888,0.965933
-0.039458,0.018956,0.507853,2.149074,19.672202,11.666718,3.473016,2.712774,172.907151,6.000602,1.062848,0.029882,0.965922
-0.040705,0.018313,0.479552,2.044931,19.694268,11.666788,3.470953,2.719345,172.982202,6.001273,1.062887,0.029873,0.965956
-0.041035,0.017850,0.490446,1.938684,19.730152,11.666832,3.468761,2.701506,173.001001,6.005981,1.062851,0.029864,0.965947
-0.038567,0.018308,0.511888,1.963043,19.755988,11.666717,3.468846,2.707875,172.949759,5.982897,1.062744,0.029772,0.965852
-0.038968,0.018470,0.525915,2.037522,19.760297,11.666740,3.469615,2.718434,172.950509,5.956661,1.062609,0.029648,0.965723
-0.042505,0.018550,0.512266,2.186607,19.712563,11.666747,3.469529,2.721556,172.809313,5.934723,1.062405,0.029526,0.965605
-0.041755,0.018765,0.505584,2.238152,19.716018,11.750153,3.471256,2.692426,172.723956,6.174312,1.062143,0.030683,0.965309
-0.042538,0.019160,0.503597,2.068965,19.710602,11.750140,3.471647,2.689525,172.765711,6.163049,1.062061,0.030600,0.965256
-0.040786,0.018378,0.520653,1.950881,19.687833,11.750025,3.469727,2.713546,172.784905,6.147636,1.061985,0.030533,0.965170
-0.041948,0.019212,0.509980,2.023746,19.715083,11.750167,3.472882,2.704812,172.788514,6.129809,1.061900,0.030436,0.965111
-0.041679,0.018776,0.526470,2.050470,19.714417,11.750238,3.471941,2.695661,172.755093,6.108768,1.061770,0.030326,0.964979
-0.040232,0.018293,0.528671,2.016350,19.698897,11.749980,3.469732,2.700267,172.674538,6.068295,1.061635,0.030186,0.964845
-0.042235,0.018757,0.536912,2.134934,19.673042,11.147385,3.471539,2.715439,172.616869,5.992862,1.061208,0.029797,0.964467
-0.043075,0.018452,0.528675,1.971940,19.715892,11.536212,3.469873,2.711124,172.658167,6.000186,1.061310,0.029871,0.964555
-0.040846,0.018855,0.535012,2.048313,19.713030,11.750180,3.471201,2.707903,172.697413,6.020006,1.061315,0.029943,0.964619
-0.045258,0.018537,0.535480,1.735062,19.623637,10.765245,3.470818,2.715784,172.638898,5.899302,1.060740,0.029361,0.964080
-0.035836,0.018763,0.477169,2.988967,19.752938,11.750112,3.470963,2.698988,172.649925,5.950089,1.061030,0.029652,0.964313
-0.040702,0.018732,0.534506,1.957183,19.698363,11.750183,3.472527,2.711266,172.645625,5.944635,1.060941,0.029616,0.964296
-0.042244,0.018955,0.523959,1.908930,19.677452,11.833598,3.470763,2.704208,172.634122,6.213191,1.060784,0.030893,0.964128
-0.039678,0.018945,0.538354,2.352660,19.723680,11.832647,3.469456,2.709529,172.621724,6.184940,1.060661,0.030743,0.963978
-0.037990,0.018673,0.532193,2.141636,19.732378,11.833523,3.471063,2.696338,172.584849,6.172190,1.060540,0.030656,0.963902
-0.039648,0.018739,0.528776,1.994398,19.671253,11.728463,3.471000,2.714581,172.551450,6.124744,1.060323,0.030440,0.963684
-0.041738,0.018448,0.552864,2.067680,19.682575,11.833392,3.470244,2.713583,172.482062,6.093492,1.060212,0.030317,0.963594
-0.039900,0.018818,0.525500,2.039199,19.691213,11.833383,3.471802,2.721199,172.434428,6.067833,1.060080,0.030209,0.963491
-0.037133,0.018972,0.543748,1.842562,19.762620,11.833418,3.472582,2.684716,172.386868,6.030932,1.059959,0.030043,0.963317
-0.040048,0.018846,0.533529,2.021808,19.731872,11.833323,3.470901,2.707566,172.375068,6.026628,1.059800,0.029973,0.963214
-0.040580,0.018690,0.542659,2.230451,19.772392,11.833237,3.472368,2.694051,172.321391,5.987675,1.059678,0.029831,0.963086
-0.041343,0.019478,0.551042,2.055714,19.691335,11.916817,3.472210,2.714650,172.298131,6.259810,1.059534,0.031122,0.962951
-0.039320,0.019045,0.520833,2.060622,19.691700,11.916628,3.472642,2.708105,172.281642,6.247248,1.059402,0.031039,0.962857
-0.041635,0.018958,0.539912,1.944019,19.717360,11.916603,3.470293,2.706287,172.268613,6.209389,1.059253,0.030868,0.962707
-0.041525,0.019019,0.537622,2.281757,19.710562,11.796247,3.474170,2.710029,172.327782,6.199817,1.059139,0.030798,0.962640
-0.042948,0.019301,0.523437,2.144568,19.715310,11.427437,3.471983,2.700471,172.296225,6.148101,1.058903,0.030553,0.962412
-0.041406,0.019217,0.533860,1.871896,19.715910,11.474223,3.472196,2.706202,172.278979,6.126385,1.058785,0.030432,0.962309
-0.044436,0.018799,0.571642,1.879075,19.647775,10.806127,3.470714,2.700434,172.136615,6.017300,1.058227,0.029908,0.961820
-0.039606,0.018534,0.523959,1.861308,19.653275,11.396542,3.468432,2.699458,172.114970,6.018338,1.058253,0.029938,0.961801
-0.039329,0.018776,0.531977,1.883138,19.779687,11.893725,3.470670,2.704153,172.265194,6.047389,1.058485,0.030095,0.961971
-0.041092,0.018889,0.562364,1.741805,19.725667,11.916797,3.472285,2.720844,172.303695,6.049853,1.058438,0.030093,0.961985
-0.038366,0.018562,0.530396,1.905636,19.794333,11.916592,3.467969,2.705164,172.312706,6.031033,1.058392,0.030007,0.961906
-0.040573,0.019351,0.546170,1.926049,19.760285,11.916932,3.474825,2.704344,172.272045,6.009914,1.058238,0.029877,0.961772
-0.039400,0.019155,0.560812,1.865021,19.753697,11.916768,3.473226,2.716736,172.179565,5.977558,1.058065,0.029743,0.961608
-0.041840,0.019486,0.540258,1.851471,19.706858,12.000162,3.473342,2.718149,172.083249,6.237509,1.057840,0.031005,0.961444
-0.037983,0.019787,0.541783,1.828166,19.705952,12.000143,3.474957,2.724227,171.996498,6.202927,1.057648,0.030800,0.961244
-0.036979,0.019187,0.549662,1.697076,19.754613,12.000050,3.471969,2.706253,172.045258,6.194817,1.057591,0.030754,0.961206
-0.038295,0.019177,0.521823,2.132462,19.750355,12.000098,3.470941,2.710142,172.043830,6.176532,1.057453,0.030683,0.961127
-0.041439,0.019145,0.514854,2.631216,19.727662,11.738268,3.471316,2.714166,172.006666,6.116511,1.057223,0.030420,0.960914
-0.039607,0.019135,0.561102,1.796485,19.758488,11.797793,3.470195,2.699487,172.010972,6.109419,1.057140,0.030343,0.960816
-0.039090,0.019052,0.546398,1.938931,19.713385,11.999960,3.472468,2.730965,172.004446,6.081763,1.057039,0.030256,0.960726
-0.037552,0.019424,0.558142,2.021051,19.732310,12.000067,3.472006,2.716901,171.956010,6.039964,1.056819,0.030076,0.960534
-0.043465,0.019336,0.562083,1.989487,19.693140,11.224435,3.471135,2.712461,171.926029,5.950398,1.056360,0.029616,0.960118
-0.038693,0.019697,0.568007,1.893333,19.758873,12.083253,3.476967,2.685614,171.881766,6.280491,1.056497,0.031213,0.960248
-0.038559,0.019681,0.548463,1.820222,19.717340,12.083313,3.476215,2.703816,171.863937,6.242606,1.056326,0.031069,0.960123
-0.039464,0.020104,0.573228,1.841134,19.721125,12.083397,3.478169,2.708685,171.837613,6.210085,1.056213,0.030897,0.959958
-0.039061,0.019283,0.540161,1.812306,19.738245,12.083398,3.471315,2.683809,171.790146,6.181195,1.056029,0.030718,0.959822
-0.038722,0.019423,0.528233,1.893094,19.740418,12.083337,3.471259,2.719775,171.763051,6.139007,1.055868,0.030522,0.959618
-0.040565,0.019094,0.549263,1.862346,19.725058,12.083363,3.467566,2.710193,171.667632,6.116948,1.055655,0.030430,0.959521
-0.039790,0.019877,0.565017,2.005433,19.713573,12.083493,3.472935,2.696659,171.588305,6.067020,1.055471,0.030217,0.959311
-0.040270,0.019617,0.521397,1.950861,19.699832,11.541850,3.473551,2.682592,171.631872,6.000727,1.055143,0.029890,0.958979
-0.039369,0.019524,0.567271,2.110333,19.700073,12.039305,3.475035,2.702337,171.692264,6.026091,1.055208,0.030014,0.959110
-0.040862,0.019853,0.580971,1.831194,19.699910,11.685603,3.472648,2.708159,171.712664,5.986239,1.055004,0.029798,0.958884
-0.038325,0.019589,0.578764,2.004265,19.739512,12.136815,3.471645,2.706365,171.464164,6.274365,1.053695,0.031177,0.958815
-0.051297,0.019496,0.569794,2.012406,19.657033,10.484123,3.472220,2.720927,171.524499,6.101225,1.054002,0.030262,0.957971
-0.039217,0.019745,0.543655,2.345755,19.694660,12.166748,3.472839,2.700903,171.433221,6.344299,1.054353,0.030694,0.958358
-0.038383,0.019863,0.525662,1.929842,19.714577,11.618562,3.472000,2.720664,171.312619,6.061003,1.053935,0.030202,0.957896
-0.038936,0.020202,0.569081,1.844100,19.722580,12.166718,3.475208,2.686416,171.375870,6.090374,1.054019,0.030322,0.958015
-0.040318,0.019752,0.582116,1.701995,19.759880,12.166850,3.474546,2.702772,171.397724,6.065695,1.053908,0.030206,0.957906
-0.039158,0.019625,0.581835,1.987333,19.691603,12.090745,3.470402,2.696528,171.371741,6.027261,1.053723,0.030033,0.957708
-0.039037,0.019551,0.581801,1.764775,19.750187,12.249938,3.474229,2.700097,171.331211,6.296077,1.053590,0.031317,0.957558
-0.040088,0.020062,0.559602,1.925926,19.702038,11.815355,3.474165,2.717226,171.248371,6.234949,1.053208,0.030982,0.957242
-0.043245,0.019540,0.587783,1.822971,19.718042,11.810460,3.473894,2.696796,171.177313,6.185905,1.052956,0.030755,0.957045
-0.041955,0.020017,0.540585,1.981877,19.706503,11.708445,3.470759,2.687371,171.108473,6.128769,1.052740,0.030506,0.956815
-0.043691,0.019349,0.602809,1.861334,19.656697,11.315317,3.472126,2.697811,171.160146,6.089755,1.052469,0.030296,0.956611
-0.045311,0.020270,0.592198,1.855558,19.646618,11.076667,3.474972,2.699848,171.161066,6.030676,1.052182,0.030021,0.956353
-0.036933,0.019617,0.559569,1.862258,19.729775,12.169772,3.469844,2.703581,171.170351,6.077253,1.052433,0.030289,0.956587
-0.039461,0.019935,0.572632,1.850568,19.688428,11.794555,3.471727,2.697367,171.119966,6.037030,1.052154,0.030058,0.956364
-0.047352,0.020257,0.588249,1.797179,19.609497,10.354343,3.474534,2.687691,171.042183,5.870425,1.051345,0.029227,0.955599
-0.047078,0.020416,0.586268,1.790371,19.645177,11.236912,3.473313,2.705889,171.043364,6.194384,1.051378,0.030762,0.955643
-0.042612,0.020416,0.588912,1.810866,19.653057,11.344317,3.475237,2.709007,171.004814,6.167280,1.051272,0.030631,0.955536
-0.040674,0.020136,0.621110,1.676143,19.711205,12.291790,3.473533,2.691136,171.006128,6.204893,1.051498,0.030844,0.955736
-0.042186,0.020037,0.590493,1.900162,19.690425,11.720080,3.473699,2.698783,170.916416,6.105411,1.051027,0.030387,0.955284
-0.051509,0.020313,0.577858,1.730505,19.579200,10.106627,3.476196,2.706097,170.804296,5.928664,1.050135,0.029490,0.954454
-0.041622,0.020259,0.609158,1.828166,19.681917,11.623365,3.472174,2.669046,170.824681,6.010838,1.050552,0.029966,0.954864
-0.041635,0.020779,0.564946,1.894801,19.673337,11.813788,3.476433,2.681220,170.827918,6.283629,1.050384,0.031240,0.954720
-0.039240,0.020919,0.594723,1.681702,19.728180,12.416722,3.477731,2.694819,170.822038,6.298252,1.050423,0.031316,0.954765
-0.040799,0.020240,0.606103,1.801710,19.697670,12.416698,3.474577,2.702328,170.818143,6.268058,1.050253,0.031177,0.954639
-0.042159,0.020073,0.607815,1.783479,19.688072,12.178145,3.473551,2.688304,170.806393,6.222636,1.050043,0.030955,0.954436
-0.039945,0.020398,0.607213,1.665338,19.742965,12.416713,3.472817,2.691146,170.767572,6.199509,1.049928,0.030845,0.954325
-0.054071,0.021303,0.618888,1.706059,19.628498,10.169475,3.479817,2.693657,170.618392,5.967722,1.048805,0.029711,0.953283
-0.036430,0.020675,0.615751,1.670747,19.719552,12.416613,3.475650,2.702798,170.675299,6.112002,1.049432,0.030449,0.953914
-0.039802,0.021068,0.480869,1.677836,19.715705,12.185510,3.476429,2.700060,170.659639,6.064445,1.049293,0.030260,0.953766
-0.040478,0.021212,0.588339,1.812525,19.693523,12.151732,3.478881,2.700491,170.401530,6.285948,1.048800,0.031258,0.953335
-0.038514,0.020809,0.613089,1.889725,19.746135,12.499970,3.474407,2.700146,170.304174,6.224063,1.048586,0.031014,0.953089
-0.037430,0.020818,0.592651,1.821699,19.692843,12.265252,3.475519,2.703536,170.316474,6.175411,1.048310,0.030762,0.952852
-0.038392,0.020783,0.643231,1.634314,19.773958,12.322827,3.475210,2.700250,170.382145,6.142169,1.048186,0.030612,0.952692
-0.042157,0.020674,0.611953,1.718909,19.648608,11.186890,3.475976,2.706852,170.349206,6.025742,1.047556,0.029998,0.952145
-0.043489,0.020801,0.605387,1.767863,19.625345,11.184765,3.474073,2.684876,170.348935,5.979840,1.047302,0.029776,0.951927
-0.047865,0.020753,0.615957,1.677247,19.606887,10.902162,3.475278,2.696888,170.317429,6.210224,1.046941,0.030849,0.951599
-0.041486,0.021071,0.645842,1.681584,19.672790,11.736705,3.475331,2.684157,170.324799,6.236180,1.047066,0.030987,0.951722
-0.039705,0.020240,0.618106,1.693793,19.716513,11.823605,3.471435,2.703647,170.252933,6.202232,1.046935,0.030832,0.951549
-0.041265,0.021326,0.646942,1.659904,19.698522,12.107863,3.476172,2.701893,170.150546,6.157994,1.046652,0.030691,0.951349
-0.036245,0.020960,0.648043,1.382340,19.747165,12.583322,3.478149,2.707364,170.152889,6.173531,1.046732,0.030741,0.951453
-0.039864,0.020924,0.604171,1.841873,19.717740,11.687590,3.474163,2.676151,170.102983,6.068220,1.046178,0.030223,0.950954
-0.038304,0.021308,0.611668,1.749748,19.761498,12.666558,3.475905,2.701591,170.079882,6.384456,1.046267,0.031757,0.951017
-0.037937,0.021554,0.649813,1.647139,19.734125,12.406240,3.478515,2.680376,170.036932,6.339852,1.045953,0.031505,0.950796
-0.051553,0.021226,0.650189,1.849637,19.578363,10.239578,3.476373,2.697498,169.856930,6.093563,1.044759,0.030267,0.949656
-0.037822,0.021503,0.648071,1.625836,19.666137,11.757402,3.475524,2.689229,169.791431,6.147189,1.044990,0.030605,0.949915
-0.035878,0.021480,0.627221,1.684409,19.740193,12.666820,3.476692,2.692890,169.942238,6.179767,1.045214,0.030794,0.950081
-0.042420,0.021786,0.633863,1.753704,19.695445,11.231055,3.479427,2.688641,170.001351,6.053460,1.044631,0.030154,0.949524
-0.045281,0.021626,0.610847,1.825683,19.657912,11.368217,3.476214,2.692559,170.075756,6.037626,1.044499,0.030046,0.949460
-0.036425,0.021296,0.647183,1.646905,19.774937,12.666850,3.475649,2.693374,170.162308,6.097609,1.044831,0.030348,0.949728
-0.039212,0.021638,0.634564,1.682986,19.764658,12.666818,3.474315,2.697037,170.179461,6.077229,1.044671,0.030231,0.949600
-0.043964,0.021601,0.639787,1.608540,19.727725,11.339355,3.476863,2.693158,170.125499,5.936742,1.044017,0.029544,0.948974
-0.045472,0.021539,0.599753,1.667402,19.706262,11.254952,3.477772,2.690008,170.082837,5.880857,1.043690,0.029281,0.948686
-0.047152,0.021970,0.624242,1.913514,19.711910,10.844792,3.477588,2.712407,170.021418,6.092702,1.043224,0.030241,0.948243
-0.049893,0.021576,0.650714,1.634186,19.638467,10.006642,3.475755,2.692104,169.926711,5.949622,1.042544,0.029561,0.947630
-0.048732,0.022377,0.637432,1.666193,19.621593,10.355388,3.476605,2.684147,169.853860,5.916795,1.042358,0.029411,0.947476
-0.041161,0.021382,0.651689,1.584360,19.739405,11.483355,3.474927,2.696317,169.812632,5.954782,1.042518,0.029671,0.947658
-0.042658,0.022450,0.662840,1.553311,19.716780,11.918022,3.479413,2.697958,169.725321,6.227850,1.042380,0.030995,0.947556
-0.044216,0.021734,0.643543,1.817091,19.696135,11.535420,3.474597,2.711485,169.676245,6.143636,1.041957,0.030525,0.947140
-0.041510,0.021682,0.637707,1.695751,19.732670,11.769988,3.475238,2.705053,169.846282,6.126401,1.041929,0.030427,0.947031
-0.046069,0.021744,0.641048,1.585296,19.793702,11.510052,3.474809,2.706192,170.078098,6.101368,1.041850,0.030336,0.946943
-0.045587,0.022151,0.649577,1.621885,19.828923,10.817218,3.477166,2.695994,170.279571,5.759144,1.041605,0.028647,0.946746
-0.041363,0.020956,0.617217,1.652819,19.881742,11.765843,3.470627,2.686259,170.475557,5.817135,1.041874,0.028946,0.947031
-0.042474,0.021757,0.646707,1.722878,19.823192,11.206465,3.474480,2.695076,169.562831,5.765666,1.041573,0.028607,0.946751
-0.044022,0.021260,0.610225,1.524620,19.896947,10.984737,3.473947,2.712040,170.604651,5.712691,1.041326,0.028379,0.946523
-0.047167,0.021618,0.623253,1.626027,19.837083,10.344508,3.472881,2.705978,170.584452,5.615816,1.040824,0.027894,0.946085
-0.037589,0.021748,0.603150,1.683835,19.976385,12.106880,3.474892,2.691525,170.626397,5.697725,1.041226,0.028326,0.946445
-0.044076,0.022409,0.639394,1.829160,19.945463,11.190937,3.478587,2.692366,170.349320,5.870590,1.040565,0.029136,0.945862
-0.044506,0.021960,0.652162,1.651855,19.836590,10.924472,3.475025,2.708982,169.928089,5.738009,1.039854,0.028528,0.945248
-0.039315,0.022044,0.666498,1.735799,19.928372,12.245457,3.473733,2.684214,169.584508,6.012382,1.039678,0.029899,0.945130
-0.049902,0.022422,0.671696,1.608592,19.766925,10.410730,3.475753,2.677915,169.166065,6.060293,1.038393,0.030074,0.943916
-0.042659,0.023043,0.683734,1.462523,19.827477,11.378718,3.480036,2.678663,168.913477,6.007560,1.038172,0.029961,0.943746
-0.049062,0.022197,0.690739,1.647761,19.749527,10.174897,3.475434,2.690667,168.669586,6.117557,1.037152,0.030399,0.942827
-0.045669,0.023281,0.720408,1.404579,19.751393,11.265460,3.483033,2.683052,168.555885,6.122336,1.037170,0.030514,0.942879
-0.056575,0.023346,0.708554,1.485678,19.702118,9.866218,3.480148,2.687081,168.376756,6.213416,1.036148,0.030909,0.941901
-0.040378,0.023180,0.728711,1.431876,19.795108,12.003895,3.478387,2.692472,168.372418,6.329271,1.036658,0.031524,0.942432
-0.041060,0.022585,0.725925,1.440236,19.808793,11.912708,3.476521,2.683337,168.309074,6.252841,1.036387,0.031194,0.942121
-0.038523,0.023323,0.693447,1.678876,19.918040,12.406025,3.478943,2.680407,168.276984,6.237563,1.036269,0.031118,0.942033
-0.037610,0.023560,0.721418,1.386985,19.960430,13.209097,3.478594,2.689279,168.251794,6.544266,1.036208,0.032543,0.942022
-0.038491,0.022966,0.736400,1.417630,19.928335,12.900513,3.478880,2.657350,168.184059,6.468015,1.035793,0.032143,0.941628
-0.044001,0.023491,0.705317,1.441982,19.891173,11.139187,3.479865,2.685219,168.028979,6.258327,1.034787,0.031134,0.940703
-0.040536,0.023467,0.737103,1.498156,19.950742,12.255668,3.480433,2.677890,168.019517,6.271233,1.034815,0.031251,0.940760
-0.043584,0.023808,0.734363,1.388416,19.969282,12.164868,3.481591,2.675328,167.943857,6.493587,1.034406,0.032288,0.940383
-0.055493,0.023441,0.713575,1.401376,19.929448,10.220298,3.478086,2.683845,167.842518,6.252196,1.033277,0.031101,0.939307
-0.043530,0.023714,0.764191,1.361981,20.010585,11.912745,3.480266,2.685765,167.676768,6.339212,1.032391,0.031529,0.939659
-0.049334,0.023446,0.747517,1.407104,19.971745,10.286260,3.480571,2.691878,167.779610,6.133926,1.032665,0.030559,0.938766
-0.035747,0.023968,0.774947,1.344537,20.010303,13.416688,3.480864,2.684454,167.835657,6.610043,1.033394,0.032908,0.939552
-0.045866,0.024066,0.757067,1.494537,20.010422,11.496227,3.481368,2.684859,167.830830,6.418779,1.032525,0.031902,0.938653
-0.041571,0.023979,0.722407,1.486730,20.010010,11.841545,3.479649,2.688850,167.996715,6.397160,1.032457,0.031822,0.938576
-0.037660,0.024314,0.677968,1.492267,20.009865,12.432197,3.480912,2.684298,168.141607,6.114754,1.032459,0.030483,0.938667
-0.037551,0.023916,0.737836,1.472138,20.009553,12.514627,3.475828,2.674075,168.201192,6.073566,1.032285,0.030270,0.938492
-0.043079,0.023873,0.749584,1.426393,20.009775,11.434235,3.480336,2.695476,168.186029,6.230529,1.031625,0.030975,0.937809
-0.045992,0.024231,0.717984,1.411698,20.009500,11.144370,3.478480,2.691989,168.149728,6.142954,1.031152,0.030525,0.937390
-0.049533,0.023871,0.727655,1.413006,20.009497,10.788045,3.476982,2.703725,168.103111,6.038077,1.030602,0.030026,0.936920
-0.046780,0.024076,0.753795,1.467448,20.009468,10.842493,3.476929,2.685643,168.010965,5.963933,1.030241,0.029665,0.936564
-0.042635,0.024549,0.760229,1.324419,20.009147,11.847830,3.481396,2.669788,167.906368,6.261714,1.030195,0.031137,0.936574
-0.054368,0.024731,0.729572,1.401728,20.009190,9.897705,3.479828,2.673109,167.481699,5.990081,1.028841,0.029769,0.935297
-0.038794,0.025211,0.781941,1.334385,20.009133,12.413970,3.482702,2.692271,167.220221,6.369175,1.029063,0.031683,0.935646
-0.054822,0.024521,0.789773,1.417059,20.009008,10.247083,3.481411,2.664013,166.875288,6.366201,1.027641,0.031668,0.934257
-0.044234,0.025622,0.809806,1.235026,20.009105,11.705327,3.487319,2.680985,166.738229,6.382784,1.027645,0.031775,0.934340
-0.039894,0.025110,0.783548,1.301570,20.008948,12.092747,3.481149,2.669336,166.594746,6.618371,1.027269,0.032946,0.934044
-0.043129,0.025064,0.848972,1.189303,20.008827,11.680547,3.484445,2.678312,166.441670,6.487838,1.026616,0.032277,0.933446
-0.041890,0.025326,0.835804,1.307407,20.008840,12.223528,3.486601,2.668564,166.355748,6.424293,1.026362,0.032058,0.933197
-0.042372,0.025279,0.845741,1.315759,20.008627,12.493503,3.484601,2.686659,166.269204,6.666118,1.026002,0.033165,0.932853
-0.050922,0.025619,0.871756,1.216509,20.008683,10.918675,3.484478,2.675028,166.121331,6.443000,1.024983,0.032078,0.931869
-0.037741,0.026045,0.861125,1.223390,20.008268,12.530823,3.485352,2.659495,166.089130,6.484071,1.025064,0.032314,0.932042
-0.039328,0.025912,0.827051,1.218067,20.008373,12.678363,3.485717,2.682093,166.007893,6.703012,1.024661,0.033390,0.931668
-0.038432,0.026586,0.853314,1.278645,20.007985,13.231312,3.488513,2.670470,165.939474,6.660664,1.024415,0.033144,0.931458
-0.037671,0.025971,0.896172,1.183053,20.008172,13.015592,3.486865,2.666047,165.843635,6.552581,1.023932,0.032623,0.930957
-0.049812,0.026133,0.888332,1.197187,20.008225,10.565067,3.482970,2.675233,165.649366,6.267213,1.022569,0.031226,0.929643
-0.044882,0.027060,0.855560,1.275989,20.008212,12.039980,3.490548,2.676605,165.587996,6.591088,1.022549,0.032799,0.929752
-0.038546,0.026768,0.902689,1.177365,20.008012,12.587548,3.487352,2.666891,165.490389,6.528475,1.022262,0.032532,0.929481
-0.038664,0.026116,0.912788,1.130250,20.008108,12.037500,3.482838,2.651622,165.393095,6.397068,1.021636,0.031900,0.928889
-0.040605,0.027129,0.919299,1.145064,20.008023,12.135715,3.489387,2.669295,165.288952,6.611075,1.021165,0.032931,0.928488
-0.044604,0.026699,0.911240,1.097345,20.007878,11.799368,3.486509,2.694408,165.186700,6.496921,1.020552,0.032321,0.927901
-0.046608,0.026914,0.916096,1.197096,20.007988,11.115197,3.486706,2.682546,165.070428,6.336921,1.019794,0.031598,0.927200
-0.037506,0.027314,0.908620,1.176544,20.016427,12.915498,3.485905,2.671055,165.242190,6.703641,1.019984,0.033380,0.927482
-0.037532,0.027196,0.896218,1.115806,20.015585,12.822003,3.487927,2.667247,165.381409,6.345411,1.019760,0.031613,0.927205
-0.045639,0.027264,0.914503,1.160680,20.016082,11.061962,3.487014,2.665073,165.424837,6.147835,1.018873,0.030629,0.926307
-0.036058,0.026849,0.937834,1.101465,20.015778,12.529730,3.484797,2.675199,165.497077,6.189333,1.018947,0.030871,0.926522
-0.045844,0.026995,0.909560,1.167727,20.016088,11.169842,3.485480,2.683099,165.450255,6.301793,1.018115,0.031346,0.925658
-0.049011,0.026501,0.932225,1.124065,20.015965,10.990000,3.482188,2.681912,165.395978,6.210275,1.017577,0.030876,0.925205
-0.041732,0.027508,0.926175,1.082933,20.016128,11.983068,3.487627,2.675651,165.355200,6.193074,1.017474,0.030840,0.925157
-0.043268,0.027579,0.928940,1.152254,20.015743,11.267058,3.487244,2.667627,165.258835,6.053246,1.016832,0.030143,0.924481
-0.050884,0.027571,0.940085,1.169360,20.015740,10.355603,3.484939,2.670640,165.041708,6.178854,1.015908,0.030699,0.923654
-0.045622,0.028068,0.953470,1.048956,20.015835,11.163295,3.486165,2.676242,164.730027,6.111788,1.015509,0.030471,0.923376
-0.043834,0.028155,0.944162,1.107495,20.015610,11.491638,3.489075,2.665196,164.443656,6.302642,1.014937,0.031373,0.922854
-0.051999,0.028118,1.011202,1.094628,20.015532,10.713152,3.487118,2.660814,164.196808,6.405171,1.014005,0.031846,0.921920
-0.044553,0.028997,0.993866,1.030103,20.015643,11.540388,3.493993,2.656344,164.040587,6.354675,1.013705,0.031668,0.921737
-0.038151,0.028643,0.992210,1.008521,20.015270,12.696455,3.489836,2.675320,163.940015,6.644478,1.013508,0.033062,0.921650
-0.042247,0.028086,0.996621,1.029483,20.015518,12.218337,3.484758,2.665319,163.809743,6.502034,1.012887,0.032365,0.921003
-0.045932,0.028984,1.029425,1.011568,20.015587,11.337083,3.490613,2.658267,163.672336,6.334606,1.012077,0.031544,0.920223
-0.048088,0.028433,1.052330,1.003423,20.015267,11.737672,3.488291,2.664251,163.576205,6.560596,1.011653,0.032634,0.919870
-0.045886,0.028944,1.022364,0.993027,20.015295,11.514918,3.489910,2.657720,163.473919,6.441816,1.011072,0.032062,0.919327
-0.044098,0.029194,1.065797,0.979607,20.015147,11.733877,3.490329,2.660803,163.406338,6.364062,1.010652,0.031709,0.918967
-0.044080,0.030190,1.053086,0.949790,20.015137,11.819488,3.492112,2.665427,163.322251,6.568798,1.010195,0.032683,0.918517
-0.042634,0.029868,1.055795,0.947857,20.015373,11.866973,3.493274,2.669230,163.231679,6.479718,1.009727,0.032240,0.918131
-0.043617,0.029640,1.055236,1.055523,20.015130,11.746182,3.491456,2.656849,163.150454,6.367497,1.009192,0.031738,0.917620
-0.048033,0.030187,1.051380,0.951056,20.015145,11.707123,3.491923,2.642377,163.037161,6.565733,1.008602,0.032686,0.917141
-0.044502,0.030273,1.076436,0.967012,20.015307,11.496678,3.491570,2.659505,162.899551,6.448699,1.008022,0.032092,0.916583
-0.044222,0.030661,1.092107,0.962411,20.015265,11.298647,3.495887,2.647285,162.775187,6.329185,1.007446,0.031514,0.916029
-0.041556,0.030550,1.075428,0.985570,20.015198,12.356635,3.493692,2.636295,162.699596,6.609260,1.007245,0.032895,0.915917
-0.045503,0.030461,1.088570,0.918658,20.015597,11.196217,3.491727,2.643934,162.579426,6.414434,1.006373,0.031932,0.915034
-0.041216,0.030239,1.089644,0.917703,20.015440,12.085947,3.489606,2.654894,162.479457,6.376972,1.006136,0.031817,0.914880
-0.043164,0.030817,1.122534,0.921879,20.015445,12.066263,3.493296,2.652567,162.375950,6.584819,1.005607,0.032733,0.914413
-0.045760,0.030622,1.151618,0.897380,20.015397,11.715940,3.491053,2.649740,162.393489,6.462565,1.005059,0.032178,0.913872
-0.041811,0.030808,1.124278,0.903102,20.015145,12.026635,3.491661,2.666980,162.479941,6.414412,1.004756,0.031922,0.913669
-0.047037,0.030460,1.139903,0.928770,20.015148,11.394483,3.487767,2.654495,162.507745,6.275657,1.004197,0.031268,0.913027
-0.040813,0.031228,1.144267,0.903466,20.015288,12.057452,3.492415,2.650609,162.547468,6.260018,1.004026,0.031194,0.912946
-0.041408,0.031773,1.144609,0.891914,20.015443,11.304612,3.496997,2.658498,162.512353,6.122770,1.003369,0.030524,0.912299
-0.040598,0.032289,1.152032,0.893983,20.015358,12.872795,3.494013,2.664732,162.582749,6.460158,1.003453,0.032140,0.912477
-0.049294,0.031375,1.139937,0.878832,20.015455,10.884530,3.488768,2.652070,162.517244,6.230802,1.002475,0.030968,0.911397
-0.044508,0.032109,1.179910,0.944276,20.015453,11.513015,3.496608,2.659859,162.424100,6.191150,1.002148,0.030785,0.911226
-0.048640,0.031919,1.148918,0.878632,20.015657,11.239875,3.494490,2.654745,162.276335,6.350082,1.001528,0.031620,0.910637
-0.042093,0.032050,1.164920,0.879121,20.015573,12.294392,3.490097,2.651919,161.975522,6.314092,1.001167,0.031430,0.910418
-0.044585,0.033133,1.227295,0.882632,20.015750,11.334637,3.497993,2.651741,161.614051,6.408792,1.000168,0.031842,0.909420
-0.046820,0.033050,1.225885,0.820226,20.015783,11.900677,3.496114,2.660373,161.345248,6.607199,0.999657,0.032898,0.909002
-0.049242,0.033157,1.224100,0.817567,20.016278,10.800663,3.497484,2.656373,161.111848,6.394288,0.998618,0.031857,0.908024
-0.049984,0.033081,1.272863,0.807765,20.016105,11.018477,3.497423,2.629552,160.963539,6.607215,0.998024,0.032859,0.907586
-0.038987,0.033071,1.281709,0.805285,20.015425,12.714420,3.494626,2.653008,160.887562,6.625546,0.998104,0.033000,0.907702
-0.042089,0.033223,1.280212,0.790301,20.015878,11.928330,3.495463,2.648855,160.771501,6.455846,0.997385,0.032211,0.906937
-0.049053,0.034242,1.320325,0.786039,20.016108,11.268207,3.497578,2.658843,160.644087,6.612414,0.996599,0.032915,0.906245
-0.048635,0.034277,1.328899,0.764157,20.016203,11.300138,3.499073,2.662468,160.556172,6.501032,0.996047,0.032390,0.905750
-0.042985,0.034379,1.316803,0.759411,20.015912,12.109307,3.501536,2.647354,160.452058,6.463493,0.995814,0.032237,0.905551
-0.038775,0.035216,1.361203,0.770076,20.015725,12.936688,3.501417,2.652225,160.351479,6.711471,0.995499,0.033446,0.905320
-0.041290,0.034967,1.384811,0.752310,20.015882,12.370073,3.501593,2.649244,160.236389,6.567612,0.994857,0.032716,0.904631
-0.046631,0.035100,1.332463,0.757353,20.016148,11.323527,3.498116,2.642378,160.103541,6.685836,0.993907,0.033277,0.903790
-0.045849,0.035168,1.367017,0.754328,20.016085,11.698925,3.497913,2.651046,160.009513,6.598055,0.993461,0.032879,0.903403
-0.037343,0.035177,1.387854,0.720440,20.015845,13.084720,3.493973,2.655477,159.947046,6.595698,0.993406,0.032891,0.903396
-0.048201,0.036663,1.428393,0.721354,20.016213,11.162708,3.503176,2.636070,159.787347,6.656560,0.992226,0.033095,0.902245
-0.040971,0.035739,1.452106,0.696283,20.015705,12.834475,3.496229,2.641235,159.736881,6.673668,0.992224,0.033233,0.902345
-0.043752,0.036877,1.467438,0.708491,20.016080,11.691910,3.500096,2.637772,159.611333,6.461889,0.991343,0.032248,0.900009
-0.044702,0.036849,1.469505,0.691961,20.016097,11.890090,3.503996,2.643614,159.498897,6.693149,0.990844,0.033309,0.901050
-0.038675,0.036497,1.436504,0.723418,20.016145,12.734333,3.499962,2.645030,159.427539,6.641520,0.990534,0.033129,0.900848
-0.040001,0.036472,1.475183,0.693459,20.016243,12.834860,3.500472,2.629604,159.399413,6.553950,0.990066,0.032697,0.900429
-0.053769,0.037549,1.459695,0.685128,20.016358,10.725178,3.501816,2.639812,159.422230,6.597452,0.988954,0.032859,0.899235
-0.041362,0.037848,1.516727,0.674401,20.016243,12.671112,3.503288,2.656594,159.545315,6.682007,0.989200,0.033249,0.899585
-0.040235,0.037963,1.492476,0.698606,20.016283,12.196932,3.500147,2.645538,159.560216,6.566816,0.988729,0.032664,0.899075
-0.039130,0.037825,1.461032,0.694200,20.016215,12.046308,3.498880,2.659656,159.546754,6.473993,0.988219,0.032235,0.898654
-0.045805,0.037949,1.518017,0.668963,20.007933,11.041278,3.503255,2.659834,159.438996,6.288183,0.987386,0.031347,0.897825
-0.050425,0.038815,1.520753,0.657573,20.007720,10.680733,3.509126,2.667118,159.293849,6.462126,0.986637,0.032143,0.897209
-0.041381,0.038188,1.514563,0.685596,20.016333,12.174232,3.504054,2.649043,159.159970,6.455779,0.986569,0.032180,0.897206
-0.042005,0.039089,1.526279,0.655263,20.016100,12.381408,3.503309,2.638798,158.968220,6.659578,0.986024,0.033138,0.896712
-0.050559,0.038891,1.578543,0.633362,20.007828,10.751032,3.502962,2.642346,158.671286,6.407461,0.984875,0.031905,0.895572
-0.041034,0.039867,1.636468,0.628376,20.007937,12.433170,3.505537,2.657478,158.438592,6.695722,0.984675,0.033346,0.895502
-0.041088,0.039869,1.668143,0.608841,20.016282,11.921620,3.503553,2.654256,158.240480,6.534341,0.983939,0.032633,0.894828
-0.045258,0.040201,1.657313,0.603488,20.016182,12.007105,3.503770,2.630726,158.110181,6.731646,0.983326,0.033499,0.894265
-0.042873,0.040274,1.675605,0.598517,20.016008,12.454997,3.498469,2.631061,158.014288,6.646970,0.982933,0.033144,0.893903
-0.047260,0.039980,1.698649,0.588670,20.016152,11.913065,3.500259,2.625303,157.885651,6.797698,0.982181,0.033842,0.893181
-0.038733,0.040562,1.740809,0.594743,20.016255,12.700798,3.506941,2.640310,157.817419,6.759901,0.981864,0.033640,0.893006
-0.047230,0.041843,1.718730,0.598684,20.016445,11.324153,3.508150,2.660159,157.670151,6.530751,0.980885,0.032582,0.891968
-0.045318,0.041776,1.763336,0.582942,20.016240,11.669790,3.506150,2.639559,157.590174,6.753370,0.980394,0.033626,0.891601
-0.042387,0.041833,1.758261,0.582373,20.016142,11.899273,3.503320,2.632960,157.477220,6.657050,0.979900,0.033172,0.891170
-0.041548,0.042169,1.782033,0.562326,20.016145,12.622947,3.508116,2.651821,157.372527,6.891984,0.979521,0.034327,0.890867
-0.050058,0.042596,1.833576,0.566936,20.016045,11.190457,3.505301,2.637405,157.237414,6.673089,0.978479,0.033212,0.889840
-0.045677,0.042954,1.835071,0.544933,20.016107,11.609628,3.509614,2.639934,157.122781,6.581431,0.978010,0.032825,0.889433
-0.054388,0.043973,1.835164,0.544922,20.016293,10.951267,3.513730,2.629892,157.009241,6.728600,0.977192,0.033481,0.888696
-0.042573,0.043530,1.898013,0.536851,20.016097,12.063103,3.509151,2.637038,156.918801,6.691041,0.976956,0.033344,0.888549
-0.050521,0.043795,1.889166,0.529327,20.016307,10.400300,3.510415,2.631895,156.861473,6.451057,0.975853,0.032185,0.887442
-0.041593,0.044747,1.945043,0.527573,20.015923,12.635870,3.509503,2.629256,156.794881,6.818692,0.975996,0.033947,0.887727
-0.050095,0.044896,1.956873,0.522951,20.016203,10.974397,3.510359,2.629535,156.585587,6.561890,0.974869,0.032713,0.886558
-0.040049,0.045495,1.995308,0.511926,20.015988,12.626410,3.510914,2.639867,156.497021,6.867765,0.974737,0.034197,0.886570
-0.050734,0.045408,2.010532,0.497380,20.016108,11.203045,3.511565,2.609870,156.360802,6.640448,0.973729,0.033090,0.885533
-0.047667,0.046147,2.025099,0.520574,20.016110,11.583773,3.512113,2.627046,156.271621,6.855233,0.973237,0.034161,0.885130
-0.052383,0.045750,2.027247,0.493276,20.016197,10.947088,3.510440,2.628870,156.258995,6.698668,0.972458,0.033356,0.884396
-0.044494,0.047107,2.055408,0.502630,20.015993,12.081665,3.514505,2.644613,156.432458,6.710999,0.972438,0.033413,0.884466
-0.046029,0.046234,2.066424,0.483968,20.016170,11.575588,3.505921,2.633045,156.549092,6.594243,0.971948,0.032808,0.883913
-0.046092,0.047061,2.033970,0.491647,20.016415,11.307405,3.512064,2.648307,156.585867,6.490318,0.971399,0.032298,0.883436
-0.045858,0.047598,2.068973,0.483341,20.016172,11.477490,3.509325,2.619106,156.575477,6.401272,0.970973,0.031902,0.883051
-0.047248,0.048419,2.102163,0.486801,20.016323,11.270660,3.511190,2.640624,156.481462,6.578089,0.970360,0.032719,0.882451
-0.048684,0.048488,2.132181,0.494267,20.015963,11.158403,3.511641,2.644390,156.354577,6.460848,0.969765,0.032169,0.881940
-0.049209,0.048754,2.127065,0.470138,20.016150,10.806035,3.512324,2.629919,156.191579,6.309521,0.969021,0.031487,0.881265
