SCC,SCV,DVV,ICP,CCDT,CVCT,ACCV C,ACCV D,ECD,ECV,CCD,CCV,SoH
-0.037805,0.016092,0.368117,2.712031,20.008682,11.000115,3.449004,2.755498,180.010497,6.888094,1.079718,0.034434,0.981195
-0.036801,0.015943,0.359517,2.346359,20.008657,10.833373,3.448069,2.742203,180.256421,6.574407,1.081224,0.032876,0.982450
-0.038332,0.015596,0.343114,2.914204,20.008775,10.750008,3.449941,2.741354,180.423172,6.432781,1.081989,0.032097,0.983242
-0.036562,0.015435,0.350881,2.903362,20.008932,10.666730,3.448641,2.752977,180.551584,6.274899,1.082726,0.031348,0.983862
-0.040743,0.014595,0.330630,2.738364,20.009210,10.666635,3.446338,2.732694,180.659713,6.374910,1.083108,0.031693,0.984269
-0.037232,0.015063,0.337261,2.611018,20.009267,10.583487,3.447932,2.762609,180.696643,6.132791,1.083545,0.030607,0.984564
-0.039530,0.014033,0.297294,3.037141,20.009212,10.583352,3.444013,2.751663,180.765773,6.195504,1.083787,0.030868,0.984897
-0.038832,0.015005,0.355393,3.172446,20.009585,10.583448,3.445667,2.746307,180.776351,6.239900,1.084033,0.031114,0.985114
-0.042850,0.015689,0.277074,2.733675,20.009653,10.583382,3.446231,2.766049,180.815451,6.300277,1.084305,0.031320,0.985309
-0.042419,0.015843,0.341751,3.452616,20.009233,10.583370,3.448834,2.745795,180.809023,6.315773,1.084320,0.031388,0.985382
-0.038872,0.014800,0.335317,2.748237,7.987523,10.500007,3.446411,2.374188,5050.370587,6.051571,0.203048,0.030236,0.985593
-0.037221,0.016825,0.411691,2.563740,20.009475,11.166753,3.452415,2.753258,180.121558,7.535801,1.080144,0.037782,0.981367
-0.036703,0.015656,0.348968,2.395486,20.009897,10.666702,3.447040,2.754216,180.570687,6.298772,1.082830,0.031463,0.983940
-0.036175,0.015841,0.350053,3.786242,20.009832,10.583457,3.449452,2.741925,180.651414,6.118171,1.083395,0.030596,0.984521
-0.037739,0.015027,0.352850,2.819371,20.010102,10.583363,3.446179,2.741021,180.717552,6.211629,1.083932,0.031038,0.984956
-0.038294,0.015215,0.343702,3.888138,20.009822,10.583432,3.447642,2.727368,180.742388,6.282038,1.084231,0.031349,0.985289
-0.043276,0.015231,0.344911,2.880539,20.010118,10.583402,3.449093,2.747252,180.802693,6.353088,1.084494,0.031562,0.985527
-0.039533,0.015432,0.311124,3.067901,20.009862,10.500153,3.448686,2.745903,180.758620,6.088966,1.084592,0.030379,0.985693
-0.039227,0.014790,0.334814,3.622736,20.009797,10.499955,3.446220,2.741904,180.786305,6.123015,1.084905,0.030547,0.985927
-0.041541,0.014329,0.342537,2.993760,20.010378,10.500027,3.445217,2.742471,180.850234,6.151496,1.084977,0.030574,0.985973
-0.039782,0.014468,0.285607,2.908844,20.010052,10.500055,3.444001,2.756189,180.860049,6.162940,1.085075,0.030633,0.986030
-0.039868,0.014464,0.315284,2.958752,20.010140,10.500025,3.444872,2.733060,180.844960,6.211739,1.085208,0.030835,0.986210
-0.042078,0.014383,0.330160,2.960672,20.010182,10.416668,3.445167,2.749050,180.833049,5.911683,1.085307,0.029501,0.986273
-0.042047,0.014695,0.332056,2.920244,20.010465,10.416713,3.445088,2.742221,180.865572,5.936793,1.085479,0.029601,0.986448
-0.037442,0.014152,0.306798,3.016133,20.010390,10.416695,3.444162,2.754098,180.844617,5.971473,1.085549,0.029713,0.986546
-0.040669,0.014922,0.333351,3.228364,20.010370,10.416757,3.446500,2.729637,180.825391,5.958533,1.085556,0.029675,0.986525
-0.039860,0.015493,0.317440,4.136882,20.010392,10.416738,3.446185,2.751268,180.796700,5.953505,1.085464,0.029619,0.986454
-0.039937,0.014767,0.331408,4.030639,20.010208,10.416778,3.445633,2.751164,180.753619,5.929524,1.085410,0.029539,0.986403
-0.041029,0.014230,0.344902,4.020653,20.010390,10.416657,3.443105,2.749483,180.752997,5.942301,1.085449,0.029602,0.986419
-0.042654,0.014811,0.341190,2.751781,20.010473,10.416757,3.447596,2.735580,180.767625,5.933017,1.085455,0.029576,0.986405
-0.039356,0.014381,0.318262,3.208174,20.010580,10.416840,3.443757,2.743207,180.779683,5.933848,1.085426,0.029553,0.986394
-0.036714,0.014835,0.324287,3.082733,20.010747,10.416738,3.445500,2.759505,180.756506,5.919111,1.085365,0.029506,0.986371
-0.039894,0.014186,0.336494,2.897815,20.010652,10.416793,3.442495,2.773168,180.765938,5.933276,1.085393,0.029541,0.986403
-0.038855,0.014835,0.311382,2.527134,20.010728,10.416737,3.446941,2.743331,180.807901,5.943233,1.085456,0.029628,0.986467
-0.038852,0.014760,0.290551,3.031792,20.010580,10.416657,3.446096,2.756985,180.808716,5.938505,1.085360,0.029560,0.986393
-0.039854,0.014863,0.331750,2.754665,20.010467,10.416750,3.445475,2.749705,180.800425,5.925403,1.085411,0.029551,0.986389
-0.040203,0.015357,0.320581,3.156551,20.009658,10.416805,3.447543,2.747375,180.777030,5.930217,1.085407,0.029552,0.986397
-0.039038,0.014532,0.285352,2.992431,20.010728,10.416755,3.446208,2.743944,180.711141,5.917713,1.085378,0.029512,0.986363
-0.037250,0.014280,0.315351,3.029831,20.010797,10.416760,3.445731,2.752656,180.772305,5.913695,1.085459,0.029456,0.986446
-0.038206,0.014986,0.310974,2.646079,20.010760,10.416750,3.445917,2.744780,180.742201,5.934675,1.085480,0.029542,0.986493
-0.037164,0.014496,0.320895,2.993815,20.010690,10.416712,3.444880,2.743204,180.744710,5.933447,1.085529,0.029536,0.986471
-0.038635,0.014019,0.314512,2.824102,20.010593,10.416762,3.441802,2.753262,180.783826,5.944295,1.085555,0.029543,0.986533
-0.039223,0.014628,0.313911,3.387581,20.010865,10.416695,3.446293,2.767470,180.790724,5.944466,1.085562,0.029554,0.986520
-0.039223,0.014664,0.326035,2.707233,20.010845,10.416747,3.445183,2.732118,180.751068,5.938245,1.085529,0.029521,0.986497
-0.038783,0.014785,0.303446,2.742230,20.010763,10.416653,3.447057,2.743941,180.735409,5.957673,1.085570,0.029561,0.986531
-0.039035,0.014958,0.318509,3.460812,20.011025,10.416373,3.447983,2.746444,180.684663,5.969173,1.085605,0.029588,0.986572
-0.038697,0.014930,0.311356,2.742297,20.010658,10.416750,3.446462,2.737362,180.695164,5.966565,1.085659,0.029618,0.986608
-0.041460,0.014964,0.308670,3.072835,20.010795,10.416698,3.448880,2.741879,180.694333,5.982001,1.085703,0.029678,0.986651
-0.042210,0.015298,0.332751,3.070135,20.010657,10.416685,3.446518,2.759820,180.696238,5.981209,1.085779,0.029702,0.986670
-0.036521,0.015138,0.322918,4.822796,20.010960,10.333412,3.446812,2.752266,180.680280,5.667562,1.085678,0.028286,0.986628
-0.037740,0.014437,0.301585,4.807284,20.010762,10.333395,3.442824,2.754053,180.687066,5.692526,1.085806,0.028357,0.986738
-0.039041,0.014862,0.336498,3.400800,20.010912,10.333305,3.447727,2.745453,180.671430,5.670796,1.085697,0.028262,0.986630
-0.037724,0.014022,0.342753,3.737717,20.002430,10.333343,3.443028,2.729572,180.649007,5.668663,1.085713,0.028271,0.986649
-0.037885,0.014824,0.312944,3.154955,19.968210,10.333328,3.447111,2.757645,180.636855,5.659625,1.085642,0.028249,0.986623
-0.036038,0.014360,0.320521,2.981863,20.009872,10.333410,3.442848,2.749016,180.583395,5.645708,1.085571,0.028143,0.986506
-0.042323,0.013833,0.303102,3.012064,19.997342,10.416617,3.442164,2.746054,180.556717,5.920821,1.085456,0.029399,0.986412
-0.041645,0.014559,0.316452,3.498076,20.010903,10.416773,3.444536,2.735115,180.572325,5.914525,1.085430,0.029377,0.986381
-0.040296,0.014755,0.336688,3.421891,19.924005,10.416700,3.446829,2.754254,180.628820,5.918009,1.085410,0.029380,0.986384
-0.043047,0.015351,0.314002,3.184755,19.952713,10.416638,3.445766,2.725989,180.606873,5.917193,1.085337,0.029352,0.986344
-0.041393,0.014304,0.275236,3.558634,19.912107,10.416640,3.445312,2.740866,180.562808,5.896511,1.085300,0.029292,0.986289
-0.038853,0.014244,0.318771,3.201653,19.985403,10.416755,3.444619,2.744223,180.619199,5.891757,1.085321,0.029277,0.986281
-0.039728,0.014039,0.328902,2.645694,19.972753,10.416772,3.442240,2.743258,180.605954,5.892376,1.085253,0.029243,0.986252
-0.039747,0.014093,0.309459,3.448749,19.939537,10.416653,3.442824,2.732861,180.621866,5.898017,1.085361,0.029309,0.986318
-0.039279,0.013839,0.295141,2.937014,19.985730,10.333295,3.443182,2.755069,180.846574,5.673177,1.085773,0.028243,0.986681
-0.040060,0.014212,0.323258,3.421868,19.999250,10.333398,3.443671,2.755869,181.005063,5.735685,1.085985,0.028450,0.986905
-0.037965,0.014045,0.316049,3.412026,20.008180,10.250093,3.444729,2.746837,181.100631,5.471137,1.086178,0.027298,0.987099
-0.036284,0.014809,0.290809,3.282869,20.010858,10.249998,3.445477,2.751163,181.123675,5.480895,1.086248,0.027322,0.987166
-0.039043,0.014785,0.305830,3.293355,19.966318,10.250055,3.444667,2.758446,180.848698,5.461381,1.086092,0.027231,0.987074
-0.040431,0.014642,0.318578,3.249724,19.911998,10.416707,3.443716,2.749881,180.561729,5.916411,1.085314,0.029342,0.986334
-0.039305,0.014471,0.329872,3.557516,19.969312,10.416667,3.442434,2.744872,180.541723,5.919301,1.085396,0.029374,0.986375
-0.039503,0.014974,0.318452,3.211745,19.913752,10.416703,3.448192,2.746810,180.512305,5.922377,1.085368,0.029383,0.986380
-0.035771,0.014965,0.316999,3.717557,19.923828,10.333437,3.448080,2.745591,180.532584,5.612263,1.085419,0.027981,0.986382
-0.038450,0.014619,0.308765,4.275918,19.972805,10.333433,3.445749,2.748958,180.495614,5.607014,1.085388,0.027933,0.986335
-0.036731,0.013944,0.337423,3.378608,19.955483,10.333408,3.442147,2.749583,180.469423,5.618261,1.085403,0.027975,0.986375
-0.037902,0.015001,0.319063,3.359851,20.011002,10.333455,3.447159,2.744787,180.474288,5.615643,1.085460,0.027966,0.986401
-0.040285,0.014271,0.329604,3.052805,20.000002,10.333383,3.443941,2.750779,180.450182,5.605082,1.085432,0.027963,0.986373
-0.039374,0.014855,0.318205,3.250843,19.925682,10.333408,3.447682,2.740472,180.431461,5.613490,1.085421,0.027975,0.986387
-0.039948,0.014450,0.323710,3.489513,19.980085,10.333345,3.444847,2.747721,180.394117,5.597044,1.085372,0.027904,0.986322
-0.035917,0.014467,0.310248,3.042979,19.969007,10.333412,3.446397,2.740893,180.378638,5.581257,1.085299,0.027827,0.986247
-0.039587,0.014976,0.327123,2.964161,19.941310,10.333487,3.446909,2.740441,180.369372,5.581494,1.085235,0.027798,0.986215
-0.038303,0.014834,0.323615,3.121418,19.927467,10.333493,3.445058,2.740511,180.328689,5.573356,1.085192,0.027752,0.986164
-0.039600,0.014020,0.341015,2.553930,19.931605,10.333457,3.445103,2.730845,180.283902,5.556361,1.085116,0.027706,0.986107
-0.037202,0.015090,0.322128,2.924121,19.914707,10.333373,3.447800,2.755108,180.336118,5.556459,1.085074,0.027700,0.986110
-0.043465,0.014760,0.316884,2.869218,19.885992,10.416770,3.446865,2.741795,180.297564,5.850619,1.085049,0.028994,0.986023
-0.042087,0.014894,0.346336,2.428503,20.011147,10.416412,3.446693,2.725889,180.311150,5.826495,1.085012,0.028915,0.985988
-0.041019,0.015215,0.312331,4.144472,20.011005,10.416788,3.448469,2.758619,180.288782,5.828480,1.084953,0.028910,0.985960
-0.042427,0.014122,0.319156,4.366457,19.998583,10.416737,3.442553,2.754599,180.299739,5.820241,1.084889,0.028838,0.985906
-0.042292,0.014549,0.318375,4.056827,19.922352,10.416732,3.447741,2.740856,180.288304,5.815313,1.084859,0.028818,0.985865
-0.040563,0.014524,0.322696,2.957551,20.011285,10.416705,3.444074,2.754004,180.300028,5.795616,1.084858,0.028762,0.985828
-0.037594,0.014796,0.329073,3.499128,19.906212,10.416827,3.448059,2.733095,180.292470,5.798079,1.084783,0.028771,0.985817
-0.039420,0.014633,0.328354,3.255317,19.986082,10.416665,3.445861,2.731614,180.297126,5.801344,1.084839,0.028773,0.985813
-0.040406,0.014436,0.284326,3.391296,19.905398,10.416857,3.446676,2.749039,180.280579,5.788934,1.084764,0.028745,0.985770
-0.041450,0.014066,0.317233,3.077717,19.888745,10.416763,3.442396,2.731209,180.291357,5.785898,1.084742,0.028712,0.985762
-0.039705,0.014392,0.306461,3.262563,19.914783,10.416603,3.448319,2.752502,180.256584,5.771513,1.084758,0.028677,0.985755
-0.040166,0.013734,0.312097,2.618887,19.894263,10.416640,3.442912,2.747805,180.260206,5.785692,1.084763,0.028719,0.985781
-0.040584,0.013952,0.333917,3.030546,19.925978,10.416840,3.443545,2.749173,180.262876,5.796305,1.084826,0.028754,0.985810
-0.041422,0.014163,0.323127,3.013947,19.887852,10.416797,3.444343,2.751480,180.253404,5.792976,1.084769,0.028711,0.985765
-0.039189,0.014246,0.308216,3.416693,19.868313,10.416803,3.445581,2.753326,180.217426,5.787518,1.084760,0.028698,0.985777
-0.043298,0.014655,0.309223,3.284108,19.901298,10.416693,3.447087,2.761244,180.206547,5.785214,1.084748,0.028671,0.985744
-0.037832,0.015278,0.349631,3.028549,19.875710,10.416775,3.448944,2.723877,180.158612,5.769486,1.084663,0.028633,0.985695
-0.040547,0.014476,0.313583,2.607932,19.903325,10.416817,3.446468,2.730521,180.138137,5.759643,1.084653,0.028596,0.985653
-0.039959,0.014658,0.343411,5.010747,19.871192,10.416690,3.447651,2.716223,180.140185,5.762504,1.084634,0.028580,0.985656
-0.041190,0.014170,0.322886,3.132136,19.898462,10.416647,3.445361,2.744993,180.140708,5.761878,1.084630,0.028577,0.985656
-0.039097,0.014238,0.317244,4.098016,19.907017,10.416787,3.445673,2.760225,180.120265,5.762280,1.084607,0.028570,0.985645
-0.039043,0.014439,0.290460,3.373113,19.957815,10.416720,3.445162,2.754161,180.130534,5.749544,1.084583,0.028552,0.985630
-0.041500,0.015264,0.326084,3.021385,19.861652,10.416762,3.447779,2.761318,180.112625,5.761180,1.084551,0.028544,0.985613
-0.038596,0.014972,0.289116,3.997280,19.878943,10.416695,3.447612,2.728244,180.152280,5.752258,1.084566,0.028518,0.985583
-0.039413,0.014626,0.305064,3.082295,19.983518,10.416668,3.444268,2.749850,180.129710,5.750264,1.084577,0.028511,0.985579
-0.039881,0.014513,0.340708,3.052517,19.849698,10.416798,3.446140,2.737353,180.092312,5.745473,1.084455,0.028469,0.985534
-0.038382,0.014380,0.282581,2.720722,19.817870,10.416652,3.444948,2.747308,180.107529,5.722370,1.084396,0.028392,0.985462
-0.038430,0.014782,0.329388,3.623915,19.864983,10.416718,3.447913,2.748946,180.093292,5.713247,1.084373,0.028311,0.985412
-0.042342,0.014348,0.311284,3.350866,19.845613,10.416775,3.444704,2.731110,180.111001,5.693130,1.084324,0.028279,0.985377
-0.037505,0.014574,0.330646,3.235810,19.906083,10.416798,3.445061,2.748037,180.093008,5.677531,1.084281,0.028219,0.985336
-0.037069,0.015161,0.338692,3.173069,19.858710,10.416732,3.446586,2.755442,180.036997,5.675194,1.084212,0.028203,0.985293
-0.037045,0.014215,0.343612,3.345077,19.835765,10.416785,3.446144,2.751760,180.064533,5.675274,1.084209,0.028209,0.985284
-0.041290,0.014230,0.332664,2.922070,19.923832,10.416667,3.446578,2.762090,180.051057,5.657452,1.084192,0.028144,0.985222
-0.038828,0.014808,0.308264,3.174891,19.837668,10.416742,3.448108,2.745541,180.030906,5.652080,1.084117,0.028114,0.985207
-0.037417,0.015554,0.341100,2.929435,19.837482,10.416777,3.450065,2.740710,180.039161,5.651347,1.084103,0.028105,0.985181
-0.039545,0.014243,0.355669,3.255904,19.854735,10.416655,3.444355,2.748721,179.958116,5.636675,1.084063,0.028043,0.985142
-0.037099,0.014642,0.351645,3.136179,19.833282,10.416788,3.448396,2.747313,179.904926,5.624225,1.083951,0.028020,0.985079
-0.038751,0.014736,0.303907,3.161944,19.820850,10.416603,3.445976,2.729569,179.853709,5.611715,1.083953,0.027959,0.985041
-0.039869,0.015399,0.342724,2.509012,19.883252,10.416667,3.451026,2.738344,180.003889,5.617083,1.084019,0.027958,0.985045
-0.040011,0.014752,0.334433,3.270297,19.892400,10.416667,3.447786,2.736372,180.020097,5.632581,1.084017,0.028007,0.985086
-0.038304,0.014506,0.340768,3.070589,19.816377,10.416732,3.446024,2.741558,180.006748,5.639512,1.084066,0.028045,0.985140
-0.038192,0.014393,0.331139,2.518711,19.926490,10.416683,3.445426,2.746782,179.985416,5.640922,1.084124,0.028038,0.985152
-0.038939,0.014262,0.334960,3.905026,19.866467,10.416717,3.445030,2.759239,179.961057,5.637999,1.084083,0.028026,0.985130
-0.040378,0.014793,0.320250,3.308678,19.907748,10.416722,3.448550,2.753899,179.897852,5.622107,1.083986,0.027978,0.985061
-0.037974,0.015208,0.327206,2.771779,19.829572,10.416722,3.447604,2.737961,179.897709,5.621831,1.083906,0.027941,0.985021
-0.039132,0.014648,0.327344,3.035845,19.826720,10.416743,3.445028,2.734801,179.907898,5.607401,1.083909,0.027895,0.984975
-0.039022,0.014417,0.322384,3.400067,19.897830,10.416733,3.444808,2.741838,179.890130,5.614118,1.083979,0.027924,0.985028
-0.038392,0.014580,0.299874,2.896017,19.837195,10.416735,3.446245,2.747994,179.897503,5.629124,1.083940,0.027909,0.985046
-0.037772,0.014422,0.324929,2.588244,19.798907,10.416732,3.444744,2.755337,179.898550,5.623030,1.083970,0.027924,0.985065
-0.038746,0.014905,0.319535,3.128922,19.876360,10.416620,3.448162,2.745781,179.916314,5.627957,1.084083,0.027960,0.985117
-0.039660,0.014495,0.340030,3.139782,19.881058,10.416813,3.445328,2.740435,179.912436,5.638071,1.084004,0.027965,0.985087
-0.039729,0.014689,0.318724,3.090020,19.911468,10.416775,3.448476,2.748038,179.887792,5.639745,1.084002,0.027961,0.985102
-0.039829,0.014941,0.326346,3.200461,19.846452,10.416660,3.447640,2.765357,179.809951,5.611170,1.083828,0.027818,0.984961
-0.039779,0.014163,0.323315,3.242263,19.847693,10.416638,3.445830,2.744770,179.790173,5.589584,1.083781,0.027736,0.984890
-0.039073,0.014653,0.330033,3.789963,19.864050,10.416782,3.448038,2.749880,179.794238,5.574622,1.083715,0.027702,0.984835
-0.036989,0.014421,0.321401,3.967482,19.803798,10.416613,3.444752,2.745368,179.764387,5.556131,1.083617,0.027623,0.984754
-0.039581,0.015197,0.297296,2.708744,19.737847,10.416688,3.448587,2.753198,179.755257,5.545223,1.083553,0.027559,0.984728
-0.041283,0.014827,0.334002,3.624988,19.797653,10.416648,3.449273,2.753712,179.734606,5.532889,1.083561,0.027533,0.984662
-0.038405,0.014641,0.328748,3.750931,19.867160,10.416662,3.446669,2.748860,179.728358,5.521987,1.083495,0.027486,0.984621
-0.038782,0.015136,0.321522,2.900436,19.838933,10.416788,3.446747,2.758235,179.700276,5.528888,1.083443,0.027470,0.984590
-0.038234,0.015286,0.324748,4.418862,19.775188,10.416757,3.447455,2.758976,179.676699,5.513486,1.083358,0.027432,0.984547
-0.037468,0.014871,0.340735,3.001102,19.866265,10.416668,3.446714,2.746491,179.651769,5.500583,1.083354,0.027377,0.984493
-0.037421,0.014060,0.328599,2.256268,19.828603,10.416745,3.443799,2.734925,179.599677,5.490110,1.083221,0.027337,0.984437
-0.038058,0.014434,0.302205,3.247575,19.749488,10.416618,3.445387,2.756317,179.568934,5.483586,1.083175,0.027300,0.984377
-0.038415,0.014535,0.315609,3.261104,19.798227,10.416733,3.445243,2.738454,179.550995,5.460745,1.083111,0.027214,0.984296
-0.040250,0.015036,0.335003,3.380973,19.810775,10.416667,3.447451,2.735714,179.557936,5.455692,1.083176,0.027193,0.984292
-0.037361,0.014789,0.339428,3.066178,19.813453,10.416808,3.445713,2.761240,179.575095,5.464710,1.083116,0.027196,0.984293
-0.039233,0.014622,0.327261,2.552441,19.843110,10.416705,3.445321,2.743864,179.591717,5.467977,1.083171,0.027217,0.984324
-0.038447,0.015199,0.343571,3.218241,19.808532,10.416703,3.446993,2.735412,179.623030,5.467082,1.083170,0.027209,0.984323
-0.040151,0.014803,0.312102,3.582289,19.876235,10.416672,3.447548,2.741423,179.624654,5.464338,1.083180,0.027190,0.984304
-0.037656,0.014673,0.309133,3.209249,19.766683,10.416775,3.447579,2.729933,179.571487,5.444695,1.082990,0.027132,0.984223
-0.038182,0.015290,0.324407,3.628014,19.467515,10.802787,3.448661,2.703121,175.255330,5.770345,1.058304,0.028178,0.984084
-0.037423,0.014504,0.336356,3.007200,19.726775,10.500043,3.445626,2.762314,179.470648,5.807320,1.082852,0.028295,0.984034
-0.037962,0.014855,0.336556,2.715055,19.835625,10.416713,3.446366,2.747948,179.488497,5.405534,1.082883,0.026940,0.984037
-0.039513,0.014859,0.355322,2.598839,19.767672,10.416840,3.446552,2.750144,179.474152,5.408788,1.082853,0.026953,0.984042
-0.039172,0.014771,0.302016,2.499320,19.801237,10.500075,3.447222,2.748684,179.457595,5.701858,1.082804,0.028265,0.983972
-0.042035,0.014967,0.317654,2.392841,19.775088,10.500155,3.447797,2.738036,179.455102,5.697372,1.082755,0.028253,0.983953
-0.040290,0.014894,0.355183,2.825894,19.850648,10.500040,3.447676,2.727012,179.442989,5.696849,1.082767,0.028204,0.983943
-0.041302,0.014264,0.318098,2.831886,19.740095,10.500025,3.445686,2.755714,179.489036,5.690388,1.082805,0.028249,0.984012
-0.039918,0.014728,0.348040,2.489351,19.778035,10.416693,3.446595,2.744417,179.497256,5.405904,1.082859,0.026929,0.984044
-0.039035,0.014922,0.319071,4.164231,19.791087,10.416747,3.449093,2.764609,179.483907,5.398142,1.082844,0.026868,0.983996
-0.036809,0.014906,0.318975,2.765647,19.785667,10.416718,3.448683,2.739904,179.487129,5.385973,1.082773,0.026840,0.983949
-0.036944,0.014984,0.343075,2.638504,19.750312,10.416683,3.448567,2.746728,179.465442,5.396298,1.082789,0.026833,0.983983
-0.039986,0.014761,0.352642,3.631011,19.811335,10.416780,3.447308,2.754170,179.437086,5.380599,1.082733,0.026773,0.983923
-0.038222,0.015019,0.320600,3.308341,19.762755,10.416692,3.448098,2.732873,179.425129,5.366232,1.082665,0.026763,0.983883
-0.038106,0.014847,0.327905,2.842801,19.780473,10.416702,3.447804,2.747233,179.404590,5.364656,1.082641,0.026734,0.983825
-0.041579,0.015092,0.330134,3.097870,19.739098,10.499970,3.449702,2.733096,179.361541,5.642445,1.082533,0.028001,0.983760
-0.041537,0.015340,0.343871,2.883960,19.799347,10.500182,3.448562,2.742662,179.340086,5.633985,1.082446,0.027916,0.983664
-0.040988,0.014425,0.341877,3.241193,19.759678,10.500042,3.446655,2.751103,179.330210,5.618247,1.082364,0.027873,0.983613
-0.038596,0.014961,0.312452,2.616849,19.804127,10.500082,3.448930,2.755653,179.331073,5.604995,1.082315,0.027799,0.983545
-0.040243,0.014975,0.312296,3.222215,19.746818,10.500030,3.447270,2.733390,179.357536,5.599254,1.082263,0.027772,0.983551
-0.037124,0.015205,0.329809,3.509266,19.819107,10.500122,3.448989,2.742272,179.480471,5.619944,1.082398,0.027868,0.983617
-0.036843,0.015004,0.292011,2.991642,19.784772,10.416758,3.448611,2.739701,179.562051,5.341631,1.082512,0.026581,0.983725
-0.037000,0.014586,0.340569,2.339690,19.780588,10.416788,3.447153,2.721552,179.543940,5.336232,1.082507,0.026589,0.983740
-0.037702,0.015064,0.272836,3.661558,19.826835,10.416708,3.445782,2.751231,179.434878,5.322438,1.082408,0.026497,0.983617
-0.038073,0.014649,0.360715,2.786408,19.815230,10.500113,3.449046,2.734522,179.301372,5.597469,1.082226,0.027713,0.983475
-0.038000,0.014256,0.353685,2.987210,19.879800,10.500090,3.446201,2.742877,179.299457,5.564759,1.082141,0.027620,0.983375
-0.041790,0.015192,0.297164,3.277740,19.757172,10.500002,3.449913,2.747217,179.259883,5.562706,1.082025,0.027609,0.983377
-0.038037,0.014619,0.302586,3.450079,19.845415,10.500078,3.446603,2.736326,179.341742,5.567599,1.082138,0.027596,0.983364
-0.038709,0.014801,0.359290,2.960019,19.898710,10.500185,3.446717,2.745957,179.471407,5.594748,1.082293,0.027713,0.983505
-0.038652,0.014553,0.333943,2.757661,19.842862,10.416773,3.448035,2.750817,179.547610,5.315429,1.082382,0.026449,0.983616
-0.039750,0.014612,0.334788,2.713873,19.778052,10.416697,3.443682,2.745084,179.564449,5.309529,1.082350,0.026434,0.983627
-0.037002,0.015493,0.326172,3.064070,19.789710,10.416627,3.449616,2.744212,179.558164,5.305861,1.082386,0.026397,0.983597
-0.039588,0.015503,0.324106,2.770664,19.899103,10.416678,3.448917,2.749213,179.519000,5.299155,1.082395,0.026374,0.983561
-0.038127,0.014797,0.284913,6.707588,19.802438,10.416675,3.447957,2.748585,179.442711,5.292597,1.082239,0.026334,0.983495
-0.041972,0.015160,0.329906,3.456399,19.769503,10.500177,3.450028,2.744015,179.342279,5.570409,1.082157,0.027600,0.983376
-0.040765,0.015372,0.346257,2.555611,19.732057,10.499967,3.448229,2.752773,179.190487,5.512555,1.081885,0.027357,0.983156
-0.038895,0.014372,0.341215,3.060666,19.764582,10.500178,3.448273,2.738107,179.207638,5.525428,1.081934,0.027376,0.983178
-0.040988,0.014912,0.314585,3.343063,19.751680,10.500055,3.447276,2.734474,179.187564,5.526600,1.081911,0.027383,0.983181
-0.038102,0.014940,0.324996,2.624004,19.782825,10.500092,3.447538,2.759970,179.175356,5.512523,1.081857,0.027327,0.983110
-0.035879,0.014279,0.344040,2.634098,19.759720,10.500013,3.447046,2.755007,179.152297,5.493993,1.081784,0.027270,0.983069
-0.039552,0.014744,0.341574,2.657551,19.738000,10.500083,3.448343,2.742441,179.111647,5.494542,1.081731,0.027245,0.983036
-0.039675,0.014674,0.338322,3.242772,19.799743,10.499927,3.446552,2.766471,179.107268,5.474942,1.081687,0.027169,0.982967
-0.036106,0.015135,0.354238,3.202831,19.781658,10.500115,3.447547,2.742003,179.071844,5.455609,1.081573,0.027107,0.982892
-0.039446,0.015669,0.343352,2.912566,19.701420,10.500027,3.451940,2.737034,179.047831,5.446401,1.081532,0.027061,0.982847
-0.035868,0.015139,0.310846,3.288181,19.697707,10.500187,3.447807,2.741283,179.043594,5.426188,1.081480,0.027001,0.982781
-0.038133,0.014445,0.322483,2.677556,19.736653,10.500077,3.446629,2.744696,179.051720,5.419621,1.081405,0.026949,0.982706
-0.037976,0.015517,0.328668,4.677805,19.715172,10.500207,3.450889,2.738913,179.088950,5.421548,1.081413,0.026945,0.982715
-0.039039,0.015213,0.323552,2.823044,19.692727,10.499980,3.448444,2.746530,179.178322,5.424533,1.081462,0.026950,0.982777
-0.037124,0.014385,0.329687,3.033323,19.699732,10.500068,3.446366,2.748735,179.306330,5.461217,1.081636,0.027056,0.982895
-0.040529,0.014883,0.319523,2.704085,19.855308,10.499965,3.445968,2.739922,179.336842,5.480308,1.081742,0.027140,0.982942
-0.037507,0.014542,0.320380,2.922632,19.744390,10.500097,3.446473,2.743941,179.241045,5.466900,1.081613,0.027069,0.982898
-0.040867,0.014832,0.326828,3.042857,19.726103,10.500055,3.448428,2.738963,179.080697,5.415488,1.081387,0.026886,0.982715
-0.038420,0.014946,0.294884,2.739739,19.722430,10.500082,3.447590,2.738752,178.981294,5.379538,1.081215,0.026765,0.982540
-0.035480,0.015574,0.326107,3.065637,19.719025,10.500225,3.450399,2.730202,178.935389,5.362766,1.081134,0.026713,0.982488
-0.038861,0.015135,0.337893,3.580741,19.688947,10.499967,3.446662,2.754683,179.076491,5.381154,1.081187,0.026748,0.982535
-0.036948,0.014914,0.325889,3.165864,19.747422,10.500030,3.447406,2.739787,179.279085,5.425305,1.081440,0.026891,0.982732
-0.036616,0.014823,0.326636,2.752608,19.731220,10.500015,3.444657,2.754273,179.407442,5.465410,1.081606,0.027064,0.982887
-0.036508,0.014546,0.334344,4.022891,19.780443,10.416727,3.447409,2.754436,179.477398,5.171346,1.081700,0.025752,0.982961
-0.035999,0.015287,0.316758,3.481172,19.764048,10.416812,3.447368,2.747493,179.516977,5.187549,1.081714,0.025768,0.982997
-0.037132,0.014953,0.316507,3.373245,19.754333,10.416693,3.447335,2.745857,179.483847,5.173645,1.081684,0.025736,0.982970
-0.037435,0.014997,0.326998,2.441617,19.779080,10.416633,3.446388,2.743430,179.439966,5.160628,1.081629,0.025698,0.982904
-0.038202,0.014864,0.334112,3.207896,19.741535,10.499987,3.447143,2.736569,179.342348,5.452131,1.081454,0.026977,0.982795
-0.037503,0.014868,0.351815,2.152572,19.733798,10.499985,3.446756,2.747179,179.085555,5.386276,1.081224,0.026703,0.982550
-0.038525,0.014896,0.344648,3.019486,19.762793,10.500117,3.446606,2.750587,178.923378,5.329542,1.080923,0.026518,0.982252
-0.035141,0.015503,0.332851,2.492564,19.695773,10.500057,3.449947,2.741377,178.953089,5.336033,1.080962,0.026584,0.982344
-0.037382,0.015039,0.320607,2.798770,19.658403,10.500060,3.448423,2.751371,178.944224,5.320542,1.080869,0.026487,0.982245
-0.039398,0.015241,0.342854,3.763368,19.709502,10.583435,3.447873,2.748726,178.884261,5.601782,1.080803,0.027771,0.982137
-0.039394,0.015528,0.341145,2.909505,19.660303,10.583557,3.451890,2.751451,178.851153,5.591511,1.080757,0.027722,0.982110
-0.040755,0.015453,0.344349,3.185866,19.638365,10.582697,3.449719,2.738850,178.837395,5.586033,1.080690,0.027674,0.982064
-0.037549,0.015391,0.334287,2.783441,19.664062,10.583257,3.449747,2.764574,178.824428,5.578634,1.080636,0.027639,0.982011
-0.038739,0.015313,0.324830,2.406519,19.624082,10.583378,3.451629,2.747872,178.792208,5.566898,1.080539,0.027567,0.981947
-0.036221,0.015032,0.351645,2.846654,19.650072,10.583308,3.449940,2.750897,178.778923,5.543379,1.080483,0.027475,0.981875
-0.038164,0.015560,0.343872,2.864753,19.613113,10.583447,3.451967,2.734415,178.825700,5.550804,1.080453,0.027497,0.981874
-0.038452,0.014953,0.272765,3.774654,19.685948,10.583390,3.446861,2.753834,178.872159,5.536108,1.080554,0.027446,0.981896
-0.038780,0.015267,0.353543,3.444961,19.688087,10.499957,3.451413,2.731101,178.947430,5.261899,1.080538,0.026173,0.981963
-0.037375,0.015163,0.333482,2.810027,19.654192,10.499903,3.449807,2.728030,179.067062,5.268847,1.080675,0.026220,0.982062
-0.037340,0.015001,0.347357,2.686658,19.703628,10.499925,3.447595,2.755611,179.138866,5.291410,1.080821,0.026269,0.982127
-0.035990,0.014922,0.331516,3.565273,19.690112,10.500128,3.448888,2.743048,179.017626,5.272583,1.080673,0.026212,0.982041
-0.038042,0.015399,0.350467,2.978737,19.648910,10.500092,3.447479,2.743174,178.844372,5.241302,1.080442,0.026079,0.981847
-0.037768,0.015059,0.344758,3.133983,19.654862,10.583355,3.447778,2.728951,178.739555,5.505221,1.080263,0.027244,0.981658
-0.040026,0.015029,0.353375,3.203251,19.665042,10.583327,3.448021,2.750632,178.732668,5.501444,1.080290,0.027244,0.981670
-0.036777,0.014634,0.303451,2.986177,19.639462,10.583380,3.448197,2.745797,178.708149,5.482082,1.080124,0.027162,0.981576
-0.039531,0.015104,0.346165,2.880200,19.650758,10.583387,3.448124,2.737688,178.822462,5.490792,1.080206,0.027186,0.981624
-0.038574,0.015025,0.337362,2.706606,19.684690,10.500058,3.448850,2.755221,178.942063,5.207004,1.080331,0.025911,0.981722
-0.035441,0.015248,0.353794,2.913079,19.664143,10.500203,3.449541,2.728468,179.012570,5.220459,1.080367,0.025976,0.981822
-0.038903,0.014829,0.342226,2.909003,19.653622,10.500102,3.446759,2.752225,179.020830,5.218457,1.080428,0.025940,0.981815
-0.037487,0.014732,0.347581,3.005430,19.662025,10.500077,3.447425,2.742442,179.003221,5.216467,1.080406,0.025919,0.981785
-0.036793,0.014668,0.357034,3.423070,19.611037,10.500187,3.446315,2.754880,178.969492,5.199646,1.080323,0.025867,0.981731
-0.037756,0.015400,0.327154,2.986858,19.673735,10.499977,3.450187,2.751423,178.909629,5.190952,1.080255,0.025818,0.981643
-0.037922,0.014948,0.351451,2.854795,19.687210,10.583255,3.447724,2.730765,178.752483,5.469381,1.080136,0.027081,0.981529
-0.037737,0.014815,0.349645,2.794455,19.640438,10.583383,3.447607,2.752934,178.634805,5.412637,1.079861,0.026871,0.981291
-0.036424,0.015164,0.335395,2.584881,19.600512,10.583375,3.450863,2.762077,178.655773,5.418493,1.079852,0.026879,0.981296
-0.039100,0.015356,0.352507,2.776704,19.607348,10.583378,3.450850,2.753843,178.642349,5.404752,1.079816,0.026834,0.981255
-0.040122,0.015451,0.336640,2.775962,19.600907,10.583327,3.449783,2.747037,178.629533,5.390488,1.079763,0.026784,0.981214
-0.037045,0.016191,0.358947,2.867867,19.652265,10.583417,3.455353,2.738536,178.586830,5.387784,1.079684,0.026721,0.981157
-0.037362,0.015422,0.357856,3.341547,19.651917,10.583432,3.452578,2.753730,178.555484,5.365504,1.079652,0.026687,0.981102
-0.035696,0.015792,0.351746,3.666795,19.609800,10.583450,3.451585,2.758912,178.526333,5.359723,1.079538,0.026616,0.981030
-0.037043,0.014895,0.326840,2.551678,19.583177,10.583373,3.450364,2.742340,178.498060,5.341792,1.079495,0.026555,0.980960
-0.034557,0.014722,0.351825,2.798533,19.540997,10.583310,3.446722,2.749001,178.485718,5.335775,1.079438,0.026513,0.980946
-0.038931,0.014625,0.369776,2.651066,19.607018,10.583468,3.446328,2.743958,178.517007,5.332487,1.079472,0.026497,0.980925
-0.038058,0.015388,0.355276,3.432151,19.614595,10.583353,3.450114,2.749386,178.540170,5.335037,1.079457,0.026495,0.980932
-0.037442,0.016084,0.359473,2.829400,19.603063,10.583420,3.451702,2.750094,178.584221,5.335370,1.079467,0.026503,0.980962
-0.038695,0.015189,0.327927,2.845131,19.587423,10.583388,3.449030,2.748913,178.685216,5.346503,1.079506,0.026518,0.981000
-0.039469,0.014633,0.351028,2.852561,19.629397,10.583473,3.446427,2.730940,178.789390,5.381407,1.079641,0.026598,0.981091
-0.038943,0.014533,0.355405,1.961014,19.658537,10.583298,3.447197,2.749650,178.742534,5.379115,1.079638,0.026614,0.981081
-0.035814,0.015094,0.325064,3.379581,19.574228,10.583377,3.447629,2.751053,178.605895,5.334150,1.079465,0.026484,0.980951
-0.038745,0.015169,0.343210,2.748040,19.630427,10.583492,3.449231,2.731068,178.454124,5.289369,1.079267,0.026312,0.980739
-0.037963,0.014947,0.360735,2.696587,19.634285,10.583378,3.449223,2.752267,178.458255,5.286726,1.079190,0.026281,0.980706
-0.036895,0.015040,0.349330,2.573646,19.541655,10.583368,3.448588,2.745570,178.433229,5.278697,1.079087,0.026241,0.980656
-0.039964,0.015056,0.362674,2.810831,19.619832,10.583390,3.451396,2.744676,178.518739,5.273890,1.079142,0.026212,0.980629
-0.038750,0.015771,0.335092,2.819164,19.621697,10.583410,3.451860,2.737319,178.642365,5.301074,1.079285,0.026299,0.980760
-0.038830,0.014800,0.326211,2.790117,19.652440,10.583377,3.445627,2.743871,178.748346,5.322401,1.079409,0.026393,0.980860
-0.038656,0.015121,0.348736,3.337877,19.624250,10.583445,3.448799,2.736725,178.773724,5.341787,1.079426,0.026441,0.980912
-0.036993,0.015217,0.352917,2.605132,19.690247,10.583345,3.449267,2.740717,178.785000,5.336520,1.079445,0.026414,0.980899
-0.039296,0.015441,0.348598,3.184136,19.649482,10.583385,3.451086,2.735770,178.762625,5.342233,1.079402,0.026405,0.980891
-0.038626,0.015262,0.334706,2.808186,19.652502,10.583367,3.448863,2.749035,178.730222,5.318933,1.079348,0.026341,0.980839
-0.037741,0.015363,0.364116,2.733232,19.750970,10.583425,3.448560,2.746512,178.650138,5.302033,1.079334,0.026256,0.980758
-0.037076,0.015081,0.354375,3.100649,19.701443,10.583318,3.448871,2.757500,178.404485,5.243557,1.079034,0.026097,0.980535
-0.035822,0.015627,0.365853,2.501953,19.617433,10.583283,3.449811,2.756682,178.406180,5.233250,1.078928,0.026045,0.980453
-0.037348,0.015560,0.345935,2.837639,19.608753,10.583327,3.450870,2.736350,178.398456,5.228048,1.078903,0.026010,0.980426
-0.038760,0.015366,0.362832,2.736518,19.546247,10.583375,3.450189,2.741991,178.391831,5.215780,1.078817,0.025997,0.980397
-0.035774,0.015282,0.360651,3.024926,19.562108,10.583308,3.450640,2.743777,178.362803,5.209890,1.078740,0.025918,0.980314
-0.036537,0.015472,0.357931,2.426994,19.571807,10.583388,3.452783,2.753017,178.350010,5.208819,1.078704,0.025901,0.980307
-0.035826,0.015585,0.350614,2.491262,19.520775,10.666782,3.450275,2.750061,178.318467,5.500556,1.078671,0.027230,0.980255
-0.038900,0.015615,0.367335,2.717180,19.544760,10.666668,3.450405,2.748295,178.291297,5.483238,1.078613,0.027149,0.980198
-0.037626,0.015760,0.350616,2.724469,19.590083,10.666742,3.450801,2.738754,178.272449,5.470955,1.078554,0.027096,0.980125
-0.037194,0.015993,0.371905,2.613200,19.542645,10.666800,3.453298,2.756033,178.282600,5.464561,1.078448,0.027024,0.980071
-0.035158,0.015948,0.356946,2.821451,19.528463,10.666765,3.451068,2.726404,178.241956,5.447282,1.078427,0.026969,0.980023
-0.041733,0.015418,0.344529,3.537277,19.531633,10.666758,3.451052,2.748374,178.219804,5.443388,1.078375,0.026938,0.979974
-0.040154,0.016176,0.349993,2.778953,19.559785,10.666740,3.454541,2.750044,178.333738,5.436133,1.078391,0.026910,0.979963
-0.039246,0.015505,0.353097,3.281457,19.527663,10.666793,3.450726,2.756346,178.393684,5.449458,1.078457,0.027005,0.980054
-0.035871,0.015914,0.329044,2.351012,19.557668,10.583287,3.452715,2.752188,178.381670,5.147132,1.078531,0.025624,0.980059
-0.038345,0.015778,0.358462,3.194684,19.528473,10.666755,3.452064,2.741159,178.257591,5.440059,1.078371,0.026915,0.979966
-0.038370,0.015331,0.362886,2.859339,19.525783,10.666675,3.450135,2.749731,178.207052,5.413188,1.078313,0.026799,0.979875
-0.041316,0.015580,0.340663,2.544890,19.517475,10.666678,3.450539,2.757220,178.204933,5.419035,1.078338,0.026815,0.979906
-0.037342,0.015765,0.359184,2.728121,19.494682,10.666700,3.449900,2.743214,178.173681,5.408431,1.078193,0.026767,0.979825
-0.037283,0.015024,0.363616,2.801729,19.578622,10.666668,3.449469,2.744132,178.210646,5.394330,1.078147,0.026714,0.979777
-0.041229,0.016173,0.345025,2.973494,19.595478,10.666658,3.453837,2.745981,178.300463,5.399970,1.078234,0.026744,0.979805
-0.034995,0.015197,0.340573,2.716860,19.621788,10.583517,3.449315,2.746200,178.429776,5.120251,1.078319,0.025473,0.979899
-0.035136,0.014862,0.349498,3.315255,19.591792,10.583348,3.447570,2.741557,178.513590,5.135608,1.078397,0.025512,0.979998
-0.038399,0.014765,0.339588,2.913994,19.607527,10.583327,3.448268,2.760283,178.576703,5.148889,1.078483,0.025528,0.980050
-0.038263,0.014956,0.345796,2.607059,19.617833,10.583420,3.447482,2.738551,178.599956,5.142876,1.078503,0.025541,0.980069
-0.034403,0.015239,0.315764,8.177207,19.622262,10.583365,3.449439,2.749534,178.615321,5.148088,1.078515,0.025544,0.980074
-0.037019,0.015248,0.337350,3.012362,19.643745,10.583218,3.450325,2.722725,178.616830,5.138496,1.078533,0.025515,0.980048
-0.034838,0.015349,0.361466,2.875629,19.577993,10.583273,3.448771,2.750149,178.389651,5.106116,1.078299,0.025381,0.979882
-0.037159,0.015748,0.331868,3.026856,19.562272,10.666858,3.450893,2.730529,178.148726,5.351123,1.077982,0.026487,0.979578
-0.040317,0.015489,0.360081,2.793205,19.560290,10.666735,3.450489,2.751586,178.171207,5.300617,1.077794,0.026328,0.979402
-0.035819,0.015527,0.373495,2.897270,19.536743,10.666663,3.450575,2.751984,178.141169,5.291049,1.077712,0.026281,0.979343
-0.037438,0.014896,0.354475,2.968988,19.497632,10.666700,3.448109,2.747631,178.127984,5.279556,1.077653,0.026240,0.979301
-0.038147,0.015229,0.385825,2.817689,19.556715,10.666595,3.448439,2.739274,178.165608,5.263816,1.077605,0.026160,0.979214
-0.037448,0.015814,0.364371,2.602213,19.512947,10.666787,3.453958,2.767303,178.105347,5.260861,1.077526,0.026137,0.979192
-0.034136,0.015528,0.375615,2.433004,19.522002,10.666723,3.451189,2.766741,178.098280,5.249210,1.077493,0.026101,0.979143
-0.039705,0.015804,0.353873,2.696810,19.548743,10.666742,3.453635,2.754938,178.069863,5.246632,1.077427,0.026076,0.979109
-0.037528,0.015624,0.333741,2.412334,19.594347,10.666820,3.452285,2.755265,178.046370,5.233392,1.077434,0.026025,0.979068
-0.037078,0.015808,0.362623,2.432486,19.478447,10.666673,3.450314,2.739809,178.012356,5.228062,1.077321,0.026007,0.979045
-0.036742,0.015836,0.367546,2.768614,19.517580,10.666595,3.453095,2.748364,178.006613,5.219888,1.077325,0.025939,0.979005
-0.034297,0.015852,0.362665,2.796468,19.475175,10.666702,3.451142,2.737912,177.964399,5.218231,1.077262,0.025940,0.978991
-0.036108,0.014898,0.374753,2.673547,19.525438,10.666660,3.448043,2.751099,178.001662,5.223569,1.077316,0.025917,0.978990
-0.038598,0.015558,0.379375,3.444036,19.510077,10.666665,3.453134,2.745406,177.977367,5.210528,1.077270,0.025893,0.978958
-0.034385,0.015946,0.355469,3.079754,19.503858,10.666752,3.452068,2.740321,178.107819,5.206775,1.077267,0.025893,0.978929
-0.034219,0.015930,0.357694,2.682899,19.565207,10.666698,3.451208,2.747937,178.046639,5.218348,1.077340,0.025950,0.978992
-0.038661,0.015617,0.375926,2.660303,19.533622,10.666815,3.450751,2.728369,178.057098,5.212513,1.077308,0.025911,0.978989
-0.039650,0.015744,0.359228,3.023976,19.521217,10.666703,3.449619,2.748215,178.060028,5.213827,1.077286,0.025900,0.978968
-0.034429,0.016366,0.353515,2.721203,19.507292,10.666855,3.456239,2.750169,177.936747,5.189082,1.077085,0.025809,0.978813
-0.037256,0.015728,0.344812,3.238922,19.491435,10.666657,3.453312,2.759386,177.953806,5.169196,1.077046,0.025701,0.978767
-0.035820,0.015862,0.349519,2.832181,19.582168,10.666825,3.453134,2.742444,178.017111,5.170853,1.077116,0.025693,0.978795
-0.036661,0.014707,0.372853,3.102571,19.544818,10.666778,3.445803,2.747466,178.057351,5.177933,1.077133,0.025729,0.978835
-0.037909,0.015683,0.388299,2.570677,19.533007,10.666698,3.449240,2.741194,178.113564,5.185773,1.077158,0.025718,0.978857
-0.037731,0.015091,0.317233,2.643778,19.538707,10.666598,3.448291,2.738944,178.121147,5.189905,1.077145,0.025728,0.978845
-0.036439,0.015385,0.359237,2.768280,19.512352,10.666713,3.450476,2.762303,178.113817,5.174542,1.077080,0.025693,0.978811
-0.034144,0.015513,0.336114,2.930291,19.550017,10.666692,3.449873,2.715338,178.133136,5.173201,1.077107,0.025668,0.978796
-0.035992,0.014906,0.369387,3.079512,19.581455,10.666682,3.448275,2.736257,178.080313,5.160803,1.077100,0.025616,0.978740
-0.039410,0.015647,0.358854,2.894265,19.554318,10.749953,3.449789,2.745203,177.834717,5.420810,1.076807,0.026854,0.978527
-0.035517,0.016163,0.365419,2.587519,19.464913,10.666657,3.453028,2.750766,177.864390,5.134671,1.076864,0.025514,0.978603
-0.038059,0.016044,0.358364,2.838797,19.520822,10.666622,3.452123,2.744427,177.851313,5.126880,1.076874,0.025487,0.978588
-0.037263,0.015618,0.337379,2.452722,19.484428,10.666643,3.451587,2.755744,177.819862,5.115108,1.076781,0.025409,0.978514
-0.033707,0.015769,0.372969,2.679288,19.497505,10.666765,3.450665,2.756466,177.805455,5.101598,1.076664,0.025364,0.978449
-0.036100,0.015516,0.387195,2.687021,19.522687,10.666730,3.450370,2.755111,177.796005,5.100249,1.076674,0.025334,0.978401
-0.036621,0.015643,0.375964,2.443265,19.532687,10.666590,3.452246,2.741938,177.813660,5.090752,1.076669,0.025310,0.978399
-0.036105,0.015459,0.360417,3.090545,19.514113,10.666700,3.451113,2.744369,177.780467,5.079499,1.076584,0.025263,0.978332
-0.041678,0.016136,0.369368,2.702848,19.523872,10.750040,3.452568,2.733173,177.758985,5.367970,1.076543,0.026583,0.978268
-0.042058,0.016106,0.373449,3.018762,19.538260,10.750085,3.452715,2.739421,177.759089,5.357205,1.076460,0.026526,0.978222
-0.036971,0.015825,0.367146,2.944044,19.512988,10.750075,3.451053,2.739714,177.737522,5.354358,1.076409,0.026477,0.978173
-0.038387,0.015481,0.353725,2.488911,19.486058,10.749958,3.449887,2.744983,177.979198,5.359603,1.076420,0.026512,0.978214
-0.037383,0.015491,0.357905,2.851888,19.643598,10.666673,3.450553,2.756951,178.470181,5.171975,1.077045,0.025541,0.978725
-0.035959,0.015706,0.339092,3.343870,19.607833,10.583367,3.450924,2.757800,178.767691,4.943985,1.077444,0.024502,0.979114
-0.036849,0.015169,0.372588,3.087293,19.715017,10.583315,3.448599,2.760881,178.826854,4.969834,1.077593,0.024587,0.979219
-0.034758,0.016015,0.339832,2.740431,19.657418,10.583348,3.450212,2.752742,178.760604,4.954382,1.077510,0.024547,0.979189
-0.036566,0.014883,0.355846,3.709806,19.607275,10.583433,3.448339,2.746392,178.722524,4.944777,1.077415,0.024508,0.979127
-0.037196,0.014396,0.352401,3.110912,19.649608,10.583428,3.445609,2.755574,178.703791,4.934051,1.077405,0.024441,0.979056
-0.035245,0.015441,0.315991,2.890160,19.658873,10.583323,3.447540,2.744482,178.741159,4.929450,1.077363,0.024447,0.979067
-0.040069,0.014647,0.335784,2.867530,19.660305,10.583305,3.445313,2.752025,178.971633,4.981129,1.077557,0.024585,0.979233
-0.035645,0.015210,0.297425,3.032567,19.755768,10.500003,3.445790,2.769101,179.197203,4.718652,1.077829,0.023420,0.979439
-0.034112,0.015420,0.308420,3.668786,19.711118,10.500125,3.447106,2.734008,179.366353,4.753457,1.078009,0.023548,0.979644
-0.037731,0.014527,0.336927,3.187617,19.767277,10.500033,3.444952,2.738052,179.503402,4.794135,1.078187,0.023649,0.979768
-0.035996,0.014667,0.325077,4.038699,19.725400,10.499963,3.444511,2.745115,179.595533,4.815508,1.078283,0.023740,0.979883
-0.038330,0.015329,0.316396,2.954238,19.723022,10.499897,3.446532,2.754989,179.635251,4.823922,1.078286,0.023791,0.979915
-0.034497,0.015296,0.305828,3.167857,19.757455,10.500010,3.447333,2.762719,179.627716,4.821233,1.078309,0.023798,0.979920
-0.036422,0.015478,0.306377,3.806526,19.781642,10.499953,3.447468,2.767179,179.584581,4.813608,1.078327,0.023743,0.979862
-0.034628,0.014307,0.303287,3.211401,19.711962,10.500073,3.443648,2.754113,179.314749,4.759251,1.078015,0.023533,0.979632
-0.035518,0.015172,0.319878,2.541128,19.667885,10.499965,3.447089,2.750505,179.038507,4.697231,1.077668,0.023319,0.979324
-0.034444,0.015040,0.342579,3.441848,19.641308,10.583327,3.446407,2.737289,178.828408,4.938645,1.077371,0.024407,0.979051
-0.033968,0.014510,0.338971,2.904483,19.648410,10.583298,3.445612,2.744796,178.693197,4.874725,1.077180,0.024216,0.978848
-0.037582,0.015356,0.346168,2.701645,19.573178,10.583460,3.449544,2.729460,178.608601,4.859265,1.077016,0.024118,0.978731
-0.036374,0.015114,0.322204,2.852002,19.679603,10.583333,3.448148,2.756874,178.569960,4.841886,1.076965,0.024029,0.978645
-0.035831,0.015753,0.350542,2.811390,19.524945,10.583192,3.452060,2.749407,178.541718,4.828595,1.076830,0.024003,0.978592
-0.035494,0.015564,0.346831,2.250751,19.557897,10.583338,3.449914,2.746634,178.535644,4.818787,1.076809,0.023940,0.978516
-0.032841,0.015550,0.324989,4.575165,19.594937,10.583352,3.449715,2.740207,178.528388,4.812267,1.076747,0.023902,0.978475
-0.036341,0.015311,0.361910,2.414106,19.567197,10.583360,3.449147,2.731512,178.530591,4.808065,1.076701,0.023885,0.978461
-0.036757,0.015467,0.351018,2.713766,19.612602,10.583467,3.447533,2.748831,178.519990,4.800451,1.076688,0.023844,0.978425
-0.036497,0.016320,0.331057,3.019528,19.590315,10.666658,3.451646,2.742501,178.495914,5.086105,1.076609,0.025136,0.978364
-0.039152,0.015612,0.352348,3.203047,19.564495,10.666723,3.450561,2.751946,178.530317,5.084553,1.076581,0.025114,0.978346
-0.035487,0.015368,0.322604,3.333858,19.602447,10.583428,3.450478,2.746316,178.630575,4.792100,1.076674,0.023795,0.978395
-0.035877,0.014672,0.345891,3.232236,19.563508,10.583415,3.447209,2.728902,178.631876,4.791140,1.076648,0.023793,0.978407
-0.034425,0.015354,0.352747,2.691135,19.558557,10.583310,3.449898,2.742008,178.545062,4.773812,1.076529,0.023706,0.978299
-0.039115,0.015334,0.358728,2.898635,19.580150,10.666662,3.450901,2.766315,178.477512,5.062935,1.076424,0.024981,0.978198
-0.034257,0.014936,0.359783,2.800715,19.554782,10.666792,3.449221,2.745490,178.429824,5.040039,1.076320,0.024883,0.978120
-0.036124,0.014568,0.346870,3.210927,19.565605,10.666763,3.444794,2.742001,178.383141,5.019892,1.076225,0.024801,0.978035
-0.036674,0.015658,0.356651,2.975833,19.552087,10.666793,3.450426,2.750536,178.534469,5.033862,1.076273,0.024865,0.978101
-0.035802,0.015424,0.353502,2.667551,19.577860,10.583313,3.448834,2.738783,178.721960,4.754916,1.076488,0.023594,0.978270
-0.037861,0.015680,0.325643,2.138464,19.671002,10.583495,3.450373,2.752902,178.874807,4.785928,1.076648,0.023715,0.978401
-0.034414,0.015396,0.329733,3.355243,19.687742,10.583422,3.447694,2.757754,178.976660,4.822810,1.076805,0.023817,0.978541
-0.038014,0.014301,0.350747,3.255392,19.630035,10.583440,3.444114,2.735209,179.051868,4.843640,1.076847,0.023873,0.978591
-0.034002,0.015141,0.322822,4.302198,19.659168,10.583423,3.445115,2.757321,179.111504,4.853175,1.076910,0.023913,0.978629
-0.036804,0.015239,0.309958,3.044976,19.656937,10.583377,3.446575,2.755864,179.145687,4.854787,1.076920,0.023937,0.978656
-0.034714,0.014442,0.328645,3.269013,19.816130,10.583462,3.443199,2.734389,179.188202,4.856808,1.077011,0.023957,0.978670
-0.037383,0.015552,0.345700,4.111914,19.633768,10.583395,3.448612,2.734917,179.009474,4.842115,1.076842,0.023871,0.978605
-0.036267,0.014999,0.334812,3.694189,19.533042,10.583442,3.446758,2.748002,178.766270,4.760467,1.076531,0.023610,0.978312
-0.032706,0.015112,0.339791,3.015995,19.554817,10.583407,3.446385,2.764724,178.596532,4.718027,1.076302,0.023434,0.978072
-0.035571,0.015063,0.349377,2.973152,19.581590,10.666795,3.446514,2.761688,178.481233,4.982608,1.076111,0.024639,0.977894
-0.035457,0.014808,0.345839,2.891541,19.509493,10.666760,3.447525,2.734266,178.399239,4.958353,1.075932,0.024496,0.977775
-0.036680,0.015733,0.359675,2.780357,19.479363,10.666792,3.449841,2.762945,178.354322,4.932754,1.075863,0.024409,0.977664
-0.036412,0.015358,0.330488,3.233305,19.537545,10.666608,3.449727,2.745022,178.330348,4.911886,1.075760,0.024314,0.977571
-0.035066,0.015011,0.347847,4.148193,19.477610,10.666565,3.447772,2.759820,178.314109,4.898093,1.075687,0.024272,0.977528
-0.035868,0.014934,0.328558,3.113233,19.527810,10.666660,3.448686,2.760532,178.327266,4.895653,1.075693,0.024247,0.977497
-0.035379,0.015500,0.364141,2.752234,19.524805,10.666885,3.450869,2.753020,178.345864,4.882937,1.075648,0.024211,0.977476
-0.037500,0.015786,0.335083,2.422335,19.556125,10.666872,3.450186,2.745466,178.358876,4.883868,1.075671,0.024202,0.977467
-0.035279,0.014862,0.339259,2.454898,19.546922,10.666540,3.448566,2.760641,178.397828,4.882238,1.075633,0.024183,0.977453
-0.034917,0.015467,0.344208,2.844153,19.519262,10.666710,3.448287,2.760890,178.395896,4.888251,1.075578,0.024172,0.977455
-0.036229,0.015124,0.310114,4.179491,19.555680,10.666728,3.448553,2.741868,178.491914,4.896191,1.075658,0.024176,0.977482
-0.036387,0.014825,0.319802,2.314924,19.650670,10.666743,3.447042,2.737898,178.569751,4.923734,1.075784,0.024271,0.977549
-0.037081,0.015387,0.356941,2.961977,19.566015,10.666748,3.447959,2.749079,178.468773,4.911592,1.075662,0.024206,0.977494
-0.033550,0.015138,0.345515,2.909206,19.548605,10.666737,3.447613,2.755895,178.360914,4.864871,1.075506,0.024071,0.977360
-0.037315,0.015838,0.352182,2.721401,19.552338,10.666618,3.451264,2.765335,178.256493,4.824392,1.075357,0.023939,0.977205
-0.034144,0.015362,0.346973,2.906105,19.493412,10.666805,3.449435,2.770743,178.199041,4.809097,1.075228,0.023865,0.977101
-0.034697,0.015755,0.338764,2.492074,19.517258,10.666677,3.448364,2.757506,178.248670,4.802083,1.075163,0.023817,0.977058
-0.037003,0.015503,0.346162,3.286184,19.556170,10.666700,3.448608,2.765030,178.435158,4.825799,1.075347,0.023881,0.977179
-0.037809,0.015050,0.338893,3.246756,19.600337,10.666717,3.446797,2.742016,178.611591,4.872660,1.075527,0.024044,0.977352
-0.031702,0.015258,0.341454,2.593984,19.629792,10.583248,3.448702,2.750751,178.752598,4.597024,1.075713,0.022813,0.977486
-0.035539,0.015561,0.343907,3.486050,19.657045,10.583470,3.447460,2.767590,178.843926,4.618022,1.075801,0.022865,0.977575
-0.034842,0.015602,0.327157,3.217441,19.642165,10.583527,3.447380,2.755267,178.902216,4.625145,1.075793,0.022901,0.977636
-0.034406,0.014928,0.350646,3.996873,19.616077,10.583360,3.447677,2.752831,178.932991,4.635098,1.075825,0.022899,0.977643
-0.034057,0.015621,0.362624,2.900151,19.648557,10.583378,3.449847,2.752025,178.940731,4.624090,1.075839,0.022881,0.977649
-0.033089,0.015942,0.317968,3.211749,19.635185,10.583337,3.449016,2.748555,178.848553,4.612563,1.075791,0.022819,0.977574
-0.036195,0.015184,0.355547,2.690786,19.612230,10.666777,3.447367,2.733036,178.594328,4.871707,1.075498,0.024031,0.977346
-0.035201,0.015252,0.342919,2.996993,19.604112,10.666717,3.447034,2.748104,178.414699,4.804679,1.075247,0.023765,0.977085
-0.033279,0.015460,0.327304,4.022647,19.509502,10.666698,3.449890,2.754328,178.251600,4.760542,1.075002,0.023617,0.976909
-0.035791,0.015236,0.380200,2.771912,19.486905,10.666597,3.448027,2.748605,178.173366,4.734143,1.074863,0.023500,0.976762
-0.033752,0.016189,0.343720,2.908935,19.519188,10.666622,3.453610,2.775612,178.124218,4.726589,1.074746,0.023442,0.976668
-0.037069,0.015743,0.375418,2.729251,19.482765,10.749302,3.450676,2.756515,178.095046,5.002717,1.074683,0.024699,0.976584
-0.035808,0.015887,0.343217,2.657620,19.470377,10.750152,3.449500,2.741106,178.072352,4.994153,1.074608,0.024628,0.976529
-0.033817,0.016219,0.351452,3.329626,19.491537,10.750027,3.452323,2.758819,178.067790,4.976138,1.074549,0.024574,0.976475
-0.035066,0.015782,0.355289,3.522425,19.591857,10.750032,3.449705,2.747147,178.094945,4.978010,1.074540,0.024589,0.976459
-0.036794,0.014932,0.341695,3.593510,19.452480,10.750022,3.446940,2.750326,178.123589,4.984469,1.074528,0.024612,0.976481
-0.036299,0.015381,0.356760,3.631693,19.458972,10.750128,3.450898,2.768385,178.141169,4.969959,1.074514,0.024563,0.976435
-0.035557,0.015528,0.378721,2.712720,19.543262,10.666663,3.450655,2.754311,178.182426,4.672067,1.074536,0.023192,0.976445
-0.032965,0.016536,0.340835,2.932425,19.535090,10.666673,3.454609,2.744017,178.276144,4.679034,1.074574,0.023213,0.976492
-0.035375,0.015554,0.323852,3.040131,19.499672,10.666672,3.449653,2.759120,178.374295,4.696494,1.074652,0.023249,0.976583
-0.033765,0.015357,0.358386,2.718310,19.543915,10.666670,3.448721,2.746621,178.342303,4.691099,1.074656,0.023231,0.976557
-0.034627,0.014590,0.362201,3.012653,19.555602,10.666617,3.444259,2.752169,178.224386,4.666006,1.074500,0.023136,0.976413
-0.035936,0.015507,0.343477,3.297955,19.529520,10.749877,3.451548,2.747379,178.112658,4.939543,1.074300,0.024375,0.976294
-0.034574,0.015322,0.301780,3.302903,19.488202,10.750072,3.449418,2.746016,178.012547,4.911875,1.074142,0.024243,0.976158
-0.034497,0.015819,0.370495,3.012945,19.468672,10.749910,3.451540,2.749224,177.966064,4.885945,1.074020,0.024139,0.976050
-0.035786,0.016137,0.367657,2.783506,19.464963,10.750162,3.451205,2.747487,178.119109,4.901280,1.074056,0.024169,0.976075
-0.034043,0.015789,0.367214,2.594740,19.567950,10.666818,3.450850,2.747827,178.337119,4.627862,1.074293,0.022957,0.976252
-0.034909,0.014943,0.331397,2.329502,19.545823,10.666645,3.446667,2.771265,178.483357,4.653537,1.074445,0.023039,0.976394
-0.035410,0.015428,0.352295,2.937085,19.476568,10.666587,3.448014,2.772303,178.566857,4.675145,1.074434,0.023089,0.976459
-0.034492,0.014984,0.336482,3.095822,19.582688,10.666743,3.446879,2.764647,178.626604,4.683299,1.074562,0.023099,0.976481
-0.033970,0.015023,0.346359,2.345579,19.553638,10.666818,3.447575,2.745661,178.645723,4.690859,1.074555,0.023120,0.976491
-0.037802,0.015430,0.327538,3.084505,19.607208,10.666735,3.448185,2.750131,178.636403,4.681169,1.074541,0.023076,0.976467
-0.032858,0.015376,0.349404,2.911821,19.587983,10.666753,3.447867,2.743948,178.593074,4.665903,1.074470,0.023053,0.976432
-0.032435,0.015103,0.331860,2.827163,19.509610,10.666772,3.447566,2.743518,178.369799,4.621293,1.074284,0.022902,0.976243
-0.035259,0.015723,0.351048,2.418989,19.469608,10.750020,3.450343,2.740051,178.143790,4.870709,1.073952,0.024034,0.975972
-0.033176,0.015698,0.365759,2.673873,19.417687,10.750155,3.448813,2.748988,177.989546,4.817908,1.073737,0.023815,0.975755
-0.034650,0.015815,0.355436,2.935732,19.414387,10.750008,3.451748,2.757733,177.888456,4.778061,1.073585,0.023671,0.975604
-0.035922,0.015075,0.363878,4.036732,19.444497,10.749980,3.450131,2.756171,177.830444,4.763391,1.073467,0.023606,0.975491
-0.034551,0.015561,0.348387,2.859483,19.433310,10.750110,3.450393,2.752037,177.816810,4.745468,1.073434,0.023546,0.975429
-0.036677,0.015514,0.381137,2.571301,19.420990,10.181413,3.449130,2.749609,177.771269,4.687670,1.073092,0.023222,0.975136
-0.033155,0.015522,0.364406,2.819517,19.456528,10.750013,3.450695,2.748216,177.801418,4.728297,1.073295,0.023454,0.975338
-0.032935,0.015614,0.347797,3.843500,19.412845,10.749957,3.448908,2.764490,177.808731,4.727591,1.073276,0.023434,0.975323
-0.035604,0.015015,0.356398,3.445879,19.383005,10.750073,3.447234,2.745048,177.812783,4.716217,1.073226,0.023385,0.975278
-0.036495,0.015716,0.359205,3.693356,19.420137,10.750125,3.452864,2.753435,177.830555,4.708570,1.073224,0.023367,0.975260
-0.034536,0.015588,0.349353,2.877560,19.450560,10.750007,3.449816,2.755014,177.851453,4.704454,1.073216,0.023337,0.975241
-0.033952,0.015493,0.380869,2.755441,19.423778,10.749940,3.448472,2.746546,177.909109,4.715176,1.073219,0.023358,0.975250
-0.035732,0.015804,0.354316,2.894672,19.489722,10.749845,3.450633,2.758052,178.047984,4.726561,1.073355,0.023396,0.975340
-0.037137,0.015477,0.332925,3.555162,19.446827,10.750023,3.449604,2.763354,178.049772,4.737429,1.073371,0.023415,0.975374
-0.034838,0.015779,0.357931,2.768964,19.473235,10.750100,3.450374,2.758147,177.911774,4.696535,1.073205,0.023274,0.975248
-0.032920,0.015804,0.331883,2.825624,19.444192,10.750128,3.449525,2.741595,177.810420,4.672563,1.073034,0.023180,0.975098
-0.035382,0.015452,0.331410,2.783288,19.461183,10.749867,3.449253,2.745376,177.756431,4.654432,1.072940,0.023133,0.975015
-0.036184,0.015910,0.336811,2.922866,19.449592,10.833317,3.452297,2.755276,177.714927,4.954761,1.072816,0.024435,0.974940
-0.035054,0.015563,0.371131,2.694876,19.473123,10.833357,3.452242,2.732560,177.772266,4.940655,1.072794,0.024394,0.974901
-0.033659,0.015949,0.322347,3.023112,19.470247,10.749928,3.448867,2.746361,177.940202,4.656024,1.072874,0.023068,0.975000
-0.036729,0.015561,0.353232,2.502416,19.494415,10.749838,3.449729,2.738435,178.035787,4.672680,1.073001,0.023134,0.975091
-0.036743,0.015808,0.336664,3.198655,19.443595,10.749998,3.448887,2.742425,178.097199,4.682461,1.073026,0.023155,0.975134
-0.033709,0.015671,0.362699,3.396091,19.509483,10.750010,3.450791,2.765200,178.168621,4.691046,1.073204,0.023155,0.975156
-0.036635,0.015217,0.375096,4.304200,19.508943,10.750098,3.448596,2.737882,178.192806,4.700776,1.073111,0.023185,0.975178
-0.036297,0.015863,0.344181,3.290568,19.485227,10.750082,3.450869,2.760126,178.191521,4.705697,1.073104,0.023152,0.975157
-0.035596,0.015178,0.339496,2.926502,19.482488,10.750142,3.448937,2.751840,178.209139,4.689783,1.073034,0.023141,0.975138
-0.036015,0.015691,0.382852,3.035266,19.505182,10.750035,3.451051,2.749027,178.113138,4.671602,1.073008,0.023064,0.975060
-0.036767,0.015700,0.325590,3.866768,19.398655,10.750007,3.450294,2.757934,177.907335,4.617170,1.072730,0.022894,0.974864
-0.033390,0.016253,0.350700,2.952554,19.413258,10.750165,3.451811,2.750979,177.765441,4.591430,1.072513,0.022762,0.974660
-0.034519,0.016819,0.360081,2.696628,19.376562,10.833467,3.455661,2.767987,177.667370,4.864689,1.072364,0.023975,0.974507
-0.033749,0.015210,0.372896,2.926656,19.364918,10.833385,3.447570,2.750357,177.603258,4.828289,1.072225,0.023825,0.974391
-0.032928,0.015494,0.355599,2.679325,19.331958,10.833395,3.448911,2.764431,177.575173,4.801911,1.072143,0.023750,0.974310
-0.037166,0.015990,0.374965,2.459242,19.360012,10.833437,3.450528,2.754810,177.558788,4.786841,1.072051,0.023687,0.974251
-0.037232,0.015941,0.334026,2.770718,19.390740,10.833453,3.452269,2.754315,177.545328,4.774325,1.072024,0.023629,0.974192
-0.032673,0.015236,0.367326,3.393283,19.419120,10.833400,3.448989,2.743334,177.531674,4.772776,1.071995,0.023589,0.974139
-0.035683,0.015514,0.361425,2.507913,19.428193,10.833437,3.449711,2.744881,177.497672,4.753806,1.071912,0.023555,0.974088
-0.034729,0.015465,0.349148,2.939572,19.383352,10.749962,3.449839,2.774127,177.481429,4.715811,1.071850,0.023503,0.974025
-0.034318,0.016128,0.372002,2.117050,19.392757,10.833403,3.453169,2.737733,177.451436,4.728972,1.071767,0.023433,0.973956
-0.035484,0.016193,0.365535,3.018203,19.338095,10.833335,3.451480,2.753388,177.463421,4.722211,1.071740,0.023412,0.973926
-0.034700,0.016268,0.358039,2.414893,19.489435,10.833398,3.453354,2.741215,177.448324,4.709876,1.071745,0.023351,0.973867
-0.034416,0.015423,0.377450,2.502433,19.347673,10.833348,3.448288,2.758063,177.428308,4.702286,1.071629,0.023339,0.973838
-0.034820,0.015737,0.364237,2.329752,19.403298,10.833330,3.450969,2.755441,177.436166,4.699372,1.071634,0.023282,0.973789
-0.033806,0.015733,0.364201,2.866629,19.412697,10.833328,3.450641,2.761238,177.404761,4.694130,1.071574,0.023265,0.973762
-0.033144,0.015464,0.375278,2.279883,19.373510,10.833513,3.451906,2.747736,177.373342,4.681235,1.071489,0.023216,0.973704
-0.034964,0.015955,0.386662,2.865599,19.324772,10.833327,3.452547,2.740308,177.349934,4.666603,1.071418,0.023147,0.973636
-0.033105,0.016019,0.358149,2.418554,19.368192,10.833358,3.450863,2.755039,177.385626,4.648885,1.071358,0.023106,0.973604
-0.037485,0.015934,0.329156,2.586834,19.343623,10.833447,3.448158,2.762070,177.641683,4.683933,1.071562,0.023195,0.973753
-0.033256,0.015289,0.364161,2.936362,19.434837,10.833328,3.447461,2.748309,177.876250,4.744923,1.071808,0.023372,0.973973
-0.034497,0.016271,0.357466,3.516110,19.479787,10.749955,3.449885,2.755628,178.072095,4.472777,1.072026,0.022160,0.974147
-0.034882,0.015993,0.359338,2.984543,19.597525,10.512310,3.451538,2.766248,178.218117,4.487456,1.072109,0.022156,0.974210
-0.034675,0.016083,0.313225,2.709493,19.428512,10.749918,3.449948,2.748723,178.320453,4.525150,1.072211,0.022353,0.974405
-0.034175,0.015576,0.344165,3.675349,19.524083,10.533527,3.446260,2.773570,178.379453,4.521858,1.072224,0.022258,0.974334
-0.036444,0.014900,0.328133,3.384837,19.486445,10.750022,3.445705,2.750380,178.395232,4.533871,1.072284,0.022348,0.974425
-0.032696,0.015289,0.357451,2.798719,19.519410,10.749998,3.444966,2.770870,178.340427,4.526370,1.072279,0.022303,0.974365
-0.033441,0.015499,0.310978,3.215250,19.483527,10.749992,3.449526,2.749994,178.068653,4.470937,1.071968,0.022108,0.974145
-0.031903,0.015003,0.377764,2.394287,19.425100,10.833438,3.446930,2.755207,177.767043,4.712439,1.071619,0.023228,0.973836
-0.035429,0.016162,0.383192,2.760647,19.417135,10.833363,3.452202,2.745411,177.568501,4.646622,1.071320,0.022995,0.973583
-0.034282,0.015704,0.316222,3.019248,19.357117,10.833398,3.449612,2.750481,177.455973,4.606073,1.071110,0.022853,0.973395
-0.032882,0.016271,0.359803,2.509288,19.331498,10.833382,3.453491,2.738478,177.407167,4.592950,1.071017,0.022764,0.973272
-0.035098,0.016274,0.351482,3.552055,19.330282,10.916773,3.454452,2.740758,177.353395,4.867970,1.070894,0.024010,0.973173
-0.034503,0.016110,0.333869,3.267371,19.344020,10.916707,3.451300,2.736860,177.102950,4.854926,1.070693,0.023919,0.973100
-0.034518,0.016316,0.393589,2.703554,19.334788,10.916762,3.454228,2.757500,176.848860,4.750804,1.070433,0.023546,0.972673
-0.036029,0.016261,0.418840,2.596936,19.089645,11.000122,3.455382,2.746120,174.903410,4.828178,1.069002,0.023979,0.971608
-0.038238,0.017691,0.489418,2.345026,18.912442,11.499947,3.462605,2.735596,173.043172,6.029027,1.066105,0.029955,0.968827
-0.037870,0.016208,0.383959,2.418446,19.326322,11.000055,3.455165,2.743774,176.938075,5.048088,1.070446,0.024929,0.972601
-0.035534,0.017072,0.426498,2.262354,19.219668,11.166703,3.457685,2.729188,175.358269,5.157768,1.068152,0.025633,0.970383
-0.033383,0.016094,0.383460,2.612904,19.219597,11.000013,3.451086,2.760145,176.173185,4.851047,1.069172,0.024102,0.971753
-0.037237,0.016317,0.413547,2.593315,19.195268,11.083387,3.453361,2.735635,176.085207,5.099038,1.069027,0.025200,0.971455
-0.035315,0.016250,0.418573,2.979535,19.246807,11.083510,3.454895,2.756392,176.133552,5.087034,1.069033,0.025178,0.971428
-0.034091,0.016402,0.417489,2.129286,19.249358,11.083370,3.455407,2.740331,176.229377,5.106818,1.069042,0.025246,0.971493
-0.034170,0.016198,0.403902,2.786543,19.175392,11.083298,3.454054,2.742289,176.245401,5.106995,1.069056,0.025246,0.971496
-0.038757,0.016506,0.388492,2.460968,19.177933,11.083392,3.453968,2.741849,176.184204,5.114651,1.069093,0.025268,0.971525
-0.038011,0.016604,0.405251,2.510470,19.240378,11.082792,3.456882,2.752189,176.151870,5.100971,1.069072,0.025210,0.971484
-0.035974,0.016335,0.412302,2.610143,19.178397,11.083375,3.453695,2.745664,176.129630,5.073292,1.068884,0.025090,0.971349
-0.037471,0.016056,0.379536,2.829592,19.183217,11.083392,3.453321,2.765490,176.223197,5.071995,1.068894,0.025063,0.971341
-0.036241,0.016242,0.393561,2.436760,19.306357,11.039683,3.451411,2.728451,176.349119,5.084373,1.069000,0.025113,0.971395
-0.034855,0.016480,0.375193,2.665298,19.205322,11.000005,3.456088,2.740923,176.465249,4.803047,1.069026,0.023822,0.971499
-0.033253,0.016098,0.398842,2.620682,19.264485,10.999973,3.453961,2.723379,176.530854,4.810969,1.069087,0.023849,0.971550
-0.035631,0.015916,0.398816,2.576601,19.275983,10.999937,3.451834,2.744444,176.572776,4.810887,1.069118,0.023836,0.971562
-0.032029,0.016031,0.367785,3.406716,19.322455,11.000017,3.450156,2.748884,176.632288,4.820777,1.069222,0.023864,0.971599
-0.033581,0.016036,0.394696,2.608234,19.251237,11.000160,3.450417,2.746273,176.676659,4.819914,1.069158,0.023854,0.971620
-0.035672,0.016439,0.345682,2.607263,19.263633,10.999943,3.453778,2.747742,176.555591,4.809913,1.069118,0.023795,0.971537
-0.035350,0.016184,0.401287,2.461096,19.308772,11.083400,3.455604,2.738546,176.293854,5.059450,1.068838,0.024998,0.971283
-0.033596,0.016804,0.410614,2.464478,19.154958,11.083430,3.455747,2.749587,176.076855,5.006840,1.068550,0.024761,0.971047
-0.036591,0.016840,0.389068,2.862740,19.206125,11.083377,3.455299,2.741621,175.982405,4.964754,1.068381,0.024597,0.970874
-0.032509,0.016594,0.405414,2.243364,19.190713,11.083368,3.454832,2.731665,175.956400,4.952192,1.068348,0.024533,0.970825
-0.035833,0.016519,0.401137,2.593718,19.182145,11.083460,3.455813,2.744693,175.955224,4.936199,1.068276,0.024486,0.970763
-0.035489,0.016820,0.422293,2.178430,19.168252,11.083240,3.455192,2.739804,175.941338,4.919999,1.068214,0.024412,0.970712
-0.034341,0.016265,0.421412,2.392159,19.172845,11.083402,3.454673,2.742569,175.926436,4.910525,1.068158,0.024363,0.970639
-0.032199,0.016739,0.394266,2.326856,19.197965,11.083515,3.455737,2.721274,175.927715,4.908617,1.068120,0.024337,0.970589
-0.034988,0.016109,0.379919,2.574801,19.160197,11.083357,3.453448,2.746342,175.920587,4.899782,1.068045,0.024299,0.970554
-0.033611,0.016618,0.411438,2.623372,19.170268,11.083453,3.454194,2.750553,175.919144,4.885206,1.067974,0.024246,0.970513
-0.033563,0.016494,0.399210,2.379916,19.131233,11.083400,3.453261,2.735990,175.932555,4.877094,1.067943,0.024208,0.970473
-0.034122,0.016862,0.434462,2.540179,19.201715,11.083338,3.455286,2.741082,175.958763,4.877995,1.067931,0.024195,0.970457
-0.035000,0.016630,0.426807,2.401604,19.183327,11.083337,3.455556,2.759270,176.012247,4.880437,1.067970,0.024204,0.970484
-0.035623,0.016551,0.427725,2.774399,19.225958,11.083198,3.455372,2.748360,176.046678,4.874418,1.067980,0.024182,0.970468
-0.035231,0.017003,0.430791,1.970889,19.182455,11.083422,3.459064,2.741832,175.960388,4.870389,1.067906,0.024138,0.970420
-0.033851,0.016667,0.399876,2.659839,19.160725,11.083452,3.456774,2.726785,175.988060,4.835810,1.067771,0.024035,0.970280
-0.039496,0.017643,0.423461,2.157478,19.249217,11.166693,3.459182,2.729510,176.017980,5.132198,1.067714,0.025349,0.970212
-0.037321,0.016968,0.407788,2.687295,19.178857,11.166737,3.456296,2.733740,176.026057,5.128274,1.067643,0.025332,0.970199
-0.037512,0.017546,0.408197,2.420719,19.192138,11.166757,3.459983,2.743124,175.944022,5.122830,1.067581,0.025286,0.970152
-0.035828,0.016843,0.409600,2.778939,19.222742,11.166580,3.456115,2.740536,175.909144,5.110582,1.067563,0.025250,0.970124
-0.032483,0.016726,0.414113,2.308316,19.160823,11.083392,3.453991,2.747515,176.030711,4.820287,1.067671,0.023918,0.970219
-0.032811,0.016635,0.381253,2.374082,19.258217,11.083415,3.454322,2.764607,176.151767,4.835664,1.067775,0.023934,0.970272
-0.034731,0.015934,0.410221,2.677006,19.211305,11.083270,3.451149,2.761328,176.182981,4.840373,1.067748,0.023965,0.970314
-0.033852,0.017009,0.421988,2.417270,19.187132,11.083390,3.454996,2.748433,176.214122,4.839197,1.067767,0.023953,0.970309
-0.035148,0.016547,0.356271,2.707168,19.224150,11.083350,3.452509,2.747856,176.194747,4.830582,1.067736,0.023909,0.970270
-0.033400,0.016247,0.405841,2.499078,19.272820,11.083455,3.455167,2.741505,176.150272,4.822869,1.067678,0.023863,0.970207
-0.033936,0.016406,0.357542,2.752234,19.215400,11.083315,3.455277,2.733847,176.113757,4.802998,1.067594,0.023815,0.970154
-0.032380,0.016841,0.398882,2.321686,19.226337,11.083313,3.455031,2.753668,175.889413,4.765699,1.067400,0.023652,0.969955
-0.036412,0.016759,0.435944,2.625804,19.137875,11.166797,3.456195,2.734993,175.847813,5.040819,1.067167,0.024899,0.969799
-0.037131,0.016266,0.428806,2.887550,19.156530,11.166668,3.454238,2.751686,175.821355,5.041330,1.067187,0.024898,0.969814
-0.034589,0.016582,0.392809,2.590784,19.187492,11.166712,3.454344,2.757700,175.791084,5.045526,1.067206,0.024897,0.969806
-0.033803,0.016710,0.410583,2.684191,19.216778,11.166765,3.455299,2.737153,175.771672,5.027562,1.067154,0.024822,0.969740
-0.034375,0.016532,0.429684,2.642301,19.141837,11.166777,3.454663,2.761653,175.735637,5.012229,1.067028,0.024717,0.969645
-0.032413,0.016581,0.396097,2.889703,19.155698,11.166790,3.453765,2.760296,175.708965,5.000576,1.066953,0.024651,0.969575
-0.034246,0.016469,0.417537,2.398183,19.147630,11.166583,3.457379,2.760890,175.692984,4.964875,1.066896,0.024573,0.969487
-0.035224,0.017145,0.400086,2.139895,19.139963,11.166658,3.456158,2.734825,175.659805,4.937062,1.066798,0.024455,0.969390
-0.034682,0.016371,0.392231,2.578694,19.149702,11.166637,3.454073,2.748381,175.659592,4.935412,1.066700,0.024425,0.969337
-0.034229,0.017548,0.432490,2.922861,19.137940,11.166610,3.460254,2.736771,175.663101,4.924225,1.066657,0.024385,0.969297
-0.035962,0.016934,0.408982,2.492960,19.174703,11.166835,3.457506,2.746554,175.652816,4.907196,1.066616,0.024326,0.969231
-0.031289,0.016465,0.417490,2.506827,19.197777,11.166702,3.454751,2.744683,175.658503,4.907655,1.066587,0.024317,0.969217
-0.037126,0.017422,0.445121,2.439378,19.149763,11.166593,3.458712,2.728417,175.747966,4.912684,1.066600,0.024304,0.969226
-0.031651,0.016144,0.410146,2.574417,19.258733,11.166582,3.452643,2.749207,175.759299,4.915195,1.066664,0.024302,0.969238
-0.033392,0.016872,0.420873,2.381967,19.179135,11.166633,3.455638,2.747602,175.636726,4.888911,1.066513,0.024242,0.969168
-0.035132,0.016983,0.403560,2.878690,19.204280,11.166740,3.456227,2.734428,175.669132,4.879226,1.066504,0.024177,0.969121
-0.034386,0.017190,0.421881,2.195913,19.171217,11.166747,3.457210,2.742522,175.694878,4.881261,1.066453,0.024175,0.969102
-0.035779,0.017049,0.411570,2.212446,19.158703,11.166698,3.456754,2.746058,175.715628,4.880772,1.066433,0.024148,0.969080
-0.033146,0.016681,0.422719,2.471433,19.106288,11.166630,3.453792,2.756230,175.583746,4.847585,1.066203,0.024047,0.968942
-0.035772,0.016750,0.430529,2.491585,19.185972,11.166660,3.458535,2.755955,175.780379,4.845273,1.066329,0.024020,0.968979
-0.032930,0.016556,0.379121,2.454248,19.164305,11.166753,3.457840,2.730421,175.981141,4.902625,1.066471,0.024190,0.969162
-0.039753,0.016879,0.403746,2.220566,19.268092,11.059340,3.454183,2.731736,176.114504,4.912546,1.066609,0.024251,0.969218
-0.033792,0.016795,0.432752,2.112837,19.194860,11.083377,3.454274,2.736690,176.204395,4.631438,1.066678,0.022977,0.969327
-0.031938,0.016797,0.412551,2.466962,19.259755,11.083313,3.454255,2.748677,176.231575,4.631705,1.066698,0.022958,0.969333
-0.033581,0.016977,0.425248,2.688584,19.274055,10.960518,3.457926,2.752484,176.268047,4.629739,1.066661,0.022925,0.969317
-0.033330,0.015924,0.406348,2.000275,19.274477,11.083383,3.451117,2.738173,176.234423,4.622279,1.066677,0.022922,0.969318
-0.033012,0.016300,0.405230,2.350554,19.212667,11.083360,3.452903,2.748807,176.123834,4.617849,1.066656,0.022881,0.969249
-0.033195,0.016338,0.391553,2.643570,19.196168,11.166720,3.452342,2.755854,175.809544,4.853973,1.066292,0.023973,0.968964
-0.035863,0.016988,0.425715,2.592305,19.158877,11.166832,3.456240,2.747797,175.522833,4.779935,1.065917,0.023706,0.968636
-0.034627,0.016845,0.419192,2.055438,19.181153,11.166668,3.456573,2.749650,175.534178,4.778331,1.065960,0.023698,0.968639
-0.033878,0.016504,0.384722,2.842108,19.172558,11.166677,3.454092,2.732196,175.478086,4.762075,1.065816,0.023613,0.968525
-0.035959,0.016817,0.429298,2.173620,19.156162,11.250015,3.457290,2.756124,175.459164,5.042533,1.065728,0.024926,0.968444
-0.035358,0.016774,0.438795,2.346381,19.150817,11.250003,3.457282,2.745145,175.460494,5.023809,1.065599,0.024812,0.968338
-0.034612,0.017106,0.430215,2.683462,19.180843,11.250035,3.457350,2.728773,175.456836,5.022782,1.065533,0.024772,0.968291
-0.034322,0.016812,0.420682,2.557953,19.132135,11.250035,3.458105,2.736052,175.460660,4.999180,1.065480,0.024697,0.968227
-0.036241,0.016693,0.406450,2.458093,19.177143,11.250130,3.454868,2.743282,175.431263,4.989419,1.065461,0.024643,0.968173
-0.035355,0.016869,0.437626,2.971623,19.112087,11.250043,3.454923,2.743056,175.420775,4.975297,1.065380,0.024597,0.968114
-0.034943,0.016814,0.421045,2.107178,19.249268,11.250123,3.455767,2.741932,175.407033,4.964602,1.065361,0.024548,0.968100
-0.040332,0.017040,0.426028,2.397755,19.140795,10.539415,3.458054,2.740715,175.375383,4.907207,1.065025,0.024236,0.967819
-0.034289,0.016005,0.422654,2.436109,19.205252,11.250073,3.453671,2.733414,175.372543,4.944884,1.065231,0.024461,0.968007
-0.033050,0.016740,0.412416,2.572387,19.135290,11.249928,3.456761,2.738918,175.425545,4.946963,1.065233,0.024457,0.968010
-0.036383,0.016764,0.445570,2.891069,19.142433,11.250170,3.456341,2.748407,175.412123,4.953519,1.065239,0.024444,0.967996
-0.034288,0.016913,0.440765,2.251856,19.146762,11.250007,3.457330,2.760951,175.410519,4.926762,1.065171,0.024360,0.967925
-0.034066,0.017203,0.431996,2.492982,19.197210,11.249858,3.459174,2.745995,175.481620,4.934051,1.065180,0.024345,0.967898
-0.032780,0.017073,0.436755,1.877206,19.179172,11.250008,3.456297,2.739371,175.475691,4.931397,1.065171,0.024381,0.967936
-0.033260,0.016588,0.444339,1.989423,19.165250,11.250093,3.456165,2.753141,175.443383,4.912744,1.065036,0.024319,0.967855
-0.033953,0.016741,0.431122,2.319155,19.183915,11.250142,3.455476,2.725632,175.418172,4.888062,1.064973,0.024205,0.967766
-0.035641,0.016771,0.425234,2.353722,19.177427,11.250083,3.455714,2.750306,175.564446,4.917826,1.065008,0.024260,0.967847
-0.034658,0.017157,0.397280,2.878204,19.182447,11.249928,3.457939,2.726605,175.698554,4.935219,1.065159,0.024364,0.967935
-0.037731,0.016433,0.406540,3.208781,19.153113,10.359695,3.454631,2.751868,175.740858,4.577871,1.064891,0.022672,0.967683
-0.033673,0.016442,0.408687,3.137116,19.250810,11.166768,3.453683,2.728552,175.797574,4.640561,1.065221,0.022993,0.967958
-0.033163,0.016847,0.413466,3.029712,19.199167,11.166698,3.455219,2.734369,175.784253,4.637684,1.065183,0.022987,0.967969
-0.030180,0.017178,0.399624,2.578609,19.201242,11.166720,3.456072,2.736159,175.754626,4.624775,1.065146,0.022942,0.967916
-0.032314,0.016827,0.401412,2.666085,19.214632,11.166617,3.453163,2.735135,175.728113,4.618339,1.065078,0.022909,0.967867
-0.034386,0.016098,0.383837,2.566779,19.230037,11.250092,3.455224,2.750346,175.499582,4.885908,1.064908,0.024113,0.967699
-0.031808,0.017190,0.430162,2.333760,19.198272,11.160887,3.455711,2.760019,175.319080,4.818321,1.064634,0.023884,0.967451
-0.033116,0.017182,0.406016,2.576517,19.169618,11.249985,3.455749,2.728153,175.299400,4.820390,1.064632,0.023860,0.967445
-0.033289,0.017243,0.400180,2.195766,19.217307,11.249932,3.457623,2.727165,175.303240,4.807935,1.064583,0.023807,0.967387
-0.034827,0.017573,0.439730,2.253224,19.136867,11.049673,3.458491,2.730606,175.321618,4.767303,1.064388,0.023643,0.967224
-0.035433,0.016970,0.392029,2.921623,19.133253,11.250057,3.455008,2.748944,175.386739,4.771403,1.064384,0.023687,0.967221
-0.033885,0.017903,0.437835,2.522909,19.293472,11.250122,3.457874,2.730275,175.390112,4.771411,1.064436,0.023690,0.967205
-0.031472,0.016992,0.407687,2.345227,19.162415,11.250053,3.453579,2.743762,175.362770,4.777946,1.064364,0.023685,0.967242
-0.035939,0.016959,0.408723,2.466344,19.121508,11.249920,3.456473,2.740035,175.343360,4.776957,1.064379,0.023674,0.967224
-0.035199,0.016778,0.429213,2.460035,19.135760,11.250120,3.454757,2.743923,175.323302,4.755495,1.064285,0.023582,0.967133
-0.043177,0.016795,0.426667,3.102439,19.056583,9.642132,3.454534,2.736624,175.218420,4.590685,1.063473,0.022763,0.966392
-0.034964,0.016547,0.396998,2.507057,19.139303,11.333477,3.453757,2.727059,175.278958,5.020985,1.064080,0.024792,0.966949
-0.037740,0.017608,0.443490,2.275529,19.152198,11.333288,3.459981,2.754383,175.259393,5.018279,1.064067,0.024798,0.966945
-0.033330,0.016924,0.397543,2.252691,19.174958,11.333428,3.455565,2.730818,175.190631,4.999346,1.063943,0.024688,0.966838
-0.034812,0.017625,0.414185,2.164744,19.190257,11.333375,3.459852,2.748098,175.197674,4.996528,1.063969,0.024683,0.966829
-0.035291,0.016685,0.424672,2.568274,19.152590,10.887440,3.455285,2.750804,175.251730,4.676174,1.063885,0.023209,0.966763
-0.032175,0.017244,0.445216,2.376665,19.189800,11.250005,3.458267,2.733951,175.271643,4.713197,1.064045,0.023365,0.966914
-0.035902,0.016884,0.418076,1.877760,19.195630,10.995767,3.453170,2.746740,175.261564,4.685565,1.063898,0.023206,0.966777
-0.029744,0.017265,0.405989,2.802126,19.133080,11.142792,3.455914,2.715180,175.245845,4.675487,1.063847,0.023213,0.966761
-0.035772,0.016884,0.429429,2.455034,19.115872,11.333347,3.455777,2.740800,175.139970,4.972264,1.063735,0.024553,0.966702
-0.035911,0.016774,0.428048,2.662875,19.149205,11.333330,3.456772,2.739190,175.107787,4.931244,1.063624,0.024363,0.966538
-0.033002,0.017200,0.421229,2.881648,19.101743,11.333405,3.458775,2.743186,175.142262,4.920329,1.063579,0.024305,0.966506
-0.033589,0.017038,0.436682,2.304354,19.297443,11.333512,3.456917,2.735986,175.195588,4.928374,1.063664,0.024321,0.966503
-0.033807,0.017121,0.450444,2.152523,19.181270,11.333413,3.456732,2.739709,175.198201,4.942645,1.063620,0.024380,0.966547
-0.035620,0.017402,0.429826,2.218690,19.153692,11.333422,3.459456,2.733889,175.169780,4.918797,1.063550,0.024296,0.966483
-0.036185,0.016767,0.448836,2.345675,19.227320,10.977827,3.458524,2.743788,175.078383,4.870914,1.063341,0.024037,0.966249
-0.036631,0.017306,0.450941,2.288751,19.106835,11.008380,3.458943,2.741141,175.080194,4.860204,1.063242,0.024006,0.966214
-0.033293,0.016943,0.435236,2.295644,19.155682,11.333352,3.456554,2.753084,175.170889,4.868862,1.063385,0.024058,0.966260
-0.038004,0.016943,0.415659,2.342802,19.302315,11.333353,3.455541,2.729544,175.160563,4.891077,1.063482,0.024132,0.966331
-0.032058,0.017365,0.388666,2.474492,19.141517,11.333440,3.458850,2.748191,175.198686,4.874236,1.063337,0.024099,0.966314
-0.032657,0.016717,0.433764,2.407635,19.116332,11.333483,3.454306,2.741990,175.192558,4.860349,1.063272,0.024028,0.966229
-0.035669,0.016594,0.426684,2.631921,19.146085,11.333530,3.454407,2.751554,175.185947,4.849205,1.063238,0.023961,0.966170
-0.034577,0.017226,0.389826,3.559203,19.134793,11.333330,3.457227,2.750484,175.143877,4.840600,1.063189,0.023931,0.966129
-0.033845,0.017228,0.457238,2.622486,19.161477,11.333302,3.458912,2.738937,175.136648,4.829142,1.063158,0.023891,0.966079
-0.033107,0.017212,0.423114,1.976557,19.199805,11.333320,3.457384,2.724052,175.139183,4.816483,1.063119,0.023832,0.966046
-0.032343,0.017568,0.426927,2.973624,19.145498,11.333445,3.458673,2.747194,175.090267,4.806438,1.063037,0.023817,0.966002
-0.030988,0.016700,0.451785,2.234952,19.183327,11.310207,3.456744,2.733053,175.034787,4.794792,1.062992,0.023753,0.965945
-0.033757,0.016967,0.460165,2.312820,19.160335,11.333473,3.456688,2.742062,175.013232,4.775136,1.062896,0.023662,0.965890
-0.035379,0.017145,0.459025,2.459833,19.171610,11.333365,3.457936,2.743773,175.001815,4.763259,1.062816,0.023602,0.965797
-0.030134,0.017551,0.456012,2.192404,19.142627,11.333337,3.457552,2.731269,175.012585,4.758028,1.062782,0.023590,0.965765
-0.032652,0.017644,0.428443,2.212189,19.154897,11.333417,3.458680,2.760574,174.950352,4.750013,1.062689,0.023529,0.965702
-0.034590,0.016947,0.453365,2.482902,19.120897,10.880252,3.452533,2.748047,174.954979,4.696473,1.062463,0.023274,0.965466
-0.033247,0.017290,0.426265,2.344761,19.119888,11.333408,3.458245,2.753730,174.941325,4.725252,1.062601,0.023419,0.965584
-0.032027,0.017178,0.443268,2.821008,19.153068,11.333460,3.458850,2.734576,174.982162,4.726194,1.062601,0.023421,0.965568
-0.033962,0.017665,0.443339,2.376027,19.172050,11.333448,3.459456,2.748618,175.031931,4.729660,1.062635,0.023442,0.965615
-0.032275,0.017291,0.407087,2.352752,19.149210,10.971590,3.457678,2.724645,175.050434,4.684972,1.062439,0.023224,0.965435
-0.034970,0.016914,0.396299,2.523407,19.334125,11.333368,3.455432,2.735149,175.006485,4.695993,1.062578,0.023304,0.965514
-0.031576,0.017480,0.448056,2.721934,19.103063,11.333255,3.458535,2.730500,174.900099,4.690877,1.062335,0.023278,0.965455
-0.033140,0.017054,0.423619,2.630927,19.186262,11.416755,3.454531,2.724582,174.948410,4.976430,1.062331,0.024580,0.965358
-0.033047,0.017531,0.449727,2.063275,19.169505,11.333430,3.455812,2.733090,175.048655,4.680602,1.062402,0.023226,0.965427
-0.033459,0.017097,0.396050,3.015778,19.165967,11.333263,3.456698,2.746256,175.093644,4.674643,1.062417,0.023188,0.965430
-0.033086,0.016865,0.441891,2.211980,19.158725,11.333473,3.455498,2.730251,175.095801,4.675178,1.062384,0.023178,0.965394
-0.032832,0.017533,0.423523,2.763298,19.122383,10.908422,3.457524,2.736574,175.029976,4.634094,1.062140,0.022968,0.965188
-0.032001,0.016742,0.433298,2.519819,19.146968,11.333448,3.454303,2.746010,174.971589,4.648119,1.062200,0.023054,0.965229
-0.034054,0.017883,0.418418,2.515826,19.144002,11.270970,3.457776,2.748735,174.894769,4.925529,1.062055,0.024309,0.965066
-0.037113,0.016441,0.398235,2.465527,19.132428,10.930293,3.453847,2.737052,174.855515,4.872210,1.061821,0.024042,0.964850
-0.035711,0.018014,0.448286,2.373450,19.184255,11.070607,3.460387,2.756898,174.931252,4.888560,1.061938,0.024129,0.964944
-0.033793,0.017107,0.450755,2.273827,19.141608,11.416585,3.458624,2.755370,174.981448,4.918276,1.061993,0.024273,0.965060
-0.034014,0.016870,0.444379,2.202957,19.212710,11.177047,3.455763,2.748711,174.964932,4.891098,1.061916,0.024135,0.964934
-0.031443,0.017109,0.451413,1.938855,19.349898,11.416742,3.456629,2.738477,174.943869,4.905550,1.062006,0.024198,0.964992
-0.033090,0.017469,0.407075,2.833908,19.143463,11.416748,3.456999,2.739148,174.935123,4.921930,1.061951,0.024262,0.965047
-0.031900,0.017287,0.428901,2.442665,19.199643,11.416742,3.459034,2.738966,174.941428,4.897054,1.061908,0.024151,0.964942
-0.036495,0.017236,0.454564,2.338022,19.195677,11.416757,3.455913,2.748969,174.926178,4.886510,1.061829,0.024095,0.964911
-0.034752,0.017692,0.434570,2.469128,19.165487,11.416742,3.460374,2.738950,174.868486,4.875974,1.061785,0.024027,0.964852
-0.034422,0.017432,0.426735,3.030302,19.131832,11.416577,3.456758,2.746110,174.871611,4.864471,1.061763,0.024006,0.964831
-0.031267,0.016946,0.422317,2.289934,19.123488,11.416740,3.453820,2.741934,174.878720,4.856388,1.061680,0.023934,0.964750
-0.032978,0.017223,0.435232,2.248041,19.210493,11.416848,3.456119,2.738342,174.888915,4.823998,1.061604,0.023830,0.964652
-0.035296,0.017612,0.444840,2.227421,19.170773,11.416725,3.461004,2.739860,174.834390,4.825311,1.061559,0.023827,0.964649
-0.030010,0.017602,0.446592,2.239258,19.220090,11.416617,3.459334,2.745037,174.761158,4.791968,1.061441,0.023706,0.964524
-0.035777,0.017139,0.408685,2.496417,19.193723,10.660418,3.457449,2.745982,174.739224,4.715428,1.061094,0.023339,0.964172
-0.032472,0.018092,0.417573,2.520576,19.171307,11.349025,3.459192,2.738012,174.837483,4.784127,1.061400,0.023640,0.964477
-0.032762,0.016790,0.443065,2.412498,19.140457,10.961383,3.456010,2.750105,174.897586,4.761469,1.061248,0.023506,0.964354
-0.031578,0.016492,0.425854,2.685151,19.196105,11.416718,3.452565,2.752487,174.861702,4.795157,1.061435,0.023668,0.964520
-0.033284,0.016597,0.456780,2.628105,19.223490,11.416802,3.454049,2.762192,174.827862,4.781723,1.061349,0.023601,0.964437
-0.033514,0.016611,0.416314,2.599898,19.158677,11.416795,3.456109,2.801614,176.639692,4.753007,1.061195,0.023526,0.964355
-0.031198,0.017271,0.450603,2.438012,19.177773,11.416673,3.457437,2.745425,174.643809,4.715991,1.061013,0.023360,0.964161
-0.032226,0.017573,0.438950,2.467719,19.142575,11.416792,3.459654,2.750662,174.692581,4.703166,1.060986,0.023305,0.964115
-0.031538,0.017245,0.433430,2.048922,19.188108,11.416782,3.457570,2.742586,174.748927,4.697778,1.061016,0.023273,0.964120
-0.033155,0.017392,0.420931,2.092465,19.121490,11.159157,3.458285,2.737029,174.743691,4.687328,1.060870,0.023190,0.964031
-0.032007,0.017756,0.411531,2.429936,19.152913,11.416837,3.459197,2.744316,174.750201,4.692350,1.060945,0.023226,0.964062
-0.033378,0.017638,0.447551,2.266330,19.244810,11.288165,3.457287,2.741812,174.713194,4.677319,1.060872,0.023152,0.963974
-0.033430,0.017089,0.440337,2.387367,19.106148,11.416608,3.456472,2.742477,174.653615,4.674253,1.060777,0.023152,0.963972
-0.032210,0.017947,0.453524,2.259020,19.250255,11.416678,3.459868,2.744453,174.633787,4.649884,1.060777,0.023062,0.963864
-0.033779,0.017395,0.441181,2.661279,19.152890,11.037068,3.458941,2.746903,174.688196,4.638415,1.060635,0.022968,0.963790
-0.031768,0.017588,0.451986,2.259716,19.187692,11.416652,3.460282,2.754714,174.712311,4.667925,1.060789,0.023122,0.963917
-0.032286,0.018258,0.410384,2.617978,19.113712,11.066400,3.461421,2.748560,174.704948,4.630662,1.060586,0.022940,0.963756
-0.031965,0.017883,0.449460,2.242987,19.140272,11.013257,3.461263,2.738824,174.706389,4.622033,1.060564,0.022916,0.963733
-0.031618,0.017957,0.466365,2.240182,19.169955,11.416732,3.460669,2.737847,174.746326,4.650014,1.060702,0.023047,0.963857
-0.031560,0.017665,0.430897,1.893751,19.160795,11.416612,3.458242,2.735044,174.699955,4.640759,1.060653,0.022981,0.963823
-0.034902,0.017389,0.421738,2.518477,19.170600,11.416732,3.457254,2.745922,174.682583,4.616356,1.060538,0.022900,0.963733
-0.033397,0.017992,0.423229,2.356955,19.230173,11.416822,3.456855,2.737391,174.717797,4.609790,1.060516,0.022833,0.963689
-0.033934,0.017491,0.437660,2.207086,19.164372,11.041493,3.458654,2.729750,174.601924,4.569424,1.060263,0.022665,0.963495
-0.038278,0.018400,0.446460,2.687452,19.127747,10.954897,3.463096,2.737228,174.609800,4.840752,1.060102,0.023876,0.963323
-0.032138,0.017730,0.451602,2.009986,19.144875,11.500148,3.456938,2.750140,174.624285,4.871691,1.060246,0.024018,0.963444
-0.035133,0.018170,0.446106,2.806281,19.098437,11.499993,3.459877,2.752756,174.601119,4.868985,1.060216,0.023996,0.963425
-0.033949,0.017161,0.459425,2.463704,19.259853,11.360770,3.456989,2.741708,174.651253,4.847598,1.060172,0.023893,0.963320
-0.034565,0.017429,0.446794,2.320697,19.182532,11.500040,3.458886,2.749071,174.670435,4.850540,1.060129,0.023919,0.963343
-0.031505,0.017110,0.453928,2.154282,19.245357,11.500093,3.456343,2.736654,174.711307,4.844120,1.060116,0.023898,0.963322
-0.032050,0.017129,0.468440,2.198049,19.321092,11.500132,3.455751,2.741818,174.692585,4.834135,1.060120,0.023836,0.963283
-0.038229,0.017652,0.460831,2.468107,19.095963,10.601622,3.457945,2.771105,174.606008,4.761950,1.059666,0.023490,0.962981
-0.031773,0.017679,0.441321,2.861910,19.186447,11.500053,3.459948,2.744466,174.646575,4.812589,1.059944,0.023735,0.963172
-0.031124,0.017797,0.451510,2.581642,19.173218,11.500028,3.457947,2.748182,174.642172,4.815301,1.059973,0.023770,0.963204
-0.033646,0.017307,0.407307,2.622875,19.156043,11.500168,3.456315,2.732030,174.444695,4.776210,1.059728,0.023606,0.963042
-0.031262,0.017975,0.460031,2.048279,19.145725,11.500017,3.458445,2.747397,174.387248,4.723070,1.059580,0.023421,0.962857
-0.034042,0.018147,0.445332,2.947095,19.129730,11.045050,3.461622,2.731981,174.411108,4.682165,1.059387,0.023186,0.962664
-0.032508,0.017910,0.429386,1.923885,19.142360,11.500040,3.458911,2.765335,174.505339,4.727811,1.059539,0.023372,0.962832
-0.031272,0.017603,0.430341,2.418169,19.171733,11.500127,3.458293,2.740317,174.559973,4.735447,1.059588,0.023375,0.962855
-0.036900,0.016854,0.412851,1.946875,19.222758,11.059573,3.454837,2.746132,174.572850,4.705075,1.059444,0.023222,0.962699
-0.033176,0.018200,0.455535,2.239455,19.212017,11.499960,3.461031,2.733227,174.607785,4.735725,1.059538,0.023362,0.962845
-0.032824,0.017152,0.424548,2.228962,19.185082,11.364233,3.455609,2.739928,174.607976,4.725546,1.059489,0.023306,0.962784
-0.033416,0.017165,0.449271,2.436712,19.115672,10.524120,3.457431,2.747382,174.475707,4.628668,1.059107,0.022866,0.962376
-0.032678,0.017109,0.466620,2.545941,19.128985,11.500113,3.456968,2.747341,174.466486,4.683569,1.059345,0.023211,0.962620
-0.031885,0.017676,0.438780,2.351461,19.145065,11.273602,3.459550,2.748259,174.453683,4.664286,1.059270,0.023069,0.962568
-0.032320,0.017512,0.440601,2.536563,19.207257,11.499973,3.458709,2.741826,174.522798,4.665675,1.059355,0.023104,0.962613
-0.037561,0.018165,0.450005,2.482917,19.107377,10.246822,3.457672,2.741320,174.466772,4.567454,1.058756,0.022596,0.962084
-0.029639,0.017887,0.445884,2.242942,19.183825,11.500092,3.459064,2.749609,174.533808,4.647049,1.059142,0.022988,0.962473
-0.032745,0.017645,0.451291,2.658596,19.188138,11.112007,3.458067,2.745559,174.514972,4.611075,1.058977,0.022791,0.962293
-0.032332,0.017129,0.470300,2.523210,19.142125,11.137113,3.457013,2.739035,174.462315,4.598697,1.058892,0.022801,0.962241
-0.030453,0.017428,0.431115,2.494838,19.202175,11.500150,3.457876,2.734919,174.692987,4.669291,1.059238,0.023042,0.962538
-0.039190,0.017532,0.458948,2.215707,19.167895,10.397957,3.458867,2.731590,174.771382,4.610194,1.058929,0.022672,0.962242
-0.033392,0.017539,0.453558,2.625184,19.241670,11.223495,3.455103,2.751845,174.909606,4.677740,1.059271,0.023059,0.962591
-0.028929,0.017553,0.438972,2.222721,19.266920,11.416775,3.456857,2.752960,174.986720,4.409934,1.059443,0.021847,0.962733
-0.033624,0.017864,0.445283,2.492466,19.244187,10.496567,3.457589,2.751472,175.005659,4.335882,1.059114,0.021476,0.962416
-0.032186,0.017495,0.418792,2.381764,19.236782,10.855035,3.456839,2.748276,175.038737,4.362145,1.059232,0.021608,0.962548
-0.029149,0.017668,0.417004,2.336992,19.228455,11.289358,3.457671,2.740569,175.083512,4.387015,1.059364,0.021745,0.962671
-0.029957,0.017613,0.433940,2.815174,19.231652,11.014173,3.455670,2.738793,175.047395,4.379106,1.059242,0.021627,0.962552
-0.031408,0.017421,0.433122,2.488281,19.246650,11.245822,3.457243,2.734664,175.036930,4.373698,1.059275,0.021672,0.962569
-0.030898,0.017898,0.405989,2.260870,19.232680,11.426308,3.457991,2.738651,174.983646,4.667307,1.059239,0.023018,0.962538
-0.031980,0.017606,0.441806,2.526625,19.253280,11.264873,3.458293,2.745588,174.925066,4.648372,1.059100,0.022854,0.962405
-0.033584,0.018074,0.384563,2.968852,19.215552,11.091612,3.459899,2.742927,174.874479,4.612059,1.058920,0.022701,0.962266
-0.031563,0.017907,0.444434,2.486275,19.207603,11.336760,3.458089,2.734071,175.015038,4.631466,1.058996,0.022815,0.962339
-0.028552,0.018089,0.430129,2.099435,19.259470,11.416747,3.457007,2.747315,175.281431,4.364137,1.059252,0.021598,0.962556
-0.041207,0.017717,0.422570,2.166089,19.252663,9.574915,3.457432,2.751452,175.450720,4.265044,1.058769,0.020980,0.962074
-0.036026,0.016958,0.413368,2.419678,19.405780,10.227475,3.451673,2.761473,175.697652,4.361001,1.059223,0.021419,0.962468
-0.032250,0.017094,0.421646,2.557759,19.411127,10.554913,3.453133,2.750283,175.872754,4.113961,1.059498,0.020322,0.962757
-0.034887,0.016885,0.417483,2.924995,19.393432,9.791952,3.454075,2.745403,175.927503,4.069265,1.059305,0.020055,0.962586
-0.029362,0.017194,0.421131,2.477260,19.378107,11.283677,3.453681,2.749685,176.049390,4.191394,1.059855,0.020656,0.963133
-0.031943,0.017426,0.366934,2.278829,19.396578,11.333320,3.453998,2.752610,176.092201,4.205166,1.059911,0.020686,0.963173
-0.035203,0.016600,0.347554,2.639876,19.347898,10.183192,3.451649,2.748164,175.935274,4.095953,1.059476,0.020202,0.962715
-0.039398,0.017038,0.384707,2.381583,19.333867,10.289028,3.451672,2.739576,175.619355,4.351370,1.059113,0.021378,0.962439
-0.031557,0.017135,0.406842,2.512699,19.263468,10.959263,3.455863,2.737225,175.311260,4.321288,1.058992,0.021336,0.962356
-0.037618,0.018004,0.419879,2.779847,19.226880,10.542777,3.456091,2.730501,175.003510,4.525893,1.058462,0.022265,0.961847
-0.038051,0.017572,0.448321,2.818811,19.208798,10.264607,3.456042,2.738603,174.770758,4.431696,1.058030,0.021856,0.961454
-0.033765,0.017940,0.440885,2.344658,19.160612,10.648675,3.458209,2.745255,174.616391,4.410184,1.057922,0.021838,0.961379
-0.032791,0.017588,0.466106,2.171867,19.177437,11.583285,3.458774,2.735736,174.561362,4.742553,1.058101,0.023391,0.961519
-0.034962,0.017588,0.466307,2.457510,19.173075,11.101160,3.457484,2.748595,174.482596,4.699768,1.057836,0.023150,0.961268
-0.034820,0.017371,0.475081,2.341331,19.131437,10.784540,3.457342,2.747995,174.430537,4.660716,1.057571,0.022931,0.961062
-0.034758,0.017271,0.448067,2.126781,19.215298,11.191045,3.455355,2.733599,174.443880,4.667488,1.057710,0.023019,0.961155
-0.030490,0.017186,0.464043,2.372173,19.219052,11.583420,3.454958,2.725665,174.448302,4.692015,1.057813,0.023144,0.961253
-0.038197,0.017822,0.457151,2.075427,19.094290,10.136580,3.459005,2.749153,174.375777,4.567603,1.057143,0.022501,0.960684
-0.031378,0.017544,0.410241,2.444468,19.214292,11.583233,3.456342,2.745187,174.450688,4.659091,1.057667,0.022992,0.961124
-0.038129,0.017712,0.434556,2.639824,19.169162,10.549178,3.456760,2.753346,174.380337,4.575127,1.057251,0.022569,0.960742
-0.032230,0.017891,0.443505,2.254612,19.158808,11.485590,3.457543,2.738867,174.435443,4.633662,1.057512,0.022886,0.961025
-0.028380,0.017366,0.467833,2.139123,19.248980,11.583403,3.457687,2.732259,174.409879,4.622191,1.057498,0.022825,0.960991
-0.032563,0.017282,0.449742,2.223255,19.231618,11.583297,3.457031,2.745269,174.456543,4.630368,1.057506,0.022877,0.961001
-0.033459,0.017842,0.458303,2.689972,19.198650,11.205395,3.457854,2.748357,174.470382,4.605712,1.057394,0.022720,0.960864
-0.033810,0.017172,0.452666,2.537803,19.217162,10.734960,3.455180,2.724523,174.476478,4.559099,1.057188,0.022485,0.960655
-0.033373,0.017422,0.452987,2.457345,19.171417,11.366795,3.457435,2.738235,174.494029,4.601034,1.057322,0.022701,0.960851
-0.030830,0.017957,0.430432,2.466559,19.263778,11.583340,3.457026,2.761817,174.658650,4.636227,1.057491,0.022810,0.960942
-0.030165,0.017846,0.421694,2.604314,19.246940,11.500085,3.458028,2.730040,174.867999,4.359709,1.057635,0.021578,0.961109
-0.031165,0.017753,0.434166,2.848778,19.335727,11.250957,3.457084,2.734092,175.029625,4.362615,1.057721,0.021546,0.961151
-0.035067,0.017357,0.424745,2.470674,19.238440,10.345088,3.455662,2.735938,175.077362,4.310990,1.057403,0.021243,0.960897
-0.030019,0.017750,0.432395,2.525951,19.318405,11.304437,3.458633,2.744365,175.184893,4.383861,1.057780,0.021603,0.961247
-0.032954,0.017529,0.440926,2.355837,19.324957,11.277892,3.454354,2.735679,175.222316,4.395063,1.057816,0.021621,0.961261
-0.034399,0.017739,0.427970,2.502539,19.327538,10.788080,3.456071,2.748971,175.221512,4.361493,1.057612,0.021433,0.961077
-0.036096,0.017113,0.422422,2.381490,19.285905,10.183680,3.451543,2.750910,175.176685,4.294031,1.057322,0.021136,0.960811
-0.029501,0.016930,0.417565,3.445930,19.292243,11.500063,3.453939,2.721073,175.044051,4.352836,1.057624,0.021499,0.961117
-0.040436,0.017883,0.450569,2.360439,19.170227,10.159418,3.457337,2.728947,174.694856,4.502071,1.056792,0.022143,0.960356
-0.032954,0.018021,0.444420,2.761671,19.264930,11.483280,3.458336,2.753750,174.525521,4.531415,1.057007,0.022376,0.960543
-0.032786,0.017975,0.460365,2.074234,19.166520,10.741183,3.457973,2.741521,174.330930,4.439890,1.056486,0.021947,0.960111
-0.032885,0.017495,0.447586,2.153288,19.186508,11.319373,3.457640,2.743977,174.270166,4.448267,1.056571,0.022046,0.960141
-0.032483,0.018172,0.464638,2.307645,19.196875,11.524948,3.460622,2.740383,174.216355,4.739864,1.056513,0.023376,0.960087
-0.034286,0.017540,0.455626,2.289453,19.128813,10.975483,3.455537,2.731612,174.142859,4.683524,1.056189,0.023061,0.959796
-0.032331,0.018052,0.459890,2.362769,19.185320,11.666685,3.458379,2.755942,174.190581,4.710365,1.056375,0.023205,0.959933
-0.030967,0.017168,0.459986,2.375392,19.263502,11.666807,3.456608,2.735848,174.130934,4.705591,1.056354,0.023180,0.959908
-0.034593,0.017637,0.450522,2.291151,19.205142,10.965410,3.458078,2.739948,174.124868,4.640949,1.056020,0.022868,0.959618
-0.030531,0.017896,0.460747,2.432234,19.210757,11.482842,3.457090,2.737562,174.117552,4.665913,1.056140,0.022998,0.959738
-0.031189,0.017752,0.470509,2.144483,19.200785,11.666772,3.458767,2.734908,174.117588,4.666257,1.056139,0.023019,0.959743
-0.033425,0.018050,0.445298,3.092343,19.183027,11.222873,3.461119,2.741134,174.085749,4.617480,1.055955,0.022790,0.959546
-0.031185,0.018136,0.455541,2.452911,19.220515,11.666742,3.460239,2.737771,174.077210,4.637914,1.056023,0.022890,0.959619
-0.032369,0.018278,0.471313,2.121667,19.191008,11.666738,3.459007,2.752791,174.051175,4.625074,1.055969,0.022842,0.959576
-0.033023,0.017708,0.445326,1.934646,19.185938,10.986777,3.455804,2.742014,173.986276,4.553952,1.055624,0.022518,0.959249
-0.034013,0.017795,0.407577,3.172176,19.177792,10.832638,3.456852,2.746363,173.963636,4.520257,1.055502,0.022379,0.959123
-0.032293,0.018611,0.455420,2.423703,19.194713,10.995030,3.462856,2.748399,173.954367,4.520840,1.055493,0.022386,0.959119
-0.028846,0.017548,0.463271,2.146675,19.147065,11.666652,3.457886,2.742090,173.963863,4.561472,1.055604,0.022588,0.959299
-0.028509,0.017575,0.449268,2.525852,19.224872,11.666620,3.456924,2.744314,173.975066,4.551895,1.055574,0.022558,0.959251
-0.033276,0.017622,0.451834,2.386332,19.168952,11.666750,3.457271,2.747234,174.180352,4.571269,1.055687,0.022609,0.959351
-0.029557,0.017829,0.460501,2.422319,19.292072,11.666632,3.456898,2.732263,174.400833,4.615053,1.055911,0.022721,0.959489
-0.034370,0.018092,0.408657,2.196764,19.233895,10.821937,3.457909,2.745438,174.525852,4.283460,1.055742,0.021183,0.959352
-0.029167,0.018016,0.434388,2.659723,19.222172,11.272762,3.458516,2.756825,174.637802,4.321039,1.055971,0.021357,0.959548
-0.028468,0.017081,0.386566,2.948928,19.292393,11.277127,3.451814,2.742419,174.692540,4.321958,1.055990,0.021362,0.959574
-0.029235,0.017560,0.443183,2.114149,19.313475,11.583460,3.455163,2.751041,174.735571,4.339551,1.056074,0.021453,0.959683
-0.038782,0.017097,0.444288,2.836196,19.260212,10.075288,3.453377,2.758075,174.666101,4.222333,1.055493,0.020848,0.959130
-0.032772,0.018462,0.444609,2.260938,19.334522,11.108020,3.460608,2.751259,174.694141,4.288354,1.055810,0.021193,0.959418
-0.030094,0.018053,0.441132,2.355605,19.251933,11.033123,3.455839,2.736134,174.495523,4.259735,1.055596,0.021092,0.959288
-0.032815,0.017756,0.455694,2.609497,19.243038,11.444220,3.457357,2.728942,174.265931,4.528110,1.055424,0.022329,0.959114
-0.035539,0.017882,0.444645,2.225814,19.148280,10.399495,3.458186,2.751025,174.043984,4.397658,1.054800,0.021710,0.958523
-0.030120,0.017813,0.462809,2.275739,19.227807,11.666660,3.455892,2.746658,173.989298,4.461201,1.055096,0.022084,0.958800
-0.033625,0.018287,0.474724,2.258559,19.219082,11.749927,3.460191,2.729748,173.933704,4.748865,1.054997,0.023382,0.958703
-0.040356,0.018221,0.466339,2.226274,19.145558,10.413988,3.456936,2.735063,173.832637,4.622575,1.054387,0.022763,0.958137
-0.031650,0.018038,0.450281,2.930105,19.199277,11.750032,3.459766,2.734182,173.868595,4.703846,1.054744,0.023176,0.958493
-0.032399,0.017920,0.470766,2.125440,19.315915,11.229383,3.460477,2.713862,173.829940,4.666390,1.054612,0.022944,0.958296
-0.031578,0.017501,0.489412,2.071914,19.199952,11.750050,3.457609,2.746392,173.832850,4.680340,1.054680,0.023097,0.958435
-0.037169,0.017615,0.487607,2.511717,19.131213,10.404177,3.456444,2.747791,173.765120,4.567397,1.054128,0.022504,0.957903
-0.032747,0.017961,0.458653,2.180593,19.203918,11.750078,3.460484,2.733422,173.830302,4.647069,1.054553,0.022933,0.958270
-0.031151,0.018022,0.480242,2.463897,19.195547,11.520255,3.459497,2.740028,173.814938,4.627591,1.054448,0.022829,0.958196
-0.031627,0.017881,0.474861,2.235768,19.247760,11.750038,3.456899,2.736432,173.822307,4.635096,1.054488,0.022858,0.958206
-0.030269,0.018003,0.488403,2.195823,19.251470,11.749942,3.458497,2.737260,173.788609,4.611065,1.054421,0.022811,0.958159
-0.032879,0.018377,0.494705,2.362063,19.181685,10.960935,3.461460,2.724680,173.712094,4.540343,1.054026,0.022448,0.957821
-0.035212,0.018876,0.476045,2.412394,19.139022,11.195900,3.462828,2.718682,173.680204,4.531925,1.053987,0.022417,0.957774
-0.031175,0.018292,0.457490,2.185873,19.196347,11.750067,3.459613,2.739866,173.687542,4.558167,1.054127,0.022564,0.957890
-0.032999,0.018463,0.474598,2.229940,19.123278,10.863892,3.460655,2.739405,173.621824,4.475129,1.053723,0.022164,0.957535
-0.033196,0.018217,0.479834,2.085353,19.159563,10.913192,3.458981,2.740339,173.618515,4.459890,1.053642,0.022093,0.957439
-0.034044,0.018282,0.441893,2.264503,19.191362,11.037737,3.459593,2.721207,173.622795,4.467019,1.053615,0.022101,0.957451
-0.034638,0.018638,0.474734,2.106834,19.228742,10.899720,3.463480,2.739648,173.767382,4.456279,1.053641,0.022047,0.957447
-0.028939,0.017868,0.480079,2.218332,19.203522,11.750040,3.458929,2.728510,173.950210,4.534983,1.054012,0.022416,0.957829
-0.039448,0.017486,0.446242,2.122235,19.217738,10.381165,3.455413,2.745865,174.002567,4.465329,1.053608,0.021958,0.957411
-0.035298,0.017372,0.451598,2.268733,19.232215,10.747235,3.455491,2.727179,174.093093,4.502558,1.053744,0.022127,0.957558
-0.037626,0.018213,0.461991,2.144399,19.224935,10.228387,3.460207,2.751449,174.159035,4.460215,1.053578,0.021927,0.957376
-0.037246,0.017927,0.438690,1.816520,19.223958,10.845438,3.457848,2.739108,174.269814,4.514637,1.053861,0.022234,0.957656
-0.033207,0.018456,0.431890,2.316308,19.244510,10.881478,3.459171,2.744895,174.271261,4.217902,1.053911,0.020849,0.957689
-0.033726,0.017930,0.440625,2.475198,19.217458,11.123650,3.458625,2.753720,174.227798,4.523867,1.053881,0.022223,0.957671
-0.036405,0.018356,0.470899,2.317982,19.344968,10.498363,3.459080,2.744666,173.979453,4.437694,1.053495,0.021796,0.957275
-0.037370,0.018757,0.468007,2.328032,19.110003,10.227330,3.457749,2.727435,173.696940,4.347746,1.052971,0.021487,0.956912
-0.034966,0.018580,0.494201,2.473398,19.185922,10.869722,3.461266,2.746434,173.524645,4.642272,1.052940,0.022842,0.956832
-0.035435,0.018263,0.500882,2.308955,19.142785,11.169920,3.459393,2.738755,173.419717,4.620715,1.052860,0.022794,0.956759
-0.035226,0.018363,0.458059,2.466898,19.115773,10.847275,3.459782,2.750628,173.343305,4.564888,1.052619,0.022547,0.956529
-0.034135,0.018083,0.475776,2.132689,19.139773,10.800530,3.460197,2.748511,173.306613,4.536317,1.052516,0.022435,0.956416
-0.029908,0.018131,0.422016,2.656649,19.167325,11.833352,3.459735,2.731242,173.338521,4.600263,1.052796,0.022780,0.956690
-0.037996,0.018045,0.490569,2.211166,19.082078,10.537270,3.458574,2.732248,173.258900,4.493498,1.052252,0.022219,0.956201
-0.034308,0.018780,0.450114,2.265010,19.133172,11.170820,3.458829,2.733721,173.267840,4.521763,1.052403,0.022392,0.956339
-0.037972,0.018518,0.488529,2.143978,19.076227,10.039342,3.459581,2.728061,173.178957,4.408351,1.051849,0.021834,0.955817
-0.035152,0.018703,0.496535,2.325427,19.185473,10.739712,3.462846,2.759551,173.182055,4.736763,1.051997,0.023366,0.955945
-0.032516,0.018775,0.481485,2.238152,19.155018,11.512147,3.460042,2.731025,173.209462,4.798752,1.052219,0.023661,0.956198
-0.040194,0.019229,0.495820,2.065099,19.104118,10.796268,3.459841,2.730333,173.174549,4.738462,1.051904,0.023340,0.955891
-0.036091,0.018964,0.496778,1.730631,19.141693,10.717852,3.463238,2.731992,173.165500,4.711681,1.051802,0.023213,0.955778
-0.035899,0.019003,0.472839,1.900959,19.141745,11.258052,3.461678,2.749789,173.148366,4.741857,1.051939,0.023367,0.955908
-0.030288,0.018899,0.459966,2.044109,19.177468,11.916787,3.461480,2.736507,173.171244,4.769201,1.052109,0.023509,0.956075
-0.032025,0.018665,0.477132,2.386220,19.198228,11.916655,3.461838,2.722201,173.160557,4.773488,1.052101,0.023519,0.956036
-0.032813,0.018149,0.493439,2.244647,19.189018,11.881570,3.461508,2.727511,173.138989,4.752357,1.052002,0.023446,0.955981
-0.031728,0.018045,0.466076,2.193843,19.143772,11.907923,3.459122,2.733986,173.137932,4.748512,1.051942,0.023395,0.955931
-0.033998,0.018819,0.475247,2.765817,19.076615,10.653967,3.461144,2.732125,173.111513,4.631858,1.051375,0.022836,0.955424
-0.039197,0.019087,0.493390,1.867164,19.162270,10.520632,3.460541,2.726758,173.287874,4.632715,1.051395,0.022799,0.955399
-0.032828,0.018645,0.480277,2.080968,19.152490,10.315815,3.462393,2.735743,173.438936,4.335117,1.051420,0.021433,0.955436
-0.038230,0.018378,0.449415,2.525818,19.240647,10.485845,3.460666,2.723208,173.548631,4.356959,1.051580,0.021516,0.955567
-0.029987,0.018071,0.466781,2.142041,19.176417,10.929567,3.455187,2.726630,173.636499,4.395002,1.051766,0.021726,0.955767
-0.031763,0.018908,0.465917,2.282831,19.203430,11.224748,3.460495,2.745968,173.645792,4.412254,1.051856,0.021792,0.955839
-0.038932,0.018541,0.450786,2.372518,19.191465,10.173120,3.462203,2.738446,173.533757,4.320030,1.051375,0.021312,0.955391
-0.032052,0.019260,0.483239,2.221827,19.195753,10.896498,3.462353,2.731186,173.470278,4.340458,1.051485,0.021471,0.955497
-0.032306,0.018736,0.475035,2.380439,19.214835,11.471310,3.462037,2.737759,173.390515,4.662605,1.051570,0.022969,0.955559
-0.030298,0.018182,0.493691,2.025553,19.187423,11.916583,3.459569,2.738170,173.184011,4.643529,1.051467,0.022938,0.955509
-0.035477,0.018748,0.485526,2.001846,19.092627,10.111625,3.459560,2.727793,172.974987,4.462399,1.050598,0.022041,0.954666
-0.033703,0.018736,0.491602,2.093557,19.235033,10.984528,3.459089,2.737394,172.935529,4.498552,1.050777,0.022269,0.954820
-0.038491,0.019169,0.482871,2.049953,19.129842,10.465657,3.462931,2.721473,172.965144,4.452930,1.050457,0.022017,0.954588
-0.030603,0.018527,0.515911,1.938266,19.160283,11.851662,3.459079,2.725149,172.943025,4.533606,1.050893,0.022483,0.954989
-0.030333,0.019087,0.496837,2.073304,19.107397,11.180350,3.462925,2.747305,172.908218,4.474203,1.050612,0.022174,0.954716
-0.041063,0.019286,0.490538,2.181691,19.137933,10.587257,3.461233,2.712956,172.861929,4.705939,1.050283,0.023183,0.954387
-0.037467,0.019574,0.507976,1.816704,19.081033,10.228822,3.462894,2.744150,172.820842,4.656653,1.050004,0.022952,0.954152
-0.030210,0.019182,0.524782,2.025710,19.187150,12.000030,3.461955,2.724727,172.899668,4.788909,1.050637,0.023592,0.954724
-0.030395,0.019261,0.517531,2.194220,19.164772,11.999937,3.462401,2.726253,172.877666,4.783794,1.050594,0.023566,0.954696
-0.031516,0.018521,0.504332,2.065335,19.242255,11.908172,3.461209,2.726620,172.866245,4.756565,1.050552,0.023455,0.954613
-0.030441,0.018988,0.485841,2.272825,19.156165,11.389893,3.463676,2.722075,172.834612,4.713132,1.050270,0.023232,0.954396
-0.033165,0.018140,0.496142,2.310592,19.253828,12.000027,3.458531,2.728023,172.849372,4.741219,1.050401,0.023363,0.954516
-0.043050,0.018593,0.498805,2.005076,19.091948,9.700370,3.460749,2.730356,172.763088,4.541760,1.049413,0.022367,0.953614
-0.033159,0.019033,0.513657,2.061700,19.187090,11.424900,3.461537,2.737435,172.894527,4.679423,1.050089,0.023024,0.954211
-0.033255,0.018905,0.488382,2.002273,19.147113,11.816662,3.460958,2.732287,172.839546,4.695077,1.050158,0.023148,0.954319
-0.030853,0.018805,0.505021,2.166312,19.162528,11.710167,3.459638,2.722369,172.779531,4.651347,1.050017,0.022989,0.954167
-0.039733,0.018944,0.501208,2.169398,19.082273,9.875363,3.458775,2.747587,172.681787,4.496280,1.049225,0.022157,0.953411
-0.033613,0.019379,0.490179,2.020720,19.126332,10.826642,3.462785,2.717105,172.715135,4.544933,1.049474,0.022462,0.953678
-0.031047,0.019517,0.499185,2.062637,19.200270,12.000100,3.463271,2.730532,172.867935,4.636425,1.049853,0.022899,0.954061
-0.038409,0.018911,0.446101,2.968872,19.177510,10.485273,3.460493,2.749432,173.072299,4.564253,1.049541,0.022450,0.953709
-0.031015,0.018942,0.445010,2.606800,19.242857,11.367590,3.460825,2.737040,173.330750,4.359580,1.050044,0.021550,0.954182
-0.036390,0.018145,0.444092,2.754340,19.239910,10.276173,3.456727,2.717783,173.420314,4.304467,1.049767,0.021195,0.953912
-0.035233,0.018602,0.460799,2.156576,19.236217,10.274957,3.459814,2.726179,173.477328,4.306244,1.049764,0.021192,0.953925
-0.031533,0.018415,0.469811,2.151135,19.344060,11.916622,3.458784,2.731284,173.579927,4.413705,1.050305,0.021774,0.954448
-0.035665,0.018601,0.445116,2.491624,19.271795,10.490417,3.458335,2.734927,173.451502,4.307788,1.049760,0.021236,0.953950
-0.033041,0.018452,0.476261,2.412229,19.380980,10.838662,3.457356,2.739361,173.397528,4.309191,1.049778,0.021252,0.953943
-0.031465,0.077775,3.504475,0.285349,20.015443,11.333692,3.520960,2.717103,171.994086,4.425521,1.045553,0.021795,0.851666
-0.033828,0.019329,0.534811,2.020999,20.010767,10.805290,3.461103,2.708592,172.264313,4.670321,1.046666,0.023054,0.950054
-0.027431,0.019077,0.518513,2.023787,19.585912,12.166815,3.462511,2.731741,172.397693,4.716523,1.047594,0.023322,0.951670
-0.032501,0.019644,0.512642,1.961977,19.432552,11.753275,3.463025,2.730317,172.445837,4.782175,1.047768,0.023578,0.951926
-0.032371,0.019616,0.529603,1.906376,19.370057,11.992487,3.463122,2.718239,172.474704,4.835378,1.047967,0.023857,0.952204
-0.028494,0.019829,0.490734,1.740059,19.311447,11.707287,3.464397,2.722680,172.479034,4.543197,1.047962,0.022496,0.952241
-0.032614,0.019240,0.514826,2.240975,19.202605,10.964085,3.462138,2.724692,172.446704,4.490019,1.047680,0.022213,0.952013
-0.027652,0.018820,0.498609,1.985830,19.283297,12.083495,3.460084,2.744870,172.480101,4.563490,1.048073,0.022633,0.952387
-0.028844,0.018625,0.528757,2.061432,19.306098,11.975095,3.460538,2.724297,172.459535,4.563116,1.048046,0.022614,0.952365
-0.026479,0.019063,0.510520,2.200663,19.241147,12.083378,3.463040,2.730924,172.530182,4.579301,1.048068,0.022649,0.952401
-0.036683,0.018382,0.482609,1.975793,19.181985,10.589487,3.458019,2.731180,172.492409,4.464098,1.047604,0.022066,0.951903
-0.033178,0.019295,0.475098,2.129782,19.210292,11.389963,3.460839,2.743773,172.447209,4.507884,1.047741,0.022292,0.952079
-0.034479,0.019695,0.521176,2.037590,19.179372,10.622885,3.463684,2.742206,172.399396,4.443101,1.047394,0.021964,0.951766
-0.042119,0.019299,0.503794,2.132532,19.071902,9.238907,3.464711,2.732105,172.291385,4.291172,1.046682,0.021243,0.951106
-0.034974,0.019375,0.484068,2.192169,19.172197,11.815438,3.461316,2.736366,172.410164,4.786649,1.047574,0.023614,0.951978
-0.028897,0.019210,0.486713,2.668962,19.246337,12.083423,3.463332,2.734612,172.464261,4.515068,1.047703,0.022339,0.952084
-0.030862,0.018966,0.513193,2.197871,19.238728,11.812113,3.461052,2.724437,172.699841,4.520003,1.047783,0.022329,0.952145
-0.036062,0.019636,0.468953,2.177800,19.208772,10.643683,3.461315,2.721351,172.869920,4.454557,1.047498,0.021957,0.951876
-0.035170,0.019317,0.478813,2.414306,19.230165,11.210087,3.462724,2.737232,173.044030,4.534505,1.047796,0.022303,0.952165
-0.034222,0.018949,0.480557,2.207169,19.245110,10.365157,3.459147,2.740085,173.092076,4.176207,1.047600,0.020648,0.951948
-0.028964,0.019097,0.493256,2.539813,19.331260,11.431068,3.460045,2.738405,173.193646,4.261024,1.047995,0.021035,0.952334
-0.029192,0.018688,0.457312,2.359542,19.267407,11.378012,3.456250,2.733394,173.195869,4.260158,1.047965,0.021049,0.952324
-0.028365,0.018785,0.479945,1.960044,19.309690,11.894133,3.456462,2.740242,173.168311,4.276765,1.048060,0.021148,0.952423
-0.028383,0.019897,0.495657,2.108400,19.304935,11.825140,3.462070,2.718292,173.001411,4.252733,1.047954,0.021039,0.952276
-0.035326,0.019216,0.493049,2.200446,19.146867,10.832382,3.459696,2.753975,172.612053,4.406459,1.047154,0.021751,0.951623
-0.031921,0.020026,0.514449,2.431313,19.200883,11.809322,3.464422,2.736702,172.398099,4.702379,1.047133,0.023201,0.951580
-0.035167,0.019154,0.520528,2.473107,19.226133,11.114382,3.462220,2.733400,172.243361,4.613395,1.046738,0.022736,0.951154
-0.027329,0.019465,0.515457,2.691538,19.247003,11.931118,3.461685,2.731188,172.280921,4.648484,1.046875,0.022951,0.951375
-0.034210,0.019622,0.527372,2.175794,19.239675,10.764905,3.463400,2.727032,172.206913,4.549252,1.046442,0.022452,0.950891
-0.031202,0.019138,0.477978,2.260767,19.143790,11.400117,3.462300,2.744235,172.221225,4.577289,1.046468,0.022625,0.951041
-0.033418,0.019370,0.510333,2.062377,19.078733,10.680180,3.462970,2.751532,172.159998,4.494825,1.046123,0.022221,0.950664
-0.034736,0.019236,0.532153,2.049718,19.134853,10.635487,3.463198,2.736330,172.139399,4.468757,1.046039,0.022095,0.950542
-0.036942,0.019417,0.523434,2.151809,19.107907,10.507453,3.461215,2.738575,172.092090,4.434210,1.045860,0.021955,0.950408
-0.031184,0.019799,0.524248,1.951274,19.224558,11.455632,3.467270,2.714643,172.149728,4.500083,1.046172,0.022281,0.950681
-0.030904,0.019336,0.542234,1.874305,19.126450,11.654003,3.464017,2.728640,172.125204,4.517159,1.046168,0.022348,0.950727
-0.027753,0.019496,0.547910,1.960320,19.151612,12.166755,3.462532,2.717856,172.130007,4.526735,1.046290,0.022442,0.950810
-0.035893,0.020086,0.536459,2.007087,19.162158,10.318718,3.465420,2.727933,172.066790,4.371676,1.045576,0.021650,0.950097
-0.030667,0.019605,0.514096,1.900897,19.149030,11.447510,3.460980,2.731115,172.208854,4.459178,1.045929,0.022089,0.950482
-0.031400,0.019274,0.483036,1.945011,19.200185,11.449767,3.460273,2.716551,172.271574,4.473477,1.046018,0.022083,0.950524
-0.031051,0.019885,0.524934,2.084012,19.199702,11.938663,3.465174,2.711817,172.206163,4.483613,1.046071,0.022197,0.950602
-0.035900,0.020032,0.524377,2.231673,19.109662,10.386157,3.463937,2.735875,172.026177,4.346679,1.045366,0.021502,0.949921
-0.035764,0.019938,0.518374,2.221043,19.123478,10.937798,3.462856,2.734253,172.021696,4.662840,1.045369,0.022936,0.949955
-0.031023,0.019948,0.529365,1.962388,19.166503,12.127303,3.464974,2.720451,172.049383,4.720666,1.045708,0.023283,0.950282
-0.032507,0.019816,0.506171,1.948271,19.188618,11.103465,3.464787,2.713903,172.058276,4.638539,1.045265,0.022841,0.949871
-0.029131,0.019411,0.524515,1.769512,19.166312,11.629750,3.461688,2.725537,172.408142,4.404716,1.045636,0.021798,0.950225
-0.030433,0.019707,0.518257,1.926777,19.249035,11.516138,3.461333,2.737080,172.721639,4.441094,1.045893,0.021870,0.950396
-0.030508,0.019117,0.497614,2.277402,19.326498,11.440057,3.461447,2.734387,172.989646,4.179475,1.046062,0.020673,0.950565
-0.028513,0.019292,0.443463,2.155088,19.370087,11.267802,3.460279,2.729741,173.079620,4.184025,1.046141,0.020659,0.950633
-0.033451,0.019106,0.469855,2.125856,19.401077,10.688338,3.456776,2.751306,173.151868,4.163172,1.045964,0.020495,0.950495
-0.030243,0.019096,0.499001,2.149242,19.432178,11.199377,3.458938,2.735549,173.246206,4.205102,1.046170,0.020687,0.950676
-0.035992,0.018988,0.482366,2.072059,19.324718,9.928787,3.458374,2.748735,173.189724,4.107965,1.045612,0.020183,0.950213
-0.033416,0.019471,0.473326,2.452771,19.330777,10.014227,3.460738,2.721127,173.106734,4.081336,1.045618,0.020094,0.950128
-0.040283,0.019560,0.507793,2.050712,19.240347,10.251873,3.459419,2.742768,172.727041,4.337566,1.045227,0.021309,0.949867
-0.040023,0.019233,0.490948,1.918416,19.163500,10.222948,3.459503,2.736559,172.372637,4.243964,1.044794,0.020942,0.949468
-0.036732,0.019069,0.528362,1.984765,19.165305,11.031870,3.462407,2.743901,172.129492,4.536070,1.044693,0.022316,0.949394
-0.041116,0.019271,0.522248,1.947242,19.132182,10.085058,3.460451,2.736326,171.943546,4.406135,1.044085,0.021723,0.948833
-0.037062,0.019968,0.503549,1.894001,19.120700,10.427787,3.462891,2.745473,171.883747,4.386108,1.044056,0.021705,0.948794
-0.030350,0.019586,0.539256,1.904002,19.129705,11.118168,3.462831,2.729650,171.882338,4.423174,1.044160,0.021883,0.948916
-0.035941,0.019722,0.528958,2.025592,19.130945,10.469552,3.462726,2.747103,171.781474,4.356919,1.043889,0.021559,0.948631
-0.034740,0.020444,0.512069,1.953138,19.140408,10.438978,3.467409,2.711618,171.849000,4.340883,1.043799,0.021493,0.948553
-0.029519,0.020065,0.525236,2.050815,19.222775,11.972947,3.466000,2.740088,171.924109,4.445434,1.044284,0.021995,0.948994
-0.031145,0.020031,0.533921,1.864685,19.130238,11.270813,3.466443,2.749090,171.878265,4.389337,1.044000,0.021717,0.948735
-0.037789,0.020001,0.519826,2.037348,19.164242,10.574982,3.460842,2.721245,171.848246,4.609445,1.043630,0.022700,0.948356
-0.029935,0.020163,0.530147,2.047261,19.258993,12.416690,3.463163,2.721526,172.170252,5.034817,1.044213,0.024870,0.948943
-0.032331,0.019855,0.527263,1.898562,19.166630,10.828517,3.464030,2.713710,171.199381,4.302244,1.043463,0.021257,0.948367
-0.031319,0.021157,0.610057,1.608791,18.925450,12.666657,3.471404,2.712139,168.984539,5.405504,1.041388,0.026755,0.946464
-0.031886,0.021125,0.623990,1.647238,19.241437,12.666697,3.471009,2.722020,171.496647,5.355281,1.041628,0.026607,0.946244
-0.029750,0.020623,0.556807,2.061390,19.036900,11.112857,3.467113,2.743081,170.809034,4.455889,1.042619,0.022041,0.947671
-0.031009,0.021284,0.648946,1.676177,19.049337,12.666735,3.470740,2.714184,169.108621,5.325932,1.041101,0.026409,0.946157
-0.029378,0.021032,0.607433,1.646307,19.091618,12.600693,3.472809,2.710172,169.531922,5.314481,1.041147,0.026391,0.946107
-0.039855,0.019340,0.488163,2.170588,19.147067,9.713077,3.460127,2.726371,171.291303,3.939025,1.043185,0.019274,0.948018
-0.032192,0.021845,0.637809,1.603020,19.050850,12.436065,3.473264,2.707083,169.082270,5.268409,1.040687,0.026160,0.945835
-0.030569,0.020769,0.623047,1.696845,19.108375,12.666683,3.469869,2.718333,169.622387,5.283686,1.040940,0.026214,0.945929
-0.031871,0.019863,0.590038,2.006929,19.302580,11.443377,3.468464,2.735308,171.829337,4.755246,1.042942,0.023548,0.947669
-0.039087,0.020493,0.565128,1.916891,19.011283,10.350948,3.463290,2.730229,170.056486,4.692579,1.040884,0.023136,0.945963
-0.035346,0.021096,0.603501,1.709276,19.088853,12.423310,3.467169,2.724779,169.752049,5.273201,1.040820,0.026091,0.945850
-0.030401,0.020926,0.597636,1.697489,19.240568,12.009065,3.469245,2.737968,171.249544,4.956267,1.041077,0.024558,0.945787
-0.034526,0.019873,0.550828,1.857333,19.067017,10.973407,3.465032,2.720632,170.695804,4.510059,1.041383,0.022297,0.946561
-0.035762,0.021709,0.577966,1.730496,19.076903,11.702355,3.470316,2.732238,169.822484,5.170329,1.040273,0.025534,0.945375
-0.032400,0.020455,0.606594,1.718467,19.045172,11.678485,3.467763,2.722094,170.040658,4.874897,1.040451,0.024178,0.945436
-0.041519,0.019703,0.461780,2.579701,19.142963,9.363288,3.459669,2.726323,171.332061,4.014779,1.042100,0.019664,0.946979
-0.028210,0.021462,0.615707,1.624446,19.053083,12.666745,3.469865,2.727642,169.131051,5.139113,1.040145,0.025503,0.945315
-0.031177,0.020909,0.643891,1.567144,19.115872,12.750008,3.469727,2.696643,169.106288,5.343742,1.039714,0.026504,0.944806
-0.028613,0.021362,0.630470,1.682538,19.212703,12.749998,3.471751,2.737272,171.861861,5.593127,1.041007,0.027689,0.945924
-0.031614,0.020727,0.618321,1.654153,19.108535,11.686087,3.467066,2.706613,169.074053,4.959625,1.039207,0.024630,0.944425
-0.031213,0.022053,0.635972,1.686303,19.062837,12.833398,3.473447,2.700321,168.851674,5.547063,1.039088,0.027432,0.944320
-0.027634,0.021405,0.666561,1.591896,19.139402,12.833325,3.472077,2.706168,169.324789,5.449782,1.038914,0.027033,0.943932
-0.030753,0.020788,0.591721,1.945457,19.112517,11.918312,3.463876,2.722090,169.282311,4.711003,1.039384,0.023325,0.944718
-0.032390,0.021847,0.650251,1.658328,19.048478,12.392557,3.474084,2.709639,168.927402,5.460502,1.038701,0.027056,0.943953
-0.030739,0.021457,0.655503,1.751744,18.983637,12.368348,3.470546,2.700113,168.097740,5.323588,1.037983,0.026449,0.943346
-0.034911,0.019951,0.545097,1.869143,19.112260,11.215035,3.463109,2.710577,169.076889,4.607097,1.039084,0.022770,0.944184
-0.035388,0.021425,0.665730,1.623897,19.053748,12.011608,3.473222,2.699897,168.602348,5.311215,1.038007,0.026336,0.943319
-0.032300,0.022143,0.672621,1.601455,19.068467,12.916768,3.472478,2.705317,167.900231,5.529524,1.037508,0.027438,0.942900
-0.031291,0.021942,0.707718,1.505095,19.119693,13.000018,3.473996,2.689010,168.869878,5.823045,1.037519,0.028891,0.942877
-0.031901,0.022064,0.656407,1.592951,19.113442,12.606685,3.475322,2.715302,168.903057,5.258949,1.037700,0.026119,0.943017
-0.033817,0.020739,0.632504,2.222022,19.125138,11.183097,3.467885,2.709426,169.475023,4.950313,1.037778,0.024548,0.943019
-0.029302,0.021399,0.618392,1.617720,19.407982,12.750160,3.470782,2.733135,170.204771,5.124174,1.038747,0.025303,0.943769
-0.034759,0.021004,0.585057,1.901460,19.196398,10.953557,3.463872,2.722381,169.810757,4.516990,1.038341,0.022301,0.943778
-0.033489,0.020166,0.596878,1.854313,19.195137,11.689195,3.464254,2.700422,169.898706,5.024088,1.038088,0.024808,0.943318
-0.028890,0.020687,0.598000,1.773534,19.292687,12.601187,3.464771,2.709424,170.298322,4.856028,1.038664,0.023996,0.943963
-0.035325,0.019806,0.515905,2.371242,19.165382,10.216160,3.460055,2.724351,170.775610,4.215046,1.038419,0.020679,0.943741
-0.036858,0.022362,0.619539,1.656874,19.213737,11.015835,3.472614,2.706057,169.693868,4.905320,1.037428,0.024220,0.942809
-0.036701,0.021133,0.587221,2.217607,19.160845,10.921640,3.468371,2.724701,169.899898,4.896400,1.037375,0.024141,0.942738
-0.027057,0.021126,0.559804,1.786327,19.442035,12.666735,3.465258,2.722206,171.104506,4.766201,1.038306,0.023625,0.943543
-0.030251,0.022111,0.600043,1.644248,19.191597,11.607525,3.469871,2.709005,169.774625,4.645783,1.037537,0.022990,0.942998
-0.039875,0.022136,0.623050,1.692499,19.105042,10.944510,3.473633,2.711894,169.230190,5.037979,1.036565,0.024879,0.941986
-0.028746,0.022102,0.610290,1.719476,19.455227,12.833422,3.471922,2.718547,169.635158,5.168148,1.037435,0.025549,0.942584
-0.031318,0.020908,0.584248,1.734289,19.274360,11.530710,3.465290,2.725267,170.261579,4.450889,1.038124,0.021928,0.943462
-0.030330,0.022101,0.650150,1.616094,19.173370,12.414122,3.472570,2.720517,168.712693,5.033027,1.036524,0.024962,0.942027
-0.030326,0.021940,0.648140,1.701527,19.169428,12.762077,3.473551,2.717744,168.682470,5.243914,1.036150,0.026034,0.941617
-0.032516,0.020072,0.518435,1.953897,19.431880,11.806477,3.466050,2.727204,171.090827,4.796186,1.038469,0.023644,0.943630
-0.031498,0.021602,0.601406,1.823728,19.212948,11.881462,3.466860,2.721258,169.001327,4.783165,1.036683,0.023582,0.942215
-0.035950,0.022421,0.645726,1.503458,19.121300,11.751885,3.474725,2.707445,168.251685,5.353929,1.035110,0.026531,0.940686
-0.034438,0.021203,0.663749,1.518548,19.323575,11.765075,3.469175,2.735489,170.840482,5.129071,1.035833,0.025408,0.941038
-0.034521,0.021868,0.606268,1.657307,19.080608,10.650343,3.466932,2.712327,169.039384,4.559399,1.035361,0.022544,0.941183
-0.029649,0.022277,0.639966,1.799658,19.197035,13.000022,3.469874,2.701995,168.495997,5.366157,1.035142,0.026586,0.940750
-0.032298,0.021710,0.611400,1.635299,19.284727,12.185802,3.469936,2.715287,169.121103,5.111828,1.035460,0.025276,0.940961
-0.034935,0.021259,0.569253,1.767052,19.268198,10.289215,3.460702,2.720183,169.658070,4.049469,1.036098,0.019965,0.941604
-0.032440,0.021927,0.671459,1.487703,19.144612,11.917717,3.472539,2.712872,168.529048,5.254469,1.034564,0.025965,0.940212
-0.031022,0.022171,0.658516,1.430688,19.232430,12.577255,3.474104,2.688766,169.029617,5.042431,1.035092,0.025017,0.940667
-0.033609,0.022089,0.611064,1.828813,19.355770,11.838108,3.473121,2.706366,170.367710,5.072501,1.036715,0.025083,0.942171
-0.029536,0.022383,0.664440,1.632308,19.203325,12.681247,3.470074,2.705172,168.392762,4.982976,1.034646,0.024762,0.940378
-0.037149,0.021855,0.667086,1.881305,19.150218,11.577483,3.470790,2.712927,168.492378,5.105548,1.033904,0.025336,0.939555
-0.031293,0.021681,0.658127,1.631949,19.290420,11.840505,3.468730,2.723700,170.364666,4.890017,1.034613,0.024260,0.939941
-0.034656,0.021891,0.636681,1.599958,19.224298,11.787823,3.468965,2.717536,168.782686,4.918270,1.034193,0.024296,0.940100
-0.029422,0.022706,0.675407,1.570576,19.154298,13.083415,3.473454,2.701931,168.344870,5.406970,1.033776,0.026759,0.939525
-0.038126,0.022041,0.641246,1.800200,19.195652,11.429218,3.471296,2.702325,168.992729,5.084088,1.033773,0.025102,0.939414
-0.042529,0.020689,0.545348,2.040430,19.329583,9.648833,3.457141,2.695720,169.886929,4.043512,1.034533,0.019798,0.940157
-0.035159,0.021939,0.633909,1.577633,19.124428,11.483455,3.469405,2.722124,168.674081,5.038484,1.033376,0.024885,0.939208
-0.028054,0.021666,0.647434,1.787364,19.292982,13.000080,3.467431,2.702277,169.154844,5.113611,1.033920,0.025263,0.939560
-0.026988,0.020979,0.613930,1.680320,19.525692,12.704790,3.466439,2.710600,170.137660,5.026814,1.035065,0.024829,0.940549
-0.031529,0.021549,0.637251,1.587884,19.358073,11.791188,3.465974,2.719074,169.137942,4.798073,1.033696,0.023700,0.939519
-0.038761,0.022743,0.619733,1.550132,19.219725,10.872760,3.473050,2.720243,168.783856,4.890647,1.032780,0.024168,0.938550
-0.036890,0.022433,0.662713,1.590978,19.471085,11.372245,3.469971,2.721633,169.290312,4.933039,1.033226,0.024346,0.938699
-0.038950,0.021282,0.553849,1.851568,19.174828,10.186907,3.465906,2.714970,169.169883,4.381937,1.032969,0.021527,0.938959
-0.031263,0.021823,0.618778,1.616207,19.230582,12.746607,3.469215,2.702434,168.376802,5.167191,1.032611,0.025525,0.938399
-0.033248,0.022415,0.687160,1.518320,19.209445,11.948662,3.470198,2.700414,167.980461,5.030681,1.031974,0.024965,0.937865
-0.034118,0.020551,0.575007,1.760157,19.265277,10.473868,3.467786,2.718528,169.594294,4.381079,1.033268,0.021622,0.938981
-0.033179,0.022640,0.666092,1.664955,19.227193,12.118217,3.470487,2.697381,167.587462,4.991597,1.031637,0.024749,0.937616
-0.030778,0.023179,0.687566,1.625900,19.287942,13.175437,3.476072,2.706167,167.630011,5.547773,1.031475,0.027505,0.937419
-0.030642,0.023060,0.682733,1.552439,19.435225,13.250090,3.474356,2.692525,168.794638,5.523961,1.031484,0.027366,0.937321
-0.036297,0.023551,0.676433,1.571993,19.228760,12.044208,3.475012,2.705566,167.763244,5.382836,1.030628,0.026670,0.936692
-0.033964,0.022437,0.651574,1.629033,19.282088,12.035383,3.470576,2.711727,168.480098,5.197125,1.031207,0.025663,0.937126
-0.037398,0.022857,0.639023,1.594584,19.447362,11.009960,3.472847,2.699120,168.768176,4.861374,1.031230,0.024021,0.937030
-0.034154,0.021697,0.595659,1.687682,19.314078,10.675202,3.463249,2.715789,169.124559,4.406343,1.031763,0.021682,0.937716
-0.031285,0.022729,0.684200,1.533053,19.297972,12.372622,3.471319,2.719217,167.762583,5.092177,1.030688,0.025219,0.936718
-0.050824,0.021637,0.548223,2.035905,19.319743,8.070987,3.461414,2.716798,169.553843,3.504100,1.031972,0.017194,0.937718
-0.029921,0.022673,0.607679,1.688996,19.420205,11.252708,3.470310,2.695419,169.650279,4.404906,1.031844,0.021780,0.937722
-0.036147,0.022115,0.634840,1.575272,19.399708,10.663360,3.467409,2.716450,169.560790,4.623804,1.031382,0.022771,0.937311
-0.035011,0.021964,0.625116,1.630638,19.484802,11.214270,3.469266,2.699860,169.478603,4.614269,1.031292,0.022733,0.937274
-0.037130,0.022076,0.615849,1.801996,19.337350,10.797785,3.468181,2.711843,169.424662,4.535998,1.030934,0.022400,0.936940
-0.029713,0.021938,0.617346,1.696438,19.450980,11.731945,3.466062,2.696625,169.526025,4.588641,1.031219,0.022639,0.937182
-0.042025,0.022688,0.588072,1.765296,19.356058,10.141378,3.468121,2.723698,169.473681,4.447189,1.030545,0.021929,0.936541
-0.040600,0.021570,0.635842,1.684525,19.469655,9.626040,3.466123,2.724894,169.441699,4.370801,1.030198,0.021550,0.936184
-0.033329,0.022400,0.611664,1.710262,19.376185,10.895702,3.466993,2.706440,169.448612,4.446032,1.030447,0.021973,0.936540
-0.035883,0.023276,0.618611,1.927473,19.333157,10.788637,3.470297,2.722120,169.384379,4.402411,1.030247,0.021782,0.936367
-0.041755,0.022877,0.619007,1.747624,19.224998,10.030298,3.469274,2.727417,169.121072,4.571027,1.029543,0.022516,0.935689
-0.032611,0.022081,0.581999,1.888788,19.440043,11.677778,3.466588,2.713144,169.092273,4.631305,1.029895,0.022868,0.935973
-0.036551,0.022515,0.620711,1.696434,19.380113,10.895930,3.469003,2.715673,169.049967,4.556219,1.029507,0.022484,0.935620
-0.036752,0.022795,0.628554,1.698072,19.347302,10.942282,3.467926,2.700461,169.044940,4.527196,1.029368,0.022354,0.935477
-0.032254,0.022862,0.646923,1.575018,19.392657,11.542548,3.468224,2.700085,169.054791,4.531922,1.029445,0.022415,0.935520
-0.036519,0.022846,0.636707,1.519395,19.388030,10.485652,3.469412,2.732630,168.989909,4.426843,1.028897,0.021899,0.935060
-0.038832,0.022790,0.637937,1.603341,19.226503,9.378183,3.467161,2.733557,168.927074,4.298647,1.028203,0.021265,0.934437
-0.034345,0.023066,0.649924,1.551651,19.381405,11.279852,3.469191,2.712173,168.910761,4.716117,1.028743,0.023199,0.934898
-0.035146,0.022019,0.656773,1.696141,19.409977,11.268742,3.466605,2.690908,169.019984,4.693076,1.028717,0.023108,0.934795
-0.030038,0.022602,0.624728,1.804688,19.508302,11.625260,3.467834,2.702460,169.129506,4.720366,1.028844,0.023279,0.935004
-0.038592,0.022378,0.632035,1.677668,19.401357,10.348825,3.467510,2.709068,169.041431,4.612909,1.028252,0.022707,0.934498
-0.039248,0.021746,0.649153,1.540332,19.357972,10.073432,3.464763,2.722877,169.038822,4.546835,1.027948,0.022398,0.934182
-0.039967,0.021900,0.639075,1.622254,19.338162,10.065335,3.464975,2.711756,168.992297,4.505281,1.027726,0.022175,0.933994
-0.040548,0.022230,0.624602,1.848620,19.337812,10.184848,3.465957,2.717712,168.932200,4.460510,1.027562,0.022020,0.933842
-0.037905,0.023391,0.631504,1.628368,19.422908,10.404528,3.468110,2.703488,168.897484,4.447050,1.027489,0.021922,0.933755
-0.030934,0.022564,0.649672,1.572440,19.617302,11.209738,3.469397,2.702574,168.890977,4.483629,1.027689,0.022165,0.933918
-0.032557,0.023057,0.635585,1.573358,19.467937,11.139963,3.468604,2.708001,168.851196,4.452549,1.027429,0.022007,0.933733
-0.038927,0.023332,0.623248,1.534668,19.436907,10.877613,3.470073,2.713629,168.775410,4.678774,1.027094,0.023087,0.933432
-0.039295,0.022803,0.688992,1.675657,19.436365,10.340012,3.467319,2.710458,168.737966,4.609059,1.026717,0.022683,0.933056
-0.034488,0.022346,0.689436,1.538444,19.519203,10.969827,3.465663,2.716842,168.692413,4.610367,1.026752,0.022731,0.933090
-0.032307,0.023516,0.644205,1.779657,19.529512,11.071595,3.469875,2.709736,168.680299,4.589672,1.026582,0.022617,0.932975
-0.036041,0.022648,0.660175,1.583925,19.445257,10.593435,3.465134,2.726881,168.555639,4.496730,1.026193,0.022214,0.932589
-0.042859,0.022725,0.675578,1.500972,19.369423,9.533445,3.469560,2.728309,168.334325,4.358737,1.025398,0.021540,0.931936
-0.040191,0.024494,0.686213,1.476786,19.429548,10.517325,3.472172,2.706022,168.333978,4.682506,1.025611,0.023076,0.932044
-0.034502,0.023880,0.680268,1.596734,19.487215,11.414043,3.470298,2.696648,168.393039,4.739959,1.025788,0.023347,0.932248
-0.039192,0.022964,0.670174,1.541500,19.422557,10.298653,3.466909,2.711700,168.380601,4.628792,1.025306,0.022800,0.931783
-0.034215,0.023735,0.682720,1.487586,19.517120,11.670075,3.470639,2.718957,168.487342,4.703193,1.025647,0.023156,0.932104
-0.037308,0.023886,0.666157,1.552469,19.527583,11.311043,3.471445,2.712786,168.482318,4.679339,1.025528,0.023036,0.931994
-0.043802,0.023520,0.686828,1.525112,19.337467,9.502405,3.469553,2.719393,168.309211,4.498508,1.024577,0.022127,0.931163
-0.031076,0.022901,0.691419,1.570340,19.542845,12.216780,3.466422,2.692629,168.259306,4.614066,1.025197,0.022821,0.931719
-0.033835,0.023806,0.691238,1.549109,19.498805,10.783118,3.469260,2.712587,168.135139,4.465449,1.024567,0.022131,0.931108
-0.031286,0.023749,0.623477,1.461291,19.525022,11.498683,3.469326,2.708286,168.115160,4.784654,1.024531,0.023607,0.931112
-0.036698,0.023365,0.698993,1.419717,19.489817,11.076972,3.467484,2.677618,168.053388,4.726192,1.024193,0.023287,0.930828
-0.040534,0.023671,0.699436,1.514899,19.403403,10.248082,3.466892,2.713424,167.972395,4.620856,1.023665,0.022751,0.930319
-0.035845,0.022935,0.681382,1.467574,19.459807,10.800648,3.466542,2.702176,167.963090,4.618824,1.023671,0.022773,0.930342
-0.033355,0.023577,0.715448,1.424958,19.502072,11.233397,3.468346,2.698066,167.976660,4.608616,1.023673,0.022755,0.930316
-0.036895,0.023991,0.712433,1.489562,19.457173,10.663002,3.471269,2.721143,167.936237,4.537486,1.023254,0.022415,0.929968
-0.030848,0.024608,0.704147,1.492031,19.598378,11.998997,3.474321,2.729679,168.129395,4.608478,1.023727,0.022792,0.930331
-0.032270,0.023564,0.673664,1.610433,19.596098,11.793922,3.469113,2.709176,168.161382,4.595360,1.023609,0.022680,0.930262
-0.032148,0.023588,0.693245,1.550991,19.498832,11.230375,3.466632,2.709767,168.119761,4.528631,1.023280,0.022378,0.929968
-0.039906,0.024096,0.702607,1.488784,19.536607,10.538838,3.470085,2.686290,168.032891,4.445162,1.022818,0.021925,0.929559
-0.032012,0.023673,0.660055,1.547206,19.520312,11.170323,3.468691,2.704041,168.056892,4.453507,1.022873,0.022033,0.929594
-0.038090,0.024418,0.692341,1.490822,19.565668,10.995613,3.472113,2.709137,167.923932,4.701977,1.022548,0.023149,0.929304
-0.039718,0.024434,0.678003,1.624613,19.392758,9.947402,3.472744,2.728298,167.879105,4.581152,1.021879,0.022538,0.928744
-0.030242,0.024608,0.698186,1.521896,19.645620,12.123668,3.473790,2.711457,167.840037,4.678006,1.022459,0.023083,0.929226
-0.041028,0.024764,0.704685,1.473853,19.426908,10.526167,3.473700,2.704134,167.765549,4.514590,1.021657,0.022295,0.928515
-0.033301,0.023867,0.724094,1.541093,19.585350,10.800402,3.471315,2.665197,167.707954,4.490558,1.021570,0.022184,0.928381
-0.036274,0.024286,0.711333,1.435068,19.413792,10.027548,3.471166,2.686254,167.629498,4.392236,1.021018,0.021701,0.927940
-0.029201,0.023813,0.720807,1.542469,19.618732,11.885420,3.468075,2.688675,167.665747,4.489100,1.021526,0.022224,0.928385
-0.041593,0.024008,0.727754,1.425811,19.455660,9.999812,3.468493,2.701832,167.568148,4.326972,1.020660,0.021394,0.927603
-0.037082,0.023783,0.705923,1.344436,19.555652,11.254582,3.465629,2.679908,167.515628,4.661735,1.020783,0.022979,0.927747
-0.038451,0.024571,0.702031,1.493521,19.483010,9.987422,3.471493,2.689380,167.354246,4.500341,1.020003,0.022204,0.927036
-0.040659,0.024350,0.728762,1.483858,19.478750,10.367930,3.468655,2.718932,167.324168,4.478309,1.019956,0.022137,0.926950
-0.035307,0.024933,0.764274,1.450000,19.576382,10.447162,3.472987,2.690810,167.349466,4.464771,1.019867,0.022088,0.926891
-0.038544,0.024171,0.746997,1.482504,19.485238,10.404995,3.468526,2.694850,167.364553,4.441513,1.019716,0.021950,0.926746
-0.039770,0.025015,0.762378,1.347897,19.486672,9.843775,3.472618,2.691109,167.299433,4.354158,1.019278,0.021541,0.926352
-0.036997,0.024590,0.760902,1.409237,19.613445,10.745495,3.471395,2.704141,167.317974,4.686107,1.019447,0.023090,0.926504
-0.041379,0.024805,0.697737,1.617053,19.456035,10.148203,3.471227,2.709516,167.166785,4.602047,1.018864,0.022643,0.926072
-0.037624,0.025486,0.739643,1.552306,19.549305,10.527108,3.472783,2.712242,167.032687,4.538541,1.018674,0.022421,0.925848
-0.039378,0.025188,0.764325,1.308249,19.417980,10.042123,3.474040,2.700566,166.997864,4.463101,1.018260,0.022055,0.925482
-0.029017,0.025349,0.694800,1.439232,19.588088,11.606940,3.474963,2.704377,167.091556,4.538570,1.018708,0.022439,0.925801
-0.034259,0.025780,0.734083,1.533363,19.607848,11.772157,3.474382,2.701228,167.140686,4.529722,1.018630,0.022410,0.925776
-0.041859,0.025353,0.738645,1.556730,19.491973,9.797342,3.473275,2.705847,167.001213,4.353511,1.017728,0.021490,0.924926
-0.036049,0.025284,0.726278,1.552499,19.572433,10.905680,3.471903,2.708022,166.998319,4.688166,1.017871,0.023100,0.925084
-0.032257,0.025626,0.740810,1.431269,19.594877,11.361113,3.470835,2.690997,166.973151,4.684636,1.017807,0.023060,0.925078
-0.039878,0.025239,0.718872,1.433780,19.561940,10.457533,3.470016,2.708746,166.902233,4.574443,1.017301,0.022526,0.924580
-0.039481,0.025281,0.758761,1.317940,19.588073,11.068785,3.470946,2.707514,166.800418,4.553030,1.017275,0.022497,0.924505
-0.044970,0.026342,0.745693,1.363246,19.452972,9.459995,3.477163,2.713663,166.755857,4.401633,1.016464,0.021723,0.923806
-0.035719,0.025474,0.781970,1.362903,19.464673,10.653367,3.472587,2.708404,166.811864,4.452053,1.016659,0.021996,0.924039
-0.030771,0.025756,0.741318,1.349055,19.587723,11.621785,3.474122,2.695660,166.819590,4.482472,1.016850,0.022193,0.924178
-0.041160,0.026266,0.770956,1.297048,19.481860,10.290715,3.477646,2.696664,166.667941,4.637639,1.016089,0.022852,0.923482
-0.037866,0.025699,0.771434,1.375403,19.570425,10.737088,3.475242,2.700187,166.653567,4.621033,1.015990,0.022751,0.923379
-0.037982,0.026025,0.734925,1.360671,19.530235,10.669113,3.475056,2.688006,166.575724,4.562901,1.015700,0.022514,0.923162
-0.035609,0.025719,0.761254,1.325823,19.696942,11.328383,3.475445,2.692525,166.580241,4.553361,1.015811,0.022546,0.923166
-0.030104,0.025972,0.765501,1.483567,19.640433,11.857930,3.472449,2.697433,166.542552,4.568949,1.015704,0.022618,0.923213
-0.032155,0.026096,0.761774,1.309754,19.610648,11.423173,3.474863,2.719248,166.472766,4.496287,1.015382,0.022267,0.922863
-0.040906,0.026716,0.782659,1.391646,19.504635,10.503832,3.476744,2.710582,166.397074,4.674093,1.014707,0.023034,0.922266
-0.032325,0.025820,0.769676,1.361121,19.586483,11.275070,3.472812,2.692300,166.376436,4.682522,1.014746,0.023054,0.922273
-0.038864,0.026510,0.796683,1.323047,19.663687,10.743180,3.477975,2.683073,166.319186,4.591688,1.014395,0.022648,0.921905
-0.029367,0.025906,0.786272,1.343652,19.685265,12.113203,3.473456,2.697068,166.275019,4.644742,1.014501,0.022950,0.922127
-0.032594,0.026378,0.803291,1.252150,19.606208,11.408903,3.474000,2.697633,166.147501,4.535413,1.014005,0.022439,0.921644
-0.034180,0.026268,0.789505,1.266386,19.550373,11.363233,3.475106,2.695108,166.127410,4.779465,1.013700,0.023562,0.921335
-0.041181,0.027501,0.812992,1.289793,19.567105,10.130168,3.478703,2.711399,166.078270,4.641901,1.013052,0.022857,0.920697
-0.040864,0.026210,0.810278,1.451686,19.465720,10.309743,3.474944,2.708309,166.119056,4.623917,1.012866,0.022769,0.920605
-0.037449,0.026700,0.762658,1.346868,19.502387,10.268788,3.476390,2.704041,166.042497,4.555879,1.012577,0.022456,0.920328
-0.047845,0.027178,0.771798,1.376629,19.484080,9.556277,3.477991,2.697404,165.987130,4.458702,1.012107,0.021991,0.919877
-0.048793,0.026909,0.808212,1.307539,19.366413,8.875873,3.476347,2.684000,165.825345,4.332645,1.011469,0.021402,0.919333
-0.033890,0.026560,0.815344,1.243825,19.585262,11.762258,3.475648,2.691188,165.819100,4.786879,1.012113,0.023592,0.919982
-0.037931,0.026821,0.831287,1.220747,19.639782,10.881492,3.475192,2.669088,165.714894,4.672849,1.011637,0.023026,0.919465
-0.031374,0.026094,0.835271,1.266297,19.600258,11.672792,3.471092,2.701746,165.717941,4.673758,1.011558,0.023073,0.919471
-0.033677,0.026970,0.829911,1.293411,19.646098,11.285755,3.474646,2.696490,165.635121,4.581662,1.011222,0.022681,0.919119
-0.032046,0.027080,0.837826,1.352703,19.688883,11.779743,3.475053,2.688496,165.593801,4.574452,1.011165,0.022650,0.919031
-0.042279,0.027773,0.808898,1.236305,19.461963,9.974920,3.479901,2.692345,165.451995,4.691469,1.010110,0.023098,0.918147
-0.043854,0.027686,0.849060,1.214356,19.500843,10.117700,3.478469,2.681957,165.411983,4.628108,1.009851,0.022808,0.917878
-0.034587,0.026857,0.869822,1.248889,19.667092,11.449958,3.474208,2.696099,165.427932,4.676589,1.010088,0.023083,0.918143
-0.041514,0.026693,0.870162,1.284419,19.555105,10.043463,3.476979,2.672839,165.504511,4.531635,1.009466,0.022386,0.917466
-0.030901,0.027289,0.838414,1.200157,19.731445,12.021690,3.474760,2.679929,165.556618,4.644598,1.009974,0.022940,0.917960
-0.042769,0.027058,0.842582,1.240749,19.569428,9.832760,3.475641,2.684637,165.472042,4.438083,1.008928,0.021917,0.917034
-0.040974,0.027950,0.849770,1.198912,19.440472,9.100913,3.476558,2.693837,165.332845,4.313505,1.008221,0.021321,0.916448
-0.042016,0.028724,0.857758,1.252150,19.562017,10.607990,3.482262,2.695179,165.338185,4.676606,1.008549,0.023051,0.916698
-0.037049,0.027222,0.826646,1.209723,19.758332,11.083817,3.475412,2.689415,165.340905,4.649244,1.008385,0.022905,0.916560
-0.040216,0.026794,0.792486,1.181322,19.592083,10.266923,3.470191,2.685395,165.212469,4.522826,1.007764,0.022341,0.916040
-0.031234,0.028091,0.843894,1.202407,19.657883,11.783910,3.481877,2.695517,165.189418,4.560587,1.007920,0.022575,0.916232
-0.045424,0.027844,0.881556,1.134292,19.601632,10.167780,3.474011,2.703141,165.025454,4.683336,1.006990,0.023062,0.915340
-0.047079,0.028723,0.886079,1.178705,19.576570,9.895293,3.479594,2.691269,164.934410,4.587054,1.006530,0.022574,0.914890
-0.034404,0.028086,0.888964,1.219265,19.678860,10.568757,3.473040,2.679978,164.913792,4.560294,1.006418,0.022523,0.914801
-0.033968,0.027642,0.824250,1.335891,19.611162,10.954950,3.472904,2.688329,164.929351,4.525810,1.006248,0.022394,0.914662
-0.041085,0.028059,0.876635,1.140716,19.629057,10.198250,3.477763,2.693975,164.805792,4.707855,1.005638,0.023191,0.914085
-0.041590,0.028142,0.890870,1.174925,19.606325,10.312387,3.477207,2.683557,164.732082,4.647330,1.005243,0.022868,0.913744
-0.037290,0.028468,0.862235,1.182737,19.649087,10.833348,3.476637,2.686611,164.594360,4.584061,1.005012,0.022654,0.913579
-0.039217,0.029606,0.915214,1.148390,19.525125,10.113508,3.478991,2.692687,164.466530,4.456990,1.004308,0.022056,0.912954
-0.043921,0.029360,0.900706,1.169376,19.571970,10.236765,3.480519,2.686442,164.469750,4.696011,1.003999,0.023134,0.912638
-0.044760,0.028947,0.907131,1.159215,19.573045,9.879893,3.476437,2.670551,164.375163,4.608551,1.003541,0.022699,0.912217
-0.037291,0.028956,0.925056,1.083148,19.881848,11.175168,3.476761,2.680353,164.415327,4.639560,1.003752,0.022874,0.912360
-0.042291,0.028160,0.931347,1.073981,19.615928,9.777475,3.471914,2.694981,164.319076,4.469658,1.002842,0.022065,0.911622
-0.034333,0.028737,0.942154,1.109230,19.811918,10.866142,3.475947,2.678187,164.286123,4.479632,1.002922,0.022162,0.911636
-0.036604,0.029182,0.936162,1.068195,19.693515,10.363903,3.477904,2.678702,164.050469,4.656285,1.002190,0.022953,0.911042
-0.045770,0.028781,0.955568,1.063539,19.556728,9.194787,3.477480,2.696240,163.858687,4.439513,1.001158,0.021950,0.910089
-0.039001,0.029818,0.979915,1.050523,19.655583,10.706540,3.479114,2.674057,163.796289,4.769502,1.001254,0.023540,0.910222
-0.044132,0.029298,0.985346,1.093021,19.594782,9.584460,3.475633,2.669287,163.674601,4.606626,1.000436,0.022696,0.909422
-0.037197,0.029220,0.954424,1.047753,19.724125,10.443838,3.476566,2.660848,163.624253,4.589524,1.000395,0.022679,0.909380
-0.036907,0.030390,1.001109,1.067768,19.622212,10.657247,3.479353,2.698241,163.539469,4.528218,1.000004,0.022429,0.909121
-0.035535,0.031539,0.982593,1.017692,19.873228,11.937265,3.487110,2.671411,163.525685,4.839426,1.000084,0.023888,0.909124
-0.044422,0.029694,0.961526,1.081740,19.689448,10.005948,3.476078,2.691840,163.376566,4.622876,0.999011,0.022805,0.908149
-0.041658,0.030576,0.983543,1.016470,19.845108,10.655817,3.483014,2.689202,163.351735,4.583523,0.998882,0.022663,0.907985
-0.032189,0.031038,1.014110,1.017426,19.760368,11.284855,3.479997,2.679109,163.470509,4.596238,0.998846,0.022740,0.908087
-0.031683,0.029850,1.019583,1.114275,19.810615,11.093803,3.475830,2.682621,163.440589,4.507652,0.998407,0.022306,0.907602
-0.037178,0.032241,0.990055,1.090984,19.826608,10.931202,3.485653,2.677253,163.316626,4.725442,0.997959,0.023278,0.907186
-0.044237,0.030750,0.980331,1.020073,19.779480,10.038717,3.481211,2.681755,163.262042,4.585994,0.997257,0.022568,0.906527
-0.038048,0.031498,1.035582,0.977961,19.736437,10.481088,3.481352,2.661136,163.203391,4.514713,0.996918,0.022293,0.906274
-0.039985,0.031326,1.017054,1.036160,19.733292,10.251575,3.483688,2.685656,163.091142,4.706680,0.996406,0.023227,0.905783
-0.047465,0.032847,1.048203,0.996106,19.689727,10.068317,3.485106,2.690097,163.009894,4.619175,0.995864,0.022745,0.905333
-0.043887,0.030369,1.011088,0.996533,19.691142,10.161887,3.477093,2.675711,162.925748,4.533789,0.995491,0.022367,0.904966
-0.033947,0.031565,1.049497,1.006876,19.828620,10.983392,3.483963,2.668543,162.865266,4.518123,0.995389,0.022336,0.904896
-0.039917,0.031532,1.069214,0.935397,19.729643,10.270037,3.484028,2.675412,162.763289,4.400976,0.994743,0.021749,0.904325
-0.039076,0.031821,1.076956,0.928464,19.714460,10.308630,3.482467,2.679132,162.618464,4.605559,0.994290,0.022698,0.903885
-0.033342,0.032224,1.072010,1.015530,19.783943,10.644485,3.483627,2.680525,162.591785,4.538263,0.994019,0.022454,0.903623
-0.035956,0.031770,1.103351,0.906332,19.795568,10.376055,3.482228,2.691050,162.549671,4.442985,0.993501,0.021975,0.903149
-0.037581,0.031905,1.054856,0.983920,19.738113,10.471773,3.479366,2.673627,162.399441,4.672733,0.993052,0.023015,0.902792
-0.030503,0.033219,1.069357,0.989204,19.815035,11.577788,3.487557,2.677139,162.389299,4.663927,0.993038,0.023030,0.902786
-0.033398,0.032480,1.124958,0.900248,19.921497,11.346433,3.483212,2.690257,162.313455,4.568379,0.992633,0.022576,0.902329
-0.041311,0.033601,1.128270,0.918919,19.782210,9.784232,3.484130,2.663934,162.175904,4.375947,0.991602,0.021627,0.901437
-0.041064,0.033020,1.122724,0.936238,19.818427,9.803622,3.485085,2.680752,162.085596,4.587269,0.991124,0.022588,0.901009
-0.042196,0.033195,1.136246,1.005931,19.736970,10.583337,3.482335,2.680871,162.054661,4.576542,0.991041,0.022560,0.900982
-0.034842,0.033371,1.149548,0.892430,19.908473,10.831538,3.484622,2.672818,162.013110,4.501650,0.990725,0.022228,0.900662
-0.033857,0.033211,1.113411,0.934595,19.790330,10.895560,3.482971,2.690676,161.876704,4.432131,0.990254,0.021913,0.900325
-0.042116,0.033151,1.166004,0.890477,19.910827,10.165212,3.481089,2.684286,161.665601,4.563670,0.989501,0.022494,0.899535
-0.033029,0.034639,1.138361,0.927113,19.852083,11.077912,3.486653,2.676480,161.565372,4.533307,0.989290,0.022428,0.899406
-0.033628,0.034446,1.168194,0.882296,19.907208,11.382492,3.485170,2.667580,161.471280,4.764686,0.988868,0.023467,0.899060
-0.033749,0.033617,1.198999,0.854601,19.895777,11.723248,3.484439,2.675504,161.390632,4.692885,0.988560,0.023156,0.898749
-0.034682,0.033741,1.192764,0.856159,20.010287,11.182018,3.484372,2.668670,161.279883,4.552397,0.987984,0.022552,0.898154
-0.044854,0.034082,1.201905,0.881433,19.818825,10.129662,3.486084,2.661415,161.155067,4.695381,0.987097,0.023155,0.897355
-0.039718,0.033319,1.217661,0.867832,19.934523,10.360517,3.481529,2.654966,161.075155,4.628008,0.986772,0.022787,0.897032
-0.041806,0.034771,1.226727,0.849431,19.759583,9.971083,3.484890,2.661377,160.978790,4.503551,0.986077,0.022254,0.896505
-0.034052,0.034794,1.246583,0.847030,19.936263,11.020910,3.488856,2.660694,161.000987,4.501620,0.986132,0.022294,0.896480
-0.053117,0.035163,1.195135,0.866862,19.807347,8.698023,3.485271,2.678476,161.009764,4.271600,0.984923,0.021078,0.895395
-0.044349,0.035804,1.247456,0.824507,19.807557,9.682182,3.489111,2.669756,160.985085,4.570701,0.984837,0.022486,0.895379
-0.036800,0.035130,1.278374,0.792368,19.844113,10.610735,3.486987,2.669260,160.910546,4.549659,0.984813,0.022471,0.895330
-0.036946,0.035055,1.237160,0.850308,19.971545,10.742272,3.484584,2.680491,160.921781,4.491008,0.984556,0.022166,0.895028
-0.050454,0.035252,1.262325,0.835573,19.789810,8.777507,3.483196,2.674312,160.735830,4.247162,0.983341,0.020995,0.893925
-0.048502,0.036428,1.266003,0.815851,19.744300,9.552792,3.487687,2.651017,160.664383,4.529924,0.983132,0.022315,0.893834
-0.037557,0.035990,1.268564,0.788440,19.867717,10.386800,3.488075,2.672366,160.617992,4.502825,0.983028,0.022188,0.893704
-0.042418,0.036323,1.254627,0.802143,19.834845,10.131143,3.485307,2.689272,160.504847,4.401457,0.982524,0.021747,0.893225
-0.040467,0.036947,1.323145,0.785723,19.888792,9.818557,3.489461,2.654708,160.416883,4.586844,0.981958,0.022597,0.892678
-0.041136,0.036954,1.288705,0.796190,19.793637,10.288265,3.491154,2.669596,160.324658,4.545386,0.981688,0.022396,0.892522
-0.039570,0.036662,1.319977,0.776081,19.953525,9.801140,3.488967,2.662749,160.257871,4.416987,0.981130,0.021796,0.891919
-0.029605,0.037089,1.336430,0.756259,19.952603,11.652752,3.484665,2.653969,160.191110,4.477251,0.981256,0.022155,0.892174
-0.047382,0.038194,1.349031,0.746762,19.839598,9.587620,3.494095,2.666017,160.030508,4.536390,0.980142,0.022323,0.891051
-0.036082,0.036484,1.351869,0.762245,19.925163,11.347890,3.485619,2.669923,159.984160,4.584004,0.980271,0.022578,0.891270
-0.042487,0.037445,1.402063,0.726853,19.764512,9.939615,3.490168,2.667762,159.790925,4.372734,0.979298,0.021603,0.890320
-0.034228,0.037100,1.371477,0.750506,19.943467,11.318585,3.483994,2.661186,159.793307,4.676789,0.979332,0.023053,0.890318
-0.041520,0.037946,1.373277,0.738967,19.915265,10.169722,3.491637,2.648494,159.746881,4.543519,0.978661,0.022364,0.889684
-0.031013,0.038462,1.410497,0.709557,19.943468,11.241780,3.490927,2.660362,159.792721,4.538213,0.978633,0.022460,0.889780
-0.033782,0.038550,1.390258,0.727099,19.864733,11.094147,3.488259,2.645761,159.726703,4.464688,0.978177,0.022036,0.889339
-0.041583,0.039308,1.418412,0.727103,19.949060,9.896907,3.493600,2.665615,159.599328,4.278862,0.977401,0.021146,0.888501
-0.050575,0.039311,1.406214,0.728203,19.671908,9.010940,3.489476,2.682680,159.445961,4.441684,0.976492,0.021854,0.887856
-0.032673,0.039219,1.430731,0.720479,19.905750,11.406800,3.493707,2.652936,159.326099,4.490601,0.976840,0.022225,0.888146
-0.037478,0.040706,1.471422,0.690357,19.881657,10.820377,3.495006,2.643915,159.174410,4.653653,0.976109,0.022954,0.887456
-0.042140,0.038656,1.477955,0.688175,19.754307,10.187130,3.488959,2.664362,159.010620,4.526470,0.975436,0.022286,0.886836
-0.036725,0.040607,1.460190,0.684977,19.721002,10.375550,3.496312,2.687398,158.955909,4.438951,0.975060,0.021938,0.886499
-0.042277,0.040483,1.498516,0.697497,19.687012,9.661120,3.492932,2.653935,158.840765,4.591566,0.974327,0.022638,0.885786
-0.038251,0.040602,1.459171,0.685343,19.806548,10.382428,3.495276,2.659361,158.763600,4.581279,0.974225,0.022574,0.885712
-0.036324,0.040399,1.520299,0.671377,19.700560,10.536752,3.492663,2.663803,158.723027,4.496403,0.973773,0.022231,0.885372
-0.037737,0.040734,1.498340,0.695210,19.716317,10.297462,3.493823,2.651991,158.605143,4.390876,0.973303,0.021722,0.884873
-0.040772,0.040678,1.529368,0.664775,19.774255,10.218798,3.496594,2.660522,158.582686,4.604542,0.972859,0.022714,0.884451
-0.040140,0.042588,1.533420,0.670611,19.823195,11.019067,3.499421,2.654394,158.654781,4.624150,0.972911,0.022777,0.884515
-0.045961,0.041117,1.566985,0.668805,19.710240,9.615513,3.493003,2.660590,158.638030,4.453070,0.972127,0.021921,0.883745
-0.037901,0.041801,1.547641,0.656470,19.753415,10.373938,3.489726,2.643603,158.596876,4.425032,0.971961,0.021838,0.883647
-0.041231,0.041697,1.544157,0.658474,19.622685,9.675103,3.495594,2.671587,158.547144,4.296194,0.971270,0.021208,0.883046
-0.035297,0.042542,1.601526,0.632187,19.800168,11.129222,3.497474,2.668932,158.442139,4.614774,0.971351,0.022742,0.883094
-0.033616,0.041256,1.587473,0.637331,19.782407,10.975560,3.491834,2.648931,158.367739,4.530825,0.970915,0.022305,0.882710
