SCC,SCV,DVV,ICP,CCDT,CVCT,ACCV C,ACCV D,ECD,ECV,CCD,CCV,SoH
-0.036050,0.015054,0.333988,2.999941,20.016645,10.916645,3.448420,2.733845,179.723184,6.633724,1.079300,0.033177,0.981395
-0.038607,0.015495,0.315816,3.147219,20.016203,10.833385,3.448486,2.756555,179.973084,6.585274,1.080605,0.032789,0.982474
-0.039402,0.015269,0.315182,3.719581,20.015642,10.749947,3.447499,2.750513,180.091843,6.410377,1.081382,0.031895,0.983085
-0.037894,0.014710,0.223398,6.108844,20.015632,10.666815,3.445609,2.750926,180.207623,6.218118,1.081944,0.030988,0.983558
-0.042866,0.015304,0.317647,2.846049,20.016185,10.666882,3.447946,2.752787,180.266073,6.280593,1.082272,0.031215,0.983791
-0.036501,0.015159,0.307737,3.949122,20.016240,10.583370,3.448542,2.746544,180.310678,6.010500,1.082486,0.029994,0.984005
-0.036401,0.014307,0.299901,3.173547,20.016485,10.583305,3.444615,2.752227,180.337776,6.058590,1.082743,0.030160,0.984208
-0.040019,0.014918,0.320681,3.284143,20.007843,10.583357,3.446163,2.751449,180.357633,6.096382,1.082863,0.030297,0.984322
-0.041235,0.014505,0.264521,3.600589,20.016245,10.583438,3.444708,2.753106,180.384835,6.122936,1.083021,0.030416,0.984452
-0.037530,0.014324,0.303124,5.537288,20.016552,10.499878,3.444134,2.749889,180.396646,5.834625,1.083156,0.029107,0.984540
-0.039684,0.015083,0.241302,3.444407,20.007740,10.499922,3.448563,2.740015,180.408778,5.842798,1.083228,0.029130,0.984599
-0.035723,0.014645,0.278508,3.145265,20.016593,10.500188,3.446709,2.748939,180.396707,5.865287,1.083257,0.029169,0.984671
-0.039742,0.014776,0.279295,4.335266,20.007815,10.499972,3.447553,2.755213,180.375433,5.842502,1.083267,0.029148,0.984670
-0.041812,0.015206,0.270661,2.884912,20.007873,10.500057,3.448335,2.748080,180.399263,5.868818,1.083406,0.029208,0.984710
-0.040105,0.014190,0.267286,7.314361,20.008287,10.500010,3.444265,2.736519,180.380365,5.882874,1.083427,0.029219,0.984740
-0.039958,0.014995,0.313896,5.354593,20.008537,10.500028,3.447042,2.738154,180.382004,5.914664,1.083516,0.029331,0.984844
-0.038006,0.014353,0.309399,3.540339,20.008125,10.500068,3.445005,2.743146,180.358615,5.902589,1.083483,0.029302,0.984832
-0.038753,0.014650,0.280537,3.635386,20.008407,10.500077,3.444789,2.755789,180.366482,5.893963,1.083526,0.029317,0.984843
-0.036215,0.014300,0.269455,3.907449,20.008647,10.416780,3.444806,2.752232,180.363409,5.596044,1.083499,0.027928,0.984826
-0.035961,0.014217,0.296466,3.487803,20.008285,10.416902,3.443693,2.757208,180.335840,5.607933,1.083551,0.027969,0.984838
-0.035642,0.015063,0.161159,5.156001,20.008535,10.416673,3.445445,2.750471,180.347050,5.617351,1.083626,0.028008,0.984915
-0.036319,0.014034,0.301857,3.068120,20.008498,10.416652,3.443657,2.743461,180.334507,5.612902,1.083678,0.028030,0.984939
-0.035760,0.013969,0.294328,4.296345,20.008232,10.416888,3.443978,2.750034,180.120423,5.615873,1.082482,0.028012,0.984932
-0.034129,0.014447,0.302332,3.115801,20.008780,10.416637,3.446135,2.759905,180.335345,5.610135,1.083722,0.028005,0.984932
-0.038135,0.014256,0.314203,2.897516,20.008788,10.416647,3.443931,2.753095,180.306739,5.605026,1.083673,0.027952,0.984898
-0.037645,0.014522,0.265205,12.217214,20.008668,10.416755,3.445634,2.739592,180.310303,5.603979,1.083675,0.027985,0.984917
-0.037970,0.013796,0.293862,2.988692,20.008713,10.416817,3.442032,2.747307,180.302920,5.620429,1.083720,0.027987,0.984934
-0.035930,0.014164,0.288844,3.638489,20.008515,10.416810,3.445080,2.771076,180.280136,5.638337,1.083697,0.028035,0.984981
-0.036754,0.013927,0.301295,3.670122,20.008842,10.416695,3.443895,2.748499,180.260942,5.620686,1.083715,0.027958,0.984918
-0.034682,0.014105,0.241309,3.585641,20.009157,10.416700,3.444426,2.749448,180.255377,5.622539,1.083604,0.027975,0.984933
-0.035199,0.013648,0.272957,3.781210,20.008927,10.416800,3.442272,2.733977,180.257537,5.605823,1.083653,0.027917,0.984870
-0.036630,0.015104,0.301451,3.052992,20.009098,10.416758,3.447898,2.745017,180.224716,5.616138,1.083642,0.027936,0.984897
-0.038763,0.014321,0.243104,5.898419,20.008835,10.416745,3.443040,2.756515,180.234999,5.608991,1.083606,0.027923,0.984870
-0.035988,0.014741,0.299101,2.719299,20.008978,10.416720,3.445241,2.750560,180.212550,5.615579,1.083636,0.027924,0.984883
-0.037412,0.014056,0.294149,4.064156,20.009123,10.416760,3.443739,2.758313,180.195516,5.622894,1.083619,0.027918,0.984886
-0.036722,0.014369,0.266403,4.834273,20.009222,10.416665,3.444191,2.750017,180.198085,5.615702,1.083598,0.027892,0.984857
-0.035472,0.014028,0.293781,3.217890,20.009292,10.416730,3.443964,2.751785,180.151301,5.624508,1.083569,0.027874,0.984855
-0.037192,0.014628,0.288961,3.555638,20.009447,10.416617,3.446718,2.739403,180.143236,5.618477,1.083574,0.027882,0.984858
-0.038452,0.013797,0.195795,59.160853,20.009378,10.416632,3.444006,2.756347,180.132503,5.596310,1.083552,0.027862,0.984845
-0.038591,0.013647,0.236152,2.548389,20.009098,10.416683,3.442234,2.742598,180.111619,5.597316,1.083520,0.027846,0.984817
-0.037030,0.013782,0.208060,4.154822,20.009528,10.416865,3.442551,2.743696,180.077425,5.583427,1.083508,0.027791,0.984788
-0.036577,0.014334,0.265559,3.875755,20.009260,10.416748,3.445929,2.735227,180.055890,5.579359,1.083449,0.027729,0.984719
-0.036544,0.014403,0.302307,3.245808,20.009345,10.416760,3.444614,2.745844,180.035427,5.573569,1.083452,0.027709,0.984725
-0.037990,0.014664,0.278838,3.449944,20.009245,10.416850,3.445211,2.733953,180.049393,5.566920,1.083444,0.027699,0.984718
-0.037970,0.014116,0.273161,3.660858,20.009453,10.416923,3.443094,2.741489,180.006450,5.569072,1.083398,0.027677,0.984683
-0.037403,0.014001,0.219176,3.359046,20.009528,10.416852,3.444133,2.745716,179.998110,5.566976,1.083397,0.027658,0.984678
-0.035646,0.014075,0.280926,3.359288,20.009232,10.416712,3.444589,2.749378,179.974449,5.545339,1.083355,0.027602,0.984627
-0.034753,0.014464,0.311476,4.431943,20.009400,10.416703,3.446009,2.747406,179.947980,5.545676,1.083331,0.027573,0.984602
-0.035629,0.014903,0.288724,3.448792,20.009420,10.333563,3.446480,2.734491,180.311127,5.345688,1.083731,0.026575,0.984970
-0.036491,0.013957,0.233667,157.703125,20.009102,10.333402,3.443675,2.755330,180.489006,5.393957,1.084019,0.026788,0.985266
-0.036192,0.013540,0.263943,2.907518,20.009150,10.333470,3.441735,2.752113,180.640062,5.440809,1.084211,0.026918,0.985396
-0.035642,0.013930,0.299800,3.848989,20.009140,10.250027,3.442017,2.743343,180.689379,5.156979,1.084301,0.025670,0.985494
-0.035507,0.014178,0.229774,6.538682,20.009058,10.249977,3.442300,2.760020,180.505808,5.163402,1.083134,0.025719,0.985569
-0.035566,0.013677,0.247782,4.688284,20.009005,10.333455,3.441161,2.740809,180.071734,5.321561,1.083719,0.026532,0.984999
-0.038324,0.014060,0.301351,3.578110,20.009498,10.416765,3.444842,2.738360,179.829410,5.540714,1.083289,0.027513,0.984573
-0.039960,0.014604,0.272084,3.614147,20.009500,10.416798,3.446094,2.749026,179.791670,5.540033,1.083239,0.027479,0.984522
-0.037610,0.013770,0.283140,3.102804,20.009275,10.416882,3.443598,2.745560,179.764422,5.511996,1.083171,0.027396,0.984441
-0.036039,0.014251,0.163676,3.093334,20.009847,10.416770,3.445858,2.751292,179.755581,5.515040,1.083160,0.027392,0.984458
-0.036650,0.014308,0.264276,3.557523,20.009645,10.416602,3.445782,2.730390,179.741415,5.500895,1.083186,0.027399,0.984432
-0.038060,0.014560,0.295750,3.015018,20.009815,10.416783,3.444541,2.750843,179.712994,5.505901,1.083121,0.027362,0.984415
-0.038900,0.014171,0.266555,3.408277,20.009717,10.416748,3.444693,2.747200,179.711123,5.502446,1.083132,0.027309,0.984396
-0.036816,0.014591,0.294851,3.396616,20.010233,10.416787,3.445941,2.729069,179.692106,5.497107,1.083105,0.027298,0.984386
-0.036995,0.013903,0.224259,3.353603,20.009740,10.416750,3.441440,2.736604,179.673676,5.494323,1.083111,0.027248,0.984366
-0.039714,0.013994,0.309590,3.365993,20.009860,10.416573,3.443533,2.726168,179.656841,5.471955,1.083050,0.027194,0.984309
-0.035850,0.014348,0.264964,4.255868,20.009628,10.416762,3.445828,2.745224,179.635876,5.466151,1.083016,0.027176,0.984313
-0.035753,0.013989,0.268862,3.454169,20.010072,10.416563,3.445284,2.735428,179.606048,5.459130,1.082981,0.027123,0.984235
-0.038437,0.014427,0.306212,3.183823,20.009767,10.416868,3.444985,2.742762,179.587133,5.436099,1.082925,0.027104,0.984233
-0.035300,0.015472,0.287575,3.501193,20.010173,10.416765,3.450812,2.732005,179.587660,5.440915,1.082928,0.027053,0.984174
-0.036233,0.013773,0.256997,3.507756,20.010163,10.416745,3.444464,2.747490,179.556977,5.436964,1.082869,0.027065,0.984190
-0.036633,0.014174,0.233819,3.336457,20.009638,10.416882,3.444881,2.733230,179.542449,5.438635,1.082850,0.027048,0.984156
-0.036195,0.014761,0.267239,6.135998,20.009940,10.416758,3.446870,2.729843,179.522895,5.429646,1.082820,0.027009,0.984141
-0.036561,0.014850,0.321235,3.111975,20.009552,10.416747,3.447417,2.739008,179.518434,5.436030,1.082807,0.026998,0.984114
-0.035407,0.014356,0.322438,3.565974,20.009665,10.416745,3.445752,2.753382,179.486233,5.419597,1.082751,0.026971,0.984075
-0.034071,0.014774,0.290039,5.807672,20.010233,10.416878,3.448711,2.743426,179.483564,5.409214,1.082739,0.026938,0.984058
-0.038435,0.014326,0.191051,3.543578,20.010070,10.416680,3.445382,2.724408,179.454388,5.419257,1.082703,0.026946,0.984033
-0.038780,0.014090,0.209359,12.044085,20.009510,10.416605,3.443944,2.739936,179.452259,5.399445,1.082655,0.026898,0.983999
-0.038271,0.014525,0.294272,2.993434,20.010008,10.416825,3.446140,2.749431,179.427910,5.393971,1.082604,0.026847,0.983936
-0.036621,0.014358,0.299516,4.304538,20.009852,10.416715,3.445095,2.736020,179.389163,5.384753,1.082575,0.026805,0.983901
-0.037452,0.014462,0.303042,3.561934,20.009982,10.416793,3.445696,2.748721,179.390403,5.382157,1.082529,0.026780,0.983869
-0.036484,0.014441,0.320893,3.253913,20.009785,10.416877,3.445977,2.742879,179.368557,5.377140,1.082513,0.026770,0.983842
-0.034865,0.014796,0.284617,3.944473,20.009835,10.416757,3.446579,2.738127,179.358148,5.368501,1.082486,0.026736,0.983840
-0.036097,0.014262,0.301159,2.868372,20.010118,10.416665,3.445884,2.738521,179.345824,5.353778,1.082482,0.026715,0.983821
-0.036699,0.014766,0.309639,4.150937,20.010050,10.416705,3.446681,2.746701,179.126777,5.346113,1.081234,0.026718,0.983807
-0.033634,0.014578,0.317890,4.192287,20.009800,10.416663,3.446863,2.737051,179.295117,5.376199,1.082452,0.026702,0.983803
-0.034686,0.015038,0.274176,2.883010,20.010233,10.416747,3.448651,2.738025,179.286659,5.353518,1.082441,0.026690,0.983780
-0.037325,0.013969,0.135452,3.853491,20.010350,10.416668,3.444972,2.734354,179.272511,5.356472,1.082412,0.026657,0.983765
-0.035895,0.014807,0.309646,3.227115,20.010808,10.416872,3.447855,2.742475,179.244762,5.348202,1.082402,0.026648,0.983731
-0.036141,0.014350,0.306097,3.752505,20.009982,10.416697,3.446661,2.741364,179.240181,5.340377,1.082370,0.026637,0.983716
-0.036940,0.014673,0.303983,4.625536,20.010127,10.416913,3.447390,2.738106,179.231406,5.339450,1.082336,0.026591,0.983675
-0.035783,0.014653,0.305282,2.847569,20.009860,10.416785,3.447375,2.741361,179.191777,5.331101,1.082300,0.026576,0.983671
-0.037097,0.014653,0.257151,7.889308,20.010385,10.416730,3.447136,2.744004,179.186122,5.330126,1.082319,0.026556,0.983638
-0.036250,0.014538,0.281650,3.511175,20.010780,10.416863,3.448162,2.735699,179.172383,5.328671,1.082350,0.026569,0.983672
-0.034450,0.014351,0.323777,2.851052,20.010322,10.416905,3.447920,2.743889,179.155324,5.316776,1.082294,0.026526,0.983653
-0.036576,0.014098,0.304717,4.248929,20.010060,10.416717,3.446195,2.737987,179.150021,5.317567,1.082248,0.026515,0.983626
-0.034385,0.014951,0.281734,4.969261,20.010300,10.416808,3.448985,2.732126,179.106976,5.325350,1.082210,0.026469,0.983560
-0.037200,0.014871,0.280378,3.566060,20.009980,10.500063,3.447155,2.734862,179.102853,5.611881,1.082178,0.027804,0.983522
-0.039962,0.015105,0.331765,2.880930,20.010045,10.499892,3.449466,2.732218,179.073759,5.600711,1.082116,0.027756,0.983486
-0.037653,0.014623,0.266286,3.647743,20.009793,10.500038,3.447103,2.722877,179.045000,5.594838,1.082068,0.027716,0.983438
-0.041646,0.015273,0.307769,3.964729,20.010153,10.500147,3.449837,2.746127,179.044249,5.584341,1.082049,0.027667,0.983397
-0.039953,0.014234,0.268563,5.042104,20.010085,10.499930,3.445982,2.739642,179.010263,5.586030,1.082028,0.027653,0.983391
-0.037889,0.014966,0.297957,3.099655,20.010172,10.500027,3.449303,2.743936,179.013399,5.580802,1.082018,0.027605,0.983347
-0.038288,0.015140,0.281134,8.543915,20.010300,10.500078,3.449198,2.740196,178.971841,5.569017,1.081996,0.027592,0.983331
-0.035258,0.014160,0.279465,3.582712,20.009957,10.500128,3.446189,2.733331,178.962985,5.562373,1.081966,0.027541,0.983293
-0.035832,0.014752,0.320094,2.994845,20.010405,10.500120,3.448646,2.722773,178.951185,5.553715,1.081929,0.027509,0.983256
-0.036458,0.014369,0.306322,3.684065,20.010158,10.500053,3.447182,2.731956,178.911153,5.565608,1.081879,0.027497,0.983244
-0.036648,0.014568,0.298426,2.884235,20.010217,10.500037,3.448028,2.732613,178.890014,5.533409,1.081807,0.027429,0.983173
-0.039041,0.014730,0.330459,2.859234,20.010510,10.500018,3.448950,2.744831,178.926991,5.544150,1.081842,0.027429,0.983177
-0.037828,0.014144,0.314055,3.110588,20.010538,10.500128,3.446830,2.736202,178.914992,5.536669,1.081799,0.027404,0.983175
-0.040157,0.014041,0.297857,5.450231,20.010942,10.500208,3.444799,2.727887,178.868026,5.518516,1.081750,0.027368,0.983128
-0.036121,0.013783,0.326535,3.270840,20.010232,10.500158,3.445319,2.746564,178.848023,5.526411,1.081705,0.027352,0.983101
-0.036378,0.013994,0.319067,2.623342,20.010833,10.500103,3.445008,2.734674,178.842195,5.508814,1.081649,0.027285,0.983076
-0.035315,0.014695,0.304725,5.707164,20.010630,10.500068,3.447945,2.729313,178.820325,5.513516,1.081624,0.027268,0.983037
-0.037870,0.014529,0.308334,4.740074,20.010595,10.500010,3.446527,2.740980,178.623366,5.490020,1.080361,0.027232,0.982992
-0.035926,0.014405,0.324575,3.092362,20.010620,10.500075,3.446329,2.734956,178.788665,5.484796,1.081558,0.027208,0.982984
-0.035883,0.014667,0.282639,3.135019,20.010527,10.499957,3.448132,2.736644,178.773480,5.476740,1.081527,0.027189,0.982952
-0.039344,0.014687,0.298266,10.195260,20.010498,10.500023,3.446458,2.735290,178.781136,5.473823,1.081507,0.027143,0.982904
-0.036848,0.014322,0.281617,7.279552,20.010763,10.500057,3.447046,2.741494,178.756958,5.463447,1.081468,0.027106,0.982870
-0.035908,0.013929,0.260771,4.928203,20.010792,10.500223,3.444503,2.726140,178.755017,5.461917,1.081440,0.027101,0.982871
-0.037217,0.014169,0.312384,2.926414,20.010883,10.500010,3.444761,2.720768,178.736093,5.455092,1.081429,0.027101,0.982854
-0.039082,0.014299,0.316488,3.114752,20.010845,10.500025,3.446329,2.722866,178.731620,5.448629,1.081439,0.027079,0.982860
-0.035573,0.014517,0.250856,23.968858,20.011098,10.499968,3.446763,2.732828,178.724517,5.446203,1.081403,0.027099,0.982848
-0.035431,0.015069,0.295950,3.942175,20.010877,10.500093,3.449721,2.734369,178.694871,5.446716,1.081352,0.027026,0.982786
-0.034018,0.014061,0.301459,3.604156,20.010687,10.499995,3.446087,2.727761,178.672766,5.423642,1.081312,0.027003,0.982753
-0.036094,0.014546,0.326188,3.013504,20.010872,10.500153,3.448606,2.726514,178.648538,5.415512,1.081270,0.026954,0.982712
-0.035798,0.014352,0.316836,2.401679,20.010763,10.500040,3.447683,2.737847,178.623964,5.413185,1.081273,0.026911,0.982679
-0.036458,0.014399,0.325082,2.562797,20.010578,10.500120,3.448345,2.731916,178.619665,5.421859,1.081198,0.026896,0.982637
-0.037958,0.014575,0.326911,2.640907,20.010813,10.500053,3.448713,2.734410,178.609906,5.444562,1.081174,0.026967,0.982614
-0.035397,0.014767,0.299899,2.876801,20.010872,10.500100,3.446454,2.727896,178.599521,5.392208,1.081167,0.026855,0.982598
-0.035970,0.015199,0.306723,3.215077,20.010977,10.500027,3.449430,2.756745,178.575246,5.387063,1.081066,0.026836,0.982589
-0.037051,0.014306,0.301241,3.489673,20.010647,10.500145,3.446476,2.734203,178.544366,5.384971,1.081027,0.026790,0.982559
-0.034966,0.014267,0.294415,3.085550,20.010497,10.500012,3.446362,2.734048,178.521452,5.368464,1.081011,0.026757,0.982489
-0.033806,0.014787,0.319480,4.622091,20.010863,10.500013,3.448665,2.740681,178.510313,5.368051,1.081011,0.026732,0.982467
-0.036395,0.015033,0.317316,3.335632,20.010962,10.500118,3.448838,2.730799,178.487683,5.356577,1.080940,0.026664,0.982380
-0.036131,0.014660,0.333143,3.429306,20.010862,10.500188,3.447726,2.736807,178.496371,5.355044,1.080948,0.026671,0.982393
-0.036662,0.015193,0.311359,3.093721,20.010527,10.500007,3.450793,2.736481,178.512851,5.356277,1.080972,0.026658,0.982402
-0.034645,0.015157,0.316543,2.867403,20.010597,10.500058,3.450600,2.732765,178.449504,5.352406,1.080913,0.026617,0.982343
-0.035886,0.014701,0.327581,3.052439,20.010968,10.500070,3.448093,2.729060,178.434325,5.339267,1.080868,0.026603,0.982324
-0.034033,0.014872,0.279702,3.571198,20.011007,10.500225,3.449755,2.721470,178.420801,5.331910,1.080860,0.026593,0.982322
-0.036532,0.014988,0.150926,3.326561,20.010900,10.499887,3.449674,2.727842,178.414290,5.325008,1.080841,0.026571,0.982301
-0.034830,0.014968,0.330473,2.956910,20.010662,10.500047,3.450976,2.719723,178.393915,5.325219,1.080796,0.026555,0.982276
-0.035209,0.015421,0.308127,5.783611,19.998707,10.499948,3.449828,2.734972,178.401285,5.325485,1.080665,0.026504,0.982200
-0.035411,0.014989,0.334445,2.644152,20.010622,10.583468,3.449628,2.778677,180.219023,5.638278,1.080700,0.027811,0.982200
-0.037578,0.014968,0.342295,3.656189,20.011128,10.500163,3.449076,2.752192,178.207544,5.315610,1.079512,0.026456,0.982165
-0.034815,0.015081,0.290566,7.940758,20.010618,10.500125,3.449495,2.730440,178.375872,5.308561,1.080689,0.026426,0.982127
-0.033966,0.015274,0.247039,5.558704,20.010765,10.500082,3.450742,2.738724,178.343224,5.306076,1.080647,0.026412,0.982102
-0.037065,0.014814,0.306129,4.462850,20.010963,10.583455,3.450508,2.725317,178.307206,5.593089,1.080604,0.027717,0.982058
-0.040365,0.015169,0.329748,3.050809,20.010662,10.583447,3.450357,2.739922,178.289407,5.603760,1.080571,0.027714,0.982069
-0.036182,0.015302,0.336982,3.898265,20.010872,10.583360,3.451154,2.733350,178.271622,5.580019,1.080529,0.027649,0.981981
-0.037895,0.015066,0.303065,2.830327,20.010690,10.583502,3.450609,2.735435,178.253272,5.585091,1.080490,0.027664,0.982004
-0.039315,0.015120,0.342184,2.342462,20.010780,10.583438,3.449213,2.736658,178.240291,5.575637,1.080461,0.027645,0.981987
-0.039631,0.015381,0.318054,3.956614,20.010752,10.583333,3.450221,2.724286,178.215684,5.555421,1.080403,0.027589,0.981949
-0.038417,0.014626,0.331729,3.014840,20.011003,10.583477,3.447190,2.739092,178.209795,5.554403,1.080408,0.027562,0.981904
-0.039251,0.014690,0.320428,3.205190,20.010765,10.583362,3.447190,2.728504,178.197136,5.551254,1.080339,0.027515,0.981863
-0.038124,0.014790,0.323142,3.094610,20.010963,10.583485,3.451799,2.724654,178.165717,5.546064,1.080281,0.027457,0.981808
-0.035754,0.014956,0.334171,4.449082,20.011190,10.583297,3.449815,2.739163,178.145576,5.538819,1.080296,0.027412,0.981762
-0.035880,0.014074,0.318302,3.142563,20.011025,10.583355,3.448068,2.734663,178.142760,5.527751,1.080223,0.027393,0.981762
-0.038285,0.014553,0.251439,20.750476,20.011018,10.583330,3.448360,2.733798,178.117272,5.513858,1.080171,0.027345,0.981712
-0.038658,0.014810,0.284505,2.804664,20.006055,10.583367,3.450289,2.739809,178.121289,5.512700,1.080182,0.027344,0.981711
-0.038147,0.014363,0.347238,2.939965,20.010938,10.583382,3.447257,2.723483,178.126773,5.507121,1.080136,0.027309,0.981672
-0.036644,0.014415,0.343403,2.487919,20.010765,10.583355,3.449088,2.742521,178.135876,5.502435,1.080151,0.027288,0.981641
-0.037579,0.014949,0.343227,2.675578,19.959645,10.583433,3.450001,2.743235,178.191379,5.502238,1.080173,0.027318,0.981691
-0.039196,0.014337,0.325587,2.658507,20.011018,10.583425,3.447052,2.730696,178.351254,5.528515,1.080337,0.027430,0.981796
-0.034467,0.014941,0.340874,2.854174,20.010842,10.500065,3.449821,2.742775,178.386628,5.243857,1.080410,0.026137,0.981913
-0.037362,0.014478,0.338386,3.131108,20.011455,10.500013,3.448634,2.732295,178.327121,5.244530,1.080370,0.026116,0.981877
-0.037134,0.015218,0.360165,2.622121,20.010920,10.583477,3.450884,2.721402,178.175721,5.529038,1.080227,0.027366,0.981741
-0.037922,0.015122,0.318116,5.361090,20.010820,10.583425,3.450904,2.733033,178.028096,5.465562,1.080020,0.027189,0.981555
-0.034708,0.014845,0.330006,3.608318,20.010580,10.583347,3.449298,2.731499,177.992326,5.447671,1.079912,0.027101,0.981488
-0.035762,0.014814,0.352576,2.273200,20.010818,10.583515,3.449287,2.742211,177.992096,5.452794,1.079848,0.027064,0.981430
-0.035154,0.014817,0.345657,3.467907,20.010623,10.583550,3.449829,2.731327,178.157964,5.483936,1.080018,0.027156,0.981552
-0.039768,0.015582,0.236022,29.639223,20.010968,10.582543,3.451492,2.729797,178.267726,5.509877,1.080156,0.027269,0.981654
-0.036431,0.014795,0.326355,2.555038,20.000765,10.500197,3.449523,2.736530,178.341464,5.217192,1.080253,0.025952,0.981749
-0.037903,0.014747,0.344764,3.889107,20.011077,10.499932,3.450453,2.731377,178.355786,5.223104,1.080290,0.025991,0.981789
-0.034385,0.015167,0.342599,3.356826,20.011033,10.499907,3.449963,2.732669,178.168713,5.226717,1.079048,0.025991,0.981788
-0.035417,0.015298,0.346797,2.837386,19.996877,10.500063,3.450696,2.723170,178.265554,5.216140,1.080212,0.025944,0.981704
-0.037550,0.015203,0.365736,3.426626,20.010940,10.583505,3.450617,2.713954,178.183277,5.488769,1.080091,0.027210,0.981613
-0.036280,0.014296,0.320904,3.150257,20.011172,10.583337,3.446931,2.719181,178.021898,5.468970,1.079962,0.027070,0.981483
-0.037065,0.015403,0.348935,3.101849,20.009725,10.583452,3.453329,2.729979,177.826679,5.407714,1.079672,0.026861,0.981212
-0.038128,0.015377,0.324391,2.633851,20.011308,10.583373,3.451776,2.727157,177.805748,5.391818,1.079651,0.026818,0.981186
-0.037596,0.015183,0.330808,2.823094,19.983513,10.583318,3.451132,2.728345,177.786419,5.378183,1.079574,0.026795,0.981147
-0.036032,0.015279,0.348166,2.864284,20.011062,10.583415,3.450916,2.734284,177.767108,5.371014,1.079519,0.026748,0.981109
-0.034724,0.015639,0.298209,2.865390,20.010842,10.583502,3.451848,2.725214,177.750324,5.369651,1.079509,0.026717,0.981074
-0.036061,0.015403,0.330513,4.772628,19.986168,10.583523,3.449862,2.738481,177.735780,5.353569,1.079434,0.026678,0.981038
-0.034856,0.014482,0.334248,2.545989,20.011242,10.583478,3.447720,2.726319,177.725313,5.362737,1.079458,0.026654,0.981002
-0.036307,0.014830,0.288054,4.064156,19.975025,10.583487,3.450273,2.716086,177.706154,5.354865,1.079364,0.026603,0.980937
-0.037568,0.014403,0.359356,4.936570,19.952255,10.583422,3.447871,2.723475,177.677577,5.356727,1.079301,0.026571,0.980906
-0.034476,0.014476,0.355869,2.846247,20.010590,10.583333,3.447368,2.724924,177.686866,5.321498,1.079316,0.026555,0.980889
-0.034382,0.015611,0.328840,4.145176,20.001007,10.583365,3.451743,2.740564,177.703893,5.321186,1.079302,0.026545,0.980883
-0.038630,0.015611,0.352929,2.485224,19.941650,10.583293,3.452789,2.725859,177.749123,5.343815,1.079307,0.026557,0.980916
-0.037087,0.015183,0.347492,2.781121,20.011202,10.583320,3.449554,2.731609,177.866698,5.351434,1.079432,0.026589,0.981009
-0.035549,0.015301,0.314192,2.640835,20.010993,10.583507,3.451287,2.728976,177.987581,5.375711,1.079574,0.026666,0.981103
-0.035719,0.014631,0.325709,3.904483,19.992340,10.583302,3.447310,2.746252,177.982298,5.406785,1.079577,0.026727,0.981161
-0.038404,0.014802,0.339760,2.944102,19.909495,10.583360,3.449748,2.735014,177.861332,5.363309,1.079434,0.026624,0.981038
-0.037336,0.015068,0.290900,2.793247,19.957932,10.583530,3.452030,2.729615,177.694561,5.331356,1.079266,0.026477,0.980878
-0.040956,0.015748,0.375330,2.886702,19.993130,10.666813,3.453692,2.733445,177.569512,5.596066,1.079114,0.027745,0.980702
-0.038635,0.015876,0.366570,2.742860,19.974498,10.666688,3.452368,2.720727,177.541358,5.583406,1.078959,0.027658,0.980618
-0.033987,0.014990,0.373546,2.829289,20.009628,10.583557,3.451459,2.734398,177.708626,5.288490,1.079078,0.026334,0.980673
-0.034884,0.014482,0.319231,3.159111,19.982762,10.583463,3.447469,2.745640,177.936670,5.337884,1.079308,0.026451,0.980874
-0.037431,0.014705,0.348635,3.076208,20.010990,10.583252,3.448158,2.725458,178.077035,5.361614,1.079480,0.026593,0.981022
-0.038031,0.015645,0.316635,3.361071,20.010852,10.583335,3.451672,2.731179,178.118085,5.378337,1.079535,0.026668,0.981095
-0.039405,0.015345,0.303829,5.470651,20.011237,10.583333,3.452036,2.732065,178.139778,5.404117,1.079586,0.026701,0.981150
-0.037939,0.015734,0.316599,3.071454,19.987085,10.583377,3.452130,2.728907,178.116069,5.380584,1.079556,0.026682,0.981103
-0.036362,0.015175,0.328072,2.506721,19.957645,10.583438,3.450965,2.743013,178.042145,5.380078,1.079495,0.026610,0.981042
-0.038162,0.014607,0.269595,3.908747,19.997542,10.583430,3.448444,2.724812,177.926571,5.338459,1.079282,0.026476,0.980932
-0.037740,0.015131,0.335711,2.602519,19.959163,10.583572,3.451109,2.720060,177.654387,5.286934,1.079082,0.026306,0.980707
-0.038199,0.015461,0.333027,3.046675,19.898123,10.666493,3.453196,2.747385,177.410173,5.531085,1.078699,0.027377,0.980355
-0.038861,0.015118,0.324309,2.747806,19.937303,10.666720,3.452547,2.721434,177.381091,5.499890,1.078590,0.027274,0.980251
-0.036333,0.015535,0.279734,6.039019,19.943755,10.666850,3.453555,2.726312,177.346262,5.485420,1.078527,0.027209,0.980189
-0.036454,0.015407,0.318542,8.499726,19.932258,10.666720,3.451813,2.720224,177.324189,5.471322,1.078458,0.027151,0.980119
-0.037229,0.015207,0.344182,2.614403,19.959498,10.666612,3.451968,2.722367,177.302283,5.464256,1.078427,0.027120,0.980107
-0.034671,0.015078,0.336202,3.284014,19.903082,10.666790,3.452043,2.729382,177.279776,5.442051,1.078362,0.027071,0.980039
-0.036995,0.015753,0.350959,2.419421,19.893887,10.666813,3.453189,2.716822,177.269750,5.444912,1.078329,0.027045,0.980009
-0.036492,0.015085,0.266512,3.752821,19.930043,10.666772,3.448835,2.717214,177.269829,5.431213,1.078290,0.026980,0.979948
-0.037158,0.015453,0.381739,3.418697,19.879513,10.666783,3.453587,2.722609,177.240059,5.421501,1.078237,0.026975,0.979960
-0.038212,0.015262,0.345889,2.329243,19.935018,10.666713,3.450318,2.714991,177.287155,5.427959,1.078294,0.026936,0.979924
-0.037578,0.015542,0.288087,3.673184,19.991605,10.666783,3.451949,2.712587,177.334758,5.445160,1.078341,0.026984,0.979967
-0.037377,0.015416,0.353373,2.252253,19.893565,10.666815,3.451074,2.718509,177.413040,5.453682,1.078365,0.027034,0.980041
-0.038093,0.016200,0.335779,2.596762,19.946150,10.666747,3.455714,2.727426,177.554083,5.479793,1.078486,0.027101,0.980117
-0.032447,0.015110,0.347494,2.449454,19.955487,10.583382,3.448969,2.731867,177.632532,5.192892,1.078614,0.025842,0.980232
-0.036818,0.015916,0.369606,3.360079,19.986273,10.666678,3.452283,2.718332,177.499194,5.485992,1.078532,0.027122,0.980138
-0.036606,0.015748,0.351603,2.795969,19.932528,10.666730,3.454937,2.725863,177.306662,5.429955,1.078286,0.026935,0.979947
-0.036974,0.015771,0.348402,2.616336,19.862180,10.666720,3.453552,2.735798,177.123007,5.370587,1.078042,0.026759,0.979731
-0.036792,0.015219,0.368484,2.297891,19.902532,10.666693,3.454151,2.734265,177.080134,5.353281,1.077971,0.026703,0.979657
-0.036748,0.015978,0.338588,2.765467,19.888152,10.666838,3.454869,2.731242,177.086847,5.355306,1.077864,0.026626,0.979603
-0.035474,0.015678,0.343206,2.923903,19.923123,10.666762,3.454050,2.731713,177.228944,5.352470,1.077971,0.026645,0.979633
-0.039279,0.015305,0.359404,2.897838,19.953327,10.666667,3.453430,2.727930,177.357032,5.400895,1.078098,0.026771,0.979796
-0.036763,0.015598,0.310663,6.886454,19.876660,10.666600,3.453420,2.715192,177.450401,5.422012,1.078181,0.026874,0.979882
-0.039495,0.014868,0.232655,17.278579,19.947870,10.666765,3.451073,2.727408,177.448869,5.433080,1.078242,0.026855,0.979887
-0.037172,0.015354,0.338876,2.796774,19.953897,10.666747,3.451075,2.728439,177.468954,5.435347,1.078197,0.026869,0.979864
-0.038534,0.015358,0.359298,2.762276,19.887687,10.666787,3.452418,2.730065,177.407408,5.419825,1.078120,0.026818,0.979866
-0.038727,0.014867,0.340811,2.933935,19.906570,10.666635,3.450042,2.724189,177.326922,5.401358,1.078023,0.026742,0.979755
-0.038740,0.015157,0.361423,3.061969,19.886298,10.666773,3.451582,2.726344,177.181076,5.360604,1.077930,0.026636,0.979673
-0.039322,0.016280,0.370334,2.808076,19.826170,10.750103,3.456480,2.725807,176.938203,5.622294,1.077594,0.027825,0.979373
-0.037603,0.016017,0.365635,3.094141,19.828613,10.750150,3.455104,2.732371,176.895243,5.586819,1.077478,0.027689,0.979238
-0.038981,0.016403,0.374692,2.840937,19.823522,10.750070,3.455921,2.717703,176.892170,5.576516,1.077413,0.027660,0.979237
-0.038908,0.015451,0.348981,4.105511,19.811615,10.750133,3.452885,2.725629,176.883709,5.567546,1.077325,0.027587,0.979157
-0.037364,0.015561,0.236320,4.228386,19.825843,10.749968,3.455512,2.717936,176.843559,5.567948,1.077325,0.027543,0.979137
-0.039226,0.015554,0.319499,3.614651,19.884582,10.750048,3.454352,2.724788,176.821282,5.535454,1.077272,0.027472,0.979046
-0.036821,0.016030,0.401331,2.466204,19.856137,10.749977,3.454536,2.722092,176.801973,5.523001,1.077194,0.027443,0.979031
-0.036926,0.015094,0.297289,2.327812,19.935998,10.750157,3.451751,2.728351,176.793938,5.531740,1.077187,0.027410,0.978999
-0.038685,0.016040,0.388274,2.466011,19.843870,10.750000,3.455948,2.728798,176.792040,5.503047,1.077136,0.027381,0.978961
-0.036157,0.015841,0.298823,6.436295,19.842020,10.749985,3.455445,2.720141,176.810899,5.500865,1.077114,0.027336,0.978909
-0.038431,0.015545,0.336897,2.801247,19.860030,10.750182,3.454437,2.726727,176.841498,5.529546,1.077121,0.027443,0.978913
-0.036859,0.015405,0.334186,3.929992,19.794645,10.750002,3.450692,2.733053,176.873247,5.515605,1.077098,0.027327,0.978919
-0.037810,0.015560,0.346237,2.523508,19.834793,10.749958,3.453973,2.731423,176.965151,5.512682,1.077171,0.027357,0.978961
-0.038288,0.015989,0.282937,2.876995,19.876698,10.750093,3.452736,2.716632,177.084292,5.545696,1.077307,0.027478,0.979068
-0.032994,0.015985,0.354498,2.922866,19.873965,10.666802,3.453808,2.735907,177.097084,5.249748,1.077342,0.026116,0.979120
-0.037530,0.016109,0.348006,2.713886,19.851682,10.750160,3.451433,2.738071,176.936630,5.536815,1.077158,0.027392,0.978981
-0.034360,0.015606,0.281480,5.502523,19.822670,10.750052,3.454607,2.733495,176.771087,5.476198,1.076954,0.027173,0.978769
-0.036402,0.015563,0.382844,3.287731,19.775580,10.750155,3.454544,2.739886,176.654157,5.437772,1.076732,0.027044,0.978624
-0.039128,0.015943,0.359626,3.089676,19.810950,10.750077,3.455393,2.730556,176.631251,5.423894,1.076681,0.026975,0.978536
-0.034713,0.016077,0.347808,2.244999,19.802022,10.750103,3.454627,2.720695,176.694245,5.421816,1.076654,0.026950,0.978535
-0.037954,0.015571,0.321856,3.002592,19.797378,10.750158,3.453448,2.724579,176.852080,5.439700,1.076795,0.027029,0.978641
-0.041504,0.015817,0.338862,3.725617,19.904782,10.750225,3.454693,2.710148,176.989623,5.478280,1.076961,0.027132,0.978752
-0.041541,0.015867,0.369221,2.588565,19.863193,10.749948,3.452995,2.723412,177.036680,5.493024,1.077003,0.027199,0.978837
-0.040104,0.016049,0.367443,2.754124,19.834243,10.750057,3.453813,2.731970,177.054518,5.507210,1.076995,0.027207,0.978815
-0.036060,0.015768,0.387934,2.051958,19.873387,10.750017,3.452746,2.734114,177.039118,5.476561,1.077000,0.027148,0.978771
-0.036837,0.015699,0.362156,2.597400,19.809787,10.750120,3.453896,2.734799,176.991643,5.481394,1.076901,0.027070,0.978713
-0.039115,0.015462,0.388462,2.568089,19.847432,10.750058,3.453635,2.730416,176.971537,5.445930,1.076875,0.026990,0.978632
-0.038236,0.015945,0.353110,3.015324,19.819147,10.750213,3.455225,2.741966,176.731681,5.423915,1.076640,0.026880,0.978479
-0.037599,0.016077,0.359966,5.007634,19.732567,10.833543,3.455944,2.711746,176.503155,5.645205,1.076330,0.028062,0.978201
-0.039854,0.016129,0.372551,4.818677,19.773190,10.833460,3.455862,2.712953,176.484686,5.629259,1.076266,0.027954,0.978116
-0.037807,0.016338,0.386985,2.931110,19.735950,10.833393,3.458276,2.730571,176.489271,5.636699,1.076190,0.027922,0.978070
-0.039786,0.015985,0.368131,2.298252,19.732808,10.833410,3.455539,2.740537,176.448722,5.618905,1.076159,0.027872,0.978030
-0.035715,0.016300,0.376251,5.556207,19.768808,10.833372,3.455918,2.724173,176.448705,5.402224,1.076156,0.026850,0.977006
-0.039199,0.016351,0.366249,4.135681,19.748928,10.833425,3.458057,2.732466,176.407810,5.615031,1.076050,0.027790,0.977955
-0.041160,0.016090,0.346285,2.462946,19.741643,10.833317,3.456460,2.718124,176.398325,5.599767,1.075993,0.027734,0.977911
-0.039164,0.015969,0.338629,2.353080,19.743273,10.833498,3.455252,2.720853,176.382287,5.585302,1.075935,0.027680,0.977846
-0.038639,0.016329,0.362712,2.797548,19.738553,10.833357,3.458361,2.731167,176.370815,5.560713,1.075892,0.027636,0.977801
-0.038476,0.016362,0.324016,2.574798,19.818988,10.833558,3.455834,2.746476,176.358687,5.579660,1.075863,0.027608,0.977799
-0.040709,0.015880,0.382994,3.021745,19.751848,10.833400,3.455776,2.716630,176.343502,5.556677,1.075795,0.027574,0.977741
-0.039427,0.016175,0.396373,2.688020,19.773412,10.833397,3.456719,2.724033,176.379693,5.551266,1.075755,0.027519,0.977687
-0.035855,0.015933,0.371063,2.522061,19.808778,10.833502,3.455728,2.714578,176.482883,5.560668,1.075866,0.027577,0.977767
-0.039192,0.016304,0.339378,3.702451,19.818737,10.833365,3.455504,2.731704,176.549398,5.571415,1.075942,0.027633,0.977811
-0.037117,0.016249,0.371311,1.968801,19.786608,10.833482,3.455591,2.729766,176.458706,5.570142,1.075842,0.027579,0.977763
-0.040149,0.016119,0.325693,13.226603,19.726072,10.833332,3.455961,2.720950,176.311066,5.529182,1.075645,0.027422,0.977620
-0.036793,0.016297,0.352758,7.506004,19.760085,10.833388,3.457167,2.715526,176.271568,5.495512,1.075534,0.027324,0.977478
-0.036322,0.015978,0.220726,7.654764,19.741088,10.833448,3.455978,2.723468,176.258183,5.503409,1.075469,0.027263,0.977429
-0.038906,0.016245,0.383169,2.728742,19.721780,10.833458,3.456526,2.722250,176.249386,5.462286,1.075374,0.027223,0.977377
-0.037691,0.016466,0.305117,3.114239,19.764753,10.833485,3.459106,2.735214,176.327770,5.484022,1.075447,0.027201,0.977369
-0.037010,0.016186,0.333149,2.881353,19.728425,10.833285,3.455358,2.741627,176.470025,5.486976,1.075523,0.027303,0.977487
-0.036841,0.016109,0.365461,2.615984,19.765313,10.833290,3.454059,2.734853,176.582570,5.522728,1.075668,0.027388,0.977592
-0.035822,0.015664,0.395326,2.740600,19.763833,10.833297,3.454198,2.727414,176.668450,5.536208,1.075696,0.027449,0.977653
-0.035943,0.016469,0.255505,8.956766,19.838908,10.750003,3.457071,2.723930,176.725597,5.246358,1.075783,0.026103,0.977721
-0.036995,0.016356,0.350482,2.680800,19.887005,10.750047,3.456888,2.718104,176.766292,5.272027,1.075840,0.026130,0.977727
-0.036182,0.016464,0.314568,2.614608,19.829568,10.750190,3.457390,2.733574,176.765179,5.263909,1.075812,0.026118,0.977737
-0.038513,0.016352,0.379270,2.599608,19.863520,10.750012,3.457429,2.720852,176.706583,5.227208,1.075814,0.026067,0.977681
-0.039469,0.015362,0.341949,2.212585,19.806997,10.833413,3.453952,2.721912,176.417260,5.503257,1.075475,0.027242,0.977462
-0.038943,0.016610,0.353980,2.410913,19.738275,10.833255,3.458377,2.703408,176.160808,5.412380,1.075123,0.026973,0.977132
-0.040188,0.016289,0.400942,2.351735,19.744087,10.916680,3.457060,2.727312,176.113616,5.695079,1.074983,0.028265,0.976995
-0.035208,0.016423,0.237490,2.977121,19.709432,10.916770,3.455609,2.740512,176.088112,5.690659,1.074911,0.028193,0.976936
-0.036195,0.016366,0.413751,2.524380,19.722495,10.916767,3.457694,2.719623,176.071790,5.676931,1.074853,0.028124,0.976867
-0.040425,0.016980,0.405463,2.968566,19.788125,10.916822,3.459644,2.730645,176.084529,5.653780,1.074835,0.028105,0.976835
-0.036048,0.016113,0.401806,1.912658,19.724487,10.916865,3.457342,2.730576,176.051893,5.646649,1.074755,0.028038,0.976779
-0.038611,0.015860,0.417816,3.867655,19.663673,10.916757,3.455681,2.728856,176.027871,5.576686,1.074665,0.027695,0.976470
-0.038516,0.016723,0.374041,2.015795,19.742982,10.916620,3.457948,2.725066,176.022892,5.647928,1.074645,0.027897,0.976679
-0.037306,0.016244,0.399734,2.761427,19.667007,10.916540,3.456240,2.724410,176.001065,5.601469,1.074561,0.027867,0.976632
-0.037714,0.016175,0.352298,3.092170,19.774998,10.916627,3.457240,2.714528,175.994383,5.603246,1.074571,0.027817,0.976574
-0.038591,0.016433,0.388004,2.576666,19.660595,10.916842,3.458093,2.745485,175.993716,5.599564,1.074496,0.027769,0.976567
-0.040657,0.016526,0.398714,3.018954,19.734712,10.916893,3.457834,2.727322,175.986970,5.580973,1.074494,0.027740,0.976501
-0.037125,0.016238,0.390244,2.453200,19.663605,10.916745,3.456997,2.724245,176.009195,5.590795,1.074467,0.027733,0.976510
-0.038836,0.016453,0.403677,2.522891,19.716365,10.916750,3.458793,2.752539,175.948520,5.564729,1.074449,0.027678,0.976446
-0.038943,0.016685,0.400783,2.056117,19.690008,10.916758,3.458558,2.718094,175.955934,5.567733,1.074388,0.027657,0.976426
-0.036635,0.015664,0.361421,3.183565,19.743908,10.916713,3.454631,2.725534,175.913706,5.545878,1.074350,0.027608,0.976373
-0.038726,0.017070,0.360933,2.386519,19.656372,10.916645,3.459997,2.726789,175.893043,5.538113,1.074254,0.027552,0.976316
-0.038686,0.016819,0.344776,4.242108,19.683635,10.916792,3.460454,2.715712,175.890926,5.537061,1.074221,0.027508,0.976276
-0.037987,0.017028,0.414526,2.924340,19.727317,10.916813,3.460779,2.700154,175.877737,5.522239,1.074148,0.027447,0.976203
-0.038054,0.017105,0.389119,2.903357,19.740197,10.916753,3.460145,2.727535,175.946550,5.510860,1.074168,0.027423,0.976199
-0.036767,0.016183,0.396740,2.848340,19.751335,10.916717,3.456686,2.722650,176.009865,5.535503,1.074207,0.027450,0.976231
-0.040750,0.016323,0.404020,3.864944,19.759460,10.916595,3.458994,2.732147,176.051106,5.536047,1.074242,0.027462,0.976251
-0.039336,0.016680,0.368736,2.280128,19.748307,10.916825,3.456991,2.721040,176.100157,5.542239,1.074253,0.027474,0.976274
-0.036277,0.015924,0.357594,2.629087,19.715570,10.916767,3.454977,2.730210,176.094918,5.552627,1.074218,0.027447,0.976263
-0.037813,0.016395,0.378144,2.953987,19.768620,10.916650,3.457154,2.714584,176.080702,5.525513,1.074215,0.027404,0.976207
-0.040757,0.015703,0.397797,2.789130,19.704105,10.916785,3.454006,2.733531,176.132291,5.541819,1.074187,0.027429,0.976233
-0.037009,0.016403,0.406712,2.458668,19.713725,10.916633,3.457895,2.735248,175.979991,5.501338,1.074084,0.027308,0.976140
-0.038366,0.016077,0.400680,2.604375,19.678170,10.916680,3.456891,2.705754,175.724302,5.450514,1.073800,0.027121,0.975892
-0.038257,0.016354,0.309774,2.246221,19.649435,10.916678,3.455777,2.706610,175.691818,5.461767,1.073705,0.027048,0.975800
-0.037304,0.016335,0.342123,3.032665,19.704153,10.916763,3.456268,2.717841,175.672281,5.434891,1.073661,0.027017,0.975778
-0.037261,0.016842,0.357490,5.568402,19.708995,10.916622,3.459926,2.737715,175.659274,5.443965,1.073616,0.026970,0.975703
-0.038563,0.016222,0.416559,2.522255,19.714062,10.916782,3.457663,2.714925,175.629346,5.413796,1.073545,0.026953,0.975683
-0.039137,0.017286,0.384842,2.980121,19.682877,11.000148,3.461062,2.723487,175.618940,5.699196,1.073471,0.028263,0.975610
-0.040806,0.016330,0.414660,2.593292,19.691563,10.999625,3.457518,2.716520,175.597131,5.699120,1.073436,0.028222,0.975563
-0.039683,0.016668,0.272282,16.352248,19.703357,11.000105,3.457768,2.716378,175.592025,5.684024,1.073394,0.028188,0.975546
-0.037831,0.016807,0.341983,4.197859,19.668155,11.000155,3.459730,2.725094,175.553686,5.658210,1.073313,0.028120,0.975487
-0.039007,0.016963,0.386508,2.248213,19.725995,11.000163,3.459824,2.717787,175.538029,5.635414,1.073277,0.027926,0.975308
-0.038341,0.016753,0.413376,2.419846,19.690582,11.000157,3.460286,2.721514,175.525904,5.646270,1.073218,0.027989,0.975373
-0.039172,0.016365,0.302511,3.308505,19.737027,11.000053,3.458359,2.714695,175.812947,5.654750,1.073253,0.028004,0.975373
-0.038793,0.016659,0.354202,2.803893,19.769737,10.916840,3.458141,2.718677,176.433323,5.482888,1.073952,0.027186,0.976018
-0.039680,0.016235,0.360914,2.866292,19.776847,10.503912,3.455357,2.727424,176.745968,5.232523,1.074185,0.025907,0.976254
-0.037520,0.016439,0.356348,2.647353,19.877813,10.833292,3.455286,2.720739,176.839517,5.299257,1.074504,0.026206,0.976513
-0.035819,0.016295,0.318714,3.279417,19.798182,10.792383,3.454963,2.734988,176.764694,5.290040,1.074403,0.026168,0.976476
-0.037832,0.015622,0.332530,2.864292,19.761378,10.654842,3.453557,2.733036,176.721424,5.261840,1.074220,0.025977,0.976307
-0.038121,0.015981,0.386774,2.177283,19.791135,10.833258,3.456627,2.738078,176.685247,5.225712,1.074248,0.025993,0.976329
-0.037651,0.016199,0.361228,2.769214,19.842868,10.833252,3.456981,2.721867,176.707589,5.244066,1.074216,0.025957,0.976277
-0.035770,0.016596,0.396512,2.522069,19.860597,10.833427,3.457097,2.724845,176.954235,5.286636,1.074391,0.026068,0.976391
-0.035654,0.015549,0.276473,2.803275,19.856895,10.750000,3.452414,2.730210,177.202624,5.016215,1.074630,0.024901,0.976652
-0.040002,0.015443,0.387352,2.837416,19.834098,9.683437,3.452207,2.737984,177.323791,4.944724,1.074241,0.024426,0.976286
-0.036684,0.016661,0.357547,2.974659,19.934952,10.749987,3.454977,2.721483,177.533620,5.075437,1.074916,0.025081,0.976880
-0.031984,0.015571,0.325004,2.760902,19.933273,10.666628,3.452692,2.718654,177.657961,4.797239,1.075088,0.023825,0.977000
-0.037936,0.015518,0.227590,8.813652,19.931823,10.129818,3.453224,2.721144,177.678691,4.753185,1.074837,0.023566,0.976778
-0.044767,0.016008,0.272745,11.454831,19.798473,9.136148,3.452654,2.733525,177.598838,4.634582,1.074224,0.022984,0.976265
-0.034570,0.016322,0.373741,2.801482,19.888405,10.666757,3.454732,2.730385,177.666716,4.786188,1.074952,0.023737,0.976925
-0.037968,0.016253,0.381293,2.677206,19.914603,10.750008,3.451594,2.719503,177.403831,5.055363,1.074800,0.025009,0.976810
-0.033972,0.016310,0.312112,2.747914,19.851778,10.750140,3.453273,2.741796,177.087378,4.982008,1.074418,0.024717,0.976500
-0.037793,0.016090,0.340069,10.915478,19.845733,10.833505,3.455273,2.729353,176.855410,5.230200,1.074126,0.025875,0.976210
-0.036355,0.015657,0.364332,2.584144,19.807363,10.833333,3.454578,2.726226,176.679482,5.194673,1.073882,0.025678,0.976027
-0.035775,0.016350,0.397764,2.794922,19.781990,10.406292,3.454579,2.737808,176.529235,5.108631,1.073496,0.025302,0.975645
-0.033987,0.017049,0.401056,2.327822,19.785288,10.775025,3.458692,2.732305,176.493516,5.086070,1.073553,0.025382,0.975684
-0.033939,0.016357,0.405394,2.412167,19.818903,10.833355,3.455323,2.722364,176.468653,5.090658,1.073516,0.025346,0.975632
-0.034606,0.016857,0.375552,3.196672,19.776767,10.803243,3.457391,2.708579,176.442048,5.082360,1.073428,0.025326,0.975593
-0.034367,0.015565,0.386743,2.816470,19.806620,10.833335,3.452802,2.720825,176.431270,5.083075,1.073401,0.025270,0.975542
-0.036417,0.015917,0.381859,2.580767,19.865182,10.916683,3.454917,2.711866,176.423604,5.385771,1.073367,0.026639,0.975512
-0.040335,0.016436,0.403556,2.535789,19.820060,10.916650,3.456816,2.717303,176.419091,5.367355,1.073331,0.026603,0.975486
-0.037556,0.016365,0.375084,2.440032,19.773700,10.916770,3.455657,2.740604,176.375927,5.365217,1.073233,0.026522,0.975418
-0.042494,0.016971,0.386510,2.473760,19.805653,10.916598,3.456573,2.730749,176.163882,5.345556,1.071996,0.026442,0.975340
-0.041021,0.016921,0.376599,3.405645,19.809057,10.916762,3.459237,2.718947,176.471362,5.338650,1.073211,0.026455,0.975361
-0.039374,0.016493,0.193316,16.865563,19.786437,10.238652,3.456077,2.724820,176.491545,4.980123,1.072977,0.024775,0.975124
-0.038653,0.016438,0.395571,2.709493,19.793682,10.916665,3.456908,2.727205,176.440072,5.332114,1.073149,0.026397,0.975324
-0.038693,0.016757,0.356927,2.768813,19.726980,10.916867,3.457380,2.740723,176.338917,5.309792,1.072980,0.026294,0.975196
-0.036141,0.016074,0.377740,3.119706,19.760888,10.916808,3.455230,2.719566,176.271756,5.284037,1.072889,0.026167,0.975082
-0.037085,0.016271,0.347031,2.722485,19.738392,10.457510,3.455615,2.733557,176.194481,5.208907,1.072573,0.025850,0.974781
-0.042373,0.016154,0.410546,2.457315,19.717633,10.236813,3.453593,2.726646,176.218900,5.164443,1.072356,0.025647,0.974603
-0.037376,0.016864,0.421088,2.436594,19.774792,10.916703,3.457667,2.731830,176.480225,5.286137,1.072847,0.026106,0.975024
-0.035238,0.016056,0.246777,14.176252,19.774613,10.833412,3.453906,2.734540,176.661178,5.008912,1.073025,0.024859,0.975211
-0.038634,0.015988,0.363980,4.464411,19.777450,10.360362,3.453803,2.750027,176.768188,4.978300,1.072909,0.024678,0.975087
-0.035474,0.016092,0.373376,2.678476,19.773458,10.600518,3.454164,2.740089,176.872269,5.001535,1.073077,0.024828,0.975239
-0.035625,0.015936,0.367695,2.731833,19.850552,10.833343,3.454804,2.713137,176.959808,5.051221,1.073239,0.024968,0.975372
-0.036419,0.016229,0.350859,2.674781,19.828700,10.732322,3.455730,2.721492,177.005933,5.045100,1.073224,0.024959,0.975387
-0.037060,0.015704,0.351882,3.731019,19.865820,10.833332,3.453081,2.725000,177.053741,5.059901,1.073276,0.025005,0.975424
-0.036346,0.016144,0.373956,2.794822,19.889607,10.833373,3.455140,2.731405,177.031047,5.063136,1.073279,0.024988,0.975406
-0.038537,0.016703,0.352564,2.722681,19.748773,10.096000,3.456020,2.738147,176.716047,4.931892,1.072582,0.024450,0.974895
-0.037558,0.016685,0.371302,2.862165,19.765662,10.678183,3.457100,2.725909,176.492942,5.212423,1.072502,0.025817,0.974769
-0.035845,0.016209,0.403194,2.770882,19.761670,10.916762,3.453904,2.734306,176.335049,5.181659,1.072408,0.025714,0.974675
-0.035800,0.016215,0.402108,2.488415,19.698635,10.916708,3.455719,2.738639,176.231321,5.146740,1.072213,0.025597,0.974518
-0.035094,0.017373,0.377960,2.681852,19.759927,10.897528,3.460103,2.737354,176.147749,5.136259,1.072088,0.025463,0.974368
-0.036032,0.017016,0.385688,2.741136,19.808365,10.916823,3.457297,2.715471,176.109215,5.113238,1.071998,0.025409,0.974293
-0.038985,0.016790,0.378819,2.017021,19.709927,10.727677,3.456985,2.740304,176.070067,5.369431,1.071763,0.026604,0.974093
-0.037464,0.016687,0.407725,2.858248,19.708457,10.999943,3.457094,2.711433,176.088085,5.387534,1.071819,0.026651,0.974152
-0.036452,0.017268,0.406724,2.792620,19.767190,11.000130,3.461396,2.724470,176.103065,5.368701,1.071808,0.026577,0.974072
-0.039669,0.016957,0.415163,1.663506,19.742367,11.000008,3.458623,2.730575,176.130931,5.377581,1.071749,0.026591,0.974089
-0.036226,0.016846,0.408157,2.771871,19.760377,10.999908,3.457301,2.732009,176.129481,5.346225,1.071758,0.026556,0.974057
-0.039880,0.016510,0.413078,2.368494,19.747405,10.603682,3.457089,2.721988,176.126205,5.307605,1.071523,0.026331,0.973847
-0.037648,0.016928,0.366486,5.027022,19.735713,10.868958,3.456757,2.720241,176.167423,5.336495,1.071595,0.026419,0.973926
-0.035940,0.016804,0.402700,2.449751,19.762517,10.916765,3.456717,2.712847,176.290919,5.052816,1.071757,0.025126,0.974035
-0.033347,0.016962,0.259005,3.147683,19.774872,10.806373,3.457244,2.742064,176.113609,5.028801,1.070513,0.025087,0.974023
-0.037125,0.016534,0.384763,3.806526,19.729363,10.626440,3.454605,2.735534,176.199956,5.016425,1.071524,0.024937,0.973854
-0.044226,0.017024,0.328087,2.191212,19.678542,10.283083,3.459660,2.738788,176.042822,5.246594,1.071141,0.025951,0.973495
-0.035785,0.016497,0.378946,2.580547,19.724152,11.000150,3.457002,2.735330,175.981477,5.264064,1.071305,0.026147,0.973662
-0.037881,0.016418,0.381015,2.760170,19.716452,10.999952,3.458772,2.740907,175.910452,5.268338,1.071215,0.026131,0.973560
-0.037697,0.016642,0.404845,2.560889,19.751007,11.000185,3.457740,2.727529,175.989490,5.246433,1.071213,0.026020,0.973530
-0.041959,0.016165,0.383436,2.383716,19.719823,10.558045,3.454658,2.730941,176.201436,5.226338,1.071157,0.025949,0.973497
-0.034960,0.016852,0.383556,2.917170,19.752645,10.704427,3.456986,2.737123,176.392592,4.996992,1.071392,0.024769,0.973710
-0.042864,0.016643,0.358039,1.873404,19.702980,9.914640,3.456367,2.726371,176.499701,4.930982,1.071134,0.024424,0.973491
-0.033104,0.016659,0.359686,2.709015,19.762185,10.916637,3.456317,2.731136,176.626779,5.023610,1.071680,0.024931,0.973964
-0.045401,0.016375,0.337125,2.965089,19.660145,9.758705,3.454076,2.731988,176.632161,4.930455,1.071097,0.024401,0.973468
-0.035544,0.016140,0.381587,2.772973,19.795230,10.916857,3.454070,2.739671,176.704966,5.038559,1.071673,0.024933,0.973950
-0.037646,0.016344,0.400228,2.394279,19.818520,10.629667,3.455261,2.731510,176.718707,5.020286,1.071562,0.024805,0.973845
-0.039720,0.016661,0.348869,2.640828,19.741748,10.442145,3.456017,2.716481,176.554799,5.000508,1.071359,0.024660,0.973723
-0.039914,0.016636,0.412641,2.410280,19.716298,9.611012,3.457236,2.731620,176.235362,4.834695,1.070614,0.023984,0.973017
-0.038959,0.016351,0.401866,2.686439,19.703473,10.999950,3.456859,2.721890,176.057702,5.212384,1.070905,0.025754,0.973321
-0.036629,0.016609,0.377058,2.414861,19.731843,11.000143,3.454787,2.719792,175.914252,5.167740,1.070768,0.025616,0.973153
-0.036450,0.016630,0.286052,2.995649,19.687170,10.817450,3.456939,2.714975,175.823985,5.106114,1.070534,0.025421,0.972941
-0.039061,0.016751,0.399914,2.429806,19.668433,10.668783,3.459273,2.728688,175.757156,5.082007,1.070326,0.025252,0.972762
-0.038855,0.017074,0.360519,2.173814,19.640375,11.083450,3.459894,2.725410,175.719916,5.393702,1.070363,0.026717,0.972832
-0.038759,0.016808,0.338489,2.420680,19.649418,10.765752,3.460682,2.731753,175.695902,5.350422,1.070195,0.026494,0.972610
-0.044106,0.017017,0.387638,2.515654,19.632185,10.101275,3.459260,2.721153,175.640665,5.276222,1.069788,0.026076,0.972235
-0.039185,0.017103,0.393303,2.422763,19.675755,10.814125,3.458901,2.731047,175.687645,5.338559,1.070063,0.026375,0.972500
-0.043418,0.017278,0.405595,7.275262,19.641670,10.187047,3.462726,2.720052,175.704776,5.272809,1.069758,0.026062,0.972211
-0.042916,0.016951,0.404868,2.224305,19.629380,10.234595,3.457944,2.719029,175.727139,5.267224,1.069740,0.026055,0.972214
-0.038255,0.017330,0.412513,2.330026,19.667805,11.082762,3.459305,2.698718,175.807234,5.336300,1.070103,0.026411,0.972550
-0.036945,0.016647,0.384511,2.407393,19.657720,10.535145,3.456731,2.719692,175.868411,4.993644,1.069945,0.024842,0.972390
-0.034659,0.016496,0.404937,3.086903,19.755013,11.000062,3.456789,2.715233,176.006068,5.058079,1.070259,0.025076,0.972653
-0.037818,0.016473,0.403764,2.204237,19.705672,10.999938,3.455534,2.731699,176.005229,5.059099,1.070269,0.025110,0.972713
-0.036268,0.016855,0.383273,2.395313,19.664233,11.000052,3.459066,2.738748,175.862303,5.025372,1.070119,0.024993,0.972555
-0.037922,0.016490,0.340937,2.963573,19.664212,10.512667,3.457030,2.735875,175.695849,5.253448,1.069686,0.025988,0.972156
-0.041781,0.017019,0.417165,3.017491,19.625818,10.217012,3.460606,2.722039,175.564166,5.128904,1.069355,0.025373,0.971561
-0.039497,0.016589,0.428082,2.086936,19.675190,10.386927,3.456561,2.721696,175.494791,5.174688,1.069241,0.025601,0.971766
-0.036889,0.017483,0.353603,2.274182,19.693487,10.979950,3.462178,2.716659,175.624041,5.210715,1.069497,0.025851,0.972033
-0.040347,0.017098,0.400699,2.672934,19.763607,10.468318,3.457668,2.744011,175.823291,5.208946,1.069494,0.025726,0.971956
-0.041858,0.017384,0.412572,2.424611,19.660745,10.018162,3.459974,2.730947,175.979419,4.898333,1.069397,0.024287,0.971907
-0.037178,0.016768,0.391739,2.376396,19.679640,10.345138,3.458856,2.740998,176.106941,4.945589,1.069627,0.024467,0.972111
-0.037786,0.016780,0.389121,2.821065,19.752568,11.000028,3.458687,2.721237,176.210068,5.009189,1.069965,0.024797,0.972444
-0.040137,0.016300,0.404916,2.624820,19.809742,10.298263,3.453875,2.725679,176.220212,4.947550,1.069711,0.024455,0.972131
-0.035202,0.016165,0.396367,3.538889,19.704060,11.000030,3.454235,2.725238,176.255943,5.017311,1.069912,0.024747,0.972388
-0.035153,0.017010,0.365019,2.393997,19.758652,10.852945,3.458331,2.731405,176.206254,4.971580,1.069823,0.024638,0.972276
-0.038909,0.016973,0.355709,1.530283,19.734500,10.265438,3.457961,2.725703,176.005803,4.897169,1.069414,0.024263,0.971908
-0.041575,0.017637,0.407989,2.339373,19.658328,10.306923,3.461641,2.730923,175.729970,5.150035,1.069046,0.025399,0.971613
-0.040133,0.016961,0.402006,2.513794,19.645625,10.282813,3.459821,2.732350,175.513712,5.057221,1.068756,0.025113,0.971313
-0.036985,0.017176,0.292777,7.077921,19.652088,10.430687,3.460120,2.729750,175.381457,5.036672,1.068597,0.025031,0.971187
-0.038549,0.017578,0.417417,2.324041,19.636825,10.651432,3.461487,2.735855,175.293194,5.323558,1.068492,0.026368,0.971097
-0.038892,0.016682,0.388307,2.359230,19.646630,11.043387,3.459810,2.713686,175.272342,5.330232,1.068581,0.026452,0.971185
-0.039882,0.016745,0.370814,2.750594,19.642898,11.068613,3.458701,2.730476,175.265048,5.368861,1.068546,0.026414,0.971136
-0.041038,0.016689,0.407747,2.850037,19.661137,10.525248,3.457359,2.724396,175.223913,5.255532,1.068233,0.026088,0.970869
-0.042273,0.016660,0.408003,2.901574,19.600095,9.778003,3.458807,2.734210,175.176106,5.184657,1.067790,0.025629,0.970423
-0.036232,0.016817,0.392112,2.550292,19.626925,10.625868,3.459696,2.739817,175.211243,5.246898,1.068120,0.025993,0.970756
-0.040575,0.016733,0.408049,2.784052,19.640073,10.533000,3.456777,2.717190,175.229282,5.239749,1.068060,0.025913,0.970674
-0.042718,0.017014,0.427997,2.246374,19.580127,10.321722,3.461820,2.718056,175.217097,5.202021,1.067894,0.025760,0.970556
-0.038766,0.016435,0.386028,2.651684,19.596508,10.372585,3.456859,2.719812,175.255853,5.212635,1.067871,0.025751,0.970540
-0.037392,0.016799,0.372407,6.781668,19.688585,11.166868,3.458639,2.723987,175.378605,5.271089,1.068272,0.026112,0.970871
-0.039191,0.016955,0.403797,1.996030,19.648913,10.899677,3.459080,2.724065,175.515835,5.272633,1.068278,0.026115,0.970897
-0.036101,0.017023,0.376534,4.027153,19.673177,10.581278,3.460163,2.722651,175.431737,4.938095,1.068159,0.024590,0.970759
-0.041776,0.016656,0.433279,2.284686,19.630873,10.166240,3.459344,2.731887,175.238778,5.177506,1.067709,0.025561,0.970370
-0.044010,0.016650,0.438194,2.632748,19.583673,10.168237,3.456847,2.725125,175.138958,5.137281,1.067499,0.025402,0.970208
-0.039004,0.017473,0.366864,2.068432,19.651497,11.092465,3.459729,2.729045,175.135003,5.192579,1.067799,0.025723,0.970491
-0.037207,0.017330,0.290801,10.921897,19.590152,10.939880,3.462788,2.727163,175.074537,5.175758,1.067643,0.025599,0.970341
-0.040343,0.017205,0.401404,2.499755,19.627678,10.445865,3.461079,2.694977,174.957904,5.102689,1.066216,0.025317,0.970110
-0.036585,0.017167,0.410448,2.143318,19.663495,11.166705,3.460064,2.711548,175.361379,5.178782,1.067848,0.025714,0.970487
-0.037698,0.016824,0.348144,2.742306,19.638338,10.772788,3.459186,2.727779,175.445729,5.187891,1.067758,0.025579,0.970392
-0.035464,0.017833,0.401823,2.395392,19.669325,11.166693,3.461911,2.729190,175.519833,5.218259,1.067945,0.025770,0.970557
-0.040561,0.017121,0.416285,2.329700,19.706865,10.809205,3.460562,2.705394,175.585725,5.201823,1.067833,0.025652,0.970435
-0.040233,0.017199,0.356089,2.501655,19.660160,9.930628,3.458344,2.744412,175.571306,5.096620,1.067403,0.025216,0.970049
-0.042044,0.016901,0.379061,4.427520,19.678915,10.415228,3.459060,2.724552,175.576393,5.133179,1.067542,0.025356,0.970201
-0.037795,0.017003,0.395634,5.234361,19.656022,10.934933,3.459915,2.717038,175.613219,5.174391,1.067722,0.025571,0.970392
-0.038925,0.017443,0.408928,2.183290,19.633193,10.505493,3.460014,2.717782,175.479593,5.132727,1.067453,0.025309,0.970141
-0.040300,0.016951,0.414990,2.493794,19.695602,10.528892,3.458785,2.723125,175.247078,5.061671,1.067197,0.025068,0.969909
-0.036594,0.017241,0.355384,3.691930,19.601832,10.620850,3.460246,2.738422,175.077297,5.027049,1.066973,0.024969,0.969745
-0.041897,0.017704,0.351321,2.829066,19.603573,10.477493,3.462046,2.716615,174.952650,5.271088,1.066707,0.026082,0.969460
-0.041051,0.017055,0.455359,2.402377,19.559263,10.892787,3.460251,2.728190,174.895570,5.266067,1.066715,0.026119,0.969492
-0.039509,0.017240,0.450231,2.387089,19.633990,11.086228,3.460661,2.721584,174.880701,5.279173,1.066736,0.026112,0.969482
-0.040099,0.017897,0.435887,2.492144,19.584142,10.618175,3.461392,2.730866,174.839214,5.218830,1.066438,0.025840,0.969215
-0.038893,0.017378,0.433422,3.121173,19.638593,10.805282,3.461844,2.743958,174.831569,5.223196,1.066442,0.025862,0.969235
-0.037591,0.017424,0.406084,2.620835,19.619927,10.845215,3.461000,2.723683,174.795919,5.206508,1.066375,0.025822,0.969187
-0.042085,0.016774,0.409636,3.276865,19.568078,10.410758,3.459417,2.728994,174.734805,5.150293,1.066057,0.025528,0.968906
-0.042844,0.017303,0.405773,2.462194,19.600122,9.950740,3.460102,2.730733,174.696489,5.079544,1.065791,0.025237,0.968635
-0.040572,0.017092,0.382737,1.974722,19.561097,10.050822,3.460213,2.708261,174.649532,5.058534,1.065652,0.025167,0.968542
-0.035306,0.017572,0.454842,2.496483,19.619765,10.790265,3.462107,2.725489,174.697566,5.111631,1.065942,0.025449,0.968768
-0.043351,0.017447,0.444032,2.419725,19.522863,10.366915,3.463146,2.722229,174.658346,5.075631,1.065684,0.025234,0.968589
-0.039346,0.017405,0.438398,2.289994,19.614553,11.062990,3.459917,2.716170,174.670951,5.405505,1.065897,0.026821,0.968742
-0.043818,0.017553,0.376925,2.359784,19.508703,9.860555,3.462748,2.725892,174.608966,5.292150,1.065267,0.026199,0.968169
-0.042606,0.017923,0.391671,2.911935,19.561672,10.452588,3.464866,2.733282,174.612063,5.332312,1.065442,0.026383,0.968362
-0.040462,0.017069,0.438462,2.152386,19.562760,11.197610,3.460614,2.723900,174.606477,5.394373,1.065708,0.026655,0.968586
-0.038102,0.017969,0.460910,2.256284,19.599218,11.333465,3.461705,2.720452,174.614621,5.380578,1.065720,0.026670,0.968611
-0.041894,0.016842,0.413986,2.427908,19.552752,10.641055,3.459010,2.719789,174.551132,5.300895,1.065336,0.026269,0.968242
-0.039402,0.017550,0.440724,2.488212,19.583493,10.681095,3.460969,2.719353,174.783061,5.329880,1.065424,0.026340,0.968301
-0.036876,0.017621,0.462343,3.110100,19.560470,10.875800,3.460092,2.720663,175.067584,5.074775,1.065743,0.025193,0.968584
-0.045579,0.017264,0.439330,2.323050,19.606127,10.060190,3.460229,2.738381,175.277900,5.043122,1.065599,0.024943,0.968414
-0.038260,0.017524,0.409194,2.462223,19.709007,10.869937,3.459386,2.731204,175.495813,5.096589,1.066109,0.025144,0.968616
-0.033463,0.017492,0.433720,2.367844,19.688985,10.991933,3.460960,2.723500,175.638343,4.879037,1.066268,0.024226,0.969077
-0.035251,0.016962,0.435785,2.397579,19.750577,10.887683,3.456806,2.716583,175.720547,4.899449,1.066319,0.024194,0.969078
-0.034669,0.017553,0.394445,2.536447,19.740153,11.166667,3.459368,2.743825,175.772271,4.911822,1.066441,0.024322,0.969214
-0.041368,0.017607,0.399921,2.726320,19.669912,9.865052,3.459454,2.727333,175.705170,4.796792,1.065846,0.023713,0.968658
-0.037436,0.016888,0.415506,2.018364,19.737993,10.322760,3.456363,2.747580,175.518582,4.795066,1.065866,0.023779,0.968682
-0.042678,0.017013,0.402653,3.281586,19.619405,10.015182,3.458410,2.735477,175.161628,4.990178,1.065295,0.024700,0.968190
-0.039216,0.018044,0.360384,5.592593,19.587843,10.313778,3.462579,2.736603,174.897595,4.973292,1.065053,0.024566,0.967972
-0.042326,0.017679,0.423524,3.400423,19.569258,10.540082,3.462415,2.711196,174.704927,5.218115,1.064836,0.025783,0.967783
-0.036915,0.017875,0.473466,2.111951,19.560468,11.333260,3.461636,2.722130,174.638558,5.241422,1.065011,0.025991,0.967968
-0.042353,0.017996,0.293738,12.294435,19.481410,9.892550,3.462655,2.728629,174.520999,5.079740,1.064331,0.025218,0.967249
-0.037632,0.017605,0.457717,2.352071,19.503840,10.542717,3.462058,2.740906,174.497899,5.114268,1.064417,0.025427,0.967399
-0.046489,0.017751,0.335568,2.646482,19.454052,9.907430,3.460951,2.733006,173.443417,5.018420,1.063805,0.024873,0.966888
-0.043544,0.018303,0.427123,1.975016,19.412527,10.606025,3.467221,2.717541,173.065172,5.687455,1.062787,0.028260,0.965912
-0.038788,0.019213,0.489404,2.191219,19.452458,11.666710,3.469184,2.709442,171.791932,5.931162,1.062376,0.029473,0.965616
-0.040287,0.019771,0.539791,1.981361,19.424843,11.999960,3.474054,2.692048,170.363761,6.742678,1.060480,0.033587,0.963805
-0.050097,0.018528,0.429431,3.472106,19.353522,10.169448,3.468692,2.727002,172.857959,5.840519,1.062059,0.029005,0.965173
-0.041382,0.019035,0.441362,1.984513,19.376820,11.562652,3.470483,2.723408,172.749860,6.046467,1.061606,0.030085,0.964793
-0.041467,0.018432,0.490822,1.706175,19.468027,10.942437,3.464694,2.727432,173.150990,5.670447,1.062597,0.028114,0.965745
-0.040507,0.018276,0.420338,2.535147,19.430350,11.029047,3.467652,2.718330,172.999298,5.609266,1.062384,0.027891,0.965522
-0.037825,0.018044,0.494711,1.936338,19.448567,11.308412,3.464179,2.719330,173.001832,5.625984,1.062463,0.027981,0.965583
-0.040359,0.019077,0.407678,53.216376,19.491767,11.370775,3.470366,2.717892,173.019931,5.622419,1.062465,0.027992,0.965576
-0.041120,0.018762,0.499399,2.208406,19.446860,10.443398,3.469223,2.708062,172.972172,5.532514,1.061965,0.027508,0.965151
-0.040098,0.018643,0.477406,2.274539,19.462220,10.825383,3.468312,2.707116,172.963165,5.552324,1.062030,0.027610,0.965222
-0.044960,0.018780,0.433560,2.305307,19.361058,9.922523,3.469450,2.718629,172.892573,5.443317,1.061453,0.027067,0.964725
-0.038686,0.018551,0.494026,2.186039,19.503940,11.538332,3.469593,2.711891,172.988346,5.877308,1.062082,0.029141,0.965316
-0.036360,0.018209,0.462666,1.933892,19.454152,11.583453,3.467576,2.708394,173.143191,5.603368,1.062248,0.027832,0.965452
-0.039872,0.018208,0.464286,3.189956,19.488742,11.285168,3.464397,2.716927,173.274325,5.586668,1.062242,0.027742,0.965402
-0.038811,0.018573,0.473876,2.112173,19.523017,11.019480,3.466889,2.707294,173.373515,5.575421,1.062170,0.027635,0.965330
-0.037313,0.018673,0.335912,114.745865,19.545117,11.310867,3.465344,2.727352,173.484593,5.621617,1.062350,0.027828,0.965476
-0.044692,0.018542,0.221924,4.501944,19.447938,10.784665,3.465888,2.710185,173.486386,5.573760,1.062082,0.027586,0.965270
-0.042919,0.018722,0.467786,1.705819,19.490995,10.334757,3.466721,2.690818,173.543705,5.461992,1.061895,0.027050,0.963387
-0.040700,0.018651,0.436487,2.524979,19.436467,10.297838,3.465468,2.703139,173.570875,5.219773,1.061828,0.025932,0.965059
-0.044242,0.018186,0.440441,2.523487,19.483558,10.645237,3.465148,2.720485,173.488732,5.522041,1.061921,0.027357,0.965087
-0.040169,0.018282,0.490375,2.204342,19.456278,11.036452,3.465476,2.707341,173.199100,5.503281,1.061752,0.027298,0.964995
-0.042771,0.018243,0.472233,2.333089,19.476265,10.987648,3.466256,2.710463,172.949785,5.719979,1.061383,0.028410,0.964642
-0.044405,0.018502,0.512249,1.882038,19.421220,10.723223,3.467807,2.707246,172.760376,5.646160,1.060987,0.028020,0.964273
-0.036110,0.018944,0.412933,2.448693,19.435205,11.542237,3.468472,2.699345,172.768116,5.700449,1.061218,0.028294,0.964517
-0.043108,0.018890,0.466011,1.969960,19.445953,11.086092,3.466991,2.706797,172.746190,5.626658,1.060958,0.028024,0.964270
-0.036486,0.018615,0.493147,2.291014,19.476513,11.666905,3.464539,2.712094,172.758797,5.672038,1.061142,0.028213,0.964407
-0.039492,0.018433,0.505150,2.107699,19.467337,11.277198,3.468103,2.721373,172.721293,5.630617,1.060924,0.027981,0.964201
-0.040128,0.018777,0.472596,1.672132,19.458697,11.027585,3.468925,2.712527,172.707170,5.596510,1.060723,0.027787,0.964009
-0.039589,0.018947,0.453128,2.135857,19.436043,11.507380,3.469675,2.712569,172.712148,5.610959,1.060804,0.027924,0.964127
-0.039084,0.018661,0.497074,2.005887,19.406260,10.763323,3.466771,2.711867,172.663268,5.530765,1.060428,0.027497,0.963755
-0.036970,0.019073,0.517173,2.041636,19.436232,11.382493,3.468773,2.706241,172.686645,5.579394,1.060601,0.027697,0.963916
-0.035439,0.019086,0.502933,2.358552,19.455590,11.666733,3.468542,2.700557,172.733737,5.594107,1.060692,0.027789,0.963987
-0.038448,0.017959,0.501214,2.891312,19.415782,11.311360,3.464970,2.732632,172.767936,5.540577,1.060536,0.027595,0.963843
-0.038110,0.018810,0.487657,1.952887,19.428873,11.035320,3.468113,2.714979,172.801635,5.526586,1.060414,0.027439,0.963690
-0.045169,0.018695,0.514175,1.906446,19.394605,10.588262,3.468079,2.723029,172.733131,5.467301,1.060116,0.027156,0.963444
-0.047342,0.019173,0.495180,2.044028,19.376198,10.320332,3.469678,2.716014,172.573874,5.680901,1.059728,0.028230,0.963085
-0.040415,0.018605,0.490735,2.133837,19.463932,11.298998,3.466541,2.717541,172.624099,5.772133,1.060100,0.028637,0.963437
-0.043881,0.018420,0.425053,3.120953,19.375022,10.415920,3.466676,2.729816,172.537387,5.673626,1.059635,0.028184,0.963046
-0.042718,0.018407,0.453814,2.040056,19.379402,10.930293,3.465571,2.711936,172.541574,5.701156,1.059745,0.028297,0.963131
-0.037583,0.018428,0.426648,10.817151,19.416740,11.614777,3.467039,2.720040,172.631714,5.743128,1.059972,0.028506,0.963329
-0.038680,0.018297,0.467780,2.668770,19.491072,11.749958,3.464402,2.718119,172.745327,5.766192,1.060097,0.028585,0.963387
-0.039956,0.018789,0.490505,2.208600,19.461670,10.581152,3.468271,2.713754,172.802904,5.383953,1.059705,0.026759,0.963048
-0.046825,0.018739,0.485608,1.859125,19.365685,9.961287,3.466608,2.712637,172.843916,5.320789,1.059378,0.026409,0.962743
-0.037517,0.018964,0.475006,1.814589,19.435752,10.960613,3.468507,2.723208,172.935739,5.384276,1.059789,0.026826,0.963142
-0.038964,0.018243,0.493119,2.345347,19.480673,11.047177,3.463758,2.735129,172.958100,5.406019,1.059834,0.026855,0.963160
-0.041587,0.018499,0.505967,2.218092,19.400500,10.468505,3.466025,2.708301,172.861820,5.332100,1.059460,0.026521,0.962855
-0.042519,0.018713,0.435993,1.970639,19.434402,10.638013,3.466632,2.720389,172.822539,5.326561,1.059392,0.026492,0.962797
-0.049037,0.018648,0.518344,2.048939,19.341120,9.796228,3.463636,2.718585,172.485494,5.512994,1.057612,0.027324,0.962277
-0.041256,0.018628,0.495161,2.059164,19.454150,10.776308,3.465973,2.715399,172.451869,5.543608,1.058969,0.027525,0.962434
-0.036842,0.018713,0.483922,3.148228,19.466743,11.592642,3.465807,2.722304,172.365636,5.573495,1.059133,0.027749,0.962588
-0.040332,0.018813,0.383514,2.168341,19.394095,10.734477,3.468155,2.715785,172.292390,5.499168,1.058669,0.027306,0.962178
-0.039546,0.019087,0.529413,1.898695,19.472192,11.425640,3.469496,2.706840,172.318892,5.524484,1.058841,0.027526,0.962363
-0.042913,0.019049,0.474752,2.153608,19.430925,11.171735,3.469764,2.708293,172.281151,5.789122,1.058659,0.028735,0.962143
-0.048168,0.018859,0.509247,1.973864,19.369297,10.187972,3.468983,2.707599,172.215919,5.667322,1.058068,0.028136,0.961607
-0.039870,0.018694,0.478172,1.424429,19.475657,11.485812,3.466826,2.710467,172.256660,5.783235,1.058570,0.028654,0.962079
-0.046354,0.019422,0.512595,2.193435,19.427685,10.392240,3.470325,2.718451,172.184431,5.666925,1.057994,0.028063,0.961542
-0.043387,0.018837,0.424012,2.020011,19.457422,10.942645,3.466000,2.720161,172.176591,5.681621,1.058100,0.028195,0.961641
-0.040481,0.019259,0.544441,1.810937,19.411793,10.969163,3.467635,2.715495,172.187512,5.690812,1.058012,0.028131,0.961586
-0.037648,0.019021,0.489031,2.414724,19.456840,11.509942,3.467042,2.710618,172.215198,5.697975,1.058172,0.028245,0.961723
-0.044694,0.018877,0.544395,1.984311,19.443508,10.935987,3.468273,2.723370,172.164167,5.652347,1.057878,0.027970,0.961463
-0.038889,0.019202,0.536011,1.952816,19.413772,11.095858,3.470612,2.723622,172.174701,5.622613,1.057805,0.027941,0.961411
-0.046852,0.019342,0.495350,2.185782,19.461803,10.320992,3.469797,2.696581,172.225750,5.545244,1.057502,0.027523,0.961025
-0.039801,0.019011,0.500379,1.940612,19.507242,11.299827,3.467187,2.702918,172.279285,5.641989,1.057894,0.027987,0.961479
-0.043255,0.018972,0.507035,2.027588,19.431470,10.813387,3.468165,2.723371,172.148167,5.571888,1.057541,0.027652,0.961151
-0.044233,0.019698,0.482213,2.122500,19.405463,10.239735,3.470067,2.726632,172.013868,5.490488,1.057057,0.027225,0.960713
-0.044310,0.019755,0.451956,2.211592,19.341085,10.016480,3.471863,2.720601,171.980778,5.412355,1.056781,0.026996,0.960486
-0.047719,0.019713,0.369475,2.178088,19.409513,10.879525,3.470915,2.720729,171.994138,5.785163,1.057084,0.028715,0.960743
-0.047968,0.019197,0.537134,1.967426,19.348808,10.320910,3.467283,2.720234,171.958554,5.715786,1.056710,0.028354,0.960430
-0.042761,0.019113,0.470358,2.125087,19.403627,11.011985,3.467488,2.717931,172.163532,5.755465,1.057010,0.028612,0.960677
-0.041111,0.018938,0.465533,2.885415,19.455657,11.459648,3.468611,2.726581,172.433892,5.548338,1.057474,0.027523,0.961057
-0.044550,0.018712,0.494966,2.080701,19.449123,10.589438,3.465105,2.709425,172.558227,5.503820,1.057240,0.027281,0.960825
-0.055008,0.018871,0.511890,1.985068,19.441957,9.710133,3.466676,2.714755,172.597793,5.414644,1.056839,0.026846,0.960444
-0.038299,0.018704,0.510226,1.856128,19.516593,11.330280,3.464075,2.700335,172.721402,5.570255,1.057514,0.027581,0.961100
-0.037492,0.019651,0.474466,2.571181,19.534052,11.054162,3.469168,2.721498,172.744859,5.251749,1.057448,0.026088,0.961037
-0.040436,0.019103,0.518386,3.092328,19.506393,11.291132,3.465070,2.713027,172.747032,5.554303,1.057444,0.027513,0.961042
-0.042007,0.019627,0.465941,1.809870,19.561642,11.219320,3.466101,2.731780,172.717415,5.526378,1.057372,0.027397,0.960928
-0.045181,0.018940,0.498425,2.497713,19.448575,10.400873,3.468674,2.712835,172.386906,5.402140,1.056702,0.026802,0.960385
-0.047091,0.019376,0.532772,1.972327,19.426917,10.749212,3.467698,2.701399,172.031463,5.643498,1.056366,0.028015,0.960120
-0.042473,0.019112,0.516958,2.186211,19.387018,10.675357,3.466634,2.704844,171.625276,5.559644,1.054750,0.027637,0.959730
-0.042266,0.019236,0.485319,2.539781,19.410060,11.098122,3.468460,2.706744,171.795145,5.559900,1.056015,0.027700,0.959771
-0.039385,0.019571,0.505651,1.977448,19.394513,11.226845,3.471736,2.713008,171.789547,5.551966,1.055943,0.027650,0.959699
-0.041067,0.019704,0.552825,1.943858,19.446897,11.371158,3.469897,2.705688,171.768127,5.538537,1.055912,0.027625,0.959682
-0.046447,0.019289,0.547517,1.972488,19.400417,10.339877,3.467508,2.719640,171.703282,5.747216,1.055310,0.028457,0.959119
-0.047459,0.019717,0.536034,1.966297,19.313245,9.790657,3.471413,2.720719,171.641897,5.658393,1.054849,0.028022,0.958716
-0.047030,0.019340,0.553300,2.119653,19.342288,10.391035,3.466560,2.708339,171.640601,5.689853,1.055032,0.028195,0.958865
-0.041250,0.019409,0.553262,1.875818,19.387055,11.116052,3.469048,2.691940,171.662734,5.744501,1.055304,0.028442,0.959088
-0.045106,0.019797,0.577715,1.841220,19.362760,10.950040,3.475467,2.725457,171.622829,5.703208,1.055128,0.028284,0.958954
-0.038069,0.019193,0.536815,1.923716,19.462227,11.867593,3.467501,2.701686,171.655539,5.762635,1.055421,0.028601,0.959238
-0.047403,0.019257,0.544993,1.941245,19.380913,9.806862,3.467447,2.714610,171.553592,5.570570,1.054437,0.027608,0.958309
-0.043766,0.019338,0.573202,2.023470,19.388547,10.843832,3.469537,2.706214,171.601864,5.637162,1.054758,0.027956,0.958644
-0.044507,0.019233,0.528791,1.903180,19.404632,10.666565,3.469204,2.707050,171.641388,5.615804,1.054684,0.027828,0.958539
-0.038521,0.019703,0.504297,1.982489,19.485623,11.855235,3.471799,2.712263,171.659139,5.698990,1.055091,0.028282,0.958938
-0.044835,0.019009,0.549147,1.791215,19.448270,10.710917,3.465883,2.708534,171.529948,5.577108,1.054438,0.027681,0.958375
-0.040828,0.019405,0.533256,2.097519,19.402763,10.974113,3.469275,2.718214,171.544654,5.578322,1.054474,0.027693,0.958364
-0.051629,0.019422,0.551344,1.815979,19.351245,9.646790,3.468689,2.702068,171.438396,5.408608,1.053717,0.026935,0.957687
-0.038647,0.019538,0.510699,1.981064,19.419338,11.047572,3.470397,2.700168,171.483236,5.526104,1.054202,0.027488,0.958157
-0.040319,0.019694,0.555148,1.602078,19.473458,11.636893,3.470090,2.717908,171.611710,5.573834,1.054431,0.027707,0.958356
-0.042204,0.018902,0.503894,1.888525,19.443152,10.920630,3.467416,2.722779,171.764274,5.485809,1.054268,0.027460,0.958169
-0.049613,0.019783,0.518303,2.218402,19.438707,10.077770,3.471343,2.716820,171.845090,5.445160,1.053891,0.027026,0.957808
-0.038821,0.019467,0.528310,1.721411,19.440312,11.999945,3.469161,2.707443,172.016972,5.617715,1.054663,0.027866,0.958577
-0.039123,0.019766,0.538073,2.086608,19.474125,12.000028,3.469784,2.719254,172.070798,5.621135,1.054687,0.027856,0.958561
-0.037103,0.019610,0.527361,1.786319,19.498767,11.209402,3.469022,2.732683,172.028270,5.536689,1.054313,0.027461,0.958204
-0.042370,0.019706,0.558314,2.147445,19.500210,10.564262,3.470415,2.723362,171.950817,5.455878,1.053931,0.027045,0.957829
-0.045829,0.019381,0.536327,1.948528,19.352508,10.145133,3.467779,2.712351,171.888651,5.394455,1.053532,0.026748,0.957528
-0.036697,0.019405,0.545146,1.922504,19.492528,11.211753,3.467487,2.711968,171.737682,5.439373,1.053832,0.027021,0.957758
-0.046648,0.020063,0.538602,2.100468,19.404235,9.949932,3.470240,2.705122,171.328976,5.542279,1.052780,0.027498,0.956851
-0.039694,0.020519,0.558205,1.859179,19.457192,11.361067,3.473465,2.715716,171.358514,5.614380,1.053175,0.027970,0.957237
-0.046376,0.020032,0.577894,1.998466,19.420622,9.976502,3.472405,2.717532,171.267260,5.475954,1.052471,0.027234,0.956549
-0.046015,0.019866,0.564598,1.883095,19.430272,10.677175,3.468396,2.720849,171.286340,5.799401,1.052592,0.028824,0.956680
-0.047118,0.020038,0.557202,1.441914,19.366728,10.321398,3.471380,2.700454,171.027799,5.763123,1.051094,0.028551,0.956419
-0.048725,0.020516,0.435858,1.931609,19.391315,10.637070,3.474449,2.720591,171.208629,5.768211,1.052341,0.028598,0.956454
-0.042601,0.020332,0.582434,1.904384,19.416035,11.452357,3.473609,2.716964,171.248059,5.813416,1.052600,0.028847,0.956687
-0.047705,0.020190,0.555890,1.881925,19.372700,10.078302,3.474283,2.722942,171.182721,5.683399,1.051913,0.028130,0.956032
-0.042708,0.019622,0.578016,1.967191,19.424373,10.996922,3.468776,2.708852,171.185221,5.723945,1.052173,0.028402,0.956284
-0.046559,0.020240,0.568835,1.918276,19.418652,10.916222,3.473231,2.709999,171.163286,5.700549,1.052025,0.028289,0.956188
-0.046856,0.019632,0.527991,2.343402,19.390673,10.369880,3.467145,2.723477,171.128156,5.621910,1.051660,0.027910,0.955831
-0.054245,0.019846,0.521363,1.917850,19.326007,9.679935,3.471214,2.718762,171.051873,5.523752,1.051158,0.027419,0.955366
-0.038255,0.020527,0.586880,1.843461,19.468433,11.727230,3.472359,2.719671,171.126450,5.679500,1.051947,0.028243,0.956112
-0.037500,0.019909,0.541806,1.844842,19.451697,11.654318,3.470282,2.711813,171.112651,5.656369,1.051862,0.028158,0.956012
-0.043557,0.020026,0.570300,1.781327,19.397348,10.801642,3.470613,2.709216,171.057141,5.571234,1.051417,0.027699,0.955596
-0.039018,0.020328,0.558493,1.947582,19.457540,11.560825,3.472178,2.701559,171.079655,5.615467,1.051629,0.027925,0.955784
-0.043955,0.020103,0.577812,1.772103,19.423448,10.497185,3.471305,2.687994,171.018270,5.500247,1.051084,0.027368,0.955277
-0.050900,0.019863,0.591301,1.781473,19.394333,10.051960,3.470110,2.694593,170.963585,5.735274,1.050660,0.028390,0.954898
-0.038804,0.021110,0.556215,2.047342,19.504978,12.083105,3.475236,2.694827,171.035622,5.877835,1.051390,0.029160,0.955581
-0.043557,0.020315,0.565882,1.849558,19.434917,10.813092,3.473089,2.705857,170.962999,5.759750,1.050799,0.028541,0.955035
-0.046377,0.019730,0.597370,2.034005,19.403202,10.789520,3.470540,2.726054,170.947389,5.721969,1.050626,0.028361,0.954848
-0.058148,0.020506,0.518507,2.086742,19.360750,9.134998,3.473082,2.717271,170.889327,5.526489,1.049721,0.027406,0.953992
-0.051328,0.020155,0.547853,1.745066,19.300968,9.600018,3.471164,2.717405,170.934218,5.554946,1.049784,0.027521,0.954097
-0.040472,0.019957,0.575356,1.595106,19.361180,10.771598,3.470369,2.709679,170.985129,5.648094,1.050265,0.028021,0.954538
-0.042011,0.020028,0.529103,1.628574,19.456687,10.810135,3.471297,2.715970,170.967337,5.623941,1.050226,0.027955,0.954476
-0.045660,0.020520,0.594673,1.782718,19.430447,10.449542,3.475583,2.714345,170.870448,5.557136,1.049900,0.027640,0.954193
-0.039411,0.020343,0.583941,1.174057,19.424308,11.400230,3.470341,2.703539,170.816353,5.614334,1.050075,0.027936,0.954409
-0.049264,0.020250,0.576291,1.946363,19.269293,9.467372,3.470686,2.718224,170.692490,5.405792,1.049091,0.026911,0.953493
-0.046481,0.020640,0.587112,1.703421,19.336763,10.744043,3.471764,2.727850,170.733667,5.790967,1.049456,0.028779,0.953858
-0.048608,0.020550,0.577824,1.752888,19.325018,10.024747,3.473837,2.701419,170.667999,5.738341,1.049033,0.028336,0.953448
-0.048444,0.020473,0.580326,1.530496,19.389178,10.074280,3.473558,2.692611,170.634837,5.698896,1.048929,0.028203,0.953320
-0.051511,0.020959,0.596290,1.870795,19.325325,10.222392,3.472328,2.713320,170.633701,5.675901,1.048803,0.028167,0.953300
-0.038574,0.020142,0.588529,1.808784,19.474687,11.619033,3.469787,2.713816,170.660208,5.772132,1.049319,0.028646,0.953724
-0.049413,0.019856,0.596577,1.923899,19.335672,10.084400,3.468467,2.715052,170.579830,5.615520,1.048543,0.027889,0.953030
-0.045476,0.020523,0.547130,1.867491,19.380960,10.345945,3.469751,2.710648,170.566563,5.606125,1.048514,0.027839,0.952979
-0.043067,0.020331,0.524896,3.205169,19.411965,10.934090,3.473428,2.708345,170.556437,5.638847,1.048619,0.027988,0.953109
-0.045850,0.020361,0.560792,2.016546,19.371943,10.559045,3.472821,2.710990,170.510599,5.656335,1.048340,0.028075,0.951814
-0.051225,0.020413,0.579043,1.725640,19.288912,9.657038,3.473346,2.711586,170.447356,5.468592,1.047729,0.027120,0.952273
-0.052973,0.020800,0.613864,1.703369,19.328407,9.989373,3.472359,2.704483,170.437957,5.741789,1.047680,0.028503,0.952219
-0.045015,0.020809,0.572720,1.649385,19.355177,10.435583,3.475106,2.705854,170.428122,5.770878,1.047740,0.028585,0.952298
-0.043481,0.021024,0.608679,1.795843,19.412187,10.926157,3.474345,2.700015,170.435438,5.781564,1.047849,0.028664,0.952368
-0.044239,0.020912,0.592289,1.752693,19.376528,10.836520,3.474626,2.693947,170.422397,5.755222,1.047682,0.028553,0.952251
-0.047266,0.020795,0.571951,1.527036,19.372352,10.461228,3.471700,2.705835,170.445133,5.706972,1.047448,0.028264,0.951986
-0.043513,0.020718,0.617629,1.723350,19.431585,11.178557,3.472947,2.707615,170.436689,5.745331,1.047620,0.028475,0.952186
-0.048565,0.020873,0.612510,1.686738,19.335207,10.005013,3.472076,2.702974,170.304553,5.590517,1.046927,0.027775,0.951540
-0.048644,0.021122,0.615780,1.741669,19.362877,10.326998,3.471258,2.704096,170.297888,5.583550,1.046894,0.027776,0.951522
-0.050422,0.021076,0.612133,1.916274,19.371123,9.889212,3.473675,2.707792,170.251627,5.520605,1.046598,0.027440,0.951207
-0.051376,0.021069,0.588716,1.767153,19.290250,9.746063,3.473186,2.711823,170.212239,5.472831,1.046299,0.027233,0.950991
-0.043997,0.020795,0.594443,1.759080,19.367243,10.940318,3.472894,2.693290,170.225439,5.551969,1.046684,0.027651,0.951345
-0.038902,0.021045,0.611975,1.703826,19.409553,11.358277,3.472344,2.724069,170.308260,5.579020,1.046810,0.027733,0.951433
-0.047260,0.020665,0.629371,1.656369,19.383007,10.088592,3.470701,2.700729,170.357775,5.456485,1.046254,0.027120,0.950896
-0.043017,0.020810,0.599804,1.808925,19.405077,10.679648,3.472877,2.684800,170.420901,5.508351,1.046447,0.027335,0.951111
-0.044239,0.021125,0.597236,1.735117,19.365218,10.370993,3.471347,2.713009,170.411322,5.460515,1.046210,0.027087,0.950875
-0.050467,0.020873,0.594398,1.836592,19.342212,9.499507,3.472595,2.723229,170.328061,5.345571,1.045662,0.026536,0.950354
-0.043026,0.020602,0.617665,1.706457,19.405532,11.302907,3.470850,2.714247,170.309202,5.743123,1.046195,0.028567,0.950873
-0.048974,0.021354,0.577150,1.807093,19.393465,10.667270,3.475260,2.704310,170.183121,5.672223,1.045759,0.028116,0.950464
-0.046521,0.021381,0.594009,2.144321,19.392743,10.659252,3.474565,2.709592,170.097972,5.615053,1.045562,0.027924,0.950275
-0.044026,0.020661,0.536352,2.373812,19.369850,10.532228,3.472677,2.690441,170.002934,5.572664,1.045270,0.027717,0.950049
-0.050482,0.021229,0.551068,1.809161,19.335367,9.811732,3.473565,2.710642,169.937458,5.465150,1.044770,0.027208,0.949573
-0.053103,0.021462,0.597518,1.750671,19.334085,10.032322,3.477343,2.709839,169.926423,5.765626,1.044682,0.028562,0.949505
-0.048916,0.021623,0.616694,1.648650,19.389697,10.162467,3.473981,2.705524,169.932083,5.733596,1.044583,0.028471,0.949402
-0.050146,0.021715,0.621505,1.639841,19.364302,10.459827,3.473748,2.714240,169.879413,5.746105,1.044536,0.028459,0.949397
-0.050853,0.020893,0.618485,1.791287,19.328060,9.944038,3.471413,2.698143,169.831447,5.664245,1.044164,0.028074,0.949043
-0.051707,0.020895,0.586828,1.704046,19.315953,9.594678,3.472842,2.703326,169.789586,5.565659,1.043790,0.027704,0.948713
-0.047663,0.021081,0.460250,1.598214,19.282473,9.831077,3.472629,2.704835,169.788825,5.574080,1.043723,0.027685,0.948660
-0.043121,0.021527,0.565039,2.011894,19.420983,11.113720,3.475298,2.699191,169.815217,5.670148,1.044182,0.028124,0.949077
-0.044056,0.021743,0.639534,1.782792,19.405868,10.668737,3.473432,2.725035,169.754499,5.601463,1.043884,0.027858,0.948782
-0.044991,0.021185,0.630883,1.699733,19.416647,10.639732,3.474113,2.706461,169.528355,5.577041,1.042488,0.027691,0.948619
-0.046887,0.020972,0.620026,1.505952,19.412283,10.744120,3.473020,2.706573,169.698092,5.847404,1.043559,0.029006,0.948506
-0.047852,0.022079,0.642777,1.325389,19.457662,10.847938,3.477110,2.685116,169.687584,5.820468,1.043463,0.028892,0.948396
-0.042935,0.021437,0.656429,1.783604,19.398527,10.782602,3.474291,2.694853,169.630960,5.792417,1.043224,0.028683,0.948232
-0.047159,0.021128,0.607037,1.818079,19.385647,10.471747,3.473132,2.712219,169.585887,5.717909,1.042954,0.028356,0.947901
-0.051565,0.021371,0.651619,1.534821,19.383190,9.851172,3.474340,2.697876,169.544539,5.624262,1.042524,0.027915,0.947489
-0.055676,0.022014,0.633124,1.741250,19.367250,9.505543,3.474956,2.710089,169.510397,5.553837,1.042162,0.027593,0.947183
-0.054983,0.021365,0.647098,1.757333,19.314742,9.664795,3.473994,2.711184,169.489411,5.540289,1.042043,0.027534,0.947128
-0.049811,0.021635,0.636768,1.879914,19.338662,9.531077,3.473691,2.707493,169.443777,5.496238,1.041784,0.027307,0.946894
-0.048186,0.021534,0.558914,1.788525,19.374072,10.218053,3.474897,2.714175,169.425189,5.810393,1.041921,0.028894,0.947008
-0.046415,0.021839,0.619305,1.740840,19.404913,10.859885,3.475629,2.703607,169.416304,5.882908,1.042019,0.029057,0.947152
-0.054185,0.021976,0.610149,1.820912,19.361563,9.973265,3.476225,2.716593,169.382350,5.748826,1.041495,0.028467,0.946654
-0.048714,0.021873,0.663220,1.670992,19.409060,10.160657,3.476126,2.710449,169.438730,5.734612,1.041479,0.028429,0.946615
-0.046815,0.021475,0.662083,1.697901,19.369475,10.170245,3.473499,2.725957,169.465315,5.714627,1.041365,0.028347,0.946526
-0.056091,0.021464,0.649182,1.616374,19.362148,9.401118,3.475385,2.709859,169.424525,5.611723,1.040872,0.027808,0.946019
-0.043864,0.021885,0.614005,1.658923,19.474855,10.515330,3.473877,2.703615,169.436498,5.680038,1.041230,0.028179,0.946346
-0.051760,0.021470,0.618717,1.725440,19.349433,9.938040,3.472225,2.687695,169.361688,5.582341,1.040783,0.027780,0.945986
-0.047165,0.021790,0.588759,1.672183,19.400435,10.462390,3.474675,2.703271,169.300991,5.605282,1.040814,0.027853,0.946016
-0.054825,0.021883,0.681458,1.465672,19.328420,9.042108,3.473600,2.713908,169.170380,5.412542,1.039953,0.026959,0.945183
-0.048029,0.021819,0.644634,1.509439,19.373753,10.222945,3.473666,2.703100,169.101502,5.765704,1.040172,0.028688,0.945471
-0.049822,0.021204,0.665491,1.555350,19.375725,10.356130,3.471491,2.726654,169.074482,5.771446,1.040095,0.028633,0.945381
-0.047544,0.021938,0.651027,1.769073,19.365087,10.170143,3.476199,2.700146,169.051959,5.716323,1.039841,0.028401,0.945180
-0.042106,0.021668,0.630558,2.067473,19.426935,10.704208,3.475281,2.701966,169.040883,5.743030,1.039934,0.028466,0.945212
-0.046970,0.022438,0.685206,1.530246,19.432618,10.894678,3.475528,2.706342,169.031868,5.702588,1.039875,0.028439,0.945175
-0.044263,0.021886,0.628582,1.922382,19.426290,10.636743,3.473440,2.688086,168.992772,5.659751,1.039615,0.028169,0.944933
-0.046790,0.021902,0.684675,1.553562,19.410163,10.354563,3.474455,2.715479,168.936005,5.612965,1.039300,0.027895,0.944632
-0.047115,0.022641,0.623187,1.485526,19.441253,10.851187,3.478040,2.693789,168.921815,5.911752,1.039289,0.029319,0.944629
-0.046302,0.022108,0.652732,1.629731,19.456693,10.871350,3.476941,2.699147,168.889109,5.882450,1.039142,0.029211,0.944518
-0.052225,0.021949,0.563336,1.589848,19.382340,10.115360,3.476590,2.692413,168.805770,5.769062,1.038605,0.028647,0.944002
-0.047988,0.021846,0.654529,1.527769,19.398267,10.276993,3.474607,2.691446,168.773227,5.743974,1.038467,0.028537,0.943893
-0.047752,0.022661,0.625663,2.040029,19.457685,10.522273,3.476175,2.687084,168.743378,5.714568,1.038403,0.028434,0.943833
-0.046464,0.022333,0.683233,1.574301,19.429538,10.391388,3.474920,2.707730,168.726513,5.675054,1.038153,0.028264,0.943621
-0.048429,0.022497,0.671428,1.534010,19.389792,10.372463,3.475968,2.688150,168.495347,5.654129,1.036740,0.028081,0.943428
-0.047582,0.021980,0.684037,1.510971,19.402242,10.367240,3.474171,2.718267,168.653563,5.913785,1.037725,0.029298,0.943242
-0.060087,0.023356,0.672720,1.518040,19.344152,9.407060,3.479699,2.687320,168.583342,5.776502,1.037078,0.028641,0.942610
-0.058099,0.023118,0.687425,1.562643,19.384462,9.515938,3.479516,2.700833,168.557291,5.740511,1.036919,0.028490,0.942472
-0.047884,0.022555,0.651715,2.023352,19.487610,10.650103,3.474559,2.688841,168.569126,5.837813,1.037291,0.028880,0.942840
-0.045356,0.023092,0.662945,1.470823,19.417232,10.437235,3.478616,2.711611,168.528344,5.758632,1.037016,0.028648,0.942595
-0.045532,0.023359,0.662111,1.712740,19.477007,10.711425,3.480278,2.688448,168.516112,5.740957,1.036961,0.028603,0.942527
-0.046950,0.022751,0.687911,1.585141,19.416527,10.319440,3.478065,2.696227,168.428030,5.686211,1.036568,0.028265,0.942205
-0.051943,0.023709,0.670168,1.640471,19.452088,10.450860,3.480759,2.703007,168.407001,5.939463,1.036376,0.029456,0.941982
-0.051008,0.023723,0.674650,1.553343,19.443283,10.218290,3.477687,2.707763,168.408694,5.885439,1.036099,0.029197,0.941719
-0.048742,0.022812,0.703409,1.491104,19.470210,10.721473,3.476635,2.689050,168.457837,5.905806,1.036182,0.029279,0.941802
-0.050650,0.022582,0.694195,1.450356,19.415793,9.887625,3.476073,2.707911,168.466615,5.808113,1.035692,0.028801,0.941369
-0.042089,0.022616,0.705946,1.460979,19.596050,11.747855,3.473217,2.685165,168.549678,5.932425,1.036337,0.029454,0.941972
-0.054165,0.022794,0.727680,1.507788,19.472103,10.079397,3.477032,2.688117,168.490032,5.774184,1.035528,0.028631,0.941217
-0.046502,0.022589,0.710976,1.633105,19.530522,10.534680,3.475140,2.707885,168.496037,5.771578,1.035537,0.028633,0.941228
-0.044376,0.022849,0.694584,1.460400,19.625327,11.193373,3.473965,2.700241,168.484518,5.778811,1.035627,0.028757,0.941319
-0.047280,0.023200,0.705994,1.527549,19.568930,10.541905,3.477859,2.696979,168.250110,5.699664,1.035122,0.028296,0.940848
-0.047259,0.022649,0.714708,1.437448,19.502525,10.461278,3.476426,2.685977,168.067932,5.893727,1.034629,0.029269,0.940422
-0.057137,0.023044,0.737692,1.373239,19.460518,9.305480,3.478041,2.701084,167.960812,5.712613,1.033845,0.028493,0.939687
-0.049308,0.023548,0.743557,1.414179,19.445205,10.138830,3.478575,2.684911,167.961585,5.782225,1.033980,0.028726,0.939878
-0.051435,0.023303,0.729638,1.520294,19.474840,10.146653,3.477520,2.702238,167.933104,5.737079,1.033788,0.028524,0.939659
-0.054409,0.023563,0.712121,1.645986,19.468145,9.802762,3.477844,2.704431,167.862861,5.961125,1.033384,0.029548,0.939296
-0.047027,0.022978,0.746002,1.479116,19.564330,10.840407,3.476922,2.693121,167.847762,6.010090,1.033633,0.029841,0.939557
-0.052859,0.023225,0.734186,1.362119,19.514065,10.150932,3.478570,2.692182,167.950637,5.900225,1.033156,0.029344,0.939071
-0.053441,0.023716,0.723482,1.466628,19.577340,10.038738,3.477448,2.692969,168.264636,5.633490,1.033342,0.028019,0.939210
-0.059424,0.023194,0.692634,1.384425,19.504575,8.881612,3.477116,2.685793,168.324820,5.509814,1.032715,0.027386,0.938648
-0.054925,0.023689,0.677492,1.485204,19.507952,9.400368,3.478440,2.700330,168.424148,5.531035,1.032854,0.027493,0.938805
-0.048460,0.023425,0.653104,1.217736,19.607648,9.828808,3.475882,2.696834,168.484281,5.554360,1.032942,0.027631,0.938891
-0.046504,0.023717,0.664726,1.648909,19.678030,10.512583,3.480149,2.680313,168.526225,5.590554,1.033104,0.027821,0.939063
-0.055647,0.023717,0.701682,1.425491,19.602073,9.126105,3.479837,2.679356,168.486079,5.434551,1.032350,0.027038,0.938346
-0.051669,0.023974,0.720423,1.541206,19.611142,9.503422,3.477674,2.704720,168.469163,5.430872,1.032290,0.027036,0.938315
-0.052529,0.023779,0.702660,1.477356,19.680503,9.887617,3.476546,2.700161,168.455039,5.726981,1.032248,0.028416,0.938243
-0.052977,0.024064,0.684140,1.435552,19.692537,10.446772,3.477713,2.691588,168.261369,5.736465,1.031043,0.028491,0.938327
-0.053900,0.023349,0.678035,2.003338,19.712498,9.608212,3.473645,2.706349,168.344327,5.621179,1.031726,0.027906,0.937769
-0.054098,0.023123,0.689434,1.523184,19.675880,9.757012,3.473299,2.715371,168.236931,5.593477,1.031494,0.027735,0.937600
-0.049107,0.023915,0.723534,1.453826,19.727560,10.065803,3.478170,2.700517,168.159302,5.587924,1.031365,0.027648,0.937462
-0.054728,0.024018,0.729390,1.371681,19.770172,9.958867,3.476147,2.687377,168.072587,5.795666,1.031043,0.028754,0.937159
-0.051751,0.024021,0.730743,1.392751,19.759113,9.757062,3.474905,2.687490,168.144375,5.745910,1.030765,0.028492,0.936919
-0.057822,0.023505,0.728340,1.475292,19.795275,9.041697,3.475572,2.695726,168.329761,5.659088,1.030418,0.028093,0.936595
-0.053472,0.023624,0.727962,1.373674,19.812567,9.412783,3.475694,2.674172,168.583593,5.396924,1.030614,0.026851,0.936791
-0.047933,0.023893,0.641209,1.560108,19.969605,10.151728,3.475820,2.678082,168.827534,5.482485,1.031018,0.027171,0.937090
-0.050760,0.022974,0.655771,1.673774,19.979497,9.766383,3.472743,2.694180,168.948736,5.427740,1.030824,0.026941,0.936891
-0.049943,0.023542,0.669329,1.854970,19.991063,9.814767,3.473590,2.709022,169.027539,5.435880,1.030787,0.026955,0.936903
-0.052235,0.023389,0.663995,1.505911,20.010772,9.605225,3.472082,2.681401,169.045354,5.390104,1.030519,0.026690,0.936659
-0.051427,0.023153,0.694077,1.481118,20.010330,9.821623,3.472800,2.696391,169.057883,5.381683,1.030398,0.026624,0.936631
-0.050419,0.022900,0.702009,1.559241,20.010485,9.395507,3.471298,2.693074,168.999802,5.285667,1.030014,0.026215,0.936251
-0.051920,0.023794,0.683322,1.490838,20.010593,9.398247,3.475029,2.694092,168.716632,5.210023,1.029641,0.025937,0.935915
-0.053325,0.024341,0.709112,1.917915,20.010525,9.220693,3.479329,2.686606,168.317847,5.393437,1.028984,0.026761,0.935316
-0.058800,0.024168,0.652960,1.532700,20.010923,9.163787,3.478625,2.696992,167.951194,5.579703,1.028365,0.027663,0.934781
-0.049682,0.024475,0.715644,1.728345,20.010515,9.698037,3.477652,2.699536,167.636800,5.517653,1.028084,0.027468,0.934544
-0.052973,0.024720,0.707802,1.556318,20.010393,9.670787,3.477839,2.680924,167.372995,5.720636,1.027590,0.028427,0.934084
-0.054587,0.024691,0.767162,1.492536,20.010413,9.907765,3.477886,2.676001,167.190765,5.950429,1.027227,0.029579,0.933750
-0.055521,0.024705,0.795713,1.425224,20.010125,9.906558,3.478340,2.671824,167.074338,5.888723,1.026839,0.029239,0.933448
-0.049601,0.024680,0.807127,1.510684,20.010045,10.114282,3.480656,2.662328,166.966970,5.839613,1.026658,0.029045,0.933251
-0.050622,0.025063,0.773279,1.293128,20.009873,9.958055,3.482186,2.662757,166.890007,5.779418,1.026311,0.028749,0.932951
-0.048869,0.024842,0.759779,1.504587,20.009845,10.639060,3.477926,2.687523,166.833837,6.084947,1.026295,0.030186,0.932922
-0.054648,0.025157,0.789409,1.331483,20.009860,9.676908,3.478036,2.676793,166.753085,5.945821,1.025634,0.029489,0.932269
-0.050028,0.025236,0.772818,1.294064,20.009305,10.561067,3.481710,2.679020,166.746083,5.961549,1.025719,0.029631,0.932395
-0.050843,0.024781,0.741605,1.618114,20.009808,10.023227,3.480961,2.672354,166.678423,5.870095,1.025252,0.029148,0.931933
-0.047104,0.025315,0.804073,1.203745,20.009625,10.058522,3.482908,2.686121,166.630651,5.800487,1.025032,0.028922,0.931731
-0.049249,0.025897,0.740445,1.400018,20.009530,10.197878,3.483911,2.688387,166.593725,5.771670,1.024786,0.028774,0.931559
-0.047175,0.026328,0.828575,1.247961,20.009273,10.876973,3.484904,2.657543,166.545356,6.072212,1.024767,0.030171,0.931527
-0.055879,0.024602,0.833623,1.285520,20.009513,9.957350,3.475627,2.687406,166.481310,5.943639,1.024109,0.029561,0.930960
-0.052605,0.025888,0.823344,1.494346,20.009287,9.908708,3.481980,2.668804,166.472576,5.885030,1.023808,0.029243,0.930660
-0.048479,0.025947,0.829367,1.328152,20.008778,10.325730,3.482172,2.660212,166.472672,5.887557,1.023724,0.029231,0.930623
-0.047487,0.025807,0.829606,1.233118,20.008852,10.473000,3.484402,2.680858,166.456292,5.927754,1.023546,0.029446,0.929469
-0.046960,0.025747,0.774176,1.457330,20.008980,10.321970,3.482333,2.675367,166.417750,5.777319,1.023215,0.028792,0.930204
-0.053489,0.025801,0.839800,1.308701,20.008927,9.666692,3.482121,2.674717,166.537133,5.677285,1.022803,0.028242,0.929707
-0.050166,0.025741,0.825417,1.427339,20.008608,10.197532,3.481176,2.683346,166.713026,5.705510,1.022880,0.028371,0.929820
-0.046692,0.025002,0.812453,1.271966,20.008355,10.041312,3.476866,2.683734,166.815860,5.667116,1.022703,0.028172,0.929648
-0.051984,0.025552,0.728737,1.157335,20.008568,9.805452,3.479108,2.679017,166.893257,5.617956,1.022431,0.027897,0.929412
-0.049578,0.025810,0.822620,1.327760,20.008340,10.337932,3.479105,2.688485,166.905458,5.626028,1.022458,0.027947,0.929468
-0.049404,0.025895,0.834319,1.289801,20.008198,9.907728,3.481866,2.677151,166.888891,5.528966,1.022057,0.027540,0.929069
-0.048590,0.026376,0.809405,1.284317,20.008088,10.206705,3.483434,2.658356,166.864435,5.518507,1.021915,0.027417,0.928944
-0.057971,0.026015,0.825537,1.287279,20.008047,9.714180,3.480218,2.678144,166.792520,5.714752,1.021420,0.028324,0.928471
-0.057384,0.025720,0.812421,1.477252,20.008148,9.190653,3.480434,2.688549,166.610751,5.596018,1.020821,0.027765,0.927928
-0.055016,0.025894,0.831066,1.203418,20.008037,9.715905,3.481453,2.676751,166.289255,5.825780,1.020463,0.028914,0.927643
-0.056777,0.025937,0.886700,1.182625,20.008418,9.636733,3.481826,2.670601,166.004196,5.711022,1.019926,0.028433,0.927141
-0.047603,0.026311,0.837840,1.193699,20.008232,10.568262,3.483602,2.669823,165.771143,6.019911,1.019778,0.029898,0.927111
-0.054228,0.025945,0.891566,1.193626,20.008377,10.015877,3.480552,2.663889,165.574294,5.874186,1.019148,0.029178,0.926429
-0.047743,0.026912,0.903350,1.161568,20.008273,10.119695,3.484251,2.667054,165.460326,5.819446,1.018792,0.028978,0.926205
-0.053044,0.027062,0.891992,1.159871,20.008563,10.017837,3.483749,2.678910,165.341521,6.040076,1.018389,0.030011,0.925804
-0.057520,0.026967,0.876469,1.308060,20.008298,9.551307,3.480962,2.662792,165.241507,5.913364,1.017846,0.029418,0.925255
-0.049046,0.027410,0.923955,1.180587,20.008438,10.278742,3.487187,2.671824,165.196306,5.908758,1.017803,0.029469,0.925304
-0.049699,0.027089,0.897884,1.225042,20.008128,10.381118,3.484998,2.662597,165.124698,5.863929,1.017553,0.029250,0.925046
-0.048709,0.026767,0.871430,1.263729,20.008248,10.612958,3.481326,2.673890,165.088376,6.135117,1.017361,0.030491,0.924858
-0.053166,0.027005,0.831967,1.186400,20.008218,9.882573,3.480948,2.667606,165.000694,6.009085,1.016716,0.029859,0.924274
-0.053958,0.027164,0.795170,1.446119,20.008462,9.885253,3.482769,2.674140,164.946840,5.946455,1.016392,0.029525,0.923961
-0.050587,0.027420,0.944751,1.058361,20.007992,10.379732,3.483641,2.661439,164.896037,5.921625,1.016274,0.029461,0.923892
-0.058000,0.027173,0.933101,1.130823,20.008297,9.719018,3.484215,2.663617,164.800377,6.101990,1.015623,0.030282,0.923278
-0.051917,0.027803,0.955159,1.247254,20.008098,10.728678,3.485861,2.672883,164.752458,6.121559,1.015673,0.030431,0.923422
-0.054185,0.028024,0.936731,1.074130,20.008420,10.152677,3.488964,2.659879,164.628070,5.994442,1.015133,0.029826,0.922860
-0.048748,0.027682,0.953410,1.109113,20.008140,10.421790,3.483837,2.672683,164.576198,5.958643,1.014843,0.029636,0.922640
-0.055509,0.028251,0.974588,1.064454,20.008273,9.781550,3.489834,2.665195,164.475708,6.125435,1.014217,0.030405,0.921988
-0.054045,0.027914,0.823341,1.554857,20.008125,10.070665,3.484228,2.662909,164.407862,6.080824,1.013980,0.030188,0.921813
-0.056936,0.027731,0.965507,1.039294,20.008413,9.618837,3.481778,2.675382,164.314008,5.972230,1.013452,0.029692,0.921353
-0.047176,0.027664,0.903708,1.183814,20.008245,10.499773,3.485313,2.679466,164.348433,5.981959,1.013453,0.029799,0.921400
-0.056414,0.028420,0.924044,1.135413,20.008203,9.632188,3.488688,2.654490,164.290972,5.869220,1.011780,0.029195,0.920873
-0.046022,0.027774,0.925890,1.020463,20.008218,10.587530,3.484958,2.667407,164.688158,5.932290,1.013223,0.029490,0.921150
-0.050082,0.028918,0.962368,1.081274,20.008108,10.184733,3.489536,2.665247,164.779804,5.857210,1.012899,0.029131,0.920825
-0.050148,0.027614,0.974859,1.034190,20.007993,10.194447,3.483485,2.675337,164.816987,5.823784,1.012672,0.028910,0.920625
-0.050605,0.027923,0.976037,1.069675,20.008057,9.564743,3.484504,2.656815,164.794776,5.700186,1.012101,0.028337,0.920117
-0.048066,0.028490,0.966656,1.034512,20.007980,10.572767,3.483687,2.678374,164.797228,5.743221,1.012211,0.028542,0.920248
-0.058737,0.027762,0.980081,1.041998,20.008062,9.133397,3.481418,2.673333,164.696684,5.540859,1.011325,0.027571,0.919346
-0.057492,0.029135,0.956689,1.052665,20.008113,9.714230,3.485893,2.673936,164.645389,5.829029,1.011180,0.028933,0.919284
-0.056592,0.028774,0.962223,1.071565,20.007825,9.966412,3.485232,2.670503,164.487116,5.791758,1.010897,0.028711,0.919059
-0.054923,0.028963,0.990655,1.009679,20.007822,10.575177,3.486026,2.687755,164.185046,6.014818,1.010574,0.029878,0.918758
-0.059940,0.028957,1.037310,1.040090,20.007898,9.174032,3.484980,2.688472,163.864408,5.784707,1.009460,0.028743,0.917684
-0.057103,0.030003,1.053612,0.979117,20.007978,9.667188,3.489184,2.666942,163.681871,6.035069,1.009100,0.029954,0.917427
-0.043214,0.029405,1.025920,1.088794,20.007708,11.177623,3.485464,2.668084,163.567297,6.066154,1.009217,0.030205,0.917632
-0.050728,0.030236,1.071295,0.968625,20.007785,9.947320,3.491555,2.665351,163.430895,5.889040,1.008384,0.029295,0.916764
-0.050172,0.030448,1.071554,0.966346,20.007662,11.231142,3.489284,2.670869,163.361718,6.216996,1.008412,0.030859,0.916842
-0.053122,0.029534,1.078905,0.926854,20.007858,10.113533,3.488226,2.683378,163.246954,6.052942,1.007649,0.030043,0.916097
-0.049494,0.030295,1.093989,0.942346,20.007803,10.488828,3.486713,2.666552,163.175341,6.002973,1.007340,0.029846,0.915884
-0.052551,0.030581,1.081064,1.073190,20.016235,10.471360,3.489417,2.673588,163.082324,6.219399,1.006903,0.030885,0.915486
-0.054234,0.030477,1.122566,0.998796,20.007910,10.029215,3.490201,2.661943,162.998982,6.099313,1.006330,0.030305,0.914954
-0.049680,0.030820,1.070766,0.943595,20.016365,10.661377,3.493128,2.659254,162.952699,6.082704,1.006212,0.030211,0.914874
-0.052618,0.030831,1.118803,0.919059,20.007670,9.997475,3.490987,2.637554,162.871306,5.933145,1.005526,0.029552,0.914237
-0.054270,0.030896,1.134506,0.897170,20.016407,9.887977,3.491488,2.660226,162.776233,6.147491,1.005060,0.030542,0.913790
-0.054138,0.030915,1.124529,0.911286,20.015897,9.949343,3.494040,2.659298,162.670757,6.078067,1.004644,0.030191,0.913466
-0.056391,0.030886,1.134265,0.976767,20.016007,9.763980,3.490886,2.661885,162.576644,5.967397,1.004154,0.029676,0.912959
-0.054549,0.031276,1.161508,0.900312,20.015993,10.344355,3.491805,2.669131,162.474588,6.216856,1.003907,0.030961,0.912782
-0.052035,0.030714,1.167881,0.906068,20.015850,10.310168,3.488877,2.650982,162.378844,6.127788,1.003496,0.030515,0.912361
-0.056769,0.031078,1.189330,0.859982,20.016208,9.754163,3.489638,2.669355,162.279975,6.010712,1.002882,0.029913,0.911790
-0.048652,0.031724,1.150877,0.920953,20.015593,10.465547,3.493555,2.666530,162.216252,6.014043,1.002682,0.029903,0.911761
-0.055347,0.031775,1.063152,0.980517,20.015687,10.102815,3.491549,2.651208,162.094679,6.182389,1.002106,0.030693,0.911145
-0.051692,0.031752,1.198068,0.879811,20.015322,10.247733,3.494732,2.641953,162.061546,6.113073,1.001734,0.030388,0.910856
-0.042705,0.031925,1.152303,1.042906,20.015195,10.755930,3.491551,2.655768,162.159851,6.084479,1.001630,0.030304,0.910766
-0.050220,0.032487,1.190461,0.888677,20.015127,10.231105,3.493006,2.653682,162.209898,5.979454,1.001123,0.029773,0.910284
-0.053511,0.032090,1.182139,0.890359,20.015312,9.681470,3.490797,2.630092,162.225329,5.865839,1.000593,0.029184,0.909729
-0.054987,0.032186,1.182241,0.935605,20.015278,9.858073,3.492954,2.654548,162.256967,5.807480,1.000318,0.028938,0.909499
-0.054699,0.032386,1.182108,0.883175,20.015162,10.074903,3.492700,2.671204,162.248112,6.060866,1.000031,0.030129,0.909263
-0.053547,0.033113,1.176762,0.869088,20.014678,10.608467,3.493648,2.652170,162.285535,6.052287,0.999901,0.030045,0.909176
-0.052073,0.032478,1.183947,0.909258,20.014968,9.866220,3.489946,2.635617,162.239818,5.905836,0.999279,0.029350,0.908540
-0.050233,0.032622,1.207836,0.884722,20.014633,10.262135,3.490507,2.663981,162.118354,5.835533,0.998946,0.029118,0.908306
-0.056038,0.033213,1.229982,0.861229,20.014682,9.682995,3.492031,2.643742,161.956239,6.014452,0.998210,0.029840,0.907615
-0.057725,0.033173,1.188770,0.948832,20.015170,9.403083,3.491622,2.654457,161.586756,5.852957,0.997411,0.029105,0.906902
-0.056056,0.032856,1.249041,0.840448,20.014662,10.154273,3.491194,2.651117,161.294959,6.080891,0.996972,0.030242,0.906581
-0.048676,0.033354,1.260159,0.813296,20.014628,9.917208,3.490040,2.652582,161.018702,5.941834,0.996274,0.029567,0.905890
-0.061740,0.033446,1.289884,0.775467,20.014817,9.407722,3.492401,2.656537,160.801217,6.069990,0.995410,0.030169,0.905119
-0.058757,0.034783,1.139547,1.142348,20.014883,9.197933,3.494492,2.637693,160.645467,5.938250,0.994763,0.029599,0.904545
-0.056322,0.034094,1.325297,0.786834,20.014512,9.994120,3.493376,2.643514,160.550647,6.228216,0.994534,0.030914,0.904417
-0.056286,0.034334,1.315512,0.770468,20.014525,9.580573,3.495369,2.659464,160.433974,6.069922,0.993869,0.030210,0.903729
-0.048494,0.035310,1.363407,0.739348,20.014378,10.365612,3.499628,2.653907,160.358821,6.062972,0.993677,0.030130,0.903607
-0.056143,0.034895,1.395488,0.729977,20.014222,9.929505,3.497666,2.648037,160.252661,6.198536,0.993022,0.030839,0.902953
-0.057208,0.035281,1.367142,0.731429,20.014312,9.724892,3.500169,2.652387,160.132291,6.075188,0.992374,0.030269,0.902426
-0.056179,0.035764,1.385438,0.745763,20.014178,10.207680,3.498116,2.628977,160.015249,6.328805,0.991985,0.031407,0.902078
-0.060867,0.035712,1.397794,0.727841,20.014302,9.267063,3.502120,2.630981,159.888043,6.112671,0.991092,0.030378,0.901143
-0.053728,0.035677,1.360468,0.764770,20.014152,10.273755,3.499814,2.634288,159.811948,6.124276,0.990965,0.030479,0.901197
-0.055874,0.036315,1.445255,0.735074,20.014162,10.067333,3.501824,2.642199,159.730859,6.294970,0.990360,0.031325,0.900632
-0.056411,0.035722,1.457468,0.698579,20.014167,9.772357,3.501728,2.656836,159.623805,6.160804,0.989737,0.030675,0.900031
-0.053822,0.036796,1.471891,0.724138,20.014272,9.771207,3.497907,2.656703,159.507945,6.060315,0.989218,0.030188,0.899542
-0.055404,0.037523,1.460532,0.748803,20.014473,9.787520,3.502541,2.673860,159.390840,6.257179,0.988659,0.031130,0.899051
-0.056644,0.036578,1.494303,0.705951,20.014020,10.066202,3.498973,2.638518,159.307922,6.182907,0.988188,0.030762,0.898703
-0.050008,0.037322,1.520899,0.688315,20.014060,10.098515,3.500108,2.657891,159.192770,6.063120,0.987679,0.030242,0.898186
-0.055620,0.037805,1.525611,0.695965,20.013942,9.844983,3.502791,2.656490,159.066700,6.253895,0.986994,0.031009,0.897551
-0.053456,0.037683,1.514771,0.660170,20.013977,9.699413,3.499806,2.647338,158.975698,6.112984,0.986396,0.030433,0.897001
-0.050127,0.038698,1.569347,0.637205,20.013875,10.442953,3.503868,2.656734,159.031056,6.088339,0.986215,0.030361,0.896886
-0.051616,0.038318,1.555539,0.655878,20.013953,10.474212,3.499154,2.669398,159.121300,6.025966,0.985868,0.030026,0.896582
-0.060811,0.038165,1.556532,0.661829,20.014193,9.418317,3.501400,2.658295,159.148714,6.144264,0.985006,0.030521,0.895741
-0.061655,0.039350,1.547392,0.646186,20.013993,9.294970,3.505770,2.668631,159.138677,6.055224,0.984489,0.030032,0.895260
-0.056763,0.039307,1.566167,0.652621,20.014030,9.505520,3.502425,2.650277,159.120674,5.965392,0.984110,0.029679,0.894941
-0.055686,0.038849,1.514354,0.702264,20.014235,9.614902,3.498349,2.635471,159.035674,5.870200,0.983637,0.029270,0.894525
-0.052577,0.039566,1.590351,0.638706,20.013687,10.518558,3.497003,2.653454,158.914674,6.141011,0.983427,0.030521,0.894337
-0.061978,0.039768,1.649400,0.624537,20.013890,8.777222,3.501131,2.660320,158.702776,5.809759,0.982175,0.028908,0.891428
-0.053013,0.040361,1.641921,0.621918,20.013635,10.712250,3.503120,2.633533,158.543838,6.242515,0.982218,0.030965,0.893345
-0.056703,0.040143,1.670084,0.609930,20.013915,9.640692,3.502709,2.638903,158.263356,6.001544,0.981199,0.029834,0.892298
-0.058044,0.040514,1.691064,0.599156,20.013593,9.680227,3.505129,2.632860,157.987602,6.152577,0.980441,0.030622,0.891643
-0.060209,0.041506,1.758733,0.572385,20.013540,9.692668,3.508300,2.635980,157.779580,6.308470,0.979740,0.031408,0.890972
-0.055517,0.041035,1.731380,0.577590,20.013578,10.139172,3.502781,2.633110,157.622624,6.243429,0.979286,0.031048,0.890624
-0.057913,0.041714,1.769338,0.565195,20.013468,9.824842,3.508776,2.633605,157.504457,6.106086,0.978580,0.030387,0.889989
-0.051603,0.041847,1.816890,0.554240,20.013567,10.201690,3.505566,2.654693,157.398195,6.315199,0.978078,0.031390,0.889566
-0.055333,0.041735,1.782446,0.561034,20.013270,9.852798,3.504614,2.629612,157.277787,6.165915,0.977381,0.030680,0.888887
-0.058007,0.043211,1.836500,0.545698,20.013378,10.214222,3.510562,2.636308,157.181283,6.364691,0.976909,0.031718,0.888467
-0.053126,0.042588,1.855271,0.542358,20.013242,10.132143,3.506957,2.641533,157.056635,6.270775,0.976245,0.031129,0.887922
-0.056581,0.043350,1.751571,0.570884,20.013367,9.837462,3.513066,2.640907,156.946359,6.097625,0.975554,0.030415,0.887228
-0.055088,0.043062,1.859131,0.550554,20.013018,9.949387,3.509738,2.651487,156.843894,6.302883,0.974954,0.031313,0.886706
-0.048673,0.044538,1.914732,0.525935,20.012870,11.059825,3.513400,2.639476,156.740531,6.269127,0.974750,0.031242,0.886619
-0.055969,0.044928,1.929849,0.543889,20.012925,10.078342,3.512649,2.635896,156.607520,6.346821,0.973805,0.031612,0.885623
-0.056567,0.045180,1.958962,0.520866,20.013138,9.761172,3.512533,2.632211,156.467346,6.208454,0.973038,0.030939,0.884969
-0.059740,0.045107,1.960713,0.519610,20.012928,9.264762,3.510612,2.638339,156.348592,6.042072,0.972221,0.030123,0.884186
-0.051475,0.044671,2.019973,0.496907,20.012752,10.507393,3.506506,2.634052,156.321917,6.359507,0.972082,0.031601,0.884198
-0.049927,0.045604,2.016896,0.506561,20.012978,10.483840,3.509166,2.628913,156.271574,6.221502,0.971550,0.031054,0.883693
-0.047425,0.045955,2.045878,0.495618,20.012837,10.297533,3.513238,2.627809,156.102532,6.095954,0.970835,0.030370,0.883008
-0.052736,0.046390,2.089698,0.478521,20.012770,9.990568,3.507686,2.633477,155.925137,6.218378,0.969998,0.030955,0.882218
-0.052604,0.047415,2.106220,0.497118,20.012537,9.922583,3.519888,2.637558,155.793767,6.089144,0.969299,0.030374,0.881637
-0.052263,0.047119,2.111528,0.474347,20.012702,10.356307,3.509515,2.622437,155.700189,6.324910,0.968828,0.031368,0.881219
-0.059491,0.047823,2.098015,0.489068,20.012792,9.574292,3.510106,2.642016,155.568764,6.122646,0.967894,0.030448,0.880331
-0.054569,0.048219,2.150248,0.465132,20.012672,9.851392,3.512314,2.636642,155.634951,6.046150,0.967460,0.030068,0.879955
-0.055874,0.049017,2.151218,0.480014,20.012728,9.976073,3.515702,2.642753,155.771020,6.262508,0.967054,0.031124,0.879611
-0.064178,0.049553,2.177355,0.467777,20.012830,9.590250,3.514172,2.649293,155.853515,6.136606,0.966478,0.030492,0.879025
-0.063196,0.048873,2.165770,0.461798,20.012873,8.799920,3.512322,2.638076,155.847553,5.968685,0.965646,0.029633,0.878231
-0.061746,0.048836,2.185848,0.457493,20.012768,9.286517,3.511026,2.644683,155.836343,5.908778,0.965299,0.029378,0.878004
-0.047319,0.049827,2.266066,0.449582,20.012420,10.760397,3.514802,2.632226,155.764427,5.915994,0.965274,0.029444,0.878012
-0.059112,0.050229,2.262145,0.444118,20.012660,9.814557,3.514907,2.627751,155.618101,6.027704,0.964296,0.029874,0.877069
-0.062756,0.050099,2.249913,0.467902,20.012548,8.798622,3.510204,2.631237,155.442480,5.786288,0.963275,0.028756,0.876028
