SCC,SCV,DVV,ICP,CCDT,CVCT,ACCV C,ACCV D,ECD,ECV,CCD,CCV,SoH
-0.042440,0.013275,0.276662,3.224666,20.012287,9.916705,3.443588,2.768063,182.627902,6.015857,1.094635,0.029895,0.995145
-0.043336,0.012650,0.291656,2.966641,20.012078,9.750063,3.440126,2.768395,182.880331,5.654430,1.095930,0.028160,0.996289
-0.040855,0.013498,0.277248,3.142686,20.011775,9.666780,3.443693,2.756512,182.985648,5.507251,1.096724,0.027414,0.996992
-0.042848,0.012984,0.277278,4.242715,20.011882,9.666840,3.440570,2.757568,183.099709,5.584845,1.097192,0.027735,0.997363
-0.046036,0.013387,0.289669,4.431596,20.011352,9.666777,3.444260,2.754660,183.141227,5.649672,1.097476,0.028017,0.997642
-0.040129,0.012959,0.254832,3.923834,20.011442,9.583408,3.441474,2.764347,183.177760,5.380092,1.097714,0.026773,0.997794
-0.044241,0.012805,0.262218,3.473933,20.011585,9.583415,3.441030,2.771361,183.187556,5.423406,1.097947,0.026930,0.997970
-0.042371,0.012982,0.271860,3.877994,20.011563,9.583452,3.440988,2.765257,183.213964,5.376419,1.098042,0.026730,0.997782
-0.042495,0.012856,0.268029,3.496977,20.011568,9.583513,3.440904,2.770771,183.236479,5.468610,1.098135,0.027085,0.998139
-0.044932,0.013340,0.248437,4.628212,19.964922,9.583307,3.444664,2.779067,183.254870,5.474403,1.098232,0.027143,0.998208
-0.042091,0.013423,0.273007,3.626042,20.011702,9.500137,3.444026,2.755446,183.262768,5.190511,1.098279,0.025819,0.998253
-0.042082,0.012806,0.252587,4.197859,20.011980,9.499922,3.440226,2.742157,183.239473,5.193651,1.098326,0.025828,0.998290
-0.042689,0.012858,0.276342,3.853340,19.936720,9.500087,3.441173,2.739305,183.214527,5.182401,1.098284,0.025789,0.998263
-0.040527,0.013060,0.267853,3.862472,19.929830,9.500123,3.440328,2.764048,183.189788,5.129137,1.098312,0.025550,0.998003
-0.042602,0.012726,0.255701,3.802067,20.000343,9.500070,3.439971,2.754920,183.200638,5.179543,1.098310,0.025752,0.998250
-0.041078,0.012564,0.281227,3.194663,19.909710,9.499928,3.441428,2.762663,183.158988,5.179073,1.098248,0.025722,0.998260
-0.040802,0.012606,0.247132,3.580115,19.921587,9.500073,3.439585,2.764374,183.159769,5.180483,1.098264,0.025717,0.998254
-0.042320,0.012684,0.264540,3.452075,19.914893,9.500072,3.440523,2.746285,183.134029,5.172197,1.098237,0.025663,0.998199
-0.043118,0.012372,0.248405,3.555499,19.945738,9.499955,3.439722,2.762268,183.137735,5.164576,1.098237,0.025640,0.998193
-0.042025,0.012504,0.267873,3.522304,19.970302,9.583422,3.439698,2.765620,183.120903,5.126556,1.098329,0.025464,0.996609
-0.044761,0.012539,0.269801,3.533935,19.920015,9.500083,3.440176,2.765251,183.118321,5.171976,1.098256,0.025645,0.998212
-0.042910,0.012992,0.266745,4.449432,19.797885,9.500182,3.441284,2.768004,183.075938,5.162076,1.098151,0.025583,0.998151
-0.040728,0.013152,0.266062,4.146591,19.770682,9.499975,3.442452,2.767751,183.045498,5.145253,1.098117,0.025507,0.998095
-0.039888,0.012805,0.251899,3.800609,19.773527,9.500232,3.442329,2.774822,183.003664,5.133415,1.098081,0.025449,0.998035
-0.040675,0.012626,0.264284,2.973089,19.777448,9.500215,3.440752,2.769975,182.999234,5.138730,1.098011,0.025426,0.998034
-0.042303,0.012592,0.271366,4.657933,19.850305,9.499998,3.438915,2.759815,182.976865,5.128378,1.098037,0.025397,0.997978
-0.039861,0.012809,0.220426,4.579449,19.917413,9.499985,3.439925,2.747716,182.972149,5.110210,1.098039,0.025324,0.997942
-0.042035,0.012275,0.247873,3.863744,19.801342,9.499925,3.438306,2.774485,182.971820,5.131642,1.098012,0.025383,0.997986
-0.042977,0.012223,0.262627,3.553646,19.847863,9.499992,3.437177,2.765109,182.955791,5.120636,1.097982,0.025335,0.997959
-0.043419,0.012769,0.247525,5.810713,19.924400,9.500145,3.440474,2.754458,182.940180,5.107857,1.097994,0.025293,0.997907
-0.043553,0.012613,0.198561,4.199177,19.776947,9.499953,3.439238,2.745729,182.704362,5.115684,1.096681,0.025296,0.997921
-0.044116,0.012089,0.253106,3.826442,19.808967,9.500180,3.438371,2.757962,182.885799,5.096367,1.097857,0.025231,0.997857
-0.042080,0.012349,0.254169,3.704879,19.856365,9.500055,3.439410,2.763431,182.871734,5.090425,1.097864,0.025186,0.997816
-0.042736,0.012346,0.253195,3.795949,19.823575,9.500047,3.438158,2.765720,182.873316,5.102849,1.097896,0.025226,0.997836
-0.039612,0.012226,0.251979,3.431856,19.871360,9.500133,3.438333,2.764168,182.837554,5.100596,1.097905,0.025221,0.997832
-0.046269,0.012586,0.256380,3.534558,19.839583,9.500020,3.439862,2.760559,182.842651,5.102127,1.097885,0.025213,0.997856
-0.044980,0.012392,0.259891,3.722336,19.821253,9.499973,3.440696,2.757681,182.627163,5.098249,1.096629,0.025190,0.997803
-0.045972,0.012850,0.271026,3.542403,19.835153,9.500103,3.440804,2.780708,182.825457,5.090831,1.097854,0.025157,0.997801
-0.043109,0.012230,0.245037,4.730034,19.810642,9.499992,3.438267,2.759416,182.784508,5.079845,1.097776,0.025127,0.997754
-0.044798,0.012615,0.263254,3.525874,19.866853,9.500087,3.440754,2.766838,182.781015,5.084997,1.097804,0.025100,0.997727
-0.042804,0.012600,0.246341,3.648372,19.818208,9.500020,3.439699,2.767963,182.738481,5.067408,1.097734,0.025041,0.997687
-0.040883,0.012407,0.234072,3.303697,19.909212,9.500082,3.439785,2.755205,182.711293,5.049533,1.097706,0.024991,0.997612
-0.044113,0.012864,0.254275,4.024394,19.745655,9.500213,3.442186,2.774195,182.655568,5.025887,1.097603,0.024892,0.997518
-0.038570,0.012370,0.252202,8.649915,19.893578,9.499953,3.440365,2.762055,182.654105,5.027327,1.097624,0.024873,0.997508
-0.041422,0.012590,0.270470,3.777918,19.758303,9.500048,3.440063,2.759057,182.630630,5.015826,1.097540,0.024838,0.997490
-0.042082,0.012457,0.245763,3.698568,19.748508,9.500048,3.440721,2.762886,182.605030,5.009950,1.097506,0.024793,0.997463
-0.043644,0.012235,0.224484,4.728629,19.778738,9.499937,3.437853,2.779400,182.579893,4.989817,1.097434,0.024724,0.997397
-0.039884,0.012236,0.254289,4.501856,19.817742,9.499987,3.437498,2.743414,182.562507,4.989001,1.097430,0.024696,0.997368
-0.038496,0.013393,0.235558,3.658607,19.784387,9.500160,3.443308,2.759041,182.531999,4.927823,1.097366,0.024433,0.997070
-0.041318,0.012812,0.258063,5.958830,19.745873,9.500087,3.441511,2.762448,182.513578,4.971573,1.097329,0.024633,0.997284
-0.039499,0.012939,0.270499,3.917256,19.778998,9.500057,3.440064,2.752700,182.663112,5.023448,1.097522,0.024791,0.997452
-0.038255,0.013170,0.262033,4.420278,19.774767,9.416792,3.442469,2.756066,182.794781,4.744592,1.097678,0.023580,0.997623
-0.037974,0.012180,0.227767,4.030639,19.814218,9.416680,3.438048,2.758253,182.882763,4.762669,1.097826,0.023646,0.997747
-0.041807,0.012562,0.238987,6.899910,19.792727,9.416682,3.439416,2.779631,182.924150,4.777638,1.097846,0.023664,0.997766
-0.040656,0.012948,0.248105,3.517065,19.811050,9.416838,3.442569,2.764996,182.867617,4.778929,1.097851,0.023666,0.997785
-0.040247,0.012810,0.254530,4.410282,19.712643,9.500167,3.440429,2.759881,182.437238,4.993420,1.097333,0.024660,0.997332
-0.039916,0.012623,0.237006,4.002962,19.710857,9.500087,3.440756,2.765866,182.370939,4.932595,1.097154,0.024447,0.997114
-0.040249,0.012883,0.290213,3.807123,19.687130,9.500082,3.439934,2.778245,182.326763,4.930094,1.097111,0.024418,0.997086
-0.038684,0.012100,0.288274,3.084401,19.769032,9.499982,3.438526,2.763040,182.309561,4.910695,1.097059,0.024340,0.997007
-0.041905,0.012608,0.257072,4.114950,19.730615,9.500072,3.440914,2.755797,182.285623,4.906773,1.096985,0.024317,0.996999
-0.039185,0.012330,0.267756,3.716667,19.687043,9.583323,3.440221,2.768105,182.269029,4.859942,1.097016,0.024107,0.995361
-0.040101,0.012370,0.266163,3.880193,19.733590,9.500195,3.438826,2.749048,182.229006,4.889608,1.096950,0.024247,0.996937
-0.040807,0.013260,0.238240,3.456295,19.707180,9.500032,3.443526,2.744749,182.219559,4.893329,1.096919,0.024241,0.996918
-0.041176,0.012356,0.256460,3.264759,19.717897,9.500112,3.440193,2.783318,182.200893,4.875129,1.096867,0.024167,0.996864
-0.041979,0.012666,0.242939,4.586779,19.683123,9.499943,3.440202,2.756008,182.170543,4.871703,1.096825,0.024164,0.996839
-0.040721,0.012784,0.287749,3.821917,19.710583,9.500093,3.441065,2.760075,182.140443,4.863173,1.096771,0.024095,0.996779
-0.041034,0.012051,0.273505,3.338401,19.732882,9.499993,3.438830,2.764924,182.116578,4.856471,1.096755,0.024082,0.996734
-0.039500,0.012771,0.229632,3.603837,19.732445,9.500105,3.442725,2.751818,182.084126,4.845981,1.096692,0.024035,0.996697
-0.038989,0.012912,0.249658,4.098820,19.650068,9.500118,3.442459,2.757643,182.059956,4.832582,1.096640,0.023967,0.996638
-0.037347,0.012875,0.263216,3.661228,19.636585,9.499938,3.440749,2.764488,182.036951,4.818018,1.096574,0.023916,0.996584
-0.037334,0.012636,0.273287,3.732608,19.733107,9.499918,3.440839,2.766245,182.031913,4.804523,1.096575,0.023866,0.996522
-0.041942,0.012558,0.253727,3.280869,19.693225,9.499997,3.439668,2.755787,181.807840,4.810546,1.095286,0.023873,0.996531
-0.041104,0.012708,0.234279,3.797963,19.663228,9.499915,3.441774,2.760580,181.982043,4.791237,1.096474,0.023808,0.996460
-0.041179,0.012543,0.265947,3.489836,19.658188,9.500110,3.441466,2.760178,181.949212,4.784600,1.096408,0.023770,0.996413
-0.039905,0.012900,0.270949,3.856180,19.666352,9.500105,3.440505,2.755366,181.924097,4.772692,1.096379,0.023719,0.996355
-0.039140,0.012701,0.276070,4.646626,19.731925,9.500017,3.441152,2.755054,181.893948,4.768874,1.096323,0.023683,0.996315
-0.039556,0.013002,0.269752,3.858609,19.632032,9.500133,3.442955,2.759606,181.880926,4.766095,1.096282,0.023669,0.996328
-0.039429,0.013093,0.251691,3.183385,19.649372,9.500110,3.443497,2.755674,181.668164,4.750742,1.095035,0.023632,0.996264
-0.038310,0.013090,0.274919,3.165658,19.709510,9.500025,3.442298,2.742090,181.852774,4.748056,1.096219,0.023614,0.996257
-0.040327,0.013073,0.264311,3.562107,19.643810,9.583360,3.443516,2.760531,181.825696,5.046511,1.096142,0.024925,0.996196
-0.044275,0.013300,0.284487,3.800845,19.632080,9.583457,3.444163,2.769118,181.802650,5.033445,1.096101,0.024863,0.996139
-0.040164,0.012927,0.298756,3.185084,19.617225,9.583290,3.442729,2.767785,181.768403,5.021791,1.096019,0.024810,0.996092
-0.043983,0.013169,0.270930,3.442169,19.662772,9.583388,3.444399,2.757152,181.754848,5.016580,1.096018,0.024779,0.996051
-0.041226,0.013534,0.257471,3.886932,19.669735,9.583337,3.445092,2.742168,181.747672,5.007045,1.096014,0.024758,0.996046
-0.043583,0.012955,0.267161,3.676698,19.615360,9.583420,3.441814,2.759858,181.712706,5.009802,1.095944,0.024753,0.996029
-0.041340,0.013097,0.256911,3.461246,19.628735,9.583477,3.442326,2.755477,181.691595,4.993468,1.095859,0.024651,0.995939
-0.039499,0.013080,0.282696,3.537083,19.666093,9.583527,3.442222,2.748725,181.673353,4.999651,1.095873,0.024656,0.995962
-0.041792,0.013260,0.261123,3.399756,19.696945,9.583275,3.442840,2.753439,181.621765,4.980672,1.095806,0.024593,0.995896
-0.043982,0.012780,0.281884,3.752947,19.711845,9.583522,3.440864,2.756572,181.599513,4.967125,1.095755,0.024536,0.995829
-0.039979,0.012856,0.269682,4.841477,19.820993,9.583555,3.441709,2.737497,181.582512,4.954161,1.095787,0.024457,0.995768
-0.043472,0.012804,0.300913,2.920474,19.683072,9.583408,3.442243,2.759024,181.551607,4.964141,1.095661,0.024514,0.995828
-0.043589,0.012543,0.268739,3.189996,19.680445,9.583417,3.441113,2.759362,181.553853,4.947905,1.095617,0.024441,0.995738
-0.043506,0.012858,0.274229,3.856642,19.703745,9.583465,3.442392,2.761507,181.519093,4.933443,1.095587,0.024373,0.995692
-0.040232,0.013005,0.230125,4.653678,19.706758,9.583437,3.442776,2.739393,181.503044,4.937362,1.095551,0.024383,0.995686
-0.040040,0.013262,0.290291,3.469405,19.638447,9.583372,3.444141,2.771773,181.479485,4.925350,1.095477,0.024307,0.995624
-0.040489,0.012683,0.293220,4.186055,19.666575,9.583450,3.442435,2.772728,181.494755,4.854048,1.095565,0.024034,0.995346
-0.041126,0.013001,0.311154,3.549872,19.713325,9.583462,3.443727,2.762943,181.472636,4.915847,1.095474,0.024282,0.995597
-0.042683,0.012582,0.262315,3.396082,19.703620,9.583412,3.441661,2.760947,181.420830,4.892208,1.095391,0.024212,0.995521
-0.041192,0.012980,0.285228,3.476752,19.625642,9.583320,3.443079,2.756856,181.405604,4.879959,1.095344,0.024143,0.995459
-0.040275,0.012327,0.274040,3.431235,19.635388,9.583425,3.440864,2.739165,181.392598,4.876175,1.095326,0.024128,0.995444
-0.040466,0.012546,0.301413,3.388650,19.665635,9.583372,3.441674,2.761387,181.361043,4.868547,1.095289,0.024081,0.995389
-0.041511,0.012637,0.284393,3.379381,19.662935,9.583310,3.440722,2.763155,181.354230,4.844199,1.095236,0.024009,0.995352
-0.037561,0.013245,0.296457,4.323526,19.584492,9.583415,3.444366,2.758225,181.313853,4.845863,1.095150,0.023997,0.995311
-0.041964,0.012926,0.258629,3.808290,19.619640,9.583298,3.442679,2.746651,181.300855,4.828923,1.095130,0.023930,0.995245
-0.039311,0.013392,0.286426,3.289686,19.651907,9.583498,3.444832,2.762077,181.270833,4.825057,1.095100,0.023896,0.995230
-0.039790,0.013102,0.266905,2.688795,19.631792,9.583410,3.443369,2.749303,181.261629,4.819174,1.095036,0.023892,0.995199
-0.038481,0.012725,0.276520,3.358760,19.618435,9.583377,3.443158,2.763996,181.228018,4.800667,1.094939,0.023820,0.995121
-0.040310,0.013516,0.305897,3.287624,19.648975,9.666715,3.444293,2.759890,181.209682,4.751735,1.095003,0.023597,0.993488
-0.042737,0.013418,0.306758,4.078175,19.625333,9.583283,3.444283,2.754459,181.151308,4.789216,1.094841,0.023748,0.995039
-0.041243,0.013076,0.278500,3.633508,19.593437,9.583373,3.442506,2.740001,181.135744,4.762995,1.094773,0.023668,0.994933
-0.036847,0.013496,0.292478,3.888824,19.608372,9.583342,3.445778,2.764182,181.108001,4.761933,1.094723,0.023650,0.994910
-0.040295,0.013165,0.288560,4.006553,19.604545,9.583222,3.443125,2.751937,181.141655,4.762393,1.094759,0.023629,0.994915
-0.036858,0.012888,0.292919,3.638060,19.601410,9.583435,3.442363,2.754433,181.117506,4.769836,1.094697,0.023653,0.994960
-0.043041,0.012943,0.287391,5.041029,19.616162,9.583558,3.441419,2.754447,181.114285,4.754446,1.094709,0.023595,0.994871
-0.039604,0.012869,0.293114,4.046704,19.572383,9.583475,3.443120,2.768656,181.073850,4.756266,1.094635,0.023598,0.994893
-0.040058,0.013652,0.311220,3.256754,19.625623,9.583502,3.445480,2.763055,181.057979,4.743586,1.094593,0.023538,0.994798
-0.037217,0.013367,0.289308,3.803263,19.570620,9.583505,3.443786,2.756500,181.005738,4.725762,1.094446,0.023463,0.994722
-0.041210,0.013194,0.303363,3.658918,19.615497,9.666680,3.443347,2.763763,180.999969,5.010612,1.094477,0.024767,0.994676
-0.042984,0.013075,0.295403,3.038947,19.603848,9.666730,3.443594,2.741708,180.795596,5.001729,1.093167,0.024725,0.994623
-0.045542,0.013613,0.281632,3.099071,19.642507,9.666200,3.446384,2.744474,180.973109,4.991960,1.094402,0.024678,0.994596
-0.041325,0.013547,0.270459,3.187992,19.606928,9.666745,3.444532,2.748114,180.954401,4.994998,1.094327,0.024681,0.994578
-0.043437,0.013480,0.283690,3.253485,19.653618,9.666117,3.444542,2.739026,180.949358,4.982119,1.094324,0.024619,0.994536
-0.045162,0.013681,0.303887,4.187021,19.581633,9.666735,3.444171,2.751591,180.951965,4.981832,1.094266,0.024600,0.994499
-0.046024,0.013504,0.273799,2.851138,19.622197,9.666712,3.444639,2.744088,180.933877,4.981844,1.094272,0.024587,0.994501
-0.045634,0.013736,0.274458,4.085611,19.643258,9.666657,3.447838,2.758538,180.718340,4.972557,1.093015,0.024552,0.994456
-0.040058,0.013209,0.305732,3.934633,19.580265,9.666668,3.443204,2.751491,180.867901,4.964357,1.094110,0.024492,0.994405
-0.041339,0.013043,0.309503,3.232378,19.565032,9.666835,3.444467,2.747239,180.820888,4.924501,1.094035,0.024331,0.994267
-0.043232,0.013226,0.291691,3.832355,19.609797,9.666785,3.444836,2.757190,180.792929,4.921411,1.093977,0.024309,0.994241
-0.039801,0.013014,0.281373,3.828529,19.602035,9.666682,3.443139,2.750817,180.756522,4.902963,1.093922,0.024225,0.994159
-0.039298,0.013368,0.280773,5.478132,19.618262,9.666755,3.444510,2.759358,180.741680,4.887955,1.093841,0.024174,0.994088
-0.038754,0.013316,0.283865,2.965534,19.606250,9.666860,3.443916,2.746786,180.505193,4.876805,1.092603,0.024128,0.994056
-0.040049,0.013770,0.296161,3.421125,19.609128,9.666668,3.448199,2.752221,180.701440,4.869410,1.093779,0.024102,0.994022
-0.037106,0.013982,0.279458,3.807058,19.646910,9.666867,3.446263,2.738378,180.685173,4.863815,1.093735,0.024063,0.993981
-0.041576,0.013333,0.294609,2.890934,19.594732,9.666573,3.444721,2.742006,180.650084,4.847307,1.093669,0.024003,0.993924
-0.042028,0.013897,0.298798,3.208375,19.616693,9.666695,3.446322,2.745093,180.618744,4.840899,1.093620,0.023973,0.993888
-0.038944,0.013369,0.271065,3.580595,19.569795,9.666783,3.444231,2.743449,180.579739,4.826813,1.093535,0.023919,0.993841
-0.038818,0.013720,0.310035,2.893500,19.619867,9.666638,3.446477,2.744869,180.538820,4.808754,1.093460,0.023831,0.993737
-0.041056,0.013678,0.288583,4.150774,19.543715,9.666683,3.448156,2.739400,180.517255,4.791185,1.093349,0.023784,0.993697
-0.039318,0.013630,0.277628,3.657745,19.540180,9.666745,3.445318,2.749070,180.500571,4.777078,1.093291,0.023695,0.993580
-0.037897,0.014306,0.310834,3.224440,19.542085,9.666638,3.446969,2.759654,180.484846,4.769798,1.093284,0.023697,0.993602
-0.037415,0.013626,0.285172,4.404435,19.596737,9.666748,3.445850,2.740904,180.479730,4.768039,1.093221,0.023663,0.993535
-0.041516,0.013400,0.310945,3.433303,19.638027,9.666638,3.446549,2.742821,180.487160,4.776512,1.093257,0.023676,0.993556
-0.042130,0.013639,0.314705,3.014190,19.586863,9.750062,3.446464,2.751602,180.479031,5.014743,1.093226,0.024793,0.993289
-0.041687,0.013585,0.294015,5.026430,19.588258,9.666638,3.445752,2.759657,180.457335,4.766441,1.093204,0.023655,0.993552
-0.038709,0.013574,0.288191,3.407251,19.443390,9.733437,3.447747,2.691839,178.994010,4.757094,1.085418,0.023263,0.993452
-0.040136,0.013547,0.288044,3.264284,19.543493,9.750232,3.446924,2.762542,180.438699,5.042473,1.093018,0.024866,0.993357
-0.041371,0.013496,0.265472,3.570014,19.523552,9.749990,3.445444,2.737533,180.339949,5.081070,1.092943,0.024789,0.993289
-0.039123,0.013974,0.310095,4.150937,19.526182,9.750032,3.447081,2.749099,180.338043,5.008374,1.092915,0.024739,0.993253
-0.039195,0.013877,0.318903,3.576847,19.526143,9.750090,3.447253,2.744229,180.307052,4.955723,1.092879,0.024442,0.992958
-0.040954,0.013219,0.277051,5.651982,19.569987,9.750140,3.444928,2.751631,180.276319,4.995403,1.092825,0.024671,0.993176
-0.042056,0.013823,0.300786,3.353001,19.605625,9.750100,3.445871,2.751360,180.240741,4.982177,1.092766,0.024601,0.993134
-0.047068,0.014091,0.296374,3.246062,19.520057,9.750062,3.447845,2.752036,180.229079,4.977238,1.092722,0.024564,0.993092
-0.042607,0.013342,0.306616,3.576410,19.553872,9.750230,3.445631,2.760211,180.223008,4.968956,1.092676,0.024527,0.993030
-0.039850,0.013415,0.304914,3.332505,19.511290,9.750050,3.445277,2.753261,180.235631,4.963612,1.092669,0.024509,0.993034
-0.037654,0.013501,0.290691,3.308860,19.543825,9.750192,3.444100,2.756050,180.218838,4.739562,1.092673,0.023544,0.992038
-0.041427,0.013977,0.300958,3.162103,19.644103,9.750032,3.446055,2.750817,180.201858,4.962042,1.092659,0.024480,0.993004
-0.040103,0.013402,0.323464,3.540603,19.568328,9.750128,3.443654,2.760259,180.175022,4.955633,1.092584,0.024452,0.992978
-0.043747,0.013364,0.305885,3.486323,19.526138,9.750042,3.445802,2.747233,180.155245,4.937589,1.092520,0.024368,0.992910
-0.040495,0.013746,0.290398,3.569057,19.577558,9.750013,3.446665,2.747227,180.121510,4.923135,1.092516,0.024327,0.992879
-0.038736,0.013748,0.319803,3.451263,19.540697,9.750045,3.448806,2.759071,180.094472,4.916415,1.092428,0.024310,0.992836
-0.038795,0.013628,0.318305,3.178739,19.692033,9.833353,3.446539,2.732942,180.082541,4.840341,1.092489,0.023997,0.991156
-0.038191,0.013348,0.301327,3.546961,19.492145,9.750173,3.446104,2.736938,180.022969,4.879070,1.092262,0.024156,0.992689
-0.039670,0.013855,0.336764,3.244714,19.550648,9.750123,3.448324,2.753671,179.998675,4.857497,1.092220,0.024068,0.992603
-0.039246,0.013897,0.289901,3.283961,19.537207,9.750080,3.446474,2.747274,180.004422,4.839851,1.092179,0.024012,0.992547
-0.041052,0.013755,0.304349,2.983724,19.555067,9.750132,3.447386,2.737184,179.995518,4.844101,1.092119,0.023992,0.992536
-0.040709,0.014030,0.298725,3.554141,19.502183,9.750092,3.449630,2.759862,179.998646,4.831789,1.092045,0.023947,0.992467
-0.040209,0.013939,0.308515,3.420587,19.562832,9.749937,3.448477,2.757265,180.106081,4.835232,1.092162,0.023947,0.992481
-0.041590,0.013674,0.298711,3.607676,19.524515,9.749973,3.448071,2.756819,180.185216,4.856905,1.092210,0.023991,0.992552
-0.040275,0.013811,0.307190,3.166611,19.578810,9.750122,3.446661,2.749656,180.199448,4.869583,1.092269,0.024036,0.992598
-0.041698,0.013110,0.303254,3.309577,19.501425,9.750005,3.444213,2.759558,180.084716,4.852992,1.092133,0.023984,0.992533
-0.037970,0.013872,0.311867,3.058824,19.576808,9.750215,3.446854,2.754512,179.948945,4.809937,1.091998,0.023820,0.992370
-0.038377,0.014064,0.302314,3.134578,19.447643,9.750098,3.449907,2.758073,179.646238,4.788178,1.090586,0.023751,0.992268
-0.041360,0.014142,0.296449,2.961146,19.603185,9.750213,3.447516,2.736126,179.834172,4.774397,1.091738,0.023695,0.992198
-0.038257,0.013766,0.325150,3.644447,19.487952,9.750103,3.448814,2.755166,179.843778,4.757044,1.091618,0.023623,0.992112
-0.037249,0.013859,0.289197,3.476342,19.519125,9.750120,3.447433,2.745939,179.974433,4.773239,1.091734,0.023653,0.992177
-0.039510,0.013608,0.300915,3.358681,19.597823,9.750150,3.445680,2.745462,180.066206,4.786066,1.091850,0.023693,0.992268
-0.039466,0.013647,0.293108,3.611811,19.536138,9.749897,3.446664,2.743642,180.101824,4.803056,1.091858,0.023731,0.992306
-0.042802,0.013925,0.318120,3.358650,19.551712,9.750042,3.446636,2.750920,179.894368,4.779898,1.090658,0.023682,0.992264
-0.042626,0.013822,0.301469,3.890303,19.556435,9.750143,3.447207,2.748220,180.068049,4.788024,1.091805,0.023664,0.992257
-0.041512,0.013989,0.307869,3.243260,19.622517,9.750153,3.447396,2.746529,180.006355,4.766335,1.091766,0.023583,0.992150
-0.039571,0.014003,0.293993,3.182828,19.547645,9.750017,3.448011,2.730955,179.922480,4.747303,1.091607,0.023527,0.992082
-0.039774,0.014053,0.328289,2.869104,19.454673,9.750122,3.447694,2.762056,179.778456,4.716271,1.091451,0.023433,0.991959
-0.038983,0.014189,0.305102,4.585351,19.533713,9.833357,3.449373,2.740700,179.655601,4.978585,1.091293,0.024590,0.991778
-0.041092,0.014321,0.315780,2.714298,19.520173,9.833513,3.449284,2.758429,179.393242,4.977267,1.089990,0.024584,0.991737
-0.042221,0.013874,0.318376,2.570778,19.482762,9.833503,3.448181,2.736490,179.588502,4.966294,1.091151,0.024533,0.991679
-0.041019,0.013768,0.330601,3.213427,19.439335,9.833363,3.447916,2.760022,179.571805,4.962233,1.091096,0.024485,0.991611
-0.039245,0.013942,0.346094,2.657948,19.597370,9.833407,3.448526,2.762934,179.547582,4.940562,1.091089,0.024387,0.991519
-0.042771,0.013376,0.332118,2.780903,19.458400,9.833368,3.446033,2.751875,179.528615,4.934400,1.090948,0.024373,0.991503
-0.042575,0.013612,0.325700,3.331480,19.507358,9.833380,3.449013,2.749748,179.499799,4.913487,1.090952,0.024289,0.991436
-0.044329,0.013904,0.327638,3.186672,19.463920,9.833362,3.446966,2.736974,179.459005,4.895274,1.090847,0.024212,0.991348
-0.039558,0.014057,0.340493,2.737133,19.478497,9.833417,3.450077,2.750913,179.436964,4.881361,1.090802,0.024150,0.991291
-0.041907,0.014146,0.311973,2.942274,19.471723,9.833353,3.449867,2.743465,179.420656,4.864897,1.090686,0.024107,0.991240
-0.037446,0.014033,0.340779,2.687009,19.438708,9.833225,3.448133,2.741883,179.418763,4.848041,1.090611,0.024017,0.991133
-0.038665,0.013699,0.319214,3.976893,19.517483,9.833440,3.448964,2.750566,179.441545,4.844729,1.090637,0.023989,0.991138
-0.041663,0.014146,0.320289,3.242003,19.543362,9.833417,3.448542,2.747751,179.516600,4.847205,1.090618,0.024000,0.991134
-0.042564,0.014142,0.313252,3.484486,19.494975,9.833315,3.449767,2.751320,179.634436,4.803561,1.090699,0.023786,0.990934
-0.040979,0.014215,0.307376,4.644438,19.495315,9.833405,3.450365,2.751915,179.689730,4.888036,1.090830,0.024122,0.991274
-0.039959,0.013633,0.283379,3.281388,19.481808,9.833273,3.445975,2.758235,179.632352,4.883340,1.090760,0.024099,0.991261
-0.039324,0.014082,0.331856,2.564992,19.501620,9.833430,3.447922,2.759061,179.485209,4.836717,1.090584,0.023918,0.991088
-0.037955,0.014170,0.298847,4.024532,19.495900,9.833392,3.448399,2.739639,179.344258,4.796622,1.090397,0.023789,0.990907
-0.040562,0.014695,0.331083,3.576847,19.513482,9.833373,3.450930,2.738275,179.275430,4.784375,1.090254,0.023746,0.990832
-0.041566,0.014176,0.326590,3.158614,19.458353,9.916838,3.448770,2.746119,179.273269,5.007354,1.090141,0.024732,0.990463
-0.037805,0.013995,0.335231,3.383267,19.488008,9.833495,3.447442,2.749204,179.456525,4.774191,1.090252,0.023670,0.990821
-0.038487,0.014361,0.337677,3.172971,19.578597,9.833340,3.448086,2.760612,179.645002,4.803192,1.090477,0.023766,0.990958
-0.038701,0.013847,0.315392,2.594032,19.449903,9.833455,3.446469,2.743491,179.728209,4.829897,1.090531,0.023877,0.991084
-0.040584,0.013767,0.326021,3.631127,19.513248,9.833328,3.447299,2.756714,179.784441,4.851022,1.090615,0.023902,0.991122
-0.040737,0.014299,0.326489,2.833049,19.491857,9.833482,3.448693,2.749939,179.776900,4.838855,1.090574,0.023863,0.991079
-0.043603,0.014104,0.324574,2.970291,19.576888,9.833410,3.449872,2.758219,179.761706,4.832451,1.090571,0.023853,0.991038
-0.038211,0.013733,0.320686,3.767582,19.575260,9.833315,3.446084,2.762720,179.687376,4.818772,1.090424,0.023790,0.990992
-0.037855,0.014045,0.334571,3.037386,19.558420,9.833540,3.447955,2.749769,179.565822,4.783413,1.090353,0.023669,0.990851
-0.038740,0.014160,0.323917,3.246628,19.488705,9.833565,3.449667,2.753203,179.286418,4.739756,1.090014,0.023503,0.990628
-0.040040,0.013938,0.323771,3.093574,19.421948,9.916770,3.449009,2.752877,179.105657,4.985466,1.089751,0.024615,0.990351
-0.041768,0.014231,0.345226,2.883733,19.470817,9.916748,3.448873,2.748540,179.084646,4.978811,1.089688,0.024579,0.990314
-0.039508,0.014753,0.331790,3.568613,19.462688,9.999990,3.452350,2.737970,179.052758,4.901713,1.089674,0.024278,0.988631
-0.038367,0.014396,0.341915,3.106198,19.390522,9.916713,3.451638,2.738746,179.005681,4.933573,1.089462,0.024417,0.990146
-0.036740,0.013810,0.327498,2.383352,19.502163,9.916695,3.448222,2.742651,178.978259,4.904400,1.089447,0.024303,0.990051
-0.042248,0.013889,0.335006,2.972710,19.416858,9.916833,3.447803,2.732807,178.957949,4.904843,1.089350,0.024298,0.990016
-0.039915,0.013815,0.333859,3.270533,19.446270,9.916730,3.447271,2.730880,178.934846,4.889507,1.089322,0.024238,0.989952
-0.040048,0.014786,0.318779,3.023501,19.467195,9.916562,3.452895,2.732736,178.892311,4.880376,1.089223,0.024205,0.989919
-0.040561,0.014391,0.342154,3.124612,19.376563,9.916838,3.450429,2.750933,178.875268,4.876525,1.089167,0.024155,0.989870
-0.041584,0.014225,0.336826,2.626274,19.445100,9.916707,3.448851,2.761051,178.901414,4.868230,1.089181,0.024136,0.989860
-0.040322,0.014054,0.351150,2.517444,19.414853,9.916700,3.448940,2.754520,178.930618,4.865676,1.089150,0.024118,0.989851
-0.039830,0.014028,0.321871,3.715937,19.460697,9.916627,3.448992,2.744266,178.985820,4.871045,1.089188,0.024122,0.989860
-0.037703,0.014167,0.325218,3.176763,19.414613,9.916603,3.450417,2.744187,179.087313,4.869062,1.089221,0.024121,0.989888
-0.041760,0.013917,0.350523,2.868524,19.429532,9.916610,3.447582,2.749227,179.138618,4.901575,1.088748,0.024201,0.989984
-0.044182,0.013878,0.307943,3.144828,19.466068,9.916642,3.446828,2.736845,179.180288,4.905233,1.089378,0.024205,0.989982
-0.043886,0.014116,0.354791,3.374437,19.467512,9.916823,3.448236,2.750632,179.009153,4.874299,1.089198,0.024097,0.989859
-0.041419,0.014442,0.341520,2.940323,19.441473,9.916677,3.451036,2.742517,178.828583,4.825297,1.088946,0.023925,0.989651
-0.047058,0.014770,0.341683,3.520489,19.408767,10.000047,3.450229,2.745483,178.737823,5.089419,1.088760,0.025163,0.989470
-0.044172,0.014876,0.338197,2.114531,19.388933,10.000108,3.451678,2.753891,178.720154,5.081100,1.088671,0.025098,0.989429
-0.044406,0.014710,0.336653,3.041069,19.350252,10.000202,3.451945,2.734995,178.528899,5.067800,1.087383,0.025029,0.989351
-0.038937,0.014528,0.338635,2.599677,19.379453,9.916692,3.451634,2.751179,177.799075,4.771988,1.088703,0.023685,0.989388
-0.039058,0.014694,0.323352,3.178549,19.456918,9.916732,3.451683,2.758076,178.965276,4.781361,1.088756,0.023717,0.989445
-0.040366,0.014450,0.346401,2.708322,19.517805,9.916598,3.451372,2.736299,179.016322,4.792252,1.088855,0.023746,0.989506
-0.040096,0.014734,0.336121,3.426230,19.443873,9.916772,3.450944,2.758405,179.023419,4.792948,1.088784,0.023737,0.989508
-0.037639,0.014257,0.303404,2.596834,19.472857,9.916737,3.449275,2.739797,178.989398,4.784274,1.088787,0.023710,0.989483
-0.038917,0.014706,0.313894,3.206753,19.431642,9.916825,3.450826,2.745972,178.745039,4.775312,1.087412,0.023656,0.989413
-0.040182,0.014296,0.329356,2.490427,19.455685,9.916742,3.448284,2.740483,178.882244,4.759467,1.088596,0.023607,0.989356
-0.039716,0.014192,0.364787,3.289020,19.438137,10.000162,3.449143,2.738313,178.715619,5.040630,1.088502,0.024908,0.989232
-0.041656,0.014502,0.363474,3.061325,19.444755,10.000145,3.451432,2.725849,178.547810,4.988101,1.088229,0.024653,0.988990
-0.041163,0.014537,0.359248,2.670511,19.378225,10.000065,3.453211,2.746886,178.536352,4.965184,1.088125,0.024601,0.988943
-0.038151,0.014840,0.361357,3.128179,19.394263,10.000053,3.453835,2.750941,178.522146,4.951907,1.088054,0.024534,0.988876
-0.039042,0.014667,0.335607,4.156563,19.420478,9.999988,3.453616,2.731578,178.496644,4.944463,1.088026,0.024474,0.988810
-0.041517,0.014772,0.342881,3.050949,19.391093,9.999988,3.451745,2.743877,178.455492,4.925989,1.087923,0.024393,0.988722
-0.041376,0.014541,0.348418,3.322536,19.374120,10.000042,3.452105,2.721485,178.418122,4.902186,1.087855,0.024315,0.988631
-0.040876,0.015031,0.317493,2.725785,19.433217,9.999952,3.454457,2.746907,178.369942,4.893011,1.087806,0.024265,0.988590
-0.042916,0.014240,0.348871,3.343554,19.370718,10.000120,3.449949,2.758786,178.341547,4.880378,1.087684,0.024212,0.988517
-0.037322,0.015048,0.361858,2.380090,19.372695,10.000098,3.454840,2.755985,178.346659,4.866145,1.087662,0.024156,0.988456
-0.038021,0.014349,0.326000,2.391642,19.383625,9.999972,3.450811,2.753845,178.339619,4.851708,1.087638,0.024058,0.988402
-0.037564,0.014896,0.345804,3.428536,19.437345,10.000092,3.452186,2.740272,178.350736,4.850215,1.087562,0.024074,0.988385
-0.039194,0.014349,0.363718,2.868020,19.389027,10.000197,3.451335,2.747814,178.367311,4.844370,1.087548,0.024047,0.988369
-0.040644,0.014818,0.360110,2.846117,19.352788,10.000097,3.453414,2.737158,178.411552,4.842390,1.087513,0.024027,0.988367
-0.039480,0.014257,0.362454,2.776245,19.481665,10.000128,3.451166,2.747259,178.539917,4.852959,1.087643,0.024044,0.988392
-0.038504,0.014465,0.365459,2.882195,19.457258,10.000242,3.449829,2.733102,178.583691,4.869332,1.087711,0.024103,0.988476
-0.037914,0.014618,0.349823,2.844154,19.387930,10.000192,3.451126,2.752694,178.494762,4.835586,1.087633,0.023929,0.988309
-0.041597,0.014937,0.349303,2.850596,19.509248,10.000198,3.453078,2.745303,178.355828,4.830160,1.087510,0.023949,0.988316
-0.042689,0.015265,0.326757,2.579750,19.390465,10.082940,3.454639,2.727017,178.187487,5.099235,1.087243,0.025205,0.988114
-0.042724,0.015390,0.338696,3.108650,19.365198,10.083392,3.453834,2.724300,178.172319,5.083367,1.087187,0.025095,0.988000
-0.038958,0.014852,0.356440,3.084190,19.374458,10.083418,3.451803,2.729610,178.145734,5.073521,1.087071,0.025033,0.987954
-0.042727,0.015146,0.353382,2.700691,19.402455,10.083528,3.453248,2.738213,178.234635,5.070049,1.087095,0.025018,0.987957
-0.042297,0.015079,0.368640,2.890990,19.447160,10.083392,3.453600,2.752345,178.362943,5.017325,1.087213,0.024782,0.987751
-0.039818,0.015231,0.337698,2.961514,19.424190,10.000123,3.454689,2.746910,178.448341,4.777940,1.087246,0.023710,0.988079
-0.037283,0.014913,0.338887,3.207060,19.417928,10.000052,3.452961,2.721651,178.480150,4.786770,1.087270,0.023724,0.988085
-0.042001,0.014678,0.357553,3.196547,19.459748,9.999970,3.451824,2.743194,178.498223,4.781733,1.087273,0.023702,0.988068
-0.040009,0.014288,0.366184,2.829124,19.450280,10.000033,3.450457,2.736716,178.470468,4.775830,1.087186,0.023688,0.988038
-0.040665,0.015245,0.335920,2.968990,19.400295,10.000108,3.454383,2.746628,178.429887,4.761239,1.087118,0.023607,0.987960
-0.042544,0.014834,0.363623,2.519901,19.399068,10.083582,3.452625,2.729446,178.380120,4.995670,1.087087,0.024672,0.987639
-0.042310,0.015434,0.356105,2.846650,19.382482,10.083430,3.454833,2.730478,178.171733,5.027123,1.086889,0.024838,0.987763
-0.040160,0.014944,0.354823,3.274914,19.340538,10.083527,3.454874,2.762965,178.017788,4.971755,1.086637,0.024618,0.987558
-0.040619,0.014790,0.346626,3.145973,19.370723,10.083512,3.453189,2.744527,177.998339,4.958983,1.086563,0.024562,0.987478
-0.037834,0.014751,0.340452,2.866223,19.379815,10.083500,3.452863,2.744386,177.979842,4.948394,1.086518,0.024531,0.987443
-0.040892,0.015419,0.379888,2.772950,19.362237,10.083398,3.455837,2.733142,177.956456,4.927708,1.086432,0.024438,0.987358
-0.038889,0.014527,0.377791,2.437960,19.406172,10.166653,3.451881,2.730566,177.935699,5.006582,1.086414,0.024794,0.986334
-0.042474,0.014559,0.378716,2.690501,19.408447,10.083420,3.451526,2.732426,177.902224,4.905140,1.086308,0.024360,0.987261
-0.039147,0.015401,0.373285,2.677556,19.343170,10.083380,3.456214,2.742388,177.865809,4.887814,1.086186,0.024258,0.987156
-0.037168,0.014739,0.353159,3.982968,19.339328,10.083412,3.452314,2.737558,177.833178,4.873916,1.086153,0.024198,0.987079
-0.040608,0.014689,0.388286,3.073349,19.372785,10.166742,3.452152,2.743899,177.813429,5.167664,1.086106,0.025540,0.987040
-0.042250,0.015600,0.354356,2.521384,19.347623,10.166613,3.456720,2.746776,177.795821,5.152188,1.086008,0.025480,0.986984
-0.041119,0.014869,0.375560,2.802130,19.357382,10.250095,3.454141,2.732295,177.784210,5.096827,1.086026,0.025193,0.985334
-0.039075,0.014997,0.376499,2.650408,19.396527,10.166712,3.454744,2.728963,177.765836,5.132820,1.085895,0.025340,0.986852
-0.040394,0.015072,0.370517,2.808425,19.387187,10.166723,3.454598,2.737759,177.832076,5.128185,1.085884,0.025346,0.986869
-0.041114,0.014796,0.349247,3.075609,19.381173,10.083433,3.452243,2.754878,177.911593,4.828310,1.085960,0.023963,0.986874
-0.038287,0.015529,0.387222,2.547387,19.367002,10.083422,3.456400,2.719188,177.887470,4.834453,1.085942,0.023982,0.986913
-0.041133,0.015211,0.344344,2.657057,19.338035,10.166652,3.454800,2.734299,177.769461,5.111169,1.085828,0.025286,0.986798
-0.038569,0.014755,0.369872,2.284601,19.488700,10.166660,3.452588,2.750686,177.699355,5.089480,1.085737,0.025154,0.986671
-0.043038,0.015025,0.375344,2.725678,19.307143,10.166747,3.454973,2.753716,177.685679,5.090650,1.085640,0.025156,0.986678
-0.044184,0.015351,0.354614,2.765040,19.336787,10.166677,3.455844,2.732168,177.676365,5.087513,1.085612,0.025133,0.986637
-0.038928,0.015411,0.363062,2.790208,19.352755,10.166848,3.455386,2.732560,177.668490,5.052858,1.085496,0.024998,0.986533
-0.039584,0.014820,0.375110,2.698639,19.391553,10.166773,3.454252,2.744373,177.759549,5.044281,1.085518,0.024933,0.986489
-0.040292,0.015825,0.343140,2.431777,19.373305,10.166848,3.457563,2.755710,177.681767,5.069512,1.084355,0.025016,0.986563
-0.041271,0.015202,0.370575,2.699151,19.422947,10.166733,3.457543,2.766505,177.975450,5.077022,1.085687,0.025087,0.986617
-0.039632,0.015249,0.357864,3.105588,19.372522,10.083322,3.455085,2.746176,178.046896,4.777222,1.085677,0.023712,0.986640
-0.037668,0.015427,0.336236,2.701556,19.410278,10.083267,3.455040,2.752300,178.079835,4.778102,1.085713,0.023694,0.986647
-0.040278,0.014870,0.343335,3.050949,19.415440,10.083382,3.452869,2.728411,178.089112,4.772738,1.085686,0.023687,0.986645
-0.037816,0.015135,0.332356,2.967978,19.473740,10.083517,3.454238,2.745477,178.093708,4.765160,1.085664,0.023633,0.986579
-0.038191,0.014916,0.375235,2.990749,19.397882,10.083215,3.454560,2.736905,177.780345,4.759303,1.084356,0.023615,0.986558
-0.039599,0.015573,0.346884,2.497579,19.359453,10.166608,3.456147,2.751280,177.724500,5.008492,1.085281,0.024754,0.986309
-0.038957,0.015504,0.354834,2.804977,19.341093,10.166810,3.456820,2.747770,177.522090,4.954532,1.085035,0.024556,0.986058
-0.041297,0.015020,0.372555,2.916130,19.364083,10.166732,3.454166,2.752501,177.519985,4.945757,1.084965,0.024505,0.986012
-0.042172,0.015763,0.380891,2.683779,19.369262,10.166747,3.458548,2.753277,177.482568,4.926343,1.084891,0.024442,0.985921
-0.039799,0.015492,0.346297,2.810173,19.344538,10.166918,3.453838,2.741440,177.478406,4.912990,1.084813,0.024404,0.985881
-0.039417,0.015365,0.371973,2.964528,19.357335,10.166707,3.457441,2.731224,177.260278,4.903074,1.083529,0.024349,0.985835
-0.040881,0.015461,0.382222,3.300605,19.345293,10.250078,3.455344,2.750432,177.434295,5.186936,1.084661,0.025671,0.985780
-0.040156,0.015325,0.377675,2.551839,19.356693,10.249998,3.455997,2.741989,177.403982,5.185868,1.084585,0.025618,0.985724
-0.041388,0.014735,0.411527,2.701200,19.380222,10.249973,3.453145,2.726701,177.390660,5.162482,1.084491,0.025502,0.985605
-0.040139,0.015172,0.398103,3.107777,19.438587,10.249947,3.454508,2.736456,177.356345,5.141017,1.084408,0.025429,0.985520
-0.040021,0.015464,0.377514,2.613777,19.310095,10.249987,3.455419,2.740790,177.333275,5.117133,1.084275,0.025346,0.985452
-0.039240,0.015218,0.374415,3.215456,19.365132,10.250172,3.454340,2.733724,177.319396,5.106361,1.084246,0.025280,0.985403
-0.040925,0.015307,0.376234,2.655729,19.336088,10.249998,3.455187,2.727030,177.288607,5.090470,1.084154,0.025193,0.985318
-0.040323,0.015593,0.385437,2.653142,19.344798,10.249978,3.457663,2.723026,177.301989,5.079792,1.084155,0.025151,0.985277
-0.042110,0.015598,0.390632,3.130023,19.363337,10.249950,3.456599,2.737424,177.275773,5.073697,1.084150,0.025138,0.985261
-0.038829,0.015515,0.380939,2.602145,19.310212,10.249988,3.456050,2.745148,177.290234,5.060266,1.084036,0.025076,0.985199
-0.041105,0.015751,0.400592,2.542027,19.357118,10.249975,3.458874,2.745007,177.277838,5.064812,1.084016,0.025070,0.985207
-0.037167,0.015102,0.406412,3.322145,19.349075,10.249955,3.455325,2.734960,177.256838,5.045702,1.083981,0.025021,0.985119
-0.040685,0.015713,0.389704,2.561106,19.347743,10.249983,3.459186,2.752421,177.236658,5.031862,1.083855,0.024936,0.985068
-0.039676,0.015712,0.395183,2.699240,19.391367,10.250050,3.457581,2.720000,177.158186,5.009125,1.083774,0.024842,0.984959
-0.040270,0.015627,0.355616,2.411953,19.343303,10.250222,3.457088,2.730191,177.163330,5.000523,1.083723,0.024798,0.984904
-0.039097,0.015750,0.385114,2.659990,19.346513,10.250183,3.458309,2.732282,177.222347,4.998675,1.083726,0.024779,0.984915
-0.042520,0.015623,0.387768,2.782305,19.443778,10.250105,3.457121,2.726736,177.270496,4.996953,1.083780,0.024777,0.984910
-0.040784,0.015060,0.399472,2.861711,19.344093,10.249947,3.454004,2.734713,177.302682,4.985416,1.083741,0.024693,0.984836
-0.043153,0.015285,0.334559,2.618883,19.326177,10.249947,3.455186,2.750639,177.326003,5.003442,1.083751,0.024789,0.984930
-0.039018,0.015317,0.376995,3.384702,19.346855,10.250080,3.457052,2.749131,177.313074,4.993792,1.083687,0.024718,0.984869
-0.038376,0.015683,0.385562,2.372567,19.336928,10.250082,3.458482,2.740430,177.294889,4.984899,1.083623,0.024677,0.984835
-0.041007,0.015043,0.380334,2.219420,19.363990,10.250110,3.454140,2.741476,177.313022,4.975717,1.083660,0.024644,0.984798
-0.039531,0.015072,0.400823,2.445622,19.324853,10.250008,3.454606,2.736986,177.139162,4.956797,1.083498,0.024570,0.984728
-0.043095,0.014937,0.405948,3.065778,19.329235,10.333298,3.455422,2.745842,176.999178,5.160014,1.083291,0.025505,0.984202
-0.043299,0.016036,0.394931,2.871364,19.363088,10.333378,3.459265,2.744229,176.994714,5.207273,1.083223,0.025742,0.984434
-0.043620,0.016018,0.382710,2.686352,19.328212,10.333338,3.460862,2.737642,176.960022,5.194807,1.083131,0.025676,0.984363
-0.045012,0.016235,0.378228,3.208930,19.313328,10.333325,3.460027,2.738181,176.958031,5.180197,1.083063,0.025607,0.984306
-0.041872,0.015413,0.387612,2.658425,19.331597,10.333408,3.455971,2.744690,176.947450,5.160505,1.083013,0.025525,0.984240
-0.045234,0.015377,0.382666,2.608986,19.355772,10.333492,3.456766,2.737453,176.908209,5.158296,1.082935,0.025496,0.984203
-0.041935,0.015903,0.368996,2.501491,19.489527,10.333300,3.459143,2.727313,176.892344,5.072187,1.082972,0.025164,0.983879
-0.037663,0.015790,0.382793,2.612316,19.327703,10.333370,3.457904,2.741179,176.867809,5.134034,1.082815,0.025412,0.984123
-0.043247,0.015835,0.382433,2.441842,19.300782,10.333355,3.459413,2.760346,176.837437,5.107721,1.082722,0.025306,0.984025
-0.039128,0.015330,0.388649,2.518513,19.308478,10.333472,3.456904,2.731705,176.834320,5.089392,1.082653,0.025216,0.983932
-0.040818,0.015660,0.380324,2.692704,19.313405,10.333397,3.456042,2.729437,176.807553,5.078505,1.082602,0.025176,0.983885
-0.041988,0.015457,0.404323,2.379448,19.303918,10.333418,3.457544,2.730430,176.873694,5.062831,1.082541,0.025119,0.983818
-0.040050,0.015544,0.377641,2.587908,19.371250,10.333392,3.456257,2.729824,177.323078,4.925920,1.082909,0.024406,0.983152
-0.038509,0.015234,0.371899,2.823094,19.384235,10.250083,3.453868,2.745894,177.683893,4.905875,1.083265,0.024254,0.984444
-0.038007,0.015062,0.351165,2.685037,19.409880,10.250030,3.453449,2.740384,177.811351,4.947945,1.083446,0.024429,0.984643
-0.039696,0.015587,0.374993,2.844042,19.402332,10.250028,3.457249,2.729425,177.775051,4.941436,1.083390,0.024392,0.984617
-0.042127,0.015296,0.364499,3.373642,19.458538,10.250222,3.454822,2.742970,177.707509,4.936189,1.083328,0.024356,0.984552
-0.037572,0.015335,0.360529,3.045337,19.392725,10.250083,3.457281,2.748149,177.660701,4.914756,1.083200,0.024261,0.984477
-0.039565,0.016111,0.397077,2.352803,19.391038,10.333443,3.456982,2.741525,177.649425,4.835476,1.083167,0.023944,0.982807
-0.042272,0.015175,0.373089,2.658283,19.407470,10.250058,3.455035,2.736486,177.777913,4.901557,1.083164,0.024170,0.984390
-0.038061,0.015461,0.362640,2.502556,19.465630,10.166720,3.455493,2.732851,178.029058,4.615749,1.083332,0.022887,0.984545
-0.040268,0.015092,0.341816,2.766733,19.522420,10.166882,3.453526,2.732409,178.229101,4.651460,1.083508,0.023008,0.984697
-0.040028,0.014646,0.333703,2.570472,19.483107,10.166683,3.450801,2.752159,178.386364,4.685587,1.083672,0.023111,0.984828
-0.040116,0.015021,0.341156,2.367028,19.604268,10.166842,3.453031,2.746539,178.509000,4.710932,1.083783,0.023223,0.984931
-0.036546,0.015092,0.351549,3.101486,19.531023,10.083363,3.452998,2.741056,178.589544,4.418449,1.083784,0.021893,0.985014
-0.038042,0.015230,0.338615,2.666446,19.541142,10.083315,3.453185,2.756739,178.606779,4.415485,1.083777,0.021864,0.984969
-0.037802,0.015105,0.351982,3.217562,19.645257,10.083275,3.452341,2.752906,178.599577,4.406153,1.083782,0.021837,0.984935
-0.038259,0.015440,0.327139,2.750819,19.563343,10.166722,3.453946,2.744775,178.498535,4.701123,1.083680,0.023171,0.984871
-0.036705,0.015049,0.330140,2.833383,19.504812,10.166742,3.453515,2.741939,178.221891,4.654148,1.083399,0.022961,0.984667
-0.038730,0.014757,0.367504,2.872402,19.457957,10.166707,3.452727,2.734566,177.742434,4.583724,1.081837,0.022688,0.984354
-0.041486,0.015227,0.384685,2.715055,19.409787,10.250082,3.452848,2.738619,177.703177,4.834093,1.082750,0.023835,0.984099
-0.039865,0.015734,0.375633,2.539837,19.340083,10.250073,3.458533,2.754867,176.539025,4.768369,1.082532,0.023613,0.983849
-0.036250,0.015366,0.368572,2.954517,19.417885,10.250048,3.456778,2.734762,177.452657,4.737636,1.082406,0.023488,0.983713
-0.036113,0.016183,0.372402,2.520560,19.426000,10.250188,3.457798,2.747961,177.394605,4.723185,1.082282,0.023432,0.983613
-0.041195,0.015408,0.394466,2.560535,19.396337,10.333392,3.454508,2.741196,177.360126,5.012548,1.082181,0.024739,0.983519
-0.042830,0.016139,0.379844,3.747950,19.337095,10.333378,3.459281,2.738544,177.137973,4.990853,1.080871,0.024652,0.983443
-0.041828,0.015786,0.370233,2.926980,19.383962,10.333233,3.456875,2.733097,177.330179,4.978646,1.082047,0.024595,0.983404
-0.042423,0.016001,0.380230,2.560218,19.409108,10.333337,3.458249,2.735222,177.330058,4.969821,1.082008,0.024519,0.983318
-0.040086,0.015722,0.396908,2.137771,19.374720,10.333515,3.456574,2.726854,177.329512,4.958181,1.081931,0.024462,0.983281
-0.039965,0.015360,0.381805,3.043572,19.381472,10.333538,3.456524,2.749850,177.293545,4.941336,1.081852,0.024381,0.983202
-0.039635,0.015398,0.371925,2.562235,19.446443,10.333315,3.454930,2.740823,177.289227,4.917908,1.081778,0.024311,0.983119
-0.040439,0.015281,0.376492,2.582658,19.413713,10.333497,3.454350,2.728141,177.153815,4.917963,1.080523,0.024282,0.983090
-0.044817,0.015847,0.376007,2.471970,19.394085,10.333560,3.456464,2.740240,177.413752,4.926509,1.081816,0.024312,0.983124
-0.039624,0.014819,0.389519,3.060625,19.396537,10.333372,3.453187,2.720275,177.358067,4.913491,1.081723,0.024247,0.983077
-0.038938,0.015589,0.389246,2.494366,19.455910,10.333433,3.457485,2.749754,177.260257,4.879213,1.081595,0.024125,0.982936
-0.039398,0.016343,0.340867,2.933753,19.376057,10.333342,3.462642,2.753149,177.190443,4.854008,1.081444,0.024028,0.982842
-0.037713,0.015974,0.385494,2.850560,19.412893,10.333377,3.458134,2.750077,177.135871,4.832609,1.081353,0.023926,0.982729
-0.038476,0.015740,0.381133,2.809163,19.364410,10.333450,3.459036,2.731162,177.131707,4.814554,1.081203,0.023862,0.982650
-0.040872,0.015948,0.380452,2.758419,19.373073,10.333498,3.459140,2.750689,177.303004,4.823624,1.081282,0.023854,0.982670
-0.039523,0.015797,0.384630,2.655503,19.411870,10.333473,3.457789,2.742607,177.477886,4.846227,1.081408,0.023926,0.982775
-0.039724,0.015900,0.354252,3.270276,19.445895,10.333593,3.458481,2.746633,177.634080,4.870485,1.081513,0.024033,0.982886
-0.038297,0.015798,0.376995,2.946611,19.403657,10.250212,3.455775,2.742214,177.713214,4.571372,1.081531,0.022672,0.982920
-0.036848,0.015397,0.382269,2.282524,19.410358,10.250012,3.454455,2.736526,177.787522,4.574976,1.081553,0.022650,0.982926
-0.036253,0.014989,0.361739,3.289922,19.483260,10.250080,3.452854,2.731691,177.839530,4.574903,1.081584,0.022621,0.982925
-0.035499,0.015643,0.354018,2.694995,19.437603,10.250095,3.456047,2.737830,177.866976,4.574893,1.081568,0.022632,0.982926
-0.036391,0.015315,0.369671,2.898252,19.446255,10.250108,3.452882,2.746047,177.891241,4.573714,1.081574,0.022609,0.982915
-0.034945,0.015316,0.350564,3.123876,19.413990,10.249990,3.453398,2.740168,177.725920,4.559498,1.081451,0.022561,0.982851
-0.038532,0.015139,0.386287,2.640912,19.460763,10.333368,3.455099,2.736206,177.463616,4.809804,1.081150,0.023704,0.982571
-0.037258,0.015706,0.399999,2.726771,19.404722,10.333280,3.457283,2.724043,177.259257,4.738293,1.080880,0.023462,0.982305
-0.043795,0.016320,0.400893,2.843009,19.354177,10.416835,3.459299,2.736451,177.122790,4.955651,1.080666,0.024478,0.981883
-0.039896,0.015703,0.377477,2.677871,19.435473,10.416660,3.456486,2.738618,177.023753,4.977945,1.080530,0.024563,0.981972
-0.044931,0.015723,0.394894,2.415198,19.382505,10.416622,3.454788,2.734337,176.960648,4.956575,1.080395,0.024463,0.981863
-0.040613,0.015510,0.392069,2.506351,19.393575,10.416848,3.455582,2.743065,176.918143,4.938587,1.080294,0.024398,0.981805
-0.040648,0.015913,0.395243,2.521384,19.369205,10.416643,3.457900,2.739063,176.891238,4.919336,1.080200,0.024308,0.981721
-0.037128,0.015727,0.387677,2.537481,19.399843,10.416757,3.457714,2.733880,176.884295,4.896236,1.080124,0.024216,0.981634
-0.040230,0.016175,0.379500,2.484783,19.485670,10.416705,3.459441,2.741129,176.904033,4.826640,1.080119,0.023902,0.981320
-0.037154,0.015495,0.398429,2.374269,19.313413,10.416755,3.455562,2.733655,176.911081,4.885400,1.079991,0.024164,0.981605
-0.039404,0.015763,0.403074,2.633764,19.378572,10.416743,3.456933,2.741097,176.914878,4.865948,1.079958,0.024053,0.981491
-0.039657,0.016033,0.395067,2.818325,19.340663,10.416877,3.458347,2.747410,176.920984,4.847735,1.079898,0.023991,0.981449
-0.038742,0.015335,0.392661,2.346617,19.350050,10.416822,3.455589,2.720652,176.974527,4.837904,1.079874,0.023943,0.981387
-0.038996,0.015947,0.393435,2.489580,19.342590,10.416785,3.457026,2.746735,177.065312,4.845393,1.079910,0.023963,0.981404
-0.039713,0.016041,0.399472,3.047234,19.348055,10.416805,3.458438,2.728600,177.065575,4.787480,1.079899,0.023680,0.981129
-0.038469,0.015558,0.410068,2.622327,19.354357,10.416758,3.456719,2.742183,176.977504,4.818361,1.079781,0.023843,0.981312
-0.040745,0.016144,0.412582,2.506554,19.406870,10.416810,3.458222,2.736313,176.869096,4.791951,1.079649,0.023744,0.981170
-0.036373,0.016761,0.402003,2.736620,19.334362,10.416777,3.464265,2.747757,176.761537,4.767948,1.079460,0.023640,0.981028
-0.040035,0.016402,0.390988,2.726897,19.350133,10.499707,3.460620,2.729782,176.691482,5.043100,1.079316,0.024923,0.980911
-0.041851,0.016381,0.409663,2.330128,19.359918,10.500097,3.459395,2.723002,176.739660,5.029770,1.079224,0.024842,0.980818
-0.041777,0.015812,0.403640,2.553365,19.328558,10.500157,3.456454,2.742813,176.943579,4.826592,1.079358,0.023879,0.979923
-0.040063,0.016050,0.389439,2.322965,19.385905,10.416663,3.458948,2.736299,177.128071,4.758853,1.079441,0.023558,0.981010
-0.036747,0.015691,0.404877,2.591784,19.380453,10.416682,3.454810,2.738184,177.258448,4.782161,1.079525,0.023603,0.981095
-0.040044,0.016026,0.390224,1.964996,19.389490,10.416730,3.456633,2.736692,177.345115,4.789361,1.079548,0.023638,0.981126
-0.038082,0.015687,0.399830,2.653958,19.429797,10.416772,3.457386,2.743838,177.405476,4.799147,1.079569,0.023651,0.981133
-0.039558,0.015609,0.389282,2.474369,19.413760,10.416155,3.455754,2.743140,177.433417,4.793123,1.079550,0.023628,0.981126
-0.036361,0.015811,0.390746,2.561608,19.436922,10.499933,3.455905,2.752553,177.439253,4.737515,1.079558,0.023348,0.979495
-0.035635,0.015580,0.383403,2.293159,19.398535,10.416678,3.455739,2.735288,177.398196,4.772510,1.079495,0.023547,0.981040
-0.037332,0.015457,0.397202,2.863410,19.398393,10.416777,3.456303,2.730974,177.121004,4.728814,1.079183,0.023347,0.980858
-0.035874,0.015959,0.383498,2.655938,19.418057,10.416715,3.457633,2.740086,176.876134,4.671889,1.078922,0.023124,0.980570
-0.037763,0.016499,0.390482,3.098438,19.324970,10.499962,3.460325,2.744649,176.690370,4.927352,1.078638,0.024305,0.980338
-0.038283,0.015867,0.402059,2.441448,19.332572,10.500132,3.458347,2.738256,176.576119,4.882402,1.078439,0.024134,0.980166
-0.039690,0.016484,0.404926,2.959278,19.338493,10.500080,3.460864,2.753372,176.515771,4.851379,1.078338,0.024025,0.980056
-0.041248,0.016444,0.389220,2.647292,19.291368,10.499950,3.460621,2.744410,176.454516,4.832928,1.078197,0.023928,0.979945
-0.038262,0.015510,0.412784,2.378477,19.340127,10.500128,3.457468,2.742806,176.422611,4.810825,1.078143,0.023848,0.979870
-0.038399,0.016046,0.409706,2.053549,19.325938,10.500070,3.457554,2.748345,176.402052,4.794607,1.078060,0.023780,0.979801
-0.036822,0.016420,0.401821,3.159111,19.267988,10.500030,3.461518,2.724365,176.395817,4.783410,1.077974,0.023730,0.979723
-0.039389,0.016401,0.385536,3.209183,19.299785,10.500085,3.460904,2.733265,176.233559,4.768427,1.076700,0.023649,0.979653
-0.036204,0.015970,0.388921,2.360235,19.344598,10.500068,3.459653,2.732181,176.462778,4.757663,1.077890,0.023605,0.979603
-0.038891,0.015998,0.412609,3.040609,19.364342,10.500137,3.457696,2.736225,176.467929,4.753949,1.077849,0.023567,0.979584
-0.036736,0.016093,0.404439,2.478253,19.315315,10.500075,3.458499,2.738068,176.523862,4.742319,1.077775,0.023512,0.979527
-0.036860,0.016200,0.392712,2.519601,19.335485,10.500203,3.459336,2.728335,176.614055,4.730984,1.077818,0.023455,0.979513
-0.038703,0.016288,0.401842,2.748471,19.371387,10.499975,3.460411,2.733008,176.697066,4.748199,1.077846,0.023477,0.979542
-0.034867,0.015640,0.401646,2.489759,19.330195,10.499903,3.458425,2.736201,176.438814,4.729174,1.076564,0.023419,0.979497
-0.036450,0.016448,0.401747,2.512609,19.320803,10.499912,3.459639,2.733604,176.521951,4.705563,1.077613,0.023327,0.979357
-0.037558,0.016151,0.406559,2.473511,19.358053,10.583418,3.459638,2.739667,176.398266,4.983311,1.077481,0.024593,0.979214
-0.040191,0.015996,0.391782,2.262797,19.345718,10.583433,3.456814,2.729988,176.289888,4.946155,1.077292,0.024451,0.979080
-0.038272,0.016536,0.386896,2.791852,19.359133,10.583417,3.460331,2.748395,176.227747,4.914999,1.077117,0.024320,0.978955
-0.039490,0.016377,0.400261,3.350153,19.369105,10.583375,3.462343,2.730439,176.357700,4.901417,1.077122,0.024270,0.978901
-0.039238,0.016378,0.398882,3.043098,19.329095,10.583243,3.458960,2.743516,176.354362,4.942474,1.076015,0.024368,0.979020
-0.036071,0.015643,0.394599,2.480166,19.348872,10.500052,3.455805,2.726580,176.722575,4.648669,1.077335,0.023030,0.979095
-0.037521,0.016312,0.376902,3.094818,19.385652,10.500038,3.459030,2.728983,176.830246,4.649833,1.077380,0.023014,0.979115
-0.039797,0.015917,0.361774,2.172457,19.400945,10.500197,3.458109,2.731171,176.903079,4.659693,1.077395,0.023029,0.979152
-0.036864,0.015914,0.405334,2.142715,19.410468,10.500102,3.456532,2.732380,176.913672,4.641786,1.077360,0.022965,0.979114
-0.037459,0.016633,0.381962,2.412997,19.399052,10.500095,3.460826,2.745028,176.924746,4.639415,1.077298,0.022936,0.979069
-0.037761,0.015613,0.393599,3.075468,19.358928,10.499987,3.455381,2.725131,176.874433,4.629136,1.077215,0.022883,0.979001
-0.039180,0.016038,0.376150,2.685345,19.407173,10.500080,3.458159,2.737483,176.718688,4.606592,1.077079,0.022786,0.978874
-0.039222,0.016125,0.406437,2.585900,19.377833,10.583353,3.459862,2.728626,176.450444,4.848168,1.076767,0.023958,0.978641
-0.037886,0.016530,0.382119,2.546919,19.302892,10.583590,3.458730,2.743897,176.245801,4.785626,1.076489,0.023736,0.978400
-0.038608,0.016537,0.402803,2.349268,19.343855,10.666578,3.459744,2.735941,176.109733,5.054657,1.076302,0.025000,0.978211
-0.037856,0.016436,0.416549,2.535269,19.328092,10.666755,3.459763,2.731868,176.000684,5.027476,1.076125,0.024825,0.978037
-0.043038,0.016164,0.433650,2.471570,19.287402,10.666810,3.459613,2.733514,175.955155,4.995943,1.076004,0.024715,0.977925
-0.037178,0.016235,0.409708,2.662324,19.281953,10.666728,3.460243,2.735408,175.927198,4.975920,1.075883,0.024615,0.977833
-0.040734,0.016341,0.391361,2.129532,19.320723,10.666715,3.459046,2.743890,175.907958,4.949989,1.075796,0.024506,0.977755
-0.038792,0.016691,0.419325,2.229896,19.276302,10.666728,3.460461,2.728709,175.921898,4.939439,1.075734,0.024452,0.977685
-0.037312,0.016512,0.386196,2.836928,19.302857,10.666822,3.459008,2.719489,175.892604,4.930657,1.075662,0.024384,0.977631
-0.037295,0.016026,0.401850,2.469319,19.244420,10.666805,3.458054,2.734217,175.892080,4.917222,1.075560,0.024309,0.977545
-0.036992,0.016111,0.422166,3.682719,19.256313,10.666727,3.459824,2.743587,175.898786,4.890479,1.075535,0.024190,0.977431
-0.039264,0.016091,0.429106,2.556817,19.281303,10.666787,3.460378,2.739422,175.909928,4.892839,1.075464,0.024207,0.977450
-0.037358,0.016247,0.407516,2.380275,19.285110,10.666635,3.460133,2.740042,175.977726,4.879848,1.075427,0.024146,0.977397
-0.038327,0.015591,0.421303,2.396897,19.346612,10.666830,3.457231,2.738660,176.098415,4.888405,1.075482,0.024152,0.977442
-0.037734,0.016557,0.395459,2.431729,19.334807,10.666872,3.460141,2.731219,176.097807,4.886003,1.075469,0.024146,0.977428
-0.039077,0.016245,0.397866,2.954103,19.278725,10.666677,3.458866,2.740798,175.960859,4.852651,1.075298,0.024020,0.977279
-0.035474,0.016215,0.403796,2.467543,19.292337,10.666690,3.457127,2.737163,175.846143,4.767086,1.075180,0.023646,0.976885
-0.037495,0.016786,0.405895,2.488878,19.269510,10.666737,3.460929,2.731077,175.776509,4.793484,1.074993,0.023775,0.977014
-0.040701,0.016910,0.426869,2.541728,19.276453,10.749978,3.461541,2.736191,175.719806,5.073036,1.074894,0.025086,0.976895
-0.040631,0.016538,0.409286,2.522176,19.320298,10.750027,3.460615,2.748754,175.748433,5.064377,1.074802,0.025005,0.976824
-0.035194,0.016497,0.420144,2.560804,19.293572,10.666717,3.459824,2.732782,175.882092,4.759953,1.074813,0.023591,0.976827
-0.038009,0.015855,0.424751,2.371331,19.303407,10.666775,3.458317,2.731445,176.012980,4.767876,1.074889,0.023600,0.976878
-0.038176,0.016480,0.415711,2.429552,19.314192,10.666730,3.459008,2.730322,176.086489,4.710543,1.074892,0.023328,0.976611
-0.038838,0.016350,0.384150,3.062450,19.319937,10.666707,3.458114,2.723090,176.151098,4.762026,1.074865,0.023556,0.976869
-0.038010,0.016232,0.375974,4.385837,19.324213,10.666717,3.457220,2.721656,176.187169,4.758246,1.074818,0.023512,0.976828
-0.037353,0.016593,0.385257,2.666173,19.374278,10.666675,3.462797,2.745313,176.201156,4.740370,1.074777,0.023422,0.976736
-0.040923,0.016472,0.389328,2.038727,19.359763,10.666913,3.458798,2.740753,176.196439,4.733140,1.074704,0.023415,0.976728
-0.034011,0.015738,0.398707,2.574213,19.353160,10.666707,3.455997,2.733014,176.192588,4.723255,1.074671,0.023337,0.976664
-0.034709,0.016601,0.415448,2.729134,19.313182,10.750143,3.459111,2.737118,176.022192,4.776444,1.074521,0.023638,0.975563
-0.038705,0.015999,0.427320,2.454743,19.354215,10.750117,3.457099,2.729900,175.799246,4.952389,1.074258,0.024444,0.976301
-0.038355,0.016758,0.415658,2.415770,19.289463,10.750038,3.463003,2.722506,175.657779,4.899974,1.074006,0.024236,0.976093
-0.037622,0.016797,0.430677,2.451371,19.329025,10.750077,3.461107,2.714882,175.554440,4.865737,1.073858,0.024077,0.975964
-0.036503,0.016893,0.433909,2.253134,19.284448,10.750093,3.462854,2.738215,175.493333,4.844049,1.073692,0.024001,0.975819
-0.039047,0.016814,0.427902,2.572799,19.334730,10.833243,3.461066,2.726143,175.460850,5.115359,1.073598,0.025311,0.975729
-0.042342,0.016698,0.427915,2.650295,19.292848,10.833330,3.460126,2.734142,175.438713,4.884954,1.073507,0.024207,0.974629
-0.039856,0.016779,0.433013,2.443063,19.289103,10.833297,3.460971,2.738310,175.412549,5.087255,1.073391,0.025134,0.975551
-0.041996,0.016728,0.385084,2.570583,19.312193,10.833370,3.458391,2.731045,175.383469,5.065103,1.073301,0.025025,0.975452
-0.038469,0.016265,0.377012,2.652637,19.281075,10.833442,3.458924,2.721920,175.340791,5.044195,1.073180,0.024922,0.975368
-0.038232,0.016757,0.419559,2.652101,19.251562,10.833392,3.461054,2.726603,175.309020,5.025956,1.073095,0.024839,0.975264
-0.037872,0.016355,0.411264,2.346761,19.296967,10.555047,3.460526,2.731180,175.268554,4.972582,1.072866,0.024619,0.975059
-0.039938,0.017257,0.406803,2.295554,19.271037,10.916628,3.464178,2.726056,175.267876,4.919593,1.072913,0.024411,0.973452
-0.036882,0.016725,0.445593,2.589464,19.270805,10.833378,3.463243,2.725278,175.242357,4.957683,1.072790,0.024561,0.974991
-0.039442,0.016479,0.437255,2.037820,19.276938,10.833313,3.460195,2.731781,175.208264,4.936733,1.072670,0.024468,0.974900
-0.039708,0.016294,0.406482,2.559597,19.320613,10.833325,3.461066,2.718513,175.210453,4.923830,1.072605,0.024396,0.974818
-0.037100,0.017148,0.439386,3.334455,19.308513,10.833325,3.462006,2.735357,175.178122,4.905196,1.072509,0.024319,0.974734
-0.041056,0.016757,0.420532,2.349723,19.257988,10.463863,3.461358,2.733698,175.120810,4.852398,1.072220,0.024074,0.974497
-0.038291,0.017444,0.420590,2.547625,19.301450,10.916812,3.465828,2.727563,175.101015,5.158554,1.072281,0.025544,0.974535
-0.038467,0.017284,0.438877,2.762148,19.328758,10.916712,3.465721,2.716731,175.073275,5.149283,1.072182,0.025460,0.974455
-0.035302,0.017182,0.424181,2.407301,19.280783,10.833555,3.464084,2.739572,175.267990,4.851327,1.072201,0.024037,0.974456
-0.036253,0.016362,0.426877,2.741061,19.314737,10.833400,3.458710,2.733504,175.520281,4.861204,1.072339,0.024063,0.974548
-0.038875,0.017181,0.436664,2.205727,19.403942,10.833472,3.460926,2.741302,175.742330,4.900120,1.072498,0.024177,0.974669
-0.034575,0.016663,0.417992,2.601364,19.307535,10.750158,3.460520,2.729653,175.743123,4.615055,1.071344,0.022873,0.974793
-0.035192,0.016185,0.383319,2.417935,19.492827,10.750060,3.457459,2.714777,176.057269,4.622355,1.072695,0.022853,0.974826
-0.036064,0.016363,0.415934,2.267500,19.449270,10.750025,3.457233,2.720810,176.147252,4.639459,1.072681,0.022903,0.974899
-0.038527,0.016601,0.403300,2.666271,19.361990,10.750065,3.459147,2.743936,176.181367,4.635341,1.072624,0.022858,0.974867
-0.037510,0.016097,0.410034,2.578149,19.380467,10.475410,3.457055,2.730216,176.161514,4.600746,1.072492,0.022701,0.974705
-0.036816,0.016822,0.408160,3.474694,19.396447,10.733880,3.459200,2.731000,176.048025,4.592619,1.072488,0.022702,0.974687
-0.039045,0.016548,0.422092,2.491014,19.383878,10.583057,3.460826,2.741103,175.509937,4.827962,1.070861,0.023830,0.974352
-0.036597,0.017003,0.416046,2.402848,19.348333,10.833470,3.463181,2.717997,175.422393,4.765329,1.071832,0.023605,0.974111
-0.039807,0.016863,0.449442,2.315275,19.318085,10.916392,3.461159,2.737815,175.199168,5.027029,1.071528,0.024810,0.973854
-0.040286,0.016964,0.439043,2.500196,19.272978,10.804697,3.462861,2.718414,175.081325,4.969985,1.071289,0.024558,0.973636
-0.035840,0.016762,0.447473,2.654704,19.383683,10.916660,3.461320,2.728397,175.021214,4.943355,1.071205,0.024459,0.973539
-0.036859,0.016578,0.440541,2.269857,19.256888,10.624447,3.459475,2.720781,174.951715,4.894910,1.070905,0.024248,0.973309
-0.046294,0.016665,0.412416,2.687034,19.279917,9.565247,3.461293,2.726048,174.310936,4.769978,1.069026,0.023624,0.972718
-0.039177,0.017046,0.465258,2.150035,19.307498,11.083420,3.463706,2.730625,173.929178,5.310882,1.069984,0.026296,0.972426
-0.040551,0.017807,0.434033,2.260405,19.614265,11.166805,3.469290,2.708028,172.925214,5.500713,1.069421,0.027256,0.971910
-0.045979,0.019253,0.556313,1.864438,19.961668,11.500053,3.474761,2.678461,171.137975,6.309470,1.067473,0.031364,0.970105
-0.043982,0.017846,0.529764,2.117911,19.449430,11.333440,3.469864,2.719500,173.528500,5.919891,1.068612,0.029471,0.971107
-0.036057,0.017837,0.471468,2.068721,19.584428,11.166718,3.465523,2.713860,172.760934,5.351572,1.068754,0.026617,0.971269
-0.039455,0.017130,0.454438,2.393505,19.498835,11.083465,3.463379,2.710021,173.727858,5.230646,1.068320,0.025880,0.972050
-0.041267,0.017380,0.448464,2.256202,19.541130,11.166740,3.465177,2.727823,173.646494,5.444572,1.069153,0.026937,0.971650
-0.039701,0.017878,0.466837,2.310410,19.529510,11.166828,3.468633,2.716766,173.617671,5.410356,1.069017,0.026806,0.971496
-0.041060,0.017681,0.475472,2.103663,19.527205,11.166743,3.466700,2.701646,173.643099,5.397277,1.068949,0.026765,0.971446
-0.038157,0.017856,0.473071,2.506246,19.518302,11.166740,3.467523,2.711260,173.641852,5.381431,1.068862,0.026695,0.971397
-0.039741,0.017507,0.490287,2.105642,19.572005,11.166780,3.465987,2.723773,173.659055,5.369912,1.068798,0.026631,0.971332
-0.039470,0.017311,0.487602,2.070902,19.612833,11.166827,3.465345,2.712438,173.625534,5.349411,1.068706,0.026572,0.971246
-0.036580,0.017908,0.506536,2.135265,19.584182,11.166770,3.467769,2.707056,173.566896,5.333244,1.068514,0.026455,0.971141
-0.038466,0.017691,0.494654,2.263073,19.584328,11.166625,3.467193,2.733387,173.620580,5.308947,1.068471,0.026363,0.971056
-0.037275,0.017751,0.501526,2.112590,19.574392,11.106843,3.464935,2.709616,173.745815,5.305387,1.068468,0.026327,0.971055
-0.038546,0.017886,0.458760,2.505185,19.606168,11.166727,3.467066,2.711323,173.849337,5.321428,1.068523,0.026350,0.971076
-0.038572,0.017574,0.447443,2.577310,19.499005,11.166832,3.464097,2.718949,173.941685,5.327173,1.068490,0.026371,0.971111
-0.037898,0.017330,0.442387,2.126459,19.604130,11.166932,3.462445,2.700045,173.996658,5.290787,1.068502,0.026190,0.970961
-0.036346,0.017609,0.437353,2.152065,19.524708,11.166858,3.464873,2.716471,174.029529,5.305514,1.068398,0.026238,0.970985
-0.042283,0.017951,0.472340,2.332630,19.543740,11.166732,3.466405,2.718695,174.076890,5.290572,1.068370,0.026183,0.970939
-0.039931,0.018204,0.448882,2.240716,19.529243,11.166867,3.467854,2.734055,174.095672,5.283383,1.068350,0.026141,0.970925
-0.040495,0.017708,0.452729,2.245868,19.646410,11.166805,3.465918,2.703481,173.889239,5.258736,1.068192,0.026020,0.970788
-0.038233,0.018113,0.459716,2.433880,19.610782,11.166920,3.466854,2.713506,173.602380,5.190898,1.067844,0.025788,0.970506
-0.039075,0.018345,0.490541,2.423387,19.609948,11.220805,3.469376,2.705696,173.376488,5.373341,1.067539,0.026658,0.969949
-0.039888,0.017654,0.452826,2.229109,19.509900,11.250077,3.465064,2.711477,173.277715,5.387440,1.067305,0.026747,0.970028
-0.039579,0.017876,0.491313,2.529788,19.511472,11.249997,3.465979,2.713754,173.256119,5.357241,1.067179,0.026615,0.969898
-0.039044,0.018027,0.483134,2.251016,19.526485,11.250117,3.468524,2.706383,173.225354,5.338043,1.067085,0.026525,0.969802
-0.039148,0.018004,0.468707,2.291570,19.531455,11.250000,3.466841,2.717499,173.214428,5.319425,1.066978,0.026416,0.969703
-0.042419,0.018596,0.494509,2.390906,19.547793,11.333378,3.469392,2.727391,173.178591,5.598727,1.066868,0.027753,0.969594
-0.039063,0.018183,0.503303,2.029807,19.608970,11.333387,3.466990,2.718292,173.166336,5.370437,1.066796,0.026659,0.968542
-0.038009,0.018075,0.478270,2.254977,19.537460,11.333340,3.468604,2.712471,173.136775,5.559642,1.066643,0.027553,0.969424
-0.041800,0.018774,0.475048,2.182137,19.595182,11.333282,3.470918,2.715806,173.128920,5.536418,1.066545,0.027414,0.969286
-0.037521,0.017827,0.513097,2.280015,19.559585,11.333447,3.465811,2.708618,173.119862,5.520752,1.066433,0.027339,0.969216
-0.039698,0.017882,0.510882,2.038300,19.593733,11.333442,3.465311,2.721165,173.138940,5.504182,1.066364,0.027245,0.969121
-0.040128,0.018379,0.506903,2.312665,19.600273,11.333242,3.468866,2.712150,173.184442,5.482555,1.066290,0.027146,0.969062
-0.043195,0.018295,0.499982,2.107027,19.531658,11.400155,3.468998,2.715594,173.218698,5.418133,1.066264,0.026861,0.967380
-0.044215,0.018000,0.482614,2.310215,19.550807,11.201038,3.466979,2.703393,173.133495,5.440457,1.066058,0.026944,0.968865
-0.038841,0.017934,0.497441,1.934677,19.574860,11.333377,3.467099,2.700587,173.034921,5.402116,1.065932,0.026827,0.968727
-0.038729,0.018377,0.480806,2.068396,19.572953,11.333360,3.469855,2.720963,173.018971,5.392258,1.065855,0.026767,0.968656
-0.041180,0.017991,0.475871,2.277632,19.572582,11.024923,3.466773,2.705688,172.997345,5.342094,1.065629,0.026542,0.968437
-0.037785,0.018224,0.476559,2.098470,19.622627,11.333365,3.468157,2.703249,172.975308,5.346409,1.065603,0.026560,0.968442
-0.039391,0.018087,0.491088,2.233927,19.603275,11.052765,3.468625,2.703920,172.968636,5.591787,1.065340,0.027726,0.968194
-0.038123,0.017938,0.508076,2.244823,19.507693,11.333462,3.465217,2.698644,173.077504,5.303897,1.065391,0.026365,0.968265
-0.037023,0.018034,0.507140,2.309004,19.537742,11.333348,3.466192,2.702963,173.176362,5.299331,1.065399,0.026288,0.968218
-0.037713,0.018179,0.504969,2.240182,19.505773,11.333338,3.468731,2.719006,173.239606,5.290867,1.065356,0.026257,0.968203
-0.045554,0.018090,0.495079,2.306759,19.475935,9.956735,3.467464,2.713003,173.237096,5.158093,1.064759,0.025603,0.967616
-0.038037,0.017956,0.459095,2.009681,19.526570,11.333365,3.467082,2.718327,173.251379,5.259330,1.064849,0.026099,0.968052
-0.040650,0.017813,0.490913,2.323394,19.588500,11.184115,3.464730,2.718581,173.214734,5.232841,1.065017,0.025958,0.967896
-0.040333,0.018070,0.491093,2.378345,19.664667,11.416673,3.468234,2.702712,173.163290,5.514754,1.064960,0.027314,0.967808
-0.041157,0.018300,0.480127,2.065402,19.584993,11.001782,3.468101,2.707091,173.021584,5.460971,1.064657,0.027034,0.967545
-0.038859,0.018069,0.489227,2.110086,19.614947,11.416792,3.466386,2.724852,172.768766,5.424527,1.064475,0.026906,0.967422
-0.039982,0.018595,0.505618,1.947009,19.599703,11.416660,3.468527,2.695553,172.683334,5.399067,1.064275,0.026789,0.967272
-0.041727,0.018699,0.525702,2.064243,19.615398,11.500182,3.468302,2.712663,172.459891,5.673552,1.062930,0.028121,0.967152
-0.040171,0.018451,0.510876,2.060372,19.569597,11.499713,3.468256,2.703138,172.614794,5.635895,1.063973,0.027964,0.967034
-0.040276,0.018754,0.507925,2.109464,19.561137,11.251897,3.470010,2.701079,172.597963,5.591793,1.063735,0.027724,0.966801
-0.039903,0.017999,0.519598,2.000276,19.652282,11.499983,3.466086,2.700672,172.557279,5.584774,1.063698,0.027663,0.966730
-0.040965,0.018684,0.480414,2.098927,19.672273,11.500033,3.470526,2.703533,172.538219,5.551170,1.063575,0.027535,0.966597
-0.039999,0.018008,0.523492,2.188897,19.643758,11.271015,3.468323,2.710572,172.500981,5.508212,1.063332,0.027340,0.966410
-0.041243,0.018683,0.532951,2.043337,19.532257,11.500105,3.469083,2.713095,172.249514,5.487500,1.061947,0.027242,0.966298
-0.036135,0.018703,0.514319,2.040608,19.608712,11.499957,3.467449,2.693267,172.435095,5.458381,1.063073,0.027116,0.966172
-0.037135,0.018792,0.495286,2.263774,19.650857,11.499925,3.470117,2.707810,172.432951,5.429038,1.062976,0.027012,0.966073
-0.039991,0.018641,0.511596,2.017845,19.693398,11.583408,3.473017,2.699797,172.403845,5.709373,1.062844,0.028323,0.965943
-0.039861,0.019532,0.509447,2.110334,19.604650,11.583413,3.471117,2.698285,172.379446,5.679216,1.062635,0.028157,0.965805
-0.040996,0.018855,0.530830,1.976345,19.621942,11.583440,3.470613,2.707578,172.494623,5.663374,1.062599,0.028069,0.965713
-0.042900,0.019130,0.508925,2.071853,19.625837,11.583470,3.470583,2.707637,172.480194,5.653970,1.062538,0.028005,0.965657
-0.040935,0.018624,0.538141,1.987677,19.640717,10.996262,3.472553,2.695373,172.334290,5.578556,1.062149,0.027631,0.965303
-0.042721,0.018711,0.517220,1.938098,19.653623,11.181435,3.469419,2.692049,172.293748,5.545420,1.061996,0.027539,0.965220
-0.038957,0.018594,0.512491,2.134187,19.602585,11.583312,3.470711,2.694093,172.290954,5.560558,1.062013,0.027596,0.965263
-0.041443,0.018869,0.525549,1.926271,19.618322,11.221867,3.468945,2.712021,172.276058,5.498555,1.061780,0.027336,0.965003
-0.041628,0.019187,0.521059,1.919095,19.646600,11.261627,3.468672,2.709523,172.204046,5.477858,1.061585,0.027217,0.964882
-0.038783,0.018729,0.517028,2.000039,19.684865,11.496115,3.470947,2.699072,172.320224,5.470035,1.061597,0.027176,0.964828
-0.040495,0.018499,0.510515,1.958808,19.599198,11.583432,3.470055,2.722398,172.540049,5.488900,1.061649,0.027216,0.964905
-0.042877,0.018232,0.514858,2.060022,19.548015,10.935953,3.467087,2.709993,172.667940,5.442015,1.061443,0.026951,0.964701
-0.037408,0.018448,0.480893,2.783816,19.562507,11.583298,3.467271,2.729911,172.765226,5.482847,1.061621,0.027139,0.964855
-0.039823,0.018496,0.523232,1.953014,19.577075,11.336830,3.467986,2.698908,172.801793,5.454835,1.061515,0.026994,0.964735
-0.038961,0.018865,0.510402,1.990699,19.583583,11.583520,3.467480,2.704960,172.825852,5.452553,1.061505,0.026989,0.964737
-0.045366,0.018797,0.528562,2.102006,19.505928,10.550712,3.470005,2.715577,172.795422,5.307708,1.060988,0.026269,0.964065
-0.040840,0.018594,0.523397,2.014923,19.649500,11.583322,3.467233,2.715225,172.778795,5.390458,1.061285,0.026707,0.964460
-0.037159,0.018614,0.515877,2.045756,19.602837,11.583500,3.468355,2.702032,172.517608,5.351986,1.060990,0.026555,0.964303
-0.037643,0.019173,0.493328,2.083118,19.831970,11.666528,3.469802,2.687534,172.177471,5.584162,1.060678,0.027665,0.963943
-0.037351,0.018896,0.514654,1.997006,19.627562,11.666680,3.470166,2.705709,171.974307,5.517642,1.060244,0.027415,0.963656
-0.044685,0.019511,0.504026,2.047436,19.627470,11.750025,3.471497,2.713145,171.916886,5.764249,1.060041,0.028631,0.963449
-0.037764,0.019365,0.516253,1.960275,19.693605,11.441062,3.471706,2.691835,171.895294,5.652583,1.059804,0.028053,0.962919
-0.040924,0.018822,0.542175,1.834679,19.615510,11.463408,3.470014,2.693049,171.827283,5.682336,1.059592,0.028204,0.963053
-0.037910,0.019432,0.554059,1.872858,19.675293,11.750173,3.473887,2.700653,171.802384,5.660850,1.059521,0.028113,0.962984
-0.038744,0.018680,0.538754,1.866949,19.709417,11.750073,3.468929,2.694836,171.746647,5.634438,1.059365,0.027991,0.962828
-0.040895,0.019227,0.528349,1.942681,19.647800,11.276572,3.469048,2.693812,171.716315,5.568117,1.059022,0.027692,0.962551
-0.039401,0.019391,0.528785,2.318983,19.630698,11.750098,3.469315,2.712004,171.670865,5.568024,1.058997,0.027695,0.962523
-0.039328,0.019704,0.558408,1.993109,19.730762,11.414172,3.473345,2.703030,171.630735,5.589985,1.058747,0.027789,0.961242
-0.044346,0.019221,0.559276,1.893759,19.646417,10.919963,3.469479,2.688468,171.581593,5.738432,1.058323,0.028450,0.961904
-0.042731,0.019486,0.558508,1.872271,19.636858,11.374060,3.471983,2.709885,171.570424,5.738759,1.058290,0.028441,0.961872
-0.038699,0.019294,0.563649,1.639841,19.759483,11.833413,3.471440,2.702126,171.549696,5.730421,1.058319,0.028447,0.961882
-0.043095,0.019187,0.558661,1.854988,19.628875,10.983107,3.470203,2.696237,171.560058,5.630977,1.057827,0.027979,0.961452
-0.038950,0.019751,0.567500,1.988447,19.684193,11.833455,3.473234,2.707160,171.548146,5.672173,1.058032,0.028160,0.961624
-0.040216,0.019295,0.568830,1.933962,19.727022,11.856467,3.470428,2.706230,171.495030,5.727447,1.057889,0.028453,0.960502
-0.039914,0.019076,0.541769,1.886260,19.683202,11.833405,3.470384,2.700989,171.510023,5.621593,1.057738,0.027951,0.961371
-0.045690,0.019559,0.543230,1.821842,19.668852,10.803405,3.470620,2.699817,171.452385,5.799411,1.057194,0.028806,0.960842
-0.038473,0.019323,0.561397,1.886044,19.756525,11.916647,3.470160,2.686358,171.435046,5.855722,1.057368,0.029053,0.961073
-0.042904,0.019555,0.584538,1.829328,19.641105,11.414000,3.473303,2.702642,171.401219,5.778157,1.056984,0.028662,0.960693
-0.040898,0.019668,0.545458,2.026440,19.695963,11.833378,3.470160,2.709626,171.528067,5.766531,1.057084,0.028729,0.960755
-0.047945,0.020468,0.546241,1.950153,19.609987,10.815125,3.474217,2.703861,171.628005,5.649401,1.056677,0.027992,0.958712
-0.042114,0.019583,0.550960,2.212887,19.703633,11.867522,3.469453,2.702482,171.729597,5.762836,1.056974,0.028571,0.960625
-0.039155,0.019135,0.540924,2.180168,19.690810,11.511050,3.466724,2.700565,171.744579,5.429996,1.056783,0.026970,0.960470
-0.046696,0.019416,0.556964,1.818919,19.660243,10.738510,3.469597,2.701974,171.693235,5.623828,1.056290,0.027915,0.960020
-0.040950,0.019997,0.560084,1.785177,19.581987,10.944085,3.472339,2.699767,171.663147,5.613546,1.056118,0.027788,0.959886
-0.040955,0.019760,0.536393,2.246009,19.636617,11.308262,3.472150,2.705019,171.604988,5.589998,1.056078,0.027724,0.959833
-0.037725,0.019647,0.542906,2.017449,19.766760,11.916728,3.469254,2.696559,171.499836,5.589178,1.056144,0.027760,0.959859
-0.045822,0.019956,0.537884,1.859094,19.717512,10.937898,3.474068,2.686791,171.138331,5.755458,1.055352,0.028541,0.959180
-0.045375,0.020383,0.569376,2.059524,19.631398,10.457455,3.474413,2.700066,171.058927,5.637948,1.054785,0.028012,0.958679
-0.044239,0.019444,0.554880,2.093452,19.706332,10.973125,3.471635,2.707743,171.042692,5.643647,1.054813,0.028058,0.958690
-0.043338,0.020304,0.583839,1.803570,19.783102,11.589083,3.474432,2.695871,171.020238,5.949971,1.054856,0.029554,0.958757
-0.045477,0.019761,0.561321,1.898994,19.654563,10.843822,3.471044,2.695520,170.946886,5.861630,1.054307,0.029083,0.958308
-0.039259,0.019521,0.576339,1.783259,19.758443,12.083283,3.470791,2.702477,170.962487,5.914813,1.054647,0.029364,0.958582
-0.052180,0.019855,0.575537,1.770641,19.706152,10.224402,3.473218,2.691753,170.889338,5.740717,1.053777,0.028472,0.957747
-0.039056,0.020529,0.585703,1.853314,19.759068,11.966823,3.475009,2.697251,170.875855,5.831563,1.054218,0.028979,0.958186
-0.043764,0.020120,0.584338,1.729419,19.712535,11.142472,3.472629,2.709367,170.810901,5.735576,1.053765,0.028495,0.957766
-0.040611,0.020045,0.562678,1.811161,19.758572,11.175047,3.472750,2.694563,170.765867,5.691664,1.053560,0.028311,0.957548
-0.040933,0.020712,0.586960,1.779799,19.711643,12.127975,3.474652,2.688700,170.694988,6.020790,1.053299,0.029906,0.957675
-0.039748,0.020105,0.575474,1.804747,19.768045,11.586508,3.472810,2.706239,170.674002,5.945008,1.053244,0.029502,0.957287
-0.036483,0.020335,0.598524,1.797046,19.807632,12.119957,3.474961,2.699834,170.632999,5.943687,1.053170,0.029486,0.957278
-0.041253,0.020184,0.603955,1.818462,19.742937,11.624500,3.474075,2.684896,170.547834,5.847915,1.052758,0.029058,0.956876
-0.039915,0.020035,0.619010,1.689514,19.816253,12.166728,3.470378,2.701475,170.519888,5.840626,1.052763,0.029039,0.956841
-0.041480,0.020497,0.566975,1.901876,19.776817,11.001300,3.473734,2.681390,170.515266,5.729265,1.052198,0.028504,0.956329
-0.047000,0.020243,0.601879,1.725093,19.657523,10.243640,3.472901,2.697259,170.291215,5.636114,1.050438,0.028019,0.955873
-0.040003,0.020283,0.583725,1.757158,19.855530,12.006618,3.471601,2.691990,170.478460,6.024300,1.052110,0.029905,0.956294
-0.046349,0.020685,0.607664,1.786121,19.769892,11.037093,3.472793,2.689894,170.406168,5.919441,1.051547,0.029380,0.955807
-0.038584,0.020884,0.572333,1.669579,19.812405,11.775173,3.474579,2.697054,170.351678,5.927633,1.051548,0.029431,0.955825
-0.043939,0.020609,0.628062,1.616347,19.756058,11.066808,3.472856,2.678573,170.236721,5.798667,1.051011,0.028850,0.955252
-0.037479,0.020529,0.619523,1.732915,19.837527,11.590777,3.474295,2.693208,170.234863,5.799561,1.050985,0.028860,0.955247
-0.043046,0.020963,0.611061,1.523131,19.722355,11.999213,3.474779,2.703118,170.046960,6.089665,1.049660,0.030255,0.955200
-0.045791,0.020226,0.605599,1.855139,19.742978,10.957648,3.471819,2.705436,170.229755,5.979023,1.050360,0.029676,0.954677
-0.038976,0.020667,0.594832,1.683593,19.798258,11.771137,3.473954,2.698217,170.203261,5.993634,1.050412,0.029756,0.954767
-0.044815,0.020399,0.595210,1.588609,19.732512,10.879167,3.471525,2.702211,170.101997,5.882124,1.049829,0.029201,0.954229
-0.038481,0.020681,0.615474,1.656424,19.811475,11.771450,3.473312,2.679708,170.003807,5.882818,1.049857,0.029274,0.954262
-0.058439,0.021355,0.601797,1.703989,19.760070,10.034018,3.476556,2.690093,169.940864,5.989963,1.048923,0.029776,0.953394
-0.040555,0.021192,0.631662,1.584203,19.853968,11.778987,3.477834,2.683405,169.766252,6.098935,1.048175,0.030283,0.953841
-0.043647,0.021080,0.605775,1.651062,19.770002,11.378697,3.477054,2.686745,169.938606,6.029299,1.049025,0.029953,0.953569
-0.047855,0.020929,0.603432,1.828479,19.811340,11.014375,3.473442,2.691374,169.877553,5.950984,1.048681,0.029570,0.953173
-0.040852,0.021525,0.595155,1.680237,19.780525,11.653422,3.478307,2.678086,169.833225,5.951626,1.048622,0.029610,0.953178
-0.041176,0.021249,0.608312,1.951518,19.845825,11.635373,3.474393,2.691233,169.798134,5.905954,1.048444,0.029383,0.952951
-0.048389,0.021835,0.626231,1.716547,19.819380,11.297002,3.478205,2.689664,169.722649,6.130026,1.048024,0.030437,0.952588
-0.040486,0.020577,0.614309,1.803625,19.826820,11.969408,3.474028,2.700542,169.482876,6.128920,1.046755,0.030438,0.952596
-0.040279,0.021357,0.615769,1.883358,19.840662,12.180630,3.475566,2.685330,169.656660,6.095375,1.047804,0.030294,0.952454
-0.038429,0.021388,0.650719,1.588455,19.910945,12.239582,3.475135,2.694057,169.585550,6.039283,1.047605,0.030061,0.952221
-0.042830,0.021589,0.605436,1.814191,19.848677,12.019117,3.476642,2.681857,169.514873,6.273547,1.047209,0.031202,0.951896
-0.041171,0.021498,0.639265,1.730845,19.835895,11.908507,3.476424,2.687856,169.451106,6.205587,1.046871,0.030856,0.951588
-0.045379,0.021822,0.622212,1.660682,19.834743,11.533135,3.477145,2.683490,169.377409,6.126490,1.046453,0.030456,0.951196
-0.039884,0.021708,0.653424,1.658438,19.893705,11.780033,3.475962,2.682092,169.120614,6.078644,1.045068,0.030280,0.951030
-0.041910,0.021875,0.654588,1.552675,19.893428,12.022088,3.477032,2.674101,169.275454,6.051232,1.046066,0.030144,0.950875
-0.047633,0.021752,0.657308,1.541354,19.833688,11.055287,3.476967,2.677270,169.227231,6.215971,1.045444,0.030906,0.950234
-0.043423,0.021905,0.668243,1.712961,19.887257,11.737517,3.477594,2.666298,169.203961,6.221273,1.045466,0.030915,0.950240
-0.040796,0.021655,0.674788,1.613034,19.923785,12.377990,3.476562,2.692055,169.131293,6.210579,1.045400,0.030905,0.950229
-0.040741,0.021672,0.649234,1.810414,19.883570,12.101747,3.475534,2.675557,169.106738,6.147110,1.045074,0.030621,0.949939
-0.039254,0.022075,0.635807,1.538024,19.874580,11.810715,3.479080,2.688861,168.865640,6.080685,1.043506,0.030294,0.949624
-0.042813,0.021503,0.664232,1.665991,19.859070,11.318335,3.472249,2.674252,168.999807,6.285917,1.044240,0.031273,0.949173
-0.040097,0.021649,0.686000,1.599570,19.931630,12.396690,3.475430,2.673951,168.938678,6.305145,1.044283,0.031377,0.949265
-0.046623,0.022601,0.677653,1.533156,19.824663,11.173502,3.480489,2.685642,168.855634,6.138592,1.043503,0.030590,0.948527
-0.037642,0.022464,0.678802,1.516543,19.933853,12.437645,3.477863,2.682643,168.896307,6.182881,1.043719,0.030816,0.948707
-0.038671,0.022651,0.668387,1.807894,19.901565,11.984275,3.475864,2.680291,168.928621,6.121271,1.043403,0.030470,0.948395
-0.040238,0.022185,0.685515,1.557566,19.943978,12.284575,3.475732,2.681358,168.909768,6.384606,1.043246,0.031774,0.948253
-0.043349,0.022650,0.696606,1.596504,19.941958,11.948168,3.478108,2.677053,168.837992,6.319337,1.042848,0.031421,0.947921
-0.043094,0.021725,0.668331,1.582727,20.006378,11.792033,3.474298,2.670838,168.732975,6.244360,1.042499,0.031057,0.947591
-0.041752,0.022531,0.699752,1.463264,19.961188,11.614265,3.476013,2.666079,168.598045,6.160539,1.042044,0.030694,0.947212
-0.047763,0.022396,0.692218,1.484956,19.968722,11.186288,3.477135,2.678311,168.478589,6.355395,1.041534,0.031601,0.946708
-0.048233,0.022439,0.676277,1.478985,19.962163,10.916277,3.476361,2.667071,168.383359,6.258753,1.041063,0.031193,0.946307
-0.043336,0.023255,0.696135,1.781948,20.011525,11.278960,3.481590,2.664021,168.348192,6.241320,1.040928,0.031085,0.946187
-0.045498,0.022902,0.722800,1.461877,20.010850,11.818540,3.478643,2.684885,168.321481,6.527069,1.040776,0.032456,0.946100
-0.044486,0.022829,0.705400,1.529498,20.010988,11.417670,3.477141,2.674737,168.258029,6.439146,1.040343,0.032014,0.945679
-0.046000,0.023118,0.702273,1.448727,20.010855,11.174570,3.478780,2.678288,168.176697,6.340411,1.039936,0.031604,0.945299
-0.044968,0.023593,0.749524,1.421437,20.010853,11.328840,3.481198,2.672255,168.110542,6.294990,1.039659,0.031405,0.945078
-0.045149,0.023317,0.730751,1.679853,20.010527,12.021597,3.479088,2.673511,168.035990,6.585355,1.039511,0.032756,0.944988
-0.043820,0.023515,0.750409,1.392072,20.010493,11.668483,3.478557,2.678664,167.978205,6.495146,1.039056,0.032289,0.944546
-0.043854,0.023507,0.718455,1.409425,20.010432,11.825772,3.482846,2.662007,167.911710,6.428823,1.038745,0.032023,0.944279
-0.049112,0.023647,0.725592,1.432255,20.010153,11.830935,3.479962,2.664046,167.828209,6.654023,1.038357,0.033132,0.943926
-0.041457,0.023400,0.704528,1.435817,20.009833,12.469640,3.480020,2.674557,167.794522,6.632586,1.038212,0.032995,0.943798
-0.038386,0.022993,0.707165,1.414100,20.009770,12.564532,3.478265,2.688196,167.704802,6.567569,1.037908,0.032719,0.943540
-0.043397,0.023630,0.772549,1.304390,20.009798,11.607440,3.480580,2.689393,167.620471,6.420783,1.037241,0.032012,0.942859
-0.047226,0.023707,0.703760,1.579714,20.009833,11.715895,3.479740,2.677428,167.507339,6.657758,1.036840,0.033136,0.942531
-0.044439,0.024286,0.755502,1.360579,20.009290,12.242797,3.481369,2.661657,167.418261,6.608044,1.036613,0.032932,0.942345
-0.040616,0.024610,0.728684,1.435037,20.009272,12.136990,3.484281,2.670916,167.378835,6.534979,1.036241,0.032590,0.942005
-0.047530,0.024567,0.775895,1.391418,20.009082,11.627257,3.484187,2.665398,167.342306,6.728544,1.035703,0.033524,0.941522
-0.048668,0.023740,0.782248,1.369196,20.009028,11.415352,3.479892,2.679750,167.299089,6.663457,1.035265,0.033123,0.941140
-0.045687,0.023666,0.756160,1.427785,20.008740,11.488650,3.478552,2.666342,167.206284,6.567828,1.034863,0.032733,0.940790
-0.046431,0.024593,0.752453,1.439396,20.008917,11.592762,3.483646,2.680975,167.123252,6.500830,1.034509,0.032423,0.940474
-0.041767,0.024938,0.799999,1.260639,20.008390,12.334730,3.483648,2.663913,166.993265,6.776083,1.034255,0.033708,0.940287
-0.044455,0.024805,0.753082,1.489018,20.008245,12.207523,3.482592,2.654211,166.870285,6.671167,1.033758,0.033227,0.939831
-0.042590,0.024414,0.788509,1.325629,20.008110,12.351978,3.482016,2.674695,166.847118,6.588165,1.033431,0.032878,0.939476
-0.045333,0.025071,0.804351,1.274539,20.007800,12.059920,3.483442,2.672411,166.815334,6.796019,1.032934,0.033850,0.939028
-0.047898,0.024844,0.818090,1.246547,20.007932,11.253547,3.482171,2.662585,166.738540,6.662370,1.032274,0.033153,0.938391
-0.041809,0.024509,0.804181,1.285483,20.015735,12.001385,3.480542,2.667541,166.663213,6.632159,1.032048,0.033058,0.938279
-0.040615,0.025019,0.788307,1.381730,20.015498,12.486750,3.482700,2.679969,166.570769,6.577978,1.031747,0.032819,0.938021
-0.047016,0.025097,0.827624,1.228992,20.015437,11.387467,3.483362,2.687018,166.421379,6.700814,1.030907,0.033383,0.937206
-0.043032,0.025327,0.843821,1.210588,20.015203,11.841343,3.482334,2.673530,166.319966,6.634912,1.030561,0.033080,0.936907
-0.054380,0.025673,0.815441,1.312686,20.014743,10.429092,3.485874,2.665310,166.170956,6.725445,1.029518,0.033496,0.935928
-0.049436,0.025126,0.825223,1.220708,20.014670,11.321413,3.479493,2.667847,166.128786,6.723718,1.029392,0.033466,0.935903
-0.045111,0.025214,0.858538,1.281381,20.014297,11.590518,3.480082,2.680192,165.842988,6.650750,1.027826,0.033168,0.935589
-0.041072,0.026316,0.840659,1.279975,20.013817,12.169240,3.484910,2.662690,165.981649,6.897061,1.028740,0.034366,0.935325
-0.045726,0.026039,0.837499,1.222958,20.013703,11.963355,3.484686,2.658338,165.876719,6.792839,1.028206,0.033832,0.934842
-0.044887,0.026613,0.837549,1.206202,20.013818,12.287303,3.488412,2.671696,165.763436,6.712337,1.027799,0.033499,0.934522
-0.048627,0.026421,0.870024,1.193119,20.013268,11.520695,3.486113,2.664993,165.651551,6.858388,1.027023,0.034173,0.933756
-0.042281,0.025435,0.870159,1.214193,20.013112,12.097210,3.481308,2.671283,165.546632,6.800740,1.026662,0.033875,0.933517
-0.048847,0.026375,0.898111,1.143162,20.012792,11.295608,3.487700,2.655637,165.233013,6.634020,1.024711,0.033106,0.932764
-0.045581,0.026576,0.900714,1.237974,20.012747,11.630563,3.486320,2.651806,165.302304,6.861390,1.025405,0.034187,0.932391
-0.050649,0.026454,0.895428,1.329589,20.012567,10.887128,3.484776,2.649419,165.194601,6.691039,1.024633,0.033329,0.931604
-0.039215,0.027485,0.897374,1.154379,20.012092,12.407468,3.491991,2.649654,165.100902,6.695803,1.024544,0.033433,0.931667
-0.050599,0.026945,0.919230,1.099454,20.012310,11.437832,3.488032,2.674980,164.993099,6.820008,1.023674,0.033942,0.930809
-0.051313,0.026608,0.933811,1.095407,20.011865,11.293350,3.485281,2.653982,164.885368,6.694742,1.023079,0.033364,0.930233
-0.042698,0.027019,0.927488,1.118783,20.011995,11.953087,3.487684,2.668796,164.633372,6.636334,1.021530,0.033127,0.929980
-0.045420,0.027802,0.931682,1.073328,20.011755,12.157855,3.489620,2.663543,164.716168,6.855187,1.022187,0.034127,0.929543
-0.045172,0.027022,0.942191,1.124310,20.011395,11.780425,3.487760,2.661075,164.606932,6.698134,1.021570,0.033403,0.928892
-0.047461,0.027767,0.936573,1.108082,20.011177,11.438917,3.489012,2.656471,164.498079,6.858939,1.020851,0.034146,0.928202
-0.044093,0.027462,0.966325,1.080033,20.011265,11.988490,3.486858,2.655512,164.386380,6.799680,1.020452,0.033880,0.927919
-0.049044,0.027566,0.936571,1.068532,20.011188,11.379262,3.485404,2.654615,164.269807,6.640002,1.019655,0.033115,0.927218
-0.040496,0.027865,0.974445,1.055525,20.010845,12.388535,3.488923,2.661760,164.131700,6.891744,1.019251,0.034348,0.926988
-0.049167,0.027916,0.998834,1.023775,20.010767,11.237377,3.487734,2.663136,163.926713,6.655985,1.018258,0.033198,0.925897
-0.049260,0.028217,0.999256,1.000711,20.010858,11.412897,3.489228,2.655208,163.765506,6.841541,1.017601,0.034086,0.925356
-0.049157,0.028399,1.026351,1.014604,20.010778,10.930477,3.488022,2.664510,163.689117,6.678897,1.016853,0.033319,0.924647
-0.051842,0.028597,0.995982,1.076802,20.010580,11.325240,3.486970,2.657313,163.652625,6.903966,1.016377,0.034374,0.924243
-0.044755,0.029301,1.014925,1.106286,20.016197,11.834602,3.490993,2.655459,163.596806,6.827419,1.015954,0.034018,0.923917
-0.039706,0.028843,0.995105,1.085009,20.016378,12.443485,3.490612,2.659919,163.517072,6.743007,1.015501,0.033628,0.923539
-0.052913,0.029507,1.049458,0.981541,20.010618,10.966692,3.490453,2.656416,163.431246,6.602667,1.014502,0.032910,0.921494
-0.049392,0.029690,1.045744,1.072219,20.016278,11.107385,3.492526,2.650793,163.309563,6.707131,1.013819,0.033408,0.921955
-0.052007,0.029864,1.072964,0.950103,20.016323,10.724652,3.492704,2.665467,163.162372,6.546966,1.013115,0.032630,0.921205
-0.044330,0.030207,1.086049,0.948519,20.015992,11.783697,3.493233,2.658944,162.882980,6.776179,1.012632,0.033782,0.920923
-0.043280,0.030091,1.083420,0.922979,20.015803,11.850777,3.493002,2.656316,162.783130,6.670703,1.012050,0.033272,0.920397
-0.047655,0.030652,1.099764,0.946696,20.015605,11.476707,3.494391,2.674623,162.659778,6.810137,1.011277,0.033914,0.919650
-0.041672,0.030443,1.096927,0.944971,20.015503,12.021145,3.492397,2.654598,162.537354,6.695541,1.010790,0.033365,0.919122
-0.044719,0.030597,1.114694,0.897092,20.015477,11.988988,3.494223,2.642701,162.425729,6.880642,1.010086,0.034298,0.918597
-0.052940,0.030661,1.112813,0.898633,20.015382,10.829847,3.493112,2.641782,162.281170,6.656438,1.008999,0.033191,0.917584
-0.048554,0.030778,1.133286,0.882395,20.015277,11.157690,3.491825,2.639952,162.138771,6.850102,1.008344,0.034123,0.917045
-0.045607,0.030834,1.143972,0.879626,20.015677,11.722983,3.491091,2.675159,162.040458,6.745741,1.007815,0.033651,0.916613
-0.043483,0.031862,1.137759,0.879447,20.015310,11.838095,3.496544,2.664122,162.083488,6.647802,1.007301,0.033165,0.916164
-0.051971,0.031351,1.103666,0.906345,20.015330,11.032760,3.492413,2.650211,161.871805,6.759950,1.005228,0.033692,0.915295
-0.050124,0.031916,1.165086,0.880723,20.015128,11.240533,3.495812,2.659652,162.065251,6.671516,1.005934,0.033207,0.914845
-0.058784,0.032137,1.187652,0.859859,20.015543,9.902078,3.494506,2.665687,161.981630,6.423179,1.004775,0.032009,0.913717
-0.048569,0.032053,1.156782,0.864446,20.015275,11.396555,3.495700,2.648853,161.917716,6.724075,1.004613,0.033502,0.913724
-0.050490,0.031899,1.194723,0.876801,20.015290,10.871912,3.490211,2.647888,161.832222,6.548890,1.003814,0.032603,0.912885
-0.047178,0.032774,1.198959,0.834068,20.015125,11.061830,3.498085,2.658181,161.714719,6.428669,1.003156,0.032070,0.912381
-0.052408,0.032979,1.236513,0.833231,20.014908,10.644357,3.495715,2.646749,161.579476,6.564869,1.002229,0.032670,0.911568
-0.044203,0.033339,1.239447,0.816289,20.014933,11.272240,3.499169,2.661970,161.433489,6.461629,1.001678,0.032187,0.911100
-0.053172,0.033374,1.267041,0.804748,20.014872,10.661345,3.497343,2.652427,161.289313,6.559914,1.000744,0.032638,0.910142
-0.043479,0.033767,1.287950,0.805617,20.014495,11.886273,3.496569,2.646012,161.096567,6.494579,1.000308,0.032380,0.909883
-0.051348,0.034047,1.295276,0.772038,20.014963,10.539627,3.497393,2.658504,160.915721,6.541045,0.999149,0.032547,0.908680
-0.044515,0.033199,1.288657,0.775995,20.014662,11.951103,3.494937,2.646267,160.731933,6.490142,0.998712,0.032360,0.908465
-0.045927,0.034614,1.279909,0.792731,20.014617,11.780892,3.498078,2.646113,160.693394,6.625780,0.997891,0.032970,0.907663
-0.045173,0.034733,1.323207,0.768170,20.014795,11.379367,3.498695,2.643420,160.770606,6.461614,0.997129,0.032183,0.906940
-0.051589,0.034658,1.304327,0.789281,20.014767,10.392838,3.497097,2.647342,160.876197,6.266024,0.996252,0.031214,0.906065
-0.041632,0.034584,1.315254,0.828776,20.014730,11.612052,3.494073,2.647167,160.977369,6.255255,0.995976,0.031164,0.906000
-0.044724,0.035044,1.316722,0.784794,20.014902,11.435397,3.497416,2.654918,161.015976,6.111747,0.995352,0.030442,0.905316
-0.054609,0.034666,1.344678,0.777932,19.931498,10.243587,3.492252,2.662660,159.955982,6.196678,0.994335,0.030778,0.904307
-0.047575,0.035372,1.322346,0.779647,20.014775,11.404993,3.496327,2.659047,160.939868,6.148683,0.993896,0.030586,0.904104
-0.052946,0.035720,1.364071,0.734358,20.015130,9.672815,3.497656,2.639114,160.660569,5.870262,0.991540,0.029209,0.902806
-0.051495,0.035793,1.349813,0.796614,20.015020,10.556643,3.498469,2.662483,160.756238,6.113386,0.992245,0.030343,0.902508
-0.049903,0.035980,1.369817,0.730011,20.015088,10.253788,3.496049,2.652649,160.519047,5.929272,0.991438,0.029526,0.901712
-0.053930,0.036775,1.404568,0.741967,20.014902,10.008472,3.499216,2.639260,160.113328,6.022436,0.990414,0.029985,0.900763
-0.052069,0.036862,1.452043,0.716383,20.014703,10.627622,3.501598,2.649575,159.687982,6.193758,0.989622,0.030800,0.900129
-0.048872,0.037450,1.508561,0.662877,20.014643,11.167002,3.503814,2.650320,159.272508,6.336408,0.988777,0.031513,0.899399
-0.048055,0.037563,1.489051,0.686727,20.014780,10.965815,3.501983,2.648515,158.909105,6.433236,0.987778,0.031995,0.898448
-0.050830,0.039141,1.601117,0.641889,20.014420,10.505200,3.506154,2.639982,158.592235,6.446758,0.986659,0.032042,0.895714
-0.048644,0.038696,1.591267,0.644759,20.014312,10.715758,3.503264,2.645620,158.345751,6.337341,0.985821,0.031591,0.896648
-0.049483,0.039361,1.634358,0.624470,20.014312,10.689933,3.505524,2.650099,158.117666,6.456015,0.984934,0.032151,0.895798
-0.049195,0.039415,1.652022,0.620175,20.014073,10.879190,3.506337,2.629390,157.908533,6.612416,0.984083,0.032923,0.895124
-0.045511,0.039913,1.667785,0.609095,20.014045,11.625057,3.506828,2.638857,157.732068,6.482660,0.983466,0.032366,0.894595
-0.043781,0.040331,1.705472,0.621809,20.014100,12.051732,3.507033,2.652018,157.572182,6.661048,0.982756,0.033133,0.893931
-0.045337,0.040588,1.736880,0.585110,20.014128,11.141670,3.506302,2.641623,157.422417,6.424589,0.981685,0.032041,0.892884
-0.051133,0.040820,1.758713,0.580910,20.014088,11.064020,3.505647,2.631158,157.283751,6.563981,0.980801,0.032657,0.892104
-0.046361,0.041272,1.763141,0.567164,20.013985,11.400127,3.509648,2.644259,157.134029,6.419484,0.980060,0.032042,0.891500
-0.049068,0.041841,1.823253,0.568096,20.014113,10.940067,3.508253,2.631516,156.990370,6.514129,0.979123,0.032432,0.890506
-0.043755,0.042427,1.836658,0.544475,20.013955,11.785985,3.510855,2.640363,156.830449,6.428265,0.978503,0.032063,0.890117
-0.050357,0.042662,1.842222,0.542831,20.013927,10.921025,3.508996,2.635343,156.679800,6.489345,0.977423,0.032326,0.889018
-0.044887,0.043330,1.885572,0.536586,20.013862,11.800615,3.505143,2.616403,156.516511,6.700697,0.976805,0.033340,0.888569
-0.047636,0.043334,1.944068,0.519539,20.014180,10.814087,3.507315,2.620821,156.418567,6.464314,0.975734,0.032202,0.887520
-0.045911,0.044224,1.953019,0.524703,20.014153,11.577775,3.510265,2.628955,156.312439,6.662152,0.975155,0.033158,0.887008
-0.050544,0.044649,1.932934,0.523489,20.014237,10.889287,3.510614,2.634903,156.183275,6.457467,0.974154,0.032128,0.886055
-0.044942,0.045311,1.964849,0.519462,20.014205,11.722865,3.513518,2.638635,156.036820,6.650777,0.973500,0.033134,0.885601
-0.043084,0.044985,2.012671,0.521494,20.013952,11.937050,3.509094,2.627126,155.981506,6.496551,0.972781,0.032367,0.884888
-0.049622,0.046333,2.048017,0.503888,20.014487,10.679740,3.513929,2.625591,156.008093,6.274251,0.971763,0.031244,0.883838
-0.043541,0.045773,2.059564,0.499318,20.014702,11.743852,3.509358,2.636070,156.027580,6.512239,0.971303,0.032416,0.883567
-0.049184,0.047170,2.081581,0.489054,20.014637,11.291028,3.515311,2.630654,156.024685,6.345385,0.970471,0.031549,0.882765
-0.051100,0.047016,2.084667,0.482242,20.014847,10.559275,3.512418,2.602759,155.961746,6.138219,0.969509,0.030561,0.881845
-0.054921,0.047589,2.119959,0.489751,20.015140,10.193452,3.513328,2.628174,155.878860,6.261695,0.968644,0.031134,0.881005
-0.046579,0.047227,2.156788,0.473782,20.014938,11.032423,3.508915,2.620570,155.759257,6.181813,0.968089,0.030753,0.880628
-0.048763,0.049061,2.199389,0.457315,20.015307,11.167617,3.514449,2.634303,155.644305,6.322246,0.967357,0.031447,0.879900
-0.050296,0.048885,2.237884,0.458730,20.015260,10.425080,3.513529,2.626963,155.510748,6.112648,0.966386,0.030433,0.878949
-0.050393,0.049887,2.255815,0.457512,20.015235,10.764963,3.514929,2.644159,155.298957,6.290958,0.965709,0.031324,0.878405
-0.048614,0.049962,2.285310,0.440045,20.015063,10.808767,3.514574,2.621807,154.924117,6.120646,0.964780,0.030472,0.877573
-0.047080,0.050874,2.393711,0.423486,20.015102,11.045005,3.515797,2.649915,154.545432,6.233505,0.963824,0.031061,0.876729
-0.050648,0.051587,2.447690,0.412298,20.015100,10.712830,3.512487,2.642231,154.212404,6.319285,0.962703,0.031441,0.875706
-0.051827,0.052507,2.477797,0.403952,20.015150,10.718017,3.520883,2.612948,153.938791,6.433187,0.961731,0.031992,0.874825
-0.050487,0.054134,2.560191,0.391370,20.015060,11.157290,3.520959,2.624429,153.703305,6.580375,0.960892,0.032757,0.874146
-0.042676,0.054466,2.614660,0.384337,20.014792,11.939872,3.525522,2.616887,153.491636,6.455586,0.960240,0.032161,0.873566
-0.046791,0.055724,2.603430,0.392278,20.014710,11.133313,3.525863,2.617533,153.304418,6.526244,0.959139,0.032471,0.872489
-0.048327,0.055648,2.724299,0.371914,20.014590,10.913530,3.517235,2.633700,153.128429,6.338588,0.958206,0.031598,0.871637
-0.048949,0.057202,2.743870,0.365060,20.014955,11.037203,3.523853,2.626916,152.973908,6.475680,0.957356,0.032260,0.870901
-0.046437,0.058007,2.826489,0.354687,20.014632,11.760545,3.525754,2.612876,152.794266,6.661465,0.956626,0.033190,0.870377
-0.050566,0.058471,2.872757,0.352989,20.014877,10.874818,3.525615,2.621882,152.648897,6.415029,0.955567,0.031956,0.869234
-0.047353,0.060049,2.922236,0.349083,20.014937,11.579257,3.526412,2.627440,152.496836,6.610274,0.954892,0.032918,0.868736
-0.049227,0.062082,3.097504,0.325910,20.015005,10.823883,3.523944,2.616692,152.339590,6.323508,0.953820,0.031521,0.866033
-0.050699,0.062244,3.016350,0.332449,20.015033,11.163515,3.534202,2.628108,152.181088,6.537664,0.953049,0.032535,0.866990
-0.043240,0.062334,3.075497,0.335776,20.014755,11.682552,3.523555,2.617353,151.995653,6.419984,0.952271,0.031969,0.866438
-0.044629,0.063581,3.141475,0.327030,20.014925,11.332353,3.526567,2.624970,151.835145,6.509761,0.951326,0.032375,0.865459
-0.043668,0.064933,3.237084,0.314743,20.014995,11.488398,3.530582,2.610119,151.644274,6.343660,0.950449,0.031642,0.864717
-0.049466,0.065664,3.298181,0.303856,20.015243,10.578977,3.531725,2.614427,151.497588,6.391165,0.949310,0.031817,0.863546
-0.050420,0.067622,3.380943,0.297862,20.015313,10.868017,3.531254,2.624921,151.118956,6.552741,0.947284,0.032617,0.862913
-0.044280,0.068578,3.443389,0.291401,20.015287,11.608007,3.530753,2.619426,151.143463,6.433815,0.947804,0.032076,0.862382
-0.044741,0.069733,3.522552,0.285751,20.015178,11.779747,3.532850,2.607144,150.969710,6.573063,0.946937,0.032691,0.861582
-0.047491,0.070874,3.574008,0.279947,20.015553,10.897793,3.530052,2.611411,150.827635,6.324193,0.945813,0.031501,0.860449
-0.047623,0.072260,3.657722,0.277283,20.015698,11.210933,3.527894,2.625251,150.810179,6.488558,0.945078,0.032282,0.859814
-0.045337,0.072873,3.716530,0.000000,20.015552,11.547363,3.532153,2.615692,150.837724,6.371343,0.944388,0.031707,0.859279
-0.048263,0.073658,3.765030,0.267796,20.015982,10.463627,3.530129,2.611821,150.863054,6.131129,0.943384,0.030543,0.858183
-0.048193,0.076815,3.945416,0.256331,20.015945,10.621137,3.535157,2.628630,150.817910,6.092760,0.942628,0.030330,0.856611
-0.045510,0.076518,3.853989,0.261383,20.015920,11.247360,3.528955,2.610185,150.727563,6.182352,0.941933,0.030771,0.857033
-0.050826,0.077879,3.981450,0.251166,20.016222,10.444455,3.533655,2.615559,150.632880,6.247593,0.940907,0.031050,0.855929
-0.046115,0.078829,4.065370,0.000000,20.016050,11.187177,3.533140,2.619153,150.489087,6.156371,0.940223,0.030594,0.855489
-0.045661,0.081071,4.090492,0.245450,20.015862,10.815445,3.536619,2.618395,150.347944,5.948395,0.939308,0.029632,0.854546
-0.042239,0.082499,4.198082,0.000000,20.016198,11.166663,3.536201,2.629615,150.190092,6.108301,0.938487,0.030354,0.853888
-0.052017,0.084976,4.283312,0.233461,20.016325,10.468785,3.540662,2.624506,149.908533,6.172529,0.936936,0.030678,0.852811
-0.046700,0.087133,4.467262,0.000000,20.015937,10.351792,3.539269,2.611140,149.600910,5.968542,0.936402,0.029724,0.851889
-0.041513,0.090135,4.610152,0.000000,20.015515,11.659443,3.535946,2.611848,149.225304,6.172944,0.935668,0.030721,0.851439
-0.046289,0.092818,4.852043,0.000000,20.015832,10.892193,3.542618,2.604708,148.945188,6.206009,0.934458,0.030804,0.850143
-0.040156,0.095586,4.985810,0.000000,20.015435,11.611125,3.539500,2.613071,148.671237,6.064029,0.933618,0.030228,0.849553
-0.046510,0.098548,5.130348,0.000000,20.015582,10.939822,3.544813,2.590395,148.475156,6.117939,0.932473,0.030422,0.848392
-0.044616,0.102034,5.293107,0.000000,20.015675,10.849750,3.543256,2.601628,148.260758,5.937405,0.931470,0.029572,0.847539
-0.039973,0.104054,5.491629,0.000000,20.015282,11.614518,3.541129,2.594927,148.052091,6.096864,0.930619,0.030334,0.846922
-0.041318,0.107809,5.590441,0.000000,20.015460,11.214360,3.542327,2.590562,147.876743,5.867947,0.929583,0.029241,0.845843
-0.044862,0.110922,5.785220,0.000000,20.015543,10.964533,3.542307,2.613463,147.715590,5.957792,0.928612,0.029623,0.844886
-0.041399,0.113183,5.970311,0.000000,20.015440,11.143937,3.548491,2.596683,147.538514,5.815370,0.927707,0.028949,0.844189
-0.040335,0.116454,6.154739,0.000000,20.015418,11.287345,3.546463,2.606892,147.357828,5.931372,0.926748,0.029445,0.843335
-0.040750,0.120404,6.330907,0.000000,20.015555,11.356845,3.550177,2.593935,147.201842,5.733408,0.925850,0.028584,0.842481
-0.037366,0.124710,6.494735,0.000000,20.015538,11.899462,3.541167,2.596161,147.012898,5.898816,0.924930,0.029262,0.841791
-0.036122,0.135864,7.158480,0.000000,20.015407,11.879830,3.543856,2.599867,146.836084,5.626077,0.923978,0.027974,0.839205
-0.041583,0.132025,6.988538,0.000000,20.015633,10.997000,3.547876,2.608609,146.658301,5.724344,0.922760,0.028381,0.839604
-0.034544,0.004877,7.212488,0.000000,20.015595,11.873902,3.556649,2.592424,146.447304,5.603557,0.921991,0.027858,0.839076
-0.040173,0.140623,7.412093,0.000000,20.015538,11.067025,3.554911,2.606298,146.246797,5.643116,0.920762,0.027952,0.837818
-0.040178,0.146246,7.712889,0.000000,20.015680,11.326142,3.554619,2.603252,146.052033,5.467072,0.919860,0.027167,0.837073
-0.035953,0.150972,7.963311,0.000000,20.015393,11.249703,3.549738,2.598530,145.856744,5.281044,0.918818,0.026281,0.836173
-0.038298,0.165089,8.519156,0.000000,20.015660,11.145192,3.564761,2.593049,145.316640,5.297023,0.915828,0.026169,0.833424
-0.030389,0.177429,9.274114,0.000000,20.015398,11.887953,3.554674,2.573073,145.177045,5.001400,0.914121,0.024830,0.832126
-0.037172,0.182153,9.669377,0.000000,20.015592,10.633678,3.562104,2.587032,145.119991,5.000355,0.912864,0.024691,0.830693
