SCC,SCV,DVV,ICP,CCDT,CVCT,ACCV C,ACCV D,ECD,ECV,CCD,CCV,SoH
-0.037195,0.015962,0.355761,2.867079,20.013955,10.833337,3.449668,2.749465,179.910548,6.376113,1.079917,0.031906,0.981609
-0.041297,0.014404,0.294240,3.145909,20.014098,10.750037,3.446679,2.748051,180.162414,6.353212,1.081311,0.031618,0.982852
-0.036035,0.014286,0.325077,3.584401,20.014080,10.666723,3.446379,2.748596,180.302079,6.198160,1.082229,0.030883,0.983553
-0.038099,0.014304,0.281669,3.254644,20.014395,10.583340,3.446166,2.747661,180.435693,6.019903,1.082727,0.029979,0.984099
-0.038738,0.014763,0.304130,3.412026,20.014835,10.583455,3.446354,2.750483,180.512345,6.075703,1.083025,0.030178,0.984319
-0.040241,0.014970,0.310891,2.972354,20.014842,10.500162,3.447893,2.748590,180.593927,5.837513,1.083334,0.029142,0.984667
-0.036242,0.014303,0.273769,3.331892,20.015605,10.500085,3.446865,2.765326,180.608939,5.902431,1.083680,0.029367,0.984946
-0.038246,0.014320,0.293640,3.668683,20.015437,10.500032,3.445353,2.747612,180.577742,5.918252,1.083710,0.029401,0.985019
-0.038597,0.014086,0.302374,2.898480,20.015748,10.500027,3.447302,2.738352,180.598695,5.941688,1.083777,0.029460,0.985056
-0.039417,0.014052,0.297993,3.414241,20.016187,10.500012,3.443816,2.729957,180.615478,5.958813,1.083954,0.029589,0.985187
-0.080808,0.013978,0.289149,3.537321,20.011850,5.626312,3.441541,2.742070,180.972727,4.621492,1.088048,0.022967,0.998068
-0.036672,0.014008,0.304212,3.359024,20.014327,10.499927,3.443178,2.761142,180.702232,5.574772,1.085806,0.027781,0.983482
-0.036670,0.014471,0.315263,3.287231,20.010887,10.416762,3.443285,2.731697,180.840418,5.602839,1.085759,0.027919,0.984945
-0.040041,0.014031,0.271198,3.721460,20.013122,10.416577,3.445772,2.748121,180.597056,5.803971,1.085549,0.028798,0.985845
-0.037323,0.013307,0.302016,2.833778,20.013932,10.333358,3.441685,2.739768,180.631413,5.553995,1.085535,0.027684,0.986142
-0.039708,0.014332,0.296657,3.082155,20.014505,10.333412,3.444478,2.744901,180.630638,5.596438,1.085538,0.027846,0.986326
-0.036945,0.014452,0.287185,3.658750,20.015147,10.333468,3.447352,2.759150,180.653127,5.634883,1.085637,0.027965,0.986473
-0.039862,0.014002,0.283226,4.966753,20.015500,10.333437,3.445095,2.753114,180.669544,5.629406,1.085582,0.027988,0.986473
-0.039288,0.014333,0.310092,3.658276,20.016025,10.333413,3.445818,2.757142,180.734493,5.643583,1.085552,0.028073,0.986535
-0.036723,0.013706,0.310477,3.163795,20.007670,10.333347,3.444332,2.751563,180.781894,5.643480,1.085531,0.028064,0.986559
-0.039236,0.013426,0.282121,4.060380,20.015987,10.333347,3.443624,2.744567,180.797933,5.651931,1.085562,0.028107,0.986607
-0.036243,0.014444,0.285992,3.308731,20.016355,10.333503,3.446385,2.742222,180.838983,5.662553,1.085580,0.028166,0.986611
-0.039812,0.014311,0.297901,3.168854,20.008047,10.333437,3.444227,2.757038,180.924962,5.681239,1.085725,0.028271,0.986732
-0.035937,0.014054,0.290756,3.705278,20.007715,10.333327,3.444624,2.755134,180.956537,5.718246,1.085799,0.028399,0.986878
-0.040289,0.014566,0.286287,3.342128,20.007827,10.333330,3.447461,2.757848,180.953333,5.730947,1.085846,0.028417,0.986879
-0.037075,0.014368,0.260725,6.899910,20.007850,10.250047,3.444220,2.750884,180.892072,5.437011,1.085810,0.027072,0.986903
-0.037373,0.014267,0.263293,3.530162,20.007820,10.333232,3.445634,2.761626,180.852696,5.720227,1.085774,0.028371,0.986837
-0.037984,0.014115,0.285675,4.909367,20.007772,10.250195,3.445482,2.749220,180.831171,5.414996,1.085758,0.026969,0.986826
-0.037306,0.014595,0.283222,3.396320,20.008048,10.250048,3.446916,2.758848,180.784244,5.420983,1.085787,0.026990,0.986858
-0.035651,0.014326,0.318793,3.144387,20.007822,10.249945,3.445689,2.733763,180.792603,5.437944,1.085864,0.027110,0.986943
-0.038695,0.014155,0.286932,3.597437,20.007957,10.250143,3.443895,2.747519,180.747042,5.419255,1.085792,0.027024,0.986877
-0.036001,0.013479,0.278626,3.588739,20.007677,10.250092,3.442787,2.748198,180.768061,5.420477,1.085829,0.026984,0.986882
-0.037506,0.013695,0.302257,3.482329,20.008408,10.249960,3.443665,2.730271,180.784251,5.411458,1.085807,0.026974,0.986857
-0.036328,0.013974,0.299452,3.402449,20.008170,10.249960,3.441933,2.740615,180.788933,5.409402,1.085742,0.026958,0.986838
-0.038944,0.013796,0.294617,3.389248,20.008088,10.333333,3.444130,2.741149,180.804722,5.713722,1.085766,0.028364,0.986850
-0.038386,0.013912,0.307942,2.591794,20.008197,10.333297,3.444467,2.761781,180.783672,5.701972,1.085732,0.028324,0.986814
-0.039806,0.014821,0.297490,3.165976,20.008138,10.333388,3.445029,2.759603,180.726632,5.706420,1.085704,0.028271,0.986754
-0.038429,0.014065,0.309978,3.181993,20.008145,10.249993,3.445923,2.764545,180.808081,5.417773,1.085765,0.027013,0.986885
-0.041375,0.014053,0.247991,3.439887,20.008233,10.333308,3.442898,2.747978,180.763538,5.718598,1.085781,0.028377,0.986862
-0.039706,0.014131,0.302531,3.662030,20.008353,10.250022,3.442345,2.752944,180.776651,5.416230,1.085842,0.027024,0.986896
-0.038697,0.014197,0.298932,6.261637,20.008525,10.250168,3.444220,2.730485,180.807654,5.422309,1.085879,0.027020,0.986927
-0.039466,0.013675,0.299517,3.336916,20.008047,10.250130,3.443792,2.737223,180.808131,5.440154,1.085893,0.027080,0.986981
-0.036207,0.014040,0.267665,4.616270,20.008342,10.250142,3.444523,2.738961,180.773397,5.440019,1.085934,0.027106,0.986996
-0.038466,0.013625,0.299513,3.278642,20.008518,10.250062,3.442346,2.733768,180.757962,5.452162,1.086018,0.027143,0.987064
-0.038218,0.014148,0.314744,3.687751,20.008365,10.250062,3.444618,2.737981,180.716647,5.444570,1.085941,0.027068,0.987019
-0.040442,0.013943,0.298175,3.250383,20.008447,10.250100,3.443611,2.754845,180.708171,5.436878,1.085930,0.027027,0.986980
-0.039551,0.013438,0.294786,3.068120,20.008687,10.250110,3.441194,2.730856,180.735853,5.454723,1.086003,0.027061,0.987030
-0.037769,0.014147,0.281578,4.011616,20.008388,10.249973,3.444562,2.751467,180.771010,5.437342,1.085884,0.027016,0.986964
-0.035317,0.014099,0.278371,3.325065,20.008657,10.250028,3.441254,2.739757,180.806688,5.427251,1.085845,0.026990,0.986926
-0.039782,0.014357,0.309107,4.096085,20.008542,10.250205,3.445828,2.735130,180.788245,5.424182,1.085828,0.026962,0.986879
-0.039030,0.014000,0.259621,2.857682,20.008570,10.250053,3.442367,2.758066,180.832960,5.420254,1.085789,0.027002,0.986898
-0.038931,0.013700,0.268082,3.152606,20.008498,10.249963,3.442503,2.736721,180.851197,5.407650,1.085732,0.026962,0.986851
-0.039916,0.014315,0.297986,2.678661,20.008553,10.250087,3.445338,2.756968,180.794935,5.411017,1.085752,0.026937,0.986833
-0.036859,0.014120,0.297688,3.015357,20.008077,10.250140,3.446241,2.754231,180.755599,5.411615,1.085700,0.026989,0.986855
-0.038272,0.013940,0.305388,3.401091,20.008402,10.250107,3.444097,2.755771,180.722373,5.401824,1.085724,0.026914,0.986750
-0.037403,0.013893,0.281389,3.214505,20.008608,10.249902,3.443527,2.753084,180.729082,5.422637,1.085842,0.026985,0.986881
-0.037378,0.013849,0.283906,3.732901,20.008353,10.250035,3.443442,2.755830,180.764118,5.426680,1.085877,0.026965,0.986960
-0.039749,0.013461,0.286401,3.857244,20.008498,10.250017,3.441415,2.741152,180.695344,5.429167,1.085868,0.026957,0.986947
-0.039722,0.013785,0.268777,3.217886,20.008633,10.250083,3.443520,2.737960,180.678498,5.444706,1.085908,0.027008,0.986967
-0.037288,0.013520,0.255064,3.145844,20.008562,10.250187,3.442187,2.739783,180.682920,5.430580,1.085825,0.026938,0.986906
-0.039590,0.014064,0.288282,3.786539,20.008677,10.250037,3.445523,2.742700,180.618364,5.402557,1.085769,0.026860,0.986825
-0.037363,0.013673,0.288439,3.714296,20.008675,10.250115,3.444168,2.735109,180.702488,5.394615,1.085705,0.026834,0.986762
-0.038838,0.013347,0.288843,6.235006,20.008917,10.249955,3.440152,2.738323,180.867437,5.440059,1.085919,0.026976,0.986973
-0.036473,0.013378,0.262251,3.445096,20.008752,10.166690,3.442286,2.757566,180.997579,5.182493,1.086132,0.025819,0.987167
-0.036011,0.014046,0.280141,3.998113,20.008418,10.166710,3.443346,2.758673,181.048138,5.202923,1.086229,0.025884,0.987258
-0.036502,0.013760,0.298148,3.546637,20.008603,10.166755,3.443784,2.737117,181.023226,5.201294,1.086209,0.025897,0.987268
-0.038610,0.014249,0.275571,3.141888,20.008698,10.249903,3.444103,2.754436,180.574429,5.380093,1.085671,0.026765,0.986733
-0.038674,0.013953,0.295359,2.935932,20.008527,10.250082,3.444045,2.749019,180.658592,5.380150,1.085558,0.026766,0.986682
-0.037014,0.014856,0.295927,3.200755,20.008497,10.250102,3.446752,2.743235,180.680136,5.360814,1.085521,0.026691,0.986580
-0.036122,0.014027,0.298065,3.258103,20.008407,10.250033,3.443665,2.744968,180.697559,5.364498,1.085514,0.026724,0.986613
-0.038242,0.014300,0.293699,2.979874,20.008435,10.250127,3.444190,2.744482,180.682535,5.385748,1.085628,0.026821,0.986727
-0.036911,0.013692,0.268357,4.004967,20.008190,10.250102,3.442199,2.748642,180.677349,5.396501,1.085666,0.026810,0.986775
-0.036633,0.014299,0.295506,4.015151,20.008245,10.250037,3.444624,2.735265,180.675452,5.404128,1.085735,0.026835,0.986797
-0.035329,0.013027,0.300418,4.014515,20.008295,10.250033,3.441436,2.747145,180.645669,5.396832,1.085654,0.026761,0.986753
-0.037006,0.013377,0.293291,2.865175,20.008630,10.250150,3.442557,2.737378,180.614708,5.402815,1.085694,0.026774,0.986780
-0.036978,0.013376,0.285482,3.838213,20.008590,10.250065,3.440898,2.740653,180.546967,5.387607,1.085634,0.026732,0.986721
-0.038545,0.013146,0.272490,3.032351,20.008927,10.250133,3.441837,2.755191,180.529060,5.365605,1.085566,0.026652,0.986644
-0.040583,0.014549,0.259084,2.974883,20.008555,10.250067,3.446886,2.749246,180.545326,5.365768,1.085525,0.026617,0.986620
-0.036622,0.014219,0.284884,3.292716,20.008407,10.250115,3.445545,2.737259,180.476971,5.344453,1.085441,0.026538,0.986554
-0.036847,0.014150,0.305421,3.015522,20.008623,10.250118,3.444121,2.739019,180.458971,5.316024,1.085376,0.026460,0.986440
-0.035760,0.013842,0.293204,3.626335,20.008645,10.250098,3.443294,2.737563,180.499770,5.320801,1.085331,0.026478,0.986454
-0.040105,0.014069,0.292294,2.980594,20.008808,10.250075,3.444290,2.745880,180.520676,5.310343,1.085277,0.026425,0.986371
-0.035298,0.014915,0.292630,3.561696,20.008513,10.250160,3.446647,2.736762,180.507158,5.305406,1.085133,0.026408,0.986336
-0.037805,0.014333,0.277614,3.546156,20.008405,10.250035,3.445085,2.738414,180.516054,5.299182,1.085177,0.026396,0.986315
-0.041332,0.014591,0.294952,3.001532,20.008660,10.333427,3.445966,2.737374,180.495105,5.603130,1.085190,0.027756,0.986291
-0.035564,0.014026,0.266732,3.296850,20.008573,10.250052,3.444605,2.740577,180.538016,5.305059,1.085218,0.026426,0.986339
-0.038259,0.013650,0.269235,4.947379,20.008752,10.250127,3.442249,2.733842,180.522020,5.311917,1.085202,0.026447,0.986345
-0.036353,0.013859,0.277277,3.624194,20.008647,10.250025,3.441781,2.743759,180.524174,5.315864,1.085282,0.026441,0.986412
-0.036843,0.014097,0.256491,4.003277,20.008723,10.249997,3.446189,2.731636,180.493033,5.316651,1.085293,0.026501,0.986404
-0.037675,0.014518,0.308749,4.587354,20.008607,10.250007,3.447435,2.751495,180.455792,5.311113,1.085245,0.026401,0.986385
-0.037382,0.013838,0.292818,3.577254,20.008642,10.250090,3.444179,2.740430,180.445786,5.328938,1.085366,0.026492,0.986485
-0.041370,0.014208,0.297913,3.892874,20.008870,10.250050,3.446432,2.727469,180.433394,5.315345,1.085237,0.026405,0.986406
-0.038494,0.014310,0.300475,2.987696,20.008712,10.250007,3.445516,2.741544,180.437743,5.306675,1.085221,0.026363,0.986373
-0.038035,0.013826,0.295027,2.986344,20.008725,10.250075,3.445429,2.717486,180.391119,5.296876,1.085220,0.026327,0.986332
-0.038930,0.014002,0.301845,3.878747,20.008792,10.249970,3.444764,2.732826,180.407280,5.282803,1.085088,0.026247,0.986256
-0.037740,0.013921,0.291513,3.785792,20.008868,10.250143,3.444850,2.747930,180.406350,5.278764,1.085118,0.026263,0.986257
-0.036691,0.013876,0.292654,4.507305,20.008783,10.250113,3.444794,2.732994,180.340505,5.263481,1.085007,0.026187,0.986155
-0.036510,0.013410,0.295418,3.278837,20.008607,10.249990,3.441739,2.741553,180.342631,5.250178,1.084946,0.026133,0.986092
-0.036538,0.014285,0.294007,3.634673,20.008915,10.250010,3.444998,2.736601,180.327356,5.252223,1.084936,0.026145,0.986065
-0.038221,0.014552,0.287976,4.274979,20.008608,10.250040,3.447725,2.748464,180.354811,5.239451,1.084941,0.026129,0.986076
-0.034707,0.014266,0.269248,3.406357,20.008832,10.250005,3.445257,2.736459,180.348878,5.256201,1.084952,0.026141,0.986080
-0.035836,0.013767,0.272381,3.712895,20.008837,10.250107,3.443692,2.741635,180.366356,5.248081,1.084967,0.026134,0.986121
-0.038274,0.014255,0.275033,3.122167,20.008913,10.249940,3.444276,2.731017,180.362381,5.258043,1.084976,0.026140,0.986116
-0.038111,0.013484,0.254616,3.558634,20.008692,10.249948,3.444196,2.729222,180.369401,5.277877,1.085101,0.026230,0.986231
-0.037394,0.013636,0.288072,3.239773,20.008545,10.250035,3.442552,2.737463,180.351477,5.249933,1.084952,0.026101,0.986109
-0.039121,0.014226,0.303091,3.296967,20.008627,10.250190,3.445571,2.740157,180.296747,5.256498,1.084902,0.026134,0.986051
-0.036181,0.014207,0.291548,3.334382,20.008795,10.250143,3.443661,2.751217,180.267856,5.230127,1.084888,0.026016,0.986029
-0.034423,0.014213,0.270347,3.309707,20.008877,10.250088,3.444772,2.742525,180.284529,5.223516,1.084869,0.026012,0.986001
-0.036460,0.014198,0.271638,3.200670,20.008673,10.250023,3.445867,2.732144,180.239128,5.218948,1.084777,0.025957,0.985944
-0.035253,0.013701,0.317330,3.371678,20.008980,10.250008,3.444285,2.757731,180.274559,5.202975,1.084717,0.025914,0.985863
-0.038037,0.013864,0.254868,3.095466,20.008627,10.333463,3.444225,2.735252,180.248939,5.495249,1.084608,0.027222,0.985808
-0.038239,0.014381,0.286672,2.849888,20.008872,10.333333,3.446985,2.732640,180.273724,5.484702,1.084590,0.027169,0.985755
-0.036262,0.014400,0.242715,4.501861,20.008765,10.333400,3.446530,2.756423,180.264886,5.478472,1.084539,0.027141,0.985720
-0.037676,0.013350,0.303968,2.978971,20.008732,10.333475,3.442548,2.735280,180.276084,5.476154,1.084494,0.027117,0.985705
-0.040010,0.013468,0.262650,5.043206,20.009077,10.333530,3.443372,2.725605,180.299460,5.479467,1.084537,0.027125,0.985705
-0.037412,0.013670,0.303918,3.713422,20.008795,10.333385,3.444224,2.742173,180.221796,5.468926,1.084510,0.027077,0.985673
-0.039403,0.013879,0.324201,3.188758,20.008857,10.333402,3.444282,2.739352,180.142301,5.459122,1.084434,0.027037,0.985660
-0.039643,0.013396,0.289342,4.290662,20.008952,10.333382,3.442346,2.756429,180.088338,5.441947,1.084404,0.026945,0.985562
-0.041684,0.014083,0.310371,3.090769,20.008843,10.333340,3.445024,2.748933,180.235342,5.489168,1.084590,0.027176,0.985758
-0.039490,0.014357,0.292403,3.047970,20.008828,10.333237,3.445037,2.758272,180.231571,5.499343,1.084692,0.027244,0.985842
-0.036914,0.014553,0.305880,4.074840,20.008995,10.250030,3.446093,2.740728,180.236823,5.191978,1.084666,0.025829,0.985815
-0.035414,0.013286,0.288718,3.899949,20.008788,10.249995,3.441545,2.743498,180.191120,5.198297,1.084635,0.025818,0.985839
-0.036134,0.014171,0.304795,3.442012,20.009175,10.250038,3.447505,2.743840,180.151535,5.180741,1.084580,0.025755,0.985796
-0.037779,0.014094,0.291807,4.075640,20.009123,10.250038,3.445198,2.735957,180.116445,5.163581,1.084490,0.025692,0.985689
-0.036806,0.013757,0.301076,3.375479,20.009005,10.250010,3.444990,2.729574,180.100337,5.160769,1.084490,0.025672,0.985693
-0.038194,0.013904,0.265255,3.875759,20.008923,10.250072,3.443216,2.756519,180.091563,5.165182,1.084509,0.025654,0.985683
-0.036814,0.013960,0.285686,3.225661,20.009173,10.250145,3.444057,2.737593,180.125625,5.156446,1.084461,0.025647,0.985623
-0.035900,0.014413,0.297814,3.592719,20.009148,10.250047,3.447678,2.741953,180.144988,5.157014,1.084461,0.025681,0.985672
-0.035415,0.014069,0.280307,3.346366,20.008857,10.249992,3.444379,2.743312,180.143818,5.150221,1.084420,0.025631,0.985600
-0.037369,0.013950,0.275556,3.559473,20.009092,10.249965,3.443666,2.738413,180.221959,5.149124,1.084462,0.025658,0.985631
-0.035119,0.013445,0.299396,3.251242,20.009142,10.250087,3.443197,2.725970,180.191067,5.151811,1.084429,0.025638,0.985613
-0.037146,0.014366,0.290704,3.572373,20.008990,10.333273,3.446847,2.720878,180.159650,5.441864,1.084341,0.026945,0.985562
-0.036388,0.014408,0.278166,3.008040,20.009315,10.333400,3.446090,2.747128,180.111282,5.410773,1.084196,0.026769,0.985403
-0.038124,0.014323,0.313650,3.803861,20.009003,10.333462,3.445212,2.734750,180.093960,5.421130,1.084233,0.026814,0.985433
-0.040448,0.013920,0.303091,3.675902,20.009112,10.333475,3.442676,2.725771,180.091925,5.412647,1.084165,0.026780,0.985396
-0.038335,0.013748,0.296574,3.070028,20.009207,10.333373,3.442812,2.738799,180.102199,5.407409,1.084151,0.026761,0.985371
-0.039342,0.014012,0.264115,3.246576,20.009100,10.333228,3.444752,2.742390,180.059027,5.397814,1.084161,0.026748,0.985385
-0.039916,0.013605,0.305419,2.990608,20.009157,10.333367,3.443440,2.761271,180.059672,5.407876,1.084217,0.026784,0.985418
-0.037664,0.013852,0.284440,3.772792,20.008965,10.333355,3.444430,2.729038,180.056950,5.410706,1.084157,0.026772,0.985393
-0.035650,0.013561,0.305774,3.686583,20.009395,10.333267,3.444216,2.747005,180.044381,5.403221,1.084159,0.026739,0.985355
-0.035790,0.013733,0.283149,3.580882,20.009130,10.333317,3.443381,2.728227,180.021452,5.385998,1.084106,0.026684,0.985322
-0.039218,0.014542,0.293278,3.250682,20.009082,10.333295,3.446279,2.750020,179.971398,5.373683,1.084030,0.026646,0.985271
-0.037667,0.013975,0.289582,3.456068,20.009167,10.333283,3.445557,2.728887,179.922370,5.348804,1.083950,0.026543,0.985164
-0.036827,0.014338,0.304785,3.946441,20.009067,10.333293,3.445580,2.742168,179.878916,5.337669,1.083866,0.026503,0.985122
-0.035601,0.013975,0.292974,3.657366,20.009328,10.333385,3.442468,2.736031,179.889561,5.328348,1.083900,0.026449,0.985088
-0.036556,0.013671,0.315560,3.221924,20.009265,10.333405,3.443521,2.739181,179.920118,5.332814,1.083914,0.026494,0.985123
-0.035456,0.013820,0.289068,3.534015,20.009280,10.333385,3.444600,2.737286,179.947470,5.358123,1.083953,0.026562,0.985187
-0.035905,0.013991,0.278447,2.963530,20.009217,10.333372,3.445214,2.735272,179.980617,5.353737,1.083955,0.026517,0.985169
-0.038996,0.013468,0.306951,3.891677,20.009310,10.333470,3.444063,2.734957,179.982645,5.361066,1.083955,0.026546,0.985173
-0.036810,0.014017,0.305238,3.041308,20.009370,10.333440,3.444896,2.749469,179.917915,5.329614,1.083791,0.026434,0.985076
-0.038764,0.014477,0.278802,2.732707,19.998665,10.333328,3.447066,2.733240,179.866208,5.309182,1.083628,0.026305,0.984940
-0.038423,0.013926,0.284402,3.644471,20.009128,10.333257,3.444069,2.748769,181.619636,5.279964,1.083648,0.026264,0.984940
-0.036607,0.014180,0.298450,4.411294,20.009215,10.333298,3.445594,2.747971,179.822223,5.280825,1.083612,0.026230,0.984851
-0.039261,0.013452,0.279226,3.477775,20.009380,10.333427,3.441292,2.732375,179.817837,5.277591,1.083602,0.026208,0.984835
-0.035056,0.014155,0.284383,3.249670,20.009190,10.333488,3.444461,2.733894,179.806776,5.281390,1.083582,0.026255,0.984864
-0.036712,0.014788,0.310307,3.199486,20.009110,10.333408,3.447410,2.740795,179.813723,5.275553,1.083580,0.026218,0.984838
-0.037816,0.014655,0.308554,3.369581,20.009188,10.333325,3.448660,2.736761,179.799423,5.279662,1.083579,0.026198,0.984819
-0.037745,0.013601,0.277253,2.937361,20.008843,10.333300,3.442809,2.727006,179.845363,5.296284,1.083670,0.026272,0.984910
-0.037129,0.014071,0.303115,3.382035,20.009130,10.333308,3.445063,2.721907,179.849976,5.291773,1.083638,0.026227,0.984885
-0.036201,0.013819,0.290564,3.948861,20.009320,10.333448,3.443351,2.743880,179.844766,5.288131,1.083596,0.026222,0.984863
-0.035446,0.014082,0.320863,3.649857,20.009122,10.333245,3.444978,2.739418,179.831688,5.280839,1.083607,0.026207,0.984857
-0.036049,0.013805,0.299902,3.331067,20.009018,10.333412,3.444714,2.738684,179.838284,5.270525,1.083550,0.026156,0.984811
-0.036255,0.014267,0.300769,4.097828,20.009125,10.333397,3.444911,2.751326,179.815531,5.254977,1.083462,0.026104,0.984746
-0.038916,0.014195,0.278649,3.701259,20.009162,10.333290,3.444637,2.751210,179.807755,5.241484,1.083430,0.026059,0.984723
-0.035895,0.013835,0.322732,3.878188,20.009003,10.333288,3.444572,2.740796,179.816087,5.233330,1.083371,0.026014,0.984660
-0.034884,0.013370,0.304577,3.102073,20.009367,10.333445,3.440804,2.738795,179.747290,5.226405,1.083285,0.025952,0.984575
-0.035113,0.014111,0.290203,3.396624,20.009558,10.333502,3.446030,2.719499,179.695807,5.200129,1.083196,0.025895,0.984491
-0.035751,0.013867,0.313998,3.080056,20.009487,10.333460,3.443686,2.738908,179.679475,5.199546,1.083214,0.025869,0.984491
-0.035994,0.013916,0.273989,3.649809,20.009325,10.333343,3.444093,2.740037,179.699767,5.207827,1.083225,0.025878,0.984510
-0.038775,0.014343,0.303252,3.408456,20.008888,10.333347,3.446749,2.723801,179.772698,5.212022,1.083221,0.025890,0.984511
-0.037192,0.013681,0.292184,3.597502,20.009260,10.333437,3.443165,2.743697,179.918985,5.235851,1.083401,0.025958,0.984649
-0.036441,0.013833,0.280866,3.616639,20.009462,10.333323,3.444799,2.737631,179.935194,5.244668,1.083437,0.025980,0.984674
-0.036016,0.014225,0.298060,3.551337,20.009480,10.333427,3.446042,2.738494,179.862657,5.237678,1.083390,0.025976,0.984639
-0.036135,0.013946,0.307940,4.166630,20.009798,10.333525,3.443747,2.736796,179.734528,5.212176,1.083235,0.025888,0.984533
-0.039646,0.014876,0.308722,3.109978,20.009360,10.333335,3.449023,2.730770,179.665012,5.187445,1.083123,0.025806,0.984423
-0.037377,0.014128,0.308784,2.776111,20.009492,10.333330,3.445742,2.742395,179.662126,5.188235,1.083107,0.025795,0.984446
-0.035374,0.014844,0.323633,2.459278,20.009073,10.333253,3.448817,2.742178,179.713356,5.187451,1.083073,0.025764,0.984375
-0.036346,0.013879,0.313444,3.694926,20.009148,10.333293,3.445219,2.745932,179.838753,5.197636,1.083191,0.025811,0.984483
-0.037300,0.014206,0.289406,4.401322,20.008938,10.333372,3.444474,2.734737,179.943340,5.228679,1.083353,0.025905,0.984605
-0.036167,0.014520,0.308452,2.925178,20.008993,10.333345,3.445406,2.748384,179.974570,5.252517,1.083394,0.025960,0.984665
-0.037135,0.013819,0.281556,3.228605,20.009028,10.333462,3.445347,2.739944,179.969699,5.246517,1.083390,0.025946,0.984662
-0.038723,0.013813,0.309119,3.265480,20.009163,10.333312,3.443681,2.733817,179.936476,5.241319,1.083363,0.025939,0.984634
-0.036362,0.014177,0.296664,3.282746,20.008940,10.333433,3.444415,2.750516,179.863661,5.214342,1.083247,0.025839,0.984554
-0.036462,0.014114,0.281672,3.186241,20.009280,10.333438,3.445759,2.746024,179.766966,5.189322,1.083170,0.025747,0.984437
-0.036560,0.014647,0.314847,3.019787,20.009328,10.333335,3.447272,2.732735,179.636447,5.157972,1.082961,0.025663,0.984281
-0.036471,0.014082,0.299328,2.957052,20.009287,10.333333,3.445263,2.733389,179.649095,5.167384,1.083010,0.025672,0.984315
-0.037316,0.013612,0.308729,3.139483,20.009355,10.333478,3.441215,2.733216,179.628418,5.164654,1.083027,0.025661,0.984324
-0.036160,0.013936,0.270541,3.407963,20.009412,10.333447,3.442838,2.746367,179.604032,5.156106,1.082973,0.025646,0.984305
-0.036246,0.014508,0.234562,22.253499,20.009328,10.333398,3.446065,2.722203,179.585030,5.147208,1.082897,0.025572,0.984221
-0.037493,0.014962,0.312791,3.195856,20.009165,10.333358,3.447513,2.751431,179.535879,5.126365,1.082876,0.025517,0.984171
-0.036855,0.014091,0.286432,3.487643,20.009590,10.333395,3.446567,2.743747,179.529559,5.123757,1.082797,0.025481,0.984113
-0.033331,0.013940,0.283271,3.492491,20.009240,10.333392,3.445582,2.749976,179.517584,5.117219,1.082720,0.025452,0.984065
-0.036721,0.014934,0.299906,3.521595,20.009520,10.416793,3.447953,2.743801,179.510725,5.401538,1.082666,0.026769,0.984008
-0.040007,0.014717,0.320721,3.002337,20.009525,10.416663,3.444937,2.742472,179.518380,5.400778,1.082620,0.026732,0.983979
-0.038239,0.014765,0.300030,3.044756,20.009350,10.416773,3.447794,2.743292,179.530025,5.399198,1.082615,0.026717,0.983964
-0.036478,0.014535,0.306527,3.137250,20.009815,10.333513,3.446230,2.738285,179.581840,5.099345,1.082654,0.025387,0.983995
-0.035344,0.013798,0.307989,3.560172,20.009457,10.333530,3.445202,2.749733,179.693228,5.115956,1.082749,0.025434,0.984086
-0.035426,0.014632,0.332177,3.107073,20.009380,10.333280,3.445855,2.735248,179.790265,5.129704,1.082881,0.025459,0.984171
-0.033611,0.014727,0.291914,4.174932,20.009533,10.333400,3.447649,2.756364,179.762840,5.131653,1.082862,0.025473,0.984170
-0.037182,0.014314,0.299647,3.170826,20.009117,10.333423,3.445210,2.719984,179.631590,5.107324,1.082716,0.025379,0.984063
-0.040509,0.014288,0.310158,3.662827,20.009238,10.416815,3.447472,2.730127,179.497808,5.379527,1.082545,0.026643,0.983875
-0.039284,0.014048,0.311553,4.978737,20.009185,10.416602,3.444916,2.741401,179.480524,5.378078,1.082478,0.026601,0.983842
-0.038930,0.014173,0.325821,3.320452,20.008835,10.416732,3.448252,2.736766,179.472976,5.350731,1.082349,0.026479,0.983747
-0.034524,0.014536,0.302672,3.049750,20.009417,10.333283,3.446701,2.743173,179.684114,5.077165,1.082561,0.025238,0.983866
-0.038015,0.014474,0.284512,3.100020,20.008948,10.333422,3.445246,2.746824,179.842575,5.111483,1.082754,0.025355,0.984054
-0.035501,0.013495,0.274847,4.016321,20.008952,10.333312,3.443252,2.731308,179.929145,5.148067,1.082880,0.025443,0.984165
-0.035859,0.013316,0.296627,3.075076,20.009495,10.333387,3.440935,2.745530,179.978794,5.157609,1.082956,0.025483,0.984209
-0.039329,0.013848,0.281825,3.547753,20.009538,10.333345,3.443363,2.721790,179.977991,5.167000,1.082992,0.025527,0.984268
-0.036209,0.013738,0.303665,3.257161,20.009192,10.333380,3.441705,2.745975,179.936854,5.152653,1.082913,0.025459,0.984216
-0.037179,0.014557,0.261835,3.159835,20.008858,10.333402,3.446994,2.729150,179.864848,5.134151,1.082817,0.025397,0.984128
-0.036755,0.014844,0.293284,3.969451,20.009120,10.333473,3.447540,2.752717,179.625203,5.083848,1.082562,0.025224,0.983916
-0.036601,0.013751,0.265027,3.212061,20.009370,10.416858,3.444262,2.741896,179.448688,5.314292,1.082249,0.026316,0.983601
-0.038798,0.014068,0.289287,3.078949,20.008900,10.416765,3.445559,2.719116,179.504113,5.313581,1.082201,0.026317,0.983593
-0.036031,0.014121,0.311130,3.573188,20.009295,10.416688,3.443190,2.749816,179.447286,5.304402,1.082187,0.026293,0.983570
-0.036790,0.014069,0.309765,3.155170,20.009468,10.416778,3.445220,2.745609,179.410043,5.286606,1.082114,0.026227,0.983497
-0.036659,0.014386,0.327073,3.687437,20.009372,10.416678,3.446647,2.751648,179.371390,5.289085,1.082077,0.026221,0.983471
-0.038828,0.014174,0.296990,2.975358,20.009347,10.416785,3.446734,2.728556,179.354283,5.285589,1.082067,0.026198,0.983467
-0.037792,0.014050,0.295569,4.023156,20.009295,10.416610,3.446661,2.741980,179.332280,5.274437,1.082014,0.026146,0.983409
-0.038077,0.014060,0.317730,3.001532,20.009000,10.416738,3.444806,2.726483,179.309363,5.264233,1.081978,0.026095,0.983377
-0.037667,0.014582,0.305775,3.520922,20.009400,10.416623,3.448235,2.755623,179.301316,5.241677,1.081913,0.026026,0.983298
-0.039163,0.014280,0.287743,2.966816,20.009375,10.416633,3.446870,2.731035,179.349248,5.247694,1.081902,0.026035,0.983327
-0.037033,0.014297,0.296426,2.525653,20.009222,10.416723,3.446131,2.746694,179.401801,5.266569,1.081943,0.026061,0.983364
-0.038133,0.014151,0.321800,2.904483,20.009458,10.416740,3.445420,2.724287,179.478440,5.278225,1.081985,0.026104,0.983387
-0.037802,0.014476,0.302775,4.095924,20.008993,10.416720,3.448013,2.730631,179.614822,5.295938,1.082146,0.026204,0.983516
-0.036672,0.014848,0.291239,3.840508,20.009422,10.333268,3.446152,2.735743,179.638092,5.001221,1.082229,0.024869,0.983574
-0.037795,0.014263,0.299149,2.659722,20.009065,10.416780,3.445968,2.739630,179.491787,5.288364,1.082084,0.026180,0.983477
-0.039512,0.014680,0.330420,3.582430,20.009527,10.416727,3.448976,2.727509,179.337805,5.257656,1.081908,0.026029,0.983324
-0.036777,0.014017,0.325634,3.070896,20.009520,10.416813,3.445010,2.721649,179.321596,5.221341,1.081768,0.025913,0.983177
-0.036424,0.014659,0.305519,3.206563,20.009405,10.416542,3.448863,2.734330,179.284158,5.226119,1.081746,0.025922,0.983196
-0.037842,0.014397,0.312031,3.042681,20.009747,10.416643,3.445910,2.742599,179.298849,5.206243,1.081725,0.025860,0.983140
-0.041001,0.014443,0.308343,2.824639,19.928557,10.416718,3.448079,2.726090,178.383250,5.236833,1.081856,0.025931,0.983235
-0.038870,0.014519,0.277257,3.133463,20.009470,10.416835,3.446230,2.729638,179.528305,5.262679,1.081981,0.026054,0.983355
-0.037242,0.013879,0.317343,3.269891,20.009252,10.333317,3.442970,2.739929,179.571401,4.989926,1.081997,0.024815,0.983399
-0.036045,0.014084,0.273336,3.154912,20.009123,10.333370,3.445079,2.723111,179.567753,4.966369,1.081965,0.024712,0.983373
-0.039953,0.014452,0.288108,3.989773,20.009128,10.416663,3.445778,2.726372,179.541132,5.257245,1.081922,0.025997,0.983318
-0.036156,0.014852,0.276177,3.411424,20.009232,10.416732,3.448342,2.746542,179.497654,5.252695,1.081868,0.025949,0.983249
-0.035656,0.013930,0.315110,3.238530,20.009003,10.416653,3.443996,2.736470,179.398804,5.224035,1.081779,0.025841,0.983150
-0.034730,0.014935,0.291116,4.671599,20.009160,10.416720,3.450064,2.735588,179.211570,5.181178,1.081551,0.025694,0.982968
-0.036521,0.014503,0.289682,3.155698,20.009167,10.416647,3.447205,2.722078,179.246357,5.175998,1.081553,0.025691,0.982974
-0.039260,0.014170,0.289425,2.983842,20.009123,10.416613,3.446881,2.737495,179.259060,5.158439,1.081499,0.025635,0.982935
-0.035706,0.014370,0.282222,3.760707,20.009258,10.416743,3.448257,2.744648,179.221401,5.159627,1.081460,0.025610,0.982912
-0.036992,0.014703,0.310978,4.427920,20.009403,10.416728,3.447911,2.737030,179.192755,5.149706,1.081427,0.025585,0.982886
-0.035111,0.014219,0.299712,3.377649,20.009540,10.416777,3.446538,2.728236,179.167459,5.133907,1.081349,0.025499,0.982797
-0.034527,0.014753,0.304695,3.226216,20.009300,10.416720,3.447511,2.736206,179.120678,5.116643,1.081259,0.025456,0.982712
-0.035698,0.014760,0.296735,3.526859,20.009447,10.416743,3.448238,2.734384,179.086496,5.112194,1.081189,0.025440,0.982688
-0.037405,0.014634,0.311826,4.170672,20.009338,10.416743,3.449332,2.733760,179.083936,5.099925,1.081176,0.025373,0.982613
-0.034633,0.014034,0.317828,2.773200,20.009242,10.416625,3.444555,2.737639,179.107269,5.104717,1.081156,0.025385,0.982635
-0.037863,0.013799,0.291099,3.523279,20.009197,10.416872,3.444812,2.736594,179.135127,5.098526,1.081174,0.025355,0.982628
-0.034861,0.014084,0.276612,3.081972,20.009078,10.416660,3.446727,2.712203,179.188715,5.105400,1.081203,0.025399,0.982682
-0.034314,0.014150,0.322923,3.727286,20.009375,10.416732,3.446253,2.736254,179.303620,5.124707,1.081285,0.025438,0.982737
-0.037015,0.013417,0.311791,2.495639,20.009423,10.416707,3.443814,2.732325,179.397842,5.151787,1.081388,0.025510,0.982843
-0.035494,0.014727,0.327136,3.300886,20.009297,10.416793,3.447825,2.730471,179.337253,5.145394,1.081376,0.025484,0.982825
-0.037796,0.014227,0.294602,3.395268,20.009298,10.416780,3.445507,2.730194,179.200050,5.112858,1.081232,0.025399,0.982686
-0.035494,0.014962,0.321994,3.196923,20.009162,10.416735,3.449571,2.722558,179.076039,5.089466,1.081088,0.025321,0.982556
-0.034119,0.014537,0.303319,2.995680,20.009125,10.416658,3.447771,2.733278,179.096816,5.086583,1.081052,0.025292,0.982515
-0.033305,0.014726,0.315191,3.335252,20.009187,10.416662,3.449723,2.737379,179.065732,5.077137,1.080987,0.025259,0.982466
-0.034017,0.014579,0.323879,3.254390,20.009058,10.416817,3.448346,2.730594,179.173559,5.080159,1.081027,0.025254,0.982511
-0.034092,0.014426,0.334543,2.885685,20.008948,10.416797,3.447063,2.731633,179.294103,5.094792,1.081175,0.025311,0.982638
-0.036085,0.014319,0.313390,3.597402,20.008873,10.416775,3.448311,2.745210,179.371220,5.121241,1.081258,0.025385,0.982722
-0.037364,0.013838,0.305897,3.611690,20.009247,10.416573,3.443894,2.742148,179.453785,5.134324,1.081324,0.025407,0.982750
-0.034793,0.013665,0.316873,3.699249,20.008923,10.416718,3.443769,2.749839,179.377307,5.127270,1.081276,0.025371,0.982737
-0.037367,0.014533,0.315459,3.469814,20.009190,10.416577,3.446308,2.742521,179.359967,5.108423,1.081234,0.025318,0.982696
-0.034946,0.014726,0.322106,2.883362,20.008837,10.416607,3.448482,2.721320,179.330114,5.104833,1.081193,0.025290,0.982654
-0.035529,0.014257,0.322868,3.415049,20.009232,10.416668,3.444577,2.733661,179.143053,5.072316,1.081027,0.025188,0.982485
-0.036479,0.014891,0.315904,3.010664,20.009392,10.500110,3.448924,2.728698,179.021666,5.332325,1.080799,0.026408,0.982272
-0.036414,0.015270,0.314445,2.919083,20.009335,10.416688,3.449819,2.718821,179.068626,5.033468,1.080798,0.025036,0.982294
-0.037643,0.014885,0.315247,2.892695,20.009352,10.500143,3.449079,2.715160,179.034760,5.316853,1.080726,0.026322,0.982229
-0.037514,0.015115,0.325185,3.374646,20.008893,10.500093,3.448230,2.740254,179.005954,5.310965,1.080639,0.026263,0.982161
-0.039076,0.014692,0.333036,2.762135,20.009160,10.499988,3.448606,2.742319,179.008493,5.312260,1.080596,0.026248,0.982135
-0.035937,0.014032,0.326789,2.843757,20.009250,10.500120,3.447084,2.724747,178.988825,5.290070,1.080532,0.026172,0.982052
-0.035481,0.015102,0.321901,3.088647,20.009325,10.500173,3.450992,2.738405,178.965027,5.274470,1.080473,0.026109,0.981996
-0.034704,0.014408,0.316036,2.687994,20.009180,10.500122,3.446747,2.721834,178.939990,5.268018,1.080438,0.026064,0.981977
-0.034097,0.014350,0.311164,3.084001,20.009013,10.500023,3.447028,2.729972,178.908482,5.253090,1.080351,0.026007,0.981914
-0.036773,0.014952,0.330609,3.023724,20.008842,10.499960,3.449708,2.734649,178.889792,5.245581,1.080349,0.025989,0.981883
-0.036790,0.014943,0.312408,3.732524,20.009008,10.500115,3.448663,2.717117,178.872568,5.236972,1.080275,0.025951,0.981862
-0.036083,0.014656,0.329589,2.629769,20.009180,10.500175,3.446132,2.735628,178.941065,5.238549,1.080319,0.025951,0.981860
-0.038129,0.014929,0.326498,2.911361,20.009070,10.500118,3.446844,2.724062,179.033493,5.261620,1.080426,0.026027,0.981937
-0.038260,0.015188,0.331884,4.330944,20.009440,10.500053,3.448684,2.738144,179.034637,5.275027,1.080477,0.026079,0.981981
-0.037728,0.014295,0.321909,3.009716,20.009290,10.500047,3.448028,2.726478,178.914706,5.256577,1.080373,0.025982,0.981910
-0.038546,0.014632,0.322788,2.835572,20.008975,10.500028,3.449267,2.727010,178.889704,5.235682,1.080296,0.025883,0.981823
-0.039486,0.014744,0.305710,3.000491,20.008993,10.500003,3.447588,2.724428,178.887614,5.230677,1.080268,0.025901,0.981834
-0.036918,0.014344,0.286771,3.710533,20.009013,10.500128,3.445071,2.720393,178.830659,5.220769,1.080158,0.025855,0.981769
-0.037341,0.014270,0.322613,2.448958,20.009725,10.499957,3.446760,2.735924,178.882511,5.206027,1.080159,0.025780,0.981700
-0.038894,0.014003,0.294232,4.904105,20.009233,10.500105,3.444932,2.729978,178.985091,5.234623,1.080275,0.025873,0.981802
-0.034066,0.014948,0.342754,3.171076,20.009210,10.416840,3.448428,2.748759,179.102132,4.943180,1.080373,0.024627,0.981912
-0.034584,0.014835,0.314321,3.353313,20.009127,10.416770,3.445704,2.743333,179.202063,4.960863,1.080475,0.024657,0.981998
-0.034333,0.014407,0.277460,3.204089,20.009020,10.416612,3.445243,2.728313,179.271298,4.970792,1.080490,0.024652,0.982029
-0.038384,0.014563,0.287332,3.221583,20.009162,10.416708,3.446327,2.736053,179.273320,4.964067,1.080487,0.024652,0.982019
-0.039959,0.014112,0.307876,3.138352,20.009285,10.416693,3.445915,2.736671,179.292692,4.966350,1.080489,0.024657,0.982017
-0.036089,0.014169,0.284329,3.279287,20.009092,10.416725,3.446329,2.739582,179.236506,4.961282,1.080495,0.024629,0.981983
-0.038420,0.014828,0.314731,3.945429,20.009093,10.500005,3.446585,2.747666,178.983026,5.225373,1.080197,0.025835,0.981758
-0.036614,0.015075,0.313210,3.379691,20.009060,10.500175,3.449664,2.749626,178.820141,5.159825,1.079939,0.025601,0.981542
-0.035216,0.014214,0.328087,3.699419,20.009387,10.500093,3.448369,2.721548,178.831158,5.194012,1.080014,0.025668,0.981605
-0.035260,0.014318,0.292723,3.414796,20.009380,10.500147,3.448042,2.735704,178.798307,5.171802,1.079958,0.025606,0.981542
-0.034243,0.014797,0.321270,3.168815,20.009472,10.500008,3.448138,2.731220,178.763038,5.154626,1.079880,0.025514,0.981482
-0.037991,0.014274,0.266325,3.288891,20.009203,10.499975,3.445763,2.728263,178.756191,5.144979,1.079846,0.025469,0.981436
-0.037944,0.014889,0.329225,2.648778,20.009427,10.500052,3.448528,2.732490,178.720090,5.129351,1.079794,0.025416,0.981351
-0.036809,0.014315,0.289012,2.896151,20.009683,10.499962,3.445740,2.729057,178.710027,5.114196,1.079737,0.025355,0.981314
-0.036375,0.015071,0.278161,5.286847,20.009592,10.500043,3.450486,2.725291,178.699473,5.113258,1.079703,0.025369,0.981295
-0.034513,0.014466,0.321226,3.330282,20.009788,10.500108,3.447530,2.733437,178.691421,5.108764,1.079649,0.025345,0.981258
-0.037509,0.014763,0.344814,3.113602,20.009710,10.499988,3.448308,2.733419,178.688278,5.094576,1.079609,0.025311,0.981209
-0.035425,0.015707,0.331556,3.414912,20.009553,10.500025,3.450713,2.729285,178.687562,5.092017,1.079578,0.025287,0.981180
-0.036499,0.014843,0.299123,2.938413,20.009463,10.499958,3.450649,2.735214,178.724709,5.083343,1.079568,0.025254,0.981177
-0.032658,0.014890,0.329286,3.097146,20.009563,10.500107,3.448323,2.737153,178.700080,5.083516,1.079537,0.025232,0.981155
-0.036202,0.015095,0.263723,4.311583,20.009382,10.500077,3.450183,2.734084,178.866137,5.069376,1.079505,0.025217,0.981084
-0.035375,0.014682,0.318539,3.342842,20.009357,10.500030,3.447173,2.726065,178.824937,5.093824,1.079596,0.025350,0.981211
-0.036813,0.015189,0.286984,3.005095,20.009430,10.500047,3.450386,2.741634,178.817289,5.097455,1.079582,0.025322,0.981224
-0.034130,0.014629,0.320879,3.140921,20.009533,10.500065,3.449007,2.731212,178.812533,5.101057,1.079600,0.025315,0.981231
-0.036985,0.014926,0.340998,3.437196,20.009723,10.499980,3.450397,2.739885,178.677820,5.060037,1.079406,0.025171,0.981064
-0.033208,0.014537,0.313452,3.118751,20.009602,10.500028,3.448693,2.738356,178.696576,5.055808,1.079368,0.025103,0.980994
-0.032974,0.014631,0.319274,3.674538,20.009780,10.500082,3.446504,2.744111,178.736004,5.052860,1.079391,0.025101,0.981016
-0.034244,0.014606,0.317650,2.644714,20.009405,10.500052,3.446660,2.721027,178.798676,5.064590,1.079429,0.025105,0.981048
-0.037068,0.015215,0.295350,3.115021,20.009592,10.500078,3.449994,2.735789,178.853668,5.064566,1.079483,0.025138,0.981100
-0.036274,0.015000,0.320913,3.695071,20.009258,10.500085,3.448536,2.737694,178.848574,5.069527,1.079471,0.025133,0.981089
-0.035611,0.014742,0.327918,3.416767,20.009443,10.500067,3.448314,2.749058,178.839256,5.063357,1.079444,0.025109,0.981056
-0.036832,0.014504,0.296861,2.671374,20.009040,10.499998,3.446358,2.721655,178.859049,5.064458,1.079456,0.025100,0.981073
-0.035041,0.014903,0.311793,4.013798,20.009437,10.500032,3.446981,2.711563,178.704567,5.042108,1.079331,0.025020,0.980964
-0.033982,0.015170,0.333404,2.557671,20.009555,10.499915,3.450778,2.741342,178.644190,5.009382,1.079136,0.024933,0.980787
-0.038711,0.014931,0.321122,3.158898,20.009447,10.583320,3.448616,2.726815,178.688427,5.295466,1.079103,0.026238,0.980752
-0.036614,0.014984,0.311517,3.962740,20.009815,10.583335,3.451203,2.726721,178.709618,5.297312,1.079070,0.026207,0.980699
-0.040547,0.015162,0.334141,3.309619,20.009763,10.583387,3.450642,2.720809,178.684238,5.294873,1.079026,0.026208,0.980712
-0.038476,0.014350,0.343151,3.142810,20.009752,10.583307,3.445747,2.719274,178.652842,5.299758,1.079009,0.026185,0.980699
-0.038163,0.015736,0.326966,4.353514,20.009862,10.583288,3.450644,2.732829,178.664969,5.291816,1.078995,0.026145,0.980644
-0.037649,0.014562,0.326791,2.885685,20.009488,10.583443,3.448312,2.762059,178.669442,5.289479,1.078953,0.026153,0.980657
-0.038970,0.015094,0.320993,4.027397,20.009465,10.583413,3.451236,2.731228,178.606789,5.275715,1.078938,0.026090,0.980594
-0.032708,0.014786,0.322096,2.802130,20.009385,10.500028,3.447712,2.724316,178.595828,4.972329,1.078954,0.024760,0.980643
-0.038796,0.015303,0.329510,3.184490,20.009578,10.583225,3.450607,2.738857,178.580824,5.268625,1.078922,0.026053,0.980597
-0.035838,0.014941,0.347428,3.051731,20.009910,10.583405,3.449047,2.730174,178.576968,5.264611,1.078901,0.026027,0.980555
-0.035396,0.015118,0.335731,3.075468,20.009587,10.500117,3.449145,2.720764,178.984576,5.019225,1.079223,0.024890,0.980858
-0.035778,0.014911,0.278580,3.588668,20.009600,10.416825,3.446450,2.732474,179.332917,4.805920,1.079669,0.023845,0.981223
-0.036524,0.014390,0.292921,3.354056,20.009695,10.416683,3.444656,2.733999,179.443476,4.841308,1.079856,0.023961,0.981417
-0.031776,0.014461,0.293366,3.135170,20.009233,10.416810,3.445540,2.734501,179.385330,4.834198,1.079778,0.023955,0.981412
-0.035072,0.014577,0.281395,3.191644,20.009162,10.416782,3.444760,2.737549,179.347141,4.823954,1.079753,0.023920,0.981331
-0.035427,0.014918,0.274814,3.852004,20.009070,10.416842,3.449038,2.733756,179.321088,4.809753,1.079651,0.023872,0.981286
-0.031848,0.014391,0.303945,3.464253,20.009137,10.416718,3.444977,2.730009,179.342080,4.807641,1.079601,0.023850,0.981283
-0.036976,0.014487,0.308432,4.900032,20.009372,10.416682,3.446070,2.762261,179.577416,4.838617,1.079802,0.023944,0.981401
-0.036465,0.014110,0.294870,3.143956,20.009062,10.416720,3.442085,2.733500,179.802017,4.890472,1.080046,0.024126,0.981614
-0.035616,0.014760,0.294321,2.766220,20.009178,10.333297,3.444437,2.733677,179.968984,4.610378,1.080197,0.022876,0.981775
-0.034922,0.014044,0.301530,3.316716,20.009032,10.333463,3.442212,2.730189,180.104526,4.643586,1.080345,0.022941,0.981882
-0.033372,0.013701,0.286598,4.149307,20.008928,10.333410,3.440830,2.738760,180.199972,4.668582,1.080431,0.023022,0.981979
-0.035793,0.014071,0.299473,3.503016,20.008887,10.333335,3.442554,2.736673,180.234832,4.684762,1.080485,0.023052,0.982005
-0.035937,0.013711,0.262881,4.841083,20.008813,10.333203,3.441831,2.753025,180.229162,4.679577,1.080457,0.023064,0.982010
-0.033295,0.013819,0.244658,4.083443,20.009157,10.333275,3.441047,2.732853,180.149774,4.661228,1.080448,0.022980,0.981953
-0.032744,0.014629,0.310800,3.700145,20.009052,10.333383,3.442523,2.727624,179.846328,4.599084,1.080097,0.022791,0.981695
-0.036982,0.013495,0.298808,3.736364,20.008968,10.416767,3.441644,2.733187,179.593126,4.847383,1.079765,0.023902,0.981394
-0.032768,0.014045,0.298482,3.039406,20.008897,10.416575,3.442537,2.729379,179.408209,4.785217,1.079519,0.023707,0.981168
-0.037371,0.014292,0.310265,4.466355,19.925352,10.416797,3.445344,2.748054,178.233053,4.753190,1.079313,0.023589,0.980985
-0.034655,0.014277,0.309517,3.612544,20.008942,10.416628,3.445666,2.744015,179.223460,4.722187,1.079214,0.023501,0.980869
-0.041036,0.014819,0.301537,3.293002,20.008788,10.499973,3.446877,2.740172,179.188807,5.019630,1.079132,0.024782,0.980789
-0.036773,0.014266,0.291770,2.566988,20.008948,10.499985,3.445242,2.738417,179.172219,5.006194,1.079091,0.024725,0.980747
-0.036750,0.014746,0.318597,2.985127,20.009072,10.500027,3.447308,2.735874,179.186592,5.000817,1.079057,0.024700,0.980720
-0.038902,0.014899,0.295233,3.221414,20.009250,10.500108,3.447583,2.731941,179.175590,4.997620,1.079017,0.024665,0.980700
-0.034433,0.014439,0.328944,3.416574,20.008990,10.500147,3.446748,2.740964,179.184477,4.995528,1.079012,0.024658,0.980703
-0.038885,0.014757,0.283617,3.233510,20.008882,10.500158,3.446820,2.738714,179.163010,4.979602,1.078984,0.024593,0.980653
-0.036975,0.014206,0.271669,3.053086,20.008948,10.500010,3.445824,2.733661,179.158785,4.979552,1.078919,0.024547,0.980604
-0.039729,0.014489,0.317751,3.125374,20.009328,10.500053,3.443835,2.731710,179.244538,4.983476,1.078989,0.024608,0.980648
-0.031766,0.014150,0.315058,3.276646,20.009012,10.416708,3.443581,2.731528,179.296033,4.698640,1.079062,0.023324,0.980730
-0.039025,0.014554,0.301610,3.317086,20.009228,10.500108,3.447613,2.739348,179.218582,4.986302,1.078985,0.024620,0.980652
-0.037646,0.014607,0.322309,3.396750,20.009380,10.500120,3.446087,2.743401,179.139337,4.961764,1.078820,0.024505,0.980542
-0.035657,0.014277,0.317955,2.992326,20.009628,10.500057,3.445851,2.741384,179.090155,4.937437,1.078738,0.024388,0.980448
-0.034676,0.014677,0.288653,3.458229,20.009295,10.499973,3.447745,2.733844,179.049660,4.921092,1.078659,0.024334,0.980375
-0.036726,0.013940,0.313549,3.041778,20.009317,10.500070,3.444676,2.742102,179.146123,4.911998,1.078642,0.024297,0.980373
-0.036799,0.013895,0.303586,4.086704,20.009122,10.500077,3.443452,2.745433,179.349753,4.950738,1.078863,0.024439,0.980523
-0.032817,0.014337,0.304548,2.065473,20.009497,10.416668,3.443897,2.740826,179.512106,4.676732,1.079013,0.023203,0.980684
-0.033874,0.014356,0.279418,3.563460,20.009445,10.416825,3.446526,2.746756,179.623390,4.704401,1.079134,0.023282,0.980805
-0.033997,0.014892,0.278334,4.907537,20.008992,10.416702,3.444433,2.732544,179.703558,4.724837,1.079217,0.023311,0.980863
-0.034733,0.014113,0.273685,3.792497,20.009018,10.416720,3.441159,2.742655,179.761225,4.740912,1.079267,0.023373,0.980933
-0.037855,0.014564,0.293141,3.304757,20.009255,10.416697,3.443988,2.742372,179.800657,4.743239,1.079265,0.023365,0.980904
-0.035147,0.014372,0.289400,3.278697,20.009297,10.416842,3.441749,2.751274,179.832747,4.750947,1.079306,0.023407,0.980949
-0.035268,0.014292,0.310996,4.190310,20.009418,10.416598,3.441263,2.749972,179.651813,4.725639,1.079166,0.023294,0.980840
-0.034198,0.014787,0.278571,3.563761,20.009232,10.416760,3.445031,2.731885,179.417294,4.657733,1.078887,0.023104,0.980587
-0.035131,0.014528,0.298437,2.711603,20.009545,10.500007,3.445092,2.762168,179.254667,4.927981,1.078683,0.024330,0.980397
-0.034607,0.014175,0.309235,4.407857,20.009498,10.500132,3.444903,2.734413,179.152730,4.899518,1.078491,0.024168,0.980242
-0.037802,0.014239,0.305749,2.660389,20.009562,10.500095,3.445807,2.737537,179.071943,4.860391,1.078356,0.024036,0.980101
-0.033701,0.014138,0.309206,3.329649,20.009495,10.500050,3.444286,2.734323,179.034739,4.839789,1.078264,0.023967,0.980041
-0.035153,0.014089,0.299204,2.761714,20.009745,10.500170,3.442171,2.739920,179.011815,4.823587,1.078215,0.023926,0.979970
-0.035362,0.014622,0.326172,4.088764,20.009643,10.500072,3.444565,2.732185,179.088901,4.809927,1.078142,0.023856,0.979909
-0.034609,0.015074,0.328587,3.249936,20.009333,10.500055,3.448520,2.722263,179.029846,4.815523,1.078187,0.023858,0.979901
-0.034505,0.014107,0.334563,4.162446,20.009515,10.500037,3.443794,2.741568,179.050515,4.817187,1.078165,0.023857,0.979917
-0.034214,0.013746,0.310941,3.344203,20.009813,10.500133,3.443686,2.738116,179.051982,4.809386,1.078117,0.023815,0.979880
-0.034411,0.014826,0.322321,3.177886,20.009680,10.500088,3.445753,2.735031,179.069996,4.803838,1.078107,0.023791,0.979868
-0.034340,0.014123,0.317607,3.402026,20.009640,10.500018,3.446583,2.733043,179.133054,4.812507,1.078121,0.023806,0.979899
-0.034221,0.014186,0.325143,3.408037,20.009697,10.500067,3.443797,2.721204,179.234144,4.833945,1.078222,0.023826,0.979943
-0.039253,0.014567,0.303157,3.434404,20.009587,10.500135,3.445576,2.727990,179.199310,4.827518,1.078182,0.023837,0.979942
-0.035969,0.014312,0.328800,2.809298,20.009877,10.500065,3.445042,2.731637,179.116361,4.799699,1.078100,0.023737,0.979848
-0.034093,0.014702,0.325442,2.912620,20.009780,10.500018,3.446566,2.728057,178.996498,4.768691,1.077929,0.023637,0.979726
-0.033650,0.014756,0.293646,3.028447,20.009750,10.500035,3.445196,2.725772,178.928826,4.746866,1.077824,0.023550,0.979596
-0.035939,0.014582,0.297523,3.003784,20.010078,10.500060,3.448119,2.726537,178.903784,4.740761,1.077717,0.023537,0.979552
-0.032607,0.014911,0.331236,2.861715,20.009792,10.499982,3.448781,2.755931,179.060399,4.741729,1.077863,0.023530,0.979605
-0.034077,0.014562,0.328372,3.195735,20.009783,10.499988,3.444535,2.723481,179.273933,4.801984,1.078052,0.023687,0.979804
-0.033736,0.014314,0.313304,3.889796,20.009608,10.500233,3.444980,2.740403,179.436362,4.827439,1.078217,0.023834,0.979951
-0.031538,0.014089,0.292398,3.223816,20.009758,10.416812,3.443085,2.757026,179.534883,4.546094,1.078302,0.022534,0.980049
-0.034883,0.014307,0.313868,2.964974,20.009840,10.416665,3.444133,2.750185,179.609006,4.562242,1.078404,0.022578,0.980105
-0.034803,0.013876,0.282785,3.423380,20.009660,10.416703,3.442427,2.739898,179.644433,4.557715,1.078440,0.022586,0.980151
-0.035881,0.014040,0.293596,3.129082,20.009743,10.416728,3.443019,2.745493,179.655172,4.553800,1.078434,0.022542,0.980133
-0.034544,0.014524,0.315047,3.345578,20.009550,10.416768,3.445149,2.745907,179.574849,4.551667,1.078412,0.022555,0.980109
-0.037223,0.014780,0.285032,3.358628,20.009823,10.500017,3.445213,2.743178,179.324403,4.815395,1.078111,0.023780,0.979877
-0.033011,0.014964,0.289262,3.272769,20.009657,10.500188,3.447197,2.730514,179.119952,4.760924,1.077854,0.023527,0.979645
-0.033445,0.014951,0.293427,3.599599,20.009870,10.500005,3.445571,2.736024,179.030286,4.711959,1.077670,0.023368,0.979463
-0.033244,0.014891,0.335284,3.687980,20.009712,10.500130,3.446601,2.731832,178.904061,4.693188,1.077510,0.023293,0.979328
-0.034047,0.014620,0.325302,3.441182,20.009885,10.500012,3.444916,2.754375,178.864771,4.677003,1.077429,0.023233,0.979249
-0.039338,0.015433,0.316734,3.309505,20.009790,10.583478,3.448288,2.739772,178.830840,4.960974,1.077341,0.024499,0.979169
-0.035159,0.015022,0.286692,3.395779,20.009935,10.583258,3.448004,2.733352,178.812541,4.954935,1.077298,0.024437,0.979123
-0.034862,0.014659,0.308301,3.128135,20.009923,10.583502,3.446079,2.740199,178.809923,4.950154,1.077265,0.024419,0.979100
-0.035598,0.014766,0.325524,3.049870,20.009893,10.583353,3.445777,2.747402,178.836521,4.943919,1.077233,0.024376,0.979069
-0.034088,0.014695,0.323975,3.085786,20.009723,10.583295,3.445937,2.744026,178.881859,4.942771,1.077255,0.024399,0.979065
-0.032530,0.015138,0.325225,3.357859,20.009482,10.499992,3.447882,2.727472,178.911122,4.645494,1.077244,0.023059,0.979079
-0.032830,0.014794,0.298919,2.871611,20.009425,10.500105,3.448135,2.747346,178.972174,4.640259,1.077223,0.023026,0.979078
-0.033538,0.014935,0.290750,2.947610,20.009587,10.500043,3.446702,2.732768,179.099270,4.652717,1.077364,0.023074,0.979160
-0.031634,0.014463,0.298253,3.466977,20.009855,10.500038,3.444447,2.752096,179.156234,4.669039,1.077433,0.023113,0.979236
-0.031835,0.014152,0.279577,4.854337,20.009643,10.499975,3.442234,2.736789,179.070739,4.648721,1.077361,0.023075,0.979180
-0.034396,0.014897,0.296866,3.200325,20.010028,10.500145,3.444669,2.737310,178.949377,4.630284,1.077220,0.022982,0.979059
-0.037406,0.015175,0.300748,3.672875,20.009967,10.583447,3.448073,2.744889,178.846044,4.913890,1.077086,0.024257,0.978933
-0.038232,0.014653,0.306974,2.756891,20.009860,10.583413,3.447556,2.727558,178.773770,4.890676,1.076987,0.024131,0.978840
-0.033963,0.014559,0.314367,2.953900,20.010070,10.583297,3.446539,2.729365,178.835791,4.886420,1.076938,0.024118,0.978809
-0.032009,0.014464,0.296411,2.970924,20.009910,10.500028,3.444035,2.733368,179.049348,4.613688,1.077128,0.022905,0.978967
-0.033818,0.014160,0.298604,3.847096,20.009672,10.500008,3.442636,2.748120,179.214916,4.645161,1.077309,0.022971,0.979111
-0.034175,0.014662,0.298452,4.626576,20.009882,10.499987,3.446270,2.742389,179.320049,4.676881,1.077429,0.023064,0.979232
-0.033570,0.014214,0.251031,2.920261,20.009573,10.500170,3.445793,2.741596,179.386352,4.699325,1.077488,0.023107,0.979291
-0.034346,0.014368,0.322049,3.539931,20.009723,10.499963,3.443236,2.737422,179.415229,4.695366,1.077508,0.023117,0.979307
-0.035219,0.014550,0.287657,4.464938,20.009637,10.500093,3.441744,2.751133,179.407952,4.694436,1.077426,0.023109,0.979279
-0.034056,0.014216,0.313970,3.445602,20.009897,10.499972,3.443412,2.743541,179.388374,4.678374,1.077402,0.023044,0.979226
-0.035072,0.014624,0.290637,3.492628,20.009848,10.375468,3.444466,2.747523,179.178372,4.623667,1.077158,0.022852,0.979026
-0.032259,0.014709,0.335754,3.742196,20.009977,10.500062,3.445786,2.755475,178.964564,4.580702,1.076939,0.022750,0.978809
-0.033815,0.014265,0.306232,3.036895,20.010070,10.583302,3.445207,2.738982,178.808708,4.844050,1.076756,0.023900,0.978599
-0.033141,0.015008,0.341133,2.593010,20.010020,10.583377,3.448847,2.724827,178.706646,4.806639,1.076579,0.023770,0.978479
-0.035068,0.014710,0.326016,3.138207,20.010053,10.583393,3.445527,2.754038,178.638421,4.775106,1.076467,0.023684,0.978380
-0.033630,0.015273,0.304977,2.643652,20.009895,10.583485,3.449295,2.740284,178.629063,4.773828,1.076426,0.023641,0.978321
-0.032188,0.015334,0.330896,4.725796,20.010240,10.583278,3.447782,2.745568,178.621582,4.755140,1.076380,0.023572,0.978271
-0.036214,0.014771,0.332166,2.949759,20.009927,10.583482,3.446406,2.741202,178.616700,4.752887,1.076342,0.023549,0.978261
-0.033899,0.015133,0.339999,3.029851,20.009837,10.583437,3.449390,2.730537,178.621396,4.748490,1.076328,0.023535,0.978253
-0.033925,0.014989,0.313203,2.741598,20.010012,10.583480,3.447779,2.727859,178.630096,4.748883,1.076308,0.023524,0.978202
-0.033775,0.014753,0.302369,3.309544,20.009938,10.583270,3.446772,2.734624,178.650522,4.738897,1.076304,0.023475,0.978203
-0.036220,0.014655,0.305374,4.653343,20.010200,10.583382,3.447377,2.732803,178.677213,4.746627,1.076290,0.023497,0.978226
-0.035131,0.015583,0.331681,3.699396,20.010068,10.583485,3.451221,2.745047,178.769984,4.751990,1.076334,0.023525,0.978258
-0.033314,0.015008,0.320419,3.170964,20.009910,10.583342,3.446529,2.729743,178.883597,4.789657,1.076461,0.023599,0.978351
-0.034646,0.014017,0.309453,3.601720,20.009922,10.583365,3.444138,2.736642,178.831328,4.776496,1.076418,0.023567,0.978330
-0.031857,0.014195,0.330929,4.186810,20.010208,10.583323,3.443969,2.748609,178.709040,4.739703,1.076242,0.023470,0.978197
-0.033448,0.015198,0.310314,2.933134,20.010073,10.583487,3.447807,2.727359,178.639360,4.716218,1.076140,0.023391,0.978086
-0.032589,0.014236,0.323574,2.898221,20.010212,10.583532,3.443621,2.722224,178.592817,4.707962,1.076056,0.023330,0.978019
-0.036506,0.014969,0.315558,2.965904,20.010335,10.583388,3.447299,2.744964,178.583202,4.694590,1.076009,0.023300,0.977971
-0.031751,0.014890,0.288759,3.220561,20.010293,10.583413,3.447876,2.723683,178.727338,4.706119,1.076115,0.023312,0.978038
-0.035548,0.014467,0.311704,3.176139,20.009712,10.583425,3.446508,2.748950,178.863304,4.733097,1.076247,0.023402,0.978166
-0.036833,0.014970,0.321529,4.589214,20.010233,10.583497,3.445315,2.743915,178.935086,4.760921,1.076317,0.023449,0.978248
-0.034340,0.015175,0.320434,2.765720,20.010198,10.583388,3.448530,2.740341,179.006799,4.770509,1.076368,0.023540,0.978281
-0.037653,0.015269,0.282309,3.573329,20.010257,9.982898,3.448243,2.737591,179.018070,4.428276,1.076150,0.021963,0.978075
-0.036089,0.014877,0.314414,2.741060,20.010107,10.583262,3.444895,2.739122,179.048658,4.766145,1.076355,0.023516,0.978277
-0.035028,0.015167,0.309802,3.044400,20.010087,10.583427,3.447498,2.745976,179.066385,4.766404,1.076374,0.023518,0.978286
-0.033502,0.014764,0.260708,4.755614,20.010087,10.500165,3.445337,2.748586,179.021581,4.466840,1.076380,0.022163,0.978266
-0.034502,0.014431,0.280331,3.253495,20.009992,10.583457,3.444321,2.740183,178.825363,4.728509,1.076148,0.023327,0.978109
-0.034480,0.014544,0.312510,2.786478,20.010125,10.583353,3.447174,2.743327,178.666043,4.677514,1.075927,0.023164,0.977906
-0.033241,0.014895,0.318927,2.820969,20.010418,10.583237,3.446963,2.736026,178.565768,4.648974,1.075790,0.023069,0.977748
-0.033752,0.015084,0.337381,2.873370,20.010300,10.583408,3.445647,2.747588,178.502421,4.626631,1.075677,0.022983,0.977654
-0.032036,0.014765,0.319855,3.570729,20.010282,10.583493,3.446513,2.742369,178.481858,4.638521,1.075591,0.023043,0.977591
-0.036215,0.015213,0.350559,2.849347,20.010268,10.666362,3.448676,2.719327,178.460360,4.911337,1.075540,0.024222,0.977533
-0.038723,0.015118,0.318721,3.515567,20.010348,10.666845,3.447966,2.730257,178.453635,4.914047,1.075512,0.024222,0.977534
-0.039708,0.015806,0.333237,2.951333,20.010260,10.666648,3.450332,2.742409,178.438617,4.903902,1.075480,0.024186,0.977481
-0.036108,0.015023,0.312294,3.635244,20.010522,10.666697,3.448155,2.738482,178.412543,4.891246,1.075416,0.024118,0.977421
-0.036548,0.014735,0.339721,3.157680,20.010288,10.666683,3.447009,2.746255,178.392470,4.879718,1.075369,0.024084,0.977381
-0.035346,0.014209,0.334594,3.278576,20.009840,10.666833,3.445350,2.730035,178.370501,4.868604,1.075310,0.024016,0.977333
-0.033889,0.014451,0.311968,2.711655,20.010298,10.666752,3.445426,2.728403,178.373379,4.866765,1.075288,0.023996,0.977313
-0.035018,0.014887,0.335183,3.438524,20.010415,10.666685,3.447543,2.736622,178.349213,4.854381,1.075258,0.023955,0.977259
-0.035782,0.015019,0.344619,3.014643,20.010263,10.666660,3.448386,2.734968,178.344511,4.850776,1.075219,0.023930,0.977244
-0.034484,0.014431,0.320117,3.045694,20.010272,10.666582,3.446470,2.743148,178.341650,4.839389,1.075177,0.023885,0.977208
-0.034651,0.015023,0.317171,3.174519,20.010153,10.666687,3.446947,2.734945,178.306864,4.819570,1.075098,0.023811,0.977142
-0.033842,0.014503,0.328164,2.938683,20.010255,10.666830,3.445040,2.736107,178.275789,4.813500,1.075058,0.023782,0.977097
-0.032982,0.014990,0.337973,3.514880,20.010230,10.666775,3.447120,2.757154,178.267199,4.784511,1.074991,0.023725,0.977040
-0.036863,0.014256,0.298792,4.419757,20.010395,10.666693,3.446377,2.715386,178.440862,4.802863,1.075076,0.023761,0.977100
-0.032158,0.014310,0.335354,2.243085,20.010190,10.583310,3.445102,2.730645,178.697538,4.562496,1.075310,0.022612,0.977313
-0.032648,0.015212,0.339833,3.183531,20.010498,10.583338,3.445698,2.747064,178.913131,4.605192,1.075545,0.022749,0.977524
-0.035965,0.014780,0.301741,2.877011,20.010205,10.583470,3.446366,2.724118,179.079444,4.647482,1.075697,0.022877,0.977667
-0.031265,0.015058,0.314840,3.176532,20.010097,10.500093,3.446300,2.727449,179.206021,4.356733,1.075845,0.021654,0.977805
-0.031620,0.015053,0.302713,3.311246,20.009983,10.500123,3.445064,2.730943,179.281966,4.381266,1.075907,0.021680,0.977872
-0.033495,0.014512,0.286765,4.488482,20.009868,10.500133,3.444059,2.751159,179.315765,4.382926,1.075947,0.021687,0.977900
-0.030563,0.015301,0.295029,3.329911,20.009912,10.500105,3.446060,2.747093,179.306974,4.369433,1.075950,0.021658,0.977866
-0.034383,0.015467,0.298898,3.741426,20.010070,10.583483,3.448314,2.733699,179.053072,4.649031,1.075742,0.022896,0.977708
-0.033341,0.014969,0.303157,2.773778,20.010252,10.583237,3.445848,2.740552,178.751445,4.571183,1.075376,0.022617,0.977412
-0.035817,0.015033,0.331228,3.360388,20.010538,10.666650,3.447769,2.745163,178.540533,4.826594,1.075112,0.023778,0.977146
-0.037679,0.015022,0.319039,2.958553,20.010363,10.666737,3.447082,2.733021,178.417184,4.794365,1.074852,0.023631,0.976962
-0.032441,0.014693,0.281944,4.091285,20.010610,10.666737,3.447576,2.726855,178.360271,4.759258,1.074771,0.023521,0.976859
-0.033066,0.014788,0.325866,4.266163,20.010435,10.666612,3.449166,2.729041,178.320342,4.735576,1.074695,0.023432,0.976770
-0.035759,0.014452,0.268270,2.688600,20.009848,10.666763,3.445966,2.738252,177.798199,4.716457,1.074380,0.023378,0.976698
-0.038145,0.016130,0.369477,2.435819,19.997337,10.833397,3.455521,2.723087,177.360959,5.126500,1.073760,0.025353,0.975765
-0.038591,0.015608,0.355012,2.486155,19.969252,10.916773,3.451486,2.717747,175.766238,5.211560,1.072454,0.025831,0.974776
-0.038060,0.016925,0.418735,2.593678,19.722278,11.166760,3.461840,2.716970,174.914688,5.739024,1.070683,0.028601,0.973098
-0.034405,0.014523,0.317770,3.965040,19.882518,10.583377,3.447748,2.743431,177.480366,4.369621,1.074474,0.021601,0.976457
-0.036007,0.016091,0.413154,2.537481,19.937647,11.083303,3.453585,2.730828,178.175151,5.699696,1.072020,0.028245,0.974242
-0.031508,0.015409,0.361230,2.754340,19.949398,10.833352,3.450791,2.745477,177.198023,4.990633,1.072938,0.024823,0.975194
-0.036196,0.015553,0.338979,2.753666,19.967148,10.833210,3.451042,2.732112,177.216168,5.008508,1.073097,0.024860,0.975274
-0.035502,0.014833,0.357574,2.404896,19.955307,10.833368,3.449762,2.724721,177.257286,5.040407,1.073190,0.024945,0.975370
-0.037050,0.015604,0.350045,3.080238,19.955285,10.833363,3.453833,2.728291,177.274544,5.064105,1.073284,0.025004,0.975468
-0.038319,0.015356,0.362853,2.815434,19.968158,10.833287,3.449311,2.720047,177.300987,5.055414,1.073269,0.024964,0.975450
-0.037754,0.015533,0.340797,2.935848,19.969788,10.833208,3.451029,2.718368,177.355577,5.039040,1.073177,0.024920,0.975362
-0.031674,0.015691,0.350969,2.754991,19.943197,10.833330,3.452957,2.746014,177.246340,5.011395,1.073019,0.024827,0.975261
-0.034606,0.014895,0.367798,2.690605,19.982782,10.833377,3.449465,2.721942,177.329589,5.012099,1.073074,0.024830,0.975267
-0.036446,0.015117,0.351375,3.647456,19.983495,10.833388,3.449282,2.733259,177.459984,5.038618,1.073180,0.024899,0.975351
-0.035590,0.016331,0.365349,3.055122,19.978978,10.833388,3.452108,2.718516,177.543305,5.054649,1.073261,0.024970,0.975425
-0.031776,0.015763,0.315046,3.497665,20.011067,10.750057,3.451983,2.732995,177.663952,4.770324,1.073370,0.023674,0.975516
-0.032988,0.015333,0.333345,3.542403,20.004292,10.750017,3.450278,2.744371,177.711156,4.768301,1.073390,0.023675,0.975553
-0.031329,0.015708,0.335148,3.316084,19.989020,10.749963,3.449890,2.748757,177.769986,4.779939,1.073424,0.023687,0.975565
-0.033166,0.014968,0.335687,3.055733,20.010527,10.750015,3.448547,2.727241,177.817431,4.783581,1.073427,0.023690,0.975572
-0.031264,0.015207,0.344912,2.469644,20.010632,10.750115,3.448635,2.728182,177.761016,4.774689,1.073445,0.023648,0.975550
-0.035368,0.015573,0.357017,2.847780,19.953723,10.833363,3.449832,2.733156,177.496784,5.038666,1.073170,0.024907,0.975357
-0.033852,0.015652,0.368217,2.718472,19.969455,10.833268,3.452665,2.734771,177.286617,4.974940,1.072905,0.024639,0.975105
-0.033342,0.015371,0.340751,2.566611,19.980645,10.833372,3.450019,2.731595,177.186204,4.950387,1.072711,0.024564,0.974977
-0.034170,0.015200,0.339928,3.523834,19.948195,10.833373,3.449700,2.727208,177.154274,4.940634,1.072679,0.024475,0.974903
-0.036599,0.015552,0.342762,4.563658,19.960540,10.833460,3.453025,2.730594,177.158438,4.912648,1.072627,0.024405,0.974842
-0.032867,0.015096,0.356936,3.096025,19.949942,10.833355,3.451115,2.745499,177.203918,4.906326,1.072558,0.024377,0.974803
-0.036412,0.015484,0.374006,2.552697,19.983058,10.833502,3.450887,2.724823,177.127521,4.905275,1.072504,0.024348,0.974753
-0.033466,0.014989,0.365334,2.898180,19.886315,10.833315,3.450655,2.731964,177.138371,4.896156,1.072454,0.024313,0.974718
-0.034243,0.015542,0.374625,2.996858,19.999257,10.833290,3.449553,2.730634,177.125029,4.888298,1.072454,0.024269,0.974675
-0.032976,0.015511,0.358753,3.501744,19.963257,10.833382,3.450495,2.747284,177.125382,4.892824,1.072430,0.024289,0.974693
-0.034704,0.015997,0.378543,2.702387,19.910002,10.833247,3.452134,2.738729,177.141293,4.880070,1.072400,0.024259,0.974677
-0.035548,0.015981,0.376530,2.933647,19.929492,10.833317,3.453010,2.738528,177.181810,4.885300,1.072417,0.024242,0.974667
-0.035873,0.015721,0.322269,2.593027,19.941518,10.833358,3.451501,2.727998,177.225386,4.884969,1.072371,0.024232,0.974696
-0.035870,0.015436,0.349342,3.128302,19.941348,10.833447,3.451139,2.725410,177.228663,4.889006,1.072399,0.024218,0.974679
-0.033221,0.015170,0.360255,2.982679,19.932047,10.833345,3.448978,2.722987,177.122234,4.867040,1.072271,0.024170,0.974588
-0.035124,0.015597,0.295658,2.309533,19.973992,10.833415,3.452352,2.711821,177.177116,4.892142,1.072465,0.024225,0.974687
-0.033040,0.015561,0.332185,3.165874,19.912848,10.833393,3.451328,2.741419,177.133579,4.876205,1.072388,0.024177,0.974658
-0.032809,0.015592,0.360395,3.231985,19.926673,10.833330,3.449964,2.737556,177.106136,4.856997,1.072324,0.024110,0.974591
-0.033230,0.015631,0.337035,3.294542,19.932575,10.833403,3.451264,2.753854,177.128258,4.841448,1.072173,0.024031,0.974480
-0.033131,0.015847,0.354135,3.731166,20.010922,10.833393,3.452976,2.729007,177.234251,4.831357,1.072199,0.023997,0.974433
-0.035565,0.015400,0.351143,4.063358,19.992083,10.833410,3.451429,2.751452,177.336815,4.859477,1.072296,0.024078,0.974546
-0.033505,0.015093,0.302834,2.985717,20.010845,10.833490,3.448239,2.737624,177.409405,4.863240,1.072378,0.024102,0.974597
-0.035553,0.015381,0.360395,2.586837,20.010992,10.833375,3.449516,2.753749,177.439529,4.878206,1.072340,0.024128,0.974625
-0.032704,0.015189,0.348533,3.084626,20.011398,10.833452,3.448377,2.726206,177.434973,4.866052,1.072355,0.024090,0.974618
-0.033109,0.015093,0.314568,2.542525,19.977310,10.833427,3.449152,2.731307,177.387151,4.853443,1.072256,0.024044,0.974553
-0.034735,0.016055,0.351899,2.617835,19.954405,10.833442,3.452688,2.738159,177.357163,4.841800,1.072237,0.023998,0.974500
-0.033577,0.015858,0.359662,2.768940,19.938448,10.833352,3.451198,2.732175,177.160254,4.809775,1.072033,0.023901,0.974340
-0.035077,0.014940,0.362287,2.690198,19.932823,10.916627,3.448967,2.742099,177.135091,5.087663,1.071838,0.025127,0.974176
-0.035385,0.016115,0.368760,2.267236,19.908577,10.916705,3.450486,2.740382,177.095498,5.104092,1.071899,0.025203,0.974240
-0.034828,0.015811,0.372520,3.285877,19.946362,10.833455,3.453226,2.731901,177.046992,4.791551,1.071917,0.023794,0.974227
-0.032429,0.015675,0.360547,2.774281,19.936672,10.833505,3.451770,2.735446,177.013390,4.779711,1.071823,0.023734,0.974153
-0.035089,0.016152,0.353517,3.180439,19.968245,10.916810,3.453652,2.741234,176.976288,5.064103,1.071753,0.025001,0.974048
-0.037364,0.015791,0.371511,3.634379,20.009605,10.916793,3.451524,2.724166,176.969787,5.049916,1.071698,0.024933,0.973996
-0.037499,0.015673,0.376567,3.017773,19.927680,10.916822,3.451314,2.722463,176.964067,5.027857,1.071580,0.024865,0.973943
-0.036858,0.015693,0.375179,2.721755,19.924867,10.916720,3.451807,2.715078,176.951960,5.006116,1.071483,0.024796,0.973850
-0.033737,0.014987,0.363724,2.631508,19.968683,10.916688,3.451191,2.727366,176.935307,4.997206,1.071454,0.024736,0.973801
-0.035873,0.016129,0.324530,2.771263,19.950410,10.916652,3.451215,2.712545,176.922595,4.989376,1.071398,0.024710,0.973775
-0.036339,0.015852,0.354723,2.302739,19.919770,10.916653,3.451799,2.716055,176.907846,4.974448,1.071392,0.024656,0.973733
-0.035179,0.015610,0.372279,2.593841,19.913347,10.916752,3.450726,2.727987,176.960605,4.977796,1.071372,0.024663,0.973741
-0.036444,0.015541,0.370498,2.562271,19.925150,10.916755,3.450453,2.725497,177.027340,4.989934,1.071430,0.024680,0.973774
-0.035450,0.016199,0.338576,3.067879,19.907362,10.916653,3.455601,2.727193,176.976186,4.987825,1.071372,0.024644,0.973736
-0.033355,0.015939,0.367905,2.719503,19.836682,10.916693,3.453484,2.721930,176.933816,4.964008,1.071289,0.024625,0.973670
-0.034856,0.015747,0.362988,3.956862,19.875050,10.916637,3.452043,2.719113,176.970882,4.981590,1.071317,0.024624,0.973700
-0.035345,0.014953,0.340280,2.471003,19.928125,10.916663,3.449054,2.735807,176.992792,4.964555,1.071307,0.024559,0.973666
-0.033919,0.015824,0.351117,3.185741,19.940468,10.916800,3.450775,2.727284,176.904558,4.961228,1.071169,0.024575,0.973637
-0.033341,0.015803,0.383455,2.415863,19.935582,10.916708,3.452372,2.736740,176.989729,4.937778,1.071138,0.024472,0.973534
-0.034686,0.015011,0.371928,2.490819,19.894233,10.916770,3.448514,2.745300,177.202805,4.987836,1.071330,0.024591,0.973690
-0.033076,0.016250,0.348364,2.510963,19.893322,10.833292,3.451343,2.747106,177.360261,4.707510,1.071492,0.023337,0.973823
-0.031153,0.015846,0.348155,2.511044,19.951162,10.833448,3.452137,2.730835,177.446948,4.717818,1.071559,0.023386,0.973906
-0.033146,0.015273,0.354934,2.775787,19.940938,10.833315,3.448815,2.735684,177.492430,4.724121,1.071564,0.023389,0.973919
-0.034414,0.015871,0.325211,3.723799,19.969397,10.833422,3.450491,2.730030,177.525895,4.722828,1.071638,0.023398,0.973931
-0.033051,0.015428,0.327319,2.662397,19.936283,10.833500,3.449248,2.746035,177.522025,4.728729,1.071554,0.023404,0.973934
-0.032389,0.014873,0.364823,2.418004,19.968147,10.833415,3.449225,2.720869,177.413960,4.705371,1.071534,0.023325,0.973863
-0.034631,0.016182,0.362396,2.759532,19.952580,10.916670,3.452601,2.728985,177.110966,4.971584,1.071220,0.024515,0.973613
-0.034067,0.015840,0.331527,2.324328,19.940233,10.916808,3.453285,2.749340,176.825269,4.883204,1.070859,0.024211,0.973313
-0.035791,0.015430,0.364596,2.866498,19.951365,10.916827,3.449380,2.734839,176.829668,4.882042,1.070920,0.024175,0.973309
-0.034369,0.015217,0.386498,2.590616,19.909577,10.916797,3.449321,2.747995,176.811767,4.864230,1.070759,0.024117,0.973174
-0.031331,0.015661,0.374492,2.462696,19.890098,10.916667,3.451570,2.742022,176.829430,4.844645,1.070638,0.024044,0.973080
-0.032412,0.015925,0.363923,2.403962,19.946548,10.916707,3.452548,2.746187,176.870293,4.830843,1.070623,0.024022,0.973025
-0.034818,0.015682,0.377641,3.477980,19.929198,11.000038,3.452512,2.739462,176.820827,5.129978,1.070566,0.025381,0.973014
-0.035058,0.016224,0.387476,2.337931,19.940735,10.916613,3.451474,2.724290,176.806309,4.830014,1.070553,0.024006,0.972998
-0.034722,0.016045,0.364817,2.631511,20.003710,10.999937,3.451271,2.718942,176.742927,5.121300,1.070498,0.025298,0.972956
-0.033409,0.015181,0.330309,3.025571,19.878697,10.916683,3.450508,2.727760,176.762371,4.815183,1.070475,0.023922,0.972944
-0.034282,0.015698,0.376695,2.448982,19.963260,11.000080,3.451336,2.730590,176.775635,5.104124,1.070479,0.025223,0.972876
-0.036773,0.015581,0.379828,2.988048,19.918912,11.000133,3.452890,2.711803,176.752417,5.108455,1.070402,0.025259,0.972891
-0.032956,0.015866,0.367475,3.196672,19.922857,11.000058,3.453168,2.734215,176.744064,5.091732,1.070318,0.025134,0.972804
-0.034727,0.016145,0.330404,4.626284,19.895643,10.999947,3.451848,2.722969,176.781001,5.094513,1.070393,0.025158,0.972821
-0.036301,0.015259,0.365797,3.511431,19.888203,10.514923,3.451511,2.735750,176.742941,5.038816,1.070081,0.024863,0.972540
-0.035008,0.015675,0.376451,2.632741,19.871277,10.999917,3.451900,2.737662,176.795081,5.091743,1.070361,0.025160,0.972822
-0.031398,0.015836,0.344389,3.138672,19.942377,10.916690,3.450914,2.741239,176.830425,4.791413,1.070446,0.023797,0.972857
-0.032395,0.015829,0.360573,3.069807,19.932507,10.916633,3.450798,2.705028,176.796743,4.793029,1.070392,0.023787,0.972867
-0.034491,0.015847,0.356042,2.691875,19.876863,11.000072,3.452142,2.733727,176.742282,5.059720,1.070152,0.024993,0.972643
-0.032918,0.015303,0.372370,3.877026,19.852648,10.916770,3.449514,2.714607,176.545428,4.762378,1.070229,0.023659,0.972701
-0.035302,0.015453,0.358088,2.483515,19.896782,10.916688,3.451232,2.731247,177.018128,4.773381,1.070358,0.023681,0.972795
-0.032043,0.015543,0.336177,2.734847,19.868237,10.916530,3.448993,2.738756,177.116271,4.800515,1.070461,0.023760,0.972899
-0.031996,0.015833,0.311347,2.332373,19.944708,10.916715,3.448969,2.735941,177.137573,4.801666,1.070506,0.023761,0.972915
-0.035228,0.015944,0.360014,2.613018,19.900600,10.916692,3.452216,2.733117,177.133177,4.794501,1.070456,0.023739,0.972881
-0.033622,0.016285,0.350994,3.478163,19.939098,10.916745,3.451291,2.748747,177.104055,4.791332,1.070425,0.023702,0.972841
-0.035084,0.015523,0.376449,2.918638,19.892740,10.916712,3.449869,2.733980,177.070697,4.780666,1.070349,0.023656,0.972795
-0.033841,0.016002,0.363266,2.890331,19.955672,10.916708,3.450726,2.712847,176.819369,4.736523,1.070182,0.023520,0.972614
-0.034704,0.015763,0.361478,2.536326,19.946642,11.000003,3.449979,2.727477,176.720996,5.016181,1.069955,0.024746,0.972441
-0.038318,0.015249,0.308455,2.710451,19.906232,10.999975,3.448635,2.741210,176.750009,5.001160,1.069850,0.024686,0.972391
-0.035964,0.016135,0.377903,2.600885,19.846732,11.000143,3.453098,2.734726,176.796748,4.976175,1.069797,0.024588,0.972300
-0.035824,0.015016,0.376216,2.638815,19.906847,11.000102,3.448614,2.745417,176.807518,4.958983,1.069728,0.024573,0.972254
-0.035165,0.015198,0.347994,2.715735,19.872165,11.000087,3.451063,2.725632,176.786634,4.980106,1.069788,0.024642,0.972324
-0.033847,0.016640,0.376495,2.934665,19.911123,11.000125,3.454249,2.735399,176.766755,5.000931,1.069857,0.024664,0.972351
-0.035632,0.016610,0.352757,2.341440,19.886325,10.999575,3.455221,2.729648,176.759131,4.981566,1.069784,0.024604,0.972311
-0.036119,0.015672,0.381676,2.764011,19.870752,10.999963,3.450591,2.719149,176.741455,4.975295,1.069776,0.024566,0.972256
-0.034830,0.014887,0.368085,3.193931,19.890480,11.000108,3.449332,2.721069,176.707550,4.966700,1.069689,0.024493,0.972211
-0.035116,0.015926,0.386828,2.620920,19.894622,11.000083,3.451067,2.731143,176.673835,4.952025,1.069621,0.024428,0.972155
-0.034153,0.015432,0.371531,2.632666,19.836118,11.000087,3.450363,2.749695,176.654409,4.930416,1.069575,0.024388,0.972111
-0.036147,0.015825,0.384342,2.928010,19.778210,10.999960,3.453205,2.717806,176.574926,4.910347,1.069451,0.024295,0.972002
-0.033156,0.016293,0.355192,3.007555,19.788365,10.999995,3.454061,2.744568,176.583428,4.881109,1.069348,0.024191,0.971891
-0.032940,0.016861,0.365560,2.583548,19.845532,11.000105,3.457276,2.736497,176.687364,4.889043,1.069390,0.024234,0.971930
-0.034111,0.015397,0.371549,3.380199,19.833382,10.793358,3.449375,2.732906,176.754599,4.894211,1.069392,0.024232,0.971955
-0.034713,0.016009,0.378198,2.996623,19.887577,11.000137,3.452034,2.726503,176.731912,4.909886,1.069431,0.024267,0.971992
-0.033952,0.015668,0.345509,2.823726,19.921918,11.000053,3.451704,2.713809,176.703224,4.909372,1.069435,0.024250,0.971967
-0.033648,0.015974,0.362517,2.518434,19.892030,11.000073,3.453037,2.732404,176.605219,4.892032,1.069322,0.024211,0.971925
-0.031874,0.015713,0.382742,2.488432,19.910268,11.000043,3.452998,2.725701,176.514096,4.836517,1.069124,0.024000,0.971679
-0.032634,0.016578,0.364463,3.183749,19.849105,10.934098,3.454698,2.726406,176.550208,4.828406,1.069083,0.023962,0.971641
-0.032320,0.015935,0.359559,2.692488,19.830773,11.000082,3.451439,2.744780,176.593762,4.837942,1.069101,0.023982,0.971693
-0.034085,0.015719,0.379166,3.052652,19.834238,11.000083,3.452451,2.743295,176.607338,4.825509,1.069124,0.023960,0.971676
-0.034660,0.015982,0.374935,2.809511,19.879440,10.629633,3.453311,2.733992,176.566753,4.791840,1.068948,0.023769,0.971500
-0.035521,0.016031,0.369378,2.848106,19.855802,10.999960,3.451582,2.738924,176.513473,4.814543,1.068984,0.023880,0.971559
-0.030335,0.016373,0.367332,2.721988,19.882993,10.999993,3.453782,2.733239,176.551912,4.807047,1.068965,0.023857,0.971541
-0.031486,0.015803,0.400615,2.560201,19.904993,11.000032,3.452212,2.727204,176.641735,4.813113,1.069001,0.023853,0.971535
-0.033843,0.015732,0.351851,3.113256,19.854282,10.891852,3.453418,2.728955,176.680841,4.807136,1.068929,0.023815,0.971543
-0.032326,0.015772,0.345080,2.822471,19.854817,11.000053,3.451318,2.741546,176.647596,4.819834,1.068971,0.023887,0.971573
-0.033853,0.015570,0.346796,2.436369,19.833120,10.447018,3.451944,2.735931,176.590137,4.766691,1.068712,0.023623,0.971329
-0.032846,0.015481,0.355392,2.672593,19.832623,11.000055,3.451427,2.724760,176.598881,4.814221,1.068959,0.023865,0.971555
-0.034560,0.016320,0.387069,2.808959,19.892957,11.000093,3.453875,2.741403,176.596775,4.797680,1.068890,0.023788,0.971501
-0.034951,0.015498,0.381884,3.033148,19.812900,10.999965,3.451499,2.739620,176.578340,4.794680,1.068872,0.023752,0.971491
-0.034010,0.016292,0.372575,2.837335,19.903745,11.000188,3.454409,2.730009,176.523507,4.782151,1.068789,0.023690,0.971409
-0.035098,0.016776,0.381621,2.521236,19.851155,10.653222,3.452640,2.733481,176.481063,4.733938,1.068547,0.023471,0.971193
-0.039549,0.016866,0.369107,2.797621,19.815430,11.083297,3.455228,2.699034,176.495335,5.049415,1.068597,0.024922,0.971235
-0.032782,0.015813,0.378120,3.718160,19.858577,11.083440,3.453237,2.726837,176.458169,5.030846,1.068569,0.024866,0.971185
-0.037136,0.016140,0.389286,2.464695,19.881017,11.083335,3.454068,2.715106,176.457615,5.034238,1.068526,0.024841,0.971134
-0.034938,0.016080,0.397699,3.215868,19.840507,11.083370,3.451276,2.718470,176.448953,5.025141,1.068505,0.024840,0.971159
-0.038429,0.016706,0.377989,2.614198,19.863795,11.083432,3.456516,2.731420,176.413267,5.014453,1.068409,0.024756,0.971066
-0.038141,0.016916,0.394512,2.534682,19.846027,11.082593,3.454389,2.738316,176.427402,5.009736,1.068445,0.024742,0.971063
-0.035483,0.016256,0.390553,2.671164,19.867445,11.083278,3.455555,2.718346,176.430099,5.001811,1.068413,0.024687,0.970986
-0.036644,0.016762,0.391668,3.011078,19.830140,11.083295,3.456679,2.725005,176.511826,5.020405,1.068426,0.024775,0.971081
-0.033023,0.016332,0.369121,2.529181,19.842218,11.000095,3.452813,2.716942,176.506441,4.720116,1.068469,0.023441,0.971106
-0.030788,0.016121,0.359419,2.496396,19.832053,11.000073,3.452641,2.741389,176.504866,4.709642,1.068420,0.023374,0.971067
-0.037201,0.016367,0.383404,3.291685,19.854938,11.083313,3.455533,2.732087,176.393282,4.996305,1.068226,0.024631,0.970956
-0.034398,0.016552,0.380856,2.493692,19.828585,11.083443,3.454343,2.737725,176.403223,4.956157,1.068123,0.024470,0.970778
-0.032703,0.015922,0.371414,2.535945,19.913922,11.083372,3.452902,2.718606,176.510500,4.967667,1.068263,0.024517,0.970857
-0.037344,0.016358,0.380864,2.433440,19.874553,11.083388,3.452730,2.726171,176.561542,4.977832,1.068290,0.024594,0.970916
-0.032249,0.016480,0.364741,2.535290,19.898697,11.000018,3.454541,2.730475,176.566919,4.674899,1.068278,0.023212,0.970926
-0.034830,0.015680,0.380677,2.563527,19.862885,11.083428,3.451026,2.733666,176.520422,4.969634,1.068204,0.024520,0.970857
-0.036885,0.016410,0.393442,2.688897,19.840902,11.083407,3.453994,2.742755,176.450630,4.957100,1.068111,0.024425,0.970753
-0.035977,0.015761,0.396093,2.624369,19.856757,11.083310,3.452865,2.722625,176.391643,4.931934,1.068010,0.024335,0.970690
-0.034358,0.015909,0.372233,2.681223,19.963010,11.083280,3.450387,2.736853,176.463983,4.910427,1.068031,0.024286,0.970633
-0.035387,0.015824,0.366031,2.458316,19.886685,11.083418,3.451725,2.718005,176.469374,4.945082,1.068100,0.024420,0.970765
-0.036316,0.016686,0.379217,2.394257,19.858855,11.083398,3.455821,2.731769,176.504040,4.955618,1.068119,0.024452,0.970768
-0.036012,0.016119,0.343388,2.416432,19.873158,11.083522,3.450773,2.734261,176.539346,4.936665,1.068086,0.024381,0.970737
-0.034126,0.016088,0.383770,3.020833,19.887718,11.083353,3.451213,2.719491,176.483109,4.935967,1.068027,0.024341,0.970694
-0.033602,0.016055,0.392105,3.377992,19.819027,11.083375,3.452609,2.731886,176.429455,4.927816,1.067961,0.024325,0.970674
-0.033386,0.016327,0.366534,2.783169,19.869057,11.083393,3.451782,2.733617,176.427743,4.929337,1.068019,0.024327,0.970674
-0.034392,0.015265,0.380653,2.950369,19.918392,11.083240,3.448717,2.723290,176.470148,4.908360,1.067906,0.024192,0.970551
-0.032949,0.015775,0.398628,3.111713,19.837682,11.083350,3.450499,2.740307,176.428948,4.887544,1.067830,0.024148,0.970502
-0.034129,0.015399,0.376322,2.582907,19.858392,11.083360,3.448853,2.724989,176.437994,4.889896,1.067813,0.024119,0.970500
-0.036309,0.016750,0.376796,2.500409,19.869998,11.083417,3.454388,2.714831,176.406401,4.876430,1.067759,0.024077,0.970430
-0.032995,0.015864,0.399196,2.473744,19.875095,11.083363,3.450563,2.724726,176.396985,4.860812,1.067701,0.024034,0.970385
-0.035789,0.016728,0.361420,2.767083,19.854888,11.083400,3.455540,2.736312,176.319613,4.848395,1.067651,0.023991,0.970338
-0.035267,0.016352,0.377531,2.294472,19.852962,11.083268,3.453323,2.745239,176.292329,4.827870,1.067556,0.023907,0.970248
-0.033788,0.016471,0.366758,2.266922,19.834810,11.083367,3.455817,2.727798,176.381555,4.834862,1.067607,0.023938,0.970269
-0.033747,0.016229,0.375254,2.676654,19.857555,11.083423,3.454217,2.724839,176.500861,4.864746,1.067739,0.024004,0.970360
-0.031265,0.015479,0.344407,2.465568,19.909310,11.083348,3.450052,2.723817,176.443439,4.872824,1.067711,0.024036,0.970405
-0.034818,0.016703,0.354306,2.821813,19.836080,11.083372,3.455675,2.734613,176.426929,4.849481,1.067595,0.023928,0.970324
-0.031692,0.015563,0.368698,2.881083,19.860828,11.083352,3.451409,2.745912,176.348940,4.829408,1.067504,0.023865,0.970232
-0.030965,0.015814,0.374427,3.121522,19.888982,11.083300,3.450990,2.738442,176.191378,4.775610,1.067267,0.023669,0.969985
-0.031386,0.015483,0.379407,2.611066,19.946752,11.083365,3.451468,2.728308,176.241783,4.761433,1.067249,0.023634,0.969934
-0.033330,0.015967,0.331625,3.236518,19.830473,11.083407,3.452575,2.725646,176.293805,4.769096,1.067269,0.023663,0.970003
-0.029872,0.016506,0.390269,2.647443,19.861952,11.083402,3.455110,2.711148,176.304141,4.761101,1.067304,0.023616,0.969992
-0.031187,0.016088,0.382136,3.297346,19.815332,11.083503,3.452191,2.735428,176.292760,4.763589,1.067229,0.023615,0.969963
-0.033222,0.015882,0.396445,2.470248,19.809733,11.083452,3.451942,2.713213,176.258697,4.752314,1.067167,0.023551,0.969904
-0.031839,0.016693,0.360309,2.683840,19.825775,11.083253,3.455091,2.716194,176.211571,4.737659,1.067094,0.023486,0.969815
-0.032882,0.015937,0.356682,2.122097,19.826330,11.083408,3.451397,2.735544,176.162255,4.722797,1.067073,0.023431,0.969739
-0.031987,0.016715,0.385683,2.576601,19.848822,11.083292,3.456924,2.734273,176.297117,4.746937,1.067188,0.023540,0.969892
-0.032638,0.016330,0.364036,2.633891,19.783745,11.083392,3.455476,2.730357,176.334083,4.757700,1.067153,0.023551,0.969905
-0.031755,0.016719,0.399019,3.055223,19.809015,11.083462,3.456039,2.728711,176.310394,4.742177,1.067129,0.023518,0.969870
-0.032837,0.015746,0.382235,2.712922,19.841492,11.083420,3.450423,2.739406,176.292269,4.750705,1.067154,0.023535,0.969873
-0.032152,0.016017,0.370931,3.407294,19.717638,11.083402,3.454686,2.740919,176.329489,4.744941,1.067131,0.023496,0.969858
-0.032340,0.015933,0.406552,2.114222,19.724182,11.083317,3.449839,2.736795,176.324408,4.738088,1.067057,0.023486,0.969806
-0.030346,0.016193,0.359990,2.314275,19.810792,11.083338,3.452750,2.741098,176.364000,4.724451,1.067013,0.023410,0.969754
-0.030619,0.015899,0.351629,2.637990,19.869603,11.083363,3.451085,2.719616,176.322246,4.716809,1.066957,0.023364,0.969696
-0.032652,0.016472,0.370782,2.795122,19.809615,11.083395,3.452885,2.747653,176.234972,4.695758,1.066878,0.023267,0.969633
-0.031428,0.016115,0.363326,2.707859,19.708480,11.083447,3.453646,2.726434,176.233274,4.686099,1.066819,0.023278,0.969601
-0.033111,0.015655,0.354733,4.444218,19.798643,11.083357,3.452705,2.728514,176.237872,4.691774,1.066861,0.023268,0.969611
-0.030401,0.016336,0.396635,2.751198,19.833467,11.083375,3.452792,2.731927,176.235457,4.673850,1.066755,0.023178,0.969507
-0.031793,0.016103,0.379739,2.766241,19.914255,11.083310,3.453406,2.724391,176.240884,4.680335,1.066810,0.023219,0.969538
-0.032329,0.016547,0.328608,4.340182,19.850683,11.083282,3.455028,2.741658,176.310577,4.660118,1.066748,0.023135,0.969506
-0.032565,0.015685,0.377430,2.805876,19.870880,11.083363,3.451392,2.729026,176.315300,4.659529,1.066704,0.023143,0.969454
-0.032337,0.016699,0.386577,3.103699,19.912973,11.083390,3.455796,2.743152,176.321485,4.662644,1.066639,0.023131,0.969433
-0.031557,0.016176,0.384736,2.428385,19.830673,11.083403,3.452714,2.722924,176.323620,4.656929,1.066630,0.023123,0.969419
-0.032565,0.016232,0.375261,2.889173,19.913178,11.166672,3.453566,2.728074,176.328766,4.970174,1.066739,0.024547,0.969483
-0.032579,0.016736,0.362524,2.763843,19.911507,11.166727,3.455246,2.726121,176.079923,4.934436,1.066440,0.024354,0.969305
-0.034944,0.015759,0.378320,2.582564,19.794832,11.166673,3.451891,2.720386,176.010665,4.887715,1.066269,0.024123,0.969082
-0.034720,0.016461,0.360448,2.173264,19.793378,11.166735,3.451321,2.722071,176.049889,4.871483,1.066251,0.024085,0.969048
-0.037178,0.015806,0.390673,2.910371,19.786203,11.166662,3.451313,2.729595,176.136606,4.890898,1.066289,0.024117,0.969078
-0.035020,0.016278,0.385367,3.323651,19.775477,11.166620,3.452608,2.731113,176.184356,4.899600,1.066301,0.024140,0.969118
-0.034135,0.016206,0.391887,2.678187,19.886347,11.166712,3.451556,2.743356,176.220325,4.890737,1.066345,0.024134,0.969109
-0.034616,0.016647,0.384609,2.494471,19.754197,11.166692,3.452592,2.727569,176.233129,4.897734,1.066318,0.024152,0.969121
-0.035619,0.016424,0.374930,2.546265,19.911730,11.166717,3.453221,2.723278,176.236346,4.890673,1.066321,0.024118,0.969084
-0.034746,0.016208,0.400533,2.674072,19.856383,11.166657,3.453539,2.728237,176.055398,4.872262,1.066206,0.024031,0.969006
-0.033064,0.016384,0.345718,2.708795,19.837267,11.166737,3.453298,2.734203,176.185662,4.878074,1.066252,0.024064,0.969024
-0.034789,0.016383,0.396193,2.611047,19.747162,11.166753,3.453304,2.745220,176.207741,4.871746,1.066223,0.024072,0.969056
-0.033846,0.016392,0.382703,2.707626,19.745090,11.166693,3.454033,2.732622,176.194145,4.884403,1.066256,0.024114,0.969091
-0.031752,0.016207,0.385036,2.853876,19.776372,11.083347,3.454862,2.726542,176.216928,4.575508,1.066243,0.022704,0.969057
-0.033127,0.016534,0.388679,2.629706,19.783895,11.163108,3.453507,2.727599,176.168763,4.868921,1.066170,0.023986,0.968993
-0.033264,0.016397,0.369301,2.421256,19.678895,10.929865,3.455059,2.738629,176.056435,4.833887,1.065968,0.023830,0.968830
-0.031829,0.015895,0.365415,2.879517,19.793710,11.166738,3.452457,2.722426,176.168994,4.823578,1.066008,0.023822,0.968824
-0.033233,0.016306,0.373224,2.718230,19.772482,11.166722,3.450468,2.736003,176.306171,4.862924,1.066143,0.023977,0.968951
-0.032685,0.016476,0.388490,2.603086,19.883522,11.083242,3.455602,2.729945,176.413397,4.574291,1.066269,0.022652,0.969025
-0.033637,0.016853,0.383974,2.533284,19.856457,11.083327,3.455015,2.740224,176.477510,4.576436,1.066306,0.022692,0.969111
-0.030435,0.016423,0.387177,2.614225,19.787480,11.083457,3.453194,2.753490,176.525359,4.590150,1.066330,0.022704,0.969141
-0.034252,0.016078,0.383707,2.471263,19.769568,11.083377,3.451169,2.740526,176.562927,4.581500,1.066337,0.022683,0.969135
-0.031216,0.015698,0.364905,2.635813,19.806842,11.083378,3.449506,2.732392,176.580148,4.579785,1.066331,0.022658,0.969102
-0.032397,0.016024,0.325247,2.618638,19.922518,11.083265,3.453296,2.736907,176.569059,4.575250,1.066319,0.022644,0.969096
-0.031645,0.015549,0.373821,2.383718,19.813898,11.083358,3.448944,2.730656,176.545664,4.574984,1.066244,0.022650,0.969063
-0.030122,0.015681,0.319950,3.729553,19.821187,11.083378,3.449789,2.726236,176.503390,4.557532,1.066202,0.022575,0.968999
-0.029447,0.016620,0.363546,2.814280,19.798317,10.970192,3.454381,2.737907,176.441894,4.536018,1.066044,0.022478,0.968872
-0.032154,0.016477,0.349018,2.835235,19.886482,11.083347,3.451940,2.749712,176.411623,4.529588,1.066004,0.022473,0.968844
-0.032748,0.015756,0.365888,2.732728,19.826565,11.083473,3.450060,2.738992,176.573810,4.541514,1.066042,0.022511,0.968901
-0.033234,0.015474,0.373247,2.873400,19.837348,11.083443,3.448804,2.739964,176.840352,4.579198,1.066291,0.022602,0.969074
-0.032532,0.016362,0.364119,2.746186,19.893765,10.619732,3.448945,2.736073,177.080730,4.295856,1.066400,0.021301,0.969149
-0.030669,0.015992,0.348221,3.261104,19.830045,11.000137,3.449992,2.745527,177.297098,4.363098,1.066697,0.021544,0.969485
-0.029524,0.015339,0.347653,2.593355,19.805278,11.000143,3.446545,2.742147,176.479622,4.384203,1.066888,0.021619,0.969600
-0.032300,0.015376,0.305497,2.592846,19.845705,10.581310,3.444915,2.748528,177.512518,4.376513,1.066794,0.021542,0.969540
-0.035602,0.015823,0.325820,2.891880,19.775508,10.115602,3.448293,2.744452,177.537008,4.362139,1.066627,0.021407,0.969402
-0.032420,0.015976,0.345704,2.681115,19.925632,11.000180,3.446678,2.732214,177.583003,4.416960,1.067016,0.021714,0.969692
-0.036587,0.015664,0.349683,2.790172,19.835698,10.569737,3.447106,2.730737,177.309004,4.352328,1.066659,0.021467,0.969448
-0.029460,0.015922,0.351210,3.659069,19.891432,11.000093,3.448969,2.737480,177.003808,4.322811,1.066467,0.021410,0.969271
-0.033474,0.016153,0.374416,2.824912,19.817545,10.837918,3.453361,2.724379,176.682593,4.529888,1.066011,0.022386,0.968872
-0.028962,0.015698,0.392817,2.969903,19.817600,11.083347,3.450924,2.721814,176.436027,4.493436,1.065823,0.022295,0.968681
-0.033030,0.016617,0.380590,3.200670,19.826217,11.166712,3.453842,2.752471,176.250897,4.757523,1.065561,0.023463,0.968468
-0.034241,0.016488,0.385112,3.166383,19.812348,11.166715,3.456021,2.729266,176.142285,4.723437,1.065407,0.023300,0.968336
-0.032152,0.015920,0.380616,2.506622,19.772870,11.166618,3.452569,2.740642,176.079902,4.689756,1.065306,0.023207,0.968205
-0.029394,0.016689,0.385070,2.591638,19.745890,11.166675,3.452720,2.742098,176.061362,4.667765,1.065199,0.023134,0.968139
-0.031067,0.016768,0.387039,2.602182,19.766187,11.166740,3.453759,2.735902,176.027325,4.658146,1.065135,0.023081,0.968065
-0.030047,0.016507,0.398935,3.559435,19.789122,11.166760,3.453278,2.734694,176.028522,4.644639,1.065091,0.023037,0.968013
-0.029502,0.016238,0.374879,2.632231,19.682920,11.166680,3.454908,2.715272,176.033328,4.643852,1.065054,0.023004,0.967989
-0.034012,0.016835,0.386108,2.739785,19.697918,11.166790,3.455708,2.732353,176.027459,4.634462,1.065006,0.022970,0.967956
-0.031777,0.015823,0.371720,2.682891,19.681908,11.166637,3.452831,2.737833,176.013509,4.624936,1.064928,0.022932,0.967926
-0.033200,0.015936,0.405587,2.844906,19.647453,11.166645,3.450726,2.728565,176.014811,4.625018,1.064919,0.022898,0.967888
-0.032711,0.016048,0.386818,2.417987,19.776578,11.166690,3.450384,2.733064,176.010422,4.603113,1.064895,0.022837,0.967816
-0.033648,0.016800,0.361163,3.050949,19.704322,11.166718,3.454946,2.736807,176.056205,4.613205,1.064871,0.022848,0.967830
-0.031627,0.016514,0.372480,2.991082,19.748910,11.166763,3.454076,2.707390,176.087851,4.602730,1.064890,0.022816,0.967825
-0.032093,0.016856,0.367687,2.236443,19.723458,11.166643,3.454462,2.726909,176.111965,4.602836,1.064868,0.022822,0.967830
-0.030201,0.016062,0.369231,3.341397,19.746872,11.166790,3.451979,2.721676,176.145996,4.599724,1.064812,0.022789,0.967788
-0.033696,0.016047,0.316907,3.747986,19.750577,11.166615,3.452242,2.727555,176.351678,4.622236,1.064965,0.022828,0.967895
-0.035342,0.016393,0.371888,3.335132,19.782285,11.045028,3.451374,2.747556,176.538208,4.653009,1.065110,0.022922,0.968011
-0.029467,0.016061,0.378932,2.316197,19.756628,11.083442,3.451186,2.726539,176.675114,4.386934,1.065277,0.021740,0.968185
-0.031618,0.015985,0.382100,3.128244,19.790415,11.083365,3.451534,2.741003,176.762124,4.397707,1.065381,0.021768,0.968254
-0.028883,0.016150,0.375454,2.816458,19.817765,11.083388,3.453012,2.747899,176.807527,4.398764,1.065416,0.021781,0.968298
-0.034011,0.016041,0.363647,3.156381,19.742625,10.542097,3.449043,2.737071,176.811045,4.358238,1.065178,0.021549,0.968110
-0.030334,0.015721,0.338951,2.950536,19.810865,11.083348,3.448365,2.746475,176.837289,4.387677,1.065354,0.021704,0.968224
-0.030592,0.015674,0.364013,2.560503,19.796010,11.083390,3.449616,2.747676,176.727691,4.382300,1.065281,0.021685,0.968182
-0.031796,0.016638,0.370660,2.633684,19.773177,11.166715,3.451615,2.746122,176.436947,4.648393,1.064996,0.022865,0.967957
-0.030968,0.015641,0.348809,3.372521,19.758387,11.166708,3.452027,2.724956,176.195417,4.575144,1.064691,0.022625,0.967692
-0.031071,0.016886,0.386168,2.768779,19.692483,10.752008,3.452332,2.732213,175.999874,4.495826,1.064252,0.022313,0.967314
-0.034738,0.016424,0.368578,2.761146,19.753028,11.250033,3.451041,2.725509,175.928387,4.812107,1.064289,0.023683,0.967304
-0.037939,0.015713,0.375933,2.332905,19.637317,10.092288,3.451868,2.729646,175.805287,4.684453,1.063665,0.023077,0.966748
-0.032818,0.016123,0.379390,3.096073,19.728625,11.249943,3.452149,2.739753,175.814839,4.746455,1.064071,0.023462,0.967085
-0.033464,0.015914,0.400519,2.865072,19.784897,11.250012,3.452891,2.735141,175.796800,4.735970,1.064023,0.023412,0.967051
-0.030113,0.016422,0.390897,2.571971,19.734362,11.249955,3.453724,2.734054,175.781707,4.728534,1.063980,0.023386,0.967012
-0.033190,0.016678,0.398312,2.520280,19.808520,11.250045,3.456541,2.726562,175.783256,4.727839,1.063926,0.023357,0.966974
-0.034245,0.017006,0.406186,3.064715,19.833003,11.250020,3.456175,2.733961,175.791089,4.720575,1.063938,0.023353,0.966960
-0.032088,0.017230,0.384238,2.675210,19.689760,11.249998,3.456080,2.720962,175.782535,4.712796,1.063832,0.023318,0.966933
-0.034187,0.017287,0.377412,2.718764,19.702627,11.250208,3.457205,2.722535,175.768256,4.706296,1.063878,0.023280,0.966891
-0.030970,0.016300,0.380407,2.830549,19.797895,11.249957,3.452176,2.721849,175.739653,4.703834,1.063796,0.023244,0.966863
-0.032059,0.016147,0.354150,2.625011,19.690377,11.250042,3.453036,2.714343,175.707670,4.679366,1.063730,0.023187,0.966808
-0.033623,0.016677,0.382851,2.309171,19.688622,10.850305,3.454172,2.737767,175.679363,4.639219,1.063506,0.022967,0.966558
-0.031270,0.016128,0.375675,2.346400,19.685158,11.250038,3.452024,2.728767,175.687753,4.659641,1.063596,0.023094,0.966688
-0.031024,0.016961,0.403330,2.726213,19.702695,11.250103,3.455700,2.747701,175.667147,4.653799,1.063597,0.023052,0.966645
-0.030887,0.016484,0.369992,2.650138,19.657195,11.250092,3.454098,2.738409,175.657540,4.641340,1.063501,0.023022,0.966601
-0.032090,0.016817,0.401519,2.539006,19.652438,10.751623,3.453912,2.721769,175.726807,4.596988,1.063293,0.022796,0.966414
-0.032134,0.016690,0.356718,2.355451,19.713322,11.109712,3.454106,2.729023,175.976053,4.655139,1.063650,0.023007,0.966689
-0.033072,0.016535,0.364950,3.994325,19.769325,11.249987,3.454428,2.725920,176.181847,4.719885,1.063918,0.023253,0.966905
-0.028130,0.016823,0.389655,2.403511,19.738217,11.166663,3.455592,2.737855,176.305189,4.443198,1.064029,0.021997,0.967045
-0.031721,0.016686,0.343141,3.655170,19.802455,11.166578,3.452320,2.730283,176.377244,4.444920,1.064113,0.022013,0.967109
-0.031728,0.015851,0.317179,2.819219,19.671760,10.815167,3.450273,2.730518,176.396281,4.426489,1.063956,0.021887,0.967008
-0.028823,0.016109,0.389892,3.345315,19.764510,11.166792,3.451772,2.722195,176.419542,4.446672,1.064094,0.021977,0.967091
-0.029617,0.015981,0.342951,3.006425,19.772322,11.166662,3.450421,2.738965,176.418394,4.441667,1.064071,0.021967,0.967079
-0.037281,0.016123,0.381449,3.761999,19.675663,10.042592,3.452579,2.755767,176.214331,4.335705,1.063508,0.021450,0.966567
-0.031684,0.015924,0.394896,2.492759,19.718833,11.250100,3.449460,2.745601,176.018998,4.680681,1.063645,0.023062,0.966734
-0.030244,0.015645,0.384988,3.611738,19.681263,11.249993,3.449816,2.728349,175.839491,4.630988,1.063457,0.022879,0.966542
-0.036514,0.016495,0.413325,4.053677,19.642527,10.014123,3.453781,2.743088,175.664200,4.485678,1.062749,0.022205,0.965885
-0.032427,0.016375,0.404475,2.429536,19.661552,11.250042,3.452841,2.721741,175.663883,4.571520,1.063120,0.022665,0.966238
-0.033085,0.016517,0.366230,2.568592,19.713040,11.333395,3.452400,2.737600,175.633911,4.856563,1.063082,0.023972,0.966195
-0.034978,0.016341,0.382704,2.999014,19.689827,11.327208,3.451802,2.724071,175.623673,4.848705,1.063031,0.023941,0.966154
-0.032266,0.016557,0.397094,2.514481,19.708813,11.333200,3.453596,2.735171,175.596567,4.846860,1.062945,0.023888,0.966114
-0.033651,0.016921,0.393763,2.370684,19.707387,11.333323,3.455936,2.739776,175.588780,4.843074,1.062956,0.023865,0.966095
-0.035774,0.017415,0.405393,2.373862,19.656853,11.087950,3.456580,2.745583,175.574692,4.815503,1.062803,0.023731,0.965955
-0.031940,0.016935,0.409603,2.785790,19.686955,11.333158,3.455880,2.741546,175.597140,4.822142,1.062851,0.023781,0.965990
-0.031914,0.016469,0.390114,2.249544,19.665097,11.333378,3.454522,2.717187,175.594280,4.823530,1.062824,0.023769,0.965985
-0.034981,0.016780,0.379633,2.629769,19.629992,11.078250,3.457688,2.726105,175.562877,4.780623,1.062679,0.023593,0.965840
-0.036341,0.016428,0.401414,2.491168,19.646475,10.962030,3.453748,2.740588,175.529887,4.762451,1.062548,0.023478,0.965729
-0.040895,0.016464,0.405354,2.790463,19.574877,9.900730,3.453218,2.747003,175.438112,4.646078,1.061991,0.022893,0.965196
-0.037572,0.016691,0.401387,2.427776,19.575535,10.277080,3.453011,2.751898,175.419237,4.649898,1.062014,0.022973,0.965233
-0.033816,0.016932,0.405570,2.616052,19.632023,11.228192,3.457046,2.717182,175.458182,4.717063,1.062385,0.023337,0.965600
-0.031827,0.016100,0.426383,2.595223,19.647187,11.089415,3.453770,2.740724,175.433896,4.699791,1.062296,0.023254,0.965520
-0.029368,0.016613,0.415829,2.315214,19.629842,11.333473,3.453576,2.730716,175.499655,4.717935,1.062370,0.023337,0.965563
-0.030736,0.016449,0.373028,2.684929,19.614655,11.333442,3.452192,2.740538,175.540587,4.722552,1.062424,0.023341,0.965593
-0.033437,0.016339,0.418291,2.501655,19.613490,10.668033,3.453060,2.728657,175.680618,4.707527,1.062287,0.023157,0.965456
-0.028387,0.016468,0.363680,2.945779,19.649892,11.250095,3.451402,2.741651,175.831085,4.475467,1.062641,0.022166,0.965792
-0.030356,0.016934,0.402849,1.981975,19.726258,11.249980,3.454322,2.751596,175.922214,4.486288,1.062745,0.022190,0.965879
-0.031862,0.016460,0.360784,2.939304,19.691415,11.250040,3.454410,2.757820,176.002564,4.495148,1.062800,0.022229,0.965918
-0.033259,0.015802,0.406514,3.065850,19.707592,11.249982,3.451090,2.756962,176.121575,4.519240,1.062901,0.022304,0.966028
-0.030168,0.015821,0.394373,2.491066,19.704078,11.249995,3.447846,2.741330,176.136695,4.522190,1.062912,0.022319,0.966048
-0.030233,0.015889,0.375966,3.715718,19.704622,11.250072,3.449712,2.752039,176.095640,4.510365,1.062851,0.022274,0.965998
-0.033090,0.016579,0.378625,2.641365,19.785057,11.113085,3.454637,2.721730,175.883291,4.470890,1.062679,0.022122,0.965811
-0.033630,0.016463,0.381389,2.557956,19.763405,11.333453,3.450434,2.725359,175.626972,4.735522,1.062398,0.023331,0.965603
-0.033031,0.016401,0.421692,2.429610,19.738048,11.027750,3.453850,2.732483,175.409022,4.644372,1.062027,0.022983,0.965267
-0.030200,0.016929,0.397556,3.034540,19.685705,11.333503,3.456334,2.731929,175.312608,4.634585,1.061960,0.022978,0.965183
-0.031074,0.016853,0.387938,3.212314,19.685397,11.201025,3.454863,2.717307,175.264556,4.606369,1.061815,0.022853,0.965056
-0.032294,0.017504,0.414956,2.809621,19.725177,11.333517,3.457777,2.736027,175.230313,4.609396,1.061796,0.022860,0.965031
-0.029545,0.016940,0.369086,4.114305,19.619402,11.333345,3.456457,2.725345,175.233644,4.598272,1.061726,0.022831,0.964988
-0.032186,0.017169,0.414238,2.451547,19.585052,11.416642,3.457569,2.732803,175.220406,4.887310,1.061681,0.024117,0.964939
-0.032760,0.017258,0.404891,2.529341,19.636228,11.416642,3.457575,2.738906,175.201788,4.878558,1.061628,0.024073,0.964884
-0.034233,0.017654,0.418177,2.313199,19.641245,11.416752,3.456605,2.739404,175.168184,4.864110,1.061570,0.024006,0.964823
-0.033648,0.017356,0.422970,2.577024,19.657063,11.416792,3.456901,2.718183,175.143529,4.854578,1.061525,0.023927,0.964750
-0.031536,0.017318,0.405448,2.465716,19.636512,11.416668,3.459482,2.743723,175.142597,4.848371,1.061495,0.023918,0.964736
-0.034573,0.016546,0.419945,2.389217,19.587173,11.361047,3.452853,2.720283,175.134290,4.830851,1.061425,0.023857,0.964690
-0.032226,0.016424,0.413260,2.439355,19.664353,11.416785,3.456441,2.736680,175.127005,4.831335,1.061426,0.023823,0.964647
-0.030847,0.016748,0.378038,2.363177,19.650347,11.416605,3.454904,2.731212,175.096783,4.819277,1.061328,0.023786,0.964613
-0.031414,0.016161,0.419509,2.417935,19.728550,11.416777,3.453096,2.718963,175.108851,4.815389,1.061342,0.023744,0.964573
-0.034916,0.017229,0.372286,2.411955,19.711953,11.416658,3.456487,2.727919,175.078910,4.806698,1.061238,0.023704,0.964532
-0.032724,0.016615,0.436163,2.494211,19.714870,11.416620,3.454957,2.736429,175.075058,4.794900,1.061215,0.023653,0.964495
-0.030762,0.017146,0.413895,2.723663,19.655107,11.416708,3.456202,2.730440,175.093481,4.792589,1.061141,0.023635,0.964474
-0.031168,0.016958,0.415695,2.715426,19.699293,11.416748,3.453472,2.712136,175.282682,4.813447,1.061282,0.023691,0.964526
-0.029670,0.016613,0.411343,2.646122,19.701440,11.333337,3.456344,2.731077,175.457767,4.533548,1.061438,0.022436,0.964666
-0.031430,0.016126,0.389415,2.369769,19.745925,11.231700,3.452319,2.736532,175.579001,4.535132,1.061542,0.022453,0.964750
-0.036863,0.016726,0.402640,2.483564,19.580912,9.816828,3.453624,2.741675,175.551799,4.424491,1.060946,0.021867,0.964230
-0.030051,0.016475,0.364287,2.578842,19.720950,11.333433,3.453456,2.732596,175.618404,4.540549,1.061523,0.022443,0.964735
-0.030464,0.016103,0.394708,2.668941,19.699357,11.173057,3.451211,2.715769,175.551209,4.516925,1.061421,0.022342,0.964666
-0.028941,0.016907,0.376484,2.526249,19.657198,11.333368,3.453916,2.744580,175.462330,4.508757,1.061308,0.022327,0.964609
-0.037702,0.017599,0.411896,2.543425,19.657648,10.707127,3.455339,2.728128,175.304047,4.725550,1.060947,0.023332,0.964208
-0.031635,0.017146,0.401210,2.408893,19.660170,11.416742,3.456505,2.733078,175.124191,4.736800,1.060933,0.023387,0.964252
-0.034551,0.016771,0.399469,2.308310,19.626850,11.416790,3.453689,2.745292,175.022756,4.709951,1.060795,0.023292,0.964120
-0.032425,0.016736,0.430581,2.383352,19.624122,11.235968,3.456069,2.735320,174.984572,4.668823,1.060652,0.023131,0.963985
-0.029548,0.016811,0.388803,2.572629,19.573808,11.416752,3.454050,2.746167,174.976719,4.676691,1.060630,0.023170,0.963983
-0.030011,0.017568,0.425193,3.046777,19.603828,11.416627,3.458138,2.718193,174.972677,4.662033,1.060588,0.023099,0.963928
-0.032355,0.016766,0.397339,2.516741,19.639422,11.416677,3.455082,2.733123,174.977700,4.659899,1.060589,0.023092,0.963920
-0.028565,0.017460,0.431946,2.556901,19.595103,11.416562,3.455984,2.728077,174.950952,4.649379,1.060520,0.023049,0.963863
-0.033045,0.016951,0.372557,3.239949,19.600117,11.416763,3.455247,2.732209,174.958956,4.640083,1.060488,0.023010,0.963820
-0.029203,0.017284,0.416764,2.280491,19.598762,11.416763,3.456468,2.739334,174.932691,4.633773,1.060419,0.022967,0.963774
-0.029198,0.016450,0.407922,2.583305,19.623897,11.416760,3.454571,2.740023,174.897095,4.623899,1.060395,0.022928,0.963734
-0.029820,0.017749,0.402074,2.320737,19.627947,11.416820,3.459086,2.721216,174.914223,4.615436,1.060342,0.022878,0.963692
-0.028432,0.017449,0.408289,2.476244,19.582972,11.416707,3.459192,2.725735,174.919645,4.608473,1.060294,0.022863,0.963673
-0.030299,0.017818,0.421485,2.372660,19.579948,11.416813,3.459155,2.722692,174.921554,4.597221,1.060223,0.022810,0.963592
-0.030784,0.016364,0.423842,2.796444,19.743212,11.416788,3.452771,2.719787,174.993733,4.599080,1.060344,0.022809,0.963626
-0.031974,0.017031,0.421753,3.471753,19.683930,11.416723,3.456898,2.734384,174.918408,4.595155,1.060261,0.022802,0.963607
-0.035274,0.016536,0.358926,2.784955,19.646395,11.499937,3.456750,2.729766,174.876057,4.878266,1.060136,0.024097,0.963510
-0.035549,0.016921,0.414624,2.425321,19.649277,11.300077,3.455820,2.730610,174.868104,4.858169,1.060039,0.023967,0.963387
-0.036507,0.017426,0.389304,2.668330,19.566197,11.155768,3.455641,2.740984,174.853693,4.838781,1.059895,0.023860,0.963288
-0.029445,0.016959,0.431319,2.596108,19.579843,11.416758,3.455963,2.744496,175.014959,4.559142,1.060039,0.022630,0.963439
-0.031517,0.016480,0.427312,2.607992,19.640852,11.416680,3.452593,2.737016,175.284443,4.596606,1.060315,0.022734,0.963634
-0.033114,0.016779,0.405950,2.745951,19.590567,11.162620,3.453220,2.735620,175.476165,4.640136,1.060405,0.022815,0.963727
-0.028201,0.016558,0.410342,2.874661,19.669108,11.333450,3.452867,2.728191,175.615936,4.364922,1.060594,0.021616,0.963878
-0.032952,0.016451,0.344314,3.593196,19.568205,10.493590,3.452916,2.735022,175.615702,4.312501,1.060315,0.021328,0.963665
-0.034272,0.016741,0.377682,2.891054,19.594687,10.494390,3.452873,2.722680,175.593634,4.301100,1.060223,0.021267,0.963596
-0.032493,0.016714,0.404443,2.743309,19.581022,10.549257,3.456445,2.735374,175.538034,4.286430,1.060179,0.021239,0.963553
-0.050454,0.017660,0.362251,2.950750,20.011263,8.583443,3.455384,2.731054,174.846185,4.374867,1.062171,0.021442,0.968551
-0.031412,0.017457,0.422055,2.779920,20.015997,10.879467,3.459332,2.710947,174.782432,4.474435,1.060004,0.022184,0.961664
-0.031404,0.017041,0.402729,2.704024,20.008912,11.374693,3.453380,2.700745,174.803271,4.687788,1.059944,0.023185,0.962669
-0.031590,0.016696,0.390786,2.558022,20.010168,11.500122,3.456700,2.717181,174.815271,4.749214,1.059901,0.023481,0.962936
-0.033978,0.016837,0.430156,2.470476,20.010820,11.500125,3.455297,2.728694,174.806349,4.761471,1.059764,0.023530,0.962986
-0.031714,0.016853,0.404627,2.486962,19.843307,11.500053,3.453308,2.721154,174.791846,4.762621,1.059601,0.023521,0.962973
-0.031816,0.016966,0.423849,2.176369,19.797967,11.499978,3.455330,2.737313,174.777268,4.735621,1.059526,0.023439,0.962892
-0.029470,0.016913,0.400690,2.596697,19.746522,11.500157,3.455207,2.719347,174.761019,4.729456,1.059404,0.023389,0.962832
-0.032632,0.017637,0.441508,2.643153,19.726307,11.500085,3.458137,2.736240,174.720960,4.709829,1.059324,0.023293,0.962739
-0.030311,0.017315,0.433873,2.464932,19.682055,11.500055,3.458385,2.734749,174.773741,4.699839,1.059286,0.023261,0.962700
-0.032162,0.017219,0.413063,2.421003,19.692548,11.500055,3.455590,2.739422,174.807297,4.694259,1.059301,0.023217,0.962708
-0.031542,0.016540,0.412464,2.776964,19.722432,11.500053,3.453041,2.725704,174.754081,4.683203,1.059219,0.023167,0.962618
-0.032822,0.017289,0.429728,2.360478,19.661043,10.927363,3.455541,2.729063,174.710131,4.631974,1.058879,0.022919,0.962390
-0.031757,0.017135,0.378077,2.698907,19.608798,11.500053,3.455373,2.742801,174.714159,4.657888,1.059000,0.023063,0.962504
-0.032241,0.017112,0.425879,2.702617,19.585160,10.811130,3.456881,2.732498,174.673666,4.585192,1.058687,0.022726,0.962210
-0.030045,0.016825,0.425106,2.414593,19.656425,11.413815,3.454591,2.730230,174.792016,4.624585,1.058879,0.022916,0.962369
-0.032822,0.017214,0.414359,2.656649,19.660063,11.500040,3.453805,2.722217,175.039256,4.680781,1.059105,0.023076,0.962574
-0.029786,0.017460,0.361083,2.526541,19.694485,11.416683,3.456069,2.729039,175.241749,4.417957,1.059331,0.021893,0.962746
-0.029175,0.016449,0.378745,2.640211,19.673347,11.416733,3.454189,2.723535,175.374279,4.430160,1.059452,0.021917,0.962864
-0.033791,0.017082,0.410611,2.845984,19.622862,10.521215,3.453797,2.721841,175.410365,4.375940,1.059163,0.021598,0.962581
-0.028380,0.016052,0.398826,2.408822,19.697365,11.416782,3.450307,2.737836,175.486192,4.444035,1.059485,0.021929,0.962889
-0.032545,0.016738,0.380773,2.676381,19.681580,11.115818,3.452807,2.722831,175.448592,4.415714,1.059353,0.021816,0.962785
-0.032653,0.016706,0.405279,2.430947,19.617493,10.464107,3.451585,2.748518,175.341628,4.341529,1.059031,0.021479,0.962458
-0.033244,0.017468,0.414046,2.535391,19.636975,11.499558,3.458452,2.724863,175.058724,4.674329,1.059047,0.023030,0.962556
-0.034280,0.017168,0.411012,2.532437,19.556063,10.523153,3.455545,2.723889,174.735684,4.520906,1.058352,0.022377,0.961906
-0.028596,0.018043,0.435970,2.615833,19.621825,11.500095,3.458457,2.725972,174.591778,4.551507,1.058460,0.022569,0.961991
-0.035194,0.017508,0.450480,2.383988,19.505670,11.153877,3.455008,2.746186,174.586882,4.808709,1.058215,0.023741,0.961806
-0.034838,0.017382,0.427474,2.510731,19.540235,11.561125,3.459490,2.738395,174.571988,4.825513,1.058297,0.023785,0.961855
-0.032727,0.017601,0.408578,2.781012,19.548357,11.583433,3.456933,2.727885,174.572553,4.816795,1.058269,0.023756,0.961813
-0.031734,0.017587,0.426734,2.407205,19.534368,11.583397,3.457169,2.747277,174.561270,4.806212,1.058185,0.023682,0.961768
-0.031222,0.017540,0.423784,2.257334,19.526060,11.583445,3.455974,2.734844,174.552344,4.789643,1.058108,0.023600,0.961687
-0.031799,0.016937,0.401714,2.374586,19.530865,11.583290,3.453414,2.722508,174.513825,4.778341,1.058026,0.023523,0.961617
-0.032308,0.017048,0.419424,2.458673,19.576718,11.583445,3.456456,2.733596,174.528037,4.775640,1.058025,0.023524,0.961610
-0.030255,0.017098,0.435606,2.376231,19.639477,11.583443,3.456098,2.718236,174.511367,4.766723,1.057964,0.023486,0.961571
-0.032534,0.016311,0.418177,2.391511,19.521075,11.583442,3.453839,2.735498,174.480785,4.743074,1.057858,0.023418,0.961504
-0.032736,0.016999,0.432545,2.699685,19.537013,11.212017,3.455453,2.735864,174.499679,4.707864,1.057738,0.023213,0.961329
-0.044114,0.016649,0.391655,2.553034,19.449288,9.791172,3.452659,2.717307,174.535368,4.597670,1.057162,0.022619,0.960790
-0.032582,0.016741,0.413088,2.367766,19.473300,10.835985,3.453405,2.731508,174.593000,4.677542,1.057546,0.023054,0.961194
-0.035121,0.016699,0.382215,2.392868,19.485003,10.812332,3.452903,2.739820,174.521122,4.664479,1.057453,0.022972,0.961094
-0.032868,0.017168,0.405028,2.829733,19.493357,10.887957,3.456814,2.726880,174.408269,4.630653,1.057339,0.022881,0.960989
-0.033983,0.016464,0.404279,3.350888,19.501392,11.017280,3.451977,2.745441,174.432618,4.640593,1.057383,0.022919,0.961031
-0.032232,0.017091,0.438709,2.374435,19.531863,11.583383,3.454829,2.728610,174.426305,4.664334,1.057523,0.023080,0.961189
-0.033491,0.016378,0.399978,2.577220,19.600050,11.377402,3.452801,2.730282,174.634066,4.675937,1.057543,0.023038,0.961153
-0.031786,0.017237,0.400193,2.117501,19.534108,10.821180,3.453223,2.741406,174.954157,4.382809,1.057629,0.021697,0.961219
-0.033839,0.017039,0.422313,2.696281,19.513917,10.399825,3.454268,2.726785,175.194395,4.392702,1.057684,0.021652,0.961272
-0.031134,0.017129,0.410272,2.933455,19.612108,11.499973,3.453420,2.742132,175.415895,4.517574,1.058257,0.022206,0.961784
-0.036021,0.016540,0.395109,2.530901,19.580702,10.335865,3.450699,2.732702,175.545432,4.151940,1.058009,0.020552,0.961561
-0.029328,0.017317,0.387820,2.839162,19.670502,11.416663,3.454487,2.727534,175.649764,4.243534,1.058466,0.020973,0.961971
-0.032624,0.016917,0.400524,2.792718,19.650272,11.416622,3.451815,2.739366,175.675253,4.253729,1.058514,0.021013,0.962031
-0.034350,0.016552,0.386722,2.474078,19.606065,10.560338,3.451270,2.738142,175.642075,4.182283,1.058227,0.020680,0.961726
-0.032448,0.016453,0.384304,2.643361,19.568887,10.774833,3.449131,2.739286,175.277555,4.460615,1.057945,0.021942,0.961556
-0.035346,0.016714,0.389849,3.120437,19.487742,9.908495,3.451966,2.743733,174.878614,4.297637,1.057158,0.021209,0.960856
-0.031151,0.017579,0.401051,2.520069,19.555062,11.583283,3.455038,2.714688,174.662179,4.667632,1.057371,0.022954,0.961085
-0.032468,0.016742,0.431528,2.812392,19.494722,10.857072,3.452645,2.734333,174.489670,4.553666,1.056946,0.022504,0.960634
-0.035936,0.017271,0.428782,2.395289,19.433203,10.427718,3.456867,2.741827,174.396506,4.485882,1.056594,0.022180,0.960317
-0.031237,0.017408,0.423698,2.808154,19.467145,11.556002,3.453952,2.725258,174.420514,4.549489,1.056921,0.022532,0.960618
-0.028863,0.017626,0.415477,2.485470,19.469798,11.560638,3.456720,2.741828,174.448903,4.526181,1.056792,0.022410,0.960494
-0.030399,0.017422,0.413702,2.684472,19.566607,11.354852,3.456661,2.734708,174.430529,4.518611,1.056790,0.022378,0.960459
-0.028853,0.017463,0.403799,2.373808,19.537758,11.583325,3.458304,2.729393,174.438642,4.528138,1.056810,0.022450,0.960528
-0.029213,0.016990,0.436115,2.294997,19.473883,10.941308,3.455204,2.727202,174.403983,4.468049,1.056533,0.022168,0.960249
-0.031829,0.017135,0.439143,2.655834,19.489180,11.085728,3.455344,2.750372,174.429403,4.474525,1.056536,0.022146,0.960266
-0.033378,0.017175,0.454475,2.219367,19.483275,11.031305,3.458013,2.740772,173.937255,4.737177,1.056314,0.023328,0.960035
-0.031256,0.017732,0.444653,2.392858,19.418342,11.750090,3.457913,2.724094,172.614779,4.840330,1.055267,0.023985,0.959203
-0.035009,0.018180,0.495680,2.584730,19.283310,11.165422,3.463321,2.719262,172.199023,5.143326,1.053857,0.025557,0.957808
-0.034249,0.017426,0.374006,2.826385,19.507603,11.188527,3.457658,2.743706,174.075692,4.539044,1.057031,0.022413,0.960552
-0.031519,0.017727,0.464012,2.322227,19.442700,11.575408,3.457925,2.738684,172.530720,4.783895,1.055018,0.023748,0.958917
-0.035660,0.018260,0.493942,2.071034,19.316083,11.916768,3.461511,2.733375,172.764014,5.307281,1.054675,0.026248,0.958515
-0.032356,0.017086,0.418195,2.148585,19.579038,11.750038,3.457980,2.740508,175.136462,4.959730,1.056017,0.024503,0.959699
-0.031461,0.018258,0.488417,2.326571,19.327363,11.144520,3.461490,2.735932,172.339273,4.896274,1.054014,0.024294,0.958058
-0.029694,0.018144,0.452259,2.787947,19.346145,11.833438,3.462020,2.739926,172.932913,4.961214,1.054461,0.024640,0.958342
-0.031964,0.018313,0.448907,2.324502,19.398577,11.750050,3.462182,2.743364,174.724660,4.792735,1.055335,0.023726,0.959004
-0.028846,0.017501,0.442530,3.209983,19.453468,11.666860,3.456181,2.741771,173.485773,4.553800,1.055399,0.022550,0.959270
-0.031543,0.018803,0.453438,2.271480,19.456978,11.750153,3.460561,2.725468,173.329675,4.744553,1.054929,0.023525,0.958692
-0.032717,0.017439,0.475178,2.983026,19.454743,11.508228,3.456681,2.747260,173.775070,4.768159,1.055153,0.023611,0.958873
-0.030334,0.017794,0.476792,2.475410,19.540385,11.750082,3.459027,2.723622,173.823284,4.844207,1.055394,0.024041,0.959233
-0.030964,0.017936,0.490380,2.131669,19.402290,11.833423,3.458953,2.741266,173.406977,5.028856,1.054797,0.024829,0.958637
-0.033401,0.017563,0.457548,2.294096,19.396585,10.897882,3.457762,2.731475,173.756935,4.730705,1.054926,0.023318,0.958650
-0.032516,0.017121,0.413758,2.667005,19.489407,11.237088,3.454599,2.733060,173.750348,4.262536,1.055485,0.021003,0.959290
-0.030873,0.018521,0.492444,2.030628,19.372308,11.916717,3.462587,2.730661,172.569352,5.207000,1.054144,0.025749,0.958073
-0.030661,0.017951,0.476566,2.364240,19.372717,11.758407,3.462088,2.723919,173.073555,4.937085,1.054391,0.024471,0.958257
-0.031505,0.018010,0.461591,2.204680,19.475595,11.750027,3.457194,2.735329,173.836098,4.845194,1.055351,0.023893,0.959159
-0.035829,0.018938,0.420188,2.379410,19.368092,11.916838,3.462751,2.722183,172.606245,5.182004,1.053939,0.025597,0.957957
-0.030183,0.018938,0.465424,2.703436,19.330332,11.687353,3.464164,2.728071,172.667283,4.874297,1.053937,0.024194,0.957920
-0.031936,0.018676,0.497990,2.337243,19.377762,11.916703,3.465059,2.718353,173.588716,5.097240,1.053735,0.025330,0.957629
-0.029685,0.018409,0.495218,2.182637,19.369643,11.916653,3.462209,2.714799,172.710443,5.114093,1.053643,0.025283,0.957665
-0.032744,0.018102,0.481015,2.089461,19.309640,11.857813,3.460409,2.737751,172.558152,5.132444,1.053731,0.025376,0.957734
-0.031471,0.018136,0.481358,1.920392,19.273955,11.999987,3.462244,2.726933,172.333146,5.254066,1.052943,0.026003,0.956936
-0.029290,0.018341,0.480831,1.900871,19.371998,11.916717,3.460488,2.712361,172.513277,5.034310,1.053337,0.024969,0.957318
-0.030094,0.018345,0.489051,2.361266,19.320350,11.916822,3.462905,2.722858,172.144535,5.020994,1.053194,0.024880,0.957238
-0.033685,0.019116,0.511014,1.912027,19.259058,12.000038,3.464306,2.719995,171.697094,5.180404,1.052501,0.025740,0.956604
-0.036908,0.018777,0.489748,2.184766,19.218910,10.977390,3.462713,2.720094,172.440830,5.182227,1.052617,0.025606,0.956570
-0.031152,0.017675,0.445180,2.249705,19.371937,11.537837,3.458276,2.742323,173.440590,4.821909,1.053849,0.023829,0.957713
-0.031025,0.017982,0.463440,2.414344,19.528095,11.750163,3.459205,2.742555,173.873840,4.661376,1.054527,0.023022,0.958354
-0.031958,0.017231,0.448248,2.282364,19.510928,11.314197,3.455936,2.732845,174.043172,4.500781,1.055122,0.022162,0.958987
-0.028693,0.017741,0.435830,2.306759,19.460852,11.746422,3.457330,2.731708,173.895768,4.663198,1.054511,0.023076,0.958359
-0.034023,0.017742,0.439505,2.008502,19.447825,10.753655,3.455978,2.731325,174.374078,4.405306,1.054729,0.021751,0.958546
-0.033434,0.017924,0.405040,2.716548,19.402433,10.612357,3.455543,2.752437,173.989617,4.374728,1.054492,0.021628,0.958401
-0.028658,0.017553,0.460973,2.450979,19.417722,11.750048,3.455803,2.740845,173.635227,4.589696,1.054123,0.022753,0.958068
-0.042186,0.017327,0.386256,2.590584,19.353730,9.695712,3.456680,2.740436,174.029685,4.495196,1.053646,0.022140,0.957579
-0.028400,0.017408,0.443673,2.314184,19.561070,11.666728,3.455210,2.739100,174.007430,4.384021,1.054500,0.021759,0.958467
-0.030822,0.017797,0.453080,2.433525,19.404355,11.144460,3.459128,2.708333,173.432742,4.534712,1.053868,0.022471,0.957757
-0.033786,0.018400,0.470973,2.262376,19.337437,11.167498,3.459612,2.721013,173.239107,4.721852,1.053319,0.023365,0.957259
-0.029246,0.017800,0.450840,2.065877,19.404450,11.748875,3.455569,2.738591,173.996312,4.572240,1.054198,0.022636,0.957936
-0.032102,0.016934,0.458708,2.346300,19.494375,11.833397,3.456928,2.729021,173.562761,4.819202,1.053743,0.023813,0.957700
-0.033824,0.018682,0.485699,2.477864,19.312117,11.427050,3.462416,2.722336,172.642487,4.934753,1.052765,0.024421,0.956828
-0.030593,0.018534,0.483865,2.796303,19.388630,11.916765,3.461724,2.718008,173.165073,5.001843,1.053149,0.024672,0.957092
-0.041381,0.016411,0.409516,2.950406,19.406597,9.574895,3.452836,2.731535,173.850943,4.022630,1.054290,0.019724,0.958138
-0.033551,0.018918,0.485457,2.021181,19.377405,11.916425,3.461950,2.723921,172.522368,4.987078,1.052915,0.024625,0.957064
-0.033443,0.018563,0.464879,2.244068,19.325190,11.573322,3.463274,2.727089,172.905814,4.905639,1.052699,0.024320,0.956724
-0.031576,0.018166,0.468311,2.471942,19.464457,11.655382,3.458184,2.721577,174.291476,4.870322,1.054023,0.024048,0.957917
-0.031435,0.017752,0.476710,2.253926,19.388958,11.695358,3.459032,2.733905,172.674314,4.942870,1.052730,0.024394,0.956824
-0.034125,0.018448,0.478820,2.170881,19.357802,11.696197,3.460013,2.727874,173.293043,4.966399,1.053033,0.024520,0.956978
-0.031955,0.018046,0.437019,2.253465,19.386145,10.723545,3.459542,2.748138,174.350206,4.427188,1.053338,0.021944,0.957290
-0.030541,0.018226,0.437597,2.356289,19.399982,11.521973,3.456608,2.727332,172.763078,4.620429,1.052688,0.022864,0.956770
-0.037829,0.018265,0.461217,2.697097,19.346952,11.263087,3.461067,2.748366,173.342814,4.918567,1.052759,0.024266,0.956743
-0.040041,0.018513,0.467946,2.552159,19.362143,10.537393,3.459590,2.738590,173.828862,4.664992,1.053055,0.022994,0.956952
-0.037050,0.018020,0.442427,2.401981,19.339048,10.584293,3.456718,2.730528,172.817714,4.573885,1.052389,0.022563,0.956559
-0.030094,0.018510,0.461788,2.073793,19.333273,11.999790,3.460416,2.723265,172.797077,5.108105,1.052160,0.025258,0.956254
-0.030210,0.017736,0.478830,2.294577,19.427627,11.833402,3.455158,2.727188,173.490008,4.647901,1.052984,0.023025,0.956929
-0.032007,0.018218,0.475166,2.114780,19.428105,11.665312,3.454946,2.734132,173.284507,4.652823,1.052919,0.023055,0.956967
-0.028974,0.019020,0.493118,2.112321,19.377465,11.916645,3.463330,2.731767,172.784498,4.829333,1.052291,0.023962,0.956344
-0.030926,0.018333,0.461070,2.370684,19.429258,11.833472,3.459941,2.727342,173.669028,4.681127,1.053120,0.023122,0.957048
-0.039008,0.017518,0.426326,2.410913,19.425670,9.399918,3.457701,2.732711,173.774641,4.046241,1.052937,0.019944,0.956921
-0.029264,0.019021,0.446797,2.239067,19.380212,11.431203,3.461756,2.728516,173.110110,4.569460,1.052352,0.022666,0.956536
-0.031236,0.018246,0.467744,2.361174,19.426083,11.833372,3.458220,2.730964,173.781060,4.633424,1.052930,0.022944,0.956879
-0.027946,0.017206,0.402176,2.485510,19.552427,11.613112,3.453406,2.724272,173.413383,4.458207,1.053529,0.021989,0.957419
-0.033838,0.017755,0.444089,2.017321,19.378048,11.128033,3.456330,2.727989,173.259821,4.590680,1.052479,0.022673,0.956630
-0.028538,0.017961,0.429984,2.370886,19.438573,11.833423,3.457675,2.739967,173.491950,4.607206,1.052747,0.022830,0.956742
-0.031651,0.017838,0.425518,2.498399,19.411928,11.833363,3.456078,2.732281,174.380153,4.670497,1.052924,0.022974,0.956938
-0.030769,0.018767,0.508441,2.078373,19.509668,11.879282,3.456903,2.726748,173.052930,4.822441,1.052252,0.023910,0.956329
-0.033658,0.017517,0.461540,2.537704,19.338745,11.107858,3.454133,2.716895,172.940768,4.737944,1.051904,0.023419,0.955937
-0.033716,0.018122,0.449337,2.020592,19.332443,11.179463,3.458373,2.717541,172.798621,4.719076,1.051760,0.023379,0.955880
-0.040607,0.017634,0.453139,2.279761,19.326450,9.586753,3.454347,2.723781,173.315235,4.241505,1.052277,0.020856,0.956376
-0.029208,0.018247,0.443276,2.129202,19.342683,11.974372,3.461715,2.725598,172.424620,4.994994,1.051513,0.024695,0.955721
-0.029092,0.018704,0.451829,2.345236,19.340262,11.468975,3.460919,2.710295,172.627776,4.698633,1.051612,0.023299,0.955728
-0.028319,0.018988,0.472979,2.226637,19.343657,11.827783,3.465151,2.715187,172.723325,4.751960,1.051830,0.023580,0.956002
-0.030531,0.018424,0.472365,2.296510,19.330248,11.485775,3.462907,2.727845,173.083775,4.709194,1.051764,0.023355,0.955825
-0.036280,0.018224,0.457956,2.515958,19.372268,10.217370,3.457764,2.718946,173.707559,4.465739,1.051986,0.022001,0.956053
-0.031979,0.017687,0.442148,2.410973,19.458670,10.609975,3.455811,2.738145,173.828548,4.229123,1.052354,0.020979,0.956384
-0.032758,0.017787,0.437048,2.168265,19.339638,10.596055,3.458349,2.729895,173.140627,4.433160,1.051745,0.021910,0.955912
-0.031047,0.017969,0.481279,1.993950,19.530403,11.353532,3.458854,2.730152,175.086531,4.846879,1.052564,0.024061,0.956445
-0.037868,0.018131,0.450098,2.646890,19.366273,10.214512,3.458703,2.734651,173.712383,4.450036,1.051767,0.021980,0.955971
-0.031217,0.017789,0.442582,2.341515,19.487493,11.360508,3.456254,2.745848,173.816806,4.546955,1.052413,0.022452,0.956473
-0.045861,0.017228,0.471479,2.600341,19.301605,8.990403,3.454134,2.744235,173.614488,4.347068,1.051253,0.021365,0.955483
-0.040497,0.017253,0.433714,2.215917,19.361028,10.108673,3.453742,2.754096,173.643969,4.406383,1.051646,0.021732,0.955785
-0.032368,0.017726,0.453790,2.321593,19.432253,10.962247,3.454501,2.740256,173.802788,4.493232,1.052155,0.022177,0.956203
-0.032982,0.017359,0.456322,2.815414,19.408903,10.425473,3.455579,2.743734,173.840857,4.490098,1.051978,0.022072,0.956122
-0.041433,0.017587,0.458864,2.035272,19.327435,9.650933,3.455926,2.739320,173.829358,4.414538,1.051628,0.021700,0.955782
-0.032482,0.017750,0.432553,2.541897,19.379557,10.948455,3.458149,2.747547,173.825327,4.494379,1.052034,0.022143,0.956195
-0.034144,0.017557,0.421594,2.668120,19.437492,10.799395,3.455127,2.748107,173.779266,4.495831,1.051976,0.022077,0.956125
-0.035259,0.018195,0.459822,2.271231,19.345777,10.869107,3.456972,2.735906,173.546534,4.429260,1.051648,0.021879,0.955897
-0.029660,0.017989,0.476145,2.139416,19.484540,11.833445,3.456626,2.717274,173.504555,4.452604,1.051894,0.022068,0.956014
-0.039009,0.017443,0.463019,2.432401,19.332163,9.895040,3.454684,2.725238,173.417970,4.301332,1.051096,0.021299,0.955313
-0.028043,0.017422,0.426246,2.479450,19.461725,11.745913,3.453268,2.732471,173.527547,4.431805,1.051828,0.021978,0.955911
-0.032538,0.017738,0.453156,2.398386,19.392112,11.082378,3.456179,2.728554,173.502745,4.389582,1.051522,0.021723,0.955710
-0.039341,0.018363,0.424913,2.353143,19.328077,9.732475,3.459239,2.725234,173.433706,4.265059,1.050955,0.021094,0.955109
-0.033901,0.017604,0.443975,2.675356,19.330353,10.680520,3.454125,2.754592,173.451647,4.618869,1.051202,0.022777,0.955381
-0.030672,0.018574,0.451401,2.638919,19.346202,11.221230,3.459495,2.716917,173.433902,4.653152,1.051361,0.022944,0.955522
-0.036688,0.018398,0.456106,2.213981,19.377330,10.260875,3.457070,2.737253,173.669834,4.324474,1.051334,0.021376,0.955412
-0.037171,0.017996,0.448337,2.132173,19.359193,10.444010,3.457986,2.725150,173.698789,4.356047,1.051361,0.021497,0.955575
-0.034892,0.017362,0.422771,2.434303,19.398003,10.481240,3.456848,2.728878,173.742062,4.347087,1.051374,0.021463,0.955554
-0.038662,0.018458,0.458058,2.149314,19.355028,9.778850,3.459100,2.722266,173.677914,4.280860,1.051067,0.021143,0.955248
-0.035081,0.018043,0.422171,2.719085,19.426650,10.309782,3.457939,2.722013,173.671462,4.320642,1.051201,0.021327,0.955388
-0.030790,0.017870,0.448867,2.056073,19.419172,11.389047,3.455064,2.745178,173.703547,4.397673,1.051557,0.021751,0.955773
-0.031996,0.017624,0.439929,2.504693,19.372057,10.710930,3.455048,2.729263,173.647609,4.330504,1.051216,0.021403,0.955428
-0.030712,0.017108,0.427323,2.295917,19.410948,11.706713,3.453458,2.729365,173.688630,4.393355,1.051531,0.021747,0.955733
-0.030733,0.017696,0.425223,2.319150,19.380173,10.788170,3.453833,2.731388,173.605426,4.311835,1.051119,0.021355,0.955348
-0.038386,0.018904,0.447756,2.306397,19.339295,9.968023,3.462965,2.733506,173.552579,4.232495,1.050722,0.020926,0.954939
-0.039946,0.018058,0.430144,2.448410,19.336293,10.184457,3.457380,2.729407,173.523813,4.522947,1.050676,0.022239,0.954876
-0.030841,0.018192,0.471022,2.450409,19.463702,11.655542,3.455981,2.711444,173.564218,4.618380,1.051206,0.022781,0.955372
-0.040727,0.017710,0.463890,2.107623,19.265457,9.849090,3.454501,2.738768,173.417445,4.480263,1.050392,0.022008,0.954680
-0.029335,0.018431,0.449260,2.138377,19.481187,11.916795,3.459540,2.707083,173.358813,4.581602,1.050988,0.022611,0.955217
-0.035215,0.018081,0.457022,2.593372,19.358452,10.328568,3.457572,2.720900,173.315259,4.460370,1.050398,0.021992,0.954645
-0.035916,0.017736,0.461306,2.014074,19.385210,10.537015,3.455873,2.719284,173.361123,4.472289,1.050503,0.022059,0.954706
-0.029544,0.018000,0.461816,2.165406,19.463030,11.916658,3.457582,2.720468,173.467449,4.598048,1.051031,0.022639,0.955237
-0.037123,0.017841,0.422424,2.232134,19.357272,10.539773,3.456469,2.740903,173.519447,4.512490,1.050653,0.022220,0.954856
-0.035003,0.017558,0.459000,2.173109,19.340487,10.241238,3.456373,2.733786,173.548816,4.490227,1.050513,0.022093,0.954749
-0.029938,0.017149,0.418138,2.359805,19.410000,11.771360,3.453563,2.719986,173.418988,4.566002,1.050816,0.022485,0.955099
-0.033060,0.017679,0.456917,2.179474,19.345045,10.672953,3.455740,2.729136,173.278111,4.429835,1.050293,0.021901,0.954552
-0.035494,0.018185,0.482369,2.182129,19.353488,10.541138,3.457292,2.715308,173.221551,4.401057,1.050104,0.021738,0.954378
-0.031415,0.018173,0.469040,2.243139,19.393547,11.331317,3.455178,2.737748,173.256659,4.449185,1.050410,0.021992,0.954599
-0.028540,0.018355,0.464857,2.102931,19.418140,11.677698,3.457821,2.729538,173.259650,4.479395,1.050465,0.022148,0.954750
-0.039342,0.017825,0.464908,2.412345,19.360967,10.087308,3.455025,2.723343,173.187341,4.336627,1.049835,0.021447,0.954087
-0.035783,0.017448,0.465837,2.088816,19.436655,10.695990,3.455307,2.726710,173.202393,4.387605,1.049949,0.021686,0.954297
-0.028705,0.017875,0.465033,2.389231,19.401905,11.916767,3.454977,2.728912,173.269478,4.465491,1.050362,0.022103,0.954668
-0.032236,0.018176,0.461217,2.263355,19.393863,10.518435,3.456208,2.743815,173.437692,4.375510,1.050112,0.021610,0.954281
-0.033135,0.017948,0.432241,2.615437,19.360598,10.678055,3.457307,2.744493,173.517039,4.418049,1.050173,0.021784,0.954461
-0.031180,0.017400,0.479602,2.195330,19.445290,11.916773,3.454339,2.719925,173.577617,4.517974,1.050657,0.022300,0.954920
-0.028214,0.017548,0.479349,2.029697,19.463993,11.566940,3.456178,2.729337,173.530040,4.506384,1.050557,0.022205,0.954854
-0.033196,0.018115,0.459818,2.198494,19.522990,11.576837,3.457975,2.736623,173.533756,4.491350,1.050554,0.022110,0.954763
-0.037850,0.017358,0.462559,2.380181,19.359360,10.422063,3.455583,2.728976,173.482394,4.402335,1.050025,0.021658,0.954352
-0.037312,0.017565,0.448766,2.965184,19.400962,9.863218,3.453242,2.736455,173.361793,4.320096,1.049700,0.021319,0.954006
-0.032666,0.017480,0.461915,2.464619,19.439380,10.864288,3.453812,2.736305,173.389462,4.373670,1.049942,0.021621,0.954279
-0.035831,0.017735,0.437485,2.285458,19.383783,10.561008,3.456430,2.717707,173.334885,4.346740,1.049775,0.021448,0.954138
-0.027474,0.017971,0.469680,2.326419,19.428203,11.916783,3.456299,2.731098,173.384373,4.425268,1.050203,0.021906,0.954498
-0.029272,0.017636,0.443823,2.258400,19.407670,11.392572,3.456487,2.724137,173.363833,4.386950,1.050051,0.021686,0.954321
-0.037477,0.018304,0.483424,2.320408,19.364857,9.865253,3.457451,2.748777,173.288431,4.254866,1.049349,0.021030,0.953694
-0.032279,0.018452,0.446654,2.393266,19.408838,10.750658,3.460025,2.736878,173.258415,4.314161,1.049616,0.021336,0.953943
-0.029856,0.018244,0.467530,2.163993,19.363753,11.558123,3.457889,2.738947,173.188723,4.353338,1.049758,0.021544,0.954118
-0.034660,0.018641,0.476380,1.975958,19.381272,10.742037,3.457725,2.704177,173.126408,4.561325,1.049374,0.022455,0.953696
-0.035344,0.017966,0.453921,1.995605,19.421097,10.723330,3.455562,2.715616,173.208478,4.557499,1.049354,0.022474,0.953711
-0.030424,0.018098,0.458159,2.188253,19.411037,11.577502,3.456780,2.745666,173.270221,4.641676,1.049729,0.022870,0.954056
-0.028964,0.018128,0.477160,2.204780,19.363632,11.203867,3.457233,2.717962,173.280338,4.325029,1.049655,0.021412,0.953996
-0.033412,0.018607,0.431111,2.488847,19.372428,11.004537,3.459636,2.741431,173.309663,4.301802,1.049604,0.021296,0.953905
-0.033174,0.017997,0.434004,2.191477,19.412910,11.515455,3.455052,2.728512,173.200596,4.618587,1.049562,0.022747,0.953951
-0.031904,0.017604,0.479222,2.237161,19.402113,11.502803,3.453954,2.719246,173.070503,4.565639,1.049347,0.022502,0.953733
-0.031595,0.018150,0.421557,2.613098,19.447802,11.707968,3.456747,2.715796,173.119393,4.568181,1.049378,0.022497,0.953736
-0.036464,0.017835,0.455442,2.409241,19.344347,10.344372,3.455473,2.735583,173.113127,4.468640,1.048899,0.022010,0.953266
-0.036931,0.018345,0.446682,2.341298,19.374682,10.751018,3.456795,2.743430,173.149869,4.495322,1.048994,0.022121,0.953391
-0.032616,0.017923,0.475942,2.469995,19.341267,10.636217,3.455514,2.722576,173.145573,4.481509,1.048946,0.022058,0.953327
-0.034029,0.017796,0.459437,2.636357,19.397700,10.903102,3.457730,2.734057,173.151395,4.491871,1.049011,0.022089,0.953366
-0.035181,0.018538,0.463518,2.357070,19.359950,10.329727,3.457567,2.738897,173.118100,4.431520,1.048698,0.021831,0.953123
-0.030992,0.017125,0.458673,2.500147,19.494887,11.811925,3.452133,2.742188,173.108430,4.522167,1.049280,0.022332,0.953571
-0.027527,0.017354,0.489255,2.621194,19.417198,11.999997,3.454833,2.726759,173.196837,4.569248,1.049360,0.022510,0.953725
-0.041555,0.018523,0.488754,2.408175,19.306797,9.581408,3.458012,2.733492,173.118484,4.388674,1.048486,0.021572,0.952880
-0.031303,0.017929,0.455574,2.606240,19.330275,10.800755,3.458011,2.734603,173.176193,4.479015,1.048887,0.022013,0.953284
-0.033738,0.017679,0.476272,2.186191,19.319373,10.401002,3.457015,2.722095,173.105989,4.414618,1.048594,0.021764,0.953053
-0.032471,0.018077,0.465721,1.993393,19.321795,10.521803,3.456490,2.738621,173.091628,4.412268,1.048605,0.021724,0.953018
-0.034802,0.017915,0.458183,2.156299,19.352203,10.839132,3.455621,2.718835,173.071865,4.414418,1.048596,0.021770,0.953030
-0.035503,0.017941,0.477926,2.153163,19.293545,9.786103,3.457044,2.753417,173.027008,4.314914,1.048116,0.021282,0.952590
-0.040271,0.018891,0.471917,2.156375,19.248072,9.675872,3.458566,2.741170,172.996350,4.287108,1.047973,0.021167,0.952470
-0.030730,0.018816,0.468528,2.134463,19.353340,11.186630,3.458660,2.758003,173.050623,4.396394,1.048547,0.021756,0.952977
-0.029401,0.018214,0.482560,2.291816,19.407043,11.504397,3.459084,2.743985,173.068079,4.419985,1.048648,0.021843,0.953068
-0.033980,0.018640,0.450151,2.231008,19.277083,10.302783,3.458217,2.733068,173.024846,4.325859,1.048166,0.021357,0.952637
-0.036215,0.018895,0.484587,2.120748,19.346282,10.347935,3.458670,2.738818,172.944828,4.291773,1.048039,0.021255,0.952514
-0.036813,0.018432,0.497580,2.210879,19.321457,9.785705,3.457066,2.739843,172.836390,4.223936,1.047636,0.020897,0.952151
-0.032008,0.018898,0.471523,2.121640,19.304183,10.461202,3.458324,2.717834,172.927885,4.280388,1.047933,0.021172,0.952410
-0.030841,0.018880,0.490113,2.478282,19.308812,10.779020,3.461634,2.730335,172.982834,4.306030,1.048072,0.021310,0.952545
-0.027928,0.018174,0.467139,2.396625,19.419155,11.637278,3.455830,2.732242,173.097647,4.369304,1.048479,0.021629,0.952896
-0.037833,0.017769,0.482767,2.370063,19.322247,9.947127,3.454848,2.738818,173.018356,4.248780,1.047847,0.021009,0.952283
-0.027205,0.018523,0.462796,2.175503,19.408317,12.000082,3.456579,2.723249,173.125938,4.393696,1.048435,0.021733,0.952935
-0.030547,0.017820,0.457817,2.174021,19.388623,11.299088,3.455771,2.715823,172.926971,4.320465,1.048139,0.021396,0.952624
-0.037904,0.018701,0.436274,2.389514,19.387473,10.832087,3.460466,2.745040,172.837562,4.552480,1.047793,0.022420,0.952270
-0.029855,0.019260,0.482063,2.159004,19.408043,11.834698,3.461958,2.731549,172.850866,4.617788,1.048078,0.022725,0.952535
-0.034966,0.018693,0.475079,2.123880,19.419215,11.051598,3.455916,2.718073,172.799208,4.554579,1.047811,0.022403,0.952250
-0.032652,0.018759,0.483708,2.358054,19.360590,11.238435,3.459840,2.725633,172.806449,4.556990,1.047758,0.022424,0.952270
-0.033188,0.019346,0.510178,2.184465,19.346353,10.580312,3.459111,2.730753,172.780924,4.491908,1.047468,0.022100,0.951995
-0.031967,0.018739,0.481316,2.185306,19.355543,11.085958,3.459460,2.741301,172.804860,4.520160,1.047610,0.022252,0.952110
-0.035086,0.018302,0.476191,2.221728,19.336270,10.673210,3.458440,2.723232,172.816600,4.490483,1.047466,0.022087,0.951954
-0.031451,0.018297,0.468821,2.143725,19.414593,11.608002,3.457785,2.726996,173.030931,4.590797,1.048004,0.022618,0.952458
-0.037125,0.018333,0.474972,2.133776,19.343588,10.123147,3.458173,2.737445,173.015405,4.490721,1.047476,0.022112,0.952005
-0.042538,0.018212,0.472931,2.305326,19.212855,8.591672,3.456776,2.725336,172.992359,4.039116,1.046713,0.019953,0.951301
-0.036175,0.017632,0.487921,2.125272,19.378532,10.618408,3.453935,2.718055,172.974364,4.501085,1.047471,0.022134,0.952007
-0.031605,0.018373,0.483419,2.061833,19.337922,10.717938,3.457795,2.722154,173.031405,4.202257,1.047528,0.020802,0.952054
-0.034555,0.018369,0.477979,2.183393,19.314212,10.398298,3.457416,2.744199,173.004965,4.471551,1.047320,0.021969,0.951871
-0.035950,0.018733,0.489169,2.381573,19.376440,10.821162,3.457517,2.732809,173.001613,4.488826,1.047449,0.022077,0.951966
-0.042682,0.018196,0.453532,2.610999,19.299035,9.601950,3.455996,2.732367,172.884131,4.389553,1.046967,0.021603,0.951551
-0.040894,0.017569,0.470530,2.554422,19.400267,10.185197,3.454852,2.722576,172.936018,4.425669,1.047106,0.021739,0.951661
-0.040728,0.018742,0.444741,2.221176,19.307315,10.120568,3.457724,2.740537,172.932489,4.400238,1.046932,0.021636,0.951541
-0.036572,0.018698,0.469941,1.971255,19.332723,10.621485,3.457101,2.719185,172.945456,4.433855,1.047143,0.021802,0.951689
-0.034734,0.017893,0.478402,2.088968,19.334530,10.307390,3.456171,2.748563,172.921992,4.399863,1.047026,0.021647,0.951570
-0.034134,0.018756,0.490463,2.516768,19.376093,11.091658,3.459844,2.723195,172.960549,4.446378,1.047199,0.021880,0.951770
-0.030476,0.018244,0.483986,2.246495,19.371045,10.948625,3.456078,2.733472,172.824751,4.412321,1.047064,0.021724,0.951632
-0.040034,0.018792,0.488459,2.293633,19.264882,9.543815,3.460761,2.745454,172.754028,4.272953,1.046390,0.021057,0.950999
-0.032221,0.018041,0.453746,2.204231,19.316815,10.830893,3.455854,2.725746,172.859575,4.387294,1.046942,0.021629,0.951520
-0.031840,0.018571,0.481231,2.146575,19.352683,11.016808,3.456696,2.740667,172.906054,4.388257,1.046980,0.021655,0.951562
-0.043107,0.019329,0.478339,2.593498,19.279400,9.768320,3.461474,2.730296,172.847374,4.301893,1.046488,0.021181,0.951106
-0.033089,0.018194,0.472425,2.289138,19.418150,11.038400,3.456574,2.735652,172.946136,4.393133,1.046985,0.021632,0.951545
-0.032784,0.017949,0.461750,2.360148,19.325612,10.633708,3.453569,2.734154,172.818407,4.348584,1.046719,0.021429,0.951351
-0.030651,0.018780,0.484061,2.618782,19.377760,10.862425,3.460284,2.721962,172.689348,4.321611,1.046606,0.021365,0.951240
-0.028260,0.018210,0.492364,2.159189,19.387550,11.650592,3.455569,2.738060,172.663120,4.358734,1.046789,0.021567,0.951394
-0.033439,0.018204,0.484322,2.283298,19.299737,10.311810,3.458136,2.730462,172.599472,4.244035,1.046244,0.020992,0.950871
-0.038148,0.019003,0.482287,2.142223,19.297815,10.889012,3.459080,2.727517,172.585654,4.569243,1.046356,0.022483,0.950949
-0.034482,0.019174,0.495843,2.380301,19.399885,10.753820,3.458047,2.719332,172.562095,4.544430,1.046258,0.022373,0.950854
-0.031988,0.018886,0.510376,2.075776,19.331777,11.264073,3.459305,2.721429,172.568709,4.581058,1.046338,0.022530,0.950991
-0.037133,0.019398,0.508431,1.966834,19.312297,10.594205,3.460607,2.723075,172.528940,4.523872,1.046066,0.022225,0.950719
-0.035317,0.018390,0.496538,1.834751,19.252925,10.182935,3.457395,2.741938,172.602308,4.480251,1.045906,0.022010,0.950499
-0.033889,0.018148,0.498616,2.150847,19.306060,10.420992,3.456241,2.742387,172.761881,4.230335,1.046164,0.020932,0.950793
-0.029456,0.019105,0.475362,2.256485,19.336200,10.838475,3.459489,2.711476,172.858918,4.269724,1.046366,0.021122,0.950999
-0.036069,0.019307,0.477879,2.140529,19.415527,10.286795,3.461929,2.730084,172.789070,4.223228,1.046118,0.020852,0.950764
-0.038324,0.018279,0.404691,2.469271,19.289157,9.901253,3.457215,2.730027,172.768078,4.183111,1.045891,0.020679,0.950590
-0.038566,0.018342,0.476085,2.077180,19.319162,9.734960,3.456830,2.744581,172.717700,4.156020,1.045759,0.020536,0.950450
-0.034956,0.019222,0.429383,2.710237,19.347832,10.374583,3.460304,2.727595,172.752959,4.196712,1.045958,0.020743,0.950652
-0.037812,0.018654,0.470918,2.267576,19.281143,9.829878,3.457920,2.710480,172.685336,4.134319,1.045663,0.020442,0.950366
-0.030432,0.018516,0.486372,2.488017,19.354452,11.136565,3.458527,2.728819,172.776696,4.529528,1.046156,0.022309,0.950802
-0.038007,0.019058,0.484463,2.060723,19.282917,10.076930,3.459386,2.737910,172.650165,4.446893,1.045705,0.021887,0.950389
-0.027026,0.018393,0.484736,1.939236,19.497835,11.998510,3.455112,2.718522,172.757710,4.284310,1.046403,0.021202,0.951021
-0.035493,0.019443,0.456322,2.330590,19.331815,11.085548,3.458751,2.724470,172.722898,4.521383,1.046055,0.022236,0.950727
-0.033362,0.018476,0.484470,2.435358,19.346162,10.698812,3.458905,2.733875,172.702258,4.467980,1.045816,0.021995,0.950492
-0.031535,0.017976,0.465437,2.227841,19.353192,11.214402,3.455202,2.724043,172.711184,4.506300,1.045967,0.022158,0.950661
-0.033579,0.018166,0.414966,2.409910,19.336728,10.883413,3.458836,2.734103,172.691334,4.473918,1.045774,0.021995,0.950503
-0.033856,0.019153,0.442842,2.172099,19.336582,10.877947,3.459602,2.743043,172.706558,4.462128,1.045729,0.021918,0.950423
-0.032061,0.019194,0.463616,1.846328,19.404282,11.253738,3.458484,2.721928,172.691521,4.485011,1.045882,0.022056,0.950537
-0.038779,0.018908,0.512209,1.998504,19.264788,10.367455,3.460949,2.729374,172.671263,4.415790,1.045505,0.021708,0.950236
-0.027976,0.018805,0.503268,2.013863,19.426230,12.166693,3.457907,2.723567,172.763723,4.522073,1.046106,0.022261,0.950728
-0.036641,0.018307,0.498068,1.800483,19.325240,10.468133,3.457467,2.727600,172.698465,4.409974,1.045486,0.021691,0.950217
-0.037195,0.018753,0.479955,2.115230,19.361297,10.445070,3.459080,2.744938,172.556463,4.367076,1.045293,0.021507,0.950041
-0.029822,0.018403,0.467871,2.135845,19.322735,11.200890,3.459633,2.716813,172.488377,4.386097,1.045406,0.021645,0.950153
-0.030409,0.019219,0.479219,2.042573,19.330638,11.256050,3.461722,2.711348,172.476888,4.367818,1.045372,0.021583,0.950060
-0.028869,0.019665,0.495995,2.201566,19.362572,11.756432,3.462096,2.731317,172.467572,4.390852,1.045483,0.021715,0.950166
-0.029680,0.018678,0.487739,2.051466,19.328745,11.294603,3.456775,2.729978,172.422117,4.351064,1.045294,0.021508,0.949988
-0.031873,0.018384,0.485769,2.046981,19.318662,10.836292,3.456686,2.732707,172.395025,4.303923,1.045065,0.021284,0.949776
-0.029531,0.019058,0.467133,2.079226,19.330823,10.919477,3.458139,2.735098,172.404901,4.297655,1.044992,0.021266,0.949729
-0.029590,0.017968,0.455906,2.359759,19.360798,11.271842,3.455207,2.749504,172.405948,4.321910,1.045066,0.021372,0.949832
-0.033705,0.019416,0.486655,1.916598,19.307993,10.532917,3.462171,2.727153,172.556795,4.293128,1.044984,0.021220,0.949718
-0.034806,0.018920,0.500043,1.941108,19.282142,10.287898,3.457393,2.742022,172.606436,4.282181,1.044903,0.021108,0.949664
-0.037247,0.017865,0.470251,2.125212,19.254342,9.627280,3.456919,2.731431,172.598687,4.232201,1.044648,0.020834,0.949425
-0.039027,0.019228,0.474269,2.385579,19.253528,9.912878,3.459509,2.731445,172.587015,4.226100,1.044622,0.020808,0.949408
-0.032628,0.018568,0.486167,2.241883,19.279835,10.102487,3.457128,2.748115,172.635302,4.248222,1.044728,0.020913,0.949499
-0.035315,0.018445,0.492718,2.103642,19.283492,10.242688,3.455936,2.732384,172.596740,4.239406,1.044706,0.020940,0.949484
-0.034132,0.018076,0.482137,1.934328,19.287217,10.695402,3.456303,2.722590,172.646046,4.264498,1.044778,0.021031,0.949581
-0.037531,0.018960,0.450029,2.426638,19.269027,10.148573,3.460673,2.729412,172.594952,4.221225,1.044559,0.020828,0.949367
-0.037045,0.019329,0.507502,2.049330,19.268890,9.914787,3.461243,2.732505,172.560059,4.189779,1.044387,0.020676,0.949236
-0.035423,0.018995,0.495389,2.236390,19.291918,10.132527,3.457083,2.716856,172.495839,4.174339,1.044364,0.020650,0.949178
-0.029424,0.018269,0.482758,2.083807,19.329652,10.979638,3.455302,2.728447,172.618546,4.233692,1.044655,0.020922,0.949480
-0.034745,0.018787,0.484651,2.235392,19.355607,10.355983,3.458573,2.720523,172.540418,4.190290,1.044438,0.020706,0.949242
-0.032058,0.019168,0.479226,2.241240,19.289973,11.053730,3.460123,2.735507,172.519835,4.236964,1.044589,0.020951,0.949441
-0.041150,0.019001,0.490011,1.957980,19.183558,8.870843,3.460165,2.718031,172.312345,4.021390,1.043534,0.019871,0.948436
-0.028688,0.019204,0.521053,2.111832,19.342770,11.596585,3.459085,2.737549,172.398374,4.496926,1.044444,0.022171,0.949248
-0.042585,0.019103,0.490491,2.093475,19.259327,9.816145,3.460196,2.735474,172.474849,4.396570,1.043957,0.021638,0.948779
-0.035274,0.019833,0.465231,2.090173,19.265260,9.975630,3.462237,2.717953,172.508856,4.116333,1.044054,0.020338,0.948861
-0.031757,0.019397,0.464009,2.152843,19.312077,10.642495,3.462352,2.738857,172.574675,4.162010,1.044271,0.020570,0.949085
-0.029046,0.018959,0.489911,2.122856,19.343428,11.448157,3.458931,2.734996,172.616280,4.231795,1.044572,0.020895,0.949389
-0.036306,0.018833,0.497314,2.140973,19.320793,10.071810,3.458701,2.741468,172.452803,4.113365,1.043979,0.020319,0.948861
-0.028484,0.018951,0.508721,2.199842,19.431022,11.946160,3.457394,2.720727,172.371374,4.507815,1.044406,0.022179,0.949269
-0.033673,0.019717,0.479001,2.273920,19.291872,10.689530,3.459409,2.727779,172.288521,4.400015,1.043866,0.021617,0.948764
-0.034940,0.018670,0.515757,1.990010,19.360282,11.109393,3.457272,2.730190,172.291116,4.383237,1.043900,0.021632,0.948767
-0.031165,0.018370,0.482802,2.016710,19.330773,11.115003,3.457198,2.717623,172.243045,4.374926,1.043881,0.021571,0.948707
-0.036652,0.018477,0.474714,2.396144,19.273108,9.989002,3.456242,2.723630,172.198928,4.278017,1.043335,0.021082,0.948242
-0.035159,0.018873,0.497865,2.415143,19.292667,10.882640,3.459932,2.733168,172.192408,4.326862,1.043594,0.021372,0.948499
-0.030063,0.019298,0.491766,2.058812,19.310452,10.985842,3.459912,2.716905,172.191180,4.327482,1.043642,0.021374,0.948504
-0.028846,0.019327,0.513541,2.033364,19.383337,11.759877,3.461146,2.716879,172.304049,4.376331,1.043884,0.021638,0.948735
-0.035377,0.018986,0.486621,2.066153,19.318372,9.983862,3.460254,2.742170,172.425746,4.310479,1.043502,0.021172,0.948345
-0.028786,0.018333,0.474604,2.339960,19.331763,11.593778,3.454303,2.732484,172.534922,4.433339,1.044042,0.021779,0.948907
-0.037785,0.019147,0.470104,2.115681,19.302150,10.297510,3.458069,2.737530,172.469849,4.335694,1.043579,0.021282,0.948469
-0.032730,0.018881,0.454415,2.396463,19.371850,11.394535,3.456417,2.721775,172.520067,4.402368,1.043928,0.021646,0.948793
-0.040722,0.019608,0.497434,2.136266,19.347753,10.194663,3.459220,2.727346,172.441053,4.316875,1.043462,0.021182,0.948355
-0.037630,0.017756,0.477580,2.094095,19.253605,10.139663,3.452288,2.744707,172.410062,4.274651,1.043275,0.021031,0.948218
