SCC,SCV,DVV,ICP,CCDT,CVCT,ACCV C,ACCV D,ECD,ECV,CCD,CCV,SoH
-0.035775,0.015401,0.336527,3.799354,20.008687,10.833438,3.448734,2.743452,179.612503,6.354950,1.079289,0.031737,0.981463
-0.038976,0.015033,0.316421,4.544832,20.008405,10.749983,3.449567,2.755437,179.871419,6.282089,1.080546,0.031223,0.982481
-0.038898,0.014332,0.279241,3.873075,20.008353,10.666753,3.445673,2.758018,179.994786,6.103389,1.081306,0.030433,0.983118
-0.037064,0.014866,0.307549,3.179425,20.008618,10.583350,3.447676,2.753684,180.067176,5.887417,1.081802,0.029432,0.983509
-0.039349,0.015157,0.328508,4.630909,20.009033,10.583475,3.450465,2.756830,180.116515,5.912936,1.081973,0.029489,0.983630
-0.036125,0.014291,0.273594,2.926146,20.008753,10.583545,3.447059,2.746296,180.147112,5.963650,1.082127,0.029675,0.983843
-0.040288,0.014866,0.297409,2.901539,20.009138,10.583352,3.447518,2.762817,180.195710,6.006197,1.082364,0.029828,0.983967
-0.035870,0.015237,0.285565,3.942200,20.009343,10.500063,3.449564,2.760962,180.217457,5.742266,1.082538,0.028587,0.984124
-0.037568,0.014701,0.191633,18.832099,20.009528,10.500010,3.446870,2.744456,180.231304,5.766106,1.082649,0.028659,0.984238
-0.037676,0.013859,0.245765,3.616956,20.009322,10.500087,3.444699,2.750966,180.270772,5.782246,1.082803,0.028718,0.984328
-0.038272,0.013949,0.293179,3.150459,20.009645,10.500128,3.445880,2.747669,180.238608,5.790216,1.082863,0.028735,0.984363
-0.038774,0.013914,0.271620,3.803562,20.009542,10.500040,3.444729,2.743540,180.241671,5.825829,1.082912,0.028822,0.984436
-0.036736,0.014216,0.293030,3.412406,20.009367,10.500133,3.446524,2.749248,180.232965,5.801127,1.082933,0.028799,0.984423
-0.037299,0.015088,0.238366,4.551057,20.009178,10.500148,3.448583,2.749212,180.231638,5.804251,1.082939,0.028804,0.984451
-0.038880,0.014375,0.271550,3.278642,20.009342,10.500173,3.446683,2.752845,180.199590,5.788784,1.082920,0.028705,0.984381
-0.036099,0.014205,0.270648,6.890189,20.009407,10.416845,3.446048,2.752641,180.210015,5.507577,1.082983,0.027449,0.984461
-0.035239,0.013983,0.280992,3.731797,20.009860,10.416813,3.445558,2.757715,180.199697,5.492532,1.082994,0.027389,0.984435
-0.036801,0.014484,0.298146,3.018200,20.009807,10.416798,3.446805,2.739131,180.211881,5.509882,1.083022,0.027432,0.984510
-0.035684,0.014424,0.266562,7.516790,20.009795,10.416825,3.445422,2.736684,180.199089,5.505455,1.083021,0.027402,0.984482
-0.035713,0.013936,0.239580,4.116577,20.009645,10.416818,3.444609,2.739198,180.169050,5.491697,1.083000,0.027345,0.984433
-0.038768,0.014629,0.303321,3.517875,20.009742,10.416743,3.449903,2.751884,180.164696,5.496477,1.083014,0.027372,0.984461
-0.037348,0.014576,0.272540,4.113982,20.009538,10.416642,3.446400,2.733141,180.156665,5.504744,1.083001,0.027356,0.984444
-0.035631,0.014161,0.294238,3.801494,20.009905,10.416678,3.447206,2.741196,179.920423,5.485300,1.081724,0.027289,0.984383
-0.035136,0.014259,0.292750,2.803556,20.009637,10.416733,3.444940,2.750431,180.117683,5.476152,1.082919,0.027264,0.984397
-0.037308,0.013862,0.312996,3.295426,20.009458,10.416733,3.442945,2.740980,180.104715,5.478478,1.082937,0.027274,0.984382
-0.036826,0.014475,0.281131,6.969736,20.009920,10.416572,3.447363,2.749143,180.091265,5.474751,1.082966,0.027247,0.984364
-0.039424,0.014514,0.282456,3.562634,20.009752,10.416665,3.447265,2.743224,180.094037,5.485139,1.082966,0.027282,0.984402
-0.036321,0.014431,0.263666,3.119869,20.009723,10.416612,3.447642,2.752069,180.086028,5.488819,1.083000,0.027276,0.984401
-0.038491,0.014045,0.272797,4.199890,20.009540,10.416587,3.445783,2.743721,180.077659,5.504612,1.082983,0.027267,0.984397
-0.039733,0.014357,0.279374,2.952626,20.009735,10.416812,3.446037,2.760391,180.064732,5.489519,1.082972,0.027250,0.984385
-0.034690,0.013244,0.280739,4.848067,20.009677,10.416825,3.442914,2.729274,180.056331,5.476881,1.082922,0.027182,0.984319
-0.037336,0.013979,0.296968,3.406434,20.009800,10.416835,3.444495,2.750791,180.043844,5.468008,1.082899,0.027168,0.984310
-0.040234,0.014504,0.226682,3.192570,20.009895,10.416625,3.447757,2.741346,180.039784,5.477988,1.082887,0.027152,0.984301
-0.035663,0.013942,0.282582,4.259258,20.010025,10.416772,3.444965,2.741318,180.026471,5.474820,1.082897,0.027164,0.984325
-0.039384,0.014966,0.284748,3.440207,20.009753,10.416870,3.449721,2.748958,180.011433,5.482326,1.082852,0.027166,0.984309
-0.039607,0.014006,0.300404,5.397343,20.009908,10.416625,3.445873,2.735950,180.000855,5.488669,1.082907,0.027213,0.984311
-0.037020,0.013513,0.294737,3.615077,20.009795,10.416648,3.444208,2.741380,179.977258,5.477978,1.082913,0.027163,0.984315
-0.037944,0.013783,0.266296,5.190801,20.010062,10.416765,3.444585,2.748469,179.978384,5.478376,1.082938,0.027168,0.984326
-0.038518,0.013720,0.286761,4.942557,20.009875,10.416797,3.445178,2.735253,179.963081,5.481040,1.082917,0.027158,0.984317
-0.039252,0.013556,0.271491,3.230438,20.010275,10.416787,3.444409,2.736147,179.928452,5.465785,1.082829,0.027107,0.984279
-0.036259,0.014735,0.276361,3.312977,20.009697,10.416652,3.447768,2.734769,179.913540,5.467776,1.082838,0.027095,0.984257
-0.038829,0.014008,0.304623,3.419007,20.010282,10.416637,3.444332,2.741879,179.896602,5.448721,1.082822,0.027024,0.984214
-0.036117,0.014801,0.270972,4.358507,20.009993,10.416768,3.447534,2.747764,179.886047,5.451126,1.082825,0.027005,0.984177
-0.037108,0.013681,0.247073,3.647170,20.010060,10.416802,3.443774,2.752939,179.880867,5.445350,1.082824,0.027055,0.984225
-0.035671,0.014190,0.219936,4.547880,20.010128,10.416767,3.445039,2.741222,179.859238,5.460848,1.082820,0.027059,0.984226
-0.037799,0.013813,0.282744,3.362026,20.010422,10.416905,3.445336,2.763267,179.831030,5.452339,1.082761,0.026993,0.984161
-0.036649,0.013655,0.270837,5.393044,20.009957,10.416823,3.445000,2.751457,179.834843,5.450851,1.082765,0.027005,0.984177
-0.037799,0.014227,0.278950,3.936631,20.010327,10.416852,3.446936,2.757006,179.808590,5.448237,1.082764,0.027006,0.984184
-0.038175,0.013849,0.286474,3.329352,20.009792,10.333508,3.444751,2.742343,180.214112,5.229956,1.083226,0.025979,0.984596
-0.041599,0.014858,0.285563,3.562915,20.009940,10.333432,3.448564,2.734126,180.402161,5.295057,1.083469,0.026201,0.984834
-0.033366,0.014002,0.272984,3.133327,20.009622,10.250112,3.443440,2.751922,180.522733,5.021901,1.083659,0.024977,0.985004
-0.036774,0.013337,0.263258,4.402795,20.010312,10.249997,3.441777,2.748219,180.590474,5.040440,1.083782,0.025037,0.985094
-0.034884,0.013566,0.261947,3.056000,20.009998,10.250132,3.442224,2.748158,180.381382,5.051208,1.082624,0.025072,0.985141
-0.038604,0.014128,0.262183,4.003277,20.010405,10.333385,3.445083,2.744995,179.947322,5.235964,1.083185,0.025971,0.984634
-0.039116,0.014655,0.254845,9.096961,20.010498,10.416677,3.446498,2.741330,179.706722,5.446474,1.082788,0.026992,0.984204
-0.036602,0.014463,0.293539,3.313881,20.010858,10.416810,3.446942,2.746678,179.674480,5.432846,1.082737,0.026944,0.984158
-0.038243,0.013370,0.287153,2.835765,20.010580,10.416583,3.443238,2.745659,179.650489,5.433484,1.082692,0.026902,0.984092
-0.036067,0.014056,0.271551,5.143227,20.010685,10.416882,3.445768,2.746492,179.632462,5.432411,1.082659,0.026894,0.984096
-0.040763,0.014108,0.274907,3.273239,20.010448,10.416828,3.446973,2.725026,179.631768,5.417671,1.082619,0.026823,0.984037
-0.039184,0.013730,0.290712,3.702567,20.001018,10.416718,3.443834,2.750410,179.595978,5.411029,1.082576,0.026801,0.984025
-0.037061,0.013879,0.226586,61.548790,20.010488,10.416707,3.445392,2.759148,179.582077,5.407356,1.082577,0.026761,0.983968
-0.038683,0.013786,0.252679,3.553635,19.950973,10.416730,3.444602,2.743782,179.567251,5.405733,1.082503,0.026741,0.983935
-0.040684,0.014004,0.204370,4.890491,20.010433,10.416668,3.446568,2.740485,179.553878,5.413640,1.082544,0.026748,0.983963
-0.038603,0.014206,0.303910,4.088604,20.010762,10.416722,3.447547,2.749326,179.527122,5.399723,1.082463,0.026689,0.983897
-0.037352,0.014023,0.306575,3.470662,20.010453,10.416612,3.446159,2.746836,179.519527,5.390550,1.082458,0.026641,0.983845
-0.036844,0.013919,0.298840,4.794380,19.976413,10.416648,3.443724,2.741982,179.490851,5.379539,1.082393,0.026636,0.983830
-0.036517,0.013726,0.296499,3.180774,20.010725,10.416805,3.445107,2.745680,179.489046,5.376618,1.082388,0.026602,0.983837
-0.040048,0.014452,0.229874,3.332112,20.010695,10.416773,3.448078,2.740358,179.464598,5.365442,1.082371,0.026553,0.983779
-0.037868,0.014003,0.166810,9.633481,20.010577,10.416797,3.445975,2.739901,179.459379,5.354372,1.082348,0.026566,0.983763
-0.039025,0.014787,0.277096,3.992654,20.000447,10.416715,3.449579,2.745132,179.436375,5.352635,1.082321,0.026527,0.983733
-0.037092,0.013739,0.286894,2.568089,19.999885,10.416732,3.443716,2.742219,179.424987,5.348212,1.082281,0.026514,0.983720
-0.037360,0.014595,0.257416,6.321263,19.930310,10.416882,3.449510,2.736273,179.404468,5.339863,1.082251,0.026474,0.983716
-0.039603,0.014420,0.253308,4.428522,19.998428,10.416660,3.447036,2.739544,179.393842,5.321765,1.082184,0.026388,0.983622
-0.035802,0.013927,0.234005,9.427514,19.989885,10.416758,3.447112,2.743685,179.370202,5.318518,1.082164,0.026401,0.983614
-0.035705,0.013597,0.134077,3.458582,19.982658,10.416743,3.443066,2.737166,179.356791,5.319621,1.082161,0.026389,0.983596
-0.038351,0.013794,0.293062,3.434653,19.921803,10.416688,3.444533,2.739165,179.350104,5.303315,1.082138,0.026366,0.983572
-0.037567,0.014030,0.239343,4.844821,19.968103,10.416678,3.445371,2.746268,179.333198,5.301367,1.082117,0.026348,0.983567
-0.037349,0.014172,0.301638,3.494689,20.001673,10.416785,3.446408,2.741586,179.315793,5.301479,1.082123,0.026330,0.983564
-0.037882,0.013827,0.298887,3.284014,19.898275,10.416758,3.445771,2.756991,179.324037,5.293251,1.082064,0.026323,0.983550
-0.037822,0.014198,0.296425,3.534630,19.896097,10.416750,3.447251,2.750332,179.287924,5.303598,1.082063,0.026292,0.983504
-0.037795,0.014386,0.289509,3.651353,19.975997,10.416625,3.448323,2.744038,179.278041,5.298709,1.082070,0.026271,0.983490
-0.038447,0.013798,0.268003,7.105847,19.934738,10.416852,3.445276,2.746278,179.267003,5.300159,1.082049,0.026282,0.983502
-0.036201,0.014625,0.281702,4.046372,19.872413,10.416613,3.448180,2.738935,179.066266,5.301809,1.080814,0.026290,0.983506
-0.036677,0.014239,0.260479,2.991572,19.988980,10.416893,3.448112,2.731678,179.231505,5.293464,1.082018,0.026228,0.983442
-0.037912,0.014842,0.259036,3.862231,19.926955,10.416768,3.447064,2.738536,179.217527,5.273182,1.081959,0.026215,0.983430
-0.036668,0.014798,0.191374,4.711567,19.903292,10.416633,3.450088,2.735784,179.189754,5.269023,1.081921,0.026165,0.983405
-0.037180,0.014382,0.260049,2.867550,19.932378,10.416723,3.445857,2.748889,179.184039,5.272766,1.081923,0.026142,0.983354
-0.039827,0.014533,0.252398,2.752387,19.901525,10.416628,3.449430,2.744493,179.162662,5.258958,1.081909,0.026136,0.983387
-0.038106,0.014410,0.273912,5.142953,19.832393,10.416667,3.447262,2.735605,179.154337,5.251784,1.081879,0.026124,0.983353
-0.037554,0.014751,0.288475,5.794303,19.886840,10.416903,3.449593,2.735024,179.133659,5.250618,1.081861,0.026075,0.983299
-0.036292,0.014441,0.233112,3.474454,19.885913,10.416815,3.447305,2.749137,179.115816,5.253641,1.081864,0.026096,0.983326
-0.036526,0.014647,0.303385,3.746512,19.890957,10.416810,3.447324,2.744257,179.109328,5.229508,1.081839,0.026012,0.983277
-0.035716,0.014293,0.245830,3.097404,19.864297,10.416630,3.448729,2.749597,179.092201,5.245010,1.081814,0.026052,0.983298
-0.038794,0.014483,0.265190,4.092849,19.896835,10.416812,3.449475,2.762180,179.064748,5.225834,1.081791,0.026020,0.983296
-0.034461,0.013671,0.308517,2.874948,19.860967,10.416578,3.446493,2.737401,179.051058,5.226560,1.081783,0.025977,0.983243
-0.037025,0.014404,0.270615,5.036491,19.890993,10.416852,3.448347,2.725868,179.044712,5.235186,1.081766,0.025951,0.983204
-0.035829,0.014474,0.298904,2.555561,19.902938,10.416692,3.449081,2.751498,179.022141,5.219732,1.081715,0.025929,0.983196
-0.036452,0.014031,0.293726,3.223883,19.877125,10.416693,3.444948,2.739594,178.999583,5.222166,1.081717,0.025952,0.983181
-0.037206,0.014098,0.277309,3.906332,19.879588,10.416697,3.446841,2.743399,179.013496,5.221000,1.081686,0.025939,0.983167
-0.034716,0.014110,0.284034,4.622537,19.887993,10.416692,3.446330,2.718304,178.978790,5.232035,1.081660,0.025892,0.983121
-0.036419,0.015324,0.244109,3.571112,19.866085,10.416718,3.450489,2.740406,178.957843,5.203208,1.081630,0.025865,0.983127
-0.036345,0.013953,0.317985,4.471412,19.875023,10.416747,3.446832,2.740409,178.929821,5.194279,1.081586,0.025822,0.983062
-0.038112,0.014145,0.261801,2.839180,19.922062,10.416627,3.446858,2.751386,178.940653,5.197433,1.081602,0.025808,0.983067
-0.034967,0.014213,0.237584,4.607472,19.868140,10.416832,3.446664,2.753052,178.909754,5.196765,1.081548,0.025798,0.983032
-0.036597,0.014229,0.239009,2.927117,19.961395,10.416760,3.444742,2.722437,178.876247,5.194102,1.081511,0.025757,0.982991
-0.035998,0.014520,0.340193,2.992258,19.833435,10.416917,3.449370,2.743368,178.861172,5.187923,1.081478,0.025770,0.982987
-0.035964,0.014195,0.314146,3.032448,19.737178,10.416642,3.445629,2.751843,178.927387,5.182637,1.081469,0.025753,0.982993
-0.035263,0.014422,0.270035,2.754621,19.885672,10.416800,3.449005,2.740003,178.878923,5.179603,1.081510,0.025727,0.982956
-0.037541,0.013893,0.299556,3.546125,19.752460,10.416790,3.445444,2.752931,178.831909,5.174930,1.081373,0.025686,0.982916
-0.035789,0.014522,0.314623,3.648737,19.795900,10.416745,3.447678,2.737100,178.821564,5.152307,1.081360,0.025626,0.982863
-0.034864,0.014865,0.316828,3.227954,19.868575,10.416748,3.450360,2.739665,178.809533,5.139120,1.081340,0.025595,0.982808
-0.033948,0.014246,0.267522,3.737453,19.816285,10.416663,3.447868,2.737881,178.793532,5.149978,1.081302,0.025582,0.982796
-0.036875,0.015329,0.337302,2.834221,19.776367,10.416817,3.451279,2.733376,178.770678,5.130276,1.081227,0.025514,0.982740
-0.037103,0.014180,0.271733,10.792189,19.809418,10.416838,3.445476,2.749960,178.774144,5.122779,1.081211,0.025501,0.982714
-0.035362,0.014674,0.218947,17.705711,19.800492,10.416640,3.449549,2.737728,178.746005,5.119050,1.081208,0.025489,0.982713
-0.037527,0.015341,0.283306,2.909550,19.790630,10.416717,3.451756,2.719521,178.748765,5.117106,1.081195,0.025468,0.982685
-0.035372,0.014917,0.308773,3.082793,19.777822,10.416863,3.450116,2.744071,178.747773,5.119993,1.081200,0.025486,0.982709
-0.037833,0.014535,0.235359,3.849282,19.792732,10.416830,3.449091,2.758305,178.716388,5.117843,1.081146,0.025428,0.982650
-0.034587,0.013876,0.279271,3.201950,19.772050,10.416678,3.446711,2.748611,178.693075,5.099936,1.081122,0.025408,0.982611
-0.035160,0.014380,0.313700,2.864172,19.789930,10.416735,3.448711,2.753202,178.703331,5.098687,1.081099,0.025406,0.982626
-0.034172,0.014455,0.297984,3.353234,19.801140,10.416963,3.448361,2.744513,178.692470,5.113313,1.081113,0.025411,0.982594
-0.034583,0.014547,0.313231,3.634938,19.724420,10.416692,3.448405,2.756258,178.677876,5.107344,1.081014,0.025374,0.982605
-0.034372,0.014592,0.274493,3.249107,19.771982,10.416687,3.448960,2.736250,178.666779,5.092719,1.080989,0.025335,0.982526
-0.036530,0.015204,0.309337,2.768490,19.782722,10.500192,3.452084,2.755329,178.624213,5.392212,1.080969,0.026655,0.982495
-0.039098,0.014461,0.334935,2.869241,19.734472,10.500035,3.448913,2.736848,178.619433,5.376522,1.080922,0.026668,0.982493
-0.038936,0.014419,0.341044,3.355770,19.757257,10.500078,3.448548,2.739832,178.612878,5.377089,1.080920,0.026630,0.982451
-0.036775,0.014573,0.287503,3.140606,19.792390,10.500108,3.452388,2.735479,178.597552,5.374221,1.080932,0.026625,0.982450
-0.037678,0.014670,0.309246,2.908432,19.755177,10.500055,3.448617,2.736974,178.594969,5.378195,1.080931,0.026595,0.982419
-0.035951,0.014422,0.270166,7.280124,19.738628,10.500160,3.448584,2.743425,178.572937,5.372924,1.080854,0.026557,0.982397
-0.041257,0.014296,0.292121,3.422841,19.725885,10.500058,3.449953,2.733306,178.541117,5.352907,1.080792,0.026491,0.982331
-0.038872,0.014928,0.317336,3.914487,19.735388,10.500120,3.451306,2.740313,178.526060,5.354164,1.080790,0.026483,0.982312
-0.039950,0.014769,0.343536,2.734200,19.720383,10.500078,3.448504,2.749180,178.509724,5.354319,1.080795,0.026469,0.982308
-0.035655,0.014533,0.231512,4.016636,19.749988,10.500093,3.451135,2.723623,178.498610,5.334211,1.080703,0.026395,0.982238
-0.036908,0.014610,0.282757,3.495214,19.785208,10.499997,3.449140,2.743198,178.517223,5.337697,1.080699,0.026371,0.982219
-0.035876,0.014169,0.306891,3.747803,19.682897,10.500008,3.448889,2.731262,178.511060,5.323690,1.080659,0.026362,0.982215
-0.038164,0.014534,0.319734,2.952754,19.781862,10.500037,3.449688,2.725190,178.473160,5.322291,1.080678,0.026360,0.982186
-0.036048,0.014438,0.324740,2.858556,19.725105,10.500052,3.450797,2.738197,178.451623,5.316084,1.080633,0.026311,0.982172
-0.040081,0.014976,0.318091,5.161617,19.768800,10.500103,3.451924,2.738192,178.441928,5.325775,1.080627,0.026303,0.982166
-0.038611,0.014200,0.246234,2.803208,19.702530,10.500103,3.448632,2.737682,178.437218,5.316356,1.080564,0.026281,0.982137
-0.036689,0.014376,0.296941,3.367217,19.680622,10.500177,3.448339,2.746096,178.415182,5.306898,1.080493,0.026252,0.982116
-0.037035,0.014283,0.304652,3.274292,19.684473,10.500092,3.448277,2.748488,178.417601,5.290674,1.080474,0.026173,0.982039
-0.037151,0.014569,0.195753,3.601488,19.716538,10.500023,3.451223,2.744667,178.415323,5.298265,1.080507,0.026163,0.982022
-0.034245,0.014263,0.306104,3.523279,19.716008,10.500153,3.447377,2.757725,178.407401,5.283199,1.080473,0.026147,0.982019
-0.038814,0.014659,0.281571,3.361630,19.677195,10.583333,3.452383,2.725883,178.403746,5.377704,1.080464,0.026594,0.981030
-0.035232,0.014334,0.318891,2.553227,19.684715,10.500172,3.448620,2.748599,178.381015,5.287218,1.080420,0.026106,0.981971
-0.036478,0.015031,0.312274,2.627630,19.672115,10.500037,3.452076,2.739728,178.348755,5.257955,1.080393,0.026067,0.981930
-0.036077,0.014311,0.228620,35.714219,19.664212,10.500132,3.449790,2.734414,178.335092,5.255470,1.080351,0.026039,0.981905
-0.038902,0.014849,0.324262,3.811586,19.693887,10.500133,3.449274,2.742618,178.312497,5.253571,1.080337,0.026021,0.981878
-0.035420,0.014215,0.312269,3.110423,19.689212,10.499970,3.448684,2.749424,178.301369,5.243417,1.080300,0.026012,0.981882
-0.035567,0.014509,0.327592,3.298382,19.686373,10.499962,3.447962,2.732783,178.283180,5.244565,1.080268,0.025974,0.981824
-0.038374,0.014094,0.288019,2.826780,19.648857,10.500148,3.447974,2.731104,178.259593,5.217542,1.080198,0.025915,0.981769
-0.036076,0.014162,0.313415,3.337317,19.672480,10.499913,3.448069,2.739506,178.254130,5.219699,1.080179,0.025872,0.981744
-0.036482,0.014743,0.333724,3.673184,19.683453,10.500013,3.450777,2.739818,178.235203,5.202193,1.080149,0.025850,0.981721
-0.035297,0.014256,0.279230,2.814891,19.609020,10.500133,3.450240,2.748302,178.215040,5.209500,1.080101,0.025825,0.981693
-0.039126,0.014013,0.322511,3.639919,19.658845,10.500173,3.446777,2.735891,178.208492,5.192024,1.080073,0.025772,0.981638
-0.037678,0.014722,0.325538,3.051166,19.615153,10.500043,3.449521,2.752289,178.192328,5.200881,1.080055,0.025789,0.981631
-0.038814,0.014656,0.302792,2.993642,19.634313,10.499867,3.450409,2.743598,178.173005,5.181083,1.080005,0.025728,0.981606
-0.034048,0.014644,0.319445,3.260572,19.632300,10.500145,3.452262,2.721958,178.169224,5.184585,1.079950,0.025679,0.981521
-0.038697,0.014664,0.269445,3.457599,19.703645,10.500120,3.449403,2.737640,178.179785,5.166306,1.079940,0.025667,0.981529
-0.036271,0.014267,0.325691,2.849123,19.600568,10.500123,3.447319,2.733135,178.178677,5.175977,1.079885,0.025674,0.981525
-0.035036,0.014849,0.322234,2.524760,19.670593,10.500158,3.450977,2.754192,178.219727,5.174076,1.079899,0.025639,0.981497
-0.037094,0.014581,0.298258,2.810340,19.641303,10.500070,3.448764,2.763178,178.344610,5.183256,1.079997,0.025713,0.981593
-0.036241,0.014151,0.320521,2.934617,19.616438,10.500055,3.447726,2.758683,178.488721,5.216070,1.080154,0.025841,0.981754
-0.037064,0.014451,0.287260,2.602653,19.628963,10.500118,3.450101,2.732736,178.436233,5.232433,1.080153,0.025823,0.981713
-0.037040,0.014458,0.320833,3.060164,19.693220,10.499957,3.448718,2.737963,178.300304,5.192846,1.080054,0.025713,0.981620
-0.037465,0.015312,0.218659,10.470822,19.582987,10.500025,3.451698,2.731159,178.143113,5.163349,1.079833,0.025597,0.981494
-0.033286,0.015177,0.328376,3.050589,19.589645,10.500215,3.452572,2.742007,178.063503,5.132191,1.079681,0.025486,0.981312
-0.035547,0.015023,0.325170,3.075176,19.589530,10.500008,3.452610,2.748324,178.038101,5.119824,1.079637,0.025456,0.981289
-0.037775,0.015062,0.340790,2.640572,19.659572,10.500018,3.450089,2.746427,178.160546,5.120609,1.079695,0.025455,0.981297
-0.037234,0.014594,0.329858,3.206782,19.645327,10.500193,3.449231,2.733891,178.343633,5.155773,1.079851,0.025563,0.981453
-0.038329,0.014047,0.292107,2.784935,19.552810,10.499890,3.447761,2.751996,178.402096,5.177794,1.079909,0.025647,0.981557
-0.038179,0.015340,0.293265,3.097870,19.630195,10.500050,3.452660,2.754830,178.426974,5.195471,1.079994,0.025679,0.981587
-0.037469,0.014103,0.300347,2.465485,19.646357,10.500117,3.446344,2.741191,178.418776,5.191533,1.079968,0.025670,0.981579
-0.036294,0.014874,0.316154,2.827210,19.627858,10.500127,3.450189,2.749691,178.371628,5.108254,1.079912,0.025339,0.981251
-0.034900,0.014056,0.310103,9.115435,19.668585,10.500065,3.449184,2.730363,178.311983,5.156682,1.079836,0.025519,0.981428
-0.036095,0.014735,0.292691,3.361762,19.605010,10.500133,3.449653,2.747965,178.214399,5.133270,1.079727,0.025450,0.981367
-0.035514,0.015176,0.300231,3.093543,19.632433,10.500072,3.452561,2.736129,177.978362,5.087267,1.079477,0.025290,0.981147
-0.038286,0.014975,0.282282,2.882159,19.587330,10.583190,3.451639,2.736908,177.930747,5.368699,1.079299,0.026520,0.980971
-0.037191,0.014883,0.347413,2.940900,19.533780,10.583452,3.451981,2.759677,177.893130,5.356937,1.079224,0.026493,0.980953
-0.035856,0.015157,0.349357,3.221158,19.588947,10.583438,3.451457,2.750079,177.878422,5.343963,1.079221,0.026447,0.980893
-0.038386,0.014775,0.327591,3.150412,19.604377,10.583392,3.451449,2.730979,177.870538,5.344236,1.079167,0.026426,0.980877
-0.036375,0.015294,0.261401,2.977665,19.518633,10.583380,3.453001,2.751404,177.858317,5.326413,1.079134,0.026376,0.980834
-0.037758,0.014735,0.338792,2.600119,19.557592,10.583353,3.452227,2.734429,177.848074,5.317573,1.079106,0.026347,0.980808
-0.038794,0.014419,0.320640,3.459396,19.562795,10.583300,3.450999,2.748991,177.842508,5.317105,1.079073,0.026293,0.980761
-0.039453,0.014228,0.319502,2.960019,19.499547,10.583362,3.448254,2.752332,177.810105,5.299884,1.078991,0.026281,0.980733
-0.037207,0.014973,0.335369,4.142947,19.573323,10.583283,3.450824,2.760125,177.807278,5.290725,1.078980,0.026211,0.980671
-0.038696,0.014638,0.345269,2.981156,19.531527,10.583305,3.452229,2.738062,177.814092,5.298655,1.078932,0.026216,0.980668
-0.036984,0.015395,0.326778,2.690289,19.527522,10.583357,3.454552,2.740113,177.852376,5.289786,1.078930,0.026193,0.980671
-0.039386,0.015018,0.294587,2.647865,19.567398,10.583307,3.451054,2.750087,177.921735,5.296314,1.078996,0.026238,0.980718
-0.036430,0.015155,0.325597,2.917502,19.573048,10.500092,3.452626,2.747662,178.054260,5.019807,1.079143,0.024975,0.980814
-0.036206,0.014655,0.317852,3.145647,19.616700,10.500130,3.450033,2.748919,178.134354,5.036489,1.079263,0.025031,0.980921
-0.035778,0.015241,0.340113,2.780357,19.590518,10.500200,3.450427,2.750295,178.093441,5.040066,1.079197,0.025014,0.980900
-0.038930,0.015009,0.263023,3.043315,19.647472,10.583288,3.451741,2.756798,177.942188,5.310899,1.079067,0.026272,0.980746
-0.038215,0.014727,0.340627,2.384569,19.547727,10.583363,3.450990,2.749764,177.778143,5.273750,1.078838,0.026077,0.980569
-0.038755,0.014775,0.363448,2.738921,19.550202,10.583348,3.452209,2.756057,177.706074,5.242118,1.078721,0.025977,0.980441
-0.036471,0.014718,0.348960,3.188012,19.495580,10.583425,3.450222,2.741034,177.729088,5.220261,1.078637,0.025942,0.980411
-0.038975,0.015171,0.364922,3.150610,19.551193,10.583303,3.453297,2.746968,177.995468,5.281150,1.078869,0.026092,0.980572
-0.036290,0.014750,0.347358,3.904644,19.591873,10.500065,3.450140,2.744621,178.157388,5.009631,1.079081,0.024871,0.980765
-0.037325,0.014892,0.305678,3.401781,19.583863,10.499992,3.450540,2.744433,178.239918,5.025434,1.079198,0.024958,0.980884
-0.034513,0.014504,0.335543,2.566476,19.610020,10.500160,3.448854,2.739113,178.285298,5.034936,1.079254,0.024964,0.980902
-0.034681,0.015358,0.331531,2.848134,19.632367,10.500043,3.450590,2.725179,178.293935,5.027994,1.079266,0.024926,0.980889
-0.034324,0.014643,0.327202,4.187490,19.590850,10.500090,3.450342,2.747255,178.258860,5.033633,1.079195,0.024961,0.980914
-0.037459,0.014493,0.353037,3.018322,19.569165,10.500058,3.449560,2.729690,178.178603,5.013727,1.079113,0.024875,0.980814
-0.034311,0.014652,0.296270,2.962202,19.559725,10.499998,3.450241,2.735130,178.031584,4.977264,1.079024,0.024780,0.980690
-0.037747,0.014331,0.337120,3.786688,19.535940,10.583505,3.448794,2.748980,177.718119,5.222279,1.078640,0.025884,0.980379
-0.037790,0.015021,0.365850,2.651531,19.527602,10.583508,3.451923,2.735101,177.545462,5.175036,1.078382,0.025693,0.980134
-0.036334,0.015031,0.349560,2.754232,19.481487,10.583428,3.452329,2.724894,177.542963,5.166381,1.078306,0.025644,0.980098
-0.035776,0.015244,0.333430,2.505661,19.546805,10.583383,3.453741,2.740568,177.523414,5.139896,1.078311,0.025591,0.980049
-0.035247,0.015099,0.345804,2.604706,19.474972,10.583487,3.454226,2.735589,177.511612,5.146091,1.078192,0.025556,0.979989
-0.035513,0.014987,0.202692,3.194433,19.502553,10.583537,3.451563,2.748042,177.484622,5.122233,1.078138,0.025500,0.979916
-0.037202,0.014811,0.348776,2.863609,19.471942,10.583507,3.451346,2.728707,177.472348,5.124776,1.078090,0.025451,0.979873
-0.034075,0.015581,0.366927,2.711867,19.491432,10.583497,3.453595,2.764534,177.459300,5.110188,1.078057,0.025415,0.979820
-0.037985,0.015927,0.309697,3.140625,19.512362,10.666775,3.457546,2.737355,177.449295,5.411161,1.078028,0.026768,0.979803
-0.038942,0.015050,0.279194,2.854681,19.490485,10.666748,3.451833,2.738593,177.460066,5.410044,1.077982,0.026732,0.979765
-0.035084,0.015284,0.337114,2.481288,19.503420,10.583452,3.453479,2.712739,177.509640,5.099282,1.078005,0.025369,0.979799
-0.037116,0.015454,0.307814,2.773887,19.488593,10.583440,3.452586,2.731468,177.559491,5.112626,1.078047,0.025382,0.979846
-0.037902,0.014971,0.350650,3.117258,19.514150,10.583322,3.452390,2.738586,177.647234,5.117113,1.078105,0.025405,0.979894
-0.038428,0.014851,0.330524,4.235988,19.557983,10.583525,3.452247,2.725675,177.782125,5.132527,1.078235,0.025470,0.979988
-0.035686,0.015367,0.295530,3.464934,19.552797,10.583453,3.452678,2.740335,177.838405,5.161964,1.078316,0.025553,0.980096
-0.037284,0.015303,0.361815,2.820454,19.519080,10.583398,3.452158,2.737221,177.692971,5.132436,1.078181,0.025453,0.979968
-0.037171,0.015103,0.312547,3.040821,19.477700,10.583435,3.452274,2.730801,177.494244,5.077355,1.077951,0.025300,0.979751
-0.036821,0.015171,0.298488,2.557097,19.480462,10.666638,3.452415,2.746038,177.331417,5.360793,1.077720,0.026499,0.979552
-0.036851,0.015208,0.334688,3.176765,19.477588,10.666678,3.452751,2.744034,177.316891,5.353873,1.077684,0.026463,0.979521
-0.038924,0.014916,0.356828,2.635489,19.430408,10.666725,3.451783,2.743463,177.342210,5.347646,1.077609,0.026405,0.979471
-0.038835,0.015463,0.336204,2.803012,19.462770,10.666700,3.454340,2.754911,177.493361,5.356865,1.077744,0.026521,0.979573
-0.036886,0.015584,0.349289,2.713094,19.506860,10.583332,3.452250,2.739373,177.605929,5.075020,1.077876,0.025185,0.979678
-0.037376,0.015157,0.332488,2.887002,19.505927,10.583333,3.453050,2.749696,177.676299,5.085423,1.077937,0.025237,0.979748
-0.035312,0.014941,0.289637,2.982101,19.523943,10.583467,3.449728,2.750768,177.685506,5.096046,1.077948,0.025250,0.979758
-0.038431,0.014772,0.298929,2.961276,19.557843,10.583513,3.449871,2.737884,177.661329,5.074313,1.077920,0.025213,0.979756
-0.038670,0.015016,0.315615,3.009419,19.525557,10.583372,3.451012,2.733952,177.623893,5.070718,1.077857,0.025179,0.979674
-0.036822,0.014700,0.310656,2.779249,19.466030,10.583338,3.450989,2.739132,177.559536,5.066875,1.077739,0.025119,0.979624
-0.035920,0.015181,0.341325,3.423751,19.484827,10.583463,3.452832,2.753219,177.392801,5.038074,1.077639,0.025009,0.979487
-0.036595,0.014940,0.357643,2.412493,19.450772,10.666622,3.452674,2.732634,177.183289,5.271176,1.077360,0.026130,0.979220
-0.036291,0.015156,0.328509,5.874837,19.441872,10.666812,3.451102,2.745824,177.111569,5.250128,1.076992,0.026021,0.979127
-0.037336,0.015773,0.263759,2.945472,19.444302,10.666853,3.454576,2.736614,177.135837,5.235033,1.077176,0.026000,0.979073
-0.035804,0.015299,0.356922,3.440153,19.440860,10.666693,3.453360,2.734418,177.125685,5.226267,1.077152,0.025962,0.979025
-0.035259,0.015010,0.351787,2.581143,19.450185,10.666798,3.453078,2.729169,177.088102,5.226365,1.077108,0.025917,0.978988
-0.036629,0.015164,0.268275,66.564629,19.443057,10.666730,3.453841,2.737071,177.076593,5.210783,1.077034,0.025866,0.978935
-0.037451,0.015196,0.355563,2.911821,19.436953,10.666633,3.451979,2.752573,177.051864,5.204146,1.076981,0.025810,0.978893
-0.038100,0.015084,0.298770,4.983731,19.432805,10.666845,3.455496,2.746197,177.043618,5.195330,1.076958,0.025784,0.978855
-0.034608,0.015467,0.342658,2.626573,19.410780,10.666770,3.453781,2.735013,177.061562,5.186925,1.076902,0.025764,0.978844
-0.038565,0.015210,0.346597,2.635799,19.446568,10.666667,3.452817,2.738364,177.073575,5.175542,1.076910,0.025721,0.978798
-0.035673,0.015323,0.339793,3.019865,19.414830,10.666905,3.454475,2.746271,177.101435,5.186229,1.076908,0.025729,0.978804
-0.037878,0.015843,0.374245,2.970856,19.425778,10.666693,3.455938,2.755130,177.134656,5.191584,1.076891,0.025729,0.978812
-0.037973,0.014807,0.363330,2.162341,19.434195,10.666833,3.450693,2.740237,177.210419,5.175627,1.076914,0.025709,0.978806
-0.037831,0.015033,0.339485,2.323724,19.466752,10.666803,3.452882,2.732294,177.335046,5.211475,1.077093,0.025816,0.978928
-0.035307,0.016086,0.344435,2.950193,19.434258,10.666658,3.454806,2.757606,177.341906,5.245558,1.077140,0.025874,0.978987
-0.035809,0.014984,0.302185,5.068547,19.438512,10.666760,3.451787,2.747944,177.216030,5.204975,1.077014,0.025757,0.978869
-0.038568,0.015453,0.326066,2.878690,19.429632,10.666703,3.454274,2.738236,177.029597,5.142989,1.076795,0.025597,0.978709
-0.039275,0.015573,0.319494,4.042267,19.392432,10.750053,3.453511,2.751809,176.934973,5.401299,1.076591,0.026855,0.978504
-0.038645,0.015941,0.342534,3.009443,19.396098,10.750025,3.456459,2.722744,176.895275,5.414820,1.076535,0.026822,0.978472
-0.038464,0.015852,0.313408,2.845223,19.385005,10.666772,3.457449,2.746980,176.959184,5.112266,1.076507,0.025424,0.978454
-0.035357,0.015380,0.337129,2.716359,19.419007,10.666853,3.453750,2.745144,177.122918,5.136963,1.076657,0.025475,0.978579
-0.039117,0.015518,0.358788,3.560614,19.420540,10.666857,3.453727,2.747008,177.232914,5.162135,1.076761,0.025550,0.978662
-0.036308,0.015319,0.273046,3.150949,19.442148,10.666627,3.453036,2.741872,177.292987,5.162037,1.076841,0.025578,0.978712
-0.039007,0.015336,0.338874,2.957240,19.491190,10.666828,3.453794,2.738411,177.324297,5.163591,1.076863,0.025603,0.978744
-0.035573,0.015380,0.318481,4.500648,19.443423,10.666792,3.455142,2.743755,177.309723,5.175489,1.076798,0.025584,0.978710
-0.034445,0.015122,0.355139,3.437736,19.421253,10.666642,3.450517,2.751697,177.275082,5.130824,1.076760,0.025480,0.978670
-0.035678,0.015327,0.353909,3.148524,19.401257,10.666643,3.453026,2.751708,177.233073,5.121159,1.076718,0.025444,0.978609
-0.035336,0.014628,0.366031,2.733405,19.420593,10.666687,3.451463,2.735079,177.048273,5.112644,1.076552,0.025362,0.978486
-0.037394,0.016363,0.327920,2.607279,19.366273,10.750090,3.459717,2.732126,176.801587,5.354565,1.076234,0.026500,0.978170
-0.039635,0.015506,0.281690,3.312051,19.337192,10.749992,3.454577,2.746256,176.767816,5.338754,1.076127,0.026418,0.978078
-0.040857,0.015553,0.302547,8.215438,19.421930,10.749980,3.455324,2.739582,176.750062,5.312698,1.076106,0.026332,0.978019
-0.035687,0.016100,0.353910,2.817025,19.367320,10.750015,3.458099,2.744557,176.739192,5.308713,1.076043,0.026320,0.978031
-0.037766,0.015337,0.369375,2.684558,19.400685,10.750095,3.452214,2.742465,176.735771,5.225249,1.075995,0.025975,0.977650
-0.036612,0.016238,0.278246,2.757986,19.371803,10.750170,3.459071,2.733263,176.703476,5.275823,1.075944,0.026216,0.977892
-0.036843,0.015419,0.355545,2.917513,19.328592,10.750057,3.454293,2.745273,176.691546,5.274606,1.075873,0.026186,0.977859
-0.038025,0.015660,0.284834,2.304373,19.346970,10.750173,3.456324,2.751845,176.680559,5.255474,1.075831,0.026118,0.977830
-0.033718,0.015572,0.375525,3.542060,19.351938,10.750093,3.456320,2.738692,176.672892,5.249947,1.075800,0.026075,0.977747
-0.036821,0.015449,0.340156,2.938663,19.323953,10.750000,3.452757,2.743740,176.666775,5.242835,1.075718,0.026028,0.977734
-0.035702,0.015262,0.291137,2.972427,19.293305,10.750047,3.454561,2.752917,176.647256,5.247522,1.075670,0.026008,0.977696
-0.035133,0.015417,0.354095,2.664539,19.349903,10.750132,3.454628,2.758662,176.665702,5.225081,1.075663,0.025957,0.977633
-0.037238,0.015634,0.397176,3.377035,19.326620,10.750080,3.453046,2.731653,176.763600,5.231500,1.075699,0.025992,0.977693
-0.037932,0.015268,0.356097,3.487454,19.362567,10.750115,3.453006,2.767712,176.855644,5.268748,1.075808,0.026054,0.977744
-0.038793,0.015816,0.356487,2.995110,19.336298,10.750075,3.455883,2.738329,176.807022,5.256544,1.075756,0.026025,0.977720
-0.036571,0.015673,0.238000,3.288108,19.343737,10.750122,3.454210,2.734171,176.663236,5.206201,1.075609,0.025919,0.977598
-0.037806,0.015754,0.282322,2.637514,19.319230,10.750093,3.456828,2.723426,176.571682,5.183179,1.075479,0.025807,0.977481
-0.035861,0.015913,0.339035,2.640284,19.310422,10.750132,3.458203,2.745443,176.553263,5.177858,1.075440,0.025787,0.977439
-0.038584,0.016160,0.347054,2.809036,19.317497,10.750012,3.457044,2.742273,176.544659,5.187129,1.075348,0.025742,0.977393
-0.035779,0.015932,0.398249,4.732601,19.290822,10.750087,3.457277,2.735000,176.624178,5.166738,1.075354,0.025734,0.977383
-0.036128,0.016208,0.339770,2.573662,19.342045,10.750243,3.456364,2.727281,176.740766,5.191631,1.075464,0.025753,0.977444
-0.036612,0.015285,0.363264,2.363615,19.372607,10.750107,3.454361,2.746623,176.866749,5.201472,1.075551,0.025816,0.977555
-0.038206,0.016127,0.332732,3.094028,19.318460,10.750000,3.456892,2.747042,176.974762,5.227254,1.075625,0.025884,0.977620
-0.038481,0.015499,0.337918,2.649784,19.359032,10.749933,3.455015,2.757007,177.026273,5.240473,1.075675,0.025906,0.977632
-0.035426,0.015721,0.256094,2.991313,19.389993,10.750132,3.455492,2.750897,177.050877,5.242297,1.075686,0.025893,0.977681
-0.039054,0.016116,0.365505,4.284762,19.370648,10.749952,3.456855,2.743424,177.062854,5.242995,1.075679,0.025956,0.977699
-0.038028,0.016389,0.293651,2.548689,19.377210,10.749988,3.455150,2.751103,177.056610,5.229933,1.075696,0.025923,0.977650
-0.035779,0.015456,0.294951,3.377859,19.359393,10.750172,3.451656,2.736597,176.810496,5.203087,1.075481,0.025751,0.977520
-0.036448,0.015399,0.329638,2.492410,19.310453,10.750082,3.454700,2.749483,176.549587,5.151648,1.075142,0.025527,0.977191
-0.037552,0.016096,0.342399,2.921546,19.299767,10.833493,3.457451,2.736993,176.412299,5.406172,1.074939,0.026722,0.976969
-0.038261,0.015975,0.336698,37.313902,19.315752,10.833323,3.457467,2.748562,176.390303,5.391473,1.074888,0.026679,0.976947
-0.036614,0.015920,0.348473,2.689902,19.291967,10.833407,3.457500,2.737679,176.372742,5.389535,1.074800,0.026622,0.976890
-0.039793,0.015757,0.375927,2.472157,19.268105,10.833268,3.454199,2.750379,176.356973,5.377363,1.074761,0.026575,0.976873
-0.038839,0.015671,0.337473,3.383906,19.294158,10.833438,3.455061,2.729062,176.342083,5.352895,1.074732,0.026534,0.976803
-0.036218,0.016387,0.357514,4.453423,19.259797,10.833518,3.459042,2.745496,176.112454,5.351005,1.073442,0.026478,0.976764
-0.039161,0.015930,0.323692,3.134375,19.257418,10.833350,3.454745,2.750795,176.316819,5.334136,1.074612,0.026442,0.976717
-0.037872,0.015496,0.389191,2.569383,19.264437,10.833335,3.454635,2.743966,176.314327,5.314756,1.074602,0.026415,0.976693
-0.036655,0.015961,0.248238,4.028994,19.294967,10.833377,3.455947,2.741254,176.320795,5.315066,1.074573,0.026381,0.976664
-0.035699,0.016269,0.367307,3.192417,19.265932,10.833318,3.457182,2.744522,176.283573,5.325663,1.074493,0.026337,0.976632
-0.041294,0.015822,0.348791,2.445551,19.284378,10.701918,3.456530,2.739957,176.293076,5.296670,1.074390,0.026221,0.976526
-0.036539,0.015667,0.390649,3.642919,19.282305,10.833535,3.455393,2.747705,176.318753,5.307795,1.074411,0.026274,0.976551
-0.037592,0.015993,0.366116,3.107051,19.285352,10.833488,3.457528,2.727752,176.316375,5.289677,1.074422,0.026224,0.976520
-0.039725,0.016230,0.291332,4.708081,19.299108,10.833517,3.456178,2.723379,176.209501,5.260841,1.074307,0.026147,0.976414
-0.037101,0.015768,0.388785,2.746517,19.289578,10.833505,3.456516,2.738299,176.235316,5.261193,1.074290,0.026149,0.976428
-0.036262,0.016054,0.343380,4.121860,19.275937,10.833542,3.457429,2.735300,176.190029,5.241762,1.074205,0.026085,0.976346
-0.036295,0.016029,0.385381,2.594574,19.332098,10.833467,3.458840,2.743425,176.183976,5.245576,1.074196,0.026050,0.976317
-0.037610,0.016426,0.393818,2.582354,19.237963,10.833317,3.458616,2.735849,176.176315,5.249332,1.074041,0.026036,0.976302
-0.036257,0.015664,0.317370,6.336386,19.277450,10.833417,3.454689,2.749008,176.236682,5.230485,1.074094,0.025998,0.976265
-0.034949,0.015880,0.399579,2.351978,19.261292,10.833577,3.457576,2.733352,176.307203,5.236401,1.074111,0.025999,0.976312
-0.036233,0.015874,0.371713,2.996269,19.307533,10.833565,3.458056,2.729375,176.365354,5.252417,1.074115,0.026002,0.976310
-0.040217,0.015786,0.385248,2.472176,19.268713,10.662223,3.455703,2.750227,176.390004,5.221045,1.074059,0.025927,0.976256
-0.042230,0.015509,0.370997,2.759085,19.306702,10.651292,3.455478,2.737756,176.412054,5.227296,1.074082,0.025905,0.976235
-0.036858,0.016207,0.373682,2.879404,19.367100,10.833420,3.454773,2.747881,176.423731,5.251135,1.074163,0.025991,0.976296
-0.038419,0.015511,0.250195,29.690097,19.334647,10.833575,3.454747,2.741218,176.414820,5.234643,1.074126,0.025986,0.976292
-0.035803,0.015406,0.359081,2.493319,19.251992,10.833385,3.454971,2.756424,176.414588,5.250591,1.074141,0.025968,0.976286
-0.036459,0.016196,0.379863,3.184813,19.277795,10.833387,3.457174,2.747645,176.207168,5.198763,1.073910,0.025815,0.976133
-0.040039,0.016573,0.368436,2.995414,19.258607,10.916622,3.459425,2.721617,176.033428,5.454208,1.073662,0.027018,0.975857
-0.039266,0.016561,0.273864,2.887147,19.242982,10.916588,3.458590,2.739261,176.025720,5.439274,1.073599,0.026965,0.975822
-0.039330,0.016265,0.403039,3.378473,19.221108,10.646363,3.456412,2.745129,175.987248,5.405295,1.073403,0.026765,0.975636
-0.038494,0.016297,0.343692,3.595099,19.218467,10.916627,3.459584,2.747074,175.994800,5.414935,1.073480,0.026821,0.975690
-0.040769,0.015548,0.369704,3.344155,19.248250,10.916817,3.455431,2.759707,175.973762,5.431778,1.073456,0.026804,0.975689
-0.040659,0.015917,0.389759,2.444833,19.232555,10.856425,3.457211,2.737886,175.959511,5.395512,1.073362,0.026722,0.975608
-0.039510,0.016704,0.381856,3.349835,19.204300,10.916863,3.460905,2.736490,175.950290,5.406063,1.073346,0.026711,0.975602
-0.038943,0.015737,0.395309,2.348263,19.266607,10.916802,3.455496,2.741542,175.931513,5.380513,1.073306,0.026659,0.975526
-0.037671,0.015682,0.370941,3.386123,19.219157,10.916747,3.456028,2.738101,175.924786,5.361818,1.073208,0.026583,0.975462
-0.038962,0.015880,0.412487,2.369947,19.232340,10.999985,3.457275,2.730173,175.899591,5.439088,1.073194,0.026969,0.974437
-0.036915,0.016067,0.397768,2.608986,19.269577,10.916700,3.458337,2.740301,175.887869,5.342691,1.073120,0.026496,0.975385
-0.038224,0.016435,0.327659,6.358094,19.239277,10.916600,3.459662,2.745090,176.440418,5.408476,1.073452,0.026803,0.975656
-0.034317,0.016737,0.313014,3.341337,19.355992,10.750093,3.458130,2.754795,176.938557,4.920626,1.074039,0.024433,0.976183
-0.035124,0.015999,0.278744,3.039424,19.417560,10.749828,3.456201,2.745442,177.188639,4.983585,1.074403,0.024670,0.976496
-0.043090,0.015520,0.353965,2.528890,19.339712,10.188323,3.454759,2.753286,177.161393,4.949258,1.074149,0.024473,0.976330
-0.038147,0.016613,0.355186,2.989572,19.385127,10.750163,3.457167,2.750695,177.119510,4.983010,1.074318,0.024645,0.976463
-0.036417,0.015488,0.373161,2.610348,19.429260,10.749988,3.453461,2.742217,177.079683,4.963291,1.074269,0.024605,0.976440
-0.036599,0.015691,0.344961,3.892398,19.343673,10.750163,3.457360,2.737411,177.062631,4.952158,1.074202,0.024590,0.976419
-0.037621,0.015487,0.287381,8.340470,19.348727,10.076013,3.454493,2.753500,177.083741,4.886511,1.073839,0.024200,0.976044
-0.038684,0.015168,0.378113,2.876057,19.383310,10.600198,3.452737,2.736612,177.359115,4.976732,1.074252,0.024579,0.976433
-0.035785,0.016076,0.306753,3.674970,19.438630,10.666682,3.453885,2.746191,177.594671,4.726853,1.074573,0.023434,0.976693
-0.036804,0.015102,0.346840,2.100825,19.455553,10.666613,3.451481,2.753559,177.766912,4.768836,1.074744,0.023557,0.976850
-0.037733,0.015093,0.360001,2.369904,19.485272,10.666867,3.451165,2.755304,177.915333,4.801463,1.074886,0.023665,0.977000
-0.038520,0.015287,0.282238,3.590496,19.497537,10.271602,3.449524,2.754473,177.984692,4.775331,1.074810,0.023581,0.976913
-0.038248,0.015761,0.300786,2.925373,19.438237,9.883997,3.452749,2.765681,177.989668,4.446015,1.074650,0.022080,0.976815
-0.036079,0.015287,0.307346,3.232747,19.498383,10.666708,3.451937,2.743146,178.015112,4.806325,1.074944,0.023728,0.977057
-0.033817,0.015336,0.279917,6.430495,19.480920,10.666712,3.450349,2.749415,177.975968,4.805325,1.074956,0.023693,0.977013
-0.035051,0.015217,0.327226,3.628588,19.477622,10.666712,3.451858,2.734483,177.689330,4.761285,1.074677,0.023506,0.976845
-0.035733,0.015986,0.298594,7.064594,19.396130,10.666713,3.453737,2.741162,177.407415,4.676422,1.074320,0.023269,0.976536
-0.041926,0.015647,0.312188,2.512327,19.365568,10.059678,3.452617,2.752141,177.134839,4.856464,1.073689,0.024005,0.975900
-0.038210,0.015507,0.371232,3.166902,19.306327,10.049437,3.453611,2.746980,176.977156,4.811989,1.073414,0.023806,0.975662
-0.035040,0.015662,0.369858,2.889590,19.340420,10.750087,3.455721,2.731628,176.914811,4.832267,1.073605,0.024041,0.975847
-0.033335,0.016160,0.373827,2.526150,19.333997,10.750027,3.457167,2.732912,176.873957,4.837015,1.073533,0.024000,0.975784
-0.036500,0.015914,0.346731,2.262014,19.332153,10.833528,3.455244,2.755019,176.845020,5.125631,1.073467,0.025313,0.975707
-0.039909,0.015989,0.338625,3.352446,19.342855,10.833370,3.454182,2.749787,176.826057,5.109578,1.073423,0.025258,0.975655
-0.039126,0.016515,0.345439,2.894411,19.377125,10.833368,3.457740,2.743750,176.825938,5.103119,1.073387,0.025203,0.975599
-0.041975,0.016321,0.363197,3.123776,19.292088,10.018803,3.458529,2.745138,176.756522,5.016397,1.072911,0.024776,0.975224
-0.039229,0.015680,0.384849,2.277446,19.341033,10.833275,3.455989,2.734179,176.797391,5.085340,1.073239,0.025083,0.975504
-0.036784,0.016181,0.339126,2.809731,19.310365,10.762077,3.455592,2.746018,176.770909,5.060727,1.073146,0.025022,0.975439
-0.044550,0.015462,0.365141,2.295734,19.228450,9.578963,3.452777,2.745006,176.695312,4.915416,1.072495,0.024316,0.974807
-0.035220,0.015757,0.367962,3.284410,19.306377,10.833467,3.454509,2.742102,176.839760,5.055239,1.073102,0.024934,0.975363
-0.037346,0.016113,0.342507,3.453831,19.365282,10.833383,3.456753,2.747865,176.905201,5.066764,1.073218,0.025010,0.975422
-0.041025,0.016647,0.342832,3.093279,19.294743,10.512077,3.457093,2.742039,176.808671,5.015002,1.072983,0.024807,0.975243
-0.039600,0.015688,0.277327,2.799395,19.339143,10.833298,3.454305,2.735638,176.726861,5.015576,1.073011,0.024840,0.975268
-0.036400,0.016190,0.288493,8.804032,19.292237,10.692530,3.456397,2.761294,176.675094,4.998656,1.072826,0.024708,0.975132
-0.035268,0.016000,0.283473,3.315056,19.306512,10.612507,3.455564,2.752606,176.613377,4.980918,1.072733,0.024584,0.975017
-0.040269,0.016054,0.352066,2.840597,19.212797,9.652598,3.456630,2.759998,176.599548,4.850914,1.072123,0.024020,0.974503
-0.037306,0.016257,0.331273,2.781792,19.301178,10.833410,3.457777,2.744916,176.859841,4.992674,1.072827,0.024655,0.975106
-0.038062,0.015867,0.298812,2.866114,19.359685,10.833393,3.454607,2.741598,177.034658,5.029546,1.073036,0.024856,0.975305
-0.035718,0.016735,0.339718,2.826479,19.399262,10.750078,3.458937,2.745028,177.176682,4.753130,1.073191,0.023548,0.975419
-0.037046,0.016089,0.332292,3.146621,19.364878,10.666802,3.455157,2.750901,177.260287,4.758266,1.073215,0.023558,0.975481
-0.036731,0.015901,0.361710,2.808261,19.371570,10.750058,3.454222,2.744181,177.333308,4.776331,1.073284,0.023610,0.975520
-0.034676,0.015620,0.369384,4.876055,19.377077,10.750118,3.454244,2.745816,177.392520,4.791517,1.073311,0.023632,0.975571
-0.035019,0.015428,0.319144,2.831106,19.399758,10.750158,3.454278,2.749092,177.418348,4.783961,1.073311,0.023623,0.975548
-0.039972,0.015580,0.326514,3.061026,19.374848,9.774547,3.452491,2.753573,177.355687,4.690959,1.072886,0.023119,0.975094
-0.034050,0.015818,0.351730,2.716334,19.390113,10.553532,3.455002,2.747666,177.148236,4.703623,1.072975,0.023348,0.975250
-0.038335,0.016372,0.350644,2.892188,19.392313,10.687487,3.457105,2.766148,176.908820,4.965178,1.072754,0.024554,0.975021
-0.041537,0.015928,0.300997,2.819849,19.257143,9.937988,3.454969,2.742121,176.710801,4.835691,1.072108,0.023978,0.974471
-0.035922,0.016171,0.376308,2.917834,19.304038,10.619532,3.455432,2.738972,176.629991,4.877320,1.072241,0.024134,0.974570
-0.034227,0.016243,0.366475,2.937002,19.286857,10.739922,3.454980,2.748610,176.556786,4.845168,1.072189,0.024096,0.974513
-0.035114,0.016740,0.272532,3.173539,19.250692,10.595512,3.459520,2.741826,176.504661,4.847517,1.072023,0.023978,0.974395
-0.043339,0.015887,0.367630,2.456755,19.232060,10.018575,3.455646,2.740006,176.452144,5.035128,1.071630,0.024956,0.973990
-0.037350,0.016427,0.359092,2.780899,19.279722,10.911372,3.457050,2.738744,176.471692,5.126497,1.071954,0.025337,0.974329
-0.040947,0.016290,0.192911,44.368895,19.211015,10.034222,3.456452,2.762713,176.435781,5.032981,1.071540,0.024887,0.973927
-0.039898,0.016255,0.329531,6.121248,19.230097,10.387145,3.457695,2.743092,176.481804,5.064086,1.071660,0.024975,0.974050
-0.043258,0.016287,0.384235,3.247818,19.198913,9.841443,3.456952,2.750939,176.448970,4.999000,1.071349,0.024681,0.973746
-0.040407,0.016095,0.382785,2.788713,19.255858,10.681470,3.455469,2.755818,176.492231,5.077992,1.071693,0.025039,0.974064
-0.038766,0.016531,0.345527,3.006543,19.270363,10.916852,3.457213,2.744198,176.544420,5.089215,1.071797,0.025164,0.974194
-0.034660,0.016379,0.354831,2.742878,19.252502,10.336078,3.457336,2.755546,176.622790,4.747671,1.071627,0.023569,0.974000
-0.039709,0.015518,0.339647,2.807273,19.221620,9.854503,3.452676,2.744687,176.651771,4.716882,1.071415,0.023301,0.973821
-0.043864,0.015970,0.332224,3.670410,19.210327,9.237073,3.455044,2.746619,176.529361,4.618906,1.070986,0.022921,0.973416
-0.038882,0.016105,0.356337,2.617845,19.260563,10.675802,3.453393,2.746437,176.523724,5.040498,1.071512,0.024867,0.973896
-0.034777,0.015658,0.350540,2.220259,19.292378,10.916747,3.453004,2.747717,176.386429,5.026524,1.071520,0.024876,0.973914
-0.038623,0.016532,0.275239,17.732247,19.263675,10.916878,3.457347,2.752345,176.320969,4.998550,1.071406,0.024791,0.973812
-0.035469,0.016107,0.367674,2.920798,19.250007,10.810480,3.457081,2.742750,176.303427,4.994765,1.071235,0.024652,0.973690
-0.036536,0.016025,0.349905,2.832796,19.268913,10.916665,3.456881,2.742387,176.506049,5.016849,1.071396,0.024746,0.973809
-0.033660,0.016086,0.360819,2.774072,19.282127,10.916855,3.455204,2.748249,176.708777,5.030919,1.071577,0.024925,0.973960
-0.033529,0.015933,0.337155,4.178347,19.289082,10.833407,3.453784,2.743840,176.864627,4.757448,1.071712,0.023607,0.974096
-0.038100,0.016106,0.299387,3.349940,19.387538,10.812998,3.457554,2.739525,176.971753,4.777548,1.071799,0.023631,0.974151
-0.034966,0.016197,0.361252,4.075388,19.384070,10.833477,3.454629,2.740237,177.038110,4.792155,1.071840,0.023693,0.974214
-0.036720,0.015921,0.336023,2.971053,19.401102,10.833383,3.453057,2.752225,177.086259,4.790847,1.071860,0.023691,0.974238
-0.040640,0.016095,0.355552,2.813646,19.372437,10.098273,3.454660,2.754758,177.056578,4.712878,1.071500,0.023297,0.973910
-0.036881,0.016199,0.330228,2.627600,19.395403,10.282938,3.454763,2.717936,177.026072,4.727682,1.071541,0.023350,0.973920
-0.037781,0.015996,0.289067,2.873468,19.294492,10.138357,3.455272,2.739900,176.789657,4.674362,1.071214,0.023134,0.973664
-0.038211,0.016735,0.369017,2.952848,19.270553,10.674777,3.460477,2.726875,176.559965,4.952297,1.071099,0.024485,0.973545
-0.040497,0.015815,0.357661,2.777317,19.265872,10.389498,3.456304,2.747870,176.360624,4.878496,1.070749,0.024132,0.973238
-0.034457,0.016012,0.343769,4.160294,19.256863,10.916838,3.456467,2.746456,176.270618,4.899331,1.070813,0.024258,0.973275
-0.038463,0.016436,0.391625,2.614300,19.246172,10.708558,3.456926,2.729631,176.233958,4.849146,1.070614,0.024101,0.973109
-0.035966,0.016032,0.372533,3.152343,19.235602,10.999985,3.454597,2.753250,176.162593,5.159039,1.070598,0.025489,0.973096
-0.042029,0.017167,0.338663,3.518855,19.210800,10.167373,3.460759,2.735347,176.093586,5.053376,1.070130,0.025009,0.972655
-0.045286,0.016826,0.340812,2.722913,19.178858,9.937000,3.458516,2.751571,176.055122,5.024874,1.069922,0.024788,0.972449
-0.034875,0.016221,0.399377,3.076386,19.231692,10.808643,3.455761,2.741260,176.103610,5.079337,1.070268,0.025152,0.972781
-0.043328,0.016616,0.385003,2.243098,19.169905,9.813280,3.459656,2.758117,176.089762,4.990194,1.069763,0.024644,0.972316
-0.037419,0.016745,0.356292,2.725779,19.240060,10.654443,3.459760,2.730424,176.157587,5.053425,1.070149,0.025045,0.972674
-0.042469,0.017009,0.380006,2.708133,19.224178,10.492527,3.459255,2.750009,176.167970,5.049380,1.070059,0.024953,0.972591
-0.039904,0.016634,0.353272,2.919326,19.256738,10.688858,3.457382,2.728404,176.231371,5.060097,1.070118,0.025000,0.972677
-0.036338,0.016393,0.378713,2.498855,19.211773,10.370865,3.457881,2.741894,176.333380,4.751795,1.070028,0.023557,0.972610
-0.036553,0.016604,0.377035,2.547287,19.326372,10.543065,3.458199,2.752878,176.423147,4.772705,1.070259,0.023639,0.972738
-0.036527,0.016224,0.379491,3.029950,19.239280,10.916718,3.456621,2.746814,176.362777,4.815488,1.070307,0.023815,0.972874
-0.035615,0.016943,0.302339,2.926069,19.286098,11.000225,3.457919,2.756857,176.238541,5.078797,1.070199,0.025073,0.972713
-0.037130,0.016452,0.402065,2.679325,19.225927,10.950625,3.457534,2.745219,175.920540,5.055017,1.068773,0.024923,0.972587
-0.032614,0.016386,0.307907,5.132292,19.255710,11.000132,3.457811,2.750985,176.019704,5.003517,1.069846,0.024790,0.972437
-0.035834,0.016398,0.330860,3.811962,19.259555,10.429758,3.458529,2.725999,175.973607,4.935639,1.069511,0.024463,0.972111
-0.039067,0.017212,0.372918,2.682550,19.226325,10.065580,3.461432,2.753150,176.114276,4.911307,1.069362,0.024279,0.971966
-0.037724,0.016468,0.389171,2.595598,19.285880,10.899800,3.459370,2.735398,176.389006,5.018731,1.069912,0.024795,0.972451
-0.041588,0.016234,0.414234,2.522951,19.212477,9.613065,3.456432,2.750876,176.446079,4.632168,1.069458,0.022910,0.972060
-0.033625,0.015968,0.108639,3.150309,19.295203,10.916640,3.454600,2.756200,176.603682,4.747572,1.070075,0.023536,0.972657
-0.037753,0.016078,0.355821,2.730677,19.294078,10.627407,3.455850,2.750824,176.661885,4.737840,1.070073,0.023459,0.972600
-0.033808,0.016515,0.358348,2.274253,19.341117,10.916817,3.457972,2.725438,176.709041,4.760688,1.070174,0.023564,0.972708
-0.045287,0.016255,0.356790,2.615610,19.230967,9.211703,3.454999,2.749640,176.580600,4.595092,1.069245,0.022717,0.971927
-0.037616,0.016378,0.295512,9.234398,19.316833,10.490113,3.456067,2.736454,176.595033,4.697768,1.069824,0.023230,0.972366
-0.034884,0.016370,0.384662,2.847239,19.278007,10.613165,3.454932,2.742184,176.378317,4.677397,1.069684,0.023197,0.972296
-0.041679,0.016618,0.370254,3.351415,19.269752,10.424160,3.457580,2.758893,176.117014,4.904832,1.069287,0.024207,0.971913
-0.036772,0.016822,0.300341,2.575223,19.207637,10.529532,3.459318,2.739507,175.951417,4.864656,1.069074,0.024074,0.971743
-0.043678,0.016843,0.401633,2.590174,19.122393,9.503720,3.457875,2.746337,175.774921,4.736453,1.068370,0.023380,0.971065
-0.039243,0.017471,0.352237,2.980477,19.174925,10.353475,3.461739,2.735963,175.733007,5.068951,1.068574,0.025011,0.971262
-0.047385,0.016586,0.345544,2.660773,19.143197,10.063592,3.458118,2.745111,175.690905,5.014673,1.068378,0.024790,0.971058
-0.039424,0.016331,0.378577,3.016469,19.157658,10.372250,3.458716,2.741057,175.694638,5.031455,1.068435,0.024872,0.971128
-0.040319,0.016826,0.392110,2.477557,19.185325,10.281810,3.458316,2.732653,175.676145,5.016957,1.068364,0.024763,0.971039
-0.043225,0.017140,0.410737,2.773476,19.157155,9.975927,3.462741,2.738911,175.661832,4.981622,1.068162,0.024579,0.970869
-0.036296,0.016698,0.415618,2.291692,19.198992,11.083455,3.458654,2.737066,175.710365,5.083532,1.068623,0.025077,0.971311
-0.034054,0.016514,0.208548,2.718035,19.236460,11.083478,3.458009,2.740203,175.726800,5.089919,1.068644,0.025063,0.971304
-0.043527,0.016951,0.379637,3.392248,19.149952,10.055402,3.458718,2.759119,175.704898,4.983842,1.068133,0.024538,0.970868
-0.038857,0.016666,0.416800,2.657503,19.207797,10.253675,3.455935,2.732142,175.728063,4.976493,1.068164,0.024587,0.970872
-0.041116,0.017128,0.388773,3.038582,19.201187,10.284010,3.459548,2.750580,175.827250,4.979903,1.068183,0.024598,0.970910
-0.037877,0.017064,0.381815,3.002474,19.186808,9.954328,3.458231,2.736095,175.915207,4.679371,1.068177,0.023193,0.970915
-0.047989,0.016448,0.312378,2.768747,19.192642,9.779063,3.456490,2.749390,175.828616,4.934184,1.067983,0.024380,0.970720
-0.036320,0.016289,0.386673,3.021781,19.262617,11.083418,3.456110,2.738418,175.737365,5.014881,1.068390,0.024828,0.971077
-0.039408,0.016645,0.401002,2.493632,19.220338,10.731830,3.458001,2.735239,175.644325,4.969932,1.068139,0.024591,0.970864
-0.035484,0.017375,0.370074,2.555068,19.202792,10.973800,3.461474,2.742905,175.602477,4.977499,1.068112,0.024609,0.970861
-0.038838,0.016822,0.344262,11.955008,19.204447,10.380598,3.456816,2.750798,175.549373,4.895137,1.067775,0.024270,0.970549
-0.037290,0.016133,0.371858,2.945759,19.217178,10.886565,3.456725,2.739702,175.485132,4.949134,1.066795,0.024487,0.970754
-0.043587,0.016232,0.401122,2.756779,19.164205,9.802883,3.457340,2.745545,175.790750,4.879147,1.067611,0.024037,0.970368
-0.037057,0.016544,0.342496,4.057606,19.265775,11.083415,3.459424,2.733661,175.946318,4.980801,1.068252,0.024655,0.970937
-0.037629,0.016400,0.382686,2.869555,19.222433,10.744818,3.457878,2.742285,175.981361,4.970802,1.068137,0.024592,0.970879
-0.039521,0.016727,0.324480,2.705492,19.261438,10.548645,3.457660,2.749707,176.054512,4.668467,1.068127,0.023125,0.970819
-0.037653,0.016614,0.389866,2.650955,19.286665,10.493775,3.457155,2.743025,176.064863,4.662806,1.068087,0.023089,0.970803
-0.043692,0.016632,0.385580,2.872515,19.198122,9.785445,3.457310,2.750497,176.018669,4.586563,1.067690,0.022723,0.970455
-0.037744,0.016864,0.342282,2.472346,19.225637,10.356438,3.457275,2.741683,176.060177,4.630255,1.067893,0.022928,0.970630
-0.036573,0.016302,0.377467,3.079149,19.281427,10.842208,3.457189,2.746348,175.958952,4.941501,1.068033,0.024442,0.970744
-0.038474,0.016529,0.362465,2.665250,19.244900,10.652212,3.456922,2.742161,175.737256,4.890309,1.067684,0.024155,0.970463
-0.039153,0.016614,0.263326,7.811714,19.174562,10.421410,3.457351,2.726620,175.560489,4.823058,1.067355,0.023880,0.970168
-0.047275,0.017153,0.397868,2.295339,19.081325,9.157015,3.460057,2.741094,175.379910,4.647462,1.066547,0.023075,0.969409
-0.044361,0.017474,0.379537,2.694263,19.132673,10.505892,3.460947,2.745694,175.380020,5.054976,1.067006,0.024970,0.969823
-0.043387,0.016474,0.407830,2.984651,19.103740,10.004727,3.459240,2.753887,175.320520,4.997958,1.066720,0.024622,0.969520
-0.040241,0.016423,0.376134,2.429992,19.119810,10.291010,3.458425,2.741761,175.327089,4.992199,1.066763,0.024699,0.969589
-0.036300,0.016987,0.397165,3.858641,19.233020,11.166893,3.461562,2.743296,175.340309,5.071148,1.067103,0.025058,0.969917
-0.038328,0.016866,0.366547,3.031160,19.181915,10.940753,3.459832,2.724795,175.323350,5.044963,1.066993,0.024962,0.969833
-0.042415,0.017217,0.387000,2.752234,19.113758,9.981758,3.459869,2.733699,175.242292,4.927634,1.066445,0.024420,0.969343
-0.042843,0.016940,0.407870,2.133701,18.988717,9.606930,3.459908,2.727719,174.152712,4.858094,1.066137,0.024097,0.969011
-0.040447,0.016750,0.345893,2.146570,19.125300,10.265548,3.459215,2.745469,175.170109,4.909655,1.066350,0.024341,0.969216
-0.042379,0.017304,0.437213,2.771506,19.098067,9.542790,3.461485,2.744104,175.126560,4.822793,1.065943,0.023934,0.968854
-0.041220,0.017252,0.435033,2.317611,19.075112,9.643960,3.458814,2.749050,175.157086,4.812464,1.065909,0.023911,0.968806
-0.035412,0.017335,0.439935,2.050940,19.148262,10.557280,3.460861,2.743958,175.137204,4.903921,1.066272,0.024297,0.969143
-0.034857,0.017102,0.402323,2.485569,19.204183,10.626508,3.459528,2.745898,175.138317,4.902912,1.066287,0.024313,0.969154
-0.038492,0.016860,0.415631,2.577744,19.145035,10.432002,3.458416,2.738071,175.110938,4.877519,1.066153,0.024200,0.969060
-0.034059,0.017348,0.377150,2.527991,19.136080,10.970678,3.462331,2.744544,175.113506,4.899581,1.066311,0.024365,0.969194
-0.041317,0.017262,0.370503,2.514881,19.118632,10.233422,3.459847,2.754659,175.059034,4.817802,1.065937,0.023968,0.968833
-0.040769,0.017323,0.441511,2.281382,19.118537,10.501943,3.461519,2.750375,175.023453,5.125260,1.065918,0.025400,0.968833
-0.041563,0.016803,0.396761,2.479095,19.148048,10.397493,3.456381,2.736054,175.173455,4.831996,1.065929,0.023986,0.968823
-0.043122,0.017385,0.425559,2.421827,19.150040,10.233807,3.459244,2.742786,175.438724,4.856828,1.066052,0.023993,0.968928
-0.042575,0.016947,0.386483,3.837682,19.165633,9.751408,3.457005,2.746520,175.638693,4.846185,1.065989,0.023902,0.968865
-0.036746,0.016925,0.378160,2.561282,19.193408,10.673408,3.457329,2.751650,175.667342,4.659829,1.065356,0.023085,0.969413
-0.032791,0.016839,0.391258,3.012954,19.256847,10.947055,3.458079,2.753476,176.039768,4.703324,1.066846,0.023283,0.969645
-0.035141,0.016594,0.397057,2.541428,19.266567,10.733375,3.456768,2.733188,176.134777,4.712057,1.066825,0.023248,0.969661
-0.035787,0.016771,0.404053,2.610861,19.307758,10.405785,3.459274,2.752369,176.156540,4.695403,1.066725,0.023116,0.969548
-0.043172,0.016594,0.339614,3.154933,19.211718,9.394907,3.456548,2.746716,176.103549,4.579998,1.066179,0.022603,0.969061
-0.037244,0.016940,0.298835,2.861602,19.230050,10.318823,3.457546,2.750878,176.047875,4.638232,1.066506,0.022923,0.969345
-0.039135,0.016261,0.341144,2.749424,19.223170,9.667508,3.456575,2.742770,175.707283,4.519630,1.065930,0.022434,0.968842
-0.039886,0.016906,0.410045,3.141207,19.155700,10.363015,3.456310,2.751587,175.423592,4.814449,1.065801,0.023795,0.968775
-0.042331,0.016886,0.403507,2.609408,19.134480,9.971865,3.457558,2.737791,175.197253,4.727912,1.065353,0.023400,0.968339
-0.037193,0.017341,0.408048,2.343523,19.205502,11.250072,3.461816,2.741752,175.133884,5.107553,1.065696,0.025163,0.968619
-0.039652,0.017297,0.395190,6.372992,19.133073,10.344638,3.461452,2.731578,175.036206,4.988118,1.065223,0.024677,0.968199
-0.040253,0.017192,0.355059,2.584899,19.165658,10.716147,3.461296,2.747078,175.018584,5.004781,1.065258,0.024739,0.968228
-0.042144,0.017335,0.428735,2.342421,19.076005,9.933173,3.462491,2.730348,174.905928,4.914456,1.064753,0.024296,0.967810
-0.036829,0.017911,0.432940,2.536906,19.099945,11.500212,3.465116,2.735913,173.551425,5.625149,1.063830,0.027930,0.966973
-0.035757,0.018030,0.460319,2.578102,19.082127,11.500195,3.466739,2.727559,173.223372,5.603581,1.063743,0.027853,0.966905
-0.040337,0.018272,0.453181,2.205287,19.114902,11.750080,3.467270,2.723071,171.341027,6.158110,1.061864,0.030573,0.965198
-0.037247,0.018737,0.519014,2.287302,18.845647,11.833405,3.471471,2.721117,172.930839,6.426240,1.061871,0.031971,0.965081
-0.038549,0.017247,0.378885,3.298382,19.052462,11.218570,3.461141,2.727124,172.765609,5.474431,1.062988,0.027104,0.966213
-0.036113,0.017457,0.428188,2.189643,19.016780,11.090812,3.463494,2.739675,173.900936,5.299595,1.063820,0.026300,0.966876
-0.037259,0.017622,0.444167,2.424556,19.026165,11.376425,3.462680,2.731034,173.593479,5.556458,1.063489,0.027514,0.966616
-0.037290,0.017683,0.431948,3.225201,19.043273,11.357602,3.463021,2.732291,173.532362,5.515506,1.063371,0.027369,0.966473
-0.039371,0.017834,0.457441,2.951867,19.018352,11.036172,3.464475,2.742323,173.494266,5.490030,1.063143,0.027197,0.966324
-0.036256,0.016967,0.458222,2.373181,19.011650,11.264585,3.462869,2.719902,173.494569,5.500268,1.063157,0.027214,0.966323
-0.044744,0.018033,0.478675,2.445357,18.965488,10.081693,3.464442,2.728600,173.434050,5.360503,1.062534,0.026565,0.965714
-0.037793,0.018114,0.468656,1.998242,19.031353,11.499982,3.469915,2.744225,173.479864,5.471984,1.063057,0.027140,0.966232
-0.040139,0.017652,0.354191,4.796346,19.032300,10.627157,3.463248,2.730544,173.429560,5.380846,1.062637,0.026686,0.965830
-0.041189,0.017664,0.493881,2.089706,19.038168,10.932027,3.463253,2.721980,173.575188,5.410400,1.062809,0.026852,0.965984
-0.039858,0.017797,0.472772,2.386795,19.033728,11.003988,3.465640,2.746604,173.730461,5.444697,1.062891,0.026959,0.966087
-0.035022,0.017682,0.423982,4.754480,19.035085,11.347113,3.464724,2.722479,173.858462,5.178149,1.063160,0.025798,0.966323
-0.041533,0.017793,0.356710,3.808742,19.027638,10.326930,3.462753,2.727269,173.921093,5.106125,1.062759,0.025332,0.965938
-0.040553,0.017823,0.467671,2.502065,19.001565,10.210637,3.462487,2.723365,173.946612,5.092192,1.062639,0.025229,0.965851
-0.038014,0.017632,0.374174,2.361692,19.032138,10.653507,3.464141,2.735524,174.028139,5.115755,1.062828,0.025394,0.966029
-0.039836,0.017725,0.447761,2.412618,19.014065,10.394467,3.463666,2.750933,174.056119,5.090569,1.062685,0.025252,0.965886
-0.035460,0.017862,0.434896,2.192416,19.059392,11.416662,3.463293,2.726081,174.131835,5.182368,1.063188,0.025700,0.966302
-0.037086,0.017847,0.455611,3.105466,19.016638,10.504387,3.463904,2.726170,173.852479,5.086608,1.062602,0.025191,0.965827
-0.035260,0.017509,0.473994,2.229196,19.056673,11.499987,3.460923,2.744711,173.603232,5.401086,1.062651,0.026716,0.965858
-0.040158,0.018059,0.492788,1.900994,19.005485,10.878745,3.464870,2.719712,173.372616,5.289266,1.062105,0.026246,0.965387
-0.043104,0.018217,0.448786,2.029507,19.012222,10.648773,3.464355,2.731105,173.259292,5.520356,1.061754,0.027339,0.965036
-0.039810,0.018554,0.431607,1.996780,19.028727,11.583225,3.467110,2.741052,173.286250,5.590947,1.062058,0.027678,0.965358
-0.037812,0.018199,0.482453,2.313325,18.978528,10.932563,3.467291,2.723172,173.268011,5.532709,1.061741,0.027353,0.965064
-0.040110,0.018821,0.428937,4.145776,18.982930,11.116282,3.467363,2.727322,173.254288,5.522627,1.061732,0.027340,0.965063
-0.040169,0.018195,0.471104,2.463055,18.991378,11.238892,3.465702,2.739361,173.261163,5.516596,1.061703,0.027312,0.965026
-0.039710,0.018025,0.460385,2.162475,19.016873,10.947050,3.463815,2.741230,173.226180,5.474065,1.061524,0.027110,0.964824
-0.040731,0.017789,0.445101,2.516247,19.004838,11.443482,3.463747,2.728394,173.238833,5.489162,1.061636,0.027249,0.964975
-0.037812,0.017720,0.471340,2.088079,18.971553,11.442367,3.463465,2.733309,173.247555,5.490956,1.061588,0.027206,0.964910
-0.044133,0.017581,0.349639,2.092550,18.929382,10.305562,3.464540,2.734345,173.197780,5.378162,1.061010,0.026617,0.964378
-0.041896,0.018069,0.478349,2.191528,18.947915,10.357383,3.464935,2.768993,173.217278,5.347186,1.060944,0.026536,0.964297
-0.037782,0.018108,0.460047,2.274978,19.002563,11.509765,3.465916,2.742465,173.336897,5.465018,1.061443,0.027045,0.964773
-0.044869,0.017590,0.444652,2.623957,18.991498,10.459335,3.463332,2.743829,173.329706,5.362531,1.061017,0.026557,0.964336
-0.037711,0.018045,0.436603,2.131121,18.995558,11.456220,3.463976,2.733633,173.273751,5.421456,1.061321,0.026925,0.964671
-0.040332,0.017769,0.465164,2.019480,19.009807,10.895617,3.463419,2.734042,173.105853,5.353399,1.060908,0.026534,0.964276
-0.043725,0.018394,0.460678,2.391077,18.966193,10.644900,3.465477,2.733627,173.072022,5.305180,1.060705,0.026338,0.964089
-0.043002,0.018092,0.493571,1.984642,18.956795,10.215268,3.464597,2.720836,173.027804,5.267207,1.060403,0.026032,0.963805
-0.039511,0.018093,0.476341,2.509482,18.967873,10.567977,3.464240,2.729692,173.020950,5.268731,1.060424,0.026121,0.963873
-0.036460,0.018231,0.495088,2.192766,18.974102,11.279287,3.466650,2.730272,173.144085,5.314492,1.060717,0.026412,0.964146
-0.035559,0.017861,0.469267,1.935958,19.020603,11.583357,3.464771,2.737134,173.304824,5.352746,1.060960,0.026584,0.964341
-0.037792,0.017693,0.458981,2.475867,19.005507,10.678638,3.462837,2.726571,173.375420,5.293064,1.060647,0.026230,0.964045
-0.041801,0.018058,0.472074,2.118322,18.995623,10.677372,3.462943,2.732627,173.433800,5.295789,1.060615,0.026205,0.964026
-0.038267,0.017952,0.432081,2.379078,19.034218,11.346358,3.464218,2.744657,173.497532,5.360730,1.060866,0.026491,0.964288
-0.035567,0.018113,0.452745,3.194537,19.052447,11.558027,3.465677,2.725838,173.501387,5.366637,1.060955,0.026522,0.964289
-0.036301,0.017907,0.457460,2.654566,19.056700,11.583458,3.464486,2.729228,173.449246,5.354105,1.060878,0.026489,0.964257
-0.039587,0.018033,0.459037,2.275556,19.083152,10.619348,3.463692,2.740617,173.365878,5.235243,1.060377,0.025958,0.963784
-0.046421,0.017765,0.486796,1.864675,18.928902,9.600828,3.465360,2.738564,173.153242,5.101902,1.059679,0.025316,0.963166
-0.041928,0.018373,0.486925,2.109520,18.948527,10.796718,3.466220,2.731844,172.940727,5.446927,1.059855,0.027007,0.963367
-0.041362,0.018487,0.480435,2.549208,18.991410,11.078213,3.467927,2.726555,172.890986,5.443148,1.059853,0.026984,0.963324
-0.036784,0.018016,0.479704,2.384553,19.021490,11.343627,3.464046,2.737429,172.873842,5.475264,1.059902,0.027053,0.963377
-0.040441,0.018583,0.446652,5.871187,18.973160,10.961308,3.465861,2.719937,172.841088,5.411424,1.059638,0.026804,0.963155
-0.037832,0.018399,0.430651,2.200382,19.016707,11.314995,3.467533,2.727506,172.878730,5.420029,1.059722,0.026869,0.963205
-0.044241,0.018177,0.454276,2.057037,18.943073,10.133383,3.465421,2.725697,172.789456,5.293398,1.059081,0.026245,0.962640
-0.043470,0.018601,0.425477,2.265892,18.918033,10.068317,3.467591,2.737686,172.777887,5.252887,1.058932,0.026057,0.962448
-0.037777,0.018533,0.453438,4.009515,18.965142,10.848827,3.467376,2.737149,172.794837,5.318014,1.059203,0.026396,0.962724
-0.037216,0.018691,0.419020,4.717983,19.004557,11.244677,3.466501,2.736101,172.784716,5.348776,1.059322,0.026515,0.962831
-0.039151,0.018635,0.449291,2.938265,18.959392,10.651602,3.467748,2.718453,172.767290,5.285816,1.058972,0.026200,0.962544
-0.043458,0.018444,0.470112,2.071452,18.965205,10.277070,3.466530,2.735501,172.742372,5.223646,1.058744,0.025933,0.962314
-0.042601,0.018826,0.438974,2.887210,18.977432,10.736518,3.468379,2.734882,172.729889,5.550400,1.058774,0.027468,0.962386
-0.052423,0.018917,0.511555,2.220957,18.924418,9.812703,3.469640,2.721537,172.697794,5.421625,1.058261,0.026908,0.961897
-0.043721,0.018018,0.497572,2.009261,18.977352,10.643317,3.465370,2.725930,172.836125,5.217709,1.058697,0.025927,0.962294
-0.043013,0.017987,0.313309,3.195129,18.964290,10.519063,3.464559,2.726747,172.827438,5.206212,1.058631,0.025844,0.962216
-0.042014,0.018432,0.480339,2.023722,18.973662,10.560360,3.465930,2.731069,172.681631,5.476569,1.058461,0.027100,0.962054
-0.040598,0.017997,0.479542,1.648326,19.006515,11.045878,3.464270,2.735800,172.636325,5.490762,1.058534,0.027203,0.962139
-0.039022,0.018492,0.515533,1.983309,18.972835,10.891025,3.467576,2.733698,172.627427,5.456436,1.058392,0.027076,0.962016
-0.039538,0.018762,0.387552,2.456465,18.981313,10.999250,3.467327,2.741647,172.611313,5.451839,1.058374,0.027037,0.961993
-0.044983,0.018610,0.463907,2.435054,18.935433,9.895975,3.468093,2.720175,172.566454,5.334706,1.057712,0.026415,0.961425
-0.039227,0.018683,0.500160,2.820656,18.965238,11.435892,3.465806,2.723049,172.826282,5.481203,1.058439,0.027126,0.962096
-0.043905,0.018497,0.447159,2.307197,19.007402,10.767102,3.467052,2.734108,173.036130,5.159589,1.058441,0.025641,0.962048
-0.041267,0.018880,0.494272,2.362434,19.000098,10.466550,3.469253,2.710636,173.177090,5.155047,1.058395,0.025543,0.962004
-0.036245,0.018232,0.472336,2.183619,19.028498,11.348572,3.466003,2.740176,173.303116,5.234897,1.058815,0.025951,0.962371
-0.044083,0.018717,0.426935,2.160895,19.009872,10.281622,3.466299,2.742849,173.298931,5.141564,1.058374,0.025482,0.961979
-0.043649,0.018011,0.468297,2.031949,18.979655,10.258535,3.464059,2.726872,173.313205,5.132557,1.058288,0.025398,0.961914
-0.042575,0.017916,0.481434,2.757679,18.982912,10.340198,3.462946,2.740661,173.315194,5.135695,1.058243,0.025388,0.961883
-0.041037,0.017616,0.445701,2.400865,19.028910,10.370498,3.462266,2.743233,173.289489,5.108506,1.058232,0.025312,0.961813
-0.044864,0.018494,0.458066,2.234490,18.998708,9.840307,3.464731,2.729038,172.957114,5.004520,1.057681,0.024869,0.961346
-0.037108,0.018612,0.459654,2.175101,19.016300,11.144497,3.467695,2.715232,172.671838,5.347828,1.057819,0.026513,0.961507
-0.043675,0.018630,0.485199,2.060661,18.989078,10.277172,3.466170,2.717907,172.228981,5.513967,1.055879,0.027269,0.960816
-0.047138,0.019221,0.512383,2.070293,18.980610,10.532600,3.470008,2.736871,172.412401,5.498866,1.057069,0.027273,0.960824
-0.040421,0.018619,0.481500,2.463112,18.973382,10.627197,3.467038,2.723645,172.390267,5.492595,1.057025,0.027187,0.960732
-0.048453,0.018816,0.420828,1.980894,18.981795,10.416120,3.466285,2.722974,172.344040,5.457993,1.056829,0.026978,0.960546
-0.046761,0.018823,0.496686,1.982748,18.921338,10.037317,3.467347,2.716304,172.314599,5.386486,1.056527,0.026715,0.960309
-0.037820,0.018825,0.469101,2.132195,19.017920,11.537063,3.468939,2.730842,172.357406,5.519304,1.057112,0.027326,0.960853
-0.043039,0.018698,0.519974,1.889000,19.015192,10.602338,3.469852,2.722125,172.318048,5.418168,1.056687,0.026867,0.960427
-0.040016,0.018742,0.524418,1.943356,18.990767,10.743485,3.467484,2.711904,172.297326,5.410432,1.056648,0.026849,0.960408
-0.043364,0.018569,0.457164,1.861387,18.981263,10.700663,3.465935,2.714978,172.289194,5.381444,1.056525,0.026752,0.960319
-0.037027,0.018998,0.488221,1.901280,19.026528,11.348582,3.469687,2.720214,172.283096,5.434397,1.056735,0.026960,0.960488
-0.041925,0.018857,0.434355,3.201779,19.045148,10.991322,3.468908,2.722944,172.290000,5.386555,1.056547,0.026750,0.960311
-0.043100,0.018920,0.472491,2.386878,18.961863,10.245855,3.468348,2.729337,172.244504,5.311163,1.056064,0.026317,0.959892
-0.037710,0.019291,0.523233,1.854842,19.037858,11.364292,3.468208,2.706149,172.349179,5.381648,1.056520,0.026748,0.960307
-0.041447,0.019038,0.485150,1.931528,18.985540,10.773907,3.469823,2.722021,172.286552,5.324877,1.056238,0.026465,0.960057
-0.040267,0.019357,0.529960,2.189858,18.969852,10.544645,3.468655,2.719720,172.185442,5.287025,1.055976,0.026210,0.959776
-0.040063,0.019105,0.500795,1.972714,19.010260,10.739715,3.467766,2.729446,172.184064,5.276585,1.056002,0.026241,0.959777
-0.041920,0.019134,0.525917,1.565376,18.984858,10.898147,3.468910,2.728661,172.157923,5.576736,1.055932,0.027622,0.959755
-0.043111,0.018974,0.513818,2.177233,18.995242,10.973112,3.468130,2.723915,172.143216,5.569142,1.055867,0.027568,0.959715
-0.040122,0.019153,0.511524,1.955150,18.995688,11.352127,3.466759,2.739881,172.254816,5.573549,1.055980,0.027675,0.959794
-0.036177,0.018903,0.477097,1.880854,19.017483,11.399722,3.466564,2.722329,172.436703,5.312706,1.056141,0.026400,0.959960
-0.038827,0.019096,0.509531,2.118944,19.024940,10.870200,3.469405,2.719981,172.556491,5.271013,1.055967,0.026146,0.959756
-0.039420,0.018434,0.501993,2.099189,18.992263,10.983432,3.465990,2.721460,172.645179,5.276369,1.056001,0.026179,0.959828
-0.042400,0.018175,0.499772,2.060985,19.020073,10.863153,3.463638,2.739357,172.670362,5.277531,1.055946,0.026124,0.959764
-0.038229,0.019070,0.482841,2.367458,19.034593,11.041785,3.466722,2.734308,172.665134,5.266861,1.055927,0.026125,0.959772
-0.038872,0.018952,0.469902,1.979974,19.010937,10.622568,3.467562,2.727072,172.617613,5.215062,1.055657,0.025848,0.959524
-0.045578,0.018826,0.490681,2.216476,18.994880,10.084703,3.465239,2.732423,172.541616,5.130086,1.055287,0.025444,0.959112
-0.045298,0.019052,0.488548,2.128685,18.962062,10.014857,3.467137,2.733395,172.410434,5.088722,1.055112,0.025309,0.958984
-0.040455,0.019678,0.505917,1.975265,18.992473,10.548775,3.470089,2.727736,172.059833,5.371701,1.054905,0.026585,0.958781
-0.036977,0.019248,0.508518,1.935438,18.986660,10.923608,3.468874,2.715921,171.986467,5.352797,1.054795,0.026590,0.958729
-0.041407,0.019670,0.501094,2.197090,18.972700,10.576443,3.469076,2.734905,171.959825,5.299152,1.054541,0.026339,0.958513
-0.045153,0.019007,0.485463,1.873429,18.961358,10.661717,3.469321,2.731772,171.946603,5.582509,1.054421,0.027653,0.958391
-0.043251,0.020078,0.534387,2.070221,18.970632,10.808520,3.473885,2.738036,171.923690,5.574374,1.054379,0.027626,0.958364
-0.042917,0.019630,0.524415,2.022756,18.982753,10.910352,3.470307,2.733994,171.948186,5.535873,1.054370,0.027304,0.956679
-0.040526,0.019382,0.526782,2.641016,18.974340,10.607005,3.469092,2.738789,171.892993,5.540261,1.054167,0.027411,0.958188
-0.042786,0.019455,0.351937,2.834889,18.961115,10.232827,3.468191,2.737089,171.869261,5.482355,1.053894,0.027130,0.957903
-0.039151,0.018565,0.468656,2.358676,18.992463,11.387808,3.467082,2.713064,171.894370,5.560467,1.054309,0.027561,0.958292
-0.045827,0.019147,0.529665,1.867384,18.997045,10.218068,3.468672,2.729190,171.833489,5.430782,1.053704,0.026937,0.957750
-0.036384,0.019989,0.515616,1.938873,18.989918,11.683275,3.471831,2.717290,171.869964,5.548884,1.054197,0.027514,0.958235
-0.043135,0.018924,0.448754,6.726388,18.984632,10.300532,3.466659,2.720378,171.794269,5.409202,1.053574,0.026801,0.957609
-0.044980,0.018914,0.543991,2.103955,18.929647,10.337382,3.467365,2.731230,171.776186,5.383875,1.053391,0.026692,0.957479
-0.043230,0.019487,0.534839,1.872962,19.002380,10.755958,3.468197,2.729141,171.780109,5.378304,1.053498,0.026745,0.957521
-0.043230,0.019964,0.490826,2.138023,18.971033,10.427518,3.472992,2.731316,171.741244,5.343803,1.053255,0.026537,0.957322
-0.044191,0.019441,0.545856,1.823422,18.932578,10.225138,3.471241,2.721030,171.719017,5.310950,1.053059,0.026354,0.957150
-0.037599,0.019637,0.519397,2.173473,19.053897,11.225862,3.469839,2.723190,171.758495,5.369069,1.053453,0.026719,0.957466
-0.032561,0.019635,0.527847,2.101954,19.022595,12.000070,3.467508,2.719238,171.772091,5.439662,1.053660,0.027024,0.957728
-0.035170,0.019537,0.506103,1.977100,19.047938,11.434335,3.467958,2.725064,171.731407,5.364617,1.053427,0.026720,0.957465
-0.039966,0.019146,0.528115,1.660148,19.003565,11.295118,3.468377,2.735601,171.706068,5.640433,1.053155,0.027953,0.957291
-0.043241,0.020008,0.482794,1.945488,18.982818,10.744200,3.473077,2.726483,171.669285,5.553507,1.052790,0.027561,0.956914
-0.038894,0.019288,0.528913,1.839665,19.024657,11.671268,3.468123,2.726358,171.757524,5.631522,1.053103,0.027883,0.957195
-0.046092,0.019702,0.491967,2.023611,18.979567,10.670960,3.467513,2.736338,171.747564,5.523525,1.052678,0.027414,0.956790
-0.041478,0.019145,0.493372,1.960364,19.001087,10.823295,3.465914,2.711129,171.766602,5.534354,1.052642,0.027380,0.956754
-0.046223,0.019902,0.504963,2.106176,18.985435,10.611893,3.470383,2.712045,171.722710,5.486454,1.052430,0.027198,0.956582
-0.044707,0.019510,0.539299,2.463075,18.971945,10.036510,3.470181,2.737496,171.624631,5.411318,1.052037,0.026785,0.956190
-0.038386,0.019272,0.519677,2.232658,18.974142,11.446513,3.468003,2.724314,171.571972,5.489085,1.052435,0.027233,0.956584
-0.045666,0.019785,0.388350,6.180476,19.014130,10.633547,3.471254,2.736248,171.530048,5.395243,1.052022,0.026783,0.956171
-0.037395,0.019542,0.497633,2.009795,18.999705,11.675173,3.472202,2.746342,171.543063,5.464473,1.052329,0.027172,0.956511
-0.043183,0.020025,0.536267,1.917910,18.931313,10.379025,3.470749,2.739088,171.475340,5.337162,1.051692,0.026515,0.955913
-0.039524,0.019749,0.492522,2.155306,18.983490,11.075800,3.470817,2.734709,171.480491,5.375777,1.051862,0.026701,0.956062
-0.038579,0.019366,0.514980,1.948455,19.005207,11.221793,3.470167,2.738920,171.459483,5.363262,1.051837,0.026700,0.956032
-0.037512,0.020022,0.555481,1.947337,19.051697,11.901548,3.473150,2.742419,171.466792,5.711899,1.051990,0.028296,0.956193
-0.042181,0.019345,0.474750,2.396016,18.999755,10.730318,3.467505,2.737094,171.401259,5.581091,1.051402,0.027687,0.955645
-0.042553,0.019580,0.533782,2.120460,18.964097,10.423118,3.468662,2.705094,171.356051,5.514281,1.051083,0.027378,0.955361
-0.036112,0.019404,0.398866,2.916138,19.027822,11.458078,3.468052,2.723050,171.379289,5.600405,1.051421,0.027732,0.955671
-0.045685,0.020010,0.517534,2.383810,18.972873,10.407863,3.471184,2.725516,171.319658,5.411580,1.050866,0.026877,0.954887
-0.047576,0.019317,0.549853,2.201834,18.957810,9.886158,3.468357,2.719834,171.247412,5.390194,1.050433,0.026742,0.954758
-0.042795,0.019201,0.544740,2.070451,18.955912,10.689532,3.469060,2.712504,171.280248,5.431686,1.050641,0.027006,0.954994
-0.047608,0.020046,0.564026,1.923746,18.945300,10.196687,3.471466,2.731638,171.226149,5.382756,1.050328,0.026652,0.954666
-0.037787,0.019799,0.528375,1.892898,18.991445,11.225305,3.470195,2.739130,171.240994,5.431346,1.050654,0.027017,0.954985
-0.048918,0.020094,0.505478,1.978225,18.939247,10.107493,3.470570,2.705105,171.196957,5.313370,1.050050,0.026417,0.954452
-0.038369,0.019650,0.543618,1.941359,19.017743,11.664350,3.468559,2.724488,171.300904,5.426646,1.050599,0.026988,0.954945
-0.044660,0.019922,0.564089,1.454472,18.986833,10.420597,3.470680,2.725599,171.234189,5.314216,1.050080,0.026420,0.954420
-0.044887,0.020012,0.549355,1.898213,18.967298,10.589983,3.469558,2.726567,171.142861,5.582338,1.049872,0.027719,0.954305
-0.045411,0.019955,0.557588,1.931826,18.976813,10.473323,3.469352,2.715311,171.116018,5.557723,1.049728,0.027548,0.954120
-0.041311,0.020453,0.569538,1.877489,18.969985,10.825653,3.473547,2.725533,171.124409,5.564010,1.049752,0.027605,0.954165
-0.043026,0.019811,0.480286,1.868726,18.976373,10.828107,3.470470,2.713748,171.091248,5.544896,1.049648,0.027484,0.954069
-0.041556,0.020589,0.498760,1.990309,18.997035,11.169888,3.472914,2.726321,171.093575,5.548298,1.049633,0.027524,0.954095
-0.047634,0.020269,0.546909,2.318055,18.957725,10.083842,3.473613,2.715179,171.077540,5.421758,1.049080,0.026918,0.953537
-0.043478,0.019975,0.539784,1.826152,18.990010,10.630707,3.469681,2.732732,171.195911,5.468702,1.049275,0.027099,0.953719
-0.045106,0.020338,0.552935,1.889922,18.975858,10.469292,3.472166,2.733587,171.259112,5.457594,1.049202,0.027018,0.953648
-0.052426,0.020392,0.518346,1.948118,18.917980,9.242133,3.471201,2.733776,171.221338,5.329936,1.048535,0.026345,0.953021
-0.045136,0.020006,0.560966,1.953185,18.958438,10.523015,3.471013,2.727158,171.258159,5.409504,1.048957,0.026827,0.953473
-0.046224,0.020231,0.547979,1.798086,18.923107,10.148387,3.469833,2.724396,171.143650,5.356275,1.048672,0.026545,0.953190
-0.041507,0.020344,0.521802,1.852147,18.994980,11.000715,3.470342,2.720936,171.086097,5.384497,1.048868,0.026752,0.953363
-0.041940,0.020153,0.544200,2.085387,18.981702,10.757745,3.472477,2.729094,171.001220,5.339012,1.048602,0.026521,0.953146
-0.049161,0.020282,0.566437,1.810107,18.942258,9.781380,3.471330,2.722722,170.834817,5.510739,1.047919,0.027279,0.952486
-0.052781,0.019789,0.536891,2.198993,18.964312,9.482945,3.470092,2.718038,170.781313,5.439643,1.047591,0.026914,0.952161
-0.042127,0.019898,0.521237,1.918647,18.958263,10.452743,3.469898,2.725155,170.811041,5.501074,1.047874,0.027277,0.952474
-0.042948,0.019790,0.520969,1.657842,18.985902,10.659845,3.467976,2.712659,170.796219,5.480041,1.047883,0.027264,0.952463
-0.048167,0.020354,0.563482,1.794375,18.967528,9.948220,3.472357,2.724656,170.734389,5.409519,1.047453,0.026840,0.952066
-0.047377,0.020806,0.522943,2.159403,18.969872,10.231087,3.472748,2.721914,170.730032,5.404431,1.047386,0.026802,0.952016
-0.041598,0.020730,0.546392,2.399953,18.964808,10.333840,3.471630,2.731414,170.694465,5.387939,1.047307,0.026749,0.951971
-0.043400,0.020503,0.551534,2.072328,18.976187,10.502508,3.471730,2.735864,170.682127,5.364906,1.047260,0.026691,0.951909
-0.043854,0.021036,0.545981,2.082591,18.966593,10.012277,3.472895,2.727265,170.636022,5.302813,1.046909,0.026360,0.951571
-0.046450,0.020890,0.576057,1.745791,18.933700,9.948647,3.473485,2.722614,170.627286,5.567013,1.046655,0.027549,0.951342
-0.044564,0.020570,0.536144,1.626091,19.003242,10.423952,3.470653,2.707606,170.588539,5.574391,1.046758,0.027649,0.951443
-0.042486,0.020604,0.570738,1.819424,18.927117,10.468013,3.473745,2.721455,170.577327,5.356151,1.046653,0.026570,0.950369
-0.044787,0.020953,0.403092,5.226571,18.989180,10.683348,3.472739,2.718124,170.562777,5.558600,1.046607,0.027507,0.951301
-0.042918,0.020649,0.578142,1.781615,19.019868,11.190255,3.473221,2.710191,170.546763,5.545994,1.046669,0.027606,0.951394
-0.047230,0.020810,0.580949,1.710564,18.977805,10.296013,3.474569,2.712767,170.515666,5.459487,1.046167,0.027086,0.950934
-0.045475,0.020405,0.586198,1.880422,18.961073,10.119895,3.469956,2.708302,170.464236,5.413637,1.045931,0.026850,0.950689
-0.052048,0.020679,0.577225,2.315896,18.927072,9.573017,3.471534,2.725969,170.407905,5.335992,1.045513,0.026458,0.950303
-0.044864,0.020698,0.529551,2.725872,18.943702,10.320323,3.472562,2.737367,170.434721,5.366052,1.045726,0.026701,0.950506
-0.050489,0.021108,0.579940,2.143109,18.909197,9.167800,3.473531,2.712712,170.332633,5.222362,1.045036,0.026010,0.949868
-0.053406,0.021044,0.578607,1.751604,18.904605,9.430480,3.471690,2.729958,170.311778,5.513095,1.044908,0.027341,0.949757
-0.046586,0.020623,0.563580,1.795497,18.963193,10.162952,3.471927,2.749003,170.899107,5.561241,1.045090,0.027567,0.949970
-0.051386,0.021124,0.466559,2.161386,18.891715,9.745863,3.474312,2.722982,170.299918,5.483601,1.044767,0.027216,0.949653
-0.040355,0.020762,0.556053,1.768381,18.993403,11.024722,3.470963,2.734278,170.410201,5.595516,1.045247,0.027695,0.950089
-0.041760,0.020442,0.568823,1.751761,18.949823,10.659212,3.471129,2.728722,170.433554,5.559420,1.045053,0.027489,0.949919
-0.051029,0.020599,0.590047,1.917481,18.948178,9.918868,3.470060,2.722537,170.410746,5.464304,1.044623,0.027044,0.949499
-0.047549,0.020835,0.571142,2.080375,18.938700,10.253728,3.471779,2.712290,170.416272,5.462911,1.044610,0.027059,0.949530
-0.045444,0.020914,0.569323,2.104582,18.918022,10.139365,3.472229,2.727419,170.347092,5.423652,1.044407,0.026865,0.949325
-0.041330,0.021362,0.582670,2.020786,18.973688,10.906233,3.476092,2.723022,170.310086,5.444727,1.044543,0.027054,0.949469
-0.048002,0.020872,0.561084,1.782572,18.922195,9.765952,3.470931,2.716386,170.201103,5.309734,1.043899,0.026385,0.948839
-0.045922,0.020553,0.619757,1.828382,18.910578,10.174085,3.469906,2.723395,170.075356,5.597964,1.043806,0.027755,0.948758
-0.051756,0.021056,0.533559,1.873235,18.919072,9.922222,3.473120,2.742846,170.022911,5.546227,1.043499,0.027472,0.948488
-0.045689,0.020978,0.569829,2.149712,18.937073,10.651873,3.471480,2.712458,170.014927,5.576546,1.043655,0.027641,0.948641
-0.045403,0.020906,0.616358,2.426348,18.954620,10.431717,3.474646,2.709672,170.000989,5.513828,1.043428,0.027415,0.948427
-0.052252,0.020957,0.556212,1.797929,18.934552,9.751727,3.472653,2.709664,169.957640,5.434103,1.042970,0.026943,0.947999
-0.049417,0.021582,0.570972,1.775964,18.970898,9.994373,3.473162,2.715403,169.938277,5.421125,1.042891,0.026920,0.947965
-0.048681,0.021217,0.576491,2.550593,18.933912,9.774397,3.473160,2.710205,169.875064,5.363219,1.042619,0.026663,0.947714
-0.051486,0.021651,0.588589,1.989409,18.924357,10.182778,3.472508,2.737479,169.872832,5.657926,1.042580,0.028102,0.947696
-0.047385,0.021137,0.565918,1.767023,18.967730,10.318118,3.473869,2.708616,169.863418,5.651873,1.042506,0.028014,0.947618
-0.050809,0.021504,0.587087,2.271790,18.918315,10.106650,3.473065,2.720333,169.809174,5.596946,1.042225,0.027776,0.947378
-0.051399,0.021262,0.463783,1.727356,18.967780,10.098135,3.471425,2.713014,169.774277,5.564115,1.042071,0.027584,0.947215
-0.050850,0.021296,0.551240,1.714393,18.929362,9.378010,3.473033,2.709122,169.707621,5.462585,1.041553,0.027067,0.946743
-0.041849,0.021351,0.602423,2.023746,18.987820,10.796292,3.475342,2.722423,169.743713,5.559102,1.042028,0.027592,0.947189
-0.044085,0.021361,0.588709,1.665342,18.984033,10.326880,3.473142,2.713280,169.695270,5.495406,1.041706,0.027263,0.946877
-0.051714,0.021750,0.572882,2.199167,18.977342,9.631745,3.472101,2.717691,169.637885,5.381997,1.041217,0.026780,0.946419
-0.052006,0.021717,0.630472,1.701003,18.972738,10.370023,3.472801,2.721844,169.628094,5.724085,1.041281,0.028394,0.946559
-0.046882,0.021872,0.587622,2.231052,18.945032,10.224258,3.475625,2.714454,169.627568,5.373190,1.041148,0.026789,0.946405
-0.045027,0.022067,0.599163,1.826619,19.004467,10.408582,3.474731,2.717716,169.599435,5.659422,1.041061,0.028098,0.946278
-0.049012,0.021720,0.577822,2.136460,18.978135,10.535600,3.472916,2.721577,169.566257,5.652954,1.040936,0.028010,0.946210
-0.043103,0.021759,0.545941,1.831224,18.994085,10.381182,3.472383,2.700541,169.527635,5.601473,1.040723,0.027777,0.945991
-0.047363,0.021253,0.608715,1.777109,18.967448,10.335812,3.473319,2.727521,169.502847,5.567227,1.040531,0.027624,0.945842
-0.047582,0.021879,0.622373,1.606754,18.992738,10.570572,3.473008,2.716518,169.474232,5.540494,1.040385,0.027505,0.945730
-0.047243,0.021552,0.638911,1.569706,18.940305,10.347927,3.470609,2.722761,169.440561,5.486868,1.040124,0.027262,0.945478
-0.049038,0.021741,0.597908,1.672432,18.899470,9.777147,3.472938,2.720112,169.441999,5.396391,1.039701,0.026823,0.945073
-0.041778,0.021818,0.630834,1.584858,19.012422,10.937077,3.473726,2.704582,169.560142,5.482205,1.040130,0.027269,0.945473
-0.051815,0.021960,0.629668,1.675299,18.940138,9.425987,3.474163,2.717688,169.525760,5.330864,1.039376,0.026484,0.944762
-0.039432,0.021632,0.606957,1.673263,19.068708,10.991918,3.470826,2.727328,169.596650,5.445426,1.039907,0.027079,0.945285
-0.040384,0.021882,0.647723,1.631372,19.042278,10.768507,3.472867,2.708993,169.604681,5.400871,1.039724,0.026873,0.945104
-0.042085,0.021790,0.651545,1.641258,19.055542,11.063623,3.473529,2.722973,169.593906,5.690318,1.039640,0.028239,0.945049
-0.050779,0.022368,0.625680,1.598150,19.077485,10.436453,3.474662,2.713047,169.503666,5.609220,1.039277,0.027831,0.944668
-0.046224,0.022425,0.661662,1.654691,19.040528,10.307978,3.476608,2.725851,169.187159,5.534378,1.038789,0.027461,0.944284
-0.042554,0.022752,0.632310,1.665217,19.089490,11.018257,3.477005,2.707759,169.164125,5.547769,1.038840,0.027556,0.944314
-0.050345,0.022273,0.611725,1.746445,19.068135,10.496402,3.474949,2.709345,169.110208,5.748134,1.038416,0.028534,0.943927
-0.056050,0.021530,0.649921,1.369815,19.013443,9.539990,3.470844,2.705401,169.015398,5.625816,1.037762,0.027873,0.943311
-0.042339,0.022375,0.649634,1.271146,19.136743,10.872013,3.475144,2.721378,169.031759,5.700196,1.038163,0.028307,0.943704
-0.040377,0.022120,0.631256,1.662490,19.077075,10.925975,3.476466,2.709356,168.998626,5.669344,1.037980,0.028191,0.943581
-0.047033,0.022488,0.599297,1.594867,19.090182,9.989125,3.477658,2.707284,168.926493,5.555716,1.037409,0.027582,0.943015
-0.047254,0.021712,0.625123,1.830785,19.121247,10.615318,3.471594,2.720171,169.302486,5.624102,1.037740,0.027886,0.943311
-0.047823,0.022464,0.636163,1.334552,19.079300,10.096098,3.474784,2.699783,169.466775,5.584182,1.037586,0.027713,0.943154
-0.054541,0.021904,0.596624,1.676088,19.046507,9.163893,3.473906,2.715357,169.514742,5.204999,1.037106,0.025806,0.942741
-0.049878,0.022437,0.620909,1.624313,19.098300,9.339132,3.473167,2.709168,169.592441,5.187205,1.037094,0.025783,0.942713
-0.048831,0.022253,0.620451,1.612483,19.107797,9.879783,3.472663,2.706827,169.651163,5.210615,1.037224,0.025927,0.942847
-0.051024,0.022265,0.562091,1.890445,19.077078,8.995725,3.472164,2.714987,169.612689,5.112441,1.036697,0.025395,0.942369
-0.059875,0.022466,0.616256,1.792900,19.075170,8.777265,3.471593,2.706922,169.602161,5.357603,1.036384,0.026480,0.942041
-0.045307,0.022540,0.652549,1.633550,19.209870,10.803588,3.471386,2.702843,169.706989,5.508798,1.037104,0.027285,0.942765
-0.051992,0.022421,0.607451,1.646957,19.158717,9.456837,3.473012,2.693110,169.596678,5.361281,1.036434,0.026527,0.942121
-0.045899,0.022355,0.617273,1.620422,19.215317,10.085670,3.472884,2.696200,169.567692,5.366168,1.036475,0.026587,0.942126
-0.061636,0.023118,0.634489,1.698933,19.183713,8.624478,3.473839,2.713621,169.428413,5.191826,1.035589,0.025738,0.941328
-0.053266,0.023338,0.633476,1.994286,19.175310,9.055493,3.475099,2.721595,169.348922,5.182333,1.035506,0.025746,0.941312
-0.050114,0.021893,0.576226,4.657940,19.272887,9.658510,3.470269,2.709331,169.317511,5.505977,1.035528,0.027212,0.941304
-0.048496,0.022964,0.652711,1.789679,19.309270,10.009815,3.473648,2.721149,169.272765,5.485200,1.035472,0.027186,0.941296
-0.048867,0.022267,0.627080,1.753020,19.253263,9.655473,3.470952,2.716142,169.416446,5.440066,1.035245,0.026920,0.941052
-0.044563,0.022219,0.651236,1.753797,19.372032,10.269780,3.470086,2.701530,169.694069,5.209784,1.035567,0.025813,0.941383
-0.044356,0.022661,0.584942,2.536085,19.447162,9.795840,3.471511,2.709822,169.906797,5.150000,1.035509,0.025637,0.941260
-0.048250,0.021828,0.628348,1.621343,19.417900,9.495520,3.469488,2.717795,170.065599,5.153290,1.035373,0.025507,0.941151
-0.058818,0.023285,0.610620,1.707647,19.455968,8.852250,3.474032,2.713633,170.142521,5.074809,1.035037,0.025117,0.940807
-0.052484,0.023020,0.595636,1.684932,19.510685,9.417415,3.472276,2.708512,170.233047,5.133055,1.035190,0.025344,0.941025
-0.050541,0.021851,0.609696,1.643592,19.624460,9.639202,3.467107,2.712540,170.266828,5.128231,1.035188,0.025346,0.941006
-0.047258,0.022602,0.575999,1.727056,19.634140,9.677668,3.472477,2.726360,170.272196,5.110120,1.035026,0.025228,0.940897
-0.050871,0.022118,0.601058,1.763898,19.645898,9.479533,3.469320,2.700810,170.155354,5.031164,1.034798,0.024944,0.940631
-0.045067,0.022275,0.619163,1.615026,19.637785,9.781400,3.471387,2.712327,169.832326,4.996267,1.034484,0.024776,0.940415
-0.046773,0.022328,0.614186,1.862609,19.739663,10.024585,3.468867,2.710183,169.483992,5.222067,1.034063,0.025792,0.939990
-0.051716,0.022641,0.652803,1.531854,19.733247,9.561813,3.474010,2.712701,169.111176,5.383097,1.033342,0.026578,0.939375
-0.049148,0.023574,0.647437,1.544459,19.695475,10.083160,3.475642,2.707101,168.848653,5.617050,1.032996,0.027800,0.939103
-0.049320,0.023246,0.689625,1.555014,19.818352,10.123560,3.475755,2.678346,168.629039,5.521387,1.032710,0.027427,0.938740
-0.050444,0.022847,0.663253,1.554989,19.785688,9.649555,3.471708,2.700103,168.455830,5.429423,1.032133,0.026973,0.938273
-0.052493,0.023363,0.706096,1.501744,19.736903,9.108422,3.474955,2.706685,168.305384,5.602475,1.031465,0.027768,0.937655
-0.047231,0.023536,0.719671,1.527409,19.860793,10.424835,3.474942,2.691525,168.270204,5.666329,1.031812,0.028129,0.937984
-0.046225,0.023607,0.645629,1.544621,19.916513,10.462788,3.476817,2.697182,168.218524,5.632265,1.031600,0.027963,0.937796
-0.053127,0.023655,0.707648,1.453107,19.824737,9.155290,3.477757,2.680617,168.102823,5.452955,1.030761,0.027112,0.937031
-0.046517,0.023956,0.706892,1.414220,20.010605,10.868933,3.477968,2.682577,168.141049,5.870240,1.031330,0.029100,0.937501
-0.047904,0.024251,0.716426,1.529478,20.001617,10.555707,3.478704,2.685773,168.114603,5.810354,1.031033,0.028845,0.937263
-0.055864,0.024710,0.704669,1.738341,19.994518,9.841893,3.477591,2.704232,168.032211,5.713748,1.030426,0.028290,0.936736
-0.051262,0.024267,0.676858,1.598203,20.010433,10.237363,3.477385,2.679794,167.982188,5.696235,1.030329,0.028233,0.936700
-0.048654,0.024331,0.734675,1.209145,20.010565,10.331652,3.478269,2.681892,167.971756,5.647893,1.030162,0.028059,0.936504
-0.050148,0.024330,0.718189,1.392522,20.010257,10.206227,3.479245,2.677784,167.888731,5.587434,1.029875,0.027779,0.936238
-0.048814,0.024342,0.707291,1.413701,20.010565,9.623770,3.478872,2.689407,167.861791,5.488442,1.029418,0.027313,0.935781
-0.049643,0.024654,0.744564,1.410320,20.009705,10.576562,3.480218,2.685723,167.895354,5.824056,1.029602,0.028970,0.935980
-0.050643,0.024670,0.583517,1.715672,20.010145,10.142362,3.478948,2.694598,167.655282,5.770038,1.028032,0.028592,0.935632
-0.052646,0.024720,0.701085,1.497693,20.010102,9.363628,3.478930,2.680784,167.795937,5.645347,1.028638,0.027997,0.935080
-0.044787,0.024315,0.713961,1.580952,20.009967,10.461213,3.479267,2.681232,167.891491,5.700460,1.028861,0.028302,0.935361
-0.048760,0.024756,0.693882,1.479456,20.009768,10.026440,3.481500,2.689247,168.044152,5.650146,1.028668,0.028031,0.935137
-0.056894,0.024812,0.701382,1.460557,20.009737,9.535093,3.479654,2.702346,168.164116,5.578906,1.028380,0.027708,0.934832
-0.046938,0.023844,0.718151,1.439622,20.009517,10.223418,3.473308,2.700655,168.281437,5.341085,1.028581,0.026531,0.935076
-0.065587,0.023553,0.678425,1.636402,20.009915,8.204613,3.470844,2.689316,168.236491,5.105744,1.027520,0.025355,0.934016
-0.047796,0.024056,0.734944,1.614453,20.009657,9.953495,3.473261,2.677622,168.306797,5.532892,1.028008,0.027440,0.934581
-0.050951,0.024142,0.685547,1.660681,20.009757,9.393920,3.474973,2.687903,168.267954,5.436475,1.027597,0.026942,0.934142
-0.052925,0.024500,0.706459,1.502152,20.009608,9.893058,3.474904,2.690701,168.267159,5.449875,1.027597,0.026990,0.934161
-0.048865,0.023859,0.727377,1.435378,20.009715,9.709110,3.472816,2.687719,168.202419,5.384319,1.027344,0.026676,0.933904
-0.057085,0.025025,0.749008,1.448545,20.009573,9.168437,3.476908,2.682963,167.903889,5.248474,1.026676,0.026097,0.933312
-0.053737,0.024818,0.747815,1.432811,20.009778,9.446310,3.479181,2.682390,167.583166,5.456814,1.026242,0.027112,0.932912
-0.050160,0.024753,0.760358,1.315263,20.009402,10.035248,3.478737,2.681363,167.345145,5.722072,1.026004,0.028441,0.932732
-0.048368,0.024924,0.763342,1.568018,20.009197,10.134542,3.480404,2.688933,167.151341,5.681941,1.025639,0.028115,0.932431
-0.044854,0.024923,0.764926,1.554283,20.009208,10.599453,3.477072,2.683794,167.025423,5.631526,1.025484,0.028013,0.932298
-0.055679,0.025190,0.778791,1.284400,20.009020,9.408905,3.479472,2.683693,166.877388,5.755690,1.024654,0.028564,0.931440
-0.049496,0.024648,0.756359,1.322201,20.009287,10.490235,3.477206,2.671831,166.824478,5.794159,1.024742,0.028781,0.931641
-0.045224,0.024983,0.758093,1.496351,20.009185,10.521887,3.479411,2.698013,166.755196,5.747481,1.024503,0.028545,0.931411
-0.047372,0.025393,0.783860,1.300077,20.009083,10.316075,3.481368,2.678023,166.687010,5.653881,1.024120,0.028173,0.931050
-0.058707,0.026380,0.748886,1.619182,20.009392,9.290962,3.484700,2.673059,166.589505,5.799819,1.023340,0.028764,0.930255
-0.054805,0.025705,0.809904,1.380777,20.009093,9.809800,3.480493,2.664233,166.556995,5.797493,1.023265,0.028765,0.930219
-0.046264,0.025187,0.796146,1.377489,20.009127,10.268570,3.480068,2.658266,166.525198,5.780639,1.023190,0.028724,0.930179
-0.054140,0.026114,0.748453,1.848632,20.009060,9.803347,3.483701,2.669888,166.459917,5.684325,1.022732,0.028261,0.929768
-0.049488,0.026538,0.819946,1.361586,20.009037,9.998112,3.486080,2.691634,166.394295,5.645516,1.022521,0.028095,0.929570
-0.054476,0.026341,0.837849,1.218154,20.009035,9.738117,3.481590,2.693295,166.306504,5.855229,1.022057,0.029062,0.929113
-0.056262,0.026773,0.715929,1.396560,20.008897,10.055632,3.483604,2.675117,166.231254,5.834309,1.021879,0.028937,0.929013
-0.051465,0.026315,0.843259,1.362613,20.009062,9.587937,3.482611,2.663679,166.165083,5.733613,1.021351,0.028444,0.928529
-0.041469,0.026000,0.800144,1.758023,20.008507,11.115318,3.483462,2.680796,166.142301,5.787877,1.021668,0.028814,0.928847
-0.050529,0.026443,0.799441,1.503587,20.008808,9.777010,3.481115,2.662271,166.041349,5.626657,1.020889,0.027937,0.928042
-0.053703,0.026350,0.834648,1.197884,20.008902,9.807013,3.482466,2.670734,165.957450,5.856850,1.020513,0.029101,0.927752
-0.047403,0.025574,0.791362,1.465295,20.008467,10.351652,3.478888,2.677803,165.928431,5.844365,1.020411,0.029023,0.927687
-0.051080,0.025670,0.832776,1.376047,20.008803,9.847130,3.479527,2.668842,166.054279,5.766896,1.020058,0.028608,0.927299
-0.049698,0.026273,0.867107,1.244439,20.008698,10.247015,3.481038,2.699509,166.247509,5.732788,1.020134,0.028429,0.925751
-0.060869,0.026789,0.790080,1.303561,20.009033,9.112547,3.484689,2.686093,166.322808,5.648031,1.019526,0.028028,0.926798
-0.047679,0.026606,0.822376,1.282624,20.008677,10.669042,3.480094,2.668049,166.441210,5.758515,1.019983,0.028568,0.927298
-0.048088,0.026306,0.824342,1.290521,20.008487,10.457773,3.480289,2.671988,166.449339,5.708694,1.019681,0.028312,0.927035
-0.050281,0.026611,0.823927,1.213707,20.008303,10.388248,3.481105,2.672598,166.442678,5.646479,1.019407,0.027997,0.926761
-0.044297,0.026760,0.814739,1.370285,20.008395,10.867760,3.480302,2.690259,166.434328,5.630483,1.019314,0.027931,0.926706
-0.050062,0.026120,0.836501,1.254734,20.008358,10.047578,3.478843,2.675801,166.344712,5.514632,1.018730,0.027315,0.926120
-0.049778,0.026695,0.832853,1.261782,20.008458,10.060510,3.484656,2.693667,166.236023,5.433394,1.018413,0.027020,0.925863
-0.051094,0.027982,0.858502,1.353852,20.008318,10.469928,3.484928,2.662162,165.937820,5.694937,1.018022,0.028175,0.925515
-0.060612,0.026967,0.863456,1.214337,20.008328,8.960332,3.479884,2.673562,165.615936,5.434627,1.016877,0.026981,0.924388
-0.047092,0.027122,0.892575,1.209559,20.008472,10.437033,3.482639,2.670536,165.451023,5.777262,1.016971,0.028674,0.924599
-0.048578,0.027060,0.797481,1.254054,20.008502,10.144340,3.484445,2.675762,165.284843,5.680167,1.016459,0.028198,0.924139
-0.047367,0.027746,0.906095,1.148469,20.008337,10.502877,3.485943,2.657570,165.173618,5.911257,1.016160,0.029367,0.923841
-0.048174,0.027094,0.909368,1.197610,20.008327,10.343667,3.483445,2.664536,165.084156,5.840131,1.015718,0.028980,0.923467
-0.051855,0.027335,0.896289,1.148827,20.008508,9.786403,3.480910,2.660742,164.996387,5.697163,1.015144,0.028336,0.922863
-0.049226,0.027771,0.936314,1.135451,20.008432,10.102717,3.485669,2.676307,164.920188,5.673906,1.014884,0.028208,0.922731
-0.046916,0.027608,0.887613,1.253027,20.008212,11.052490,3.482467,2.677990,164.883842,5.975966,1.014878,0.029700,0.922740
-0.047201,0.027773,0.913549,1.096144,20.008367,10.671538,3.483810,2.660469,164.808196,5.887706,1.014422,0.029201,0.922282
-0.053201,0.028258,0.847754,1.365898,20.008052,10.126797,3.485967,2.661781,164.728970,5.766052,1.013875,0.028623,0.921763
-0.049088,0.028525,0.931348,1.155698,20.008298,10.454468,3.486201,2.677622,164.665525,5.731480,1.013639,0.028491,0.921614
-0.057824,0.029039,0.926336,1.112528,20.008202,9.867790,3.488027,2.663602,164.576796,5.897968,1.012985,0.029312,0.921019
-0.050600,0.029064,0.947536,1.067556,20.008047,10.359320,3.489044,2.659891,164.515066,5.880355,1.012807,0.029179,0.920878
-0.056161,0.028248,0.965242,1.071926,20.008233,9.712290,3.485634,2.667488,164.397192,5.737811,1.012152,0.028480,0.920251
-0.053685,0.028401,0.977732,1.040792,20.008128,9.676918,3.486126,2.663687,164.299264,5.644155,1.011726,0.028069,0.919818
-0.052216,0.029814,0.980243,1.020420,20.008055,10.298795,3.494444,2.644717,164.222135,5.935659,1.011543,0.029437,0.919744
-0.049409,0.028764,0.964026,1.076328,20.008193,9.919088,3.484878,2.663644,164.129288,5.806999,1.011028,0.028887,0.919213
-0.054812,0.029237,0.969128,1.061872,20.007952,9.596400,3.485908,2.683194,164.039103,5.705670,1.010478,0.028364,0.918717
-0.052699,0.028662,1.009400,1.142851,20.008045,10.149333,3.485501,2.667096,163.958155,5.974397,1.010269,0.029680,0.918577
-0.056068,0.029468,0.953168,1.191159,20.008163,9.775937,3.487443,2.671851,163.907930,5.854564,1.009701,0.029120,0.918050
-0.050807,0.028913,1.011893,0.988195,20.007973,10.216205,3.483967,2.669855,163.985131,5.855300,1.009584,0.029028,0.917968
-0.057572,0.029174,1.007912,1.021327,20.007953,9.556935,3.486461,2.657066,164.047625,5.749511,1.009088,0.028495,0.917486
-0.047458,0.029473,0.983786,1.061289,20.008102,10.620052,3.486804,2.676033,164.133249,5.775832,1.009190,0.028694,0.917650
-0.057390,0.029272,0.980025,1.094035,20.008063,9.371630,3.485999,2.657180,164.111832,5.599062,1.008442,0.027801,0.916853
-0.051624,0.029500,0.983310,1.020717,20.007993,10.453108,3.488524,2.695037,164.152002,5.636158,1.008572,0.027993,0.916992
-0.049913,0.029297,0.961496,1.163996,20.008087,9.849322,3.484610,2.663074,164.159711,5.535644,1.008020,0.027469,0.916530
-0.048372,0.029640,1.020442,1.022867,20.007830,10.148228,3.486803,2.667440,164.142860,5.482555,1.007795,0.027279,0.916324
-0.049979,0.029775,0.995294,1.064607,20.007807,10.502772,3.484353,2.677630,164.074469,5.746661,1.007487,0.028448,0.916040
-0.051009,0.029706,0.830107,1.434163,20.007850,9.854612,3.487197,2.668035,163.894617,5.606787,1.006803,0.027796,0.915443
-0.048116,0.030454,1.025786,1.022315,20.007702,10.311065,3.490419,2.663341,163.548998,5.803687,1.006305,0.028824,0.915015
-0.052065,0.030715,0.964318,1.329064,20.007835,9.876335,3.490457,2.664803,163.229438,5.640159,1.005520,0.028062,0.914273
-0.053704,0.030617,1.061995,0.990993,20.007788,9.522257,3.487538,2.660121,162.965569,5.794785,1.004699,0.028740,0.913529
-0.049760,0.030792,1.089521,0.944658,20.007860,10.041348,3.488700,2.680595,162.793815,5.723648,1.004360,0.028535,0.913284
-0.049710,0.031061,1.099032,0.909845,20.016193,10.225668,3.493288,2.660419,162.680101,5.952607,1.003905,0.029534,0.912874
-0.056496,0.031186,1.108553,0.902070,20.016430,9.698770,3.492246,2.664050,162.554483,5.804118,1.003230,0.028848,0.912220
-0.053305,0.032111,1.123201,0.939235,20.016272,10.354973,3.496681,2.651575,162.467874,6.075820,1.002974,0.030197,0.912107
-0.051163,0.031275,1.094907,0.937822,20.016418,9.780775,3.490892,2.665382,162.359216,5.926616,1.002335,0.029418,0.911404
-0.052452,0.032063,1.147914,0.892819,20.007913,10.124675,3.490821,2.660391,162.279693,5.852503,1.001987,0.029168,0.911136
-0.056892,0.032350,1.120925,0.925985,20.016500,9.868545,3.494641,2.669503,162.174772,5.752470,1.001406,0.028670,0.910624
-0.054865,0.032182,1.131688,0.945156,20.007695,10.101478,3.492890,2.673235,162.057883,5.972522,1.000963,0.029689,0.910239
-0.049541,0.033153,1.139640,0.987421,20.007927,10.299718,3.497549,2.651592,161.980316,5.894020,1.000623,0.029329,0.909868
-0.047286,0.032707,1.192069,0.849422,20.016183,10.521645,3.496891,2.658822,161.890892,6.129481,1.000161,0.030451,0.909528
-0.063481,0.032631,1.182590,0.922244,20.016403,9.185920,3.493120,2.654298,161.755878,5.896934,0.999114,0.029306,0.908482
-0.053161,0.032886,1.195689,0.862251,20.016288,9.786808,3.492069,2.645115,161.709313,5.859511,0.998878,0.029145,0.908314
-0.051912,0.032528,1.236409,0.810650,20.016420,9.918040,3.490759,2.650743,161.578234,6.077801,0.998403,0.030186,0.907919
-0.050544,0.033429,1.222812,0.838303,20.016365,10.068975,3.498632,2.632361,161.481178,5.990714,0.997951,0.029772,0.907542
-0.052125,0.033516,1.209920,0.843968,20.016222,9.979157,3.495368,2.659149,161.399836,5.894000,0.997464,0.029287,0.907059
-0.061695,0.033557,1.240035,0.806384,20.016330,9.291408,3.493940,2.670020,161.264575,6.013394,0.996625,0.029943,0.906315
-0.048946,0.033181,1.225073,0.948341,20.016087,10.760692,3.492705,2.664249,161.210787,6.056652,0.996709,0.030143,0.906488
-0.056258,0.033663,1.258596,0.856845,20.016113,9.715320,3.491585,2.653331,161.116293,5.849077,0.995842,0.029180,0.905576
-0.053393,0.034247,1.284260,0.788051,20.016377,9.781158,3.495782,2.664821,161.187542,5.797334,0.995449,0.028857,0.905272
-0.055059,0.033983,1.262401,0.825573,20.016153,9.967597,3.490684,2.644807,161.289131,5.747368,0.995205,0.028626,0.905044
-0.048626,0.034278,1.189852,0.840425,20.016208,10.334845,3.497498,2.649485,161.347503,5.701933,0.995001,0.028425,0.904839
-0.058899,0.034584,1.288942,0.840427,20.016248,9.177572,3.489262,2.658060,161.306881,5.835384,0.994102,0.028942,0.904014
-0.058265,0.034618,1.277044,0.783086,20.016340,9.649455,3.496692,2.684425,161.295065,5.796105,0.993857,0.028735,0.903807
-0.054846,0.034876,1.258435,0.801343,20.007942,9.136395,3.497616,2.662251,161.192204,5.644591,0.993153,0.028034,0.903165
-0.055419,0.035624,1.286652,0.776954,20.016448,10.015025,3.500485,2.659548,160.844439,5.927672,0.991724,0.029384,0.903028
-0.046971,0.035773,1.319055,0.765771,20.016193,10.460122,3.500717,2.654015,160.889030,5.852410,0.992587,0.029050,0.902695
-0.056141,0.035584,1.285245,0.778247,20.016285,9.532267,3.496630,2.666569,160.676204,5.659786,0.991653,0.028123,0.901791
-0.054091,0.036134,1.328827,0.753242,20.016060,10.179370,3.497876,2.649872,160.404085,5.869760,0.991243,0.029210,0.901438
-0.055622,0.035939,1.403496,0.744528,20.016155,9.713037,3.500249,2.639801,160.158885,6.016141,0.990362,0.029816,0.900627
-0.050336,0.036075,1.400725,0.713919,20.015805,10.348077,3.498125,2.654147,160.002183,5.927958,0.990012,0.029569,0.900363
-0.061237,0.037423,1.399859,0.720486,20.016222,9.289823,3.502537,2.657573,159.842626,6.043235,0.988985,0.029952,0.899353
-0.048071,0.036813,1.407597,0.743251,20.015965,10.400345,3.500509,2.642549,159.766737,6.036505,0.988879,0.030024,0.899415
-0.050778,0.037810,1.473824,0.678443,20.015577,10.641890,3.502666,2.659688,159.670628,5.943976,0.988489,0.029621,0.898983
-0.054841,0.037496,1.440790,0.697333,20.015635,10.094785,3.499920,2.649916,159.566054,6.094394,0.987723,0.030248,0.898234
-0.052415,0.036876,1.449731,0.718602,20.015850,9.598717,3.500631,2.649589,159.439926,5.933430,0.986984,0.029543,0.897587
-0.052967,0.037684,1.504792,0.706835,20.016032,10.353158,3.498260,2.651252,159.352433,6.189899,0.986685,0.030806,0.897390
-0.056058,0.038103,1.542434,0.677729,20.015900,9.678650,3.502060,2.666598,159.248426,6.016548,0.985864,0.029926,0.896566
-0.049620,0.038260,1.496689,0.667802,20.015822,10.377078,3.503862,2.634038,159.174637,5.976839,0.985579,0.029752,0.896360
-0.052371,0.038508,1.556886,0.644087,20.015742,10.248585,3.502915,2.626515,159.058260,6.158627,0.984966,0.030602,0.895784
-0.054590,0.038943,1.517397,0.673423,20.015447,9.932117,3.503491,2.646706,158.914738,6.015499,0.984225,0.029942,0.895174
-0.052498,0.039680,1.554164,0.659675,20.015930,10.332467,3.505893,2.646284,158.812099,6.233302,0.983773,0.030980,0.894767
-0.055153,0.038767,1.606383,0.680071,20.015592,9.793145,3.500539,2.659204,158.709181,6.080907,0.983032,0.030219,0.894059
-0.050911,0.039406,1.494658,0.669044,20.015300,10.614955,3.501500,2.646144,158.720991,6.041190,0.982873,0.030108,0.893920
-0.055624,0.040064,1.556031,0.642714,20.015270,10.268467,3.503466,2.649221,158.588965,6.228310,0.982159,0.030865,0.893260
-0.055242,0.039979,1.644192,0.635552,20.015218,9.819000,3.502669,2.641814,158.394243,6.043710,0.981301,0.030072,0.892531
-0.053970,0.041278,1.684529,0.599965,20.015195,10.405410,3.507696,2.633850,158.282356,6.260200,0.980903,0.031157,0.892143
-0.051478,0.040663,1.663709,0.618846,20.015018,10.089958,3.505857,2.646652,158.169352,6.137783,0.980210,0.030491,0.891524
-0.055131,0.041378,1.691442,0.632348,20.015155,9.546222,3.507189,2.654110,158.047919,5.974980,0.979416,0.029685,0.890749
-0.050409,0.042176,1.725319,0.610246,20.014965,10.419127,3.510700,2.668046,158.061171,6.236906,0.979148,0.031011,0.890598
-0.052136,0.042326,1.731989,0.577332,20.015047,10.458932,3.509268,2.639502,158.215179,6.170062,0.978816,0.030641,0.890276
-0.047817,0.042051,1.685000,0.593488,20.014660,11.052198,3.506903,2.646453,158.360085,6.143910,0.978618,0.030504,0.890146
-0.058590,0.042461,1.701189,0.596421,20.014660,9.501052,3.504959,2.641463,158.354825,5.923914,0.977643,0.029385,0.889124
-0.058390,0.041474,1.733833,0.576808,20.014728,9.355660,3.503131,2.633603,158.344663,5.816731,0.977097,0.028815,0.888616
-0.060729,0.042217,1.737649,0.588721,20.014753,9.107287,3.503084,2.652768,158.244545,5.683721,0.976404,0.028254,0.888065
-0.062383,0.042866,1.762832,0.582136,20.014408,9.138955,3.506152,2.630206,158.121903,5.855392,0.975801,0.029094,0.887480
-0.060652,0.042716,1.745791,0.594685,20.014172,9.255505,3.504004,2.651728,157.983839,5.753194,0.975232,0.028585,0.886984
-0.060085,0.044074,1.812947,0.551513,18.990758,9.542972,3.511214,2.679308,179.343238,5.948222,0.974025,0.029561,0.886505
-0.038230,0.046435,2.079724,0.492761,20.014885,14.421215,3.517347,2.654332,157.191833,8.251738,0.974413,0.041280,0.891614
-0.051379,0.044549,1.924608,0.528471,20.014722,10.393253,3.513274,2.643435,157.060970,6.309818,0.973419,0.031373,0.886741
-0.055647,0.044637,1.927189,0.518890,20.014393,9.981315,3.508873,2.641596,156.901547,6.285422,0.972517,0.031182,0.885203
-0.051735,0.045889,1.963680,0.513068,20.014328,10.280853,3.513761,2.639359,156.756145,6.106407,0.971917,0.030398,0.884434
-0.047999,0.044902,1.994798,0.522776,20.014232,10.672785,3.507122,2.635898,156.622055,6.270067,0.971299,0.031172,0.883806
-0.058556,0.045872,2.058195,0.512388,20.014210,9.536387,3.507334,2.643790,156.453794,5.997141,0.970097,0.029856,0.882560
-0.057416,0.045789,2.063773,0.484542,20.014317,9.774292,3.509945,2.629855,156.310045,6.154623,0.969424,0.030633,0.881924
-0.051045,0.047476,2.133453,0.478267,20.014057,10.737813,3.511248,2.635084,156.203406,6.117250,0.969124,0.030416,0.881690
-0.053714,0.048313,2.136931,0.468031,20.014447,9.766252,3.513677,2.638556,156.042621,6.192051,0.968059,0.030706,0.880601
-0.056665,0.048060,2.172105,0.460392,20.014410,9.641157,3.515008,2.638290,155.904721,6.031711,0.967251,0.029996,0.879936
-0.062077,0.048511,2.190721,0.456465,20.014247,9.408522,3.514530,2.632584,155.846487,6.161815,0.966479,0.030657,0.879175
-0.054177,0.048810,2.227982,0.466625,20.013995,9.757352,3.514637,2.628517,155.767426,6.093881,0.965989,0.030225,0.878781
-0.048870,0.049007,2.272496,0.455306,20.013980,10.683732,3.508398,2.630268,155.573943,6.009867,0.965629,0.029978,0.878506
-0.057255,0.049773,2.308878,0.437398,20.014063,9.926590,3.512671,2.627616,155.388184,6.097764,0.964620,0.030317,0.877464
-0.056056,0.050138,2.359827,0.423777,20.013902,9.988307,3.513090,2.632057,155.257419,5.969001,0.963946,0.029745,0.876902
-0.050735,0.051678,2.376581,0.427172,20.014110,10.114598,3.517740,2.640266,155.148436,6.158308,0.963292,0.030562,0.876307
-0.055539,0.052040,2.387260,0.431192,20.014127,10.069187,3.519341,2.628770,155.017847,6.017620,0.962594,0.029909,0.875684
-0.063049,0.052797,2.442120,0.419770,20.014278,9.385025,3.520795,2.645848,155.019182,6.128749,0.961721,0.030428,0.874795
-0.053168,0.052654,2.414764,0.418715,20.014182,10.229810,3.515886,2.631432,155.133915,6.131434,0.961555,0.030387,0.874765
-0.060844,0.053328,2.458214,0.418900,20.014208,9.787572,3.519411,2.633738,155.215142,5.981512,0.960940,0.029672,0.874114
-0.056409,0.053157,2.446559,0.427222,20.014207,9.695827,3.515127,2.626134,155.226803,5.865251,0.960377,0.029158,0.873638
-0.052168,0.052480,2.449304,0.414569,20.014297,9.927010,3.510248,2.644905,155.217122,5.777538,0.959901,0.028708,0.873223
-0.058871,0.053942,2.465638,0.405576,20.014463,9.464610,3.517411,2.645474,155.150446,5.621165,0.959184,0.027945,0.872495
-0.061280,0.054270,2.536737,0.394208,20.014810,9.056078,3.518989,2.639429,155.055608,5.781109,0.958382,0.028605,0.871752
-0.052241,0.054694,2.506703,0.398931,20.014503,10.408023,3.520275,2.653940,154.953850,5.753530,0.958227,0.028611,0.871732
-0.066772,0.055506,2.622796,0.393656,20.014943,8.688557,3.518797,2.645029,154.761584,5.766635,0.956950,0.028606,0.870373
-0.059628,0.055295,2.674025,0.382491,20.014828,8.699413,3.512463,2.650210,154.475138,5.630763,0.956257,0.027975,0.869772
-0.045382,0.056766,2.732516,0.369106,20.014675,10.594065,3.513669,2.637377,154.096147,5.937846,0.956067,0.029509,0.869794
-0.061634,0.058536,2.784235,0.359168,20.014563,9.442103,3.525472,2.633268,153.732972,5.964549,0.954840,0.029665,0.868546
-0.045872,0.059738,2.898230,0.348289,20.014165,10.892012,3.526672,2.633774,153.509134,5.936099,0.954557,0.029611,0.868430
-0.058513,0.061310,3.027858,0.340282,20.014595,9.719958,3.525810,2.636488,153.320936,6.085809,0.953471,0.030234,0.866284
-0.055081,0.060935,2.993778,0.336487,20.014255,10.021227,3.524209,2.626202,153.198021,5.904362,0.952898,0.029409,0.866865
-0.056376,0.061146,3.022603,0.343859,20.014475,9.770598,3.521286,2.625787,153.067974,6.039938,0.952106,0.030056,0.866125
-0.052918,0.062778,3.079998,0.332158,20.014647,9.790437,3.525654,2.620411,152.950957,5.921888,0.951474,0.029459,0.865539
-0.062953,0.063129,3.138140,0.319907,20.014715,9.292238,3.523430,2.610535,152.807297,6.039446,0.950566,0.030026,0.864702
-0.055785,0.063999,3.186173,0.313951,20.014750,9.991118,3.530487,2.619500,152.698288,5.990532,0.950198,0.029742,0.864429
-0.053849,0.064671,3.253489,0.315359,20.014462,10.082998,3.527747,2.646274,152.577124,6.166310,0.949558,0.030596,0.863842
-0.053483,0.065405,3.294888,0.305604,20.014790,9.821610,3.529295,2.629320,152.443206,6.019504,0.948795,0.029853,0.863154
-0.058181,0.066654,3.341112,0.303333,20.014868,9.029092,3.530932,2.616312,152.304876,5.803149,0.947820,0.028862,0.862201
-0.055702,0.066699,3.373234,0.298799,20.014660,9.981160,3.522156,2.629767,152.204573,6.073337,0.947474,0.030100,0.861994
-0.054947,0.068914,3.460765,0.293901,20.014702,9.689277,3.533245,2.611496,152.074965,5.887212,0.946750,0.029335,0.861257
-0.055990,0.069344,3.502827,0.289266,20.014795,9.946237,3.533257,2.603947,152.011092,6.112884,0.946171,0.030288,0.860784
-0.058476,0.069400,3.502225,0.289057,20.014950,9.897173,3.530328,2.625480,152.007841,5.984018,0.945576,0.029702,0.860241
-0.054391,0.070082,3.586338,0.279085,20.014732,9.697825,3.527643,2.625660,151.937656,5.843392,0.944944,0.029063,0.859636
-0.058273,0.072003,3.624354,0.279446,20.014820,9.506932,3.539080,2.621108,151.759411,5.979381,0.944167,0.029745,0.858894
-0.055692,0.072490,3.687252,0.271200,20.015063,9.333197,3.528773,2.601433,151.551990,5.818734,0.943382,0.029007,0.858195
-0.052542,0.074229,3.803214,0.264027,20.014860,9.944490,3.532788,2.627650,151.363819,6.047286,0.942840,0.030044,0.857774
-0.065693,0.075472,3.863921,0.000000,20.015008,8.801037,3.540098,2.625684,151.187436,5.805815,0.941694,0.028834,0.856639
-0.061390,0.076976,3.909412,0.000000,20.015048,9.283615,3.536587,2.633967,151.071798,6.006569,0.941157,0.029886,0.856244
-0.051395,0.077462,3.999585,0.000000,20.014977,10.051425,3.534009,2.616092,151.116003,5.952689,0.940823,0.029658,0.856023
-0.058061,0.077603,3.951755,0.000000,20.015402,9.546478,3.533978,2.632868,151.305130,5.839431,0.940240,0.028955,0.855392
-0.061900,0.077649,3.958337,0.000000,20.015367,8.917558,3.527445,2.629746,151.432219,5.688846,0.939592,0.028264,0.854765
-0.052222,0.077832,4.005047,0.251415,20.015183,9.753998,3.529256,2.641517,151.533162,5.682728,0.939419,0.028208,0.854710
-0.060299,0.078671,4.004464,0.253695,20.015540,8.938373,3.534688,2.633600,151.562424,5.493152,0.938641,0.027330,0.853892
-0.057445,0.079808,4.061235,0.248447,20.015368,9.357092,3.528844,2.614975,151.555701,5.440351,0.938255,0.027030,0.853579
-0.054991,0.080107,4.138886,0.000000,20.015422,9.761078,3.536206,2.634192,151.539950,5.658664,0.937808,0.028077,0.853210
-0.060790,0.081078,4.182926,0.000000,20.015553,9.209347,3.530617,2.627332,151.464385,5.486454,0.937042,0.027235,0.852440
-0.054977,0.082130,4.224865,0.000000,20.015810,9.198465,3.531882,2.647603,151.362519,5.378516,0.936434,0.026693,0.851895
-0.055700,0.083034,4.283796,0.000000,20.015497,9.147077,3.538671,2.619717,151.190573,5.542708,0.935783,0.027494,0.851290
-0.057618,0.085340,4.432749,0.000000,20.015715,8.692465,3.540836,2.618117,150.770817,5.333382,0.934797,0.026537,0.850354
-0.057543,0.087980,4.521572,0.000000,20.015115,9.331703,3.535666,2.624154,150.349122,5.531704,0.934051,0.027458,0.849829
-0.061828,0.091375,4.706547,0.000000,20.015395,9.104135,3.540997,2.624919,149.989086,5.630965,0.933119,0.027921,0.848890
-0.058431,0.094099,4.890698,0.000000,20.015340,9.453548,3.537760,2.619907,149.687088,5.801945,0.932376,0.028755,0.848276
-0.053653,0.096102,4.991407,0.000000,20.015235,9.904707,3.537267,2.626334,149.482847,5.682057,0.931803,0.028227,0.847759
-0.060998,0.097541,5.131983,0.000000,20.015328,9.301212,3.544528,2.592778,149.305703,5.802255,0.930849,0.028738,0.846871
-0.061675,0.099852,5.220930,0.000000,20.015613,8.776318,3.543939,2.598735,148.953271,5.605637,0.928732,0.027834,0.846034
-0.051892,0.102075,5.293921,0.000000,20.015117,9.496787,3.544277,2.599455,149.037153,5.557232,0.929517,0.027587,0.845757
-0.058027,0.103136,5.441729,0.000000,20.015207,9.147423,3.537812,2.630648,148.926891,5.681697,0.928719,0.028153,0.844941
-0.058453,0.105326,5.516156,0.000000,20.015022,8.999850,3.542223,2.589020,148.818992,5.540417,0.927976,0.027465,0.844304
-0.054170,0.107315,5.642762,0.000000,20.015502,8.968772,3.538214,2.596906,148.685232,5.398999,0.927244,0.026841,0.843671
-0.056230,0.109383,5.723145,0.000000,20.015083,9.340373,3.543336,2.604087,148.552726,5.579071,0.926627,0.027701,0.843141
-0.051169,0.111437,5.880940,0.000000,20.015208,9.615305,3.545071,2.624977,148.451856,5.455608,0.926019,0.027158,0.842618
-0.046340,0.117297,6.133567,0.000000,20.014955,9.937223,3.544591,2.601292,147.984251,5.609813,0.925147,0.027788,0.841830
-0.049988,0.119536,6.174738,0.000000,20.015100,9.508172,3.546157,2.601457,147.838931,5.410698,0.924263,0.026902,0.840978
-0.053575,0.127476,6.685936,0.000000,20.014248,9.739882,3.546618,2.593170,146.625895,5.457108,0.922886,0.027107,0.839765
-0.043078,0.137679,7.190038,0.000000,20.013555,11.242547,3.560552,2.595788,145.825193,5.862316,0.921815,0.029071,0.838832
-0.050665,0.134224,6.981123,0.000000,20.014877,9.173183,3.549097,2.603338,147.305303,5.436153,0.921337,0.027020,0.838316
-0.049346,-0.007765,-68.046229,0.000000,20.014170,9.899773,3.557763,2.589459,146.650355,5.395146,0.920876,0.026739,0.838088
-0.048974,0.148209,7.825705,0.000000,20.013748,9.662747,3.556862,2.576901,145.551601,5.315827,0.919131,0.026406,0.836314
-0.043879,0.155140,8.086813,0.000000,20.013713,10.589147,3.549720,2.587872,145.494928,5.508184,0.918491,0.027382,0.835903
-0.050823,0.155385,8.225353,0.000000,20.013848,9.374118,3.556410,2.583688,145.314808,5.170726,0.916708,0.025662,0.834324
-0.044775,0.169949,8.763821,0.000000,20.014097,9.536465,3.556408,2.582701,145.258024,5.133639,0.914990,0.025384,0.832693
-0.049157,0.160736,8.390916,0.000000,20.014498,9.490680,3.550542,2.593612,146.186187,4.858735,0.915088,0.024130,0.832877
-0.045082,0.182205,9.382968,0.000000,20.014115,9.111677,3.562165,2.599548,145.543784,4.771279,0.911507,0.023525,0.829624
