SCC,SCV,DVV,ICP,CCDT,CVCT,ACCV C,ACCV D,ECD,ECV,CCD,CCV,SoH
-0.034156,0.016036,0.317614,3.445908,20.016142,11.083268,3.447559,2.744665,179.232895,6.276677,1.075272,0.031395,0.976926
-0.036226,0.015686,0.302497,3.409569,20.016000,11.000015,3.447844,2.733242,179.405548,6.191032,1.076197,0.030822,0.977868
-0.034651,0.015221,0.316604,2.658507,20.015478,10.916635,3.445756,2.743010,179.532763,5.968169,1.076793,0.029801,0.978204
-0.037111,0.015591,0.329256,3.456920,20.016227,10.916702,3.448698,2.741080,179.663283,6.080270,1.077436,0.030271,0.978730
-0.033690,0.015099,0.322657,3.279802,20.007797,10.833508,3.444047,2.761785,179.773117,5.905370,1.077922,0.029485,0.979324
-0.037367,0.015331,0.294519,3.255413,20.007855,10.833352,3.447290,2.755566,179.886286,6.048569,1.078605,0.030035,0.979899
-0.039533,0.014819,0.271943,6.402013,20.008160,10.750098,3.445398,2.763979,179.961760,5.816724,1.078963,0.028993,0.980261
-0.036095,0.014674,0.277124,2.826577,20.008068,10.750115,3.444642,2.751747,179.991885,5.883331,1.079222,0.029241,0.980540
-0.038331,0.015255,0.276632,4.083200,20.008293,10.750035,3.444893,2.751528,180.027653,5.936885,1.079536,0.029450,0.980754
-0.034930,0.014872,0.253739,4.615287,20.008267,10.666637,3.446153,2.747065,180.048656,5.668123,1.079728,0.028256,0.980920
-0.036688,0.014137,0.202057,4.949109,15.631977,10.666740,3.443495,2.892533,318.864731,5.700444,1.073794,0.028405,0.981112
-0.036571,0.017014,0.380769,2.742719,19.627153,11.416743,3.454783,2.746676,179.521104,7.698836,1.075823,0.038594,0.977940
-0.038198,0.014629,0.302840,3.258266,20.011128,10.833370,3.443087,2.735908,180.124181,6.275733,1.079677,0.031235,0.981101
-0.036269,0.014583,0.290998,4.160621,20.010198,10.666712,3.443426,2.726034,180.213877,5.886287,1.080715,0.029267,0.982040
-0.039984,0.014388,0.304964,3.312940,20.010135,10.666793,3.443161,2.738513,180.193388,5.918479,1.080988,0.029425,0.982216
-0.034636,0.014603,0.246654,3.044876,20.009417,10.583455,3.444344,2.762130,180.251353,5.669335,1.081213,0.028298,0.982445
-0.037326,0.014827,0.282207,3.918462,20.009455,10.583448,3.446217,2.763730,180.265903,5.692275,1.081431,0.028410,0.982597
-0.039029,0.014614,0.284184,3.363882,20.009260,10.583302,3.445678,2.751939,180.262966,5.715001,1.081545,0.028458,0.982677
-0.036182,0.014138,0.305648,4.043035,20.009528,10.583375,3.443452,2.748235,180.329153,5.726716,1.081647,0.028543,0.982769
-0.037557,0.014247,0.277739,2.907288,20.009242,10.583337,3.443488,2.752959,180.303458,5.761093,1.081793,0.028640,0.982876
-0.037540,0.014371,0.294675,4.062400,20.009110,10.583347,3.444135,2.755478,180.324724,5.782887,1.081856,0.028725,0.982970
-0.041306,0.014371,0.286965,3.139324,20.009388,10.583398,3.444880,2.752505,180.365300,5.802289,1.081956,0.028779,0.983022
-0.040021,0.015096,0.302591,3.135122,20.009750,10.583322,3.445306,2.751769,180.362339,5.822227,1.082078,0.028851,0.983080
-0.037279,0.014715,0.261366,3.246066,20.009678,10.583472,3.444615,2.758641,180.384390,5.824428,1.082121,0.028896,0.983138
-0.034447,0.014581,0.302009,3.659474,20.009680,10.500087,3.445858,2.729318,180.409239,5.542983,1.082257,0.027660,0.983277
-0.038758,0.014309,0.288516,3.240127,20.009303,10.500205,3.443690,2.748869,180.404285,5.566661,1.082338,0.027728,0.983361
-0.035474,0.014686,0.269986,2.681999,20.009795,10.500160,3.444903,2.741962,180.376039,5.567595,1.082412,0.027715,0.983380
-0.036447,0.014426,0.283693,3.535440,20.009763,10.500038,3.443717,2.751257,180.350124,5.560791,1.082404,0.027762,0.983405
-0.037193,0.014542,0.285263,2.856800,20.009773,10.499868,3.443857,2.748831,180.327943,5.573090,1.082435,0.027742,0.983409
-0.038057,0.014175,0.255388,3.565780,20.010130,10.500215,3.443525,2.748617,180.304664,5.579257,1.082511,0.027771,0.983455
-0.036131,0.014210,0.295210,3.102743,20.010165,10.499960,3.442415,2.739957,180.308177,5.593993,1.082575,0.027800,0.983475
-0.038228,0.014417,0.267752,3.146279,20.009895,10.500133,3.443767,2.742426,180.268928,5.608458,1.082586,0.027830,0.983514
-0.036129,0.013983,0.283341,3.838256,20.010547,10.500090,3.442485,2.742139,180.272631,5.606623,1.082627,0.027841,0.983557
-0.037481,0.014537,0.261065,3.881961,20.010245,10.500127,3.444011,2.752641,180.254733,5.601370,1.082580,0.027820,0.983524
-0.040698,0.014068,0.290721,3.863742,20.010118,10.500187,3.442694,2.744179,180.224278,5.605182,1.082597,0.027805,0.983517
-0.036716,0.014482,0.275115,3.997484,20.010115,10.500163,3.444724,2.752914,180.210589,5.607275,1.082563,0.027812,0.983524
-0.038198,0.014859,0.295293,4.602704,20.010028,10.500158,3.444851,2.740429,180.179049,5.603094,1.082500,0.027762,0.983495
-0.039157,0.014476,0.279580,3.746365,20.010293,10.500053,3.445226,2.746224,180.139868,5.587010,1.082461,0.027691,0.983420
-0.038227,0.014105,0.296498,2.804994,20.010010,10.500042,3.443906,2.743002,180.146254,5.571226,1.082460,0.027658,0.983389
-0.034440,0.014693,0.278316,3.165852,20.010255,10.500173,3.447011,2.747086,180.118469,5.567483,1.082447,0.027620,0.983353
-0.036176,0.014312,0.257331,3.530185,20.010378,10.500107,3.443954,2.759885,180.109802,5.573881,1.082446,0.027677,0.983388
-0.035119,0.014433,0.282999,4.661170,20.010607,10.500083,3.445626,2.744915,180.142023,5.575457,1.082421,0.027675,0.983405
-0.038423,0.013820,0.206160,13.685573,20.010505,10.500137,3.442800,2.733762,180.141229,5.576202,1.082422,0.027652,0.983389
-0.040060,0.014406,0.262314,3.146621,20.010392,10.500083,3.444679,2.755157,180.125988,5.586395,1.082452,0.027687,0.983415
-0.036688,0.014664,0.271187,8.011746,20.010345,10.500095,3.445322,2.726973,180.129394,5.587430,1.082440,0.027671,0.983397
-0.036224,0.014344,0.268687,3.304183,20.010507,10.500067,3.443866,2.757805,180.119169,5.573827,1.082427,0.027681,0.983393
-0.037843,0.013846,0.252255,4.080096,20.010765,10.500068,3.442898,2.754511,180.112342,5.580045,1.082444,0.027684,0.983409
-0.037315,0.014310,0.255967,8.112757,20.010428,10.500027,3.444912,2.744121,180.102828,5.571205,1.082421,0.027667,0.983394
-0.035851,0.014649,0.240218,4.793061,20.010233,10.500055,3.446356,2.737040,180.104142,5.575760,1.082483,0.027676,0.983401
-0.035838,0.014570,0.238673,7.459902,20.010288,10.500185,3.445413,2.751417,180.110178,5.580528,1.082499,0.027684,0.983432
-0.040070,0.014614,0.294065,6.078356,20.010623,10.500067,3.444651,2.759118,180.100890,5.591601,1.082568,0.027710,0.983439
-0.039349,0.013790,0.270391,3.826536,20.010465,10.500123,3.442670,2.751635,180.087322,5.593824,1.082502,0.027700,0.983425
-0.037568,0.014465,0.282333,3.770443,20.010677,10.500128,3.444601,2.755573,180.064437,5.595808,1.082507,0.027691,0.983424
-0.037694,0.013628,0.272011,2.891390,20.010500,10.500235,3.441176,2.737436,180.062705,5.599291,1.082523,0.027733,0.983475
-0.037915,0.014189,0.275155,2.694449,20.010802,10.500235,3.442954,2.752189,180.023527,5.589097,1.082455,0.027658,0.983386
-0.038929,0.014502,0.268817,3.278482,20.010415,10.500093,3.444481,2.737455,179.993841,5.582662,1.082420,0.027656,0.983393
-0.038853,0.014028,0.293313,2.902988,20.010787,10.500052,3.442797,2.736931,179.947771,5.562255,1.082405,0.027599,0.983340
-0.038152,0.014189,0.259556,3.518037,20.010382,10.500098,3.445892,2.745125,179.943594,5.570872,1.082410,0.027616,0.983349
-0.037877,0.014598,0.284665,3.950207,20.010620,10.500200,3.445617,2.738349,179.971181,5.582092,1.082484,0.027638,0.983416
-0.038348,0.014187,0.256699,3.281715,20.010745,10.500082,3.443576,2.736474,179.923301,5.580794,1.082443,0.027656,0.983392
-0.037496,0.014309,0.303885,3.678042,20.010993,10.500018,3.445390,2.730282,179.910072,5.573657,1.082432,0.027610,0.983348
-0.038115,0.014499,0.292584,3.692625,20.010792,10.500218,3.446378,2.730540,179.918626,5.584248,1.082433,0.027657,0.983401
-0.036541,0.014161,0.285154,2.703182,20.010698,10.500033,3.443135,2.733348,179.872621,5.570298,1.082397,0.027589,0.983338
-0.039992,0.014370,0.273034,3.384562,20.010893,10.500075,3.443993,2.748437,179.911491,5.554360,1.082370,0.027548,0.983290
-0.037059,0.014179,0.291414,3.645591,20.010813,10.416768,3.443545,2.739770,180.068697,5.294848,1.082598,0.026410,0.983535
-0.035573,0.013939,0.277009,5.180556,20.010902,10.416835,3.443230,2.738733,180.207891,5.332262,1.082823,0.026509,0.983688
-0.039578,0.013960,0.259761,2.935298,20.010605,10.416667,3.441867,2.747007,180.269727,5.370829,1.082951,0.026621,0.983841
-0.035515,0.014497,0.299720,2.808061,20.010398,10.416865,3.445488,2.752002,180.273499,5.359017,1.082972,0.026600,0.983838
-0.038779,0.014148,0.270548,9.813891,20.010833,10.416652,3.441896,2.744717,179.928316,5.312705,1.082710,0.026423,0.983604
-0.040191,0.014795,0.271313,4.050490,20.011157,10.500080,3.447464,2.745871,179.774467,5.582415,1.082439,0.027639,0.983372
-0.036942,0.013928,0.229623,5.539753,20.010372,10.500015,3.443315,2.732034,179.724924,5.556554,1.082343,0.027531,0.983285
-0.039509,0.014669,0.249609,8.051317,20.010748,10.500050,3.446658,2.760981,179.695870,5.547052,1.082300,0.027498,0.983240
-0.040029,0.014649,0.275506,4.084969,20.010970,10.500193,3.444837,2.733348,179.685622,5.534454,1.082284,0.027475,0.983238
-0.036593,0.013772,0.287770,3.079569,20.010975,10.499990,3.443175,2.749307,179.663586,5.539212,1.082217,0.027420,0.983182
-0.038597,0.014548,0.270746,4.195718,20.010810,10.500185,3.445183,2.736371,179.651286,5.535223,1.082149,0.027380,0.983126
-0.038347,0.014790,0.302440,3.288652,20.010582,10.500108,3.445437,2.752871,179.666494,5.525366,1.082136,0.027352,0.983112
-0.039172,0.013471,0.306104,4.019448,20.010610,10.500032,3.441655,2.738809,179.641866,5.513838,1.082078,0.027304,0.983064
-0.039094,0.014906,0.274157,8.291907,20.010575,10.500175,3.446790,2.748113,179.617292,5.508709,1.082081,0.027279,0.983058
-0.038735,0.014044,0.296474,3.347730,20.010590,10.499978,3.443300,2.729769,179.629096,5.510826,1.082027,0.027277,0.983034
-0.040619,0.014689,0.263579,2.891785,20.011050,10.499915,3.447416,2.745725,179.618946,5.488651,1.082018,0.027214,0.982975
-0.039440,0.014281,0.263620,3.228966,20.011012,10.500082,3.445282,2.774693,179.591725,5.477700,1.081974,0.027177,0.982953
-0.036415,0.013647,0.300885,3.212489,20.011005,10.499997,3.442351,2.743727,179.580265,5.467452,1.081908,0.027143,0.982910
-0.038448,0.014138,0.297849,4.986337,20.010790,10.500095,3.444228,2.736755,179.575713,5.452945,1.081865,0.027108,0.982849
-0.036533,0.014347,0.306136,3.652351,20.010947,10.499857,3.444299,2.754087,179.568706,5.457185,1.081893,0.027124,0.982898
-0.040565,0.014141,0.299994,3.394913,20.011307,10.500020,3.443377,2.743716,179.545489,5.444556,1.081870,0.027074,0.982863
-0.037990,0.013925,0.289471,3.563094,20.010740,10.500013,3.443181,2.749545,179.523646,5.458185,1.081860,0.027070,0.982820
-0.037420,0.014057,0.281919,3.496451,20.010838,10.500080,3.444796,2.743242,179.510175,5.446446,1.081863,0.027051,0.982808
-0.037277,0.014439,0.256549,3.292988,20.010998,10.500027,3.445073,2.723193,179.479386,5.442977,1.081833,0.027030,0.982773
-0.036500,0.014385,0.288449,3.504076,20.010838,10.500068,3.445174,2.729447,179.485581,5.424498,1.081812,0.027000,0.982759
-0.036457,0.013852,0.299412,4.268177,20.011175,10.500212,3.443694,2.748650,179.468121,5.429489,1.081773,0.026997,0.982750
-0.036480,0.013782,0.282580,2.746973,20.010928,10.500097,3.444286,2.739868,179.462308,5.442108,1.081819,0.027014,0.982784
-0.039027,0.014060,0.305618,3.186383,20.010367,10.500002,3.445570,2.737575,179.437444,5.422495,1.081734,0.026945,0.982725
-0.036239,0.014722,0.288662,3.548675,20.010870,10.500173,3.446506,2.730345,179.406423,5.430414,1.081752,0.026987,0.982748
-0.037561,0.014508,0.233246,3.601488,20.010890,10.499927,3.447615,2.736738,179.400902,5.403344,1.081727,0.026914,0.982717
-0.035604,0.014348,0.284650,3.636095,20.010840,10.500118,3.446119,2.747330,179.382732,5.415998,1.081706,0.026902,0.982706
-0.039071,0.013796,0.302663,3.023539,20.010905,10.500088,3.444983,2.742141,179.382361,5.418420,1.081687,0.026913,0.982718
-0.038527,0.013702,0.215668,9.054028,20.010862,10.500033,3.442501,2.742105,179.371780,5.414582,1.081698,0.026887,0.982656
-0.039015,0.014636,0.297305,4.752427,20.010545,10.499920,3.447705,2.733954,179.346417,5.406682,1.081706,0.026908,0.982684
-0.035169,0.014723,0.283984,4.570042,20.010973,10.500018,3.447059,2.745506,179.330247,5.409078,1.081635,0.026873,0.982656
-0.037530,0.014496,0.281433,3.136349,20.011263,10.500205,3.446967,2.737259,179.294464,5.409851,1.081596,0.026844,0.982608
-0.036455,0.014261,0.295493,3.202532,20.011302,10.500173,3.445075,2.743385,179.268552,5.381591,1.081562,0.026793,0.982560
-0.037049,0.013890,0.300531,2.342695,20.010963,10.500012,3.444870,2.745934,179.255792,5.390662,1.081532,0.026774,0.982527
-0.037717,0.014274,0.302376,4.507305,20.010613,10.500065,3.444710,2.743304,179.244090,5.386739,1.081553,0.026776,0.982558
-0.037398,0.014772,0.280349,4.983475,20.011108,10.500072,3.445502,2.749626,179.236116,5.370387,1.081537,0.026777,0.982539
-0.035938,0.015074,0.282509,2.924569,20.010812,10.500120,3.448360,2.742429,179.225742,5.376780,1.081517,0.026732,0.982510
-0.037869,0.013812,0.313854,3.044812,20.010720,10.500058,3.444575,2.726923,179.215749,5.365121,1.081496,0.026684,0.982454
-0.038246,0.015119,0.234822,4.250014,20.010930,10.500183,3.449023,2.746050,179.189012,5.371379,1.081477,0.026671,0.982453
-0.039038,0.014215,0.288801,2.984437,20.010288,10.500097,3.445983,2.732032,179.214172,5.359251,1.081449,0.026646,0.982444
-0.036431,0.014430,0.318351,3.534550,20.010667,10.500213,3.446146,2.733999,179.174771,5.357068,1.081391,0.026620,0.982404
-0.037566,0.014988,0.289093,2.942983,20.010798,10.500053,3.447909,2.724885,179.136632,5.338055,1.081340,0.026589,0.982360
-0.036561,0.015031,0.290608,3.270495,20.010585,10.500165,3.447060,2.736141,179.136358,5.340315,1.081319,0.026547,0.982318
-0.034424,0.014481,0.270101,3.268402,20.010863,10.500202,3.444731,2.743750,179.121358,5.336357,1.081294,0.026541,0.982315
-0.037086,0.014939,0.278244,3.922796,20.011032,10.500187,3.449384,2.733340,179.128617,5.328585,1.081227,0.026507,0.982280
-0.036208,0.014152,0.260608,3.529669,20.010455,10.499945,3.445763,2.746222,179.103839,5.323315,1.081167,0.026475,0.982225
-0.035634,0.014130,0.296098,3.381659,20.010693,10.500242,3.445026,2.732208,179.071977,5.304044,1.081158,0.026438,0.982199
-0.034870,0.014572,0.283069,3.531874,20.011080,10.500128,3.446265,2.726364,179.085307,5.321410,1.081119,0.026438,0.982163
-0.034321,0.014460,0.291867,3.426335,20.010810,10.500067,3.446696,2.736237,179.074665,5.296710,1.081091,0.026404,0.982124
-0.034568,0.014552,0.300409,5.473202,20.010898,10.500110,3.447595,2.745675,179.048471,5.295247,1.081083,0.026399,0.982121
-0.037260,0.015369,0.306955,3.847196,20.011025,10.500078,3.450265,2.741085,179.051970,5.308710,1.081077,0.026416,0.982152
-0.040216,0.014747,0.238997,3.435766,20.010732,10.583458,3.446783,2.746998,178.986377,5.580065,1.081018,0.027676,0.982021
-0.038412,0.015053,0.255685,6.874662,20.011213,10.583402,3.449771,2.728374,178.947393,5.575645,1.080931,0.027645,0.982000
-0.040721,0.014930,0.290026,3.351729,20.011003,10.583430,3.449535,2.725904,178.903144,5.570500,1.080924,0.027587,0.981937
-0.039881,0.014759,0.324220,3.202622,20.010787,10.583323,3.447744,2.733391,178.989044,5.575921,1.080960,0.027629,0.981976
-0.035840,0.014721,0.301526,2.817513,20.011052,10.500027,3.447431,2.723889,179.000015,5.267864,1.080963,0.026263,0.981984
-0.033840,0.014144,0.285686,3.010307,20.011218,10.500158,3.444850,2.738764,178.972201,5.267951,1.080978,0.026258,0.981994
-0.036141,0.014682,0.288298,3.492604,20.011240,10.500087,3.448537,2.742346,178.958684,5.273057,1.080981,0.026259,0.981990
-0.038835,0.014585,0.291305,3.311896,20.010910,10.500042,3.446639,2.740480,178.936015,5.276275,1.080951,0.026248,0.982003
-0.034920,0.014673,0.328397,2.193635,20.011188,10.500122,3.447500,2.736422,178.891528,5.256427,1.080887,0.026206,0.981920
-0.035906,0.015060,0.215369,4.289627,20.011160,10.583440,3.448732,2.730847,178.875882,5.540183,1.080845,0.027494,0.981887
-0.036734,0.014750,0.297961,3.063305,20.011170,10.499992,3.447776,2.732684,178.868160,5.247421,1.080783,0.026163,0.981875
-0.040582,0.014509,0.303008,3.965040,20.010953,10.583422,3.448202,2.738724,178.850151,5.557092,1.080767,0.027496,0.981864
-0.036013,0.014377,0.302519,3.105577,20.010878,10.500028,3.447686,2.740070,178.852975,5.239150,1.080764,0.026113,0.981839
-0.036382,0.014245,0.290828,4.120916,20.010965,10.499905,3.445379,2.721197,178.875177,5.242730,1.080768,0.026110,0.981851
-0.036420,0.014568,0.301561,3.460620,20.010775,10.583280,3.446808,2.740618,178.874641,5.544433,1.080764,0.027478,0.981847
-0.038100,0.015586,0.284462,3.167150,20.010853,10.499940,3.450538,2.743472,178.877129,5.243957,1.080763,0.026102,0.981834
-0.035765,0.014476,0.263454,3.154076,20.011020,10.499958,3.447170,2.746426,178.857718,5.243193,1.080735,0.026110,0.981858
-0.039958,0.015111,0.291506,3.501740,20.010940,10.583298,3.448554,2.728812,178.788392,5.522335,1.080663,0.027370,0.981748
-0.039144,0.015090,0.291362,4.348917,20.011027,10.583375,3.450509,2.736331,178.749809,5.511566,1.080585,0.027283,0.981650
-0.039627,0.014540,0.300586,2.806218,20.010945,10.583442,3.448792,2.725916,178.737959,5.495356,1.080519,0.027223,0.981607
-0.036774,0.013747,0.323638,3.666795,20.010977,10.583508,3.445666,2.725640,178.721138,5.496556,1.080476,0.027177,0.981564
-0.039147,0.015301,0.313121,2.896151,20.011332,10.583483,3.450361,2.756577,178.702073,5.485577,1.080478,0.027160,0.981558
-0.039912,0.014182,0.308367,2.970635,20.011198,10.583402,3.446453,2.732748,178.674029,5.471822,1.080411,0.027102,0.981507
-0.039515,0.014535,0.297467,2.657764,20.011970,10.583275,3.447133,2.736639,178.660529,5.469738,1.080384,0.027082,0.981485
-0.038021,0.014566,0.274336,3.614935,20.011482,10.583403,3.448427,2.730400,178.626326,5.457308,1.080339,0.027036,0.981443
-0.036745,0.014573,0.319182,2.747973,20.011510,10.583262,3.448077,2.735347,178.604076,5.446500,1.080297,0.026977,0.981403
-0.038000,0.014405,0.298009,2.586200,20.011323,10.583492,3.446559,2.740812,178.565514,5.429164,1.080207,0.026920,0.981320
-0.039141,0.014294,0.304545,3.382870,20.011163,10.583360,3.444971,2.731440,178.514779,5.419373,1.080111,0.026862,0.981257
-0.037033,0.015025,0.311942,3.214250,20.011400,10.583335,3.450033,2.720255,178.473061,5.394647,1.080030,0.026778,0.981177
-0.035823,0.015021,0.292287,16.036936,20.011095,10.583357,3.449443,2.736398,178.452604,5.371096,1.079971,0.026707,0.981103
-0.038043,0.014462,0.307885,2.937757,20.011198,10.583285,3.446030,2.735331,178.453300,5.374004,1.079971,0.026682,0.981081
-0.038735,0.014637,0.321710,4.236810,20.011348,10.583205,3.448744,2.733296,178.453873,5.374245,1.079942,0.026687,0.981078
-0.037553,0.014916,0.276947,2.867569,20.011153,10.583375,3.449026,2.733426,178.480589,5.369381,1.079962,0.026685,0.981100
-0.038447,0.014234,0.315272,3.196637,20.010880,10.583425,3.447686,2.728533,178.492152,5.369910,1.079940,0.026679,0.981072
-0.036963,0.014651,0.321905,3.573494,20.011222,10.583407,3.448488,2.720078,178.490019,5.361230,1.079929,0.026661,0.981055
-0.036641,0.015239,0.330755,3.190977,20.011038,10.583413,3.451644,2.733915,178.462948,5.374641,1.079858,0.026626,0.981020
-0.031264,0.015541,0.267844,3.508442,20.011028,10.249970,3.451823,2.720649,178.523717,4.540912,1.079755,0.022590,0.980910
-0.034190,0.014314,0.321923,3.228605,20.011272,10.583488,3.447100,2.725883,178.354911,5.337407,1.079719,0.026485,0.980861
-0.035094,0.015285,0.314141,4.489953,20.011185,10.583417,3.451195,2.715544,178.364672,5.321755,1.079723,0.026469,0.980849
-0.037897,0.014786,0.296193,4.258924,20.011537,10.583482,3.448299,2.733917,178.348658,5.323507,1.079708,0.026449,0.980851
-0.036649,0.014954,0.312618,4.002176,20.011455,10.583448,3.448594,2.760029,178.310927,5.301816,1.079646,0.026381,0.980765
-0.036513,0.015268,0.319239,3.512831,20.011453,10.583432,3.451675,2.739955,178.295553,5.298384,1.079596,0.026354,0.980728
-0.036197,0.015375,0.331367,2.888283,20.011250,10.583392,3.451967,2.744493,178.274990,5.295730,1.079568,0.026342,0.980724
-0.038157,0.015003,0.218058,2.895923,20.011190,10.583382,3.449675,2.731112,178.310494,5.290849,1.079565,0.026326,0.980716
-0.037812,0.014864,0.311224,3.011295,20.011335,10.583483,3.448043,2.708927,178.334903,5.309132,1.079590,0.026376,0.980759
-0.036736,0.014615,0.301557,2.442993,20.011317,10.583358,3.449850,2.742204,178.310292,5.297452,1.079565,0.026360,0.980746
-0.035639,0.015314,0.329112,2.952366,20.011428,10.583342,3.450381,2.745567,178.309618,5.295192,1.079536,0.026320,0.980722
-0.036697,0.015221,0.340680,3.639501,20.011282,10.583370,3.449496,2.741300,178.300016,5.290927,1.079491,0.026292,0.980681
-0.034657,0.014847,0.280789,2.922350,20.011480,10.583477,3.450197,2.717880,178.272195,5.275083,1.079455,0.026246,0.980631
-0.034728,0.014563,0.330290,3.443360,20.010852,10.583505,3.448760,2.726449,178.239838,5.269349,1.079376,0.026201,0.980552
-0.035036,0.015120,0.316005,2.745342,20.011562,10.583480,3.450013,2.733314,178.242666,5.260373,1.079356,0.026166,0.980521
-0.037273,0.015253,0.325498,3.209057,20.011223,10.583472,3.451005,2.720888,178.200807,5.255154,1.079299,0.026168,0.980519
-0.039463,0.015181,0.334989,2.629372,20.011217,10.666788,3.448997,2.728805,178.150513,5.531704,1.079228,0.027470,0.980440
-0.036604,0.014976,0.335592,3.276072,20.011482,10.666632,3.451870,2.745914,178.123068,5.528364,1.079171,0.027409,0.980403
-0.041537,0.015737,0.326485,2.841160,20.011222,10.666883,3.453396,2.735911,178.107920,5.521203,1.079116,0.027360,0.980333
-0.037866,0.015341,0.320058,2.938380,20.011333,10.666793,3.451167,2.743820,178.126201,5.525392,1.079136,0.027357,0.980342
-0.035459,0.014353,0.316840,2.985837,20.011443,10.583460,3.446121,2.720182,178.217276,5.216218,1.079193,0.026007,0.980368
-0.037199,0.014956,0.313092,2.824723,20.011083,10.583328,3.449751,2.734186,178.308031,5.237080,1.079312,0.026056,0.980467
-0.035917,0.014712,0.309410,2.846899,20.011325,10.583450,3.450292,2.738016,178.324390,5.242031,1.079328,0.026073,0.980501
-0.033411,0.014499,0.333467,3.216147,20.011165,10.583392,3.446564,2.723106,178.238066,5.231566,1.079277,0.025991,0.980413
-0.038236,0.015179,0.336704,3.196721,20.011547,10.583380,3.452386,2.724003,178.097448,5.201060,1.079109,0.025903,0.980287
-0.037639,0.014930,0.323651,4.216685,20.011502,10.666687,3.448370,2.713157,178.008267,5.486698,1.078983,0.027191,0.980189
-0.039964,0.015187,0.340251,2.942471,20.011518,10.666867,3.451537,2.736154,178.000311,5.481455,1.078927,0.027164,0.980179
-0.037772,0.014316,0.292262,3.148475,19.996557,10.666813,3.448203,2.725607,178.015988,5.466279,1.078814,0.027083,0.980106
-0.039474,0.015052,0.306619,2.854561,20.011457,10.666822,3.448366,2.739516,178.150034,5.475826,1.078954,0.027141,0.980162
-0.036246,0.014989,0.208438,2.846787,20.011427,10.583465,3.449718,2.739766,178.251881,5.197099,1.079068,0.025849,0.980257
-0.035861,0.015150,0.316162,3.331520,20.011413,10.583307,3.451354,2.725350,178.293363,5.209792,1.079100,0.025857,0.980289
-0.036091,0.014962,0.303506,3.914407,20.011027,10.583305,3.450877,2.722178,178.298345,5.201529,1.079119,0.025867,0.980296
-0.035047,0.015021,0.297104,2.844571,20.011223,10.583307,3.450568,2.736113,178.269873,5.191275,1.079050,0.025848,0.980282
-0.036946,0.015000,0.351341,3.094039,20.011188,10.583365,3.448654,2.740470,178.204945,5.186999,1.078972,0.025802,0.980192
-0.038323,0.015119,0.330436,3.844858,20.011343,10.666888,3.450290,2.724311,178.134333,5.467164,1.078915,0.027088,0.980096
-0.038104,0.015242,0.311105,5.644518,20.011437,10.666657,3.452662,2.724234,177.950571,5.444179,1.078714,0.026934,0.979957
-0.036688,0.014865,0.324552,2.809621,20.011928,10.666602,3.449847,2.738974,177.939721,5.402226,1.078603,0.026823,0.979832
-0.034788,0.015379,0.340134,2.877108,20.011307,10.666685,3.452431,2.723840,177.924552,5.404568,1.078557,0.026801,0.979803
-0.036735,0.014731,0.342307,3.159359,20.011198,10.666758,3.448632,2.726517,177.891418,5.380362,1.078480,0.026739,0.979745
-0.037897,0.015345,0.283053,4.946602,20.011153,10.666677,3.450606,2.726698,177.867494,5.379646,1.078489,0.026720,0.979739
-0.037645,0.014913,0.331860,2.954633,19.971677,10.666732,3.450140,2.725375,177.856239,5.375216,1.078449,0.026702,0.979725
-0.034826,0.015299,0.282596,2.696896,19.998682,10.666807,3.453194,2.732957,177.815309,5.371847,1.078419,0.026654,0.979681
-0.035742,0.015330,0.280084,8.908392,20.011910,10.666603,3.451219,2.733117,177.774498,5.352795,1.078334,0.026577,0.979612
-0.037677,0.015203,0.281113,3.900230,20.011560,10.666762,3.451885,2.733996,177.748138,5.337448,1.078274,0.026566,0.979591
-0.037730,0.014940,0.344655,3.057599,20.011400,10.666657,3.449754,2.734136,177.725478,5.329737,1.078208,0.026520,0.979524
-0.037211,0.015556,0.316917,3.457382,20.004930,10.666868,3.451590,2.743632,177.697480,5.321273,1.078146,0.026471,0.979469
-0.038878,0.014911,0.316410,3.259207,20.011315,10.666792,3.449661,2.717486,177.734442,5.299278,1.078156,0.026389,0.979435
-0.037056,0.015757,0.350935,2.508677,20.011307,10.666650,3.454007,2.728206,177.794004,5.327122,1.078166,0.026448,0.979475
-0.035791,0.015248,0.314159,2.982211,20.011230,10.666828,3.452577,2.734517,177.914438,5.339730,1.078239,0.026501,0.979530
-0.036294,0.015335,0.278674,5.057540,20.011132,10.666738,3.450616,2.725921,177.989835,5.365761,1.078369,0.026571,0.979626
-0.038989,0.015822,0.340709,3.097992,20.010897,10.666673,3.454136,2.725149,177.952051,5.362110,1.078345,0.026570,0.979621
-0.036461,0.015331,0.276809,3.438020,20.011102,10.666715,3.451690,2.720623,177.813468,5.330665,1.078195,0.026457,0.979507
-0.036309,0.015206,0.343202,2.522077,20.011383,10.666790,3.449654,2.721830,177.672582,5.292192,1.078024,0.026308,0.979316
-0.036979,0.015382,0.336708,2.262530,20.011217,10.666633,3.452180,2.714872,177.627546,5.279063,1.077941,0.026260,0.979247
-0.038250,0.015444,0.300510,3.142845,19.987758,10.427505,3.452782,2.702481,177.623315,5.233098,1.077718,0.026057,0.979066
-0.037567,0.015245,0.337548,2.734612,20.011202,10.666830,3.452104,2.709085,177.839446,5.270002,1.078045,0.026262,0.979297
-0.040076,0.015435,0.272717,2.787327,20.011510,10.666700,3.451294,2.729771,177.999216,5.339192,1.078240,0.026404,0.979492
-0.037159,0.015841,0.307507,2.591398,20.011088,10.666602,3.453441,2.740500,178.075646,5.349005,1.078343,0.026540,0.979596
-0.038516,0.015332,0.325977,3.464053,20.011357,10.666705,3.451728,2.722694,178.118489,5.366234,1.078399,0.026574,0.979644
-0.033847,0.015653,0.302555,3.312348,20.011478,10.583392,3.451197,2.715911,178.112654,5.069315,1.078386,0.025188,0.979639
-0.037046,0.015520,0.204696,51.558108,20.011013,10.583427,3.451591,2.729410,178.076176,5.068156,1.078332,0.025195,0.979589
-0.037324,0.014882,0.323947,3.013244,20.011333,10.666767,3.448231,2.733758,178.003423,5.337161,1.078204,0.026420,0.979513
-0.034705,0.014969,0.336837,4.677522,20.011437,10.666643,3.451061,2.721097,177.823655,5.306182,1.078071,0.026268,0.979345
-0.036904,0.015825,0.348459,2.427395,19.993722,10.666653,3.453979,2.718031,177.543945,5.236712,1.077730,0.026046,0.979042
-0.037537,0.015162,0.340950,4.525800,19.916937,10.749940,3.450179,2.731904,177.494474,5.506956,1.077508,0.027305,0.978901
-0.041158,0.016076,0.349763,3.099310,19.965848,10.750055,3.454389,2.721178,177.471678,5.505249,1.077458,0.027195,0.978800
-0.041966,0.016012,0.356793,3.844255,19.992495,10.750008,3.455109,2.716795,177.441997,5.476555,1.077396,0.027127,0.978741
-0.036920,0.015390,0.341671,3.025079,19.955508,10.750193,3.452270,2.730838,177.404184,5.457880,1.077305,0.027058,0.978687
-0.038937,0.015636,0.332099,3.012006,20.011632,10.750022,3.453874,2.723093,177.370615,5.455562,1.077286,0.026999,0.978630
-0.039756,0.015552,0.341961,3.776583,20.011467,10.750140,3.453175,2.736318,177.352960,5.430835,1.077232,0.026948,0.978575
-0.036341,0.015365,0.370793,2.966680,19.995610,10.750085,3.451269,2.735732,177.328750,5.428008,1.077199,0.026912,0.978544
-0.036731,0.014938,0.338021,3.278579,19.963483,10.750038,3.451384,2.723016,177.299831,5.423230,1.077150,0.026879,0.978502
-0.037899,0.015117,0.324935,2.937757,19.963582,10.749988,3.451180,2.712225,177.316723,5.416909,1.077127,0.026857,0.978483
-0.037974,0.015000,0.339160,2.785236,20.001302,10.750060,3.449738,2.723281,177.350159,5.428870,1.077146,0.026871,0.978514
-0.039182,0.016247,0.338934,3.106079,20.011670,10.750020,3.455856,2.725304,177.410501,5.442097,1.077164,0.026910,0.978554
-0.037172,0.015410,0.336456,3.156898,20.003682,10.750035,3.451476,2.723576,177.500759,5.443750,1.077217,0.026961,0.978604
-0.039059,0.015491,0.354235,3.177263,19.940397,10.666922,3.452828,2.730967,177.618257,5.158171,1.077320,0.025659,0.978687
-0.035572,0.015523,0.320033,2.961175,19.996888,10.666733,3.452493,2.733728,177.589701,5.149192,1.077352,0.025603,0.978661
-0.038179,0.015059,0.343241,2.889137,19.974893,10.750022,3.451596,2.730252,177.428677,5.428709,1.077136,0.026901,0.978531
-0.036974,0.015481,0.367012,3.038699,19.965507,10.750165,3.451974,2.738890,177.258298,5.385499,1.076907,0.026690,0.978328
-0.038522,0.015945,0.337681,3.254827,19.960312,10.750098,3.454857,2.740058,177.245122,5.375119,1.076804,0.026673,0.978205
-0.036547,0.015863,0.351120,2.623048,19.975802,10.750152,3.454934,2.737758,177.197058,5.352273,1.076717,0.026578,0.978187
-0.034487,0.016211,0.349999,2.631629,19.968228,10.750178,3.454917,2.732188,177.280196,5.331519,1.076722,0.026512,0.978138
-0.037131,0.015274,0.315331,3.008435,19.951623,10.666667,3.451403,2.729791,177.366406,5.316109,1.076799,0.026579,0.978220
-0.037640,0.015677,0.326012,4.031273,19.964790,10.750203,3.453633,2.742878,177.472864,5.389749,1.076939,0.026643,0.978301
-0.038208,0.015669,0.341515,2.734729,19.984745,10.749970,3.451279,2.717798,177.503610,5.392117,1.077001,0.026682,0.978362
-0.036923,0.015530,0.347062,3.263733,19.958152,10.750138,3.453625,2.736382,177.491079,5.394345,1.076988,0.026701,0.978350
-0.036067,0.015881,0.333808,3.282494,20.011795,10.750153,3.452295,2.720148,177.453355,5.390930,1.076936,0.026667,0.978342
-0.037519,0.015163,0.306164,3.697070,20.011697,10.750057,3.451009,2.730688,177.409004,5.374077,1.076877,0.026591,0.978248
-0.039795,0.015525,0.324218,3.110567,19.927213,10.749933,3.453148,2.731785,177.325994,5.356617,1.076768,0.026506,0.978175
-0.037301,0.015323,0.357222,2.822738,19.972137,10.750110,3.452029,2.721607,177.104574,5.302038,1.076543,0.026344,0.977997
-0.035215,0.016428,0.366699,3.370632,19.894320,10.750015,3.455512,2.744073,177.082454,5.278138,1.076384,0.026272,0.977882
-0.038461,0.016001,0.374986,2.934821,19.845387,10.749952,3.455701,2.729740,177.068661,5.270285,1.076332,0.026191,0.977811
-0.037093,0.015771,0.335551,3.238973,19.841890,10.750032,3.454683,2.725784,177.059559,5.249911,1.076251,0.026131,0.977742
-0.035959,0.016273,0.346936,2.686953,19.935987,10.750193,3.456945,2.728069,177.044114,5.244951,1.076238,0.026100,0.977704
-0.039265,0.015941,0.362878,3.061608,19.891133,10.833300,3.453606,2.738602,176.994999,5.528237,1.076126,0.027392,0.977618
-0.040264,0.015697,0.332783,3.005380,19.998472,10.833488,3.452955,2.715494,176.966648,5.516419,1.076113,0.027348,0.977558
-0.040797,0.016023,0.341200,4.431422,19.849590,10.833488,3.456123,2.716885,176.937458,5.518082,1.076002,0.027310,0.977510
-0.039063,0.015681,0.359201,3.318888,19.897227,10.833542,3.454201,2.727029,176.927827,5.497950,1.075981,0.027210,0.977435
-0.038689,0.016415,0.353965,2.754242,19.874080,10.833525,3.455332,2.723582,176.915413,5.483174,1.075923,0.027183,0.977413
-0.038942,0.016089,0.349153,3.211539,19.892407,10.833387,3.453217,2.726319,176.933400,5.471861,1.075931,0.027146,0.977385
-0.039974,0.015377,0.317890,3.147523,19.969360,10.833118,3.453677,2.716802,176.945815,5.481615,1.075946,0.027160,0.977399
-0.037287,0.016094,0.301705,3.425056,19.858045,10.833477,3.456472,2.731678,177.005213,5.485877,1.075918,0.027205,0.977427
-0.036067,0.015681,0.353771,3.012493,19.879412,10.750127,3.452802,2.726947,177.134355,5.191665,1.076017,0.025832,0.977487
-0.037461,0.015539,0.341947,2.546016,19.930462,10.750080,3.452955,2.739949,177.163680,5.211733,1.076084,0.025846,0.977507
-0.034063,0.015225,0.343790,3.777893,19.906292,10.750165,3.450934,2.724061,177.056753,5.177181,1.075973,0.025817,0.977457
-0.037602,0.016106,0.341769,2.745144,19.879225,10.833342,3.455142,2.713742,176.903343,5.465702,1.075792,0.027057,0.977281
-0.038398,0.015866,0.361869,2.689550,19.909553,10.833420,3.456408,2.730008,176.819296,5.422190,1.075614,0.026885,0.977111
-0.040496,0.016026,0.377947,2.928339,19.806357,10.833347,3.455425,2.725498,176.801327,5.429180,1.075550,0.026874,0.977136
-0.037412,0.015970,0.324549,3.122915,19.839932,10.603728,3.457313,2.720460,176.777963,5.381749,1.075379,0.026683,0.976948
-0.040895,0.015518,0.358587,2.391847,19.895140,10.833438,3.454957,2.716110,176.908975,5.429288,1.075570,0.026829,0.977077
-0.038638,0.015282,0.310187,3.736183,19.987512,10.833528,3.451700,2.722828,177.025350,5.436878,1.075710,0.026927,0.977185
-0.037157,0.015516,0.348531,3.632097,19.863417,10.750022,3.454123,2.725261,177.081362,5.141783,1.075757,0.025619,0.977259
-0.034284,0.015755,0.322581,2.949623,19.930953,10.750092,3.452177,2.730822,177.108011,5.149104,1.075817,0.025581,0.977261
-0.036870,0.015827,0.361632,2.603905,19.915430,10.750060,3.453037,2.729426,177.084719,5.149197,1.075761,0.025584,0.977265
-0.038638,0.016020,0.368728,2.857234,19.893927,10.750100,3.454919,2.730199,177.047159,5.135580,1.075678,0.025549,0.977205
-0.034451,0.015752,0.313026,3.029593,19.860818,10.750063,3.455888,2.735104,177.022413,5.123876,1.075612,0.025498,0.977142
-0.039462,0.015359,0.365555,3.274421,19.880502,10.833332,3.454621,2.706130,176.851133,5.405193,1.075485,0.026736,0.977017
-0.037172,0.016256,0.382499,2.614454,19.781100,10.833423,3.457267,2.725544,176.666291,5.353244,1.075166,0.026522,0.976766
-0.034639,0.015721,0.317133,2.881485,19.856847,10.833367,3.453514,2.747731,176.675683,5.335098,1.075156,0.026460,0.976704
-0.034304,0.015926,0.352147,2.413740,19.837407,10.833322,3.455739,2.738070,176.657317,5.313655,1.075096,0.026433,0.976670
-0.037489,0.015632,0.355345,2.698888,19.850968,10.833288,3.456124,2.719238,176.640862,5.315557,1.075078,0.026389,0.976654
-0.036569,0.016002,0.381968,2.510947,19.854440,10.833350,3.454839,2.711743,176.618341,5.302549,1.074988,0.026339,0.976582
-0.039584,0.016060,0.341186,2.903444,19.825522,10.833398,3.454908,2.728119,176.582564,5.290672,1.074935,0.026270,0.976521
-0.039029,0.015875,0.340502,2.570897,19.813207,10.779477,3.457658,2.739222,176.546036,5.274880,1.074857,0.026189,0.976448
-0.035980,0.015342,0.346940,3.159710,19.800510,10.833435,3.454024,2.722082,176.505174,5.263630,1.074802,0.026162,0.976395
-0.037991,0.015623,0.353717,2.825000,19.814485,10.833197,3.454791,2.728345,176.481887,5.247636,1.074757,0.026105,0.976334
-0.035092,0.016115,0.324865,3.111810,19.874957,10.833450,3.457290,2.723887,176.464463,5.247187,1.074712,0.026068,0.976282
-0.035305,0.015830,0.360959,2.502846,19.811302,10.833303,3.453392,2.714560,176.445644,5.238283,1.074629,0.026046,0.976260
-0.042339,0.016070,0.340977,3.914051,19.781730,10.916730,3.454177,2.722954,176.458154,5.514537,1.074556,0.027342,0.976177
-0.037008,0.015540,0.352731,2.538424,19.843582,10.833490,3.453035,2.735634,176.548855,5.220335,1.074605,0.025967,0.976188
-0.038520,0.015684,0.368315,2.599302,19.812450,10.833425,3.454651,2.729992,176.623364,5.236551,1.074662,0.026000,0.976239
-0.036733,0.016103,0.345591,2.751888,19.815527,10.833508,3.455244,2.730460,176.575029,5.226454,1.074626,0.025973,0.976229
-0.038833,0.015697,0.352896,2.614973,19.784273,10.916763,3.454211,2.737578,176.447342,5.494672,1.074470,0.027251,0.976084
-0.037580,0.016109,0.365905,2.549399,19.794672,10.916667,3.459131,2.724396,176.478558,5.488607,1.074398,0.027178,0.976016
-0.037593,0.016506,0.363173,4.333673,19.799923,10.818405,3.457543,2.724475,176.459899,5.479052,1.074329,0.027103,0.975951
-0.038328,0.016887,0.343550,2.655399,19.840627,10.916893,3.459932,2.741761,176.373365,5.478628,1.074257,0.027089,0.975925
-0.037735,0.015782,0.391891,2.552239,19.845137,10.916622,3.454677,2.722544,176.405709,5.475187,1.074276,0.027080,0.975930
-0.038145,0.016074,0.364188,2.982086,19.748167,10.268272,3.455082,2.728533,176.480208,5.114499,1.074018,0.025426,0.975691
-0.035712,0.016020,0.393057,2.697709,19.879907,10.833328,3.455169,2.736468,176.628455,5.181379,1.074409,0.025729,0.976013
-0.036392,0.015936,0.377204,3.678284,19.844853,10.833452,3.455635,2.720561,176.721349,5.193661,1.074476,0.025786,0.976080
-0.039383,0.016179,0.354554,2.595292,19.800182,10.833470,3.456421,2.711058,176.773603,5.201815,1.074502,0.025806,0.976136
-0.035586,0.015526,0.317281,2.730011,19.939052,10.833407,3.454267,2.733211,176.808438,5.198982,1.074542,0.025797,0.976113
-0.038258,0.015929,0.338677,2.898085,19.842833,10.833413,3.453399,2.724700,176.818701,5.204816,1.074494,0.025816,0.976127
-0.036185,0.015806,0.370605,2.736355,19.829835,10.833463,3.453365,2.735919,176.777768,5.187196,1.074519,0.025785,0.976101
-0.034942,0.015738,0.262063,6.367749,19.821167,10.833508,3.454676,2.729689,176.522415,5.154752,1.074251,0.025622,0.975888
-0.039464,0.015758,0.393332,2.539006,19.801730,10.916785,3.454522,2.720819,176.305823,5.407242,1.073978,0.026762,0.975638
-0.038958,0.016068,0.362457,3.235395,19.845380,10.916677,3.456183,2.724777,176.302994,5.399468,1.073905,0.026712,0.975581
-0.039213,0.016033,0.402212,2.401148,19.851733,10.916705,3.455520,2.735908,176.269363,5.369070,1.073854,0.026655,0.975521
-0.036038,0.016414,0.370501,2.306050,19.769665,10.916768,3.461033,2.741831,176.246606,5.363850,1.073756,0.026612,0.975479
-0.043290,0.016327,0.340783,2.727175,19.732287,10.409132,3.456234,2.734528,176.238629,5.309495,1.073469,0.026317,0.975211
-0.037798,0.015551,0.376630,2.230301,19.772938,10.916713,3.454386,2.737515,176.220873,5.336098,1.073604,0.026458,0.975320
-0.035485,0.016118,0.341150,3.157766,19.771898,10.916690,3.457816,2.728870,176.197115,5.319497,1.073552,0.026404,0.975264
-0.038230,0.015978,0.395483,2.670413,19.783643,10.695902,3.456480,2.739783,176.184915,5.286041,1.073395,0.026266,0.975132
-0.037910,0.015806,0.384304,2.415388,19.750263,10.916712,3.457045,2.731262,176.165245,5.287539,1.073404,0.026293,0.975142
-0.036101,0.016226,0.335365,2.525330,19.803058,10.916663,3.457017,2.704133,176.144163,5.282856,1.073378,0.026257,0.975104
-0.037390,0.016477,0.339528,2.448325,19.793728,10.916625,3.457993,2.706131,176.126909,5.273006,1.073334,0.026215,0.975056
-0.037039,0.016304,0.409920,1.933430,19.773820,10.916678,3.457397,2.712042,176.080569,5.254072,1.073263,0.026131,0.974975
-0.038028,0.016220,0.370487,2.603512,19.767003,10.916840,3.457970,2.740057,176.095885,5.252069,1.073270,0.026104,0.974980
-0.037500,0.015985,0.347690,3.924590,19.776182,10.916627,3.456192,2.721448,176.038301,5.244604,1.073238,0.026072,0.974926
-0.036695,0.016296,0.373436,3.823046,19.729120,10.916615,3.459053,2.741235,176.124013,5.258593,1.073256,0.026118,0.975001
-0.037371,0.015976,0.398280,2.691700,19.777433,10.916828,3.456325,2.722515,176.080617,5.255497,1.073194,0.026067,0.974961
-0.037617,0.016182,0.358085,2.363937,19.791903,10.916693,3.456446,2.731950,176.088228,5.234207,1.073176,0.026038,0.974914
-0.036395,0.015812,0.317988,5.924033,19.802102,10.916768,3.456543,2.728033,176.091906,5.239983,1.073142,0.026036,0.974898
-0.040074,0.017048,0.384482,2.853022,19.764957,11.000073,3.459899,2.726433,176.023212,5.503810,1.072940,0.027277,0.974721
-0.037487,0.016853,0.372213,2.597077,19.779117,10.916843,3.458876,2.722766,176.058118,5.204854,1.072943,0.025855,0.974692
-0.039641,0.016695,0.384540,2.967961,19.784420,10.643912,3.457773,2.716367,176.096714,5.172805,1.072847,0.025710,0.974576
-0.037068,0.016427,0.364133,2.248125,19.727737,10.916797,3.458415,2.728549,176.137213,5.196832,1.072935,0.025827,0.974711
-0.036889,0.016319,0.375030,2.275756,19.801385,10.916718,3.456660,2.744909,176.181108,5.201244,1.072998,0.025801,0.974695
-0.038003,0.016120,0.357851,2.226886,19.804827,10.916572,3.457115,2.734238,176.169974,5.196824,1.072946,0.025791,0.974693
-0.038370,0.016295,0.372949,2.444870,19.768848,10.597230,3.455392,2.744435,176.138869,5.152594,1.072747,0.025607,0.974516
-0.036887,0.016981,0.380182,2.460132,19.770995,10.916823,3.461763,2.744473,176.169874,5.171643,1.072843,0.025701,0.974583
-0.039311,0.016255,0.405952,2.842815,19.743832,10.499723,3.457194,2.731998,176.045954,5.132576,1.072572,0.025469,0.974369
-0.038271,0.016420,0.408192,2.076078,19.700043,11.000000,3.458914,2.730544,175.876631,5.430252,1.072498,0.026851,0.974340
-0.038294,0.016474,0.368260,2.714623,19.657870,11.000052,3.459403,2.736534,175.897941,5.430188,1.072511,0.026883,0.974349
-0.040034,0.016015,0.351382,4.634182,19.696445,10.999957,3.457166,2.725179,175.867295,5.422129,1.072491,0.026799,0.974277
-0.039057,0.016788,0.385519,2.508794,19.706072,10.900250,3.460033,2.727917,175.844248,5.395020,1.072409,0.026677,0.974168
-0.040856,0.016527,0.381217,3.008672,19.651463,11.000067,3.459104,2.737632,175.812141,5.389675,1.072348,0.026698,0.974172
-0.039783,0.016257,0.395337,2.690077,19.696600,10.999933,3.457063,2.722277,175.795585,5.388797,1.072275,0.026632,0.974110
-0.037776,0.016024,0.343005,2.007035,19.708040,11.000195,3.457335,2.728187,175.782181,5.354072,1.072192,0.026532,0.974029
-0.037252,0.016579,0.363131,2.539133,19.761622,11.000040,3.457981,2.722351,175.786678,5.332475,1.072155,0.026472,0.973972
-0.038672,0.016246,0.394720,3.168815,19.605440,10.568275,3.456593,2.743966,175.744617,5.287572,1.071811,0.026214,0.973716
-0.039012,0.017012,0.428065,2.609203,19.641212,10.908282,3.462801,2.719743,175.751917,5.297805,1.071909,0.026310,0.973808
-0.034945,0.016313,0.416319,2.655087,19.688500,11.000172,3.458231,2.715975,175.732634,5.306225,1.071909,0.026299,0.973782
-0.037411,0.016815,0.399791,2.329037,19.635658,11.000100,3.460332,2.734587,175.907230,5.292029,1.071920,0.026272,0.973793
-0.034172,0.016139,0.338066,2.503277,19.766262,10.916602,3.457808,2.721556,176.364732,5.083670,1.072427,0.025251,0.974169
-0.036004,0.016006,0.327203,3.837898,19.786833,10.916878,3.454307,2.727356,176.647421,5.168879,1.072746,0.025526,0.974504
-0.041620,0.016434,0.341689,2.507622,19.735877,9.943082,3.458592,2.738721,176.645355,5.088710,1.072365,0.025171,0.974195
-0.040097,0.016460,0.357291,2.519881,19.773177,10.916638,3.455992,2.739329,176.636384,5.175873,1.072700,0.025535,0.974536
-0.044035,0.015979,0.401354,2.881928,19.700352,10.065718,3.457988,2.729460,176.548128,5.077150,1.072200,0.025048,0.974068
-0.037261,0.016080,0.373050,3.115923,19.768407,10.916702,3.455094,2.708952,176.573256,5.118245,1.072526,0.025333,0.974328
-0.036090,0.016261,0.400070,2.813024,19.784252,10.916695,3.454836,2.722003,176.607637,5.130186,1.072488,0.025356,0.974342
-0.038398,0.016016,0.386696,2.668015,19.763423,10.916702,3.453464,2.736218,176.840418,5.157935,1.072659,0.025486,0.974482
-0.033906,0.016185,0.365653,2.716637,19.803405,10.833518,3.454963,2.744500,177.067866,4.888098,1.072906,0.024230,0.974644
-0.035433,0.015594,0.367228,2.671924,19.847245,10.833312,3.453012,2.728542,177.242276,4.925249,1.073109,0.024350,0.974834
-0.039616,0.016227,0.329347,3.577954,19.748318,10.741170,3.455312,2.744185,177.372337,4.948870,1.073142,0.024432,0.974924
-0.034845,0.015877,0.346012,2.572677,19.799975,10.749902,3.452517,2.729268,177.483135,4.670221,1.073281,0.023170,0.975028
-0.034137,0.016257,0.347733,2.480686,19.824003,10.663682,3.453582,2.738492,177.532711,4.668516,1.073289,0.023137,0.975008
-0.039497,0.016716,0.354335,2.774604,19.720032,9.866250,3.455266,2.739487,177.490777,4.589773,1.072851,0.022754,0.974643
-0.032995,0.015584,0.349812,5.005472,19.769313,10.739820,3.451742,2.738588,177.498763,4.658049,1.073214,0.023095,0.974948
-0.038008,0.016178,0.348726,3.042145,19.744155,10.453818,3.454509,2.730697,177.200229,4.882510,1.072816,0.024118,0.974615
-0.037797,0.016323,0.361792,2.539704,19.815282,10.833383,3.454774,2.736720,176.924534,4.849781,1.072674,0.024014,0.974450
-0.037824,0.015669,0.340633,2.716803,19.706395,10.916680,3.455052,2.736705,176.682761,5.100900,1.072346,0.025182,0.974194
-0.036232,0.015893,0.365624,2.341616,19.700548,10.916760,3.455323,2.711883,176.532973,5.044072,1.072130,0.024973,0.973987
-0.037655,0.016005,0.365281,2.634900,19.708175,10.754377,3.456811,2.735459,176.435071,4.984869,1.071897,0.024738,0.973765
-0.035878,0.016371,0.401993,2.398480,19.753603,10.916783,3.458899,2.731313,176.389462,4.981788,1.071853,0.024728,0.973725
-0.035065,0.016505,0.412117,2.566090,19.715950,10.916840,3.457157,2.732732,176.362272,4.969518,1.071752,0.024676,0.973660
-0.035717,0.016318,0.359732,2.493794,19.670907,10.916737,3.457043,2.730163,176.355424,4.967235,1.071712,0.024649,0.973610
-0.037001,0.015846,0.376684,3.407713,19.662630,10.908910,3.452567,2.738298,176.337235,4.943048,1.071649,0.024589,0.973552
-0.036593,0.016796,0.395960,2.607804,19.688578,10.710157,3.458613,2.723652,176.316123,4.916767,1.071540,0.024433,0.973424
-0.036380,0.015695,0.384262,2.454131,19.694178,10.916765,3.454386,2.733643,176.314872,4.926345,1.071562,0.024480,0.973448
-0.034984,0.016661,0.351678,2.660154,19.712118,10.916743,3.459087,2.735737,176.274711,4.921317,1.071471,0.024428,0.973392
-0.038453,0.016671,0.380045,2.707617,19.732308,11.000097,3.458399,2.735354,176.290407,5.210942,1.071410,0.025768,0.973344
-0.033977,0.016831,0.384877,2.461282,19.707390,10.916752,3.457906,2.734621,176.392508,4.912437,1.071444,0.024373,0.973337
-0.038008,0.016661,0.388304,3.777640,19.665952,10.862328,3.457791,2.738283,176.424591,4.921023,1.071445,0.024364,0.973365
-0.034261,0.016224,0.392671,3.163917,19.678467,10.869400,3.456442,2.718469,176.335473,4.889653,1.071342,0.024293,0.973287
-0.041186,0.016760,0.392979,2.945820,19.652567,10.802192,3.459257,2.723793,176.232127,5.155383,1.071142,0.025502,0.973116
-0.038897,0.016409,0.359707,2.433251,19.701060,10.343782,3.457512,2.734685,176.157921,5.095319,1.070851,0.025174,0.972790
-0.037210,0.016113,0.385312,2.433668,19.640217,11.000078,3.457277,2.732002,176.114641,5.134688,1.070976,0.025379,0.972982
-0.039700,0.016226,0.294440,3.653052,19.678203,10.001605,3.456379,2.723019,176.163565,5.018645,1.070517,0.024828,0.972472
-0.040519,0.016844,0.414218,2.414210,19.663990,10.223422,3.458605,2.738935,176.377587,5.069771,1.070710,0.025058,0.972698
-0.036743,0.016383,0.400607,2.841518,19.732540,10.664997,3.458322,2.741306,176.576331,4.829065,1.071097,0.023999,0.973024
-0.034566,0.015865,0.388701,3.602456,19.707858,10.916580,3.455085,2.720216,176.719138,4.886379,1.071329,0.024191,0.973258
-0.034566,0.016201,0.280117,3.670266,19.751422,10.606658,3.455315,2.746613,176.791083,4.871039,1.071288,0.024081,0.973173
-0.038329,0.016189,0.278428,12.516967,19.760052,10.469092,3.457198,2.721292,176.831764,4.876925,1.071264,0.024062,0.973187
-0.037489,0.015826,0.365057,2.700707,19.792088,10.916640,3.455138,2.726048,176.900361,4.921191,1.071446,0.024269,0.973361
-0.041442,0.015850,0.326628,6.112885,19.755195,10.434252,3.454332,2.719388,176.921282,4.885919,1.071256,0.024074,0.973194
-0.045454,0.015947,0.379024,2.833605,19.705445,9.834352,3.453181,2.732566,176.820282,4.798806,1.070907,0.023695,0.972841
-0.041175,0.016294,0.398915,2.892065,19.650590,9.920170,3.453360,2.728674,176.568142,4.755097,1.070623,0.023539,0.972648
-0.034843,0.016126,0.390005,3.376819,19.682872,11.000027,3.455456,2.715700,176.387851,5.100343,1.070798,0.025158,0.972791
-0.035959,0.015952,0.399167,2.786874,19.657438,10.723837,3.455083,2.716846,176.222957,5.037845,1.070507,0.024871,0.972525
-0.035740,0.016757,0.384054,4.894355,19.654053,11.000053,3.457486,2.723783,176.123374,5.016547,1.070460,0.024847,0.972484
-0.036063,0.016470,0.379116,2.412612,19.668275,11.000013,3.459259,2.753577,176.063235,4.990889,1.070350,0.024743,0.972368
-0.038004,0.017105,0.390750,2.700319,19.604200,10.395550,3.460519,2.718732,175.997535,4.916072,1.069945,0.024371,0.972016
-0.039079,0.016577,0.393324,2.781580,19.537525,10.803075,3.457696,2.736619,176.000880,4.936798,1.070003,0.024487,0.972091
-0.034509,0.016524,0.404970,2.891952,19.565750,10.692118,3.458577,2.727579,175.994902,4.917377,1.069938,0.024370,0.971991
-0.035036,0.016955,0.397831,3.031516,19.533345,10.807990,3.458470,2.737083,176.009331,4.905078,1.069936,0.024375,0.972000
-0.034998,0.016330,0.391439,2.850549,19.603550,10.753030,3.456100,2.728531,176.004313,4.901651,1.069921,0.024308,0.971929
-0.039821,0.016664,0.395893,2.578506,19.581148,10.468410,3.458493,2.720392,175.986447,4.871242,1.069731,0.024157,0.971811
-0.037540,0.016887,0.364708,2.494062,19.598348,10.413362,3.458902,2.742097,176.001586,4.847777,1.069652,0.024086,0.971734
-0.034657,0.016858,0.346958,3.814189,19.626595,10.834148,3.458154,2.734646,176.082685,4.879426,1.069793,0.024239,0.971861
-0.041122,0.016556,0.408361,3.248649,19.542988,9.814655,3.455811,2.731783,176.133239,4.798437,1.069395,0.023789,0.971504
-0.035836,0.016329,0.394003,2.454899,19.699363,11.000057,3.457726,2.737587,176.182722,4.897433,1.069929,0.024298,0.971949
-0.040852,0.016699,0.392301,3.450237,19.580790,9.995690,3.458603,2.728552,176.046548,4.800136,1.069393,0.023805,0.971490
-0.036867,0.016746,0.373544,2.581668,19.614400,10.599310,3.458835,2.725909,175.938289,4.814777,1.069471,0.023952,0.971569
-0.038817,0.016810,0.373671,3.234505,19.614485,10.851235,3.460398,2.720133,175.847988,5.125266,1.069407,0.025313,0.971535
-0.045572,0.016615,0.368060,3.697118,19.478852,9.277253,3.458240,2.746004,175.723045,4.945908,1.068512,0.024417,0.970720
-0.043817,0.015680,0.334035,2.994718,19.578548,10.432533,3.455490,2.749703,175.862736,5.032190,1.068986,0.024878,0.971129
-0.040757,0.016786,0.409236,2.047157,19.579797,10.263775,3.457472,2.744710,176.085700,4.753382,1.069145,0.023631,0.971262
-0.035904,0.016746,0.341009,2.934444,19.665253,10.967305,3.456545,2.734328,176.290606,4.832900,1.069613,0.023992,0.971682
-0.041073,0.016224,0.396268,2.755550,19.675972,10.457028,3.455787,2.738769,176.395725,4.837595,1.069555,0.023871,0.971593
-0.044830,0.016345,0.403383,2.225877,19.666795,9.750822,3.457424,2.732901,176.445475,4.777856,1.069288,0.023574,0.971347
-0.048634,0.016486,0.378128,2.730688,19.573598,9.194875,3.455092,2.736601,176.455951,4.726835,1.068956,0.023306,0.971110
-0.043989,0.015930,0.364731,2.457993,19.595773,9.584163,3.454643,2.738572,176.497369,4.761094,1.069063,0.023444,0.971219
-0.034697,0.015885,0.401242,3.557473,19.547768,10.999863,3.455195,2.724481,176.570387,4.878368,1.069618,0.024040,0.971782
-0.040657,0.016231,0.380815,3.023398,19.571492,10.186342,3.456348,2.733849,176.427104,4.797421,1.069307,0.023642,0.971402
-0.039822,0.016496,0.391837,2.600390,19.626470,10.356103,3.455188,2.743548,176.162460,4.749681,1.069073,0.023512,0.971225
-0.038103,0.016962,0.396138,3.156021,19.607977,10.919345,3.459989,2.720759,175.953830,5.046887,1.069029,0.024920,0.971177
-0.042154,0.016314,0.377020,2.479857,19.622043,10.547812,3.457447,2.725341,175.799960,4.971435,1.068663,0.024581,0.970861
-0.038945,0.016647,0.360501,3.387852,19.469947,11.083430,3.458672,2.730836,175.731638,4.976862,1.068664,0.024650,0.970900
-0.035503,0.016791,0.390188,2.302908,19.539752,10.994828,3.459482,2.740534,175.689581,4.952263,1.068587,0.024502,0.970758
-0.038588,0.016825,0.394386,2.747068,19.504825,10.620537,3.457998,2.734896,175.638604,4.894867,1.068321,0.024278,0.970529
-0.036244,0.016873,0.390951,2.738985,19.586428,10.654697,3.458760,2.735505,175.604236,4.879767,1.068287,0.024208,0.970470
-0.038382,0.016497,0.391036,2.216874,19.567730,10.638262,3.458412,2.732409,175.599443,4.869379,1.068201,0.024157,0.970407
-0.040784,0.016303,0.408177,3.320169,19.519848,9.982493,3.457168,2.721247,175.577493,4.797524,1.067837,0.023822,0.970104
-0.040316,0.017107,0.384253,3.363987,19.573655,10.424810,3.460245,2.730845,175.635256,4.830093,1.068008,0.023951,0.970213
-0.042093,0.016619,0.382919,2.793504,19.537702,9.608622,3.456814,2.732454,175.625399,4.745110,1.067594,0.023552,0.969863
-0.036821,0.017273,0.401068,2.494826,19.556288,10.621930,3.461076,2.731591,175.693716,4.829586,1.067983,0.023994,0.970269
-0.037784,0.017091,0.302351,7.774097,19.598253,10.848437,3.462162,2.744929,175.789097,4.858755,1.068170,0.024086,0.970364
-0.038227,0.016531,0.386369,2.263774,19.589003,10.326628,3.456150,2.742052,175.875815,4.830287,1.068035,0.023904,0.970238
-0.043766,0.016506,0.404231,2.644048,19.533893,9.675020,3.458640,2.747701,175.835916,4.783022,1.067700,0.023597,0.969959
-0.041254,0.016493,0.357584,2.456271,19.549658,10.089177,3.458015,2.732892,175.738083,4.771907,1.067707,0.023632,0.969960
-0.039932,0.017086,0.413468,2.201167,19.545478,10.241110,3.460340,2.742996,175.627300,4.757594,1.067620,0.023621,0.969892
-0.038794,0.016689,0.378686,2.819143,19.595667,10.471547,3.457601,2.720123,175.524552,5.042909,1.067542,0.024922,0.969819
-0.036993,0.016850,0.416230,2.482000,19.553462,10.879598,3.460327,2.746235,175.456817,5.053124,1.067584,0.024986,0.969870
-0.048730,0.017581,0.381641,2.740845,19.525548,9.633620,3.463741,2.729726,175.478921,4.944921,1.066981,0.024386,0.969308
-0.034158,0.016834,0.374080,2.648839,19.588945,10.778952,3.457407,2.724676,175.751628,4.770705,1.067617,0.023646,0.969926
-0.040486,0.016934,0.377224,2.650390,19.553413,9.724608,3.458853,2.729074,175.892895,4.703714,1.067350,0.023261,0.969628
-0.050171,0.016547,0.377080,2.667655,19.533640,9.106942,3.459225,2.745572,175.967697,4.650172,1.067090,0.022975,0.969383
-0.038460,0.016639,0.400861,2.500573,19.619993,9.915655,3.458845,2.736030,176.076547,4.736677,1.067520,0.023382,0.969765
-0.036289,0.016083,0.376973,2.585217,19.699320,10.554327,3.455106,2.735498,176.140563,4.808868,1.067840,0.023681,0.970039
-0.047651,0.016519,0.373860,2.718513,19.543177,9.314510,3.457288,2.738708,176.066237,4.689851,1.067225,0.023128,0.969550
-0.039514,0.016890,0.349465,2.860978,19.611952,10.238467,3.457179,2.733172,176.085150,4.751057,1.067561,0.023456,0.969856
-0.041567,0.016219,0.381863,2.432193,19.569610,9.992973,3.456012,2.742493,175.952361,4.706840,1.067353,0.023246,0.969655
-0.037381,0.016457,0.404000,2.670849,19.582840,10.167422,3.456816,2.728473,175.713339,4.664963,1.067118,0.023158,0.969487
-0.045950,0.017392,0.320880,2.784023,19.569122,9.473430,3.463987,2.758473,175.460590,4.856201,1.066490,0.023915,0.968869
-0.042735,0.016762,0.381671,2.045253,19.521635,9.890563,3.459796,2.732759,175.315393,4.832112,1.066409,0.023910,0.968856
-0.038871,0.016705,0.394609,2.503039,19.579962,10.160023,3.459785,2.739083,175.236965,4.824851,1.066464,0.023896,0.968800
-0.035283,0.017383,0.383120,2.972340,19.577828,11.166637,3.461550,2.719641,175.235809,4.886804,1.066726,0.024272,0.969108
-0.035542,0.017587,0.310042,2.673598,19.573827,10.429962,3.462683,2.737064,175.215716,4.816436,1.066407,0.023914,0.968773
-0.037581,0.016915,0.434187,2.362178,19.574953,10.343327,3.460752,2.726282,175.192212,4.796086,1.066307,0.023833,0.968689
-0.040502,0.017016,0.401731,2.684510,19.545630,10.672658,3.460382,2.716179,175.189743,5.100604,1.066338,0.025246,0.968711
-0.038214,0.016556,0.425870,2.628672,19.529985,10.382475,3.457658,2.708403,175.167937,4.784856,1.066197,0.023742,0.968612
-0.034222,0.017472,0.402683,2.794822,19.580438,10.428998,3.460768,2.742930,175.181515,4.771975,1.066156,0.023688,0.968561
-0.042197,0.017239,0.417623,2.396557,19.621322,9.854465,3.461737,2.728630,175.170844,5.009823,1.065835,0.024733,0.968229
-0.042689,0.017707,0.398810,2.384272,19.483005,9.869825,3.463820,2.728695,175.194356,4.996145,1.065736,0.024699,0.968206
-0.040393,0.016794,0.368777,2.506449,19.600862,10.006250,3.458655,2.742062,175.275649,4.717035,1.065863,0.023386,0.968271
-0.034405,0.016556,0.397330,2.204760,19.557403,10.895467,3.458068,2.729201,175.428403,4.801302,1.066336,0.023821,0.968720
-0.041434,0.017106,0.374324,2.942656,19.484477,10.042297,3.460081,2.728754,175.367508,4.741556,1.065973,0.023456,0.968410
-0.037948,0.016776,0.389439,2.295141,19.532173,10.316943,3.458112,2.714202,175.242051,4.734828,1.065933,0.023442,0.968350
-0.040039,0.017101,0.318293,12.836997,19.575110,10.516217,3.461482,2.728839,175.168596,5.016555,1.065786,0.024742,0.968258
-0.043103,0.016551,0.414583,2.815497,19.508013,9.934103,3.458043,2.725679,175.074691,4.938296,1.065419,0.024391,0.967932
-0.038142,0.017266,0.442369,2.389311,19.515582,10.410565,3.460949,2.749927,175.040374,4.958915,1.065512,0.024484,0.967988
-0.040671,0.016833,0.385258,2.596185,19.515313,10.414422,3.460402,2.735833,175.090543,4.945898,1.065490,0.024449,0.967959
-0.046238,0.017505,0.420421,2.125466,19.485452,9.624407,3.460882,2.720981,175.219591,4.897717,1.065205,0.024128,0.967686
-0.047593,0.017202,0.359656,2.461354,19.465043,8.720452,3.460631,2.723613,175.275021,4.502055,1.064804,0.022342,0.967322
-0.035518,0.017211,0.422135,2.325217,19.545175,10.541577,3.457904,2.733434,175.428937,4.678422,1.065660,0.023234,0.968134
-0.043968,0.017308,0.377484,2.680274,19.529183,9.349970,3.461883,2.735297,175.457640,4.585238,1.065210,0.022708,0.967687
-0.041753,0.016787,0.419969,3.136302,19.547390,10.155287,3.457429,2.729996,175.524888,4.658642,1.065547,0.023039,0.968009
-0.051928,0.016950,0.405746,2.790099,19.506285,8.583963,3.458608,2.724639,175.430993,4.489132,1.064781,0.022232,0.967292
-0.038661,0.016800,0.355587,3.815880,19.590857,10.391725,3.458252,2.727336,175.515419,4.659806,1.065540,0.023080,0.968031
-0.038529,0.016697,0.407978,2.963456,19.565213,10.231315,3.458751,2.730071,175.493890,4.644671,1.065491,0.022977,0.967958
-0.042202,0.017361,0.418715,2.984420,19.637428,10.249143,3.461098,2.744676,175.298220,4.912452,1.065292,0.024207,0.967754
-0.042017,0.017161,0.425410,2.395392,19.584450,10.068935,3.458612,2.728317,175.109495,4.850200,1.064953,0.023926,0.967483
-0.038525,0.016968,0.425338,2.048833,19.545555,10.190057,3.457972,2.738470,174.975664,4.809803,1.064797,0.023803,0.967339
-0.036878,0.016979,0.397435,2.572164,19.550812,10.710888,3.459381,2.732284,174.902594,4.814644,1.064900,0.023926,0.967425
-0.042081,0.017816,0.407807,2.916140,19.550668,10.407682,3.461990,2.729521,174.854994,4.790965,1.064657,0.023727,0.967233
-0.040857,0.016569,0.435889,2.276521,19.469843,9.877122,3.457134,2.714728,174.805117,4.719657,1.064311,0.023419,0.966925
-0.040323,0.017432,0.440838,2.472076,19.527272,10.787397,3.461603,2.724013,174.833877,5.074594,1.064604,0.025089,0.967163
-0.038829,0.017485,0.397248,2.516507,19.519305,10.713918,3.462739,2.743850,174.808205,5.060943,1.064533,0.025005,0.967082
-0.040334,0.017457,0.425309,2.485605,19.483340,10.461563,3.461143,2.737577,174.754113,5.025720,1.064353,0.024810,0.966914
-0.038439,0.017283,0.410412,1.971263,19.352958,10.682908,3.461062,2.740177,174.550422,5.033273,1.064326,0.024826,0.966937
-0.039723,0.017342,0.442929,2.374181,19.444977,10.707260,3.463278,2.732590,174.693583,5.008601,1.064249,0.024722,0.966845
-0.040683,0.016974,0.429223,2.626796,19.469817,10.563802,3.460341,2.716383,174.680002,4.975773,1.064107,0.024588,0.966698
-0.037023,0.017316,0.401016,2.665265,19.550097,11.176363,3.459940,2.738365,174.705335,5.022282,1.064345,0.024831,0.966939
-0.040462,0.017039,0.384047,2.713562,19.465575,10.690967,3.459779,2.743393,174.648999,4.962462,1.064059,0.024559,0.966667
-0.039331,0.016952,0.433738,2.306303,19.503025,11.049512,3.460446,2.706168,174.642249,4.978023,1.064141,0.024627,0.966721
-0.038254,0.017476,0.404220,2.228759,19.507032,10.559472,3.463194,2.716765,174.613489,4.930047,1.063885,0.024376,0.966505
-0.048765,0.017216,0.409709,2.240246,19.404223,9.106532,3.463733,2.724790,174.515808,4.763858,1.063069,0.023581,0.965755
-0.043419,0.017947,0.440106,2.752667,19.345300,9.633250,3.464081,2.734162,174.503142,4.793400,1.063135,0.023733,0.965882
-0.037898,0.017118,0.427225,2.094428,19.473808,10.866837,3.460922,2.719317,174.540510,4.886502,1.063665,0.024218,0.966308
-0.039852,0.017121,0.436947,2.288564,19.427440,10.075378,3.461997,2.727645,174.599922,4.814977,1.063311,0.023861,0.965985
-0.038714,0.016796,0.418080,3.146687,19.516213,10.649182,3.457485,2.729115,174.878689,4.896821,1.063768,0.024213,0.966373
-0.038863,0.017023,0.438121,2.637703,19.538737,9.994388,3.457641,2.747924,175.102739,4.582857,1.063732,0.022765,0.966330
-0.038152,0.016483,0.407235,2.609203,19.568593,10.392327,3.458246,2.726824,175.318657,4.638598,1.064019,0.023007,0.966612
-0.045306,0.017012,0.398020,2.174496,19.490075,9.552427,3.457876,2.726514,175.435888,4.592184,1.063752,0.022707,0.966375
-0.046673,0.016650,0.419511,2.579113,19.523362,9.531447,3.457909,2.732844,175.525737,4.609585,1.063807,0.022704,0.966383
-0.040141,0.017092,0.421170,2.022190,19.530533,10.073848,3.457890,2.735979,175.596529,4.663570,1.064037,0.022974,0.966643
-0.040668,0.016904,0.363404,6.605329,19.575362,9.926492,3.458437,2.731043,175.603998,4.646103,1.063994,0.022895,0.966566
-0.035375,0.016679,0.304259,3.286751,19.543622,10.526938,3.458428,2.746493,175.568042,4.687628,1.064163,0.023065,0.966718
-0.043048,0.017359,0.401263,2.558461,19.545053,9.758427,3.461160,2.755129,175.255060,4.561952,1.063580,0.022555,0.966219
-0.045437,0.017395,0.380003,2.266563,19.525263,10.224125,3.459825,2.725397,174.951915,4.826671,1.063342,0.023822,0.966028
-0.041048,0.017408,0.430386,2.319787,19.406618,9.827747,3.462839,2.719317,174.705277,4.730796,1.062858,0.023411,0.965627
-0.048252,0.017437,0.426116,2.737413,19.410858,9.050768,3.461585,2.742057,174.523593,4.611135,1.062289,0.022836,0.965048
-0.037316,0.017115,0.411816,3.226456,19.438383,11.039322,3.460866,2.730522,174.539064,5.055529,1.062923,0.024974,0.965680
-0.042434,0.017380,0.427437,1.962405,19.445942,9.754875,3.463618,2.742869,174.454522,4.931052,1.062357,0.024328,0.965110
-0.040363,0.017466,0.409412,2.372138,19.383470,10.496458,3.464018,2.742571,174.438640,4.985638,1.062507,0.024576,0.965304
-0.037269,0.017465,0.428504,3.184835,19.360360,10.753340,3.466029,2.733174,173.508405,5.082137,1.061587,0.025203,0.964404
-0.038732,0.017742,0.484029,2.225294,19.355768,11.218393,3.464595,2.707541,172.795826,5.356405,1.061439,0.026539,0.964325
-0.040568,0.018977,0.508409,2.342899,19.226988,11.130330,3.470739,2.703604,170.630541,5.772537,1.058952,0.028693,0.962070
-0.039194,0.019039,0.527445,1.771238,19.276157,11.833247,3.475137,2.709435,173.420495,5.959683,1.060145,0.029698,0.962968
-0.041827,0.017471,0.424949,2.232685,19.353803,10.223142,3.464226,2.708134,172.295795,5.136562,1.060328,0.025457,0.963312
-0.041729,0.016915,0.400478,4.317460,19.454870,10.098068,3.461695,2.724457,173.694159,4.768653,1.061606,0.023561,0.964367
-0.038339,0.017985,0.430613,2.405204,19.387560,11.583472,3.467976,2.721548,173.235952,5.323953,1.061300,0.026341,0.964137
-0.042900,0.017850,0.497285,2.119235,19.307180,10.281558,3.465802,2.707156,173.125236,5.173243,1.060586,0.025636,0.963499
-0.038100,0.018375,0.481552,2.077844,19.377415,10.973360,3.466214,2.722905,173.183311,5.217270,1.060845,0.025888,0.963719
-0.038852,0.017992,0.484854,2.135920,19.410787,11.264542,3.466805,2.721588,173.221601,5.248971,1.060945,0.025968,0.963825
-0.041337,0.017700,0.459502,2.229600,19.305153,10.717023,3.464405,2.725046,173.225900,5.195938,1.060639,0.025711,0.963579
-0.036813,0.018130,0.480027,2.346476,19.395632,11.158502,3.466208,2.710655,173.231290,5.204376,1.060702,0.025794,0.963620
-0.041275,0.017792,0.447927,1.933245,19.357687,10.241980,3.464711,2.715846,173.102198,5.098472,1.060218,0.025325,0.963195
-0.037682,0.017982,0.451152,2.326429,19.312038,10.726520,3.464835,2.730285,173.188410,5.144466,1.060364,0.025471,0.963312
-0.037584,0.017104,0.371708,2.136376,19.371120,10.955610,3.461389,2.728074,173.332863,5.161873,1.060519,0.025561,0.963434
-0.045359,0.017943,0.471916,2.284923,19.471268,10.341370,3.464827,2.728730,173.424050,5.129840,1.060379,0.025366,0.963257
-0.045942,0.017864,0.463490,2.346224,19.320297,10.083377,3.463622,2.727177,173.509698,5.125614,1.060235,0.025327,0.963209
-0.041862,0.018078,0.457216,2.223689,19.389682,10.628528,3.464385,2.720029,173.581730,5.154267,1.060482,0.025473,0.963358
-0.037564,0.017509,0.450794,2.091310,19.436578,11.232433,3.461096,2.716092,173.649050,5.199595,1.060748,0.025741,0.963603
-0.044979,0.017581,0.461100,2.201899,19.343998,9.923880,3.462788,2.723398,173.653138,4.805189,1.060210,0.023810,0.963156
-0.037163,0.018129,0.418277,2.722592,19.440308,11.064958,3.465618,2.726014,173.727669,4.887241,1.060708,0.024243,0.963528
-0.042677,0.018037,0.440184,2.167341,19.472102,10.248730,3.464083,2.722922,173.488478,5.086265,1.060182,0.025168,0.963059
-0.035438,0.017633,0.450763,3.922025,19.372347,11.583455,3.463769,2.720709,173.252092,5.136545,1.060339,0.025500,0.963341
-0.042394,0.018278,0.467308,2.140990,19.314073,10.014738,3.468891,2.715951,172.997736,4.962383,1.059447,0.024626,0.962478
-0.034705,0.018601,0.450275,2.222433,19.334370,11.666722,3.468460,2.724357,172.977850,5.364795,1.059927,0.026502,0.962921
-0.039925,0.018711,0.472054,1.759149,19.416360,11.015173,3.469512,2.704401,172.955276,5.291682,1.059646,0.026185,0.962626
-0.041069,0.018144,0.463886,2.214813,19.328528,11.193590,3.467055,2.701696,172.933807,5.287548,1.059571,0.026189,0.962635
-0.038450,0.018140,0.433249,2.646834,19.332628,11.087113,3.468981,2.716267,172.910752,5.259334,1.059466,0.026040,0.962486
-0.042379,0.018491,0.469624,2.564295,19.314992,10.347372,3.468145,2.723948,172.858148,5.174856,1.059058,0.025613,0.962102
-0.040924,0.018271,0.447765,2.624789,19.283102,10.554337,3.468022,2.725309,172.848510,5.178821,1.059026,0.025623,0.962100
-0.042868,0.017919,0.475512,2.526050,19.322785,10.348812,3.465622,2.717829,172.823832,5.135591,1.058876,0.025442,0.961911
-0.037885,0.018424,0.460468,2.802306,19.327197,11.198790,3.469487,2.717615,172.853680,5.188734,1.059162,0.025753,0.962187
-0.044569,0.017912,0.358234,13.682885,19.291757,9.713287,3.467557,2.716565,172.800888,5.048528,1.058448,0.024999,0.961511
-0.044194,0.018079,0.471108,2.102862,19.293838,10.122855,3.465642,2.722723,172.834240,5.069682,1.058537,0.025121,0.961633
-0.039840,0.018215,0.481475,2.098428,19.358650,10.500470,3.467473,2.714280,172.904384,5.093744,1.058717,0.025254,0.961783
-0.034916,0.018339,0.463969,2.282055,19.437105,11.666837,3.465501,2.728943,172.980193,5.196846,1.059211,0.025763,0.962218
-0.039279,0.017964,0.411715,2.628635,19.385805,10.974320,3.466248,2.725427,172.871444,5.122241,1.058864,0.025439,0.961907
-0.041976,0.018048,0.406732,2.396641,19.373952,10.438343,3.463714,2.709401,172.832109,5.050021,1.058465,0.025080,0.961553
-0.045383,0.018300,0.458269,1.861600,19.222338,9.816008,3.467529,2.726879,172.791190,4.975703,1.058010,0.024699,0.961207
-0.036512,0.018467,0.498639,2.043721,19.301155,10.691938,3.468357,2.716055,172.836314,5.024925,1.058331,0.024960,0.961434
-0.037107,0.018751,0.497599,2.199829,19.321492,10.457907,3.470617,2.725289,172.779010,5.009786,1.058128,0.024862,0.961343
-0.039257,0.018628,0.433050,2.309253,19.325275,9.971358,3.468921,2.708917,172.728068,4.935973,1.057878,0.024523,0.961004
-0.041357,0.018156,0.498951,2.337343,19.281535,10.451827,3.465025,2.724341,172.864051,5.006588,1.058070,0.024773,0.961255
-0.035448,0.017893,0.469745,1.767121,19.447285,11.248728,3.463949,2.707457,173.001700,5.058406,1.058519,0.025105,0.961584
-0.039050,0.017843,0.483655,2.053385,19.305690,10.279180,3.463635,2.722208,173.028945,5.000793,1.058113,0.024752,0.961270
-0.044769,0.018104,0.498884,2.065634,19.307512,9.694308,3.467318,2.724146,173.033496,4.916005,1.057808,0.024361,0.960916
-0.037458,0.017964,0.467788,2.451178,19.359755,10.831452,3.464761,2.720567,173.073753,5.011956,1.058227,0.024845,0.961380
-0.038750,0.017986,0.480140,2.081824,19.347700,10.939158,3.464130,2.728790,173.029417,5.009418,1.058207,0.024831,0.961344
-0.039851,0.018311,0.496975,2.129240,19.327050,10.056505,3.465907,2.726450,172.957492,4.915535,1.057754,0.024356,0.960903
-0.047513,0.018008,0.456788,2.188983,19.209668,9.581933,3.466167,2.709983,172.779576,4.844143,1.057333,0.024020,0.960560
-0.040626,0.017971,0.491076,2.227464,19.308597,10.733797,3.465582,2.720236,172.588613,5.182102,1.057520,0.025630,0.960734
-0.044369,0.018695,0.469751,2.354437,19.300980,10.249642,3.469737,2.724438,172.563843,5.132625,1.057232,0.025348,0.960469
-0.042713,0.018448,0.480513,2.085065,19.296783,10.491307,3.466475,2.716617,172.573520,5.114917,1.057205,0.025340,0.960458
-0.041351,0.018324,0.493009,2.582868,19.261957,10.987500,3.466476,2.713101,172.559855,5.148625,1.057304,0.025493,0.960577
-0.037617,0.018008,0.491978,2.183314,19.319965,11.208727,3.464380,2.724421,172.554791,5.152398,1.057341,0.025510,0.960578
-0.042109,0.017622,0.478011,2.211515,19.283287,10.126658,3.465102,2.736924,172.494791,5.037797,1.056794,0.024965,0.960084
-0.038221,0.018355,0.498754,2.184208,19.293968,10.660567,3.468924,2.715657,172.489859,5.058317,1.056913,0.025116,0.960207
-0.041031,0.017895,0.503271,2.179829,19.224350,10.395880,3.467315,2.718022,172.447477,5.019550,1.056695,0.024905,0.960001
-0.039722,0.019021,0.487592,1.858333,19.388205,10.846373,3.469306,2.720781,172.431876,5.044206,1.056836,0.025009,0.960059
-0.046722,0.018088,0.489804,2.698241,19.317183,9.650337,3.466484,2.709415,172.359171,4.930338,1.056230,0.024422,0.959526
-0.037328,0.018856,0.464079,1.866034,19.310020,10.913460,3.468819,2.721534,172.387816,5.013444,1.056643,0.024909,0.959976
-0.051811,0.018824,0.503368,2.180929,19.221327,9.552992,3.467106,2.729717,172.306050,5.173113,1.055934,0.025599,0.959312
-0.041002,0.018315,0.503675,2.000995,19.245552,10.551062,3.464856,2.716920,172.364264,5.227710,1.056264,0.025900,0.959588
-0.042193,0.018717,0.517577,2.111153,19.251230,9.912262,3.466720,2.731088,172.435183,4.886989,1.056051,0.024261,0.959389
-0.038721,0.018842,0.448304,2.516049,19.418525,10.673447,3.466126,2.692772,172.463248,4.940690,1.056409,0.024568,0.959646
-0.048662,0.018785,0.528648,2.168372,19.241523,10.111523,3.469044,2.713406,172.309795,5.187394,1.055903,0.025617,0.959308
-0.038086,0.019059,0.475023,2.556270,19.309993,11.069320,3.469081,2.718420,172.367141,5.247544,1.056261,0.025937,0.959604
-0.040408,0.018107,0.521359,2.049100,19.271943,10.530175,3.465402,2.699716,172.361417,5.184976,1.055982,0.025638,0.959358
-0.033609,0.018382,0.482859,2.304014,19.345587,11.604468,3.466844,2.708437,172.407066,5.261978,1.056383,0.026059,0.959701
-0.040804,0.018787,0.479969,2.113794,19.286023,10.631152,3.470248,2.719301,172.280034,5.180525,1.055826,0.025603,0.959225
-0.042363,0.018098,0.476343,1.770224,19.360152,10.800282,3.464603,2.714567,172.448339,5.164908,1.055904,0.025518,0.959239
-0.040410,0.018252,0.451304,2.334202,19.301108,10.431662,3.464521,2.714556,172.642529,4.859418,1.055894,0.024125,0.959253
-0.039024,0.018957,0.461778,2.962697,19.394755,10.017212,3.466792,2.716944,172.760813,4.832711,1.055800,0.023939,0.959134
-0.037202,0.018174,0.448927,1.895699,19.357245,11.281328,3.467798,2.730100,172.891793,4.945765,1.056325,0.024517,0.959660
-0.042311,0.018125,0.494079,2.208093,19.304115,10.090133,3.463966,2.728918,172.887079,4.848719,1.055856,0.024000,0.959234
-0.045097,0.017972,0.497931,2.317442,19.266197,9.842100,3.463692,2.727786,172.895477,4.814375,1.055673,0.023829,0.959043
-0.040785,0.018375,0.484994,2.382896,19.334033,10.254887,3.464037,2.721326,172.903193,4.827290,1.055783,0.023921,0.959121
-0.039666,0.018239,0.471086,2.122894,19.283955,10.679257,3.466412,2.726088,172.855283,4.857381,1.055898,0.024051,0.959243
-0.038400,0.018575,0.477346,2.758991,19.294642,10.616772,3.467212,2.737650,172.564539,5.100655,1.055574,0.025217,0.958965
-0.039593,0.017961,0.506292,2.103944,19.274583,10.725058,3.465540,2.726316,172.240027,5.042893,1.055240,0.024964,0.958704
-0.040671,0.018814,0.511149,2.206818,19.248370,10.733433,3.466651,2.728686,172.215704,5.296936,1.054982,0.026179,0.958440
-0.044110,0.018668,0.430486,2.428428,19.225767,10.759590,3.468621,2.728333,172.145812,5.277726,1.054874,0.026097,0.958359
-0.046507,0.018555,0.456122,2.192407,19.208015,9.946992,3.466595,2.711592,172.099852,5.184686,1.054428,0.025637,0.957962
-0.041259,0.019097,0.529862,2.044510,19.225143,10.650858,3.470189,2.725555,172.059112,5.209090,1.054587,0.025801,0.958068
-0.039361,0.018743,0.455382,1.996001,19.245605,10.710593,3.467579,2.714887,172.065850,5.217730,1.054573,0.025769,0.958056
-0.042934,0.018764,0.489667,2.009066,19.187065,10.013767,3.465902,2.722312,171.990059,5.121253,1.054120,0.025312,0.957644
-0.045502,0.018519,0.484730,1.745484,19.223833,10.361488,3.466598,2.725347,171.987578,5.133486,1.054123,0.025367,0.957708
-0.038446,0.018807,0.527931,2.179229,19.271912,11.249215,3.467968,2.714129,171.973026,5.171371,1.054422,0.025634,0.957929
-0.045368,0.018670,0.509369,2.031352,19.245495,10.366822,3.468077,2.696152,171.950594,5.086600,1.054007,0.025212,0.957550
-0.040202,0.018466,0.529820,2.029329,19.330058,11.293425,3.468497,2.722474,171.971582,5.146954,1.054288,0.025511,0.957805
-0.037558,0.018720,0.519381,1.978885,19.348058,11.014895,3.468310,2.709301,171.958579,5.117087,1.054138,0.025361,0.957663
-0.043008,0.019199,0.533600,2.255140,19.311072,9.982192,3.471156,2.721368,171.889049,5.000064,1.053535,0.024788,0.957140
-0.041604,0.018804,0.497500,2.123835,19.252565,10.168630,3.469086,2.730728,171.914792,4.996410,1.053549,0.024773,0.957110
-0.040479,0.018728,0.518372,2.023431,19.243352,10.256170,3.468686,2.725704,171.873161,4.991747,1.053470,0.024753,0.957090
-0.037144,0.018814,0.522333,1.913779,19.276130,10.530655,3.468861,2.725366,171.909491,5.002605,1.053554,0.024831,0.957145
-0.034480,0.019276,0.529869,2.059217,19.294828,10.908772,3.469531,2.731144,171.961889,5.031299,1.053718,0.024979,0.957290
-0.042904,0.019008,0.507139,1.999410,19.231315,9.995852,3.470552,2.714583,171.943019,4.942186,1.053190,0.024491,0.956843
-0.035016,0.019249,0.437292,3.150699,19.350983,11.435012,3.469083,2.711622,171.920713,5.051734,1.053680,0.025045,0.957294
-0.052715,0.019488,0.517041,2.191441,19.164725,9.178418,3.472261,2.711891,171.839482,5.106111,1.052530,0.025243,0.956204
-0.038108,0.018463,0.486736,2.293284,19.329770,11.241275,3.464987,2.706716,172.058597,4.986728,1.053490,0.024761,0.957080
-0.046790,0.019093,0.513859,2.459543,19.250533,9.671348,3.468736,2.707651,172.131035,4.863191,1.052918,0.024126,0.956544
-0.046978,0.018554,0.516922,1.976330,19.239227,9.896855,3.465388,2.713345,172.216847,4.886860,1.052985,0.024188,0.956623
-0.043056,0.019136,0.474719,2.406263,19.304612,10.147628,3.470196,2.711143,172.230849,4.905517,1.053057,0.024257,0.956672
-0.037145,0.018683,0.496433,2.615720,19.372582,11.026825,3.467800,2.708378,172.260193,4.959185,1.053339,0.024562,0.956951
-0.043731,0.018836,0.518539,1.860856,19.297107,10.151345,3.465182,2.720187,172.192064,4.877026,1.052882,0.024163,0.956561
-0.042173,0.019053,0.503713,1.831782,19.330455,10.493842,3.469960,2.720917,172.161584,4.877127,1.052939,0.024185,0.956580
-0.036980,0.018392,0.513057,2.060439,19.324438,10.762317,3.466799,2.710383,171.979155,4.877343,1.052904,0.024200,0.956552
-0.042615,0.019481,0.520204,1.684073,19.276143,10.446363,3.473252,2.722342,171.702858,5.075964,1.052371,0.025137,0.956096
-0.041343,0.018770,0.501199,2.325780,19.367823,10.658228,3.469149,2.706181,171.734920,5.079161,1.052456,0.025173,0.956128
-0.048162,0.019320,0.530805,2.006714,19.259542,9.761350,3.470583,2.701851,171.677561,4.977244,1.051918,0.024695,0.955688
-0.045426,0.018674,0.515314,2.330407,19.137658,9.756342,3.468874,2.736509,171.641769,4.952538,1.051756,0.024539,0.955547
-0.043377,0.018831,0.517184,2.063346,19.152003,9.938387,3.468557,2.698810,171.617826,4.943217,1.051701,0.024495,0.955487
-0.041716,0.018786,0.526355,2.198053,19.227675,10.605833,3.469250,2.715448,171.615941,4.982778,1.051890,0.024714,0.955689
-0.042921,0.018904,0.547558,2.014209,19.206062,9.993382,3.470907,2.713377,171.621969,4.914687,1.051551,0.024383,0.955350
-0.041440,0.019424,0.539804,2.004914,19.260205,10.279785,3.469958,2.710293,171.608032,4.920846,1.051576,0.024393,0.955343
-0.041685,0.018906,0.540657,1.965760,19.288595,10.976438,3.468267,2.718155,171.614742,5.261925,1.051709,0.026019,0.955507
-0.048420,0.019332,0.532991,1.876174,19.239555,10.058523,3.470274,2.715964,171.545120,5.173975,1.051208,0.025530,0.955075
-0.041083,0.019407,0.534993,2.269661,19.280773,10.517157,3.469461,2.723305,171.528280,5.169537,1.051291,0.025567,0.955124
-0.036314,0.018753,0.525321,1.890441,19.330222,11.379635,3.468445,2.715428,171.522876,5.224779,1.051542,0.025827,0.955352
-0.043827,0.019503,0.541893,1.847245,19.214730,10.336555,3.472077,2.721643,171.438520,5.118844,1.051016,0.025298,0.954876
-0.040554,0.019357,0.524837,2.136117,19.275770,10.400693,3.470838,2.723080,171.387133,5.071669,1.050879,0.025141,0.954706
-0.049145,0.019033,0.495474,1.886592,19.160940,9.089962,3.469651,2.719241,171.341599,4.928442,1.050151,0.024409,0.954039
-0.037476,0.019654,0.532800,1.951624,19.326410,11.630163,3.471494,2.705090,171.487965,5.144526,1.051202,0.025471,0.955021
-0.043849,0.018890,0.542906,1.965967,19.244982,10.313385,3.469542,2.721169,171.457557,5.042779,1.050646,0.024952,0.954540
-0.047363,0.019175,0.545056,1.590015,19.246883,9.874850,3.469622,2.727132,171.404293,4.972450,1.050304,0.024610,0.954217
-0.043516,0.018957,0.552931,1.990831,19.215088,10.195988,3.469086,2.719373,171.402191,4.965570,1.050276,0.024640,0.954227
-0.042872,0.019865,0.516413,2.163261,19.224877,10.345612,3.471210,2.721085,171.293142,4.955588,1.050179,0.024571,0.954126
-0.039733,0.019593,0.565111,2.104159,19.295327,10.891423,3.472098,2.729543,171.260611,5.246391,1.050194,0.025988,0.954099
-0.044724,0.019150,0.525463,1.879088,19.267035,10.300837,3.467311,2.715188,171.264879,5.181993,1.049883,0.025652,0.953827
-0.036239,0.019943,0.542890,1.906105,19.352288,11.962120,3.470879,2.708015,171.359280,5.313362,1.050459,0.026272,0.954364
-0.046718,0.019860,0.521509,2.281772,19.310380,10.255090,3.468925,2.712734,171.304506,5.165863,1.049774,0.025574,0.953740
-0.042817,0.018948,0.529314,2.067923,19.259102,10.308757,3.469433,2.721234,171.269745,5.142283,1.049610,0.025446,0.953601
-0.042527,0.019428,0.553366,1.801427,19.201470,10.273740,3.469357,2.714537,171.181322,5.102337,1.049426,0.025246,0.953425
-0.035781,0.019238,0.545571,1.800823,19.268502,11.256275,3.469428,2.701323,171.176296,5.152370,1.049650,0.025514,0.953662
-0.051475,0.019410,0.473991,2.254349,19.140072,9.237998,3.468720,2.723604,171.104523,4.977411,1.048740,0.024576,0.952815
-0.041875,0.019287,0.542794,2.176724,19.233967,10.941225,3.471143,2.715018,171.203977,5.086005,1.049343,0.025199,0.953369
-0.042733,0.019252,0.543651,1.834212,19.238687,10.561820,3.469068,2.731606,171.165470,5.057821,1.049127,0.024993,0.953182
-0.043146,0.019426,0.530022,2.083728,19.189357,10.518498,3.469390,2.730789,171.135745,5.012932,1.048939,0.024863,0.953054
-0.042256,0.019225,0.545270,1.833058,19.199905,10.845445,3.467634,2.712232,171.130907,5.020454,1.048943,0.024868,0.953025
-0.040884,0.019736,0.547136,1.924701,19.167365,10.161620,3.471288,2.718022,171.074132,4.935029,1.048560,0.024464,0.952645
-0.046157,0.019342,0.517435,2.151508,19.196813,9.715098,3.469047,2.716525,171.025971,4.857738,1.048214,0.024123,0.952333
-0.039494,0.019542,0.525650,1.782567,19.203170,10.938665,3.469809,2.712159,171.058911,5.240400,1.048525,0.025920,0.952640
-0.038749,0.020004,0.553694,1.907854,19.256100,11.416280,3.471959,2.706158,171.029770,5.257487,1.048609,0.026001,0.952712
-0.045953,0.019815,0.527686,2.502035,19.120737,9.862782,3.471503,2.718142,170.933921,5.103463,1.047822,0.025200,0.952005
-0.041943,0.019542,0.535548,2.227868,19.178247,10.289430,3.469479,2.713814,170.911596,5.089652,1.047807,0.025172,0.951959
-0.037773,0.020084,0.559333,2.069014,19.173738,10.774353,3.471685,2.712810,170.892084,5.100820,1.047847,0.025260,0.952021
-0.043127,0.019579,0.531332,1.882151,19.195152,10.086405,3.470196,2.702592,170.834816,5.008587,1.047467,0.024840,0.951630
-0.039777,0.019774,0.537616,1.858574,19.175157,10.830248,3.470148,2.711722,170.836394,5.043301,1.047567,0.025014,0.951763
-0.041296,0.019928,0.543430,1.803570,19.182725,10.198195,3.472843,2.705836,170.782106,4.960632,1.047217,0.024614,0.951388
-0.051083,0.019944,0.519956,1.923866,19.112040,9.013745,3.471449,2.721738,170.743855,4.811455,1.046502,0.023892,0.950705
-0.042146,0.019628,0.543960,2.084502,19.250260,11.223158,3.468623,2.719255,170.765082,5.282306,1.047288,0.026151,0.951484
-0.046832,0.019645,0.575053,2.103848,19.181977,9.956230,3.468204,2.720213,170.744707,5.175804,1.046664,0.025539,0.950917
-0.035129,0.019511,0.546047,2.390909,19.307158,11.976877,3.468207,2.721780,170.838210,5.311345,1.047409,0.026302,0.951603
-0.041081,0.020227,0.551444,2.081538,19.274035,10.712832,3.472446,2.713299,170.758659,5.203331,1.046843,0.025733,0.951094
-0.046282,0.020057,0.587499,1.773091,19.173472,10.114253,3.471147,2.736571,170.723979,5.123635,1.046374,0.025328,0.950705
-0.049203,0.019259,0.581674,1.827804,19.167248,9.628970,3.467404,2.712583,170.599525,5.023321,1.045941,0.024843,0.950268
-0.040427,0.020449,0.533841,1.544398,19.278302,10.662535,3.474015,2.707762,170.632717,5.056168,1.046198,0.025100,0.950493
-0.051866,0.020329,0.542768,1.878490,19.178458,8.796528,3.470517,2.727172,170.645698,4.887421,1.045317,0.024176,0.949655
-0.046229,0.019786,0.428699,3.138425,19.199115,10.023190,3.469075,2.720817,170.729994,4.977926,1.045765,0.024665,0.950107
-0.046394,0.019737,0.541269,1.847685,19.187383,10.150643,3.469640,2.722941,170.732792,4.978734,1.045725,0.024636,0.950078
-0.042414,0.019833,0.539334,2.268751,19.245063,10.235798,3.469191,2.722863,170.695841,4.952681,1.045654,0.024536,0.949969
-0.046993,0.019580,0.574469,1.897397,19.168017,9.278005,3.468044,2.718985,170.572572,4.828633,1.044999,0.023944,0.949394
-0.041289,0.020444,0.535013,1.883335,19.261873,10.814528,3.471283,2.721497,170.531007,5.224257,1.045419,0.025831,0.949798
-0.046259,0.020782,0.586787,1.828554,19.198248,10.142207,3.474034,2.727208,170.429902,5.140569,1.044975,0.025397,0.949408
-0.042661,0.019980,0.557199,1.718137,19.211125,10.130635,3.471736,2.720464,170.439723,5.118918,1.044833,0.025290,0.949295
-0.041661,0.020576,0.577223,2.062119,19.205807,10.133305,3.474869,2.708001,170.448612,5.088899,1.044712,0.025156,0.949195
-0.043812,0.020235,0.544541,1.854534,19.223247,10.359873,3.471679,2.719497,170.456211,5.074428,1.044687,0.025110,0.949145
-0.040008,0.019828,0.548094,2.044382,19.239943,10.665958,3.468920,2.704200,170.462285,5.074442,1.044671,0.025129,0.949147
-0.045504,0.020444,0.587267,1.759569,19.209073,9.766342,3.471054,2.717772,170.385111,4.961660,1.044125,0.024599,0.948656
-0.051135,0.019527,0.567498,1.761582,19.165438,9.451192,3.468937,2.713342,170.320948,4.907294,1.043768,0.024293,0.948361
-0.046552,0.019794,0.594187,1.952151,19.164348,9.613372,3.471308,2.692676,170.314412,4.884811,1.043647,0.024188,0.948241
-0.046668,0.020205,0.594717,1.701800,19.167155,9.673322,3.469436,2.714648,170.265276,4.852688,1.043554,0.024086,0.948112
-0.037701,0.020932,0.602735,1.880886,19.241472,11.117950,3.471846,2.715555,170.261027,5.241567,1.043928,0.025926,0.948500
-0.045794,0.020034,0.509490,2.495083,19.198873,9.931478,3.470413,2.709550,170.208213,5.116666,1.043352,0.025301,0.947935
-0.052231,0.020195,0.578142,2.082830,19.148715,9.410762,3.471423,2.733259,170.155614,5.031714,1.042909,0.024898,0.947560
-0.043658,0.020500,0.625784,1.608543,19.229530,10.558347,3.474253,2.709074,170.184130,5.099123,1.043219,0.025221,0.947836
-0.055109,0.019630,0.603086,1.873007,19.143487,9.183498,3.471198,2.699484,170.091255,4.950726,1.042466,0.024453,0.947125
-0.044709,0.020677,0.592395,1.788484,19.187112,9.826917,3.472940,2.706861,170.010632,4.949623,1.042550,0.024544,0.947197
-0.053147,0.020951,0.608490,1.710319,19.129018,9.081138,3.474298,2.690960,169.940482,4.840353,1.041972,0.024021,0.946692
-0.039901,0.020576,0.606574,1.754671,19.210733,10.263767,3.470798,2.703537,170.029708,4.940317,1.042399,0.024477,0.947100
-0.042122,0.020749,0.597659,1.838818,19.184935,10.641625,3.473156,2.703716,170.079824,4.956900,1.042463,0.024579,0.947199
-0.044640,0.021171,0.533187,1.875381,19.108887,10.153805,3.475093,2.706513,170.081454,4.895328,1.042197,0.024298,0.946950
-0.044931,0.021149,0.563269,1.968891,19.121938,10.350917,3.475542,2.706838,170.022791,5.167674,1.042017,0.025538,0.946743
-0.055463,0.020519,0.583816,1.739212,19.089830,8.871008,3.473874,2.718237,169.925039,4.984844,1.041161,0.024634,0.945910
-0.049230,0.020296,0.616274,1.888747,19.265093,10.281520,3.470126,2.704751,169.815762,5.644068,1.041531,0.025037,0.946273
-0.038385,0.020306,0.629587,1.710698,19.166303,10.694220,3.470387,2.710251,169.747010,5.057731,1.041426,0.025037,0.946240
-0.040771,0.020518,0.563177,1.776354,19.171873,10.280407,3.470248,2.708402,169.786056,4.992890,1.041178,0.024734,0.945958
-0.044830,0.021484,0.578681,2.219895,19.138392,9.967793,3.475172,2.715233,169.784341,4.940368,1.040907,0.024464,0.945736
-0.043454,0.020440,0.531339,2.586086,19.178645,9.942458,3.470652,2.701537,169.782037,4.908262,1.040764,0.024337,0.945598
-0.045993,0.020991,0.587471,1.755593,19.157142,9.968815,3.472641,2.713871,169.745082,4.882898,1.040610,0.024208,0.945456
-0.045993,0.020962,0.584169,1.711842,19.189557,10.320490,3.472619,2.704645,169.711284,5.171590,1.040509,0.025577,0.945389
-0.042953,0.020651,0.568590,1.832215,19.177203,10.104873,3.472028,2.732455,169.632803,5.122032,1.040232,0.025278,0.945126
-0.047746,0.020916,0.577097,1.971867,19.126727,9.876390,3.471749,2.714598,169.567541,5.040304,1.039942,0.024968,0.944826
-0.044276,0.021207,0.623683,1.565071,19.140997,9.885997,3.474255,2.707351,169.566663,5.015537,1.039767,0.024827,0.944693
-0.045426,0.020822,0.639570,1.504369,19.159808,10.019427,3.472560,2.701176,169.588412,5.007775,1.039678,0.024789,0.944641
-0.041719,0.021035,0.627707,1.760831,19.135018,10.499148,3.473174,2.709817,169.588463,5.010463,1.039714,0.024851,0.944698
-0.052637,0.021107,0.627555,1.712249,19.090742,9.131753,3.474231,2.712281,169.534999,4.853200,1.038975,0.024065,0.943968
-0.036579,0.020844,0.614991,1.658610,19.214162,10.768047,3.471254,2.709879,169.556178,4.958038,1.039473,0.024627,0.944457
-0.044039,0.021306,0.640169,1.691693,19.184447,10.663127,3.471602,2.713536,169.539955,5.226959,1.039264,0.025865,0.944297
-0.042635,0.021355,0.618446,1.860078,19.172763,10.117313,3.473780,2.719133,169.447684,5.152796,1.038852,0.025463,0.943896
-0.041034,0.021473,0.594120,2.214068,19.212470,11.063952,3.474002,2.724337,169.466640,5.179141,1.039044,0.025649,0.944063
-0.050577,0.021132,0.647219,1.712567,19.158033,10.042977,3.473089,2.695662,169.366547,5.079777,1.038452,0.025077,0.943554
-0.051501,0.021468,0.615956,1.788694,19.127500,9.101345,3.476874,2.717119,169.257443,4.923456,1.037785,0.024377,0.942865
-0.053319,0.021064,0.632927,1.721537,19.080857,9.031415,3.471763,2.720896,169.222260,4.875128,1.037496,0.024157,0.942658
-0.044108,0.021683,0.652803,1.752644,19.157940,9.740008,3.476386,2.712051,169.226542,4.908235,1.037638,0.024297,0.942774
-0.047139,0.021421,0.642823,1.792271,19.189488,9.672393,3.474649,2.699363,169.198790,5.158045,1.037384,0.025500,0.942549
-0.042849,0.021535,0.643023,1.694219,19.299597,10.522720,3.471557,2.704714,169.206423,5.200417,1.037597,0.025703,0.942738
-0.046208,0.020825,0.587326,1.862071,19.208247,9.512653,3.471463,2.720291,169.155447,5.083471,1.037004,0.025145,0.942236
-0.039870,0.021011,0.609245,1.811303,19.237062,10.881313,3.471779,2.690065,169.207772,5.168571,1.037370,0.025557,0.942603
-0.041432,0.021859,0.554895,1.788487,19.238478,10.330263,3.477418,2.714681,169.160882,5.084843,1.037042,0.025186,0.942253
-0.047310,0.021867,0.634447,1.814604,19.229208,9.746278,3.474220,2.713465,169.100273,5.000021,1.036609,0.024749,0.941844
-0.039540,0.021479,0.607697,2.097787,19.198592,10.668260,3.474199,2.713893,169.091332,5.034675,1.036759,0.024957,0.942007
-0.048571,0.021573,0.621715,1.608394,19.221832,9.471375,3.473205,2.691699,169.033429,4.892382,1.036090,0.024236,0.941342
-0.042532,0.021851,0.670648,1.649068,19.253702,10.741567,3.474019,2.705506,168.901984,5.258351,1.036316,0.026019,0.941624
-0.045573,0.021518,0.669840,1.700367,19.239098,10.067972,3.471342,2.708689,168.749317,5.129368,1.035738,0.025378,0.941053
-0.045262,0.021087,0.622337,1.595296,19.220243,10.179950,3.469941,2.712378,168.737858,5.090199,1.035560,0.025242,0.940904
-0.048861,0.021035,0.646913,1.607201,19.208170,9.732790,3.472590,2.709159,168.757143,5.020072,1.035216,0.024894,0.940581
-0.040999,0.021219,0.619909,1.516006,19.239033,10.247280,3.469743,2.712372,168.829212,5.031290,1.035291,0.024957,0.940641
-0.050276,0.021344,0.653200,1.632523,19.220570,9.514882,3.474015,2.698227,168.807630,4.955826,1.034855,0.024510,0.940229
-0.044841,0.021785,0.650260,1.570793,19.230915,9.923767,3.473745,2.715076,168.822721,4.951641,1.034844,0.024515,0.940207
-0.040832,0.022134,0.639720,1.621341,19.260133,10.500740,3.476047,2.700595,168.830399,4.967774,1.034919,0.024628,0.940287
-0.047211,0.021609,0.655788,1.714895,19.221635,9.762405,3.472996,2.707884,168.779544,4.876603,1.034454,0.024179,0.939878
-0.043296,0.022085,0.616222,1.586374,19.359370,10.427488,3.473028,2.700785,168.635777,5.184320,1.034488,0.025627,0.939892
-0.038249,0.021635,0.626896,1.629235,19.298237,11.139378,3.475103,2.716746,168.612099,5.200992,1.034498,0.025734,0.939968
-0.052880,0.021617,0.670590,1.631797,19.224752,9.143002,3.475650,2.712461,168.512806,4.994393,1.033507,0.024688,0.939007
-0.041663,0.022027,0.660546,1.637157,19.257355,10.458493,3.475553,2.710223,168.545530,5.065141,1.033807,0.025077,0.939344
-0.037809,0.022269,0.703985,1.526256,19.297385,11.178193,3.476087,2.712943,168.539767,5.067337,1.033886,0.025172,0.939409
-0.044746,0.022693,0.681467,1.586029,19.259675,10.079125,3.479650,2.701724,168.468015,4.953009,1.033265,0.024574,0.938840
-0.052359,0.022286,0.689224,1.614712,19.208207,9.499040,3.476409,2.708603,168.369417,5.151751,1.032740,0.025462,0.938354
-0.049224,0.022147,0.698203,1.497144,19.224595,9.894707,3.476605,2.682859,168.286591,5.134684,1.032584,0.025364,0.938239
-0.043735,0.021593,0.707597,1.459835,19.270305,10.193367,3.472040,2.716713,168.429623,5.124486,1.032648,0.025362,0.938255
-0.045397,0.022068,0.647033,1.471498,19.359883,10.653313,3.475823,2.703225,168.559728,5.151975,1.032786,0.025510,0.938381
-0.050463,0.022496,0.664025,1.505792,19.336758,9.598587,3.475826,2.698476,168.602991,5.061044,1.032285,0.024998,0.937919
-0.058762,0.021521,0.669734,1.582292,19.224380,8.450507,3.470196,2.715195,168.591711,4.918766,1.031555,0.024265,0.937244
-0.054588,0.022002,0.688544,1.519708,19.249928,9.043563,3.472608,2.687262,168.623620,4.939757,1.031654,0.024385,0.937352
-0.051615,0.022621,0.659295,1.608275,19.319037,9.352698,3.478236,2.700653,168.646032,4.918969,1.031624,0.024369,0.937353
-0.049623,0.021975,0.639099,1.516564,19.288758,9.202233,3.471035,2.689794,168.620256,4.879795,1.031360,0.024152,0.937121
-0.053159,0.022688,0.678062,1.479202,19.350767,9.151395,3.474516,2.710066,168.600586,4.832847,1.031161,0.023930,0.936937
-0.045573,0.022620,0.663040,1.619731,19.355758,9.690607,3.473444,2.701018,168.560189,4.843969,1.031168,0.024008,0.936971
-0.053520,0.022348,0.648809,1.584391,19.403273,9.267487,3.471441,2.712481,168.493675,5.068073,1.030790,0.025032,0.936574
-0.049635,0.022551,0.682464,1.918751,19.308743,9.357117,3.474623,2.709109,168.400495,5.031368,1.030502,0.024833,0.936380
-0.050213,0.023017,0.683440,1.621628,19.340408,9.540145,3.477540,2.713764,168.323548,4.979840,1.030356,0.024640,0.936206
-0.047138,0.023024,0.692245,1.458811,19.375958,9.509525,3.477789,2.719611,168.239700,4.925429,1.030073,0.024419,0.935973
-0.051431,0.023162,0.661692,1.513047,19.352322,9.247953,3.476382,2.704536,168.271871,4.857564,1.029715,0.024087,0.935656
-0.049960,0.022855,0.671327,1.490085,19.405760,9.496455,3.477130,2.710519,168.467902,4.862634,1.029778,0.024113,0.935674
-0.047492,0.022620,0.615232,1.573311,19.460747,9.387568,3.474556,2.702574,168.690701,4.859999,1.029718,0.024024,0.935635
-0.056658,0.022806,0.663346,1.553942,19.515975,8.604047,3.472567,2.706395,168.869617,4.793898,1.029405,0.023646,0.935304
-0.051813,0.023325,0.620467,1.570395,19.614978,9.356147,3.474939,2.704323,169.040209,4.841771,1.029681,0.023913,0.935561
-0.060698,0.022237,0.684292,1.538726,19.517908,8.179605,3.469473,2.702934,168.071658,4.720772,1.029073,0.023306,0.935007
-0.058468,0.022902,0.623030,1.482136,19.600510,8.184903,3.473330,2.704280,169.123323,4.698332,1.028880,0.023130,0.934860
-0.047053,0.023387,0.636256,1.590096,19.675485,9.550122,3.475770,2.692931,169.185229,4.782099,1.029313,0.023612,0.935273
-0.050680,0.023598,0.678435,1.474053,19.691340,9.058510,3.473035,2.701370,169.160635,4.710604,1.028981,0.023227,0.934930
-0.051977,0.022444,0.664881,1.572678,19.714115,9.212975,3.472999,2.698271,168.964834,4.662187,1.028729,0.023048,0.934752
-0.045026,0.023404,0.665154,1.591611,19.687353,9.983820,3.476471,2.695612,168.618320,4.938701,1.028463,0.024370,0.934577
-0.044212,0.023558,0.678142,1.718531,19.674230,10.017413,3.474574,2.680267,168.254525,4.820420,1.027969,0.023878,0.934101
-0.043235,0.022871,0.702341,1.471978,19.765502,10.107935,3.472681,2.691027,167.929329,5.036880,1.027509,0.024868,0.933639
-0.045273,0.023805,0.721029,1.513025,19.658190,9.418842,3.477419,2.688870,167.624779,4.880561,1.026707,0.024205,0.932958
-0.048941,0.023499,0.685110,1.661128,19.662807,9.894847,3.474864,2.711445,167.434402,5.118285,1.026420,0.025343,0.932680
-0.037871,0.023433,0.722079,1.384724,19.701728,10.908982,3.474813,2.688571,167.331128,5.133644,1.026436,0.025459,0.932740
-0.046176,0.023689,0.763355,1.394236,19.696753,10.163188,3.476848,2.694881,167.183688,5.305991,1.025862,0.026270,0.932155
-0.049720,0.023779,0.748597,1.512147,19.782837,9.754993,3.479083,2.682649,167.089870,5.212770,1.025398,0.025784,0.931709
-0.049422,0.023390,0.689543,1.450539,19.716197,9.769593,3.474015,2.679727,167.019020,5.161569,1.025061,0.025528,0.931457
-0.045556,0.024150,0.720112,1.586323,19.724517,9.789502,3.479951,2.672013,166.974722,5.096788,1.024783,0.025285,0.931182
-0.040785,0.024598,0.736015,1.385971,19.808850,10.512802,3.479463,2.668732,166.968054,5.101297,1.024845,0.025343,0.931230
-0.048233,0.024254,0.726823,1.715801,19.795810,10.032118,3.477158,2.696731,166.912250,5.312002,1.024361,0.026329,0.930809
-0.044510,0.024934,0.768684,1.395771,19.922320,10.755380,3.480219,2.676363,166.882006,5.328580,1.024401,0.026356,0.930829
-0.043161,0.024644,0.765528,1.376206,19.864582,10.215220,3.481214,2.692378,166.812067,5.224098,1.023914,0.025880,0.930399
-0.042863,0.023887,0.775177,1.328125,19.853745,10.098373,3.478866,2.685565,166.739962,5.160890,1.023585,0.025593,0.930118
-0.046898,0.025014,0.775977,1.511315,19.875462,9.816675,3.481427,2.683705,166.679161,5.080457,1.023179,0.025214,0.929714
-0.046489,0.024468,0.790352,1.280915,19.850528,10.089545,3.478148,2.680192,166.684746,5.056189,1.023031,0.025119,0.929615
-0.050352,0.024783,0.788015,1.301319,19.895242,10.074617,3.480991,2.681826,166.673030,5.301626,1.022785,0.026255,0.929368
-0.053140,0.024856,0.803157,1.288689,19.849257,9.743775,3.481589,2.679139,166.636334,5.228644,1.022369,0.025864,0.928992
-0.042797,0.024536,0.755012,1.388541,19.945602,10.453960,3.476956,2.682937,166.619780,5.224972,1.022375,0.025884,0.929013
-0.036980,0.024336,0.790274,1.265364,19.996787,11.458412,3.478799,2.688428,166.758018,5.271711,1.022583,0.026116,0.929205
-0.052794,0.024815,0.684489,1.460816,19.931790,9.459610,3.476774,2.683400,166.839205,5.103165,1.021750,0.025204,0.928384
-0.049638,0.024386,0.778017,1.458010,20.011132,9.824658,3.477536,2.692299,166.960169,5.104095,1.021734,0.025219,0.928399
-0.055958,0.025389,0.749946,1.365376,20.002673,8.879740,3.482283,2.694592,166.991841,4.993253,1.021149,0.024637,0.927860
-0.046335,0.024442,0.768967,1.313867,20.011013,10.179135,3.477994,2.671633,167.054850,5.053794,1.021449,0.024980,0.928188
-0.046604,0.024206,0.782015,1.330710,20.011135,10.101525,3.476331,2.693743,167.051041,5.000455,1.021205,0.024724,0.927951
-0.050414,0.025222,0.772076,1.324638,20.011357,9.836903,3.481349,2.679181,167.025503,4.926628,1.020868,0.024377,0.927632
-0.047020,0.025113,0.744105,1.425836,20.011022,9.845440,3.477492,2.684425,166.974939,4.871417,1.020593,0.024121,0.927378
-0.045839,0.025079,0.792464,1.363481,20.006813,9.715622,3.475720,2.671550,166.848169,4.800236,1.020236,0.023817,0.927044
-0.048225,0.025172,0.805965,1.347705,20.011027,9.739338,3.478998,2.697966,166.515125,5.006037,1.019691,0.024770,0.926598
-0.056265,0.025889,0.806160,1.282566,19.932932,8.942853,3.481329,2.680228,166.183643,5.116889,1.018769,0.025318,0.925717
-0.049507,0.024871,0.797416,1.162826,20.011282,9.697735,3.476883,2.663427,165.960527,5.097863,1.018605,0.025216,0.925608
-0.042175,0.025667,0.837423,1.231650,20.011092,10.863935,3.480762,2.680712,165.807900,5.397106,1.018576,0.026751,0.925637
-0.050287,0.025460,0.810813,1.290351,19.975708,9.528842,3.482376,2.685206,165.648689,5.223902,1.017722,0.025836,0.924787
-0.049312,0.025539,0.858304,1.213467,19.940440,9.972750,3.479675,2.670592,165.542837,5.176905,1.017501,0.025664,0.924603
-0.046014,0.025807,0.841603,1.258814,19.919985,9.797995,3.479874,2.678020,165.447494,5.094677,1.017079,0.025288,0.924225
-0.048375,0.026394,0.844242,1.217662,20.010977,9.802313,3.484789,2.666151,165.371811,5.330753,1.016757,0.026390,0.923898
-0.051886,0.025946,0.851382,1.207343,20.010920,10.079005,3.482043,2.675039,165.309494,5.287012,1.016535,0.026206,0.923739
-0.049830,0.026829,0.876692,1.171287,20.010967,9.644432,3.486743,2.668072,165.235431,5.184106,1.016075,0.025717,0.923269
-0.053868,0.026263,0.891998,1.159264,20.006162,9.167052,3.481857,2.669764,165.169188,5.072869,1.015487,0.025211,0.922793
-0.041921,0.026443,0.770238,1.339356,20.011018,10.867372,3.483539,2.665009,165.157617,5.457596,1.015818,0.027023,0.923120
-0.045304,0.027197,0.885342,1.148257,20.010710,10.783275,3.486211,2.671867,165.093188,5.393850,1.015498,0.026716,0.922834
-0.047986,0.026463,0.891733,1.255671,20.010840,10.093378,3.481051,2.685993,165.001387,5.265952,1.014926,0.026088,0.922234
-0.045254,0.026864,0.870652,1.148462,20.010962,10.587153,3.485602,2.671206,164.934240,5.239612,1.014735,0.025988,0.922107
-0.042426,0.026747,0.887628,1.174697,20.010733,10.872717,3.482944,2.680504,164.836449,5.494157,1.014462,0.027211,0.921889
-0.048904,0.026824,0.827070,1.427870,20.000267,10.053577,3.484786,2.662443,164.758199,5.359960,1.013796,0.026508,0.921238
-0.048493,0.026849,0.914772,1.187872,20.010560,9.988003,3.483552,2.668637,164.678692,5.264015,1.013433,0.026143,0.920887
-0.046732,0.027620,0.888064,1.125901,20.010787,10.045560,3.484041,2.669330,164.592732,5.203221,1.013050,0.025849,0.920596
-0.054550,0.027556,0.943313,1.142003,20.010708,9.505655,3.485055,2.669865,164.503186,5.396347,1.012446,0.026681,0.920024
-0.050379,0.026790,0.896857,1.151696,20.010545,9.944692,3.483376,2.678976,164.501820,5.359732,1.012242,0.026535,0.919874
-0.051978,0.027115,0.887834,1.126316,20.010630,9.394373,3.483922,2.654228,164.624874,5.277416,1.011817,0.026096,0.919466
-0.043851,0.027263,0.926385,1.149257,20.010813,10.597602,3.483867,2.668627,164.825227,5.341694,1.012100,0.026408,0.919766
-0.058615,0.027988,0.910928,1.192135,20.011045,8.976872,3.484881,2.668515,164.856891,5.152411,1.011298,0.025510,0.918949
-0.053988,0.027779,0.901841,1.203317,20.010817,8.857170,3.484637,2.684209,164.881988,5.099081,1.010911,0.025201,0.918668
-0.046838,0.028186,0.917188,1.120663,20.010282,10.010868,3.486945,2.668876,164.902041,5.136035,1.011058,0.025411,0.918846
-0.044711,0.027353,0.900438,1.201329,20.010507,10.495082,3.483978,2.673765,164.895703,5.115412,1.010928,0.025300,0.918737
-0.048110,0.027440,0.933287,1.158979,20.010482,9.421517,3.477365,2.682736,164.816398,4.948704,1.010231,0.024520,0.917986
-0.054551,0.028932,0.952411,1.058377,20.010467,9.256902,3.486868,2.685047,164.733977,5.154369,1.009709,0.025523,0.917576
-0.046386,0.027327,0.892381,1.032545,20.010558,9.961107,3.480710,2.680280,164.584573,5.142750,1.009565,0.025438,0.917489
-0.042583,0.027975,0.958292,1.062135,20.010273,10.324143,3.483744,2.686923,164.292854,5.062101,1.009116,0.025112,0.917124
-0.052300,0.027969,0.969269,1.153504,20.010387,9.740783,3.485152,2.670283,163.994412,5.185005,1.008310,0.025679,0.916312
-0.042081,0.028018,0.989510,1.061500,20.010147,10.870037,3.481996,2.668228,163.802038,5.464056,1.008115,0.027097,0.916231
-0.048700,0.028416,0.988370,1.022982,20.010175,9.929297,3.482951,2.672373,163.616086,5.296332,1.007325,0.026235,0.915433
-0.037964,0.028673,1.003267,1.017370,20.009868,11.638895,3.486374,2.657298,163.532748,5.340934,1.007413,0.026513,0.915626
-0.050016,0.029297,1.020484,1.014652,20.009938,9.944423,3.492458,2.661565,163.385782,5.414206,1.006396,0.026806,0.914571
-0.050562,0.029726,1.018517,0.983253,20.010172,9.657795,3.490919,2.656058,163.274954,5.291975,1.005785,0.026271,0.914065
-0.050292,0.029448,1.039113,1.067550,20.009923,9.532510,3.489489,2.671213,163.179577,5.197364,1.005259,0.025817,0.913578
-0.040690,0.029369,1.038201,1.037733,20.009775,11.064937,3.487427,2.647078,163.130490,5.530346,1.005390,0.027415,0.913738
-0.048392,0.029351,1.025019,1.012650,20.009777,10.284438,3.488116,2.634216,163.029394,5.381479,1.004656,0.026684,0.913049
-0.051738,0.029626,1.037277,1.033157,20.009953,9.470063,3.488874,2.682235,162.933335,5.221891,1.003877,0.025935,0.912323
-0.054376,0.030634,1.076022,0.959622,20.009978,9.926945,3.493471,2.665077,162.843003,5.475637,1.003526,0.027106,0.912068
-0.049445,0.029806,1.038743,0.975133,20.009627,9.493177,3.488772,2.668165,162.752115,5.330244,1.002865,0.026451,0.911451
-0.042489,0.030208,1.057424,0.945724,20.009473,10.656378,3.490500,2.665972,162.668710,5.346541,1.002850,0.026546,0.911480
-0.052635,0.030498,1.058171,0.969222,20.009268,9.676990,3.489223,2.642459,162.535056,5.474744,1.001983,0.027076,0.910652
-0.045932,0.031003,1.091145,0.972890,20.009067,10.236447,3.490740,2.648947,162.423907,5.392534,1.001640,0.026825,0.910402
-0.063116,0.030782,1.121704,0.926911,20.009507,8.509317,3.487131,2.671804,162.252038,5.442766,1.000341,0.026938,0.909146
-0.051390,0.030925,1.143335,0.937393,20.008975,9.711650,3.490036,2.650429,162.179755,5.453322,1.000356,0.027008,0.909203
-0.048675,0.031344,1.140506,0.895802,20.009027,10.344065,3.490309,2.673686,162.082756,5.406719,1.000108,0.026854,0.909003
-0.050187,0.031374,1.145223,0.876955,20.009095,10.065747,3.490285,2.653957,161.966454,5.580205,0.999463,0.027672,0.908404
-0.055044,0.031662,1.173721,0.886934,20.009025,9.608940,3.492521,2.662153,161.886094,5.427047,0.998737,0.026956,0.907750
-0.045061,0.031467,1.171630,0.853511,20.008827,10.421985,3.494364,2.649790,161.946762,5.419692,0.998603,0.026900,0.907669
-0.046360,0.031357,1.130398,0.884769,20.008622,10.175672,3.489124,2.650528,161.992511,5.322691,0.998121,0.026435,0.907240
-0.047320,0.032213,1.145991,0.935435,20.008470,10.105123,3.491135,2.664850,162.014390,5.227726,0.997699,0.025980,0.906784
-0.054978,0.032912,1.155233,0.911936,20.008642,9.687583,3.492527,2.652703,161.983595,5.406487,0.997029,0.026769,0.906195
-0.043319,0.031963,1.181464,0.900886,20.008297,10.774207,3.489325,2.661463,161.984540,5.392509,0.996962,0.026723,0.906158
-0.054231,0.032613,1.169894,0.854734,20.008263,9.197255,3.491204,2.652737,161.961383,5.181571,0.995945,0.025645,0.905161
-0.059706,0.032701,1.146313,0.910147,20.008387,8.724670,3.491566,2.662530,161.884418,5.036586,0.995228,0.024988,0.904523
-0.053301,0.032231,1.194198,0.863510,20.008215,9.264837,3.488145,2.668879,161.765075,5.287259,0.994847,0.026123,0.904224
-0.038129,0.032953,1.205876,0.876995,20.007990,10.947823,3.490685,2.680780,161.625518,5.287901,0.994862,0.026273,0.904342
-0.056139,0.033199,1.212695,0.839572,20.007973,9.118633,3.493622,2.678925,161.251836,5.310454,0.993493,0.026275,0.902961
-0.052848,0.033501,1.257527,0.824357,20.008003,10.025512,3.491767,2.676526,160.930641,5.515651,0.992998,0.027399,0.902611
-0.059629,0.033636,1.269228,0.787879,20.008270,8.985018,3.494076,2.660133,160.638558,5.295452,0.991889,0.026234,0.901517
-0.048201,0.034323,1.289210,0.789463,20.007920,10.452490,3.495659,2.656443,160.457697,5.597959,0.991769,0.027712,0.901493
-0.045825,0.033839,1.299527,0.792927,20.007895,10.630192,3.491533,2.656989,160.309394,5.481819,0.991250,0.027220,0.901018
-0.049791,0.035428,1.326616,0.753798,20.016190,10.400450,3.499604,2.656414,160.179147,5.648886,0.990588,0.028012,0.900377
-0.054650,0.034799,1.349718,0.827858,20.007905,9.447892,3.489480,2.666046,160.041502,5.453550,0.989654,0.027050,0.899497
-0.044642,0.035231,1.353118,0.768609,20.016153,10.634603,3.497724,2.653365,159.960210,5.442821,0.989527,0.027065,0.899472
-0.062344,0.035354,1.316385,0.741706,20.016367,8.863973,3.494624,2.647621,159.818648,5.481615,0.988264,0.027162,0.898210
-0.052581,0.034999,1.365379,0.759502,20.016380,9.433228,3.492325,2.646958,159.709636,5.420909,0.987920,0.026899,0.897960
-0.053006,0.035531,1.382819,0.780987,20.016337,9.534938,3.496177,2.649707,159.578099,5.324201,0.987351,0.026469,0.897513
-0.057617,0.036035,1.407875,0.710279,20.016142,9.684315,3.496386,2.651815,159.461186,5.522898,0.986826,0.027340,0.896985
-0.047481,0.036013,1.430222,0.699405,20.015822,10.351912,3.496438,2.662510,159.370210,5.467421,0.986514,0.027118,0.896752
-0.056536,0.036298,1.392775,0.745018,20.015815,9.757740,3.491628,2.642794,159.251337,5.592403,0.985727,0.027752,0.895971
-0.044763,0.036888,1.431522,0.700385,20.015697,10.318608,3.497639,2.646924,159.164326,5.541091,0.985380,0.027451,0.895695
-0.054730,0.037000,1.465684,0.687476,20.015722,9.426943,3.498039,2.639633,159.019265,5.344968,0.984489,0.026548,0.894839
-0.047874,0.037739,1.490665,0.693379,20.015602,10.360772,3.507221,2.658665,158.927846,5.620666,0.984250,0.027841,0.894671
-0.047676,0.037439,1.481986,0.674774,20.015483,10.387827,3.498701,2.639189,158.835546,5.515974,0.983758,0.027351,0.894218
-0.048981,0.037161,1.444675,0.696758,20.015600,9.990497,3.494987,2.641349,158.719149,5.373181,0.983092,0.026696,0.893572
-0.045675,0.037727,1.495168,0.668827,20.015377,10.585327,3.499066,2.639263,158.618942,5.616712,0.982708,0.027851,0.893284
-0.050939,0.038118,1.549111,0.715076,20.015487,9.963840,3.504277,2.619852,158.516292,5.463563,0.981958,0.027057,0.892556
-0.053749,0.038388,1.479139,0.676145,20.015618,9.910655,3.500786,2.637582,158.526198,5.353575,0.981444,0.026586,0.892087
-0.044602,0.038233,1.553207,0.643818,20.015295,10.187950,3.501261,2.637268,158.612327,5.300345,0.981150,0.026339,0.891839
-0.052802,0.039669,1.527879,0.654502,20.015112,9.646733,3.504292,2.649814,158.644663,5.481892,0.980510,0.027112,0.891234
-0.043909,0.039015,1.560746,0.640725,20.015070,10.538200,3.496825,2.634439,158.653858,5.455302,0.980337,0.027014,0.891139
-0.054835,0.038159,1.555499,0.642880,20.015407,9.224850,3.495876,2.641885,158.609678,5.244902,0.979424,0.025996,0.890206
-0.048091,0.039802,1.580054,0.653549,20.015282,10.257432,3.504751,2.669735,158.532254,5.232538,0.979262,0.025948,0.890127
-0.053731,0.039377,1.539242,0.671937,20.015402,9.727732,3.498115,2.656811,158.391941,5.380735,0.978517,0.026637,0.889416
-0.049540,0.040302,1.603225,0.640471,20.015523,9.450502,3.503787,2.643028,158.215185,5.236910,0.977839,0.025960,0.888768
-0.044859,0.040884,1.614410,0.639169,20.015392,10.825850,3.506120,2.657368,158.040121,5.530716,0.977684,0.027395,0.888716
-0.051974,0.039853,1.622808,0.618667,20.015403,10.141367,3.501433,2.640418,157.781116,5.355758,0.976855,0.026552,0.887932
-0.050705,0.041225,1.640179,0.609796,20.015482,10.361520,3.503890,2.655242,157.534528,5.532863,0.976239,0.027441,0.887360
-0.049101,0.041091,1.726520,0.596117,20.015470,9.779715,3.501121,2.640797,157.329379,5.376071,0.975401,0.026638,0.886600
-0.067655,0.042460,1.744785,0.599482,20.015722,8.856028,3.507085,2.649019,157.179474,5.469615,0.974430,0.027079,0.885648
-0.047632,0.041610,1.712431,0.583972,20.015258,10.311385,3.498824,2.634946,157.092245,5.492707,0.974392,0.027252,0.885794
-0.053670,0.042771,1.777355,0.562635,20.015552,9.269433,3.507352,2.651212,156.974518,5.287790,0.973524,0.026249,0.884838
-0.053695,0.042794,1.795526,0.556940,20.015480,9.832292,3.505729,2.633594,156.878433,5.545634,0.973130,0.027453,0.884595
-0.047490,0.042966,1.798265,0.567989,20.015510,10.279340,3.506099,2.636264,156.795299,5.470520,0.972786,0.027116,0.884270
-0.051726,0.042935,1.777587,0.580650,20.015508,9.353850,3.504228,2.630316,156.669989,5.277405,0.971915,0.026217,0.883407
-0.060991,0.043744,1.832254,0.545770,20.015735,9.437097,3.502401,2.657982,156.581963,5.486572,0.971343,0.027172,0.882943
-0.048389,0.043432,1.789461,0.567188,20.015788,10.006405,3.500507,2.635679,156.478128,5.421733,0.971016,0.026890,0.882682
-0.050417,0.044015,1.894550,0.532946,20.015698,9.748263,3.504308,2.627512,156.370802,5.292383,0.970387,0.026292,0.882081
-0.050258,0.044788,1.913564,0.538038,20.015602,10.202460,3.506421,2.625797,156.269808,5.525206,0.969988,0.027363,0.881730
-0.050163,0.044614,1.868715,0.541979,20.015618,9.714243,3.506424,2.653002,156.165336,5.377536,0.969291,0.026657,0.881069
-0.050644,0.044775,1.935228,0.527578,20.015712,9.754672,3.505679,2.645839,156.054706,5.284069,0.968758,0.026219,0.880613
-0.050195,0.045014,1.961605,0.509787,20.015828,10.352967,3.504296,2.633454,156.002215,5.520610,0.968412,0.027348,0.880330
-0.051744,0.045811,1.977583,0.505656,20.015590,9.899335,3.508033,2.632941,155.957207,5.382134,0.967787,0.026682,0.879706
-0.053287,0.046371,1.982893,0.507545,20.015818,9.196837,3.508836,2.642759,155.811069,5.214504,0.966951,0.025897,0.878940
-0.053312,0.045910,2.016852,0.495810,20.015870,9.811630,3.510763,2.655839,155.658062,5.454350,0.966547,0.027003,0.878622
-0.054918,0.047819,2.064375,0.501565,20.016125,9.285463,3.512504,2.611372,155.556334,5.289726,0.965833,0.026262,0.877910
-0.045695,0.047651,2.086769,0.496227,20.015805,10.183377,3.515376,2.636359,155.461830,5.567286,0.965584,0.027584,0.877760
-0.045512,0.047136,2.088933,0.479157,20.015708,10.603562,3.503886,2.631013,155.370616,5.485123,0.965197,0.027221,0.877424
-0.048340,0.048694,2.064731,0.484324,20.016030,9.901012,3.513539,2.645015,155.434774,5.341908,0.964540,0.026498,0.876748
-0.046353,0.047641,2.085326,0.481554,20.015835,10.253210,3.503276,2.645965,155.576607,5.304120,0.964302,0.026315,0.876576
-0.054205,0.048181,2.121042,0.486553,20.007818,9.032493,3.507129,2.622233,155.664584,5.124799,0.963521,0.025425,0.875756
-0.043626,0.048117,2.093359,0.479634,20.015872,10.127860,3.507076,2.656138,155.713404,5.145833,0.963441,0.025528,0.875833
-0.046851,0.048865,2.148026,0.465536,20.016013,9.925615,3.506131,2.633871,155.692484,5.335418,0.962947,0.026385,0.875294
-0.051283,0.048502,2.122249,0.502982,20.016123,9.629613,3.503263,2.608694,155.608835,5.212376,0.962334,0.025788,0.874740
-0.054383,0.049066,2.188310,0.458576,20.007828,8.867093,3.503417,2.622137,155.487917,5.032414,0.961543,0.024978,0.873965
-0.054127,0.050498,2.223250,0.475295,20.016447,9.059830,3.510566,2.637953,155.351561,5.252611,0.961014,0.025981,0.873535
