SCC,SCV,DVV,ICP,CCDT,CVCT,ACCV C,ACCV D,ECD,ECV,CCD,CCV,SoH
-0.039988,0.014349,0.310054,3.054115,20.016403,10.416687,3.445798,2.742634,181.448186,6.542921,1.087651,0.032388,0.989079
-0.039986,0.013838,0.253700,5.986822,20.015373,10.250187,3.443920,2.769556,181.672866,6.153863,1.088773,0.030549,0.990200
-0.039125,0.014012,0.306016,3.755698,20.015475,10.166793,3.446490,2.753927,181.781874,5.972013,1.089572,0.029648,0.990716
-0.038296,0.013909,0.282914,3.548977,20.015230,10.083502,3.446570,2.757425,181.921499,5.783223,1.090121,0.028737,0.991218
-0.039934,0.013793,0.282996,3.359019,20.015542,10.083515,3.442237,2.762777,181.939071,5.799685,1.090214,0.028848,0.991410
-0.039877,0.014457,0.261651,6.267558,20.015455,10.083355,3.446873,2.751647,181.991217,5.843492,1.090541,0.029012,0.991584
-0.036615,0.013368,0.252766,3.301513,20.015855,10.000007,3.442523,2.767795,182.045059,5.560389,1.090741,0.027743,0.991735
-0.039067,0.014429,0.247262,3.446282,20.015908,10.000100,3.447216,2.755793,182.056367,5.547017,1.090872,0.027676,0.991630
-0.040391,0.013132,0.271013,3.196267,20.016017,10.000027,3.441332,2.754957,182.079822,5.628875,1.091027,0.027997,0.992033
-0.039124,0.013406,0.271835,4.782917,20.016143,9.999980,3.442779,2.744151,182.090500,5.666690,1.091144,0.028079,0.992140
-0.042617,0.014028,0.300890,3.616570,20.016135,10.000043,3.444660,2.755188,182.117425,5.682081,1.091255,0.028151,0.992179
-0.039600,0.013684,0.254287,4.004315,20.016138,10.000123,3.443472,2.737542,182.075073,5.685954,1.091264,0.028175,0.992185
-0.041026,0.013572,0.297024,3.238776,20.016122,10.000040,3.445197,2.759424,182.061262,5.679417,1.091358,0.028145,0.992172
-0.044760,0.014218,0.295110,3.206450,20.007788,10.083367,3.445527,2.756621,182.046114,5.651039,1.091413,0.027978,0.990663
-0.037155,0.013884,0.215147,3.747372,20.007937,9.916733,3.444075,2.756493,182.013503,5.382291,1.091309,0.026831,0.992241
-0.039843,0.013741,0.295119,3.811872,20.003308,9.916610,3.443928,2.739901,181.987713,5.358410,1.091293,0.026672,0.992227
-0.040245,0.013018,0.261820,4.080138,20.008092,9.916770,3.441991,2.748295,181.984802,5.366049,1.091323,0.026699,0.992202
-0.039555,0.013387,0.271573,4.381891,20.007962,9.916757,3.441399,2.752662,181.983022,5.364746,1.091344,0.026695,0.992207
-0.037156,0.013645,0.281912,4.637040,20.007855,9.916852,3.443033,2.752651,181.759458,5.301322,1.090167,0.026463,0.992278
-0.040182,0.013308,0.277384,3.543153,20.007948,9.916658,3.442549,2.748338,181.961425,5.377103,1.091338,0.026747,0.992224
-0.037003,0.013107,0.283140,3.728628,19.995842,9.916783,3.442709,2.735796,181.844719,5.379261,1.090804,0.026739,0.992217
-0.040605,0.013073,0.286837,2.522176,20.008068,9.916788,3.442672,2.756296,181.932815,5.387709,1.091367,0.026767,0.992260
-0.039977,0.013304,0.271215,3.726433,20.008230,9.916612,3.442840,2.762875,181.898175,5.360249,1.091294,0.026685,0.992176
-0.040192,0.013390,0.288591,3.086219,20.008307,9.916837,3.442946,2.758252,181.860899,5.368797,1.091325,0.026682,0.992181
-0.038256,0.014017,0.286608,3.618483,20.008318,9.916748,3.446724,2.762866,181.847298,5.370583,1.091311,0.026666,0.992225
-0.039237,0.013690,0.259549,3.768196,20.008470,9.916745,3.444245,2.756125,181.834972,5.354810,1.090148,0.026645,0.992212
-0.039432,0.013291,0.289328,4.002275,20.008545,9.916575,3.441854,2.767682,181.850353,5.378920,1.091363,0.026708,0.992271
-0.039776,0.013576,0.263621,5.556106,20.008288,9.916772,3.443298,2.761371,181.851262,5.368843,1.091500,0.026668,0.992216
-0.041731,0.013223,0.259289,3.345991,20.008613,9.916712,3.441614,2.749899,181.835383,5.383336,1.091346,0.026694,0.992261
-0.042629,0.013149,0.244007,5.915340,20.008473,9.916812,3.440458,2.759395,181.814434,5.379901,1.091305,0.026691,0.992215
-0.040405,0.013207,0.211600,4.875096,20.008378,9.916717,3.440586,2.746357,181.786620,5.319177,1.091325,0.026421,0.991965
-0.039854,0.013574,0.245366,2.705050,20.008550,9.916767,3.442656,2.761568,181.769386,5.378657,1.091358,0.026639,0.992224
-0.040313,0.012924,0.234877,3.745195,20.008538,9.916745,3.440307,2.757630,181.745985,5.388722,1.091358,0.026681,0.992244
-0.039249,0.013853,0.252446,4.308737,20.008605,9.916792,3.444526,2.761762,181.744527,5.385778,1.091404,0.026686,0.992251
-0.042357,0.013058,0.257598,3.780563,20.008483,9.916808,3.441550,2.746475,181.741475,5.367400,1.091200,0.026602,0.992152
-0.040024,0.013635,0.236572,4.064280,20.008468,9.916720,3.442378,2.743961,181.725926,5.379140,1.091412,0.026620,0.992164
-0.040308,0.013594,0.269747,5.138941,20.008453,10.000035,3.443119,2.742353,181.726827,5.337297,1.091540,0.026453,0.990649
-0.039135,0.013350,0.266115,3.739109,20.006522,9.916703,3.441961,2.755856,181.689213,5.385098,1.091321,0.026639,0.992214
-0.042297,0.014163,0.279926,3.777849,20.008583,9.916530,3.446508,2.752959,181.681403,5.389807,1.091465,0.026673,0.992278
-0.042921,0.014055,0.254398,4.270330,20.008503,9.916745,3.445279,2.756676,181.650030,5.396520,1.091388,0.026642,0.992212
-0.042693,0.013312,0.279896,3.703583,20.008438,9.916667,3.442374,2.762058,181.609871,5.360565,1.091317,0.026515,0.992134
-0.038561,0.013138,0.263641,3.322737,20.008693,9.916755,3.442700,2.761659,181.351925,5.344726,1.089943,0.026512,0.992094
-0.039984,0.013411,0.217580,3.557958,20.008763,9.916675,3.443193,2.754775,181.541756,5.349414,1.091159,0.026515,0.992090
-0.043278,0.013764,0.224269,4.437520,20.008750,9.916690,3.444621,2.755540,181.536965,5.327879,1.091102,0.026388,0.991974
-0.042271,0.013516,0.253304,3.811868,20.008418,9.916702,3.443332,2.740985,181.521177,5.348380,1.091142,0.026463,0.992053
-0.039585,0.013322,0.256364,3.989174,20.008565,9.916690,3.443703,2.744165,181.469964,5.327800,1.091076,0.026412,0.992012
-0.041010,0.013801,0.213445,4.056142,20.008592,9.916867,3.445922,2.751389,181.461735,5.328088,1.091067,0.026398,0.991934
-0.039479,0.013436,0.233861,4.526987,20.008857,9.916557,3.442643,2.742018,181.453732,5.325366,1.091175,0.026363,0.991945
-0.037904,0.013460,0.244979,5.192297,20.008750,9.916678,3.444288,2.739077,181.393701,5.293486,1.091030,0.026325,0.991899
-0.040562,0.014055,0.245072,4.168970,20.008542,9.916890,3.446282,2.733070,181.491897,5.310189,1.091035,0.026298,0.991883
-0.040139,0.013861,0.263010,3.361413,20.008615,9.916877,3.444564,2.753500,181.623857,5.347761,1.091197,0.026491,0.992068
-0.036302,0.013703,0.276165,5.258367,20.008682,9.833420,3.443691,2.746660,181.734759,5.055166,1.091380,0.025150,0.992274
-0.040079,0.013389,0.254739,3.930256,20.008643,9.833315,3.440963,2.749756,181.769756,5.112955,1.091439,0.025381,0.992400
-0.038651,0.013670,0.255617,4.304535,20.007083,9.833355,3.443198,2.749050,181.757652,5.041044,1.091501,0.025031,0.992011
-0.039136,0.013564,0.275212,3.462592,20.008893,9.916832,3.442271,2.745115,181.384793,5.342238,1.091238,0.026424,0.992027
-0.043421,0.013421,0.281583,3.826292,20.008662,9.916677,3.442774,2.764706,181.293229,5.278991,1.091019,0.026172,0.991793
-0.039916,0.013807,0.278392,3.500229,20.008453,9.916652,3.444972,2.753469,181.262803,5.258223,1.091003,0.026076,0.991648
-0.041171,0.013512,0.291597,3.979182,20.008655,9.916793,3.443263,2.750135,181.254307,5.250529,1.090893,0.026052,0.991671
-0.038787,0.013620,0.294734,3.431274,20.008793,9.916743,3.444637,2.739612,181.249809,5.256100,1.090758,0.026069,0.991677
-0.040229,0.013850,0.284169,2.909981,20.008420,10.166823,3.444647,2.747764,181.249134,5.320410,1.090939,0.026371,0.987799
-0.041094,0.014034,0.284923,3.676646,20.008588,10.000258,3.445970,2.751667,181.211776,5.345783,1.090898,0.026426,0.990666
-0.039629,0.014143,0.306103,3.508832,20.008695,10.083405,3.447015,2.738582,181.211362,5.208146,1.090861,0.025886,0.988793
-0.041386,0.013589,0.280436,3.764198,20.008585,9.916733,3.444288,2.731548,181.173832,5.214853,1.090695,0.025924,0.991643
-0.040269,0.013368,0.272606,3.526305,20.008865,9.916848,3.442534,2.742758,181.136663,5.189046,1.090888,0.025772,0.991551
-0.036992,0.013543,0.293994,3.442365,20.009030,9.916702,3.442811,2.762158,180.916861,5.212237,1.089316,0.025855,0.991423
-0.037003,0.013878,0.246439,3.298195,20.008748,9.916780,3.446822,2.747730,181.089575,5.201623,1.090450,0.025798,0.991368
-0.041444,0.012958,0.311311,3.215869,20.009245,9.916800,3.443243,2.746772,181.071450,5.209592,1.090481,0.025871,0.991469
-0.040390,0.013783,0.272943,3.770794,20.008962,9.916753,3.444270,2.739643,181.039913,5.166415,1.090383,0.025673,0.991285
-0.041604,0.013796,0.298691,3.736532,20.008720,9.916860,3.445026,2.734905,181.017956,5.170511,1.090364,0.025699,0.991265
-0.040402,0.013316,0.278212,3.539259,20.009025,9.916827,3.442856,2.746756,181.000841,5.150114,1.090101,0.025599,0.990957
-0.037592,0.013326,0.279208,3.215580,20.008822,9.916713,3.442872,2.750940,180.750122,5.136264,1.089034,0.025524,0.990296
-0.036409,0.013682,0.283224,2.821381,20.009250,9.916857,3.445694,2.759051,180.946064,5.136478,1.090259,0.025532,0.991114
-0.039822,0.013384,0.278526,3.831223,20.009205,9.916745,3.444022,2.745128,180.926964,5.135884,1.090248,0.025516,0.990819
-0.038630,0.013542,0.286980,3.720998,20.009028,9.916703,3.443992,2.716979,180.897257,5.125574,1.090235,0.025494,0.990807
-0.038464,0.014200,0.298777,3.257425,20.009047,9.916752,3.446258,2.738635,180.890781,5.118255,1.090123,0.025453,0.991001
-0.038205,0.013619,0.296421,3.303642,20.009122,9.916800,3.445298,2.751890,180.868559,5.138542,1.090098,0.025530,0.991110
-0.037883,0.014313,0.219602,2.826244,20.008988,9.916677,3.447544,2.751122,180.869551,5.095720,1.090198,0.025338,0.990907
-0.036802,0.013739,0.285986,4.013264,20.009230,9.916743,3.445270,2.742374,180.840029,5.103920,1.090108,0.025381,0.991001
-0.036556,0.013725,0.288806,3.547457,20.009190,9.916888,3.444949,2.735482,180.801764,5.103476,1.090075,0.025392,0.991018
-0.037334,0.013430,0.305570,5.499096,20.009230,9.916710,3.443488,2.748374,180.783505,5.111103,1.089990,0.025411,0.991000
-0.039290,0.014120,0.295795,3.474847,20.008995,9.916703,3.446756,2.741585,180.767922,5.104335,1.089933,0.025408,0.990952
-0.039661,0.013697,0.283472,3.987355,20.009018,9.916570,3.444378,2.737015,180.751595,5.097065,1.089992,0.025398,0.990900
-0.038151,0.013833,0.286509,4.622282,20.009335,9.999968,3.445003,2.739397,180.739957,5.181101,1.089964,0.025702,0.989900
-0.039166,0.014249,0.278962,3.714801,20.009067,9.916850,3.447223,2.735174,180.716096,5.087132,1.089906,0.025313,0.990893
-0.038222,0.013656,0.310578,3.738748,20.009213,9.916675,3.444539,2.738836,180.692356,5.073336,1.089901,0.025266,0.990818
-0.038356,0.013836,0.296400,4.253154,20.009335,9.916653,3.445482,2.742684,180.660269,5.075922,1.089867,0.025211,0.990784
-0.042510,0.014096,0.299854,3.331824,19.997388,10.000083,3.447600,2.722736,180.516837,5.352160,1.089259,0.026496,0.990669
-0.040054,0.013901,0.299101,3.203530,19.994753,10.000167,3.445904,2.721239,180.446746,5.357045,1.088881,0.026554,0.990718
-0.043178,0.014413,0.304291,4.031928,20.009482,10.000208,3.448547,2.738455,180.584806,5.350841,1.089760,0.026472,0.990644
-0.043081,0.014112,0.298657,4.112073,20.009233,9.999558,3.445743,2.728367,180.568382,5.334652,1.089656,0.026392,0.990653
-0.037988,0.013555,0.279315,3.362946,20.009110,9.999947,3.444085,2.742166,180.557858,5.324308,1.089665,0.026330,0.990603
-0.040779,0.014049,0.285829,4.138744,20.009230,10.000093,3.446420,2.728237,180.534769,5.327833,1.089571,0.026329,0.990585
-0.038234,0.013898,0.276225,5.345648,20.009255,10.000040,3.446723,2.717823,180.521837,5.340474,1.089692,0.026404,0.990648
-0.039318,0.014115,0.279867,2.991956,19.992258,9.916663,3.447264,2.707459,180.137816,5.044578,1.087488,0.025080,0.990616
-0.043500,0.014276,0.277428,3.118173,20.006908,10.000082,3.445448,2.744095,180.497053,5.323641,1.089706,0.026356,0.990559
-0.040086,0.013946,0.297323,3.176868,20.009310,10.000145,3.445280,2.732328,180.463409,5.331700,1.089534,0.026423,0.990666
-0.043050,0.013904,0.290123,2.918187,20.009360,9.999988,3.445802,2.737362,180.432274,5.321071,1.087040,0.026312,0.990505
-0.041163,0.014392,0.302556,3.506836,20.009653,10.000007,3.447353,2.732249,180.408963,5.292928,1.089430,0.026169,0.990362
-0.039114,0.014134,0.269712,3.128789,20.009415,10.000128,3.445276,2.744820,180.402494,5.293511,1.089369,0.026151,0.990382
-0.041489,0.014180,0.308619,2.983592,20.009308,10.000100,3.447563,2.739071,180.377888,5.254080,1.089411,0.025964,0.990226
-0.042454,0.014192,0.312631,3.433388,20.008327,10.000073,3.447048,2.747294,180.358700,5.278326,1.086851,0.026093,0.990321
-0.038628,0.013568,0.278550,3.119576,20.009320,10.000015,3.446013,2.740748,180.332910,5.257296,1.089243,0.026004,0.990242
-0.039837,0.013610,0.293667,3.068218,20.009282,10.000003,3.444467,2.748103,180.306957,5.260746,1.089275,0.026043,0.990244
-0.040584,0.013665,0.296698,3.203251,20.009442,10.000117,3.446226,2.744420,180.305874,5.254919,1.089298,0.025987,0.990206
-0.044360,0.013419,0.292878,3.086391,20.009488,10.000033,3.443109,2.747514,180.265190,5.263780,1.089202,0.025982,0.990209
-0.042773,0.014274,0.286479,4.574576,20.009655,10.083423,3.445909,2.744306,180.244359,5.330321,1.089145,0.026381,0.989205
-0.036694,0.013758,0.283926,3.762744,20.009675,10.000148,3.445016,2.726988,180.213607,5.222042,1.089103,0.025882,0.990096
-0.040175,0.013833,0.289347,3.615037,20.009740,10.000093,3.446017,2.740948,180.155573,5.198547,1.089012,0.025795,0.990043
-0.038638,0.014104,0.295027,3.212645,20.009483,10.000172,3.446406,2.724707,180.141789,5.185647,1.088957,0.025692,0.989896
-0.038376,0.013666,0.283142,4.061466,20.009672,9.999973,3.445962,2.729180,180.166623,5.200922,1.088991,0.025763,0.989996
-0.037524,0.013491,0.315818,3.447232,20.009545,9.999968,3.445456,2.750426,180.166660,5.218508,1.089004,0.025835,0.990064
-0.041461,0.014031,0.317453,3.233263,20.009602,10.000108,3.447003,2.753695,180.150580,5.189981,1.088955,0.025759,0.989972
-0.038699,0.014126,0.277390,2.744985,20.009420,10.000042,3.446977,2.742447,180.128824,5.181098,1.088943,0.025669,0.989915
-0.039432,0.013383,0.313016,3.858219,20.009515,10.000083,3.444341,2.732948,180.095337,5.179865,1.088903,0.025675,0.989888
-0.039458,0.013851,0.296584,3.150556,20.009637,10.000097,3.447087,2.732806,180.062796,5.150946,1.088818,0.025577,0.989809
-0.039670,0.013852,0.296817,3.377992,20.009722,10.000003,3.445917,2.750226,180.042969,5.168661,1.088769,0.025625,0.989875
-0.039638,0.013935,0.304461,3.253101,20.009803,10.000025,3.446881,2.733337,179.824781,5.135328,1.087518,0.025493,0.989703
-0.039024,0.013482,0.311210,3.229336,20.009905,10.000123,3.446350,2.749665,180.023144,5.130434,1.088689,0.025470,0.989707
-0.040645,0.014126,0.299090,3.562088,20.009730,10.000027,3.448454,2.745595,180.016401,5.109284,1.088658,0.025393,0.989716
-0.040842,0.014133,0.305262,3.907400,20.009948,10.000115,3.448464,2.736044,180.011979,5.154410,1.088665,0.025569,0.989813
-0.037516,0.013907,0.297797,3.542176,20.009470,10.000148,3.446552,2.730415,180.010088,5.136164,1.088667,0.025469,0.989710
-0.038813,0.013817,0.292122,3.912074,20.009958,10.000133,3.445701,2.726164,180.000654,5.152625,1.088726,0.025554,0.989787
-0.039466,0.013679,0.298914,3.569216,20.009668,10.000057,3.445385,2.730720,179.975059,5.159865,1.088689,0.025556,0.989835
-0.040496,0.014335,0.310102,3.016133,20.009695,10.000027,3.449333,2.743813,179.911283,5.075193,1.088492,0.025215,0.989584
-0.039658,0.014573,0.301091,3.065437,20.003228,10.000065,3.450342,2.729735,179.846033,5.087152,1.088238,0.025262,0.989509
-0.041529,0.014158,0.278949,4.743432,20.009470,10.166650,3.447214,2.739332,179.871756,5.279962,1.088432,0.026097,0.987491
-0.041500,0.015171,0.312338,3.630648,20.010137,10.250022,3.452623,2.717128,179.858207,5.336942,1.088557,0.026447,0.986456
-0.035895,0.014737,0.297545,3.042676,19.992375,10.000078,3.449709,2.704126,179.644330,5.055364,1.083628,0.025161,0.989378
-0.039417,0.014479,0.315167,2.770583,20.009670,10.083310,3.449365,2.740936,179.791703,5.298904,1.088176,0.026217,0.989076
-0.038327,0.013983,0.295123,2.939690,20.010043,10.000080,3.446522,2.748905,179.776197,5.059123,1.088156,0.025146,0.989324
-0.038641,0.014179,0.302354,3.184011,20.009817,10.000175,3.447359,2.730375,179.748064,5.047706,1.088150,0.025077,0.989267
-0.037343,0.014388,0.303588,2.806990,20.010228,10.083323,3.448300,2.742704,179.724049,5.320068,1.088058,0.026372,0.989197
-0.042216,0.014772,0.298722,3.301651,20.009727,10.083353,3.448495,2.753459,179.687519,5.316985,1.088004,0.026292,0.989092
-0.037597,0.014459,0.323474,4.067642,20.009588,10.083282,3.448937,2.734671,179.645188,5.088666,1.088094,0.025289,0.988093
-0.038634,0.013981,0.307284,3.820797,20.009733,10.083417,3.448011,2.732756,179.602759,5.233503,1.087876,0.025928,0.988945
-0.041851,0.013779,0.324070,3.190397,20.009948,10.083483,3.447989,2.740381,179.575775,5.258689,1.087838,0.026050,0.988911
-0.041689,0.014141,0.316601,3.460109,20.010140,10.083393,3.447211,2.719638,179.582514,5.263127,1.087815,0.026038,0.988889
-0.043036,0.014543,0.327881,2.945944,20.009845,10.083498,3.450123,2.749280,179.558946,5.236554,1.087804,0.025936,0.988814
-0.038279,0.014655,0.326391,2.945951,20.010003,10.083445,3.449799,2.725630,179.572496,5.266372,1.087801,0.026013,0.988838
-0.043377,0.014228,0.325591,3.734978,19.998547,10.083328,3.447390,2.712442,179.268645,5.261349,1.085990,0.026020,0.988856
-0.044241,0.013768,0.327506,2.614501,20.010040,10.083518,3.447447,2.733074,179.565836,5.259305,1.087788,0.026000,0.988854
-0.040880,0.014236,0.316916,3.397056,20.009725,10.083547,3.448562,2.735180,179.572452,5.279928,1.087622,0.026089,0.988925
-0.042965,0.014419,0.314257,3.758792,20.010202,10.083438,3.449671,2.796860,180.384758,5.232251,1.087624,0.025867,0.988726
-0.040150,0.014290,0.294403,3.105659,20.010163,10.083403,3.447352,2.727095,179.467500,5.190943,1.087607,0.025747,0.988688
-0.039486,0.013841,0.323311,2.913223,20.010208,10.166745,3.445778,2.747826,179.447420,5.218777,1.087544,0.025877,0.987630
-0.040032,0.014536,0.340620,3.250185,20.009992,10.083483,3.448931,2.739054,179.436631,5.209551,1.087504,0.025822,0.988683
-0.039634,0.014622,0.334501,3.424787,20.010138,10.083397,3.449471,2.749865,179.390269,5.188849,1.087421,0.025733,0.988591
-0.038279,0.014519,0.333004,3.469333,20.010002,10.083340,3.450815,2.723301,179.361676,5.181511,1.087299,0.025686,0.988320
-0.037307,0.014486,0.330005,2.882154,20.010043,10.083433,3.451360,2.740803,179.351972,5.198641,1.087377,0.025794,0.988603
-0.039599,0.014656,0.328670,2.821786,20.010347,10.083452,3.451705,2.739199,179.337088,5.160743,1.087266,0.025610,0.988444
-0.038683,0.014443,0.334185,3.113137,20.010125,10.083403,3.450297,2.748277,179.351629,5.168927,1.087351,0.025661,0.988516
-0.039123,0.013956,0.307722,2.995562,20.010217,10.083362,3.447685,2.739559,179.347320,5.111246,1.087335,0.025376,0.988210
-0.040515,0.014775,0.313547,3.959144,20.009948,10.083338,3.450768,2.743636,179.315735,5.147283,1.087156,0.025560,0.988373
-0.040251,0.014226,0.299042,2.912905,20.010117,10.083382,3.449144,2.719986,179.293536,5.130324,1.087213,0.025456,0.988341
-0.042653,0.014627,0.347506,2.649983,20.010187,10.083313,3.450266,2.734471,179.278415,5.146191,1.087101,0.025534,0.988383
-0.038995,0.014424,0.321013,3.272182,20.010202,10.083498,3.450083,2.750463,179.238765,5.135934,1.086969,0.025518,0.988356
-0.039457,0.014178,0.316086,2.555679,20.010278,10.083503,3.446968,2.737765,179.216726,5.132273,1.087156,0.025493,0.988339
-0.039260,0.014846,0.336724,2.694519,20.009925,10.166780,3.452220,2.738906,179.202372,5.066152,1.087189,0.025197,0.986599
-0.039832,0.014445,0.331838,3.915408,20.010143,10.083357,3.450102,2.729502,179.142485,5.094024,1.086983,0.025328,0.988141
-0.040647,0.014776,0.323878,2.741011,20.010200,10.083498,3.447863,2.736069,179.116300,5.108138,1.086945,0.025393,0.988201
-0.039058,0.014557,0.340979,2.840967,20.010093,10.083513,3.449681,2.733819,179.130451,5.078482,1.086687,0.025199,0.988002
-0.038137,0.013971,0.329814,3.287815,20.010392,10.083512,3.447007,2.737196,179.107827,5.057551,1.086928,0.025178,0.987929
-0.038239,0.014837,0.339814,3.356757,20.010372,10.083332,3.450496,2.732683,178.925626,5.085139,1.085576,0.025284,0.988086
-0.040953,0.014191,0.319662,3.734661,20.010307,10.083448,3.448088,2.738036,179.255542,5.110522,1.086896,0.025366,0.988179
-0.037786,0.014957,0.331383,2.516946,20.010057,10.083403,3.449775,2.739373,179.320404,5.091078,1.087015,0.025255,0.988127
-0.038084,0.014667,0.330221,3.528505,20.010060,10.083275,3.449120,2.740560,179.289122,5.091926,1.086976,0.025245,0.988117
-0.038453,0.014835,0.297354,3.288719,20.010312,10.083502,3.452674,2.743345,179.173440,5.074313,1.086898,0.025198,0.988053
-0.040582,0.014836,0.338192,2.966835,20.010350,10.166608,3.450582,2.733777,179.026551,5.331761,1.086645,0.026393,0.987816
-0.038498,0.014175,0.301722,3.298900,20.010110,10.166637,3.450026,2.718323,178.988850,5.312546,1.086586,0.026252,0.987645
-0.042582,0.014751,0.339644,3.835232,20.010230,10.166798,3.451215,2.743693,178.950320,5.316267,1.086514,0.026304,0.987695
-0.041815,0.014571,0.323403,2.688217,20.010480,10.166673,3.450885,2.730508,179.032949,5.304396,1.086497,0.026236,0.987645
-0.038376,0.014800,0.329311,3.288427,20.010473,10.083290,3.450704,2.715819,179.162006,5.013138,1.086629,0.024978,0.987777
-0.037227,0.014895,0.320861,3.156525,20.010150,10.083378,3.450611,2.727900,179.238950,5.030848,1.086664,0.024967,0.987831
-0.039182,0.014573,0.337331,3.552920,20.010267,10.083537,3.450260,2.740518,179.284174,5.044496,1.086715,0.025019,0.987852
-0.037778,0.015216,0.329363,3.346152,20.010240,10.083482,3.452102,2.737627,179.256881,4.984428,1.084282,0.024781,0.987656
-0.039536,0.014634,0.302803,3.242645,20.006795,10.083328,3.450417,2.738741,179.191488,5.015572,1.086708,0.024930,0.987745
-0.037700,0.014722,0.318577,3.042837,20.010330,10.083323,3.450439,2.721050,179.136014,5.008724,1.086620,0.024879,0.987699
-0.041735,0.014603,0.309496,3.592609,20.010267,10.166745,3.449369,2.738778,179.041072,5.276003,1.086411,0.026097,0.987583
-0.042299,0.014485,0.334635,2.943897,20.010710,10.166643,3.448311,2.735653,178.853571,5.265550,1.086236,0.026048,0.987481
-0.042395,0.014215,0.333753,3.255168,20.010363,10.166717,3.448696,2.720933,178.826338,5.224205,1.086136,0.025898,0.987334
-0.041886,0.014594,0.340386,2.708984,19.995802,10.250082,3.450654,2.722167,178.670590,5.312261,1.085398,0.026305,0.986351
-0.038630,0.014874,0.348905,2.773408,20.010588,10.166572,3.452051,2.728520,178.796330,5.212100,1.086090,0.025850,0.987267
-0.039588,0.015219,0.339969,2.460617,20.010615,10.166822,3.452968,2.747568,178.746778,5.183579,1.084710,0.025731,0.987220
-0.041044,0.015112,0.348603,3.331477,20.010538,10.166702,3.452629,2.735673,178.720921,5.164021,1.085962,0.025660,0.987058
-0.039086,0.015184,0.336927,2.522276,20.010638,10.166688,3.452883,2.718761,178.697172,5.153985,1.085863,0.025639,0.987075
-0.040722,0.014475,0.348922,2.855131,20.010592,10.166607,3.448543,2.724855,178.465008,5.147191,1.084477,0.025585,0.987004
-0.039667,0.014772,0.301589,3.267743,20.010525,10.166658,3.450163,2.720663,178.625571,5.120106,1.085694,0.025462,0.986791
-0.040746,0.015115,0.325132,2.992560,20.010900,10.166863,3.453843,2.722344,178.613068,5.130355,1.085594,0.025507,0.986883
-0.039345,0.014988,0.345068,2.781305,20.010445,10.166732,3.453142,2.722136,178.585293,5.122777,1.085484,0.025468,0.986838
-0.036876,0.015149,0.349045,3.635534,20.010442,10.166778,3.452267,2.724033,178.610579,5.116802,1.085615,0.025427,0.986826
-0.037795,0.015510,0.291788,2.869389,20.010670,10.166647,3.453667,2.726064,178.669106,5.108158,1.085592,0.025385,0.986816
-0.040344,0.015189,0.351978,2.970490,20.010792,10.166685,3.452601,2.731850,178.780170,5.136477,1.085740,0.025469,0.986933
-0.040897,0.015011,0.338392,2.954834,20.010583,10.166675,3.451725,2.713339,178.853531,5.151234,1.085856,0.025535,0.987064
-0.041069,0.014502,0.339455,2.816756,20.010547,10.166620,3.450205,2.727963,178.817149,5.139775,1.085826,0.025481,0.986971
-0.038118,0.015313,0.347464,3.042385,20.010617,10.166860,3.453257,2.731537,178.670641,5.121123,1.085580,0.025400,0.986883
-0.037699,0.014504,0.341455,3.227939,20.010778,10.166730,3.449124,2.711934,178.519895,5.075198,1.085464,0.025230,0.986637
-0.041659,0.015069,0.331647,2.747659,20.011123,10.249947,3.453731,2.722025,178.465571,5.367829,1.085341,0.026554,0.986612
-0.044062,0.014657,0.337810,3.109322,20.011083,10.250077,3.450139,2.735547,178.450730,5.311863,1.085267,0.026289,0.986298
-0.038002,0.015148,0.329718,3.626897,19.992787,10.166728,3.452390,2.698627,178.459809,5.080171,1.084276,0.025279,0.986694
-0.038909,0.015302,0.341857,3.207595,20.010682,10.166777,3.450448,2.744386,178.822048,5.107246,1.085528,0.025350,0.986858
-0.042478,0.015027,0.312382,3.393002,20.010657,10.166700,3.450828,2.719668,178.924692,5.156862,1.085384,0.025488,0.987003
-0.040295,0.014827,0.325989,2.828084,20.010873,10.166795,3.450517,2.734563,178.970828,5.187190,1.085618,0.025632,0.987116
-0.042751,0.014658,0.308441,3.297146,20.008738,9.994892,3.450065,2.733900,178.962900,5.142731,1.085611,0.025397,0.986959
-0.037669,0.014693,0.338502,3.652545,20.010532,10.166817,3.450090,2.713142,178.942654,4.938062,1.085716,0.024539,0.986069
-0.039878,0.014292,0.320635,2.730737,20.010700,10.166762,3.451260,2.719686,178.866952,5.119202,1.085703,0.025323,0.986854
-0.037576,0.014709,0.343098,2.940362,20.010500,10.166747,3.450880,2.731219,178.730147,5.097420,1.085528,0.025266,0.986737
-0.036844,0.014963,0.307500,3.461785,20.010820,10.166595,3.451036,2.716985,178.438099,5.041728,1.085224,0.025054,0.986525
-0.041466,0.014238,0.341332,4.009384,20.010765,10.250050,3.449433,2.733899,178.279948,5.327496,1.084888,0.026338,0.986374
-0.042604,0.015065,0.335729,2.889515,20.010870,10.249983,3.452661,2.725741,178.170795,5.308142,1.084116,0.026253,0.986294
-0.039629,0.015439,0.332730,2.620207,20.011308,10.249983,3.454920,2.727377,178.227107,5.287851,1.084869,0.026202,0.986254
-0.038655,0.015598,0.339350,3.432763,19.988918,10.250107,3.453856,2.707759,178.205759,5.265312,1.084754,0.026094,0.986120
-0.039463,0.014966,0.320212,2.899772,20.011067,10.250147,3.454492,2.713591,178.162365,5.227540,1.084643,0.025952,0.986019
-0.041574,0.014921,0.331338,2.741941,20.010902,10.250040,3.452738,2.729105,178.138168,5.205738,1.084494,0.025867,0.985915
-0.040160,0.015607,0.347566,2.898116,19.960433,10.250150,3.455472,2.729433,178.114048,5.194593,1.084482,0.025801,0.985887
-0.041139,0.015326,0.350747,3.223533,19.967425,10.250123,3.454579,2.722434,177.876562,5.202960,1.083114,0.025832,0.985842
-0.040541,0.015309,0.297370,4.404996,20.008527,10.250133,3.451838,2.716095,178.080466,5.185198,1.084373,0.025752,0.985748
-0.039751,0.015331,0.365010,3.056027,20.011278,10.250190,3.455369,2.717576,178.114696,5.173665,1.084378,0.025673,0.985696
-0.040736,0.015632,0.315182,3.172593,20.011562,10.249905,3.455965,2.728127,178.154142,5.184261,1.084369,0.025716,0.985720
-0.041186,0.015314,0.336550,3.637059,20.011110,10.250042,3.453288,2.741930,178.224167,5.168312,1.084394,0.025639,0.985731
-0.039720,0.014748,0.336858,2.972203,19.960940,10.250080,3.451398,2.730590,178.339134,5.185542,1.084471,0.025727,0.985779
-0.038335,0.014790,0.361100,3.262630,20.010910,10.250033,3.451742,2.726896,178.405182,5.165738,1.084598,0.025551,0.985632
-0.038531,0.014397,0.351773,2.866745,20.002708,10.250100,3.450036,2.717741,178.288148,5.190372,1.084432,0.025735,0.985824
-0.036738,0.014739,0.358592,2.771105,20.004860,10.249937,3.451116,2.723898,178.110380,5.152448,1.084296,0.025592,0.985670
-0.038822,0.015695,0.361670,2.717613,19.965588,10.250000,3.454070,2.729170,177.951595,5.136039,1.084061,0.025547,0.985534
-0.040382,0.015068,0.359331,3.213448,19.899400,10.333373,3.451471,2.721127,177.939424,5.422212,1.084003,0.026859,0.985482
-0.042804,0.015568,0.365517,2.908547,19.978692,10.333432,3.455104,2.721427,177.923117,5.412497,1.083978,0.026784,0.985378
-0.037677,0.015346,0.383284,2.716156,19.956305,10.333290,3.454091,2.727562,178.030534,5.219835,1.084067,0.025942,0.984568
-0.040336,0.015304,0.357265,3.294228,19.931627,10.250045,3.453939,2.742284,178.143635,5.147367,1.084072,0.025540,0.985579
-0.039762,0.015258,0.350248,3.990900,20.010160,10.250238,3.453764,2.727386,178.221036,5.140559,1.084210,0.025555,0.985612
-0.039518,0.015494,0.354915,2.821644,20.011007,10.249965,3.454347,2.718797,178.233099,5.146159,1.084193,0.025528,0.985623
-0.037293,0.015625,0.381934,3.228490,20.011248,10.250053,3.456894,2.725885,178.215062,5.142198,1.084044,0.025491,0.985579
-0.039690,0.015067,0.382870,2.891793,19.972558,10.250003,3.451638,2.710776,178.174188,5.132456,1.084029,0.025455,0.985479
-0.039878,0.015586,0.389785,2.626070,19.962175,10.250123,3.454554,2.728768,178.114006,5.080014,1.084012,0.025237,0.985426
-0.038604,0.015929,0.347267,2.911090,19.976180,10.250063,3.455715,2.723316,177.983410,5.076027,1.083663,0.025232,0.985268
-0.041275,0.015004,0.356270,2.744704,19.918238,10.333445,3.453047,2.734708,177.768408,5.333304,1.083555,0.026399,0.985021
-0.040159,0.014836,0.362243,4.041209,19.927863,10.333552,3.452825,2.740891,177.755021,5.311014,1.083473,0.026328,0.984966
-0.040745,0.015198,0.369067,4.275610,19.962588,10.333332,3.455428,2.721767,177.741411,5.300174,1.083481,0.026294,0.984671
-0.039977,0.015408,0.346122,3.009980,19.887902,10.333378,3.454376,2.731617,177.496735,5.276656,1.082153,0.026173,0.984895
-0.040112,0.014907,0.310401,2.826912,19.892065,10.333390,3.453424,2.725909,177.679699,5.271485,1.083327,0.026149,0.984807
-0.037945,0.015707,0.353254,2.542564,19.905493,10.333420,3.457153,2.715729,177.645907,5.260147,1.083281,0.026125,0.984780
-0.038348,0.015930,0.371108,2.725672,19.874095,10.333448,3.458037,2.695165,177.467463,5.264838,1.082461,0.026115,0.984771
-0.039028,0.016446,0.312019,2.670528,19.917767,10.333372,3.461552,2.715110,177.572549,5.227361,1.083117,0.025935,0.984559
-0.039651,0.015918,0.348678,2.708215,19.880697,10.333208,3.456301,2.721904,177.562332,5.210515,1.083001,0.025885,0.984517
-0.038959,0.015672,0.382903,2.420909,19.902218,10.333467,3.455572,2.714756,177.570308,5.188368,1.083060,0.025815,0.984484
-0.038503,0.015645,0.354943,2.500147,19.899650,10.333348,3.455826,2.726416,177.587855,5.194499,1.083006,0.025837,0.984476
-0.036640,0.015763,0.374133,3.004977,19.871672,10.333298,3.455510,2.735507,177.605666,5.206754,1.082978,0.025860,0.984442
-0.037221,0.015739,0.364275,3.435457,19.906687,10.333608,3.455444,2.721777,177.664198,5.197661,1.082980,0.025806,0.984408
-0.040408,0.015412,0.329054,2.904871,19.961013,10.333487,3.453307,2.719530,177.777795,5.190319,1.083060,0.025771,0.984533
-0.036952,0.015649,0.370838,2.690394,19.905747,10.333363,3.457237,2.729089,177.818925,5.233230,1.083160,0.025926,0.984600
-0.038831,0.015829,0.373610,3.027229,19.915280,10.333523,3.454675,2.738071,177.711097,5.144642,1.083081,0.025556,0.984237
-0.041334,0.015969,0.382249,3.594899,19.895662,10.333383,3.458098,2.737756,177.544894,5.182946,1.082865,0.025734,0.984364
-0.042443,0.015540,0.379783,3.033294,19.868850,10.416745,3.454700,2.745342,177.435940,5.457454,1.082660,0.027019,0.984190
-0.040509,0.015837,0.372209,2.714466,19.890978,10.416718,3.457547,2.722838,177.422891,5.445675,1.082654,0.026962,0.984139
-0.041313,0.015841,0.391431,2.079856,19.898318,10.416807,3.457577,2.727413,177.412627,5.446468,1.082574,0.026984,0.984199
-0.040821,0.015758,0.372903,2.753041,19.898492,10.583398,3.457029,2.728203,177.542980,5.425316,1.082697,0.026848,0.981258
-0.040182,0.015721,0.398166,2.363099,19.884917,10.666807,3.454564,2.738372,177.667967,5.379996,1.082842,0.026630,0.979675
-0.038404,0.015889,0.368165,2.737571,19.909500,10.333447,3.457033,2.722275,177.725419,5.208544,1.082808,0.025818,0.984449
-0.039042,0.015735,0.291562,2.851894,19.919992,10.333548,3.454562,2.745755,177.752490,5.154731,1.082801,0.025608,0.984263
-0.039726,0.015682,0.367037,3.168216,19.923290,10.333445,3.456694,2.737982,177.743171,5.152857,1.082789,0.025593,0.984315
-0.037074,0.015640,0.344105,3.260082,19.920823,10.333537,3.455122,2.724955,177.706503,5.118372,1.082655,0.025446,0.984151
-0.037207,0.015197,0.373784,2.502402,19.872887,10.333530,3.453829,2.730652,177.467770,5.136987,1.081427,0.025496,0.984197
-0.036857,0.015576,0.335747,2.398349,19.886853,10.333322,3.454199,2.724619,177.534910,5.114120,1.082519,0.025432,0.984054
-0.039981,0.015535,0.371423,2.494651,19.874358,10.416710,3.456058,2.718832,177.292250,5.357474,1.082138,0.026557,0.983824
-0.040653,0.015907,0.374326,2.873159,19.848432,10.416863,3.456775,2.712098,177.264108,5.338699,1.082143,0.026472,0.983687
-0.041295,0.016174,0.374819,2.906883,19.868795,10.583470,3.456754,2.716336,177.251728,5.500327,1.082085,0.027227,0.981663
-0.038573,0.015855,0.351209,2.946623,19.866060,10.416613,3.456755,2.711571,177.105759,5.316742,1.081344,0.026387,0.983666
-0.040712,0.015865,0.374152,2.375834,19.885540,10.416818,3.456333,2.698268,177.017111,5.321777,1.080990,0.026385,0.983601
-0.041876,0.015953,0.342412,2.544014,19.834727,10.416837,3.456132,2.720001,177.171528,5.296168,1.081859,0.026294,0.983573
-0.039932,0.015215,0.375160,2.812601,19.855170,10.416805,3.453197,2.701583,177.119930,5.285305,1.081655,0.026243,0.983542
-0.038851,0.015606,0.350403,2.565295,19.849217,10.416708,3.455610,2.730152,177.103323,5.276294,1.081724,0.026197,0.983462
-0.038382,0.016095,0.363711,2.314939,19.791473,10.416798,3.458453,2.728402,177.086048,5.255987,1.081591,0.026157,0.983322
-0.037671,0.016119,0.340562,2.944714,19.859658,10.416828,3.457651,2.725608,177.064596,5.236606,1.081524,0.026109,0.983227
-0.042982,0.015884,0.389433,2.600648,19.875477,10.500080,3.458191,2.727361,177.045261,5.470047,1.081552,0.027092,0.982865
-0.044788,0.016058,0.387604,1.889970,19.891755,10.500132,3.457922,2.723876,177.025900,5.502612,1.081301,0.027218,0.983050
-0.043082,0.016315,0.379093,2.932507,19.862545,10.500148,3.459478,2.716238,177.079245,5.509183,1.081427,0.027238,0.983020
-0.044460,0.015892,0.364028,2.586094,19.881052,10.500107,3.458367,2.726862,177.169708,5.489878,1.081510,0.027217,0.983122
-0.038550,0.015607,0.338044,2.878690,19.904465,10.416772,3.456255,2.721813,177.171788,5.204080,1.081566,0.025866,0.983181
-0.039403,0.015403,0.395312,3.077895,19.842605,10.499990,3.452680,2.730407,177.054059,5.494665,1.081376,0.027208,0.983070
-0.036455,0.016338,0.387472,2.407199,19.942588,10.500173,3.456579,2.715083,176.966458,5.259971,1.081336,0.026139,0.981931
-0.040347,0.015951,0.343013,2.340582,19.854477,10.500193,3.459817,2.709705,176.970042,5.482724,1.081294,0.027133,0.982945
-0.041748,0.016122,0.352974,2.606418,19.837477,10.500165,3.457934,2.712033,176.942553,5.463650,1.081246,0.027067,0.982858
-0.039968,0.016201,0.369705,2.230845,19.832740,10.499973,3.458346,2.723049,176.935860,5.428249,1.081080,0.026913,0.982163
-0.042615,0.015665,0.365342,2.538413,19.860420,10.500043,3.457701,2.729469,177.015533,5.447467,1.081113,0.026966,0.982802
-0.041694,0.016047,0.370181,2.601557,19.871017,10.500018,3.458519,2.732279,177.117839,5.448614,1.080971,0.026957,0.982810
-0.039603,0.016274,0.382078,2.719048,19.914688,10.416738,3.459032,2.746965,177.240133,5.161432,1.081173,0.025635,0.982914
-0.039710,0.015871,0.372136,2.687539,19.872955,10.416715,3.456596,2.724007,177.307357,5.162651,1.081220,0.025638,0.982651
-0.039786,0.016093,0.364592,3.627046,19.856407,10.416728,3.458407,2.714797,177.341658,5.163896,1.081321,0.025644,0.982915
-0.037071,0.016091,0.391756,2.715975,19.851768,10.416608,3.456431,2.722480,177.356129,5.156605,1.081318,0.025585,0.982361
-0.041411,0.015638,0.344395,2.475143,19.847507,10.416833,3.455872,2.733358,177.352435,5.156709,1.081205,0.025600,0.982863
-0.038146,0.016075,0.389709,2.565283,19.859673,10.416745,3.457634,2.707727,177.003136,5.145990,1.079972,0.025550,0.982823
-0.042791,0.016285,0.385411,2.613400,19.819140,10.500108,3.457603,2.715714,176.932934,5.417965,1.080891,0.026804,0.982612
-0.037684,0.015777,0.377491,2.417585,19.769725,10.500203,3.457347,2.733000,176.748360,5.345049,1.080583,0.026510,0.982324
-0.039748,0.015725,0.380299,2.193118,19.793805,10.500052,3.455389,2.731514,176.727386,5.332104,1.080554,0.026452,0.982264
-0.042068,0.015603,0.357443,2.433048,19.874185,10.500145,3.455743,2.709793,176.702906,5.301823,1.080406,0.026338,0.982181
-0.039506,0.016004,0.359211,4.079458,19.783768,10.500133,3.458672,2.738204,176.679311,5.303343,1.080371,0.026322,0.982125
-0.041701,0.015841,0.342962,2.498164,19.823052,10.499962,3.456046,2.722764,176.678992,5.280965,1.080375,0.026222,0.982019
-0.043431,0.016132,0.356996,2.617461,19.793850,10.583320,3.458077,2.731288,176.642906,5.551019,1.080288,0.027507,0.982042
-0.045261,0.016195,0.366529,2.779811,19.781143,10.583283,3.458947,2.725406,176.614128,5.570508,1.080210,0.027596,0.981959
-0.040327,0.016322,0.390248,2.624630,19.759427,10.583473,3.460628,2.722870,176.605575,5.553929,1.080132,0.027555,0.981936
-0.040839,0.016151,0.398819,2.457564,19.761792,10.583500,3.460033,2.713192,176.584690,5.539178,1.080006,0.027407,0.981822
-0.040827,0.016629,0.344490,2.768070,19.753997,10.583482,3.459231,2.726098,176.562043,5.522397,1.079969,0.027371,0.981734
-0.041848,0.016106,0.405589,2.736467,19.767902,10.583282,3.457670,2.713156,176.553203,5.435578,1.079919,0.026968,0.981400
-0.039429,0.015924,0.389196,2.286388,19.746420,10.583495,3.456227,2.728601,176.534126,5.483080,1.079847,0.027189,0.981570
-0.043732,0.015823,0.421256,2.758218,19.813267,10.583448,3.458309,2.720244,176.556845,5.488312,1.078612,0.027235,0.981562
-0.040408,0.016106,0.404786,3.413901,19.758538,10.583498,3.457216,2.718470,176.475407,5.459097,1.079702,0.027085,0.981478
-0.043252,0.015796,0.385871,2.408670,19.825952,10.583533,3.454301,2.721643,176.531159,5.471441,1.079788,0.027110,0.981548
-0.040140,0.016291,0.386150,2.376903,19.751510,10.583512,3.459982,2.715005,176.489574,5.468542,1.079683,0.027096,0.981504
-0.042293,0.016947,0.375165,2.364333,19.755148,10.666545,3.460428,2.720861,176.488925,5.395489,1.079605,0.026786,0.979830
-0.043562,0.015961,0.400859,2.297753,19.759538,10.583475,3.457826,2.731068,176.468864,5.446383,1.079584,0.027007,0.981489
-0.040869,0.016437,0.390957,2.262112,19.757745,10.583345,3.458458,2.720623,176.435320,5.417785,1.079476,0.026879,0.981331
-0.043170,0.016131,0.391368,3.657510,19.754392,10.583577,3.458689,2.722307,176.472422,5.403872,1.079440,0.026855,0.981233
-0.042152,0.016674,0.422464,2.366080,19.764110,10.583295,3.459877,2.726530,176.523858,5.412582,1.079382,0.026838,0.981272
-0.039965,0.016348,0.408990,2.918071,19.710775,10.583408,3.459017,2.722411,176.367967,5.399994,1.078158,0.026779,0.981249
-0.041263,0.016185,0.376253,2.656783,19.779655,10.583448,3.459698,2.709980,176.607176,5.397127,1.079373,0.026774,0.981222
-0.041799,0.016565,0.420617,2.883286,19.768242,10.583472,3.459744,2.734217,176.602697,5.399774,1.079374,0.026765,0.981187
-0.040845,0.015907,0.372591,2.270640,19.726573,10.583463,3.458719,2.724253,176.581115,5.393224,1.079338,0.026721,0.981152
-0.042331,0.016394,0.390979,3.311241,19.765388,10.583432,3.459334,2.723681,176.601103,5.385962,1.079286,0.026709,0.981176
-0.041070,0.016286,0.409598,2.857341,19.859943,10.583220,3.457512,2.712593,176.485750,5.371385,1.079288,0.026687,0.981085
-0.043364,0.016608,0.409822,2.731220,19.704415,10.583485,3.461012,2.733002,176.063136,5.334375,1.077753,0.026537,0.980936
-0.039681,0.016737,0.394910,2.531093,19.680655,10.583378,3.462597,2.720804,176.271076,5.316497,1.078901,0.026415,0.980767
-0.044324,0.016431,0.427732,2.004389,19.730495,10.666757,3.460353,2.733009,176.251030,5.600675,1.078926,0.027758,0.980726
-0.041059,0.016356,0.395895,2.464394,19.743602,10.583402,3.460876,2.699911,176.210145,5.306469,1.078659,0.026389,0.980750
-0.041431,0.016559,0.391157,2.254502,19.759362,10.666718,3.461667,2.718504,176.192109,5.596758,1.078640,0.027754,0.980726
-0.042596,0.016655,0.411121,2.372984,19.764860,10.666630,3.460179,2.722631,176.187860,5.549104,1.078678,0.027497,0.980567
-0.041183,0.016853,0.391013,2.560258,19.735882,10.666732,3.461556,2.717721,176.178413,5.525444,1.078545,0.027374,0.980441
-0.041594,0.016460,0.355321,2.585964,19.712333,10.666660,3.459382,2.718035,176.162382,5.545042,1.078536,0.027479,0.980515
-0.042728,0.016786,0.431914,2.143391,19.707955,10.666793,3.460205,2.722351,176.123297,5.523563,1.078432,0.027418,0.980408
-0.039889,0.016358,0.381411,2.462738,19.787022,10.666763,3.461321,2.721574,176.109973,5.513065,1.078359,0.027327,0.980320
-0.042521,0.016107,0.404293,2.164701,19.723188,10.666713,3.458079,2.727749,176.091269,5.488668,1.078219,0.027247,0.980255
-0.041825,0.016692,0.400089,2.502176,19.711148,10.666697,3.460783,2.715295,176.117739,5.475098,1.078242,0.027144,0.980154
-0.043253,0.016833,0.405673,2.532574,19.709335,10.666757,3.464102,2.726030,176.524671,5.526940,1.078395,0.027373,0.980393
-0.038959,0.016323,0.381617,2.558457,19.756830,10.583402,3.460583,2.734525,176.885322,5.300893,1.078889,0.026218,0.980709
-0.042062,0.016606,0.361427,3.474880,19.826283,10.583435,3.457968,2.731083,177.009363,5.331550,1.079129,0.026399,0.980877
-0.041675,0.016043,0.405964,2.457221,19.739415,10.583405,3.457929,2.720572,176.960376,5.328660,1.078994,0.026419,0.980882
-0.044302,0.016486,0.400990,2.638848,19.723327,10.583392,3.459464,2.719885,176.905618,5.354160,1.078868,0.026495,0.980957
-0.041925,0.016564,0.396808,2.669375,19.764703,10.583328,3.458605,2.736699,176.868380,5.315014,1.078871,0.026300,0.980815
-0.041928,0.016420,0.368983,2.794136,19.782445,10.666728,3.457438,2.712673,176.817957,5.274120,1.078487,0.026093,0.979194
-0.039946,0.016510,0.408699,2.807269,19.755738,10.583297,3.460525,2.729914,177.025292,5.305441,1.078829,0.026250,0.980774
-0.039249,0.016057,0.351410,2.853849,19.809967,10.500100,3.458963,2.726452,177.284086,5.034361,1.079029,0.024959,0.980888
-0.036900,0.016018,0.390664,2.795350,19.819020,10.500038,3.458033,2.740533,177.484864,5.070905,1.079156,0.025042,0.981068
-0.040577,0.016654,0.345250,2.896540,19.887138,10.500163,3.461487,2.722249,177.649330,5.116417,1.079264,0.025246,0.981202
-0.034215,0.015965,0.355580,2.488811,19.799363,10.416753,3.455939,2.719668,177.564729,4.804060,1.078107,0.023833,0.981228
-0.038358,0.015989,0.381368,3.258541,19.913585,10.416743,3.456599,2.720819,177.848108,4.808950,1.079439,0.023818,0.981258
-0.037674,0.015989,0.322123,2.888311,19.872007,10.416738,3.456505,2.748266,177.856663,4.809237,1.079364,0.023820,0.981237
-0.037901,0.015828,0.340122,2.495400,19.809115,10.416592,3.454846,2.735779,177.836931,4.783241,1.079256,0.023728,0.981185
-0.036964,0.016065,0.345630,2.970847,19.874583,10.416730,3.458517,2.739215,177.673889,4.800817,1.079246,0.023802,0.981237
-0.037298,0.016167,0.405460,2.604747,19.788742,10.500132,3.457724,2.732697,177.349226,5.030146,1.078921,0.024862,0.980875
-0.040812,0.016533,0.414365,3.132128,19.760102,10.500133,3.460097,2.728294,177.068913,4.959782,1.078542,0.024608,0.980560
-0.043017,0.016430,0.405663,3.274196,19.747162,10.583563,3.458765,2.733695,176.869568,5.213331,1.078287,0.025789,0.980300
-0.039751,0.016336,0.386039,2.383818,19.730202,10.500080,3.458545,2.732022,176.733890,5.123711,1.078062,0.025550,0.980096
-0.041937,0.016366,0.399406,2.605295,19.677583,10.583458,3.459107,2.716130,176.651294,5.109561,1.077899,0.025405,0.979890
-0.043162,0.016701,0.407042,2.526354,19.716653,10.666872,3.461994,2.730048,176.605645,5.381693,1.077781,0.026647,0.979792
-0.044643,0.016464,0.413622,1.940938,19.697653,10.666540,3.458671,2.719461,176.587323,5.367656,1.077693,0.026577,0.979682
-0.042328,0.016643,0.401842,2.734146,19.721293,10.666607,3.461333,2.730618,176.569045,5.307262,1.075232,0.026268,0.979345
-0.040330,0.016462,0.401495,3.037317,19.709177,10.666730,3.459736,2.730860,176.551409,5.363044,1.077525,0.026536,0.979594
-0.040673,0.016791,0.422727,2.534062,19.686700,10.666757,3.459961,2.723412,176.546066,5.338998,1.077511,0.026413,0.979483
-0.040918,0.016473,0.398682,2.788394,19.695785,10.666850,3.461613,2.720674,176.534339,5.334712,1.077401,0.026385,0.979458
-0.039627,0.016129,0.417186,2.609452,19.682492,10.666793,3.459567,2.721595,176.501593,5.296078,1.077294,0.026219,0.979340
-0.039727,0.016777,0.401531,2.404735,19.679190,10.666777,3.460229,2.720856,176.544218,5.311975,1.077280,0.026291,0.978232
-0.035763,0.016658,0.400310,2.399187,19.721615,10.666690,3.460174,2.723263,176.637738,5.082660,1.077390,0.025246,0.978333
-0.039140,0.016813,0.405222,2.529706,19.763807,10.666838,3.461522,2.717386,176.620730,5.295642,1.077331,0.026172,0.979282
-0.040942,0.016406,0.357840,2.291791,19.777710,10.666770,3.459849,2.724207,176.525102,5.271997,1.077130,0.026112,0.979238
-0.040066,0.016390,0.408167,2.141850,19.692320,10.666770,3.458599,2.728328,176.444882,5.251248,1.077088,0.026016,0.979194
-0.042398,0.016457,0.404457,2.489336,19.658133,10.076738,3.459142,2.731486,176.356758,5.160821,1.076616,0.025585,0.978770
-0.042029,0.016741,0.425034,2.440026,19.568685,10.203520,3.459073,2.732874,176.301912,5.134729,1.076547,0.025500,0.978708
-0.039085,0.016495,0.413824,2.698570,19.699400,10.666702,3.460148,2.723553,176.461133,5.167197,1.076728,0.025667,0.978808
-0.039752,0.016290,0.383406,2.591562,19.701267,10.666623,3.456749,2.740247,176.663880,5.225157,1.076949,0.025851,0.978959
-0.040348,0.016662,0.393186,2.518208,19.690095,10.666790,3.461374,2.734981,176.823854,5.265859,1.077082,0.026075,0.979218
-0.040455,0.016019,0.402310,2.364223,19.756058,10.583495,3.456411,2.725218,176.941243,4.966401,1.077143,0.024626,0.979226
-0.036294,0.016642,0.372388,3.065039,19.728545,10.583385,3.459639,2.727407,177.018486,4.978239,1.077193,0.024669,0.979234
-0.039037,0.016950,0.394486,2.194046,19.739748,10.583497,3.462074,2.727520,176.885416,4.963327,1.076026,0.024598,0.979276
-0.041256,0.016329,0.386627,2.714842,19.769508,10.583455,3.458617,2.735526,177.134173,4.971186,1.077176,0.024609,0.979301
-0.040069,0.016130,0.378370,2.282325,19.764997,10.583413,3.459669,2.741158,177.161321,4.999674,1.077241,0.024747,0.979311
-0.035565,0.016227,0.383132,2.960197,19.766338,10.583325,3.459187,2.737052,177.046945,4.957679,1.077191,0.024535,0.979226
-0.038474,0.016306,0.372285,3.357369,19.721708,10.583403,3.458978,2.742507,176.775718,4.930792,1.076804,0.024447,0.978992
-0.037967,0.016249,0.398947,2.365929,19.719403,10.666602,3.457382,2.722360,176.549239,5.149165,1.076515,0.025509,0.978717
-0.037393,0.016603,0.403770,2.617294,19.742392,10.666847,3.460326,2.721307,176.400070,5.099414,1.076359,0.025343,0.978457
-0.040758,0.016849,0.420164,3.136187,19.676325,10.750063,3.463851,2.725301,176.294633,5.366180,1.076155,0.026574,0.978260
-0.042543,0.016583,0.418118,2.497717,19.674815,10.750140,3.459224,2.728920,176.223162,5.350271,1.076017,0.026496,0.978168
-0.043197,0.017035,0.431118,2.332823,19.644673,10.750215,3.463450,2.726977,176.178156,5.325361,1.075855,0.026356,0.978088
-0.042863,0.016705,0.401611,2.489679,19.755925,10.750182,3.462571,2.710748,176.162352,5.304463,1.075872,0.026270,0.978038
-0.038614,0.016712,0.411212,2.180498,19.640952,10.750037,3.459191,2.724840,176.145939,5.293084,1.075718,0.026226,0.977939
-0.039988,0.016703,0.377920,2.422859,19.662905,10.749925,3.462455,2.741025,176.166641,5.208290,1.075766,0.025862,0.977617
-0.041225,0.016712,0.385786,2.432963,19.631322,10.750098,3.462885,2.724014,176.170229,5.291049,1.075683,0.026199,0.977879
-0.038333,0.016397,0.421923,2.472931,19.652530,10.750102,3.458792,2.726466,176.169344,5.253207,1.075641,0.026020,0.977759
-0.039567,0.016394,0.382863,2.723685,19.617982,10.749958,3.458591,2.731109,176.173064,5.267072,1.075577,0.026064,0.977779
-0.041233,0.016498,0.424009,2.708693,19.645782,10.750078,3.460378,2.726045,176.234539,5.233905,1.075535,0.025951,0.977667
-0.040599,0.016602,0.337354,2.963542,19.695308,10.612642,3.460330,2.724600,176.321607,5.249410,1.075511,0.025953,0.977657
-0.040166,0.017021,0.387046,2.008075,19.677400,10.750267,3.461477,2.731535,176.269870,5.039287,1.075534,0.025017,0.976744
-0.041019,0.016927,0.372206,2.332553,19.671840,10.750090,3.462900,2.707837,176.221297,5.240690,1.075432,0.025949,0.977691
-0.037489,0.016896,0.375273,2.400236,19.681573,10.750063,3.460962,2.729670,176.096166,5.184161,1.075349,0.025749,0.977476
-0.038797,0.016603,0.409426,3.268500,19.659107,10.749970,3.461014,2.711616,176.010893,5.179186,1.075106,0.025709,0.977394
-0.041075,0.016897,0.417543,1.798676,19.667572,10.833503,3.459303,2.711964,175.940772,5.445123,1.075024,0.026949,0.977261
-0.038172,0.016736,0.428117,2.322054,19.649998,10.750005,3.460438,2.716977,176.027354,5.137476,1.074990,0.025506,0.977201
-0.038999,0.016791,0.402105,2.469443,19.697277,10.750248,3.462557,2.698995,176.191617,5.151698,1.074832,0.025565,0.977338
-0.039257,0.016512,0.381162,2.334132,19.705027,10.750038,3.460217,2.714613,176.427484,5.185144,1.075364,0.025652,0.977408
-0.040019,0.016238,0.391456,3.426291,19.719843,10.750198,3.458376,2.728997,176.557810,5.210085,1.075304,0.025747,0.977550
-0.037590,0.016685,0.392777,3.380705,19.715697,10.666640,3.459458,2.733693,176.646572,4.904372,1.075264,0.024328,0.977512
-0.034919,0.016744,0.415083,2.853442,19.695648,10.666697,3.459807,2.724061,176.700099,4.905256,1.075329,0.024327,0.977520
-0.038701,0.016900,0.395213,2.736603,19.688940,10.666727,3.461847,2.747390,176.524338,4.893548,1.074252,0.024293,0.977529
-0.040238,0.016568,0.390161,2.221705,19.739002,10.666568,3.459454,2.723307,176.728714,4.902438,1.075319,0.024343,0.977539
-0.038679,0.016882,0.410075,2.614506,19.677975,10.346658,3.461003,2.732224,176.574984,4.831160,1.075055,0.024000,0.977263
-0.041345,0.016840,0.363697,2.577423,19.692348,10.749925,3.461420,2.721905,176.289404,5.133606,1.074715,0.025383,0.977145
-0.037028,0.017161,0.435377,2.458932,19.641225,10.750135,3.463071,2.713895,176.079301,5.056073,1.074566,0.025116,0.976833
-0.040258,0.017028,0.407692,2.452888,19.611920,10.833328,3.461163,2.741892,175.927125,5.322419,1.074261,0.026316,0.976623
-0.036719,0.016480,0.418077,2.293242,19.657052,10.833402,3.459180,2.718304,175.836240,5.284943,1.074199,0.026142,0.976447
-0.038728,0.016789,0.403569,2.515303,19.657290,10.833470,3.461207,2.719920,175.777322,5.265532,1.074038,0.026114,0.976396
-0.041402,0.017027,0.430495,2.481197,19.632530,10.538877,3.463604,2.730018,175.746260,5.201430,1.073775,0.025790,0.976171
-0.039173,0.016731,0.384393,2.466402,19.586738,10.833283,3.459452,2.739263,175.704692,5.210374,1.072561,0.025893,0.976173
-0.039976,0.017160,0.421324,2.352014,19.619665,10.833308,3.461161,2.727507,175.693467,5.194587,1.073696,0.025794,0.976083
-0.038462,0.017279,0.420655,2.480365,19.630490,10.833337,3.464564,2.726552,175.705000,5.180747,1.073656,0.025721,0.976083
-0.041748,0.017358,0.425094,2.391619,19.619677,10.850533,3.464731,2.731522,175.738628,5.410678,1.073631,0.026861,0.975743
-0.040766,0.017468,0.403486,2.316049,19.616142,10.833575,3.462721,2.724481,175.763236,5.147170,1.073605,0.025544,0.975954
-0.045063,0.017122,0.433783,2.557055,19.540587,9.932317,3.460720,2.734834,175.741713,5.070658,1.073105,0.025141,0.975501
-0.037643,0.017000,0.422418,2.804153,19.645122,10.833347,3.464000,2.732264,175.856850,5.131034,1.073437,0.025467,0.975856
-0.038223,0.017152,0.431996,2.883167,19.684798,10.833525,3.460510,2.724787,175.984481,5.160136,1.073605,0.025570,0.975933
-0.040397,0.016838,0.398315,2.418486,19.705148,10.778230,3.459772,2.724874,175.985255,5.163292,1.073603,0.025562,0.975925
-0.040588,0.017027,0.419149,2.403433,19.647060,10.916780,3.458946,2.724708,175.866245,5.232695,1.073485,0.025900,0.974880
-0.041224,0.016653,0.439172,2.412462,19.613635,10.221407,3.460081,2.714188,175.711566,5.058862,1.073026,0.025107,0.975474
-0.040367,0.017223,0.418024,2.521932,19.575898,10.865172,3.463891,2.718844,175.608119,5.378671,1.073061,0.026648,0.975529
-0.042469,0.017327,0.429459,1.970559,19.582262,10.916667,3.462884,2.720108,175.525987,5.353209,1.072896,0.026515,0.975422
-0.042342,0.016795,0.458421,2.207897,19.575555,10.916772,3.461551,2.711457,175.585709,5.317492,1.072808,0.026332,0.975292
-0.040926,0.016423,0.414059,2.498168,19.657433,10.916780,3.457297,2.746312,175.804837,5.344702,1.072882,0.026486,0.975386
-0.036856,0.017164,0.451097,2.149375,19.720695,10.916730,3.462781,2.735647,175.996841,5.020343,1.073193,0.024894,0.973855
-0.038996,0.016464,0.431695,2.480173,19.664465,10.833467,3.459703,2.737041,176.107920,5.097993,1.073144,0.025256,0.975616
-0.043846,0.016654,0.407075,1.852579,19.743030,10.833420,3.457569,2.742117,176.187759,5.102537,1.070813,0.025215,0.975625
-0.038682,0.016444,0.418244,2.388675,19.756108,10.833240,3.458287,2.722038,176.222383,5.095746,1.069497,0.025172,0.975595
-0.039801,0.016938,0.382302,2.488509,19.698040,10.833565,3.460300,2.736184,176.216788,5.093557,1.073104,0.025170,0.975554
-0.039994,0.016580,0.405707,2.385133,19.709150,10.833390,3.460244,2.722173,175.985870,5.074092,1.066972,0.025084,0.975471
-0.045495,0.017178,0.415029,3.231753,19.620477,9.788670,3.462669,2.731004,176.015950,4.942253,1.072485,0.024431,0.974926
-0.041347,0.016918,0.398739,2.256092,19.672162,10.833437,3.460167,2.723324,175.782292,4.991573,1.072591,0.024777,0.975120
-0.038150,0.017685,0.463905,2.160020,19.629958,10.916703,3.464990,2.730839,175.556671,5.222480,1.072324,0.025880,0.974798
-0.036810,0.017450,0.398048,2.334256,19.635260,10.916687,3.464759,2.729106,175.405989,5.192894,1.069643,0.025761,0.974675
-0.044406,0.017406,0.408589,2.167405,19.557180,10.730532,3.461643,2.730764,175.291975,5.433123,1.071670,0.026888,0.974361
-0.040519,0.017293,0.421070,3.262545,19.552593,10.999973,3.462908,2.720559,175.032772,5.453439,1.070417,0.027014,0.974476
-0.041855,0.017686,0.432801,2.024733,19.576698,11.000012,3.462982,2.720465,175.225132,5.429097,1.071621,0.026869,0.974348
-0.039125,0.016926,0.421482,2.749612,19.583208,11.000078,3.461509,2.710732,175.212136,5.398333,1.069141,0.026720,0.974213
-0.040667,0.017132,0.467712,2.219436,19.637358,11.000090,3.461373,2.724726,175.205683,5.345087,1.070306,0.026485,0.974022
-0.040181,0.017298,0.418961,2.202670,19.627012,11.000105,3.463346,2.721960,175.199714,5.348689,1.070120,0.026519,0.974038
-0.038371,0.017360,0.437066,2.057225,19.556715,11.000020,3.465156,2.720120,175.196353,5.345136,1.071318,0.026475,0.974013
-0.040841,0.017222,0.458511,3.091492,19.574953,11.000063,3.463921,2.726381,175.208220,5.321226,1.071190,0.026348,0.973856
-0.038479,0.017023,0.443964,1.683594,19.580980,11.000103,3.462679,2.712368,175.124991,5.212770,1.070678,0.025906,0.973862
-0.041882,0.017333,0.390748,2.413527,19.719655,11.000198,3.463582,2.721373,175.302031,5.309423,1.071158,0.026291,0.973823
-0.038327,0.017188,0.398645,1.983267,19.589195,10.999982,3.462438,2.720929,175.417053,5.317439,1.071251,0.026276,0.973814
-0.040345,0.017307,0.442614,2.689674,19.602153,11.000038,3.460832,2.728502,175.405348,5.312730,1.071310,0.026258,0.973803
-0.039576,0.017295,0.448261,2.344124,19.659930,11.000192,3.463832,2.733042,175.264632,5.286429,1.071082,0.026131,0.973688
-0.038632,0.017720,0.463719,1.771417,19.580592,10.999982,3.464933,2.737822,175.153791,5.174445,1.070870,0.025697,0.973231
-0.038413,0.017404,0.451666,1.799988,19.639483,10.999937,3.464148,2.724191,175.088357,5.214006,1.070790,0.025890,0.973408
-0.042493,0.018113,0.424300,2.074993,19.616470,11.083512,3.467454,2.723369,175.044815,5.483222,1.070651,0.027177,0.973289
-0.040550,0.017495,0.432802,2.379916,19.592862,11.083272,3.465045,2.720597,175.105666,5.486081,1.070588,0.027171,0.973251
-0.040025,0.017135,0.439393,2.373465,19.612168,10.999987,3.462785,2.711132,175.275831,5.140324,1.070584,0.025549,0.973274
-0.041907,0.017735,0.456300,2.293788,19.683920,11.000147,3.464848,2.730016,175.380857,5.200214,1.070708,0.025767,0.973340
-0.037485,0.017835,0.389265,2.568828,19.642697,11.083535,3.464323,2.733593,175.447036,5.146603,1.069468,0.025499,0.971697
-0.038557,0.016834,0.409060,2.405699,19.663627,11.000107,3.460304,2.736444,175.507489,5.188069,1.070615,0.025691,0.973310
-0.039080,0.016894,0.434508,2.472143,19.720238,11.000213,3.461356,2.713993,175.542058,5.194968,1.070680,0.025718,0.973298
-0.038712,0.017180,0.426245,2.797999,19.670347,10.999975,3.462434,2.730293,175.537108,5.206183,1.070562,0.025740,0.973280
-0.036365,0.017300,0.373604,2.525994,19.764390,11.000107,3.462465,2.725999,175.542923,5.183519,1.070563,0.025630,0.973230
-0.037157,0.017234,0.402171,2.110126,19.635520,11.000023,3.462515,2.731365,175.285417,5.168717,1.069223,0.025571,0.973155
-0.039475,0.017712,0.427844,2.356416,19.641863,11.000125,3.466690,2.706378,175.253119,5.067647,1.070190,0.025187,0.972919
-0.040701,0.017528,0.469914,2.211583,19.630978,11.083417,3.461955,2.724842,175.064073,5.367748,1.069932,0.026584,0.972705
-0.039363,0.017642,0.462175,2.303079,19.637397,11.083377,3.465299,2.732137,174.937431,5.311022,1.069757,0.026282,0.972492
-0.036445,0.017936,0.449218,2.286684,19.607717,11.083377,3.466769,2.724461,174.850483,5.279103,1.069617,0.026182,0.972349
-0.038307,0.017419,0.451913,2.354537,19.644002,11.083315,3.463994,2.718378,174.800965,5.268939,1.069453,0.026147,0.972320
-0.036355,0.017814,0.479081,2.144477,19.573568,11.083543,3.464749,2.723589,174.556176,5.234861,1.068044,0.026038,0.972126
-0.038626,0.017740,0.467672,2.138999,19.563378,11.166608,3.465795,2.717013,174.750087,5.513025,1.069173,0.027299,0.972022
-0.041927,0.017509,0.431792,2.109874,19.597182,11.166868,3.463857,2.715467,174.722094,5.500030,1.069067,0.027238,0.971957
-0.038216,0.017641,0.477984,1.908659,19.604182,11.166738,3.465003,2.710924,174.676865,5.476331,1.068987,0.027119,0.971779
-0.042397,0.018206,0.450605,2.344491,19.512830,11.166688,3.466944,2.723642,173.609661,5.446705,1.068887,0.026983,0.971696
-0.040083,0.017906,0.481972,2.749347,19.584928,11.166618,3.465389,2.731426,174.602763,5.438824,1.068803,0.026925,0.971617
-0.041288,0.017525,0.456017,2.055344,19.629727,11.166700,3.465126,2.716813,174.594874,5.415310,1.068685,0.026844,0.971510
-0.039486,0.017991,0.396997,2.110819,19.559942,11.166687,3.467083,2.731478,174.581367,5.402280,1.068610,0.026759,0.971461
-0.041191,0.017574,0.459743,1.865970,19.573168,10.771053,3.464671,2.735697,174.532882,5.320449,1.068344,0.026393,0.971210
-0.037762,0.018066,0.415885,2.115477,19.583862,11.166753,3.465227,2.719279,174.534653,5.353132,1.068368,0.026551,0.971260
-0.039973,0.017827,0.451097,2.085886,19.591035,11.166818,3.465546,2.729341,174.515874,5.338172,1.068266,0.026470,0.971166
-0.037909,0.017595,0.429223,1.995337,19.614342,11.166688,3.466121,2.720316,174.483162,5.327872,1.068223,0.026433,0.971138
-0.041646,0.018300,0.459679,2.540236,19.546418,11.181878,3.468848,2.716648,174.442251,5.543421,1.068093,0.027466,0.970718
-0.040978,0.018037,0.441873,2.181957,19.567500,11.166758,3.466110,2.706581,174.415209,5.270525,1.067975,0.026232,0.970919
-0.045824,0.018434,0.462669,2.672137,19.519243,10.046437,3.469018,2.729507,174.488613,5.162482,1.067438,0.025646,0.970373
-0.039953,0.017805,0.434540,2.225885,19.570833,11.166702,3.465733,2.700974,174.800928,5.281212,1.066834,0.026159,0.970883
-0.037745,0.017212,0.438086,2.576491,19.629468,11.166805,3.461434,2.722058,175.045835,5.332045,1.068235,0.026394,0.971112
-0.039844,0.017267,0.384295,2.424055,19.637992,11.083300,3.461889,2.730258,175.246963,5.032506,1.068313,0.024985,0.971196
-0.038349,0.017935,0.429352,2.551578,19.683172,11.166738,3.464253,2.727389,175.397004,5.146470,1.068516,0.025399,0.970262
-0.037549,0.017574,0.437080,2.183789,19.636325,11.083430,3.461915,2.747285,175.490648,5.063743,1.068456,0.025030,0.971310
-0.034369,0.017648,0.348741,2.962466,19.710512,11.083507,3.463046,2.721946,175.545816,5.078412,1.068525,0.025068,0.971311
-0.037944,0.017292,0.390728,2.413484,19.676330,10.753342,3.461141,2.732467,175.530962,5.034607,1.068324,0.024863,0.971115
-0.035450,0.017617,0.424273,2.356189,19.672520,11.083413,3.463493,2.733810,175.429298,5.033026,1.068341,0.024885,0.971150
-0.037091,0.017357,0.454098,2.202265,19.649078,11.083387,3.463188,2.739463,175.089774,4.995997,1.067795,0.024764,0.970997
-0.035314,0.017627,0.440554,2.267047,19.645275,11.166710,3.464394,2.721349,174.790556,5.194974,1.067619,0.025730,0.970611
-0.036837,0.017637,0.373407,2.044217,19.594863,11.166820,3.463036,2.720778,174.566162,5.145480,1.067235,0.025564,0.970293
-0.041988,0.018619,0.398499,2.179230,19.561345,10.742792,3.467425,2.731091,174.416869,5.374557,1.066842,0.026581,0.969915
-0.043708,0.017727,0.452186,2.073874,19.516338,10.791245,3.465245,2.722104,174.347644,5.322457,1.066765,0.026400,0.969783
-0.038463,0.017903,0.476180,2.024709,19.565335,11.249943,3.465475,2.708616,174.308983,5.328146,1.066665,0.026481,0.969806
-0.039746,0.018218,0.449242,2.164819,19.644892,11.250165,3.465910,2.711444,173.517342,5.321268,1.065270,0.026382,0.969729
-0.041756,0.018764,0.511148,2.021023,19.602328,11.500142,3.471462,2.723407,172.632677,5.907541,1.065186,0.029401,0.968303
-0.042190,0.019247,0.524274,1.810509,19.740993,11.583387,3.472170,2.685721,171.856245,6.104472,1.064707,0.030341,0.967777
-0.044788,0.019716,0.606439,1.802575,19.899128,11.833463,3.476503,2.681269,170.437869,6.673286,1.063003,0.033265,0.966250
-0.041870,0.019103,0.585878,2.018461,19.507212,11.666628,3.473330,2.712765,172.552889,6.331184,1.064262,0.031514,0.967448
-0.037992,0.018510,0.526677,1.857272,19.523282,11.583265,3.467855,2.699856,172.070825,5.987976,1.064010,0.029776,0.967271
-0.036820,0.018441,0.462245,2.201808,19.578525,11.416627,3.468298,2.720411,173.225911,5.583284,1.065056,0.027731,0.968183
-0.040795,0.018477,0.505544,2.459493,19.557393,11.500075,3.470131,2.712177,173.039332,5.832500,1.064762,0.028907,0.967878
-0.038502,0.018336,0.516285,2.124706,19.575407,11.500195,3.467850,2.704689,173.045090,5.802213,1.064613,0.028779,0.967810
-0.038911,0.018492,0.462810,1.983123,19.624195,11.500022,3.467286,2.706929,173.094054,5.788868,1.064534,0.028752,0.967725
-0.039473,0.018464,0.543452,1.998888,19.562160,11.500223,3.469104,2.710314,173.101449,5.787990,1.064493,0.028764,0.967696
-0.040795,0.018558,0.500624,2.237088,19.658748,11.500062,3.468186,2.694843,173.088146,5.749987,1.064419,0.028582,0.967634
-0.038372,0.018599,0.515252,2.042662,19.587568,11.500117,3.468637,2.701719,173.068435,5.690914,1.064322,0.028293,0.967291
-0.038508,0.018452,0.530057,2.157931,19.573553,11.500158,3.467218,2.714375,173.009945,5.697579,1.064034,0.028332,0.967390
-0.036727,0.018744,0.540386,2.221448,19.601713,11.500118,3.468390,2.705122,173.090030,5.680104,1.064160,0.028216,0.967310
-0.040653,0.018668,0.517435,1.863846,19.609277,11.500025,3.468194,2.706509,173.223108,5.647984,1.064195,0.028114,0.967319
-0.042177,0.019215,0.465632,2.014792,19.551222,11.499890,3.473246,2.710694,173.339532,5.721221,1.064044,0.028354,0.967400
-0.041427,0.018597,0.501721,1.993392,19.576968,11.499997,3.468189,2.711496,173.410102,5.693537,1.064156,0.028237,0.967351
-0.039440,0.018288,0.484423,2.298072,19.629035,11.500012,3.467722,2.706495,173.457890,5.486740,1.064152,0.027257,0.966329
-0.038424,0.018353,0.524378,1.997323,19.607262,11.190015,3.467746,2.702740,173.489189,5.374098,1.063945,0.026728,0.967238
-0.040970,0.019212,0.523539,2.103912,19.544632,10.674188,3.470313,2.721160,173.507539,5.319303,1.063657,0.026427,0.967000
-0.040564,0.018525,0.524503,2.162616,19.563972,10.746373,3.468480,2.704959,173.475836,5.301270,1.063651,0.026343,0.966869
-0.039775,0.018194,0.525487,1.802704,19.682588,11.500070,3.465965,2.707211,173.245511,5.623342,1.063619,0.027875,0.966919
-0.044192,0.018749,0.526797,2.052752,19.547472,10.580795,3.469475,2.718579,172.939326,5.469505,1.062851,0.027172,0.966311
-0.041265,0.019055,0.534275,1.918705,19.576902,10.835208,3.470510,2.701612,172.757778,5.665351,1.062544,0.028122,0.964400
-0.041102,0.018731,0.529885,1.961977,19.628097,11.128162,3.468810,2.695413,172.717036,5.711404,1.062603,0.028364,0.965979
-0.039328,0.019053,0.550521,1.922986,19.618783,11.583415,3.471214,2.708102,172.712259,5.731516,1.062668,0.028501,0.966056
-0.037344,0.018702,0.515085,1.875924,19.611048,11.583347,3.470298,2.721377,172.685662,5.703549,1.062528,0.028385,0.965928
-0.039147,0.018703,0.558953,1.946511,19.578280,11.583467,3.471672,2.715413,172.650006,5.694817,1.062387,0.028316,0.965881
-0.046052,0.018917,0.504446,1.880056,19.501312,9.682252,3.471915,2.712550,172.493963,5.466717,1.059611,0.027187,0.964809
-0.040260,0.019241,0.537879,1.998023,19.642652,11.666713,3.471702,2.703622,172.580583,5.916952,1.061940,0.029340,0.965514
-0.041118,0.019372,0.547166,2.014422,19.583770,11.666697,3.473272,2.703997,172.564029,5.895718,1.061936,0.029272,0.965426
-0.039404,0.018937,0.509362,2.313222,19.597088,11.476635,3.470103,2.713408,172.546001,5.863866,1.061814,0.029101,0.965257
-0.038375,0.018725,0.550763,2.037283,19.628803,11.666883,3.469148,2.712347,172.556630,5.849270,1.061660,0.029051,0.965216
-0.038585,0.019746,0.552085,1.863935,19.612360,11.666803,3.471817,2.700216,172.584519,5.845885,1.061676,0.029003,0.965163
-0.040581,0.019328,0.497020,2.334622,19.557560,11.536720,3.470571,2.711626,172.417586,5.813070,1.060364,0.028821,0.965028
-0.040797,0.019120,0.517097,2.203715,19.635032,11.193687,3.470002,2.698371,172.619345,5.787445,1.061288,0.028687,0.964853
-0.048150,0.019346,0.507618,1.920720,19.551103,10.771920,3.472089,2.705586,172.484289,5.686648,1.061018,0.028253,0.964529
-0.039805,0.019121,0.525536,1.950704,19.649652,11.666647,3.469653,2.709750,172.514506,5.735070,1.061328,0.028531,0.964702
-0.046715,0.020085,0.587551,1.857608,19.586410,10.542950,3.476030,2.700663,172.458623,5.761091,1.060608,0.028535,0.959181
-0.040694,0.018750,0.504944,1.979812,19.655400,11.355177,3.468057,2.707817,172.460146,5.694970,1.060872,0.028321,0.964569
-0.038780,0.019015,0.521563,1.917314,19.577940,11.749942,3.471115,2.694148,172.415703,5.973181,1.060809,0.029615,0.964393
-0.036119,0.018528,0.540663,1.738871,19.615763,11.666738,3.468259,2.719437,172.440320,5.649702,1.060690,0.028098,0.964290
-0.037549,0.018680,0.525745,1.992421,19.598048,11.441715,3.468522,2.705320,172.549936,5.609005,1.060573,0.027883,0.964119
-0.037111,0.019372,0.540615,1.913213,19.658532,11.666812,3.472079,2.709814,172.645404,5.632796,1.060656,0.027959,0.964300
-0.039597,0.019110,0.545050,1.893406,19.601713,11.666660,3.469646,2.711444,172.691639,5.633622,1.060578,0.027975,0.964239
-0.035737,0.018576,0.505110,2.179281,19.617340,11.666857,3.468973,2.729262,172.714965,5.597948,1.060547,0.027847,0.964071
-0.036599,0.019090,0.497925,1.955121,19.663272,11.666780,3.468948,2.719678,172.679895,5.532028,1.060465,0.027503,0.963736
-0.035754,0.018486,0.500973,1.742194,19.661005,11.666770,3.466630,2.708258,172.617667,5.544628,1.060205,0.027573,0.963830
-0.038450,0.018963,0.519120,1.748563,19.612932,11.750010,3.470190,2.674154,172.356619,5.814745,1.057841,0.028853,0.963749
-0.041588,0.019342,0.555937,2.135705,19.672663,11.750198,3.471067,2.710895,172.323779,5.795773,1.058526,0.028748,0.963568
-0.041298,0.019479,0.557964,1.969783,19.680135,11.323615,3.469153,2.707880,172.176233,5.679530,1.058189,0.028246,0.963119
-0.041891,0.019440,0.544683,1.906356,19.751770,11.833438,3.472612,2.692286,172.149772,6.007784,1.059367,0.029827,0.963224
-0.037066,0.020214,0.576683,1.838410,19.698067,11.916803,3.473223,2.703647,172.125750,5.708515,1.059309,0.028416,0.960434
-0.041772,0.018989,0.558138,1.894466,19.711533,11.376162,3.469258,2.696095,172.064146,5.906426,1.058961,0.029309,0.962699
-0.039852,0.020265,0.577514,2.040382,19.734203,11.833512,3.477466,2.705347,172.032404,5.930322,1.058889,0.029421,0.962758
-0.045249,0.019491,0.546955,1.897335,19.656228,10.587140,3.470304,2.705064,171.959676,5.762586,1.058200,0.028629,0.962062
-0.038739,0.019013,0.550731,1.762377,19.667630,11.459657,3.470716,2.704745,171.940196,5.805286,1.058497,0.028868,0.962268
-0.036868,0.019577,0.562960,1.612497,19.666052,11.602282,3.474036,2.704925,171.888878,5.787125,1.058318,0.028770,0.962119
-0.040899,0.019852,0.549011,1.999570,19.688923,11.890012,3.473433,2.705854,171.876121,6.012066,1.058224,0.029864,0.960411
-0.036755,0.019865,0.575004,1.945946,19.675535,11.833442,3.473812,2.699000,171.851934,5.743378,1.058066,0.028585,0.961944
-0.042288,0.020133,0.539036,1.801053,19.673360,11.710792,3.475455,2.698238,171.810271,5.995488,1.057804,0.029722,0.961709
-0.039182,0.020050,0.581793,2.010591,19.671415,11.916823,3.472210,2.709848,171.794894,5.976150,1.057767,0.029665,0.961654
-0.038900,0.019365,0.604951,1.730659,19.707825,11.799753,3.470850,2.703615,171.843919,5.945483,1.057602,0.029534,0.961461
-0.038430,0.020015,0.573254,1.979571,19.699402,11.916708,3.473731,2.700115,171.692112,5.934160,1.056414,0.029433,0.961455
-0.037957,0.019559,0.568316,1.851713,19.731640,11.916762,3.472595,2.708086,171.777560,5.909338,1.057468,0.029308,0.961302
-0.040837,0.019894,0.538567,1.783689,19.708853,11.916590,3.474667,2.719338,171.700566,5.888404,1.057229,0.029254,0.961195
-0.038024,0.019755,0.544986,1.852515,19.713235,11.824575,3.472608,2.718318,171.696176,5.822046,1.057138,0.028972,0.960984
-0.039222,0.019678,0.551580,1.972794,19.689935,11.709763,3.471860,2.702468,171.677797,5.805931,1.056934,0.028873,0.960845
-0.037824,0.019937,0.594751,1.806364,19.759163,11.811608,3.471036,2.698744,171.614822,5.775133,1.056749,0.028762,0.960745
-0.043884,0.020197,0.570956,1.825644,19.680355,11.888910,3.474395,2.708479,171.466731,6.048462,1.055346,0.030056,0.960571
-0.037338,0.019388,0.568750,1.754777,19.687672,11.916750,3.471675,2.704781,171.887372,5.758533,1.056657,0.028610,0.960659
-0.039699,0.019518,0.552427,1.829325,19.694375,11.916630,3.469722,2.694828,172.048315,5.752599,1.056498,0.028560,0.960595
-0.040855,0.019325,0.516056,1.960855,19.694150,11.759195,3.470082,2.707686,172.134840,5.750323,1.056574,0.028527,0.960588
-0.040878,0.019621,0.525365,1.865484,19.649277,11.349925,3.469766,2.708791,172.157285,5.691321,1.056313,0.028234,0.960324
-0.040158,0.019980,0.525557,2.093120,19.685752,11.736178,3.474316,2.701612,172.186315,5.695980,1.056413,0.028258,0.960305
-0.040004,0.019853,0.539284,1.598094,19.717015,11.630518,3.472128,2.713831,172.178744,5.637795,1.056252,0.027970,0.960195
-0.039309,0.018992,0.562824,1.729570,19.677440,11.916817,3.469208,2.711261,172.136501,5.667688,1.056135,0.028118,0.960211
-0.039636,0.020107,0.533802,1.845831,19.738215,11.445433,3.473102,2.701047,171.868446,5.550009,1.055753,0.027601,0.959728
-0.045508,0.019455,0.560524,2.002839,19.689275,11.099595,3.468243,2.700852,171.495631,5.761178,1.055091,0.028588,0.959208
-0.042450,0.020314,0.561201,1.792752,19.736262,11.948033,3.476512,2.689449,171.323655,6.033193,1.054982,0.029946,0.959085
-0.038770,0.020565,0.582616,1.862090,19.733010,12.083492,3.473983,2.718634,171.275363,6.000009,1.054830,0.029809,0.958944
-0.038858,0.020302,0.594949,1.795099,19.764580,12.083323,3.473514,2.699267,171.246042,5.922001,1.054616,0.029457,0.958643
-0.038914,0.020006,0.603370,1.760860,19.727903,12.083303,3.474525,2.661912,171.060773,5.920680,1.053708,0.029443,0.958655
-0.036560,0.020553,0.608021,1.815889,19.750323,12.083475,3.473987,2.694244,171.154078,5.898795,1.054290,0.029352,0.958516
-0.039603,0.020218,0.594009,1.762637,19.775203,11.930897,3.473997,2.679466,171.091708,5.848223,1.054070,0.029105,0.958259
-0.042828,0.020159,0.584283,1.885021,19.747710,11.715365,3.473049,2.685159,171.046486,6.090711,1.053692,0.030255,0.958013
-0.039390,0.020144,0.564836,1.907702,19.757258,12.166795,3.473490,2.679036,170.995853,6.085122,1.053704,0.030205,0.957942
-0.041140,0.020756,0.598839,1.750629,19.763955,12.249935,3.475552,2.694919,170.964100,6.140760,1.053558,0.030503,0.956867
-0.038609,0.020314,0.614696,1.807245,19.795140,12.166760,3.472142,2.697461,170.932551,6.036572,1.053346,0.029995,0.957745
-0.038562,0.020650,0.597903,1.673467,19.751535,11.934738,3.474071,2.695047,170.895998,5.960015,1.052985,0.029652,0.957427
-0.042462,0.020093,0.603407,1.850782,19.769020,11.551323,3.471937,2.709100,170.846935,5.877368,1.052513,0.029214,0.956970
-0.041309,0.020681,0.617743,1.774653,19.730470,11.401682,3.474295,2.710850,170.869603,5.833226,1.052514,0.029011,0.956835
-0.041704,0.020244,0.603838,1.711407,19.789030,11.746710,3.472887,2.703002,170.784185,5.823711,1.052329,0.028988,0.956829
-0.040577,0.020776,0.587322,1.926978,19.799580,12.250148,3.476669,2.659530,170.619424,6.142212,1.051507,0.030502,0.956825
-0.040799,0.020983,0.621198,1.627448,19.775563,12.250173,3.475832,2.677139,170.798323,6.118253,1.052275,0.030381,0.956725
-0.041672,0.021051,0.583212,1.556325,19.768710,11.712788,3.475339,2.701578,170.780241,6.039124,1.051889,0.029990,0.956346
-0.047530,0.020353,0.608660,1.686073,19.748002,11.002262,3.472981,2.695763,170.677421,5.946466,1.051359,0.029554,0.955941
-0.042600,0.020630,0.619593,1.521534,19.694188,11.112840,3.474083,2.711798,170.683194,5.876114,1.051124,0.029240,0.955657
-0.044316,0.020490,0.573896,1.729683,19.705063,10.958600,3.473177,2.709342,170.594016,5.851132,1.049821,0.029085,0.955532
-0.045581,0.020584,0.597207,1.848761,19.717782,10.950037,3.474339,2.700703,170.901704,5.843390,1.050929,0.028988,0.955436
-0.044867,0.020751,0.572786,1.322287,19.715925,10.671513,3.474333,2.692119,170.959564,5.800637,1.050715,0.028793,0.955247
-0.041412,0.020707,0.572029,1.775389,19.677732,11.248823,3.473624,2.698268,170.974293,5.814503,1.050792,0.028857,0.955333
-0.036925,0.020489,0.592808,1.703340,19.825758,12.250120,3.473234,2.699372,170.978087,5.867012,1.051019,0.029131,0.955542
-0.047667,0.020906,0.561323,1.781406,19.695050,10.516485,3.475983,2.704234,170.877886,5.681575,1.050164,0.028268,0.954705
-0.050219,0.020719,0.573505,1.712769,19.650037,10.217837,3.469821,2.692640,170.589452,5.603157,1.048571,0.027870,0.954359
-0.051513,0.021125,0.610036,1.644870,19.667735,10.269323,3.476599,2.697463,170.596844,5.850179,1.049502,0.029028,0.954141
-0.041277,0.020821,0.614566,1.687689,19.770503,11.452758,3.474513,2.693875,170.327768,5.873710,1.049505,0.029215,0.954250
-0.040488,0.021470,0.602903,1.495082,19.834635,12.044533,3.477947,2.699585,170.317737,6.176809,1.049541,0.030698,0.954255
-0.042055,0.021502,0.622952,1.617643,19.821633,12.209860,3.476597,2.689626,170.273972,6.154624,1.049376,0.030580,0.954118
-0.041510,0.020656,0.619916,1.688809,19.827718,11.867707,3.472801,2.691826,170.214875,6.087219,1.049077,0.030250,0.953826
-0.040479,0.020767,0.625645,1.621374,19.850365,12.147723,3.475108,2.697187,170.162667,6.068899,1.048954,0.030150,0.953698
-0.037257,0.021207,0.638093,1.719695,19.842447,12.416690,3.475989,2.694082,170.130141,6.034781,1.048848,0.030042,0.953590
-0.036878,0.021418,0.635530,1.568813,19.851393,12.165588,3.478127,2.700289,170.119042,5.984838,1.048507,0.029800,0.953364
-0.040874,0.021281,0.619497,1.612681,19.835195,11.842865,3.474693,2.701585,170.071441,5.920852,1.048193,0.029480,0.953025
-0.052765,0.021589,0.579424,1.771535,19.755398,10.311350,3.477014,2.682558,169.961454,6.026781,1.047187,0.029905,0.952144
-0.038166,0.020935,0.617663,1.613789,19.834133,12.370733,3.475626,2.674828,169.959120,6.133299,1.047798,0.030489,0.952695
-0.040287,0.021132,0.588049,1.647737,19.864023,11.946220,3.475771,2.683748,169.903712,6.062154,1.047484,0.030140,0.952283
-0.037045,0.020796,0.633497,1.693961,19.813072,12.499887,3.473037,2.684883,169.864357,6.059937,1.047329,0.030190,0.952335
-0.040997,0.021005,0.670431,1.616886,19.864867,11.883855,3.474959,2.673432,169.771268,6.254958,1.046931,0.031097,0.951868
-0.037970,0.021815,0.678458,1.519223,19.861087,12.583507,3.477890,2.684021,169.735942,6.274400,1.046917,0.031159,0.951862
-0.037520,0.021375,0.664404,1.875674,19.878823,12.489098,3.476313,2.676789,169.746581,6.204563,1.046676,0.030849,0.951604
-0.039253,0.021333,0.628210,1.610475,19.874155,12.487392,3.475339,2.690207,169.759930,6.185320,1.046550,0.030774,0.951495
-0.036217,0.022207,0.665659,1.592799,19.879948,12.529085,3.478970,2.668103,169.719347,6.086022,1.046353,0.030331,0.951086
-0.040906,0.021788,0.637005,1.607907,19.819585,11.645210,3.476244,2.683076,169.656209,6.017852,1.045648,0.029993,0.950766
-0.050144,0.022500,0.655067,1.712749,19.828660,10.682917,3.480101,2.681918,169.575546,6.186136,1.045118,0.030780,0.950245
-0.052298,0.021404,0.652036,1.600588,19.739692,10.312137,3.474473,2.678906,169.418511,6.102151,1.044530,0.030287,0.949667
-0.047065,0.021893,0.682655,1.728249,19.802618,10.947798,3.477502,2.699926,169.400992,6.064501,1.044508,0.030176,0.949587
-0.043561,0.021930,0.679679,1.406945,19.846648,11.617720,3.477276,2.682662,169.421320,6.090513,1.044603,0.030317,0.949727
-0.046513,0.021996,0.631422,1.625992,19.769125,10.722025,3.475493,2.687009,169.411642,6.068090,1.044053,0.030191,0.948190
-0.045696,0.021978,0.676563,1.679368,19.821140,10.869297,3.476464,2.689883,169.377424,5.945989,1.043910,0.029615,0.949026
-0.041817,0.021792,0.681031,1.560066,19.845745,11.813922,3.477100,2.694387,169.339087,6.296670,1.043910,0.031305,0.949249
-0.044299,0.021834,0.683107,1.604173,19.846010,11.448992,3.476551,2.698224,169.223988,6.211182,1.043570,0.030870,0.948844
-0.044199,0.022328,0.686240,1.488521,19.850595,11.679380,3.479928,2.687266,169.162945,6.194534,1.043347,0.030812,0.948761
-0.035873,0.021561,0.710343,1.551388,19.919553,12.543073,3.474743,2.689454,169.190026,6.196918,1.043455,0.030844,0.948752
-0.038314,0.022264,0.666420,1.347693,19.865713,12.482233,3.475067,2.680795,169.162876,6.254019,1.043248,0.031098,0.947620
-0.035753,0.022175,0.658512,1.516224,19.882530,12.745830,3.477915,2.693770,169.127875,6.435241,1.043061,0.031985,0.948435
-0.045383,0.022703,0.692159,1.597302,19.871648,11.485803,3.480348,2.684471,169.041553,6.275767,1.042279,0.031178,0.947722
-0.051188,0.021953,0.689870,1.577825,19.770510,10.475313,3.476801,2.684764,168.964028,6.116609,1.041646,0.030412,0.947066
-0.045362,0.022754,0.664228,1.719334,19.851688,11.490950,3.478838,2.691975,168.920654,6.145452,1.041756,0.030615,0.947234
-0.045149,0.022386,0.659049,1.516140,19.824953,11.154758,3.478902,2.690318,168.861387,6.122373,1.041379,0.030458,0.947012
-0.047575,0.023433,0.711666,1.627568,19.831125,10.981475,3.482427,2.693815,168.803150,6.244490,1.041023,0.031032,0.944821
-0.044775,0.023522,0.706523,1.510081,19.884947,11.765090,3.484267,2.671862,168.755353,6.349547,1.041067,0.031563,0.946657
-0.052069,0.022789,0.707880,1.513511,19.825368,10.780330,3.477797,2.681061,168.660546,6.197810,1.040429,0.030835,0.946000
-0.043979,0.023302,0.730137,1.395822,19.881410,11.520475,3.479549,2.675326,168.613168,6.191326,1.040375,0.030812,0.945966
-0.043364,0.023210,0.712718,1.364798,19.840463,11.383270,3.480711,2.689641,168.545364,6.124192,1.040099,0.030516,0.945656
-0.041554,0.022822,0.720962,1.422439,19.929678,12.155317,3.478647,2.680531,168.505197,6.428112,1.040089,0.031921,0.945578
-0.047619,0.022858,0.681749,1.467354,19.879872,11.069867,3.478144,2.685084,168.417387,6.280552,1.039397,0.031226,0.945004
-0.047499,0.022927,0.733689,1.637104,19.905637,10.674040,3.479447,2.675733,168.356802,6.183940,1.038920,0.030747,0.944523
-0.044920,0.023630,0.749700,1.534796,19.876263,11.444375,3.481946,2.691545,168.353226,6.189525,1.038988,0.030820,0.944577
-0.042368,0.023381,0.714774,1.399103,19.910302,11.783822,3.481152,2.680326,168.261931,6.470187,1.038770,0.032180,0.944527
-0.046554,0.023270,0.735411,1.403250,19.907600,11.620792,3.479084,2.695283,168.241337,6.424712,1.038504,0.031981,0.944304
-0.040744,0.023268,0.723661,1.415336,19.969983,12.352922,3.479887,2.688221,168.236596,6.422009,1.038476,0.031968,0.944218
-0.045923,0.022950,0.754422,1.486417,19.938607,11.525875,3.479213,2.666008,168.165572,6.305895,1.037744,0.031396,0.943725
-0.046468,0.024183,0.729796,1.445743,19.924585,11.256202,3.483204,2.667601,168.078387,6.215369,1.037464,0.030990,0.943320
-0.043342,0.024214,0.787375,1.450964,19.976853,12.041845,3.484432,2.678073,167.987591,6.504253,1.037407,0.032363,0.943218
-0.037345,0.022867,0.714860,1.398964,20.011178,12.441105,3.478951,2.683303,168.020531,6.484030,1.037318,0.032224,0.943113
-0.044682,0.023344,0.738210,1.411179,19.996692,11.633775,3.479392,2.664322,168.057740,6.405575,1.036859,0.031745,0.942658
-0.041170,0.023286,0.743307,1.699055,19.944815,12.141347,3.481501,2.690684,167.893451,6.377643,1.035498,0.031544,0.942183
-0.045041,0.023840,0.781353,1.368160,19.947828,11.220052,3.480793,2.691088,168.003258,6.254795,1.036219,0.031143,0.942127
-0.036844,0.023304,0.760878,1.407028,19.999517,12.739585,3.476498,2.658815,167.891525,6.294536,1.036116,0.031410,0.942326
-0.048011,0.023637,0.746287,1.490812,19.971867,10.963547,3.480291,2.682988,167.773810,6.426872,1.035367,0.031998,0.941501
-0.052720,0.024044,0.752248,1.362491,19.894757,10.084792,3.480334,2.699049,167.614363,6.240842,1.034451,0.031087,0.940653
-0.047970,0.024008,0.784038,1.479883,19.991402,11.063935,3.479160,2.676535,167.522296,6.545285,1.034590,0.032571,0.940647
-0.053393,0.023737,0.760683,1.315941,19.889423,10.115673,3.480429,2.683913,167.428558,6.427455,1.033460,0.031959,0.940083
-0.038711,0.023917,0.771656,1.282671,20.010522,12.994493,3.482958,2.682599,167.525080,6.622041,1.034639,0.032948,0.940988
-0.037583,0.023732,0.799388,1.340300,20.010817,13.069983,3.478772,2.678651,167.488120,6.542457,1.034505,0.032591,0.940726
-0.047712,0.024377,0.773745,1.132588,20.011003,11.568200,3.482918,2.662590,167.389839,6.375336,1.033757,0.031764,0.939866
-0.049324,0.024650,0.744487,1.317091,20.011017,11.613200,3.483819,2.675289,167.337323,6.609481,1.033358,0.032900,0.939569
-0.043037,0.024466,0.785085,1.306283,20.010408,12.018613,3.483746,2.692977,167.258435,6.573217,1.033116,0.032757,0.939424
-0.051066,0.024185,0.776864,1.228233,20.010577,10.779827,3.479815,2.681822,166.970464,6.432715,1.031157,0.032007,0.938723
-0.039112,0.024761,0.797093,1.269236,20.010375,12.538157,3.481710,2.682122,167.129441,6.507578,1.032649,0.032470,0.939099
-0.049900,0.025066,0.804917,1.433467,20.010438,11.275402,3.482280,2.689290,167.031066,6.635832,1.031822,0.033015,0.938256
-0.045042,0.024608,0.815128,1.366480,20.010387,11.355222,3.482670,2.669997,166.959686,6.510784,1.031449,0.032470,0.937838
-0.045744,0.024644,0.796082,1.589969,20.010287,11.335043,3.482640,2.663676,166.898848,6.504040,1.031160,0.032404,0.937695
-0.040609,0.024955,0.768600,1.300772,20.010073,12.333268,3.485336,2.665794,166.848802,6.515287,1.031115,0.032503,0.937722
-0.048734,0.025484,0.783893,1.524046,20.010015,11.510933,3.483631,2.675902,166.535513,6.664460,1.028087,0.033146,0.937059
-0.040322,0.024870,0.800082,1.352694,20.009788,12.589533,3.483605,2.681639,166.652627,6.664036,1.030436,0.033228,0.937062
-0.036862,0.026133,0.835302,1.199468,20.009617,12.979525,3.487425,2.670430,166.621793,6.621308,1.030224,0.033049,0.936839
-0.040400,0.025372,0.802920,1.347474,20.009542,12.600210,3.483668,2.666299,166.599177,6.845132,1.029815,0.034101,0.936476
-0.043366,0.025190,0.799862,1.222847,20.009475,11.902898,3.482243,2.677589,166.564715,6.743793,1.029329,0.033569,0.935974
-0.051718,0.025544,0.807082,1.329457,20.010163,10.264772,3.483123,2.657927,166.423993,6.530154,1.028305,0.032506,0.935019
-0.046518,0.025693,0.873439,1.325518,20.009835,11.232868,3.484877,2.663886,166.139334,6.539697,1.027044,0.032600,0.935066
-0.046985,0.026178,0.868248,1.230829,20.009707,11.592428,3.485852,2.664828,166.282639,6.788471,1.027964,0.033821,0.934821
-0.043351,0.026317,0.842540,1.261143,20.009230,12.235848,3.486122,2.671319,166.121209,6.734036,1.027743,0.033592,0.934600
-0.042503,0.026233,0.895493,1.147071,20.008850,12.549003,3.483854,2.659903,166.101195,6.962421,1.027474,0.034699,0.934271
-0.044919,0.026592,0.898661,1.186384,20.008760,12.278625,3.488835,2.661519,166.087195,6.901980,1.025888,0.034403,0.933969
-0.047702,0.026634,0.895615,1.158469,19.996203,11.488898,3.488819,2.648899,165.907577,6.758287,1.025985,0.033679,0.933027
-0.047229,0.026779,0.873288,1.195181,20.008867,11.504767,3.486735,2.653553,165.733303,6.675308,1.024799,0.033315,0.932976
-0.048289,0.026790,0.910443,1.115849,20.008910,11.231283,3.490017,2.671529,165.838025,6.880183,1.025493,0.034271,0.932203
-0.047967,0.027156,0.885266,1.186370,20.008575,11.385083,3.488815,2.657783,165.724818,6.808342,1.025097,0.033924,0.932166
-0.038770,0.026942,0.935642,1.146774,20.008125,13.037858,3.488825,2.673253,165.651435,6.846287,1.025203,0.034180,0.932361
-0.042501,0.027326,0.879010,1.277564,20.008390,12.516192,3.490645,2.683109,165.550762,7.038460,1.024651,0.035067,0.931787
-0.052457,0.027191,0.934288,1.157035,20.008282,10.644702,3.488228,2.667582,165.464694,6.822031,1.023652,0.034040,0.930821
-0.050829,0.026869,0.894006,1.118577,20.008302,11.000875,3.488015,2.674070,165.189624,6.774186,1.022193,0.033806,0.930722
-0.047847,0.027229,0.936043,1.155439,20.008085,11.164795,3.489698,2.665749,165.320322,6.723341,1.022976,0.033524,0.930346
-0.048393,0.027344,0.902228,1.111332,20.007967,11.282705,3.487533,2.661443,165.235913,6.931806,1.022587,0.034554,0.929931
-0.042390,0.027656,0.957423,1.131050,20.016108,12.416272,3.486859,2.660818,165.182647,6.920668,1.022474,0.034542,0.930030
-0.041713,0.027196,0.959131,1.039205,20.015325,12.550610,3.487835,2.665007,165.087756,6.857769,1.022121,0.034263,0.929691
-0.052076,0.027441,0.934979,1.119743,20.015852,11.015383,3.488051,2.687045,164.966855,6.966529,1.021069,0.034716,0.928700
-0.044792,0.027751,0.994853,1.065847,20.015765,11.503453,3.487719,2.663350,164.679992,6.915883,1.019562,0.034499,0.928487
-0.037693,0.028747,1.007336,0.992876,20.014778,13.009048,3.492456,2.662534,164.790391,6.922997,1.020808,0.034633,0.928547
-0.045000,0.027816,0.994472,1.100200,20.014962,11.748380,3.488969,2.661779,164.677248,7.034859,1.019954,0.035073,0.927628
-0.039635,0.028336,0.978730,1.029284,20.014073,12.929815,3.493391,2.653052,164.598350,7.037850,1.018622,0.035116,0.927652
-0.039978,0.028244,1.000236,1.041408,20.014113,12.698018,3.486993,2.647907,164.522746,6.910029,1.016871,0.034523,0.927115
-0.047324,0.028472,1.020352,1.112143,20.013597,12.141435,3.491311,2.652400,164.422315,7.069113,1.018659,0.035202,0.926414
-0.045226,0.029362,1.024706,1.056268,20.013510,12.241035,3.492565,2.661303,164.135839,6.995377,1.013312,0.034933,0.926070
-0.045565,0.028637,0.994481,1.046530,20.013232,11.897135,3.490380,2.672320,164.274944,7.133780,1.017522,0.035537,0.925443
-0.049379,0.028787,1.011593,1.079986,20.013020,11.649362,3.492116,2.669192,164.177619,7.036716,1.016911,0.035061,0.924855
-0.037939,0.029161,1.047380,0.971013,20.012580,12.811632,3.486411,2.671154,164.109150,7.027790,1.016794,0.035079,0.924866
-0.046276,0.028954,1.018205,0.997728,20.012617,11.477397,3.487908,2.666841,164.004963,6.842124,1.015883,0.034146,0.923969
-0.044318,0.029490,1.039899,0.966378,20.012355,11.957247,3.491149,2.663855,163.931127,7.070298,1.015411,0.035221,0.923608
-0.053020,0.029892,1.081408,1.030054,20.012325,10.936395,3.491559,2.654427,163.516729,6.853496,1.013320,0.034207,0.922664
-0.054223,0.029198,1.107761,0.935365,20.012140,10.915290,3.489046,2.624104,163.515960,7.026972,1.013853,0.035037,0.922071
-0.045525,0.030449,1.089155,0.946014,20.011713,12.404965,3.493706,2.662344,163.417498,7.055650,1.013811,0.035234,0.922189
-0.042036,0.030313,1.112301,0.925320,20.011418,12.407482,3.492441,2.667555,163.419537,6.963066,1.013361,0.034764,0.921746
-0.042216,0.030275,1.102943,0.906645,20.011242,12.487165,3.494916,2.649440,163.398449,7.169183,1.012878,0.035731,0.921321
-0.049020,0.030370,1.126828,0.887660,20.011457,11.141913,3.491951,2.665447,163.312637,6.948237,1.011900,0.034664,0.920335
-0.050735,0.030798,1.072579,0.993814,20.011232,10.876765,3.493024,2.662118,163.211647,6.837934,1.011102,0.034105,0.919757
-0.046260,0.030663,1.134178,0.905961,20.011127,11.824065,3.491867,2.662738,163.168862,7.099586,1.010997,0.035398,0.919605
-0.048456,0.031116,1.125121,0.918759,20.011173,11.704397,3.495502,2.661390,163.064986,6.989464,1.010476,0.034834,0.919084
-0.049150,0.030719,1.151991,0.941501,20.010977,10.844910,3.490733,2.671913,162.852080,6.797846,1.009614,0.033933,0.918216
-0.046174,0.030906,1.160353,0.937716,20.010488,11.890718,3.492466,2.667982,162.674329,7.062434,1.009237,0.035223,0.918051
-0.046617,0.031766,1.192615,0.838535,20.010535,11.740397,3.498597,2.644549,162.572201,6.936474,1.008671,0.034619,0.917481
-0.045073,0.031401,1.176837,0.871837,20.016258,11.792278,3.494840,2.649353,162.479582,7.128550,1.008051,0.035540,0.916950
-0.044008,0.032331,1.218472,0.835776,20.010565,11.699140,3.497544,2.663908,162.365663,6.948502,1.007458,0.034687,0.914765
-0.053992,0.031986,1.223991,0.830951,20.016242,10.813220,3.496340,2.653289,162.224077,6.796524,1.006499,0.033979,0.915475
-0.043641,0.032551,1.217587,0.917188,20.015753,12.346972,3.497081,2.659577,162.114990,7.123076,1.006379,0.035482,0.915526
-0.054745,0.032368,1.212625,0.841440,20.016075,10.123647,3.494520,2.645322,161.937073,6.791067,1.005009,0.033909,0.914044
-0.047359,0.033028,1.271229,0.791260,20.015767,11.842855,3.499083,2.655097,161.911900,7.117267,1.004918,0.035452,0.914097
-0.047037,0.032112,1.257820,0.819712,20.015462,11.560792,3.494615,2.657611,161.941166,7.004670,1.004379,0.034872,0.913611
-0.048621,0.033595,1.281298,0.798425,20.015393,11.891937,3.497440,2.658702,161.955595,7.050893,1.003956,0.035184,0.912470
-0.040862,0.033192,1.281898,0.844110,20.015032,12.466752,3.499206,2.659697,161.933809,6.868871,1.003623,0.034292,0.912995
-0.053101,0.033002,1.265742,0.802749,20.015203,10.913207,3.493559,2.646752,161.860839,6.646966,1.002526,0.033187,0.911974
-0.047203,0.034036,1.237211,0.891485,20.014952,11.568858,3.496828,2.642179,161.797381,6.881284,1.002188,0.034284,0.911648
-0.042547,0.032893,1.283141,0.807534,20.014822,11.918243,3.496688,2.675387,161.708646,6.795663,1.001717,0.033893,0.911252
-0.043501,0.034398,1.295501,0.819141,20.014683,11.783025,3.501423,2.664166,161.602175,6.660728,1.001028,0.033228,0.910623
-0.053160,0.034418,1.338168,0.810925,20.014697,10.968330,3.498257,2.663432,161.466720,6.763255,1.000091,0.033648,0.909691
-0.050807,0.033759,1.284904,0.824034,20.014645,10.906690,3.495900,2.643887,161.330403,6.641461,0.999416,0.033128,0.909183
-0.047953,0.034241,1.340393,0.748744,20.014448,11.549423,3.498317,2.659898,161.187231,6.861582,0.998962,0.034160,0.908764
-0.043618,0.034288,1.368844,0.766227,20.014058,12.087410,3.497439,2.664034,161.026809,6.756986,0.998469,0.033712,0.908326
-0.041289,0.034792,1.369667,0.763200,20.013942,12.612877,3.499292,2.649184,160.872107,6.963751,0.997876,0.034678,0.907861
-0.042349,0.034381,1.337760,0.796054,20.013883,12.533902,3.498001,2.663049,160.786674,6.816937,0.997171,0.033993,0.907188
-0.045761,0.034998,1.351806,0.759383,20.013795,11.287255,3.499755,2.672309,160.846885,6.607175,0.996206,0.032939,0.906233
-0.052434,0.035285,1.382642,0.747445,20.014017,10.526843,3.499519,2.668824,160.959121,6.442020,0.995467,0.032123,0.905483
-0.043688,0.035383,1.332655,0.776160,20.014112,11.644750,3.499755,2.636866,161.118973,6.447368,0.995402,0.032171,0.905519
-0.046705,0.034947,1.389841,0.734895,20.013887,11.151905,3.496848,2.658043,161.179984,6.318586,0.994728,0.031507,0.904887
-0.055267,0.035859,1.392248,0.766065,19.930482,9.695838,3.500133,2.680475,161.084986,6.094228,0.993665,0.030355,0.903837
-0.048045,0.036490,1.375920,0.726746,20.013803,10.719187,3.501676,2.655838,161.164680,6.367588,0.993368,0.031654,0.903690
-0.047149,0.035686,1.401583,0.720939,20.013872,11.076872,3.498311,2.660619,161.077080,6.254429,0.992564,0.031161,0.903210
-0.052907,0.036050,1.429492,0.719228,20.013700,10.198028,3.494849,2.660962,161.016051,6.060628,0.991971,0.030191,0.902274
-0.048400,0.036987,1.438217,0.730293,20.013453,10.937505,3.500182,2.647744,160.858700,6.308357,0.991528,0.031362,0.902044
-0.050536,0.036402,1.420370,0.755630,20.013675,10.872910,3.495628,2.662510,160.481498,6.434182,0.990731,0.032000,0.901220
-0.040106,0.037023,1.500124,0.686472,20.013528,11.829600,3.497810,2.650059,160.063275,6.312522,0.990073,0.031472,0.900677
-0.045991,0.038114,1.489947,0.715260,20.013377,11.245385,3.503298,2.649039,159.651131,6.390323,0.988927,0.031806,0.899612
-0.055303,0.037820,1.558149,0.679771,20.013523,10.240558,3.503424,2.636223,159.279879,6.442213,0.987707,0.032064,0.898498
-0.045234,0.039399,1.626529,0.614804,20.013208,11.850597,3.505017,2.651411,158.992347,6.775274,0.987362,0.033768,0.897292
-0.050950,0.039121,1.618113,0.642427,20.013207,10.775177,3.505981,2.663341,158.735930,6.460357,0.986215,0.032234,0.897207
-0.043797,0.039319,1.627809,0.662732,20.013140,12.052353,3.505014,2.671566,158.545682,6.706870,0.985796,0.033409,0.896953
-0.045617,0.039626,1.656271,0.612838,20.013062,11.840187,3.505449,2.646227,158.358904,6.839076,0.984975,0.034057,0.896167
-0.051182,0.039632,1.706523,0.591121,20.013178,10.967915,3.504764,2.648126,158.191117,6.624756,0.983936,0.032991,0.895185
-0.048305,0.039966,1.721199,0.603256,20.013032,10.961583,3.505767,2.641851,158.041854,6.761872,0.983135,0.033690,0.894439
-0.044549,0.040158,1.743033,0.579738,20.013005,11.906208,3.506164,2.635745,157.923193,6.704671,0.982747,0.033408,0.894176
-0.045249,0.040962,1.722458,0.624438,20.013180,11.302827,3.509190,2.646765,157.783093,6.507488,0.981786,0.032472,0.893272
-0.051913,0.040953,1.768726,0.578271,20.013170,10.865767,3.506948,2.654400,157.658053,6.627184,0.980909,0.032982,0.892406
-0.050883,0.042119,1.809081,0.590074,20.013205,10.578632,3.512634,2.637159,157.509080,6.458311,0.980028,0.032203,0.891646
-0.053048,0.041633,1.825128,0.570041,20.013378,10.543548,3.506460,2.630768,157.368518,6.598077,0.979267,0.032828,0.890867
-0.038565,0.042103,1.826486,0.552705,20.013245,12.251328,3.510929,2.636460,157.232658,6.586547,0.979031,0.032897,0.890884
-0.050868,0.043093,1.857942,0.559913,20.013207,10.990640,3.512445,2.641554,157.086024,6.638545,0.977705,0.033056,0.889709
-0.046589,0.043054,1.875048,0.561230,20.013193,11.557543,3.513531,2.635888,157.012721,6.544400,0.977372,0.032619,0.889275
-0.049121,0.044321,1.850429,0.540408,20.013313,11.598565,3.514680,2.615081,156.916304,6.716352,0.976704,0.033449,0.888659
-0.059771,0.043047,1.907850,0.528905,20.013433,9.704228,3.507191,2.654910,156.787629,6.418921,0.975352,0.031925,0.887274
-0.049378,0.043914,1.934340,0.542170,20.013632,10.708263,3.512460,2.646913,156.668914,6.381564,0.974919,0.031807,0.887101
-0.044720,0.045098,1.968856,0.512274,20.013605,11.835817,3.513337,2.632139,156.635857,6.621182,0.974525,0.032937,0.886819
-0.046218,0.044653,1.968021,0.512084,20.013752,11.249692,3.514623,2.633480,156.690851,6.434469,0.973815,0.032038,0.885986
-0.044645,0.045714,2.034688,0.505063,20.013738,11.233092,3.512580,2.648196,156.716392,6.262530,0.973136,0.031198,0.885155
-0.055029,0.045211,1.988281,0.502938,20.013977,10.165318,3.508823,2.635379,156.698449,6.392041,0.972126,0.031771,0.884349
-0.046545,0.045546,2.035773,0.510794,20.013947,11.194425,3.508473,2.652365,156.654166,6.356426,0.971681,0.031599,0.884191
-0.046928,0.046137,2.044613,0.489617,20.013842,10.883060,3.510880,2.635190,156.583354,6.173651,0.971017,0.030758,0.883402
-0.045904,0.047088,2.076659,0.493179,20.014007,11.182918,3.514985,2.630055,156.480615,6.371254,0.970380,0.031679,0.882889
-0.048126,0.046869,2.072789,0.482420,20.014272,10.488870,3.510053,2.647224,156.364976,6.166064,0.969425,0.030703,0.881969
-0.050189,0.048305,2.116018,0.495463,20.014285,10.793685,3.516926,2.636034,156.025055,6.351128,0.967529,0.031594,0.881425
-0.049372,0.047490,2.166334,0.497205,20.014367,10.299042,3.511256,2.644334,155.990788,6.162027,0.967849,0.030654,0.880533
-0.047916,0.048600,2.209346,0.469690,20.014247,10.851405,3.516019,2.631011,155.602382,6.332260,0.967087,0.031494,0.879937
-0.049997,0.050141,2.277631,0.439056,20.014253,10.952867,3.525305,2.636702,155.254069,6.459967,0.966199,0.032147,0.879125
-0.048266,0.049884,2.301590,0.452075,20.014273,10.953805,3.515452,2.629852,154.954327,6.288523,0.965288,0.031330,0.878327
-0.050710,0.050599,2.401017,0.424016,20.014382,10.696370,3.517134,2.634877,154.696760,6.388306,0.964302,0.031804,0.877402
-0.049591,0.052148,2.435419,0.421150,20.013965,11.166490,3.523118,2.623677,154.493856,6.558367,0.963589,0.032588,0.876775
-0.043516,0.052475,2.492778,0.408275,20.014325,11.304080,3.513643,2.608206,154.297846,6.414346,0.962785,0.031958,0.876147
-0.045177,0.052421,2.532430,0.398720,20.014138,11.348190,3.515255,2.633987,154.122439,6.545842,0.961962,0.032560,0.875344
-0.043775,0.053483,2.568009,0.393399,20.013965,11.527558,3.517121,2.628882,153.957038,6.402934,0.961236,0.031929,0.874717
-0.048630,0.053941,2.585078,0.386840,20.014125,11.111660,3.523240,2.622706,153.804313,6.506696,0.960287,0.032403,0.873810
-0.048274,0.054874,2.641410,0.394348,20.014125,10.856110,3.516578,2.609493,153.660556,6.333289,0.959406,0.031577,0.873006
-0.044415,0.055127,2.663034,0.387192,20.014340,11.718608,3.520987,2.633778,153.521186,6.557478,0.958821,0.032630,0.872617
-0.042804,0.056159,2.713818,0.374245,20.014098,11.898978,3.522413,2.616731,153.173132,6.384504,0.956886,0.031870,0.871878
-0.041561,0.057195,2.754957,0.368920,20.014032,12.421978,3.527119,2.628388,153.223553,6.575049,0.957379,0.032719,0.871321
-0.050109,0.057839,2.832053,0.353099,20.014388,10.795112,3.526542,2.617872,153.064122,6.268614,0.956124,0.031236,0.869917
-0.043073,0.058893,2.865529,0.356261,20.014363,12.035545,3.522902,2.623609,152.902231,6.506939,0.955628,0.032388,0.869619
-0.041672,0.059825,2.908780,0.358669,20.014127,11.927402,3.526127,2.625935,152.727807,6.635914,0.954740,0.033030,0.868839
-0.047226,0.060535,2.962477,0.341016,20.014568,10.817575,3.527123,2.612937,152.570501,6.383696,0.953620,0.031787,0.867677
-0.051030,0.062254,3.030285,0.347050,20.014683,10.914943,3.525694,2.634757,152.421039,6.542354,0.952821,0.032557,0.867019
-0.044846,0.063750,3.159907,0.316741,20.014433,11.430178,3.522297,2.601372,152.257652,6.513558,0.952107,0.032391,0.865472
-0.059473,0.063519,3.158629,0.316578,20.014827,9.907773,3.530911,2.622682,152.089525,6.419622,0.950795,0.031937,0.865054
-0.046148,0.064715,3.241378,0.316516,20.014845,11.219797,3.524887,2.621602,151.923568,6.388341,0.950334,0.031863,0.864967
-0.047344,0.065814,3.274473,0.311726,20.014897,11.307162,3.525266,2.604758,151.824023,6.519858,0.949534,0.032449,0.864136
-0.048307,0.066773,3.295158,0.305039,20.014980,10.875463,3.534727,2.605922,151.868212,6.338562,0.948773,0.031562,0.863314
-0.042158,0.066763,3.367457,0.297882,20.015203,11.770918,3.529071,2.627568,151.901170,6.291284,0.948322,0.031354,0.863103
-0.044498,0.067962,3.398397,0.294258,20.015207,11.697802,3.534576,2.625253,151.703763,6.439704,0.946422,0.032045,0.862388
-0.048529,0.068726,3.422564,0.293522,20.015380,10.781645,3.527888,2.615707,151.863256,6.223105,0.946697,0.030947,0.861375
-0.044204,0.069836,3.497995,0.290030,20.015285,11.298115,3.529034,2.613809,151.779870,6.113175,0.946081,0.030476,0.860908
-0.046607,0.071140,3.529157,0.284164,20.015577,10.910785,3.530659,2.626798,151.673015,6.253697,0.945187,0.031063,0.860093
-0.048588,0.072024,3.606408,0.283312,20.015592,10.296298,3.531404,2.625687,151.554804,6.039323,0.944264,0.030059,0.859153
-0.047426,0.073285,3.683514,0.272647,20.015553,10.864325,3.533191,2.625651,151.401941,6.245945,0.943579,0.031060,0.858703
-0.040738,0.074535,3.746650,0.271930,20.015568,11.706447,3.530945,2.637337,151.253578,6.142106,0.943113,0.030579,0.858241
-0.044427,0.077310,3.825912,0.262014,20.015487,10.980958,3.529212,2.615842,150.929362,6.167740,0.941939,0.030670,0.856944
-0.043506,0.078540,3.985680,0.252775,20.015712,10.834547,3.537763,2.619847,150.586436,6.016032,0.940978,0.029984,0.856250
-0.041873,0.080269,4.049721,0.249952,20.015325,11.565813,3.530071,2.624811,150.263907,6.187589,0.940017,0.030787,0.855645
-0.043818,0.082417,4.221484,0.000000,20.015553,11.249927,3.530732,2.616580,149.999862,6.265070,0.939065,0.031132,0.854598
-0.040620,0.084601,4.304219,0.233883,20.015417,11.675402,3.531940,2.613786,149.766029,6.113659,0.938252,0.030532,0.853967
-0.046195,0.086533,4.438311,0.000000,20.015860,10.525012,3.536339,2.604847,149.593388,6.143921,0.937032,0.030564,0.852685
-0.041158,0.088668,4.519212,0.000000,20.015475,11.373658,3.538919,2.627485,149.379824,6.073176,0.936213,0.030267,0.852340
-0.045221,0.090546,4.666024,0.000000,20.015592,10.953503,3.539565,2.602475,149.218000,6.143806,0.935336,0.030593,0.851307
-0.049915,0.092683,4.770358,0.000000,20.015660,10.508988,3.540263,2.605576,149.046383,6.226638,0.934280,0.030970,0.850291
-0.048432,0.095618,4.920572,0.000000,20.015847,10.451705,3.539081,2.597952,148.878349,6.047436,0.933359,0.030113,0.849495
-0.045974,0.097569,5.097306,0.000000,20.015727,11.240505,3.543700,2.595522,148.718216,6.248879,0.932688,0.031059,0.848987
-0.040606,0.100406,5.216445,0.000000,20.015622,11.669245,3.534796,2.610470,148.560862,6.099452,0.931967,0.030355,0.848313
-0.048452,0.102872,5.335171,0.000000,20.015938,9.893103,3.539062,2.610776,148.396496,5.780175,0.930511,0.028790,0.846812
-0.038397,0.105390,5.454666,0.000000,20.015365,11.940168,3.546611,2.600495,148.223442,6.062576,0.930233,0.030174,0.846771
-0.034108,0.108737,5.638654,0.000000,20.015433,12.448898,3.543396,2.607905,148.045227,5.922103,0.929434,0.029488,0.846065
-0.050025,0.111899,5.838945,0.000000,20.015898,9.822595,3.538195,2.597165,147.866848,5.804996,0.927759,0.028851,0.844174
-0.049185,0.114300,5.989191,0.000000,20.015952,9.777487,3.544679,2.599480,147.665707,5.649135,0.926707,0.028153,0.843467
-0.038915,0.117473,6.157880,0.000000,20.015577,11.806337,3.543997,2.615148,147.459630,5.958410,0.926345,0.029588,0.843464
-0.037923,0.121566,6.401351,0.000000,20.015472,11.572110,3.542931,2.592730,147.249248,5.719709,0.925233,0.028482,0.842378
-0.039026,0.125377,6.664217,0.000000,20.015830,11.467008,3.542749,2.594975,147.084141,5.790155,0.924345,0.028763,0.841324
-0.044917,0.134392,7.073184,0.000000,20.015902,10.614058,3.543365,2.593336,146.886246,5.633357,0.923096,0.027952,0.839201
-0.040643,0.133556,7.067444,0.000000,20.015817,11.198938,3.543626,2.611332,146.704803,5.733717,0.922374,0.028376,0.839575
-0.035531,-0.001784,7.441624,0.000000,20.015835,11.932907,3.555371,2.605070,146.502136,5.717165,0.920547,0.028347,0.838183
-0.040612,0.145637,7.702665,0.000000,20.016218,10.943965,3.555150,2.602097,146.438601,5.443221,0.919334,0.026960,0.836902
-0.037758,0.150210,7.979403,0.000000,20.016273,10.751015,3.560104,2.591080,146.377912,5.241376,0.918472,0.026031,0.835998
-0.042373,0.154117,8.139765,0.000000,20.016127,10.478202,3.552067,2.598691,146.068983,5.358719,0.916135,0.026535,0.835139
-0.035901,0.158835,8.411918,0.000000,20.016193,11.292028,3.558647,2.595340,146.134014,5.231658,0.916648,0.025928,0.834574
-0.040101,0.164118,8.718911,0.000000,20.016215,10.170717,3.558445,2.609203,146.047878,4.945379,0.915431,0.024565,0.833255
-0.036850,0.167594,8.782612,0.000000,20.016288,10.803375,3.558013,2.598424,145.926596,5.123589,0.914677,0.025359,0.832688
-0.041255,0.174650,9.358687,0.000000,20.016133,10.212478,3.560539,2.596410,145.703594,4.883688,0.913522,0.024187,0.831589
-0.040199,0.181675,9.699618,0.000000,20.016208,10.014785,3.557187,2.605347,145.508326,4.686405,0.912667,0.023253,0.830641
