SCC,SCV,DVV,ICP,CCDT,CVCT,ACCV C,ACCV D,ECD,ECV,CCD,CCV,SoH
-0.039234,0.015423,0.387275,3.257058,20.009313,10.916735,3.447891,2.750773,179.351768,6.432150,1.078412,0.032094,0.980463
-0.037194,0.015171,0.339760,3.054284,20.009008,10.833358,3.448391,2.746763,179.456557,6.216045,1.079008,0.031029,0.980851
-0.038300,0.015273,0.330307,2.791636,20.009102,10.750020,3.449957,2.724876,179.622134,6.067637,1.079742,0.030232,0.981502
-0.041629,0.014857,0.272388,2.976164,20.009240,10.750145,3.448108,2.745021,179.738379,6.184906,1.080423,0.030757,0.982063
-0.036682,0.015494,0.361582,3.521341,20.009515,10.666848,3.448260,2.748418,179.825936,5.963053,1.080748,0.029712,0.982435
-0.038156,0.014598,0.347095,2.884892,20.009473,10.666840,3.446511,2.763693,179.882999,6.044963,1.081166,0.030034,0.982804
-0.037252,0.015279,0.354520,3.286300,20.009667,10.583408,3.446124,2.741125,179.965056,5.805994,1.081557,0.028944,0.983080
-0.038871,0.014719,0.309048,2.935891,20.009997,10.583338,3.445600,2.751639,179.976202,5.843673,1.081728,0.029139,0.983288
-0.040045,0.015011,0.329393,3.372412,20.010005,10.583277,3.446423,2.752011,180.001956,5.874169,1.081949,0.029254,0.983440
-0.036614,0.015174,0.332602,3.178450,20.009807,10.583357,3.445815,2.737314,180.029797,5.907463,1.081979,0.029376,0.983570
-0.037436,0.013923,0.341367,3.185762,7.992685,10.583303,3.443283,2.385545,5027.634350,5.945135,0.200928,0.029518,0.983713
-0.041899,0.017093,0.394173,2.554140,20.010167,11.249987,3.451442,2.723251,179.385419,7.449917,1.078013,0.037178,0.979584
-0.039146,0.015627,0.333132,3.001906,20.010197,10.750002,3.446570,2.734484,179.820843,6.214894,1.080651,0.030903,0.982214
-0.039434,0.015887,0.334899,3.134817,20.010100,10.666585,3.448830,2.741012,179.924420,6.086921,1.081429,0.030228,0.982983
-0.037881,0.015102,0.341221,2.704923,20.010282,10.583217,3.447069,2.733071,179.975867,5.858054,1.081877,0.029244,0.983353
-0.038374,0.014761,0.337656,3.074381,20.010163,10.583447,3.446176,2.720442,180.041097,5.914246,1.082124,0.029485,0.983638
-0.038091,0.014739,0.321260,3.629013,20.010515,10.583422,3.446373,2.727975,180.060881,5.964700,1.082394,0.029632,0.983833
-0.040519,0.015059,0.340713,3.012014,20.010220,10.583288,3.447701,2.740010,180.044130,6.007664,1.082532,0.029854,0.984029
-0.037969,0.015181,0.344283,3.761411,20.010730,10.500035,3.447685,2.737973,180.080001,5.731731,1.082721,0.028588,0.984140
-0.039367,0.014244,0.321444,2.450521,20.010575,10.500098,3.443608,2.732502,180.126126,5.746454,1.082837,0.028651,0.984283
-0.037584,0.014081,0.330377,2.945351,20.010450,10.500027,3.442677,2.746915,180.133636,5.778295,1.082880,0.028732,0.984374
-0.039967,0.014781,0.319876,3.087462,20.010542,10.500132,3.448235,2.722599,180.129159,5.792279,1.083066,0.028808,0.984457
-0.038856,0.014103,0.324624,2.964315,20.010618,10.500032,3.444785,2.754265,180.124857,5.823296,1.083108,0.028881,0.984520
-0.040082,0.014769,0.324083,2.918415,20.010412,10.499307,3.445402,2.723543,180.144090,5.839914,1.083245,0.028997,0.984660
-0.038413,0.014396,0.321332,3.356020,20.010623,10.416773,3.444109,2.730077,180.134149,5.548227,1.083295,0.027674,0.984691
-0.040271,0.015129,0.328869,3.480050,20.010753,10.416765,3.447896,2.737445,180.119690,5.543095,1.083341,0.027663,0.984702
-0.036322,0.014782,0.332641,3.415675,20.010497,10.416697,3.445693,2.744722,180.085201,5.545585,1.083236,0.027640,0.984691
-0.035544,0.015327,0.325600,2.886208,20.011047,10.416562,3.449074,2.726685,180.087679,5.537649,1.083258,0.027602,0.984656
-0.035137,0.014409,0.313300,2.627540,20.011070,10.416672,3.444870,2.749532,180.075583,5.542564,1.083279,0.027650,0.984671
-0.035823,0.014530,0.325288,2.849543,20.011170,10.416808,3.445779,2.742924,180.071198,5.551827,1.083284,0.027653,0.984699
-0.036914,0.014785,0.350971,2.922173,20.010487,10.416723,3.445588,2.738235,180.075530,5.549632,1.083331,0.027645,0.984700
-0.036966,0.014240,0.342117,3.279394,20.011130,10.416773,3.442447,2.738539,180.062933,5.544739,1.083307,0.027629,0.984674
-0.037819,0.014410,0.289761,3.116891,20.010795,10.416802,3.444943,2.752253,180.044196,5.542441,1.083318,0.027618,0.984691
-0.040004,0.014122,0.301378,3.154761,20.010898,10.416765,3.442921,2.741239,180.089239,5.555501,1.083332,0.027662,0.984723
-0.037802,0.014393,0.325200,3.963120,20.011037,10.416813,3.445606,2.723124,180.075769,5.550443,1.083330,0.027640,0.984702
-0.036658,0.014345,0.321671,2.930515,20.011225,10.416738,3.445116,2.746798,180.094075,5.549767,1.083338,0.027639,0.984726
-0.035885,0.014913,0.325491,3.137977,20.011130,10.416670,3.446820,2.753106,180.076905,5.552478,1.083328,0.027618,0.984726
-0.036421,0.014810,0.328449,2.945249,19.941342,10.416667,3.448614,2.722908,180.028774,5.546389,1.083296,0.027616,0.984694
-0.038451,0.014107,0.300583,4.048098,20.011022,10.416830,3.443638,2.730188,180.070277,5.549182,1.083354,0.027620,0.984745
-0.036267,0.014564,0.335648,3.085445,20.010613,10.416833,3.445455,2.745284,180.045209,5.560689,1.083331,0.027628,0.984733
-0.039167,0.013691,0.312071,2.986526,20.010952,10.416763,3.442115,2.738393,180.045085,5.554066,1.083384,0.027634,0.984746
-0.037883,0.014042,0.310870,4.311612,20.011257,10.416775,3.443663,2.744056,180.086504,5.561041,1.083413,0.027637,0.984759
-0.039187,0.014832,0.333926,4.113541,20.011038,10.416723,3.444305,2.751789,180.084613,5.563783,1.083386,0.027648,0.984775
-0.036719,0.014994,0.333090,3.152947,20.011432,10.416778,3.447288,2.751847,180.066588,5.555812,1.083411,0.027631,0.984748
-0.036806,0.014008,0.325545,3.717981,19.989465,10.416682,3.443322,2.737753,180.052312,5.580915,1.083441,0.027698,0.984856
-0.040773,0.014223,0.320803,3.119859,20.002495,10.416748,3.444595,2.745881,180.013488,5.589047,1.083474,0.027718,0.984864
-0.040925,0.014293,0.328674,3.515131,19.894372,10.416748,3.445263,2.745009,180.025360,5.594618,1.083525,0.027732,0.984866
-0.041661,0.014355,0.324394,2.848178,20.011542,10.416742,3.445539,2.734223,180.026169,5.594704,1.083554,0.027728,0.984891
-0.039918,0.014049,0.344407,2.980004,19.920113,10.416775,3.443173,2.747635,180.022171,5.608159,1.083528,0.027789,0.984948
-0.037653,0.014551,0.325271,3.065627,19.955120,10.416733,3.443887,2.747403,180.006967,5.603001,1.083528,0.027750,0.984908
-0.038190,0.014169,0.298648,4.406050,19.852502,10.416615,3.442123,2.751220,180.016281,5.610289,1.083583,0.027808,0.984966
-0.038993,0.014464,0.334745,2.801045,19.848255,10.416670,3.444966,2.765122,179.990551,5.604263,1.083456,0.027732,0.984880
-0.041915,0.014840,0.323800,3.537584,19.961712,10.416697,3.444603,2.737390,179.980924,5.588378,1.083538,0.027730,0.984885
-0.037823,0.014609,0.324454,2.973966,19.948832,10.416603,3.447229,2.739614,179.977171,5.604198,1.083527,0.027770,0.984902
-0.039406,0.014564,0.309601,3.640920,19.905683,10.415998,3.443416,2.733339,179.963053,5.580665,1.083459,0.027665,0.984832
-0.039533,0.014060,0.342918,2.834651,19.962942,10.416618,3.443362,2.724779,179.916802,5.569281,1.083376,0.027610,0.984759
-0.041609,0.014212,0.320376,3.072781,19.892162,10.416683,3.446706,2.734002,179.928896,5.564791,1.083288,0.027543,0.984698
-0.041525,0.013941,0.317919,3.267344,19.994150,10.416657,3.442457,2.731337,179.945756,5.547091,1.083324,0.027511,0.984673
-0.038049,0.014411,0.303866,3.266724,19.970623,10.416678,3.443747,2.740521,179.932024,5.561966,1.083344,0.027524,0.984709
-0.039477,0.014655,0.325287,3.359574,19.848388,10.416695,3.446171,2.733611,179.895908,5.543150,1.083251,0.027486,0.984649
-0.037619,0.014351,0.310933,2.740706,19.908548,10.416675,3.444682,2.768033,179.942105,5.532974,1.083235,0.027439,0.984635
-0.037456,0.014485,0.327632,3.427876,19.920812,10.416630,3.445095,2.732643,179.927798,5.536885,1.083194,0.027434,0.984592
-0.036179,0.014466,0.319371,3.053472,19.969923,10.416708,3.443833,2.737244,180.123158,5.560540,1.083364,0.027579,0.984733
-0.035904,0.014195,0.296364,3.386411,19.926845,10.333507,3.443185,2.744370,180.401768,5.364253,1.083826,0.026571,0.985188
-0.034785,0.014737,0.321079,3.591305,19.901858,10.249977,3.444291,2.751218,180.562666,5.114917,1.084074,0.025456,0.985433
-0.037275,0.014768,0.313721,3.561081,19.947672,10.249923,3.447088,2.750527,180.668874,5.139566,1.084302,0.025555,0.985581
-0.038725,0.013693,0.272204,3.066206,19.966987,10.249988,3.441106,2.752351,180.687382,5.151423,1.084311,0.025595,0.985650
-0.034788,0.013220,0.296576,3.660991,19.946483,10.250157,3.438032,2.730787,180.345969,5.133251,1.084201,0.025491,0.985558
-0.037577,0.013566,0.342333,2.965301,19.814835,10.416643,3.441903,2.748837,179.917052,5.559257,1.083299,0.027528,0.984683
-0.036353,0.014554,0.322814,2.789916,19.868067,10.416670,3.444909,2.756700,179.878278,5.545191,1.083245,0.027469,0.984643
-0.039633,0.014156,0.307128,3.531963,19.833013,10.416707,3.444119,2.752894,179.894769,5.547723,1.083270,0.027473,0.984634
-0.040559,0.014502,0.318082,3.244661,19.838388,10.416722,3.446373,2.742562,179.896644,5.544044,1.083266,0.027455,0.984647
-0.040297,0.014270,0.313602,3.549165,19.860712,10.416732,3.444615,2.738109,179.916939,5.542532,1.083320,0.027463,0.984666
-0.038433,0.014360,0.310586,3.233967,19.916657,10.416773,3.445271,2.739679,179.865282,5.539468,1.083292,0.027456,0.984654
-0.037542,0.014343,0.296724,3.369751,19.904743,10.416733,3.446920,2.757352,179.854023,5.553257,1.083309,0.027502,0.984692
-0.038780,0.014484,0.312884,4.013713,19.921057,10.333358,3.446340,2.712230,179.835645,5.241998,1.083256,0.026103,0.984630
-0.038681,0.014425,0.330336,2.978713,19.891032,10.416772,3.444320,2.721380,179.838266,5.538053,1.083247,0.027426,0.984619
-0.035542,0.014670,0.311632,3.981093,19.868228,10.333442,3.445671,2.737163,179.795215,5.230802,1.083215,0.026039,0.984576
-0.037510,0.014291,0.306130,2.666853,19.885358,10.416712,3.446424,2.747810,179.770003,5.519192,1.083182,0.027346,0.984545
-0.035525,0.014507,0.327353,3.325223,19.809868,10.333362,3.445667,2.749725,179.746871,5.219762,1.083116,0.025978,0.984522
-0.034781,0.013991,0.289623,3.521363,19.846508,10.333398,3.443347,2.733965,179.737323,5.215306,1.083153,0.025955,0.984544
-0.036548,0.015029,0.346496,3.035666,19.902047,10.333513,3.448446,2.724750,179.699922,5.211280,1.083152,0.025935,0.984485
-0.039370,0.014959,0.333617,2.685719,19.859737,10.416747,3.448116,2.746635,179.740278,5.507547,1.083070,0.027290,0.984478
-0.036824,0.014619,0.306034,2.878764,19.886262,10.416752,3.445151,2.727199,179.687633,5.498309,1.083034,0.027251,0.984438
-0.039451,0.015172,0.316102,2.854561,19.820670,10.416803,3.447378,2.741931,179.677313,5.492981,1.082968,0.027193,0.984415
-0.039156,0.014756,0.288248,3.615541,19.876335,10.416590,3.446758,2.748871,179.670752,5.484837,1.082952,0.027152,0.984360
-0.039595,0.014237,0.331404,3.105364,19.858855,10.416758,3.444324,2.752548,179.663595,5.478488,1.082962,0.027131,0.984336
-0.036372,0.014685,0.338034,2.947779,19.959753,10.416775,3.445113,2.747052,179.651819,5.475387,1.082975,0.027112,0.984313
-0.037966,0.014288,0.302605,3.529885,19.822423,10.416680,3.445622,2.744828,179.660233,5.481030,1.082892,0.027115,0.984316
-0.038860,0.014843,0.332289,3.394081,19.870257,10.416695,3.446247,2.740097,179.668063,5.472081,1.082871,0.027088,0.984281
-0.039713,0.014488,0.328677,2.398022,19.784035,10.416722,3.445198,2.738160,179.647275,5.469917,1.082838,0.027072,0.984278
-0.041379,0.014540,0.346043,3.107519,19.839445,10.416740,3.445316,2.742269,179.643122,5.449694,1.082794,0.026987,0.984208
-0.036356,0.013898,0.320232,2.538724,19.878772,10.416600,3.444929,2.736433,179.637809,5.453322,1.082797,0.026978,0.984208
-0.037708,0.014660,0.331907,3.330026,19.828852,10.416552,3.446375,2.753728,179.637730,5.442005,1.082750,0.026954,0.984172
-0.037823,0.013893,0.315184,3.220699,19.841193,10.416690,3.443244,2.741143,179.633967,5.437353,1.082721,0.026933,0.984142
-0.037579,0.014109,0.289991,3.061290,19.864148,10.416855,3.444032,2.730816,179.640411,5.436321,1.082687,0.026910,0.984117
-0.039408,0.013480,0.311777,3.102093,19.809782,10.416798,3.441345,2.754156,179.651342,5.422340,1.082606,0.026839,0.984091
-0.040533,0.014205,0.324317,3.023588,19.878427,10.416770,3.444012,2.750313,179.596265,5.429386,1.082625,0.026842,0.984068
-0.041043,0.014146,0.302996,2.724733,19.790445,10.416712,3.446426,2.749185,179.577197,5.424946,1.082643,0.026857,0.984084
-0.036330,0.013787,0.327872,3.402017,19.876007,10.416727,3.443907,2.723642,179.543599,5.399719,1.082592,0.026778,0.984002
-0.038113,0.014000,0.332169,4.179189,19.820248,10.416728,3.445082,2.730320,179.534272,5.409675,1.082535,0.026789,0.984014
-0.038829,0.014073,0.318223,3.090974,19.840828,10.416723,3.443622,2.740327,179.543009,5.414267,1.082555,0.026773,0.984001
-0.039063,0.013954,0.315859,3.347680,19.794228,10.416685,3.443328,2.755171,179.544236,5.408688,1.082560,0.026787,0.984003
-0.036360,0.014108,0.322365,3.387348,19.884208,10.416643,3.445031,2.751471,179.527818,5.410605,1.082579,0.026773,0.983987
-0.039206,0.014345,0.322350,3.496619,19.779908,10.416708,3.444165,2.733975,179.516008,5.405997,1.082511,0.026757,0.983998
-0.036636,0.014490,0.341693,3.546416,19.845340,10.416653,3.446744,2.741945,179.513003,5.401880,1.082572,0.026735,0.983986
-0.038667,0.014544,0.324705,3.140522,19.865773,10.416827,3.445329,2.749719,179.506649,5.405210,1.082571,0.026744,0.983963
-0.037811,0.014469,0.356935,2.905910,19.822917,10.416710,3.444119,2.755843,179.496794,5.401379,1.082487,0.026720,0.983961
-0.035924,0.013871,0.317398,3.108745,19.797943,10.416807,3.443245,2.755719,179.478827,5.385342,1.082456,0.026658,0.983900
-0.040848,0.014232,0.321027,3.322084,19.794948,10.416705,3.445117,2.743447,179.469138,5.376811,1.082423,0.026620,0.983858
-0.037711,0.014262,0.326760,3.092808,19.940007,10.416717,3.446806,2.733585,179.474198,5.373224,1.082435,0.026592,0.983838
-0.037757,0.014121,0.333898,2.874209,19.827578,10.416798,3.445411,2.745256,179.442344,5.372427,1.082361,0.026601,0.983845
-0.037981,0.014504,0.342791,3.323416,19.815490,10.416748,3.444727,2.736105,179.449521,5.364466,1.082346,0.026545,0.983812
-0.039028,0.014317,0.326527,3.092272,19.833027,10.416790,3.442394,2.744461,179.433522,5.349869,1.082321,0.026512,0.983768
-0.037888,0.014015,0.306713,3.033366,19.837293,10.416790,3.443920,2.734080,179.428920,5.343364,1.082300,0.026477,0.983744
-0.039058,0.013741,0.328202,3.645866,19.854697,10.416818,3.443192,2.739464,179.407307,5.338264,1.082270,0.026450,0.983714
-0.037260,0.014097,0.317340,3.368213,19.760732,10.416707,3.445741,2.750857,179.423425,5.332369,1.082200,0.026450,0.983712
-0.037895,0.015322,0.321464,2.892969,19.756942,10.416578,3.448823,2.734247,179.419221,5.311847,1.082148,0.026378,0.983645
-0.035559,0.014077,0.346278,2.934895,19.837138,10.416750,3.443437,2.738155,179.354029,5.307113,1.082133,0.026332,0.983597
-0.039010,0.014417,0.305237,3.086396,19.879525,10.416737,3.445718,2.739503,179.333467,5.300170,1.082069,0.026314,0.983574
-0.035894,0.013891,0.349972,3.319010,19.777903,10.416670,3.445114,2.739497,179.358814,5.301566,1.082024,0.026321,0.983571
-0.038932,0.014537,0.312219,3.203355,19.821755,10.416723,3.445577,2.756218,179.398956,5.292016,1.082095,0.026275,0.983539
-0.039332,0.014888,0.329962,3.165262,19.754580,10.416763,3.448320,2.747182,179.399091,5.294954,1.082073,0.026282,0.983533
-0.035340,0.014321,0.323214,3.513063,19.882580,10.416803,3.444978,2.749816,179.393147,5.292345,1.082085,0.026283,0.983531
-0.036446,0.013713,0.319277,3.346821,19.840160,10.416667,3.442622,2.759005,179.403549,5.299634,1.082065,0.026299,0.983548
-0.039437,0.013862,0.316064,2.993434,19.783570,10.416728,3.443852,2.741893,179.370816,5.291617,1.082009,0.026277,0.983521
-0.035397,0.014649,0.327106,2.873826,19.781717,10.416693,3.447441,2.749526,179.335562,5.275723,1.081961,0.026217,0.983458
-0.036732,0.014495,0.341807,3.531270,19.841942,10.416693,3.447835,2.732466,179.353037,5.271724,1.081944,0.026178,0.983439
-0.036456,0.013971,0.344849,4.066889,19.833075,10.416723,3.443267,2.747314,179.339197,5.266396,1.081945,0.026159,0.983416
-0.036686,0.014453,0.332069,4.083200,19.806333,10.416840,3.446816,2.743069,179.328059,5.267562,1.081956,0.026163,0.983419
-0.037657,0.014190,0.331033,3.553635,19.791103,10.416720,3.444278,2.739919,179.324914,5.271792,1.081947,0.026186,0.983449
-0.040580,0.013998,0.307777,3.107302,19.817453,10.416770,3.444779,2.724607,179.343004,5.286346,1.082004,0.026202,0.983447
-0.039956,0.014025,0.330125,2.712558,19.822168,10.416710,3.442171,2.757980,179.351699,5.276237,1.081928,0.026177,0.983454
-0.036967,0.014551,0.342799,2.924478,19.764198,10.416665,3.446125,2.741947,179.335063,5.286236,1.081977,0.026193,0.983479
-0.037411,0.014972,0.323109,3.042951,19.855592,10.416718,3.448897,2.750917,179.322940,5.278518,1.082003,0.026199,0.983464
-0.041353,0.013635,0.317264,3.304094,19.751807,10.416660,3.442200,2.750293,179.272450,5.259528,1.081849,0.026097,0.983411
-0.036750,0.014348,0.327264,2.717626,19.788548,10.416695,3.445391,2.747540,179.230098,5.250020,1.081838,0.026068,0.983336
-0.037154,0.014688,0.302174,2.640242,19.774542,10.416635,3.445216,2.748209,179.236471,5.232407,1.081769,0.026004,0.983273
-0.036189,0.014277,0.303691,3.118869,19.764120,10.416685,3.446136,2.745025,179.215409,5.234010,1.081752,0.025989,0.983254
-0.036086,0.014943,0.327345,2.742998,19.819158,10.416640,3.446937,2.747893,179.198050,5.231975,1.081758,0.025965,0.983241
-0.037499,0.014462,0.325718,3.088485,19.751838,10.416722,3.445585,2.746104,179.182156,5.215162,1.081683,0.025928,0.983196
-0.034312,0.014692,0.339623,2.985834,19.739812,10.416773,3.448240,2.744348,179.184086,5.216990,1.081624,0.025886,0.983158
-0.034583,0.014204,0.328636,3.238845,19.779648,10.416673,3.445205,2.755648,179.150474,5.215241,1.081604,0.025868,0.983126
-0.039027,0.014239,0.335368,3.684908,19.822892,10.416818,3.444177,2.723025,179.142142,5.201359,1.081578,0.025827,0.983098
-0.037105,0.014245,0.338342,2.738338,19.755685,10.416857,3.446229,2.753844,179.116334,5.195556,1.081502,0.025820,0.983080
-0.038092,0.014572,0.352773,3.669955,19.734377,10.416823,3.445174,2.757905,179.078838,5.186041,1.081426,0.025737,0.983008
-0.035374,0.013993,0.326785,3.057717,19.792297,10.416693,3.444944,2.751923,179.065420,5.161073,1.081425,0.025672,0.982935
-0.034968,0.014342,0.340249,2.985100,19.760338,10.416630,3.446243,2.740289,179.035146,5.159245,1.081355,0.025634,0.982903
-0.036773,0.014561,0.325934,2.766254,19.738985,10.416733,3.445982,2.745420,179.048921,5.153309,1.081373,0.025634,0.982896
-0.035613,0.015349,0.313700,2.748702,19.716673,10.416740,3.449807,2.739880,179.043417,5.149555,1.081346,0.025611,0.982867
-0.037733,0.013773,0.315849,3.055613,19.747700,10.416685,3.443940,2.754083,179.070775,5.154515,1.081347,0.025620,0.982868
-0.035219,0.015013,0.307808,3.115058,19.770958,10.416817,3.447729,2.745238,179.061899,5.144274,1.081333,0.025573,0.982837
-0.036772,0.015271,0.343504,3.171573,19.728725,10.416592,3.450457,2.750509,179.056437,5.147640,1.081312,0.025580,0.982851
-0.035270,0.014842,0.326792,4.453994,19.725807,10.416720,3.447697,2.758310,179.035052,5.135253,1.081234,0.025527,0.982779
-0.038134,0.014687,0.332842,2.807969,19.776615,10.416632,3.446195,2.741783,179.014413,5.267433,1.081134,0.025436,0.982706
-0.036807,0.014692,0.337599,2.724537,19.715408,10.416787,3.447544,2.749657,178.990570,5.122815,1.081077,0.025435,0.982683
-0.035966,0.014777,0.331272,2.946453,19.765742,10.416722,3.447373,2.737884,178.992826,5.115002,1.081130,0.025432,0.982671
-0.036267,0.014910,0.340715,4.452404,19.814832,10.416748,3.447826,2.759107,179.009475,5.109034,1.081157,0.025405,0.982647
-0.036443,0.014524,0.328627,2.728207,19.683568,10.416812,3.444055,2.746975,178.961119,5.102590,1.081033,0.025389,0.982626
-0.035944,0.015137,0.337580,2.786999,19.703195,10.416692,3.445818,2.745285,178.943522,5.089258,1.080988,0.025323,0.982553
-0.034209,0.014820,0.302686,2.563681,19.725540,10.416783,3.444793,2.730105,178.975077,5.086451,1.080981,0.025312,0.982530
-0.036255,0.014706,0.345108,2.893989,19.681410,10.416750,3.446957,2.754484,178.958522,5.087432,1.080974,0.025322,0.982534
-0.036492,0.015026,0.326755,3.555638,19.762800,10.416843,3.447255,2.736450,178.980409,5.085493,1.081002,0.025324,0.982547
-0.036158,0.014381,0.341030,3.082343,19.777377,10.416638,3.445200,2.735912,178.964030,5.086169,1.081009,0.025339,0.982568
-0.034084,0.014659,0.338881,3.122179,19.741970,10.416623,3.446754,2.741689,178.954202,5.080398,1.080959,0.025279,0.982532
-0.036589,0.015598,0.325379,3.248913,19.748863,10.416708,3.450348,2.749229,178.957639,5.088356,1.080939,0.025306,0.982522
-0.034097,0.015137,0.295374,2.950550,19.699737,10.416783,3.449193,2.748507,178.948120,5.078160,1.080918,0.025252,0.982519
-0.037783,0.014592,0.344884,3.090544,19.677890,10.500007,3.446592,2.741686,178.913599,5.358343,1.080830,0.026551,0.982441
-0.038021,0.014996,0.336441,2.752104,19.719752,10.500003,3.445280,2.758567,178.908923,5.356626,1.080826,0.026500,0.982398
-0.035325,0.014512,0.339793,2.601430,19.769715,10.500125,3.447490,2.757067,178.885242,5.354527,1.080777,0.026485,0.982374
-0.036351,0.014989,0.324732,3.331197,19.752420,10.500130,3.448915,2.752888,178.844085,5.338279,1.080699,0.026442,0.982304
-0.037893,0.014130,0.317907,3.487506,19.758850,10.499880,3.444512,2.733837,178.848818,5.336038,1.080680,0.026380,0.982247
-0.037154,0.014506,0.350299,2.922178,19.854132,10.499995,3.445462,2.743525,178.832417,5.323886,1.080589,0.026326,0.982212
-0.036740,0.015222,0.321041,3.462469,19.755600,10.500045,3.449324,2.756558,178.869406,5.330568,1.080580,0.026351,0.982232
-0.037876,0.014525,0.310770,2.737928,19.905277,10.500070,3.446113,2.755632,178.979453,5.328140,1.080682,0.026396,0.982277
-0.037610,0.014914,0.336528,2.689356,19.752083,10.416762,3.445377,2.764021,179.102224,5.051113,1.080829,0.025119,0.982411
-0.035920,0.014775,0.331213,3.029158,19.712263,10.416677,3.445708,2.756732,179.082106,5.047050,1.080776,0.025102,0.982395
-0.038068,0.014423,0.355983,2.802853,19.779588,10.416823,3.445960,2.732161,178.983696,5.037467,1.080734,0.025028,0.982322
-0.040799,0.015032,0.316521,2.761183,19.777335,10.500080,3.446898,2.744414,178.847971,5.313118,1.080554,0.026283,0.982165
-0.039799,0.014818,0.346424,3.547454,19.656615,10.500097,3.447611,2.745655,178.760671,5.282043,1.080348,0.026145,0.982036
-0.037876,0.014458,0.353883,2.979553,19.814543,10.500085,3.446139,2.749109,178.758575,5.283925,1.080407,0.026120,0.982015
-0.038319,0.014443,0.351317,3.069566,19.685692,10.500043,3.447333,2.748909,178.845714,5.283508,1.080346,0.026133,0.982028
-0.037256,0.015260,0.316481,3.045485,19.696223,10.416732,3.448098,2.736369,178.991007,4.996521,1.080503,0.024862,0.982128
-0.035923,0.014950,0.343934,2.929106,19.724437,10.416675,3.448417,2.735064,179.080032,4.999685,1.080611,0.024880,0.982207
-0.035815,0.013881,0.327393,2.938416,19.727383,10.416725,3.443551,2.729644,179.110158,5.015844,1.080673,0.024914,0.982264
-0.034751,0.014263,0.339310,3.097505,19.705683,10.416735,3.444173,2.750474,179.105028,5.027438,1.080670,0.024933,0.982254
-0.034789,0.014599,0.328453,3.003750,19.828660,10.416780,3.445616,2.745540,179.094221,5.004582,1.080681,0.024861,0.982216
-0.035162,0.014674,0.333917,3.825012,19.757240,10.416785,3.444891,2.738223,179.009990,5.004273,1.080512,0.024848,0.982162
-0.035570,0.013968,0.331433,2.759661,19.757910,10.416632,3.443575,2.756968,178.921302,4.984349,1.080507,0.024764,0.982058
-0.040402,0.013872,0.308556,3.313756,19.744070,10.499955,3.442845,2.754616,178.722110,5.244659,1.080206,0.025929,0.981841
-0.036524,0.014703,0.332903,2.969293,19.699598,10.500038,3.447050,2.749739,178.733527,5.220781,1.080109,0.025872,0.981787
-0.037584,0.014606,0.333435,3.115411,19.703863,10.499952,3.444523,2.754540,178.721939,5.218342,1.080107,0.025851,0.981763
-0.036062,0.014227,0.326028,3.014079,19.691257,10.500163,3.444926,2.747309,178.694865,5.203639,1.080072,0.025800,0.981705
-0.038824,0.014589,0.300074,3.261104,19.714148,10.500072,3.446475,2.759911,178.679629,5.206241,1.080043,0.025775,0.981685
-0.033732,0.014957,0.311842,2.516950,19.660070,10.500030,3.448886,2.742983,178.659475,5.183324,1.079977,0.025723,0.981650
-0.039335,0.014495,0.335323,2.576214,19.698312,10.500072,3.446739,2.741121,178.646475,5.191008,1.079943,0.025678,0.981603
-0.035484,0.015215,0.346297,2.830995,19.679510,10.500080,3.449560,2.738466,178.620254,5.169569,1.079889,0.025634,0.981549
-0.036173,0.014887,0.347368,2.913992,19.743265,10.499870,3.448539,2.735114,178.598751,5.153899,1.079867,0.025555,0.981498
-0.037440,0.014584,0.338777,3.797366,19.637132,10.500060,3.448259,2.723936,178.586013,5.151498,1.079782,0.025583,0.981494
-0.037587,0.014248,0.357998,3.101362,19.613073,10.500027,3.444509,2.751058,178.574472,5.136945,1.079700,0.025492,0.981404
-0.035764,0.014374,0.339611,2.597549,19.659935,10.500118,3.446464,2.743471,178.621829,5.132078,1.079755,0.025456,0.981416
-0.036943,0.013977,0.326215,3.174442,19.667095,10.500135,3.444020,2.738836,178.703385,5.151606,1.079776,0.025514,0.981450
-0.036887,0.014309,0.323313,3.654754,19.781988,10.500032,3.445617,2.727041,178.849022,5.182455,1.079978,0.025617,0.981579
-0.039546,0.014854,0.329794,3.523505,19.659457,10.500047,3.449183,2.760731,178.878255,5.198548,1.080013,0.025715,0.981664
-0.037360,0.013877,0.342040,2.796967,19.703487,10.499713,3.442420,2.733468,178.820498,5.202882,1.079966,0.025662,0.981603
-0.037947,0.014839,0.339438,2.869495,19.740088,10.500158,3.448351,2.751738,178.657455,5.153984,1.079777,0.025507,0.981446
-0.034804,0.014552,0.327106,2.980472,19.702098,10.499930,3.447176,2.751893,178.532464,5.108980,1.079572,0.025354,0.981280
-0.034465,0.014776,0.322143,2.632955,19.706680,10.500007,3.448761,2.762121,178.477414,5.098300,1.079521,0.025313,0.981246
-0.034748,0.014869,0.324244,3.133614,19.673850,10.500017,3.446464,2.738224,178.593784,5.096847,1.079467,0.025289,0.981214
-0.037800,0.014797,0.315385,3.170086,19.839545,10.500070,3.447134,2.751089,178.805168,5.143077,1.079758,0.025420,0.981379
-0.034407,0.014672,0.339426,2.617134,19.735892,10.416732,3.446255,2.734289,178.946035,4.881116,1.079886,0.024242,0.981577
-0.033144,0.014210,0.321438,3.673761,19.726075,10.416648,3.443395,2.733009,179.017059,4.885991,1.079994,0.024275,0.981651
-0.034846,0.014229,0.324670,2.850120,19.814947,10.416783,3.443009,2.738196,179.053929,4.888351,1.080034,0.024267,0.981676
-0.036471,0.014523,0.347153,4.240610,19.687162,10.416773,3.444928,2.729687,179.030030,4.895033,1.079995,0.024288,0.981664
-0.035494,0.015134,0.341955,2.908408,19.830522,10.416718,3.448219,2.721947,179.000283,4.868100,1.080009,0.024208,0.981596
-0.035055,0.015056,0.298024,3.166229,19.658160,10.416803,3.447016,2.750309,178.891052,4.864546,1.079837,0.024168,0.981527
-0.036159,0.014109,0.346364,2.955922,19.660902,10.500068,3.445574,2.744840,178.685088,5.128659,1.079627,0.025334,0.981296
-0.033219,0.015132,0.338219,3.048619,19.630510,10.499980,3.448786,2.747505,178.433032,5.040669,1.079240,0.025045,0.980981
-0.033890,0.015000,0.352760,2.835548,19.663012,10.499938,3.450406,2.731076,178.457321,5.010276,1.079136,0.024946,0.980844
-0.037592,0.015186,0.350410,4.392371,19.660407,10.583328,3.448975,2.753999,178.413608,5.305963,1.079069,0.026263,0.980804
-0.034935,0.014425,0.336109,3.756183,19.675757,10.583312,3.446972,2.757191,178.379690,5.301385,1.079011,0.026248,0.980742
-0.039228,0.015312,0.357306,2.814759,19.680230,10.583462,3.449587,2.741367,178.362213,5.293406,1.078980,0.026189,0.980710
-0.036609,0.014620,0.345332,2.802786,19.694822,10.583437,3.449564,2.752344,178.354264,5.289618,1.078940,0.026166,0.980676
-0.039624,0.015345,0.337978,2.712778,19.609370,10.583353,3.447648,2.740501,178.335618,5.280600,1.078854,0.026107,0.980638
-0.039268,0.015365,0.360869,3.566031,19.671460,10.583247,3.449840,2.756526,178.315598,5.266639,1.078796,0.026046,0.980574
-0.039073,0.015181,0.343831,2.899064,19.630587,10.583357,3.447348,2.748188,178.333394,5.265282,1.078788,0.026041,0.980549
-0.036656,0.014527,0.340666,2.328945,19.604955,10.583193,3.446844,2.752372,178.343885,5.262001,1.078797,0.026044,0.980565
-0.035284,0.014791,0.338940,2.860382,19.626835,10.500005,3.447844,2.737856,178.408137,4.971891,1.078826,0.024707,0.980577
-0.033840,0.014956,0.340567,2.704428,19.632583,10.500168,3.449068,2.744367,178.518992,4.972280,1.078885,0.024727,0.980638
-0.036695,0.014500,0.323417,4.897371,19.630225,10.499902,3.446031,2.734389,178.585142,4.985474,1.078950,0.024765,0.980712
-0.034726,0.014365,0.328266,3.044573,19.698332,10.500025,3.445527,2.736283,178.691766,5.003260,1.079133,0.024807,0.980818
-0.038204,0.014645,0.337079,3.546265,19.660635,10.500112,3.447187,2.741479,178.622203,5.004829,1.079058,0.024806,0.980798
-0.037486,0.015051,0.351864,2.448511,19.598718,10.500023,3.449134,2.745638,178.458350,4.962161,1.078808,0.024663,0.980605
-0.036882,0.014936,0.350326,2.898366,19.635858,10.583415,3.449514,2.738020,178.269441,5.232496,1.078615,0.025871,0.980413
-0.037363,0.014610,0.323898,2.653597,19.730203,10.583505,3.446211,2.760753,178.265303,5.222930,1.078635,0.025836,0.980386
-0.038226,0.014240,0.340555,2.523687,19.625195,10.583353,3.445418,2.744740,178.245876,5.211020,1.078448,0.025778,0.980327
-0.034930,0.015320,0.339856,2.885868,19.631717,10.583513,3.449423,2.744384,178.358638,5.213990,1.078521,0.025802,0.980338
-0.033966,0.014686,0.354257,3.633103,19.646688,10.500055,3.445522,2.752028,178.494516,4.929139,1.078697,0.024525,0.980438
-0.037905,0.015213,0.353492,2.798499,19.683502,10.499887,3.448064,2.765283,178.576428,4.941417,1.078736,0.024556,0.980513
-0.035733,0.014543,0.352520,2.677030,19.556907,10.500190,3.444706,2.748896,178.584641,4.955044,1.078739,0.024592,0.980549
-0.033674,0.015252,0.337049,2.734407,19.620898,10.499998,3.447738,2.748799,178.582862,4.948987,1.078752,0.024549,0.980524
-0.035504,0.014207,0.350703,2.518516,19.658617,10.500007,3.443869,2.748285,178.558855,4.935141,1.078751,0.024522,0.980488
-0.034702,0.014771,0.368742,3.168995,19.570752,10.500057,3.447673,2.747332,178.499078,4.924762,1.078644,0.024486,0.980420
-0.036609,0.015136,0.367516,3.025966,19.627925,10.500155,3.450326,2.751264,178.367847,4.902482,1.078539,0.024371,0.980280
-0.034811,0.014354,0.360768,3.059889,19.609195,10.583300,3.448148,2.750732,178.172719,5.144288,1.078271,0.025504,0.980083
-0.034282,0.014568,0.366445,3.137706,19.613155,10.583403,3.446674,2.758738,178.198410,5.146649,1.078254,0.025504,0.980047
-0.037864,0.015313,0.345383,2.743849,19.697203,10.583403,3.448645,2.727220,178.182830,5.138198,1.078234,0.025455,0.980012
-0.035214,0.014315,0.353004,2.680081,19.636678,10.583350,3.446013,2.731880,178.167653,5.136151,1.078174,0.025451,0.979995
-0.036078,0.014138,0.357763,3.194412,19.662533,10.583517,3.445815,2.738385,178.126599,5.122855,1.078130,0.025398,0.979950
-0.037271,0.014599,0.346869,3.264190,19.661990,10.583417,3.447725,2.731342,178.116067,5.104253,1.078075,0.025322,0.979898
-0.034824,0.015294,0.352041,3.437551,19.629550,10.583440,3.450801,2.742383,178.072130,5.099629,1.077992,0.025280,0.979848
-0.035981,0.014965,0.366364,2.638750,19.648597,10.583377,3.447802,2.747168,178.060311,5.090016,1.077982,0.025258,0.979803
-0.037411,0.014449,0.352366,2.529846,19.664325,10.583423,3.445864,2.759256,178.058428,5.080221,1.077960,0.025201,0.979797
-0.036097,0.015052,0.332380,2.966537,19.552767,10.583402,3.448469,2.748772,178.071614,5.076122,1.077922,0.025178,0.979780
-0.034365,0.014676,0.340523,2.359032,19.577942,10.583407,3.447140,2.740636,178.105262,5.081157,1.077917,0.025180,0.979767
-0.035144,0.014734,0.360458,3.039296,19.610037,10.583268,3.449508,2.742378,178.133877,5.079866,1.077913,0.025178,0.979759
-0.034968,0.014672,0.368099,3.072590,19.622893,10.583313,3.447453,2.754326,178.226863,5.099302,1.077972,0.025219,0.979818
-0.037392,0.014975,0.330176,3.392173,19.608498,10.583443,3.448223,2.757586,178.348292,5.122654,1.078094,0.025309,0.979897
-0.039173,0.015241,0.328458,2.743814,19.655202,10.583345,3.446655,2.752686,178.327244,5.130768,1.078130,0.025324,0.979916
-0.037180,0.014642,0.362999,3.251127,19.615237,10.583248,3.447928,2.737030,178.189466,5.101390,1.077973,0.025201,0.979785
-0.037491,0.015339,0.361984,2.724539,19.608527,10.583438,3.450602,2.747141,178.030970,5.052055,1.077769,0.025042,0.979618
-0.033160,0.015347,0.335454,3.453559,19.626033,10.583220,3.448176,2.751373,178.000141,5.031910,1.077682,0.024974,0.979527
-0.034548,0.014628,0.358230,2.934665,19.612277,10.583410,3.447510,2.738975,177.968726,5.020603,1.077575,0.024932,0.979476
-0.035657,0.014553,0.374135,3.007372,19.619857,10.583343,3.445609,2.732544,178.060785,5.019791,1.077580,0.024905,0.979458
-0.035159,0.014830,0.317829,2.906113,19.619853,10.583383,3.446454,2.739603,178.175190,5.031696,1.077669,0.024948,0.979564
-0.040151,0.014540,0.352519,2.813982,19.619830,10.583353,3.445794,2.732980,178.300102,5.058845,1.077818,0.025002,0.979662
-0.039428,0.015302,0.345893,2.602182,19.666663,10.583367,3.448445,2.753948,178.347615,5.078480,1.077877,0.025073,0.979694
-0.037774,0.015522,0.334564,2.910907,19.578505,10.583272,3.449523,2.745654,178.345215,5.088712,1.077872,0.025132,0.979726
-0.033945,0.015212,0.344949,2.710432,19.624007,10.583405,3.448244,2.754097,178.325113,5.080413,1.077843,0.025080,0.979689
-0.036871,0.015001,0.295394,2.884413,19.639765,10.583392,3.447329,2.739712,178.302527,5.068617,1.077777,0.025034,0.979632
-0.036652,0.015145,0.360663,2.949449,19.572940,10.583512,3.448045,2.764661,178.242832,5.060118,1.077734,0.024966,0.979579
-0.036791,0.015154,0.359471,3.170736,19.608035,10.583348,3.449770,2.751662,178.002614,4.994232,1.077458,0.024768,0.979356
-0.036699,0.014820,0.339801,2.669690,19.540742,10.583302,3.449192,2.737194,177.920616,4.963045,1.077248,0.024660,0.979187
-0.034806,0.014695,0.347006,2.898613,19.549268,10.583443,3.447154,2.737431,177.974743,4.952059,1.077232,0.024610,0.979146
-0.034318,0.014620,0.369283,2.703024,19.524418,10.583422,3.446714,2.738606,177.908509,4.947877,1.077164,0.024573,0.979090
-0.036314,0.014166,0.353695,3.058741,19.563973,10.666748,3.444031,2.732469,177.879712,5.233731,1.077086,0.025878,0.979046
-0.036672,0.015396,0.358113,3.532145,19.692167,10.666722,3.449142,2.734108,177.871262,5.228944,1.077149,0.025861,0.979016
-0.034839,0.015078,0.370477,3.083016,19.541300,10.666232,3.450038,2.737650,177.843705,5.220235,1.077033,0.025809,0.978987
-0.037619,0.015412,0.356688,2.623546,19.524880,10.666702,3.450149,2.740167,177.829938,5.208384,1.076976,0.025758,0.978919
-0.036534,0.015062,0.367955,2.394592,19.550710,10.666723,3.448690,2.732047,177.814325,5.202900,1.076945,0.025706,0.978864
-0.036565,0.015126,0.349518,2.910940,19.552893,10.666738,3.450406,2.767938,177.795937,5.186307,1.076877,0.025629,0.978824
-0.037486,0.015417,0.361624,3.332897,19.520740,10.666728,3.450248,2.754813,177.800217,5.184520,1.076841,0.025608,0.978779
-0.036891,0.014777,0.299020,3.026052,19.508242,10.666788,3.448452,2.742099,177.772627,5.170780,1.076766,0.025559,0.978734
-0.034367,0.015292,0.348498,2.908061,19.586718,10.666742,3.449115,2.745790,177.834574,5.172175,1.076804,0.025554,0.978735
-0.034938,0.014985,0.360053,3.112306,19.531447,10.666728,3.447391,2.729536,177.939249,5.187765,1.076861,0.025645,0.978824
-0.032899,0.015140,0.351152,2.702048,19.594100,10.583430,3.450307,2.739338,177.968987,4.887102,1.076940,0.024296,0.978841
-0.038100,0.014562,0.372848,2.475624,19.625797,10.666695,3.447378,2.736801,177.871840,5.171749,1.076840,0.025575,0.978764
-0.036262,0.014873,0.384179,2.566616,19.438810,10.666650,3.448838,2.761758,177.760339,5.153451,1.076634,0.025465,0.978643
-0.037871,0.014497,0.367960,3.184998,19.474355,10.666815,3.444515,2.744474,177.779792,5.155456,1.076694,0.025470,0.978655
-0.036696,0.015428,0.346704,3.094494,19.513223,10.666727,3.449756,2.729696,177.754331,5.151389,1.076653,0.025437,0.978624
-0.037889,0.014953,0.365115,2.401868,19.525658,10.666862,3.449024,2.716237,177.761581,5.123013,1.076545,0.025334,0.978523
-0.035542,0.015202,0.361433,2.670197,19.513400,10.666638,3.447601,2.737967,177.854831,5.131106,1.076558,0.025364,0.978567
-0.035451,0.015321,0.340153,2.920685,19.485473,10.666690,3.449318,2.735769,178.000173,5.148456,1.076690,0.025448,0.978640
-0.035171,0.015465,0.329371,3.330041,19.582758,10.583252,3.447869,2.752107,178.087236,4.858452,1.076811,0.024136,0.978721
-0.034460,0.014767,0.328254,2.590683,19.494615,10.583270,3.448968,2.733232,178.153861,4.875706,1.076853,0.024194,0.978821
-0.034753,0.014622,0.350994,2.870776,19.582245,10.583257,3.446498,2.728591,178.195242,4.880600,1.076894,0.024177,0.978821
-0.035438,0.014789,0.348345,3.165522,19.544893,10.583450,3.450173,2.743137,178.213363,4.876768,1.076899,0.024176,0.978845
-0.034774,0.015340,0.343050,3.718803,19.599750,10.583345,3.449797,2.744666,178.222181,4.885596,1.076907,0.024181,0.978826
-0.034617,0.015023,0.362897,3.414556,19.604517,10.583460,3.447304,2.735541,178.054396,4.862318,1.076761,0.024109,0.978736
-0.039702,0.015749,0.332482,2.526375,19.484993,10.666805,3.451981,2.743362,177.773832,5.119712,1.076434,0.025265,0.978447
-0.037093,0.015261,0.352813,2.781243,19.471277,10.666810,3.449582,2.729998,177.639653,5.056807,1.076270,0.025050,0.978240
-0.035147,0.015479,0.340570,2.616601,19.505243,10.666593,3.450483,2.736567,177.630425,5.046933,1.076209,0.024986,0.978208
-0.035869,0.015124,0.355118,2.787926,19.459462,10.666672,3.447579,2.748921,177.615144,5.035934,1.076122,0.024960,0.978158
-0.039565,0.014664,0.367331,2.947379,19.496213,10.666648,3.446169,2.756081,177.624459,5.024725,1.076147,0.024919,0.978125
-0.035206,0.014930,0.321714,2.564487,19.482032,10.666803,3.447949,2.747683,177.601836,5.016540,1.076084,0.024859,0.978103
-0.035205,0.014801,0.345523,3.560438,19.487407,10.666785,3.446568,2.739554,177.601438,5.004347,1.076032,0.024806,0.978050
-0.036767,0.015156,0.367271,2.961809,19.446558,10.666573,3.446825,2.754785,177.589103,4.997795,1.075958,0.024789,0.977995
-0.035138,0.014408,0.375055,2.787288,19.408563,10.666692,3.446037,2.754284,177.555988,4.989100,1.075905,0.024739,0.977952
-0.033276,0.015052,0.346549,2.780689,19.429760,10.666602,3.447698,2.731815,177.547198,4.980200,1.075893,0.024697,0.977908
-0.035678,0.014673,0.344247,2.274074,19.487853,10.666768,3.445864,2.738189,177.544527,4.970193,1.075870,0.024667,0.977861
-0.034629,0.015478,0.355888,3.035293,19.427432,10.666675,3.448293,2.742216,177.544688,4.978350,1.075828,0.024655,0.977866
-0.037074,0.015100,0.357766,2.254361,19.474693,10.666582,3.450814,2.740490,177.574918,4.961246,1.075813,0.024616,0.977827
-0.035468,0.015792,0.364700,2.773307,19.409372,10.666692,3.452138,2.736734,177.560265,4.961199,1.075789,0.024612,0.977828
-0.032756,0.015162,0.348136,2.800405,19.417643,10.666830,3.447666,2.735896,177.537907,4.933732,1.075685,0.024515,0.977704
-0.035754,0.014687,0.359614,2.779594,19.430285,10.666773,3.447655,2.743806,177.555882,4.938975,1.075666,0.024500,0.977691
-0.035532,0.015406,0.328691,3.274421,19.435952,10.666648,3.449973,2.744262,177.571989,4.928176,1.075623,0.024477,0.977668
-0.034994,0.015344,0.340837,2.664832,19.445935,10.666628,3.450758,2.763352,177.544083,4.926685,1.075570,0.024435,0.977618
-0.034552,0.015047,0.365769,2.978039,19.431160,10.666672,3.448606,2.765070,177.471716,4.915408,1.075502,0.024407,0.977586
-0.032631,0.014632,0.345443,2.331283,19.460648,10.666820,3.447488,2.737290,177.507065,4.908964,1.075532,0.024385,0.977572
-0.036555,0.015537,0.374881,2.870908,19.451953,10.666677,3.450495,2.744478,177.567468,4.912388,1.075569,0.024396,0.977615
-0.034371,0.014989,0.335793,3.044278,19.442072,10.666658,3.448325,2.752417,177.610360,4.914797,1.075596,0.024414,0.977641
-0.035548,0.015229,0.340707,2.745332,19.452698,10.666660,3.449290,2.753657,177.663193,4.932977,1.075634,0.024428,0.977672
-0.036624,0.015048,0.343991,3.686388,19.484575,10.666595,3.445722,2.744210,177.680675,4.920356,1.075641,0.024370,0.977673
-0.036922,0.014886,0.358748,2.688950,19.490297,10.666695,3.447300,2.736779,177.682726,4.930457,1.075599,0.024389,0.977647
-0.034777,0.014933,0.385597,3.498689,19.444203,10.666735,3.447388,2.747566,177.727476,4.921260,1.075556,0.024369,0.977628
-0.035757,0.014942,0.366525,3.416308,19.520042,10.666685,3.449793,2.742389,177.667838,4.908820,1.075563,0.024317,0.977580
-0.033140,0.015269,0.360898,2.655164,19.471238,10.666650,3.447285,2.743619,177.434122,4.878402,1.075295,0.024214,0.977407
-0.038276,0.015496,0.372715,4.914747,19.521925,10.750015,3.451012,2.745716,177.449930,5.167817,1.075246,0.025536,0.977332
-0.041396,0.016303,0.364565,2.742978,19.443607,10.750052,3.456356,2.745054,177.448881,5.161786,1.075208,0.025509,0.977303
-0.035494,0.015633,0.369849,2.853361,19.371373,10.749907,3.450816,2.735001,177.418585,5.152416,1.075101,0.025484,0.977269
-0.038492,0.015515,0.323572,3.027730,19.424982,10.750128,3.450388,2.754353,177.406184,5.129592,1.075110,0.025401,0.977211
-0.034701,0.015018,0.377690,2.830400,19.383867,10.750048,3.450311,2.763440,177.388354,5.124298,1.075017,0.025350,0.977157
-0.035082,0.015017,0.360156,2.767476,19.540387,10.750192,3.449183,2.742453,177.393977,5.124172,1.075038,0.025297,0.977111
-0.036776,0.015275,0.363416,2.605090,19.460515,10.750125,3.451829,2.745598,177.381024,5.132020,1.075007,0.025320,0.977124
-0.038233,0.014877,0.363520,2.847239,19.489777,10.749980,3.447029,2.753250,177.346609,5.106493,1.074943,0.025217,0.977038
-0.038922,0.015726,0.354078,4.419583,19.437055,10.750102,3.451371,2.743575,177.330876,5.102912,1.074872,0.025203,0.977017
-0.035659,0.015534,0.368240,2.712534,19.411832,10.749978,3.450550,2.735256,177.316906,5.096530,1.074823,0.025142,0.976973
-0.035648,0.014813,0.362611,2.819143,19.401003,10.750227,3.448673,2.740282,177.456158,5.078052,1.074791,0.025091,0.976908
-0.034506,0.015087,0.358129,2.655721,19.487643,10.666712,3.448828,2.745185,178.100001,4.914356,1.075510,0.024237,0.977545
-0.032399,0.014842,0.336326,4.226259,19.608817,10.583475,3.445607,2.736834,178.454306,4.685770,1.075961,0.023192,0.977945
-0.036676,0.015363,0.345161,2.810211,19.608165,10.583393,3.447318,2.764025,178.564637,4.738721,1.076129,0.023354,0.978134
-0.032737,0.015059,0.325462,3.096999,19.561432,10.583320,3.446598,2.766080,178.518836,4.740932,1.076099,0.023364,0.978134
-0.034375,0.014249,0.335890,3.025232,19.640397,10.583390,3.444690,2.743867,178.466722,4.722471,1.076006,0.023283,0.978043
-0.031704,0.014748,0.334816,3.134064,19.579355,10.583380,3.446447,2.759470,178.443318,4.712125,1.075920,0.023250,0.978014
-0.035528,0.014664,0.332242,2.665780,19.602167,10.583433,3.446426,2.759778,178.448805,4.698243,1.075946,0.023198,0.977964
-0.035335,0.013866,0.346648,3.055994,19.598860,10.583342,3.442677,2.755676,178.641339,4.720959,1.075988,0.023280,0.978060
-0.032564,0.014819,0.316866,2.725357,19.646733,10.500050,3.445669,2.742357,178.881653,4.463750,1.076276,0.022095,0.978271
-0.033436,0.015379,0.294477,3.295519,19.660763,10.499880,3.447647,2.753810,179.065186,4.502663,1.076486,0.022222,0.978449
-0.034416,0.014229,0.330695,2.772161,19.718660,10.499908,3.442585,2.770676,179.211065,4.551111,1.076644,0.022358,0.978587
-0.035265,0.014743,0.312645,3.093300,19.670950,10.500017,3.442784,2.751242,179.316776,4.561350,1.076737,0.022474,0.978700
-0.032444,0.014699,0.303180,2.956936,19.787263,10.416755,3.442503,2.742586,179.371872,4.270965,1.076844,0.021154,0.978748
-0.031376,0.014966,0.332692,3.547036,19.737568,10.416652,3.443264,2.740338,179.378267,4.271057,1.076818,0.021180,0.978788
-0.032315,0.014990,0.300859,3.480885,19.754120,10.416558,3.444663,2.748342,179.357670,4.264819,1.076816,0.021141,0.978748
-0.033091,0.014020,0.318620,3.512558,19.638252,10.500127,3.441416,2.766221,179.128213,4.537400,1.076549,0.022322,0.978578
-0.033803,0.014473,0.259883,2.935932,19.616012,10.500058,3.445059,2.751391,178.852940,4.454834,1.076232,0.022046,0.978283
-0.032753,0.014880,0.327017,3.470495,19.590330,10.582882,3.446871,2.761838,178.625687,4.706676,1.075938,0.023195,0.977999
-0.035542,0.014560,0.324919,3.297514,19.531352,10.187993,3.446994,2.751360,178.450973,4.628176,1.075535,0.022801,0.977619
-0.034295,0.015130,0.334628,3.167000,19.537015,10.583322,3.448512,2.770838,178.377897,4.620278,1.075533,0.022848,0.977614
-0.034389,0.014626,0.360799,3.163529,19.606578,10.583415,3.445166,2.726604,178.342207,4.598813,1.075499,0.022776,0.977534
-0.033181,0.014361,0.350124,3.270661,19.553655,10.583305,3.444241,2.752243,178.297110,4.588288,1.075394,0.022743,0.977490
-0.033566,0.014799,0.353474,3.898189,19.568512,10.583455,3.446423,2.743050,178.304977,4.579124,1.075391,0.022715,0.977445
-0.031059,0.015221,0.338898,2.263418,19.549038,10.583330,3.448033,2.745406,178.317088,4.569502,1.075314,0.022649,0.977396
-0.031833,0.014678,0.342639,2.850448,19.545915,10.583413,3.444103,2.749985,178.280981,4.562799,1.075274,0.022614,0.977360
-0.031803,0.014803,0.360160,2.818319,19.582165,10.583317,3.446737,2.746519,178.277160,4.558295,1.075264,0.022585,0.977332
-0.033701,0.014708,0.292256,2.990386,19.586608,10.583240,3.447320,2.744808,178.243545,4.545336,1.075204,0.022517,0.977271
-0.032299,0.014433,0.331789,3.031896,19.527895,10.583378,3.445361,2.751372,178.262595,4.542306,1.075142,0.022523,0.977254
-0.035748,0.014954,0.318802,3.133210,19.540157,10.583440,3.447011,2.753260,178.336580,4.539338,1.075179,0.022505,0.977275
-0.036902,0.014978,0.343382,2.501194,19.539675,10.583427,3.447931,2.758484,178.390724,4.548650,1.075228,0.022512,0.977306
-0.032658,0.014967,0.339968,3.168338,19.602403,10.583382,3.447527,2.750389,178.305339,4.536523,1.075169,0.022465,0.977234
-0.034722,0.015545,0.347800,2.995679,19.569572,10.583272,3.449536,2.754360,178.216825,4.519187,1.075035,0.022407,0.977146
-0.030181,0.015156,0.352426,3.639633,19.579518,10.583208,3.448381,2.754098,178.166094,4.499376,1.074944,0.022337,0.977045
-0.034599,0.015241,0.329827,2.972447,19.492262,10.666702,3.447905,2.763837,178.117962,4.787088,1.074832,0.023617,0.976969
-0.036254,0.015299,0.347411,2.779978,19.564327,10.666753,3.448465,2.737393,178.204221,4.780994,1.074797,0.023588,0.976945
-0.033535,0.015273,0.333242,2.903716,19.544763,10.225152,3.446613,2.748800,178.387551,4.463688,1.074805,0.022123,0.976939
-0.034584,0.014819,0.353321,3.429644,19.556540,10.583273,3.447148,2.738822,178.553170,4.529231,1.075089,0.022379,0.977204
-0.033514,0.014648,0.327136,2.833358,19.611670,10.583300,3.442506,2.743483,178.693926,4.567992,1.075241,0.022465,0.977309
-0.034069,0.014867,0.269712,3.723201,19.626822,10.583393,3.444816,2.750490,178.762769,4.584579,1.075332,0.022543,0.977373
-0.036389,0.015250,0.315866,3.148208,19.586033,10.583318,3.446936,2.749001,178.827802,4.591791,1.075348,0.022581,0.977421
-0.029963,0.013936,0.306709,3.120605,19.578460,10.500147,3.440000,2.751873,178.867081,4.283358,1.075360,0.021240,0.977446
-0.031217,0.014656,0.336188,3.514194,19.637487,10.500123,3.443112,2.738646,178.902089,4.281809,1.075392,0.021248,0.977453
-0.034814,0.015128,0.326575,2.362512,19.672120,10.500022,3.446824,2.757169,178.819992,4.289228,1.075378,0.021225,0.977422
-0.034017,0.014720,0.321187,2.613740,19.561413,10.583347,3.444453,2.756776,178.568396,4.539635,1.075066,0.022367,0.977210
-0.035153,0.014227,0.337947,3.175415,19.504043,10.583232,3.443046,2.747261,178.367821,4.475999,1.074795,0.022140,0.976952
-0.032821,0.014885,0.336214,3.315132,19.528965,10.583470,3.446850,2.742603,178.240591,4.442527,1.074608,0.022015,0.976766
-0.035264,0.015014,0.351733,2.823744,19.522822,10.666753,3.446311,2.741157,178.148178,4.717687,1.074432,0.023261,0.976644
-0.035851,0.014617,0.358646,3.386389,19.487233,10.666593,3.444234,2.770332,178.090564,4.692731,1.074364,0.023136,0.976538
-0.035347,0.015082,0.346037,2.827084,19.470842,10.666633,3.447786,2.745309,178.058254,4.674217,1.074279,0.023059,0.976461
-0.036019,0.014516,0.324401,3.903795,19.472787,10.666797,3.444773,2.758363,178.043501,4.660116,1.074211,0.023002,0.976401
-0.038281,0.014830,0.358560,2.833277,19.478592,10.666647,3.445555,2.762111,178.070312,4.653828,1.074190,0.022960,0.976350
-0.034997,0.014621,0.358583,3.065247,19.483030,10.666847,3.445123,2.750621,178.065589,4.647174,1.074145,0.022925,0.976337
-0.035098,0.015622,0.329905,3.018483,19.555085,10.666753,3.451364,2.749386,178.085723,4.648462,1.074140,0.022906,0.976315
-0.035541,0.014458,0.314435,3.437196,19.517560,10.666692,3.446971,2.753190,178.081639,4.643162,1.074085,0.022892,0.976307
-0.032465,0.014427,0.334429,2.675259,19.535847,10.666693,3.446506,2.740534,178.109758,4.644653,1.074094,0.022869,0.976285
-0.032204,0.014279,0.350030,2.842052,19.534077,10.666685,3.445186,2.740122,178.180982,4.647029,1.074062,0.022888,0.976291
-0.039326,0.015434,0.322988,2.608769,19.435862,9.474440,3.448120,2.742494,178.198260,4.548270,1.073578,0.022368,0.975830
-0.035365,0.015330,0.334978,2.478253,19.518270,10.666788,3.447306,2.736276,178.216112,4.637849,1.074038,0.022815,0.976264
-0.035983,0.014543,0.362304,2.668911,19.533875,10.666823,3.445338,2.755714,178.124207,4.626808,1.073993,0.022773,0.976187
-0.031376,0.014918,0.353341,3.029257,19.483112,10.666630,3.446904,2.732199,178.020859,4.583978,1.073841,0.022657,0.976072
-0.035228,0.014594,0.340172,3.300865,19.541645,10.666860,3.445399,2.754740,177.948187,4.555540,1.073749,0.022564,0.975959
-0.031749,0.015010,0.354339,2.876938,19.549580,10.666607,3.445749,2.740574,177.941080,4.549290,1.073658,0.022526,0.975904
-0.031939,0.014963,0.301389,2.597417,19.457815,10.666817,3.446990,2.764449,178.096620,4.568208,1.073703,0.022561,0.975958
-0.036116,0.014468,0.322810,3.097255,19.569222,10.666663,3.446647,2.750496,178.287060,4.605174,1.073931,0.022670,0.976112
-0.032203,0.015238,0.315443,2.737498,19.539750,10.583422,3.446516,2.751018,178.454734,4.327408,1.074052,0.021448,0.976258
-0.032783,0.015389,0.346459,2.682891,19.566837,10.583452,3.446628,2.761280,178.556613,4.335788,1.074171,0.021490,0.976345
-0.033568,0.014976,0.339384,3.224557,19.528195,10.583448,3.446285,2.755908,178.623873,4.348712,1.074217,0.021535,0.976397
-0.031539,0.014285,0.350821,3.219789,19.537910,10.583360,3.443629,2.757176,178.665916,4.359622,1.074245,0.021535,0.976423
-0.032729,0.015067,0.307702,3.628327,19.566445,10.583535,3.445666,2.745915,178.682105,4.357544,1.074246,0.021525,0.976424
-0.032357,0.015599,0.338991,2.904729,19.562197,10.583360,3.447972,2.765500,178.660612,4.354950,1.074237,0.021493,0.976394
-0.030572,0.014601,0.341982,2.839714,19.575540,10.583250,3.447720,2.745908,178.430029,4.319188,1.074013,0.021386,0.976218
-0.034444,0.014328,0.355342,3.448859,19.455057,10.666757,3.444405,2.760677,178.195190,4.573661,1.073694,0.022517,0.975953
-0.036247,0.015637,0.372191,2.414155,19.495928,10.666727,3.447845,2.738147,178.045758,4.512093,1.073483,0.022310,0.975747
-0.034180,0.015441,0.330448,3.509133,19.489803,10.666673,3.449777,2.724173,177.954793,4.485904,1.073341,0.022224,0.975605
-0.031970,0.015158,0.315710,3.028543,19.466373,10.666665,3.447137,2.742565,177.886800,4.461412,1.073232,0.022135,0.975510
-0.030983,0.015578,0.348120,2.871474,19.499375,10.666697,3.449398,2.750991,177.848673,4.452670,1.073143,0.022052,0.975431
-0.030005,0.015529,0.318609,2.574011,19.461538,10.666673,3.448126,2.763617,177.827985,4.441228,1.073070,0.022027,0.975375
-0.032497,0.015328,0.373142,3.389692,19.444040,10.750063,3.448821,2.762815,177.814319,4.725098,1.073010,0.023298,0.975309
-0.032320,0.015172,0.372088,2.737928,19.469653,10.750010,3.449275,2.739385,177.818925,4.718479,1.072978,0.023262,0.975265
-0.035508,0.015596,0.371317,2.629087,19.460248,10.633512,3.449802,2.727076,177.870528,4.711097,1.072936,0.023213,0.975218
-0.036996,0.014496,0.345031,2.868485,19.453713,10.027247,3.445290,2.773888,177.862715,4.361362,1.072688,0.021614,0.975004
-0.032542,0.014843,0.332316,3.097485,19.518122,10.666728,3.446314,2.746012,177.909723,4.408604,1.072946,0.021871,0.975237
-0.031474,0.014904,0.338967,2.893015,19.530847,10.666717,3.445973,2.747106,177.984226,4.424303,1.072992,0.021893,0.975277
-0.032671,0.015125,0.358383,3.507915,19.481357,10.666713,3.448312,2.744500,178.113836,4.433799,1.073074,0.021909,0.975355
-0.033240,0.015582,0.347877,3.652567,19.488645,10.666792,3.449248,2.754483,178.134417,4.430804,1.073126,0.021888,0.975387
-0.030970,0.015019,0.328828,2.904567,19.472032,10.645992,3.448112,2.759733,178.031320,4.421587,1.073005,0.021861,0.975300
-0.033901,0.015390,0.347314,2.920130,19.495778,10.666630,3.449080,2.744738,177.893410,4.395737,1.072879,0.021755,0.975161
-0.035421,0.015771,0.358875,3.287503,19.459370,10.750020,3.451171,2.748167,177.787735,4.667534,1.072712,0.022995,0.975026
-0.033184,0.014821,0.338676,3.286219,19.438988,10.750123,3.447744,2.736111,177.726412,4.648359,1.072586,0.022878,0.974922
-0.034865,0.014756,0.360350,2.093404,19.481393,10.750027,3.446777,2.740424,177.787342,4.638467,1.072573,0.022852,0.974904
-0.032185,0.014920,0.337118,3.003797,19.509618,10.666725,3.447362,2.754038,177.997019,4.365028,1.072747,0.021611,0.975032
-0.035694,0.015235,0.326824,2.509957,19.628290,10.666835,3.447510,2.747065,178.171677,4.392872,1.072940,0.021701,0.975195
-0.038486,0.014377,0.316202,2.822337,19.535965,10.344040,3.442809,2.735324,178.257783,4.395730,1.072873,0.021654,0.975173
-0.031226,0.014475,0.306063,3.525029,19.531282,10.666822,3.444308,2.744504,178.340401,4.435555,1.073054,0.021807,0.975317
-0.033357,0.014494,0.344405,3.148452,19.525080,10.666695,3.445561,2.741317,178.373099,4.438168,1.073061,0.021815,0.975328
-0.031779,0.014545,0.333652,4.124831,19.482883,10.666748,3.443251,2.757524,178.369850,4.431253,1.073010,0.021782,0.975294
-0.034200,0.015595,0.331441,3.117279,19.602712,10.666727,3.448173,2.747745,178.344440,4.417435,1.073003,0.021712,0.975266
-0.033417,0.015312,0.333621,3.354234,19.514263,10.580523,3.447413,2.744235,178.193160,4.389471,1.072828,0.021617,0.975118
-0.031749,0.014899,0.364347,3.063567,19.422628,10.666638,3.444533,2.760356,177.947801,4.333791,1.072547,0.021464,0.974902
-0.036742,0.014629,0.367354,2.831807,19.447023,10.749995,3.445966,2.758453,177.765526,4.593432,1.072289,0.022594,0.974650
-0.034571,0.015119,0.345193,2.880087,19.464975,10.750088,3.447420,2.753610,177.669170,4.548829,1.072120,0.022428,0.974489
-0.034704,0.016049,0.329622,3.034038,19.461487,10.749872,3.451147,2.751081,177.588535,4.515266,1.071969,0.022329,0.974362
-0.033397,0.015463,0.361127,2.620529,19.487228,10.750017,3.447363,2.761052,177.583662,4.498281,1.071911,0.022273,0.974292
-0.033830,0.014991,0.367465,3.005698,19.439780,10.750097,3.449140,2.722452,177.554901,4.490286,1.071853,0.022217,0.974260
-0.032548,0.014653,0.347844,2.451866,19.474805,10.750100,3.446834,2.757697,177.545043,4.485173,1.071804,0.022191,0.974209
-0.033413,0.015701,0.381503,3.481992,19.406707,10.622395,3.448538,2.756476,177.544021,4.466219,1.071705,0.022121,0.974137
-0.035863,0.015177,0.365493,3.343498,19.504075,10.750113,3.447917,2.744054,177.552292,4.459968,1.071747,0.022095,0.974140
-0.031037,0.014770,0.355989,2.785891,19.432152,10.749977,3.444963,2.751169,177.567961,4.462823,1.071660,0.022094,0.974125
-0.032746,0.015168,0.341950,3.067176,19.429095,10.750030,3.448034,2.759886,177.581819,4.462110,1.071668,0.022076,0.974101
-0.033639,0.015497,0.359232,2.788784,19.445733,10.749937,3.447198,2.746073,177.618189,4.464225,1.071662,0.022068,0.974088
-0.032537,0.015402,0.337991,3.163316,19.452800,10.750008,3.447976,2.747457,177.750678,4.471269,1.071707,0.022095,0.974152
-0.033305,0.015047,0.357577,2.920684,19.535643,10.750128,3.445791,2.743258,177.817252,4.481588,1.071841,0.022133,0.974221
-0.032418,0.014932,0.343096,2.718696,19.419170,10.750082,3.445710,2.720724,177.715717,4.475859,1.071700,0.022088,0.974157
-0.034671,0.015414,0.373562,2.860805,19.591583,10.749878,3.446513,2.740223,177.603408,4.438854,1.071609,0.021968,0.974001
-0.032504,0.015432,0.323139,2.872785,19.430773,10.750022,3.448448,2.751513,177.529711,4.426615,1.071446,0.021932,0.973936
-0.032870,0.015096,0.354504,3.185137,19.442362,10.750115,3.448672,2.754875,177.490074,4.398340,1.071381,0.021821,0.973839
-0.034033,0.015404,0.354035,2.860700,19.508572,10.750085,3.447946,2.756045,177.496605,4.399978,1.071327,0.021818,0.973783
-0.034080,0.015667,0.358826,2.583814,19.378032,10.750075,3.448005,2.735283,177.634703,4.407024,1.071355,0.021827,0.973859
-0.030583,0.015594,0.352485,2.955948,19.417975,10.750058,3.449222,2.747103,177.781904,4.425498,1.071514,0.021839,0.973933
-0.031538,0.015538,0.343488,2.241838,19.508507,10.749997,3.446599,2.733919,177.847951,4.428234,1.071595,0.021851,0.973978
-0.033823,0.015062,0.346020,2.677245,19.469270,10.749993,3.445922,2.736718,177.911115,4.457656,1.071614,0.021941,0.974040
-0.034283,0.015001,0.328862,2.935990,19.468660,10.637585,3.446528,2.751583,177.947199,4.448872,1.071607,0.021896,0.974023
-0.032018,0.014995,0.326617,2.792845,19.416098,10.750007,3.448420,2.739708,177.952835,4.455949,1.071586,0.021906,0.974017
-0.033842,0.015075,0.354227,3.016036,19.523262,10.750170,3.446586,2.750795,177.965171,4.432968,1.071614,0.021837,0.973985
-0.033483,0.015023,0.340675,2.834920,19.470952,10.750050,3.445531,2.749553,177.949971,4.449051,1.071601,0.021851,0.973979
-0.032391,0.015267,0.343204,2.800055,19.489618,10.749958,3.446416,2.757174,177.749071,4.407293,1.071405,0.021724,0.973839
-0.034700,0.014764,0.353950,2.884848,19.404925,10.750080,3.445490,2.757508,177.580220,4.363592,1.071174,0.021589,0.973631
-0.033826,0.015619,0.353448,3.058243,19.445757,10.750078,3.447684,2.745041,177.464041,4.338662,1.071027,0.021467,0.973457
-0.032253,0.015791,0.343267,2.716530,19.468567,10.833397,3.449559,2.753042,177.384424,4.613951,1.070896,0.022709,0.973357
-0.031673,0.014847,0.352586,3.009953,19.369147,10.833168,3.446751,2.740736,177.356977,4.589610,1.070779,0.022632,0.973298
-0.029697,0.015110,0.376693,3.053897,19.396870,10.833368,3.446513,2.732734,177.323226,4.579389,1.070739,0.022552,0.973213
-0.035679,0.015708,0.378389,3.148467,19.418803,10.833370,3.451308,2.732048,177.303285,4.558734,1.070685,0.022467,0.973159
-0.035933,0.014942,0.385441,2.716325,19.419787,10.833318,3.447201,2.748458,177.290437,4.560021,1.070631,0.022470,0.973128
-0.034904,0.014933,0.374952,2.852463,19.381350,10.833392,3.447015,2.753590,177.259536,4.526787,1.070539,0.022352,0.973075
-0.031775,0.015365,0.377334,2.840484,19.334633,10.826980,3.448320,2.743499,176.266066,4.529721,1.070509,0.022340,0.973006
-0.034806,0.015873,0.379323,2.909209,19.410245,10.833380,3.452086,2.746625,177.211109,4.506289,1.070450,0.022262,0.972956
-0.031799,0.015245,0.365352,2.776445,19.460538,10.833475,3.448889,2.746017,177.197393,4.501404,1.070390,0.022245,0.972903
-0.032325,0.015593,0.362014,3.556173,19.426217,10.699912,3.450054,2.755563,177.198266,4.483432,1.070283,0.022155,0.972826
-0.034619,0.015729,0.350613,2.670867,19.439573,10.833520,3.450934,2.762556,177.165556,4.480001,1.070269,0.022155,0.972808
-0.033268,0.015438,0.373761,3.292119,19.424015,10.833572,3.447447,2.748961,177.169178,4.472974,1.070203,0.022113,0.972755
-0.031919,0.016194,0.363580,2.636144,19.416507,10.833398,3.451484,2.747569,177.150655,4.461812,1.070156,0.022080,0.972731
-0.030037,0.016500,0.343891,2.969004,19.393587,10.833387,3.451712,2.754228,177.124791,4.449090,1.070078,0.022013,0.972654
-0.031549,0.015886,0.380498,3.231522,19.390297,10.833343,3.449563,2.739093,177.103933,4.427442,1.070016,0.021936,0.972587
-0.032526,0.016052,0.379466,2.104147,19.361400,10.833380,3.450076,2.741448,177.087031,4.426310,1.069926,0.021918,0.972547
-0.032093,0.015711,0.370928,3.395169,19.403098,10.833392,3.449370,2.743377,177.309026,4.438497,1.070056,0.021939,0.972603
-0.034482,0.015135,0.335860,2.230946,19.400752,10.833253,3.445500,2.751025,177.569553,4.485054,1.070255,0.022073,0.972809
-0.029519,0.015772,0.315410,2.809121,19.461607,10.749955,3.447134,2.749933,177.766754,4.226386,1.070496,0.020914,0.972994
-0.034520,0.015150,0.346491,2.665056,19.439923,10.750063,3.446922,2.760801,177.943820,4.251687,1.070617,0.021000,0.973139
-0.031892,0.014739,0.334302,2.668317,19.403003,10.750063,3.445471,2.739374,178.042482,4.273112,1.070715,0.021060,0.973231
-0.030870,0.015180,0.320011,2.990376,19.491673,10.750128,3.446048,2.752954,178.127564,4.294849,1.070816,0.021098,0.973272
-0.031737,0.014494,0.340759,2.917279,19.455795,10.749905,3.443477,2.769179,178.158074,4.303927,1.070798,0.021138,0.973320
-0.033552,0.015620,0.339444,2.794185,19.436203,10.750060,3.447185,2.760590,178.140781,4.293760,1.070782,0.021100,0.973285
-0.034671,0.015561,0.335478,2.710859,19.430158,10.253923,3.449697,2.751246,177.914956,4.211772,1.070447,0.020757,0.972952
-0.031141,0.015520,0.320267,3.337841,19.425100,10.750130,3.448285,2.759844,177.624791,4.195339,1.070275,0.020774,0.972844
-0.036721,0.015213,0.347686,3.019313,19.379380,10.298825,3.447206,2.752499,177.409652,4.391557,1.069798,0.021648,0.972391
-0.033303,0.015232,0.368910,3.137829,19.415417,10.833388,3.448415,2.736569,177.258669,4.386822,1.069795,0.021687,0.972363
-0.032365,0.015086,0.356648,2.390250,19.391175,10.833432,3.447416,2.754425,177.183534,4.373627,1.069672,0.021620,0.972256
-0.033806,0.014935,0.353459,3.047578,19.401030,10.833432,3.445661,2.730337,177.129471,4.352740,1.069570,0.021534,0.972181
-0.030623,0.016004,0.367210,2.721705,19.416105,10.833380,3.452188,2.742292,177.093856,4.330631,1.069502,0.021482,0.972095
-0.034018,0.016465,0.443521,2.377501,19.360562,11.083387,3.450590,2.725292,175.886747,4.935046,1.067945,0.024474,0.970743
-0.031193,0.015361,0.408912,2.595915,19.271272,11.000027,3.450293,2.755534,175.682790,4.658039,1.068093,0.023128,0.970908
-0.034964,0.017055,0.455830,2.182214,18.972592,11.333357,3.457916,2.732536,173.025427,5.362871,1.065495,0.026621,0.968555
-0.037494,0.017335,0.483543,2.155518,19.050622,11.500082,3.460480,2.741197,174.808186,5.811482,1.065072,0.028924,0.967855
-0.035240,0.016030,0.379915,2.532848,19.063332,11.083430,3.451909,2.741790,174.931808,4.827347,1.067288,0.023883,0.970247
-0.032962,0.015632,0.339646,3.376881,19.169953,10.726313,3.454253,2.761867,176.212177,4.414189,1.068512,0.021852,0.971101
-0.036414,0.015966,0.414174,2.474311,19.170677,11.083347,3.451194,2.753433,175.714359,4.887015,1.067711,0.024121,0.970466
-0.032668,0.016546,0.407060,1.947764,19.143163,11.083410,3.455643,2.758007,175.678653,4.854722,1.067613,0.024000,0.970356
-0.036565,0.015840,0.383623,2.703236,19.170282,11.083460,3.450675,2.739690,175.704011,4.851252,1.067642,0.023970,0.970338
-0.035992,0.015423,0.394508,2.669801,19.168523,11.083433,3.450538,2.753603,175.700825,4.855592,1.067563,0.023946,0.970313
-0.034329,0.015926,0.362970,2.377691,19.179055,11.083265,3.453083,2.743462,175.743024,4.840480,1.067543,0.023905,0.970295
-0.035245,0.015864,0.424402,2.424817,19.217347,11.083493,3.451088,2.749289,175.736243,4.821047,1.067465,0.023863,0.970236
-0.034757,0.016401,0.409402,2.137724,19.214532,11.083403,3.453644,2.735273,175.669044,4.815265,1.067371,0.023830,0.970191
-0.035246,0.016130,0.418662,2.330940,19.253905,11.083442,3.452889,2.737628,175.770181,4.819092,1.067429,0.023833,0.970202
-0.035100,0.016503,0.368856,2.710770,19.235330,10.860292,3.455375,2.748946,175.937779,4.835363,1.067433,0.023828,0.970198
-0.030521,0.016012,0.400863,3.033182,19.203768,11.000030,3.451823,2.719430,176.005994,4.552218,1.067564,0.022566,0.970345
-0.032164,0.016474,0.393408,2.581505,19.209127,11.000145,3.454864,2.748801,176.110403,4.563106,1.067650,0.022600,0.970412
-0.032144,0.016472,0.373074,2.741802,19.196575,10.600883,3.454696,2.742310,176.140020,4.523526,1.067504,0.022417,0.970284
-0.032900,0.015912,0.387243,2.415253,19.256362,10.999938,3.451099,2.753008,176.212183,4.569096,1.067672,0.022607,0.970427
-0.032859,0.016037,0.372221,2.468298,19.245353,11.000007,3.453902,2.740854,176.267668,4.568808,1.067692,0.022594,0.970449
-0.039253,0.015893,0.387803,2.666760,19.216728,9.357852,3.450619,2.743958,176.180952,4.421951,1.067013,0.021796,0.969749
-0.032233,0.015629,0.388563,2.556959,19.322505,11.000048,3.450692,2.747804,176.023554,4.528719,1.067450,0.022448,0.970220
-0.035129,0.016245,0.391247,3.666249,19.207630,11.083377,3.453223,2.739881,175.756991,4.781639,1.067161,0.023608,0.970013
-0.034582,0.016396,0.396176,3.408249,19.216603,11.083363,3.453968,2.748961,175.603484,4.723266,1.066952,0.023408,0.969765
-0.035121,0.015908,0.392027,3.309447,19.232015,10.817145,3.451107,2.741048,175.571951,4.685449,1.066735,0.023231,0.969577
-0.034025,0.016634,0.412843,2.463366,19.197255,11.083300,3.455003,2.735490,175.572959,4.693982,1.066752,0.023305,0.969621
-0.032249,0.016240,0.427581,2.561906,19.151435,11.083365,3.453464,2.740871,175.561526,4.684284,1.066718,0.023241,0.969579
-0.033421,0.016467,0.392818,2.840825,19.197702,11.083470,3.455606,2.758227,175.548013,4.676689,1.066664,0.023195,0.969531
-0.031678,0.016466,0.404148,2.404645,19.224960,11.083542,3.454799,2.739915,175.536520,4.672304,1.066635,0.023173,0.969491
-0.033736,0.016294,0.422068,2.245215,19.188537,11.083418,3.453379,2.746449,175.537208,4.664657,1.066560,0.023150,0.969465
-0.031728,0.016181,0.391682,3.490591,19.211342,11.083402,3.453446,2.742639,175.521577,4.658190,1.066538,0.023103,0.969418
-0.031895,0.016294,0.424594,2.567500,19.226130,11.083400,3.454002,2.732575,175.525689,4.644883,1.066521,0.023076,0.969401
-0.032172,0.016049,0.363506,2.333748,19.277082,11.083378,3.453217,2.734655,175.547612,4.645068,1.066514,0.023053,0.969379
-0.032808,0.016447,0.403052,2.480920,19.196320,11.083335,3.454227,2.729642,175.596792,4.645974,1.066493,0.023060,0.969399
-0.031094,0.016029,0.370563,3.113729,19.242768,11.083377,3.452145,2.741555,175.664800,4.646205,1.066487,0.023041,0.969399
-0.032063,0.016618,0.392969,2.772605,19.238707,11.083367,3.454798,2.738811,175.622348,4.646743,1.066480,0.023009,0.969372
-0.034520,0.016618,0.381466,2.621367,19.145283,11.166798,3.456368,2.735088,175.516484,4.919748,1.066318,0.024300,0.969260
-0.031172,0.016384,0.394971,2.531738,19.184843,11.067232,3.454741,2.727357,175.527071,4.621730,1.066381,0.022924,0.969274
-0.031472,0.016274,0.402163,2.640729,19.264920,11.083293,3.453811,2.740264,175.500670,4.614379,1.066372,0.022887,0.969245
-0.030785,0.016238,0.406645,2.589413,19.177693,11.083442,3.452846,2.743372,175.476669,4.608992,1.066291,0.022877,0.969210
-0.033724,0.016087,0.363808,2.164533,19.172332,11.166860,3.452882,2.732643,175.526419,4.896351,1.066185,0.024152,0.969132
-0.034290,0.016381,0.373099,3.452226,19.255703,11.166687,3.453387,2.735782,175.632216,4.893792,1.066250,0.024136,0.969112
-0.033239,0.016261,0.394403,2.810764,19.248362,11.083370,3.451461,2.743782,175.740074,4.608214,1.066343,0.022836,0.969205
-0.033536,0.016839,0.366796,2.850542,19.195410,11.083403,3.452804,2.741285,175.807849,4.613771,1.066371,0.022849,0.969267
-0.035881,0.015963,0.394678,3.393315,19.180742,11.083352,3.451572,2.738943,175.844610,4.616220,1.066387,0.022830,0.969270
-0.032822,0.016097,0.384002,2.642278,19.205195,11.083295,3.451332,2.756233,175.859677,4.616034,1.066396,0.022804,0.969260
-0.031704,0.016695,0.418442,2.509762,19.203027,11.083388,3.453945,2.744701,175.806842,4.599194,1.066322,0.022768,0.969190
-0.033031,0.015583,0.400891,3.209813,19.200412,11.083438,3.449820,2.749914,175.765492,4.576756,1.066243,0.022682,0.969123
-0.031298,0.016395,0.404413,2.403569,19.306097,11.083315,3.451390,2.725188,175.631155,4.559710,1.066199,0.022624,0.969035
-0.033994,0.015710,0.406541,2.459504,19.175855,11.166765,3.452782,2.738079,175.383074,4.824308,1.065887,0.023812,0.968840
-0.035955,0.015486,0.419373,2.501644,19.224442,11.166643,3.451036,2.712212,175.372541,4.800206,1.065804,0.023719,0.968729
-0.036347,0.016163,0.387678,3.032230,19.121215,11.166722,3.452906,2.737771,175.379804,4.785909,1.065691,0.023657,0.968669
-0.030448,0.016203,0.421576,2.369348,19.133147,11.166590,3.453750,2.754612,175.361143,4.770092,1.065625,0.023584,0.968583
-0.033133,0.015809,0.411583,3.017994,19.152485,11.166732,3.452611,2.739186,175.349354,4.755721,1.065566,0.023522,0.968518
-0.035302,0.016258,0.408140,2.502244,19.175208,11.166678,3.454757,2.740202,175.351882,4.742762,1.065503,0.023483,0.968494
-0.033490,0.016568,0.428362,2.626412,19.118227,11.166765,3.454061,2.748813,175.320970,4.736579,1.065451,0.023446,0.968444
-0.034595,0.016788,0.417929,2.578219,19.169355,11.166662,3.455180,2.737299,175.293072,4.728176,1.065447,0.023406,0.968402
-0.033944,0.015849,0.405420,2.445172,19.174302,11.166673,3.452024,2.731740,175.277224,4.718948,1.065373,0.023371,0.968373
-0.035373,0.016905,0.383148,2.463488,19.175328,11.166757,3.455251,2.734036,175.261120,4.709478,1.065325,0.023335,0.968313
-0.032604,0.016433,0.423178,2.379836,19.165798,11.166628,3.453955,2.736467,175.259797,4.703755,1.065297,0.023281,0.968296
-0.031777,0.016656,0.410118,2.556064,19.155853,11.166592,3.455527,2.737661,175.245300,4.693809,1.065264,0.023254,0.968239
-0.032696,0.016495,0.435344,2.240158,19.142225,11.166788,3.454652,2.744322,175.316093,4.688412,1.065221,0.023226,0.968230
-0.032204,0.017409,0.411622,2.448886,19.176577,11.166608,3.456806,2.740948,175.385435,4.693657,1.065289,0.023236,0.968259
-0.029323,0.016394,0.433556,2.217085,19.099607,11.166738,3.453245,2.739191,175.311537,4.685974,1.065197,0.023194,0.968216
-0.031786,0.016335,0.404469,2.708154,19.134095,11.166738,3.453414,2.753044,175.237332,4.663204,1.065076,0.023107,0.968084
-0.032574,0.016614,0.437894,2.420909,19.188018,11.166677,3.455252,2.715140,175.275186,4.650701,1.065051,0.023082,0.968065
-0.033372,0.016953,0.427501,1.969288,19.167290,11.166768,3.454495,2.745715,175.276613,4.650734,1.065040,0.023066,0.968062
-0.033888,0.016646,0.412329,2.347986,19.213655,11.166707,3.454391,2.741774,175.225131,4.650017,1.064973,0.023032,0.968020
-0.033474,0.016483,0.399892,2.746636,19.149695,11.166745,3.453547,2.739599,175.335582,4.629827,1.064922,0.022966,0.967959
-0.033168,0.016405,0.400111,2.499772,19.187197,11.166818,3.452051,2.753255,175.559523,4.665886,1.065114,0.023069,0.968111
-0.032916,0.016559,0.375862,2.459833,19.247198,11.102203,3.457248,2.744474,175.715293,4.702714,1.065275,0.023168,0.968221
-0.035571,0.016490,0.405677,2.526927,19.137510,11.166768,3.452368,2.757966,175.806637,4.729834,1.065328,0.023301,0.968337
-0.032397,0.016606,0.397755,2.635385,19.199237,10.898258,3.455224,2.740545,175.858708,4.413840,1.065325,0.021851,0.968294
-0.031607,0.016362,0.420737,2.564396,19.128153,11.083277,3.451405,2.756864,175.891197,4.421113,1.065354,0.021921,0.968357
-0.033280,0.016608,0.396443,2.528415,19.213115,11.083312,3.451063,2.732592,175.905231,4.417531,1.065373,0.021875,0.968335
-0.032174,0.016056,0.386641,2.420447,19.185035,11.083498,3.450075,2.737565,175.884433,4.413919,1.065347,0.021859,0.968296
-0.031513,0.016792,0.396658,2.416110,19.156897,11.166782,3.456208,2.731171,175.615996,4.690882,1.065136,0.023075,0.968137
-0.038691,0.015795,0.395717,3.147862,19.064083,9.917215,3.449415,2.755986,175.237327,4.492887,1.064244,0.022239,0.967320
-0.031127,0.016038,0.416355,2.403700,19.263145,11.250087,3.451869,2.738359,175.246907,4.841573,1.064515,0.023921,0.967514
-0.033726,0.015785,0.414494,2.514075,19.093532,11.250098,3.451431,2.743243,175.176425,4.854655,1.064433,0.023965,0.967549
-0.034506,0.016238,0.419370,2.838014,19.117972,11.249975,3.452309,2.738272,175.174903,4.842748,1.064419,0.023900,0.967500
-0.033033,0.016130,0.413029,2.606871,19.142173,11.250007,3.453930,2.726937,175.113120,4.832539,1.064383,0.023830,0.967447
-0.030568,0.016019,0.379127,1.967289,19.231160,11.250007,3.453220,2.734807,175.121176,4.825658,1.064400,0.023824,0.967434
-0.032375,0.016896,0.438052,2.356375,19.150003,11.250165,3.455518,2.735420,175.071828,4.824217,1.064300,0.023787,0.967401
-0.034798,0.016724,0.412494,2.438709,19.114497,11.249888,3.454367,2.755525,175.068894,4.803313,1.064241,0.023713,0.967336
-0.032296,0.016427,0.408760,2.407695,19.105103,11.249988,3.454206,2.742867,175.023556,4.791609,1.064151,0.023639,0.967253
-0.033343,0.016209,0.440757,2.600767,19.160353,11.250137,3.452260,2.718722,175.073025,4.778475,1.064136,0.023585,0.967206
-0.033882,0.017123,0.417124,2.677977,19.141817,11.250167,3.457052,2.747826,175.039690,4.769958,1.064095,0.023572,0.967183
-0.034212,0.016431,0.430934,2.047683,19.104275,11.250098,3.454567,2.732484,175.031522,4.759700,1.064017,0.023532,0.967148
-0.034602,0.016446,0.437846,2.304350,19.141663,11.102998,3.454740,2.732934,175.039683,4.735404,1.063936,0.023412,0.967037
-0.036306,0.016441,0.444209,2.372530,19.046027,10.121458,3.454691,2.741497,175.023299,4.648831,1.063483,0.022952,0.966628
-0.030860,0.015949,0.392650,2.962757,19.170282,11.250065,3.452868,2.737821,175.015935,4.712629,1.063892,0.023321,0.966977
-0.030862,0.016476,0.402452,2.492115,19.084068,11.022442,3.453591,2.738153,175.040980,4.711100,1.063761,0.023282,0.966917
-0.032936,0.016381,0.378506,3.126734,19.132103,11.250090,3.452396,2.732368,175.051974,4.723543,1.063855,0.023334,0.966993
-0.032767,0.016543,0.397947,2.222513,19.129395,11.250048,3.456045,2.731816,175.042179,4.729915,1.063874,0.023362,0.966992
-0.032835,0.016069,0.437413,2.044258,19.139872,11.194085,3.454636,2.747204,175.016434,4.708981,1.063725,0.023263,0.966901
-0.031907,0.016795,0.431684,2.476102,19.061005,11.250042,3.456058,2.758927,174.794110,4.709456,1.063780,0.023266,0.966900
-0.035354,0.016272,0.401620,2.671148,19.212623,11.250057,3.454178,2.742874,175.310079,4.737698,1.063923,0.023349,0.967003
-0.031647,0.016756,0.388635,2.554764,19.215623,11.250103,3.454360,2.751618,175.425333,4.756525,1.064006,0.023464,0.967110
-0.030592,0.016995,0.402392,2.322858,19.176540,11.166708,3.455492,2.740590,175.463737,4.460122,1.064047,0.022096,0.967147
-0.032470,0.016347,0.387436,2.409715,19.162635,11.166608,3.450597,2.756483,175.466890,4.454349,1.064005,0.022083,0.967116
-0.030855,0.016484,0.409621,2.991319,19.115222,11.166642,3.452466,2.736275,175.442344,4.446317,1.063943,0.022042,0.967072
-0.032043,0.016308,0.391654,2.817103,19.132465,11.250122,3.454874,2.749153,175.412096,4.731713,1.063890,0.023339,0.967001
-0.030439,0.016588,0.394323,2.443638,19.163842,11.250022,3.452206,2.735824,175.314806,4.721428,1.063842,0.023276,0.966936
-0.033459,0.016078,0.425615,2.844795,19.080223,11.250010,3.451339,2.746069,174.985405,4.652556,1.063484,0.023023,0.966666
-0.031091,0.016738,0.411385,2.061309,19.087525,11.250062,3.454510,2.750568,175.032292,4.624950,1.063366,0.022932,0.966533
-0.030761,0.016379,0.425505,2.869010,19.090438,11.249910,3.452801,2.737746,175.005847,4.627511,1.063359,0.022933,0.966509
-0.032336,0.016145,0.393976,2.614665,19.062923,10.980722,3.454280,2.725534,174.979140,4.595926,1.063161,0.022794,0.966366
-0.031945,0.016895,0.409310,2.725545,19.075695,11.250145,3.453939,2.759038,174.945127,4.602096,1.063225,0.022831,0.966430
-0.030619,0.016760,0.416220,2.603399,19.102925,11.250102,3.454880,2.747360,174.928143,4.604070,1.063244,0.022790,0.966427
-0.040534,0.017049,0.418338,2.418470,19.025943,9.827403,3.455795,2.749470,174.874772,4.467499,1.062543,0.022117,0.965807
-0.029542,0.016163,0.418529,2.080212,19.108205,11.250043,3.454158,2.739512,174.927620,4.574231,1.063041,0.022666,0.966264
-0.030306,0.016065,0.420859,2.659334,19.057477,11.250065,3.452217,2.743551,174.922449,4.576784,1.063052,0.022657,0.966273
-0.030785,0.016602,0.441143,2.827976,19.069985,11.249982,3.454628,2.735217,174.903040,4.562858,1.063008,0.022609,0.966211
-0.032118,0.016750,0.406191,2.170171,19.099643,11.139873,3.452913,2.745439,174.884569,4.548670,1.062950,0.022536,0.966134
-0.035134,0.016304,0.409736,2.320317,19.134578,10.943832,3.453967,2.745809,174.858116,4.811346,1.062731,0.023748,0.965988
-0.034929,0.016989,0.416427,2.394068,19.087718,11.333373,3.454798,2.743015,174.819125,4.824530,1.062823,0.023816,0.966073
-0.033404,0.017248,0.406797,2.365574,19.103670,11.333385,3.458696,2.749567,174.807707,4.813994,1.062789,0.023729,0.965981
-0.035512,0.016638,0.423083,2.681685,19.125907,11.141123,3.456989,2.738516,174.849771,4.802564,1.062693,0.023664,0.965895
-0.035338,0.017362,0.438401,2.313300,19.046632,11.216077,3.457386,2.747017,174.878598,4.808137,1.062705,0.023715,0.965940
-0.034278,0.016390,0.448286,2.631732,19.090377,11.333288,3.452578,2.757795,174.868271,4.812744,1.062724,0.023710,0.965943
-0.033067,0.016602,0.462342,2.382322,19.123775,11.333450,3.453579,2.747093,174.860448,4.804959,1.062692,0.023675,0.965905
-0.031807,0.016911,0.410506,2.623752,19.069972,11.333472,3.458779,2.754816,174.834914,4.805060,1.062645,0.023655,0.965888
-0.034213,0.016712,0.424990,2.997899,19.121650,11.333423,3.456206,2.726156,174.751226,4.766708,1.062521,0.023508,0.965751
-0.034285,0.015926,0.425417,2.311810,19.137470,11.333370,3.452201,2.744828,174.785776,4.752233,1.062484,0.023451,0.965711
-0.030425,0.016406,0.384748,2.472560,19.101453,11.333290,3.453483,2.747394,174.832299,4.761650,1.062436,0.023454,0.965710
-0.032623,0.017021,0.414934,2.064049,19.157397,11.333408,3.456599,2.744383,174.870449,4.753864,1.062490,0.023445,0.965710
-0.032732,0.017194,0.421390,2.448399,19.101552,11.333428,3.457002,2.732009,174.866601,4.744409,1.062419,0.023399,0.965692
-0.031759,0.016214,0.438449,2.412704,19.132318,11.333477,3.452269,2.741933,174.814829,4.727968,1.062375,0.023329,0.965615
-0.031633,0.016424,0.419698,2.364978,19.171965,11.333275,3.453526,2.740621,174.747030,4.696300,1.062239,0.023237,0.965515
-0.031400,0.016446,0.425299,2.905851,19.064132,11.333358,3.454609,2.734635,174.768367,4.710079,1.062228,0.023263,0.965511
-0.035133,0.016193,0.443218,2.677240,19.048542,11.333382,3.450412,2.722325,174.793129,4.711588,1.062236,0.023248,0.965517
-0.033708,0.016476,0.440656,2.659579,19.121298,11.154485,3.452237,2.736888,174.775209,4.689634,1.062178,0.023177,0.965433
-0.033046,0.016621,0.433558,2.542655,19.098660,11.333360,3.454988,2.724514,174.760854,4.697556,1.062167,0.023204,0.965480
-0.032961,0.016107,0.437319,3.111322,19.059388,11.333415,3.453057,2.750335,174.772273,4.696138,1.062116,0.023160,0.965417
-0.031089,0.016882,0.415739,2.463897,19.094142,11.333410,3.454727,2.738171,174.747330,4.677386,1.062062,0.023106,0.965370
-0.032105,0.016652,0.389559,2.522114,19.061525,11.151740,3.454117,2.748347,174.737170,4.648703,1.061950,0.022994,0.965267
-0.038938,0.017697,0.426216,2.427150,19.078912,10.139860,3.456963,2.747510,174.722560,4.552931,1.061483,0.022491,0.964809
-0.033791,0.016978,0.428386,2.476690,19.031022,11.333412,3.455047,2.742344,174.684184,4.632843,1.061850,0.022938,0.965195
-0.033749,0.016360,0.442211,2.270107,19.146840,11.333368,3.454180,2.741433,174.676213,4.620823,1.061821,0.022881,0.965137
-0.033248,0.016542,0.447348,2.349854,19.251585,11.333447,3.455173,2.731950,174.686674,4.623356,1.061847,0.022870,0.965092
-0.029955,0.016926,0.432729,2.504181,19.095472,11.333420,3.457318,2.728127,174.640990,4.614264,1.061725,0.022846,0.965081
-0.032722,0.017131,0.399273,2.125574,19.120540,11.333470,3.455928,2.745855,174.649842,4.601453,1.061678,0.022769,0.965015
-0.030411,0.016656,0.410003,2.362063,19.170113,11.333313,3.455657,2.757961,174.628991,4.591154,1.061671,0.022745,0.964980
-0.033705,0.016774,0.407144,2.456127,19.184288,11.333387,3.454979,2.743174,174.630669,4.591355,1.061607,0.022725,0.964956
-0.032673,0.017318,0.425667,2.598587,19.173580,11.333500,3.457425,2.727964,174.670680,4.581760,1.061662,0.022694,0.964942
-0.031265,0.017536,0.429683,2.205712,19.097688,11.333343,3.458077,2.745241,174.587166,4.567664,1.061535,0.022629,0.964866
-0.030587,0.017269,0.432216,2.121637,19.151703,11.333323,3.458074,2.761416,174.639378,4.564150,1.061559,0.022628,0.964855
-0.033271,0.017577,0.447590,2.376665,19.098973,11.333373,3.458209,2.741527,174.703384,4.562555,1.061493,0.022608,0.964861
-0.030066,0.017138,0.420910,2.509088,19.098885,11.333385,3.457055,2.743463,174.634274,4.557630,1.061473,0.022567,0.964803
-0.030869,0.016941,0.435368,2.379355,19.161562,11.333387,3.454619,2.750814,174.590297,4.548883,1.061420,0.022526,0.964773
-0.033650,0.017324,0.425802,2.467674,19.067337,11.416613,3.454167,2.734631,174.566517,4.830447,1.061260,0.023819,0.964662
-0.030755,0.017053,0.431238,2.494528,19.089057,11.145970,3.456018,2.755263,174.666542,4.503184,1.061246,0.022339,0.964598
-0.033841,0.016751,0.421117,2.503643,19.074688,11.333372,3.454330,2.745273,174.761032,4.524016,1.061355,0.022425,0.964703
-0.031305,0.016790,0.412595,2.281481,19.092347,11.333383,3.451654,2.744513,174.799004,4.530036,1.061351,0.022414,0.964707
-0.032532,0.016451,0.429204,2.616019,19.034105,11.004593,3.456510,2.770777,174.753906,4.494262,1.061188,0.022238,0.964554
-0.031324,0.017124,0.409524,2.075651,19.100227,11.333400,3.456570,2.756424,174.704487,4.514228,1.061235,0.022329,0.964588
-0.032360,0.016102,0.409888,2.438500,19.119542,11.333465,3.453862,2.754149,174.625153,4.489919,1.061120,0.022275,0.964507
-0.033406,0.017150,0.424880,2.082833,19.053023,11.151967,3.456495,2.737502,174.590168,4.764157,1.060909,0.023479,0.964325
-0.030996,0.016754,0.418841,2.143978,19.076658,11.416642,3.454264,2.743553,174.562417,4.772588,1.060993,0.023520,0.964383
-0.034215,0.016807,0.447303,2.453183,19.009007,10.486833,3.455173,2.740342,174.537598,4.692392,1.060606,0.023127,0.964020
-0.030955,0.017038,0.440999,2.409839,19.044928,11.416727,3.455837,2.743736,174.589868,4.756375,1.060908,0.023456,0.964325
-0.032126,0.017253,0.423660,1.934677,19.074823,11.416583,3.458340,2.763792,174.599038,4.756407,1.060885,0.023428,0.964294
-0.031506,0.017225,0.395574,3.637497,19.096697,11.416650,3.457250,2.739587,174.561069,4.750260,1.060884,0.023396,0.964267
-0.032653,0.017396,0.395002,2.643882,19.031033,11.416663,3.457670,2.734656,174.577883,4.739492,1.060825,0.023373,0.964233
-0.035635,0.016897,0.389953,2.572281,19.034568,11.002040,3.454592,2.731638,174.514340,4.699393,1.060650,0.023158,0.964066
-0.033146,0.016349,0.421576,2.506455,19.085780,11.287487,3.454821,2.744333,174.532631,4.704005,1.060696,0.023186,0.964088
-0.045694,0.017374,0.421230,2.269956,18.952587,9.456897,3.458145,2.760924,174.400220,4.527112,1.059775,0.022300,0.963246
-0.033073,0.016827,0.410965,2.001822,19.027642,10.934918,3.454594,2.743977,174.463262,4.630575,1.060344,0.022886,0.963764
-0.036536,0.017000,0.444979,2.521906,19.049192,10.304815,3.455734,2.746502,174.467177,4.572746,1.060069,0.022606,0.963522
-0.030225,0.017015,0.419132,2.411308,19.063418,11.306262,3.453860,2.742786,174.462075,4.655104,1.060438,0.022996,0.963884
-0.032224,0.016645,0.439303,2.752234,19.029817,11.416640,3.453930,2.764342,174.460293,4.655095,1.060455,0.023006,0.963886
-0.035798,0.017295,0.453449,2.488134,19.048803,10.872913,3.456299,2.741574,174.389450,4.594092,1.060138,0.022714,0.963609
-0.038138,0.017306,0.432738,2.608762,18.996295,9.846007,3.457115,2.751153,174.347312,4.490754,1.059625,0.022189,0.963136
-0.035983,0.017173,0.427270,2.335456,19.026713,10.715473,3.456598,2.737346,174.449143,4.569934,1.060031,0.022565,0.963477
-0.037585,0.016866,0.430064,2.638798,18.980960,10.166568,3.455272,2.749751,174.443952,4.527878,1.059803,0.022358,0.963306
-0.033428,0.016959,0.444374,2.620886,19.052350,11.416668,3.455013,2.747075,174.477656,4.615675,1.060227,0.022812,0.963704
-0.029423,0.016321,0.429220,2.163752,19.111855,11.416667,3.454394,2.759202,174.454722,4.609801,1.060229,0.022787,0.963677
-0.032517,0.016607,0.442849,2.336157,19.101925,11.111447,3.454693,2.747486,174.388778,4.564654,1.059979,0.022604,0.963497
-0.030612,0.017010,0.436729,2.653663,19.043755,11.416722,3.455446,2.749425,174.338819,4.572745,1.059964,0.022632,0.963486
-0.038000,0.016924,0.440078,2.391944,18.987595,10.331040,3.457283,2.750188,174.355293,4.481156,1.059558,0.022154,0.963077
-0.032315,0.017392,0.410728,2.716530,19.010570,11.030158,3.457369,2.755611,174.433271,4.534877,1.059791,0.022416,0.963311
-0.028797,0.016949,0.429824,2.430570,19.053860,11.416597,3.453513,2.757783,174.459122,4.554258,1.059990,0.022539,0.963456
-0.029629,0.016687,0.450115,2.410769,19.048340,11.416822,3.454080,2.746439,174.449763,4.557590,1.059961,0.022534,0.963434
-0.034099,0.017278,0.444033,2.273092,19.153422,10.706123,3.456322,2.736145,174.392018,4.492128,1.059692,0.022211,0.963136
-0.032319,0.017377,0.447450,2.607804,19.002088,10.786087,3.458282,2.747551,174.330616,4.479060,1.059532,0.022199,0.963084
-0.031274,0.017381,0.440170,2.630286,19.038432,11.416733,3.457955,2.743899,174.323894,4.511036,1.059761,0.022350,0.963213
-0.030295,0.017212,0.453124,2.621847,19.056910,11.416678,3.456801,2.761160,174.364647,4.519654,1.059772,0.022400,0.963252
-0.030175,0.017390,0.424088,2.455139,19.072980,11.416548,3.455586,2.736569,174.359374,4.516572,1.059748,0.022355,0.963248
-0.033956,0.017085,0.417695,2.281375,19.044092,10.606835,3.454215,2.747356,174.345600,4.449263,1.059387,0.022031,0.962918
-0.030441,0.017896,0.404271,2.282384,19.051000,11.416723,3.459487,2.738243,174.378071,4.500594,1.059638,0.022289,0.963173
-0.029837,0.016508,0.427700,2.211155,19.074288,11.416708,3.455937,2.732781,174.402140,4.491324,1.059650,0.022255,0.963152
-0.029744,0.016870,0.421327,2.241240,19.065302,11.416820,3.455069,2.747824,174.364057,4.490982,1.059610,0.022251,0.963116
-0.031349,0.017345,0.442724,2.368494,19.062028,11.365648,3.457565,2.733680,174.338576,4.483191,1.059553,0.022222,0.963062
-0.029682,0.017172,0.424654,2.024710,19.023198,11.416798,3.456171,2.724347,174.332033,4.478459,1.059531,0.022203,0.963046
-0.034048,0.017035,0.450276,2.374907,19.101303,11.500055,3.455519,2.729818,174.313929,4.761449,1.059447,0.023477,0.962954
-0.032942,0.017624,0.405224,2.157663,19.058385,11.250833,3.457029,2.751109,174.286334,4.743940,1.059346,0.023372,0.962865
-0.041462,0.017046,0.428176,2.131000,18.976578,9.968333,3.456595,2.742099,174.186491,4.621483,1.058738,0.022754,0.962296
-0.032117,0.017485,0.450039,2.222529,19.055155,11.500107,3.458090,2.746476,174.274593,4.730266,1.059250,0.023302,0.962789
-0.033303,0.017402,0.425806,2.443841,19.025797,11.500042,3.459311,2.752354,174.321799,4.727609,1.059214,0.023284,0.962776
-0.030657,0.017007,0.411404,2.515604,19.116242,11.500147,3.453938,2.743745,174.307620,4.721158,1.059239,0.023257,0.962754
-0.036140,0.017720,0.423291,2.353659,19.036622,11.269378,3.458953,2.749477,174.314396,4.716119,1.059122,0.023204,0.962704
-0.031756,0.016654,0.448774,2.254284,19.093445,11.500105,3.455737,2.733830,174.291210,4.704530,1.059180,0.023174,0.962712
-0.042715,0.017749,0.449420,2.339100,18.939382,9.968132,3.458415,2.730435,174.207743,4.583975,1.058487,0.022557,0.962128
-0.030852,0.016876,0.461358,2.039101,19.063365,11.500103,3.453085,2.755817,174.276695,4.683595,1.059025,0.023083,0.962589
-0.033122,0.017309,0.427221,2.908408,19.040047,11.500058,3.454513,2.739350,174.269847,4.689450,1.059011,0.023112,0.962625
-0.033940,0.016920,0.418380,2.241944,19.054145,11.028020,3.455852,2.736075,174.131980,4.606537,1.058662,0.022754,0.962308
-0.031732,0.017147,0.443225,2.594571,19.025720,11.499905,3.456168,2.733659,174.125684,4.623389,1.058747,0.022845,0.962345
-0.031437,0.017433,0.435836,2.355359,19.037225,11.175113,3.456715,2.750444,174.165382,4.602328,1.058648,0.022708,0.962231
-0.036140,0.017466,0.422946,2.937722,18.960085,10.091438,3.458086,2.759491,174.194054,4.518611,1.058216,0.022253,0.961831
-0.036623,0.016551,0.430227,2.853121,18.987267,10.944850,3.453226,2.760407,174.278114,4.588743,1.058549,0.022596,0.962143
-0.033116,0.017008,0.424410,2.317427,19.051072,11.500135,3.455375,2.736948,174.343576,4.638539,1.058795,0.022835,0.962364
-0.037153,0.016239,0.458706,2.591532,19.054903,10.637528,3.454080,2.737720,174.327531,4.574731,1.058481,0.022509,0.962076
-0.032840,0.017022,0.459393,2.386967,19.087000,11.160025,3.455068,2.752420,174.350150,4.613523,1.058627,0.022698,0.962236
-0.033382,0.016888,0.440270,2.458606,19.061715,11.499997,3.453880,2.745467,174.265298,4.621224,1.058736,0.022748,0.962288
-0.030395,0.017596,0.435774,2.602080,19.046180,11.499968,3.458733,2.733997,174.159726,4.587104,1.058579,0.022680,0.962179
-0.034936,0.017468,0.432439,2.154205,19.049967,10.726737,3.456744,2.746253,174.113691,4.523850,1.058293,0.022333,0.961888
-0.036533,0.016572,0.452904,2.433439,19.000345,10.946960,3.456159,2.731996,174.149714,4.521485,1.058290,0.022383,0.961929
-0.028989,0.017243,0.452111,2.283780,19.094487,11.499973,3.453549,2.745347,174.187279,4.559244,1.058464,0.022549,0.962066
-0.029163,0.017397,0.437763,3.151419,19.031115,11.500118,3.457181,2.749326,174.159111,4.558414,1.058412,0.022533,0.962064
-0.032041,0.017110,0.436938,2.087391,19.076955,11.499963,3.458088,2.749121,174.166415,4.542478,1.058366,0.022462,0.961984
-0.034570,0.017244,0.442388,2.789369,19.004460,10.788217,3.454896,2.749490,174.340954,4.505592,1.058168,0.022264,0.961815
-0.029850,0.017495,0.415031,2.571878,19.109950,11.416658,3.456940,2.742364,174.594414,4.310567,1.058681,0.021346,0.962286
-0.034145,0.017377,0.386385,2.785576,19.058558,10.621858,3.454316,2.755502,174.699109,4.278063,1.058523,0.021134,0.962140
-0.029625,0.016582,0.410856,2.578118,19.130247,10.844768,3.451466,2.742315,174.809336,4.289559,1.058675,0.021222,0.962248
-0.034605,0.017403,0.396699,2.528044,19.039727,10.073550,3.454489,2.779385,174.828756,4.243560,1.058358,0.020922,0.962004
-0.031746,0.016617,0.412456,2.735992,19.140278,11.107287,3.452888,2.751179,174.930690,4.325055,1.058762,0.021333,0.962366
-0.033448,0.016517,0.398495,2.366620,19.074490,10.448413,3.451939,2.737622,174.934022,4.279246,1.058545,0.021085,0.962169
-0.042831,0.016840,0.426850,2.559843,19.045140,8.920950,3.450957,2.755506,174.862944,4.134610,1.057836,0.020360,0.961491
-0.030034,0.016697,0.401911,2.272082,19.090700,11.416788,3.452766,2.739281,174.964775,4.339021,1.058778,0.021377,0.962381
-0.035024,0.017569,0.436878,2.288339,19.108517,10.833002,3.458286,2.742240,174.932529,4.288509,1.058603,0.021146,0.962204
-0.027816,0.016742,0.405198,2.820636,19.135647,11.315730,3.455457,2.742785,174.904503,4.313876,1.058730,0.021303,0.962308
-0.034208,0.016266,0.429773,2.426506,19.048417,10.327055,3.450428,2.744861,174.809624,4.222116,1.058276,0.020865,0.961907
-0.034097,0.016796,0.425011,2.488275,19.018923,10.247870,3.454159,2.746277,174.751085,4.194521,1.058112,0.020726,0.961774
-0.030101,0.017152,0.431297,2.408363,19.120583,11.277625,3.454539,2.750890,174.898878,4.268138,1.058513,0.021114,0.962115
-0.032919,0.016551,0.424231,2.436717,19.147443,10.925178,3.454579,2.744476,175.139929,4.287536,1.058586,0.021102,0.962170
-0.031608,0.017184,0.429408,3.156388,19.292775,10.745613,3.454204,2.731774,175.404336,4.321587,1.058805,0.021217,0.962302
-0.037361,0.016342,0.387824,2.651525,19.094138,9.887840,3.451625,2.761505,175.581087,3.997718,1.058614,0.019705,0.962230
-0.032660,0.015602,0.404159,2.605979,19.219527,10.895990,3.447317,2.742996,175.783531,4.091017,1.059149,0.020110,0.962664
-0.030573,0.017306,0.379735,2.658805,19.220082,11.333378,3.452082,2.752720,175.904397,4.164425,1.059385,0.020405,0.962920
-0.038679,0.016658,0.389559,2.828177,19.229668,10.195053,3.450421,2.749877,175.918720,4.080855,1.059072,0.020012,0.962596
-0.037699,0.016973,0.382702,2.611939,19.193960,10.408945,3.451513,2.739882,175.975379,4.096140,1.059096,0.020096,0.962665
-0.030278,0.016531,0.349263,2.804308,19.263295,10.910482,3.446866,2.760759,175.910760,4.127770,1.059284,0.020230,0.962774
-0.039998,0.016736,0.389561,3.738010,19.110265,9.236275,3.451321,2.758410,175.536563,3.941944,1.058345,0.019377,0.961970
-0.035498,0.017190,0.398667,2.690978,19.110352,10.304717,3.451837,2.736054,175.253668,4.251830,1.058288,0.020871,0.961967
-0.030493,0.017159,0.414783,2.438302,19.200115,11.090037,3.454459,2.747472,174.996028,4.240023,1.058324,0.020907,0.961980
-0.032654,0.016978,0.425244,2.480636,19.067625,10.680625,3.452401,2.748490,174.745746,4.165963,1.057879,0.020605,0.961631
-0.039365,0.016581,0.412486,2.404951,19.116835,10.009887,3.451498,2.727632,174.556466,4.364911,1.057425,0.021437,0.961108
-0.031047,0.017158,0.421157,2.534288,19.086053,11.500082,3.455585,2.755555,174.513346,4.438015,1.057787,0.021882,0.961517
-0.030456,0.016706,0.439094,2.463966,19.071187,11.500125,3.454339,2.746369,174.453615,4.423245,1.057714,0.021814,0.961405
-0.027638,0.017141,0.414106,1.998405,19.101528,11.500137,3.454564,2.763865,174.423235,4.405561,1.057672,0.021768,0.961342
-0.029488,0.016822,0.447190,2.446969,19.138550,11.499883,3.453888,2.761970,174.406249,4.395287,1.057616,0.021713,0.961289
-0.030619,0.017489,0.399941,2.807763,19.087633,11.186855,3.457378,2.759778,174.384293,4.364584,1.057448,0.021567,0.961161
-0.032208,0.016767,0.439127,2.172562,19.037087,11.228975,3.452828,2.767906,174.394487,4.356831,1.057390,0.021535,0.961131
-0.032132,0.017323,0.451438,2.063943,19.039475,10.442670,3.456175,2.750323,174.352552,4.284050,1.057057,0.021167,0.960786
-0.035839,0.016848,0.379911,2.046503,19.004220,10.581995,3.453998,2.729672,174.360884,4.285539,1.056993,0.021178,0.960773
-0.031607,0.017203,0.459435,2.354136,19.079023,11.065592,3.454257,2.731324,174.361847,4.304531,1.057180,0.021321,0.960892
-0.032293,0.017618,0.446761,2.350092,19.032787,10.382147,3.456237,2.733912,174.302836,4.246283,1.056830,0.020996,0.960596
-0.029748,0.017889,0.413108,2.367737,19.153880,10.839503,3.456786,2.732934,174.368836,4.267430,1.057027,0.021128,0.960710
-0.031309,0.017488,0.415298,2.459833,19.049723,10.938208,3.455877,2.733418,174.405555,4.287145,1.057018,0.021203,0.960791
-0.035416,0.017592,0.452918,2.323680,19.035965,10.463075,3.455703,2.766892,174.412564,4.237417,1.056823,0.020944,0.960592
-0.029987,0.017274,0.432395,2.294202,19.143548,11.469983,3.451638,2.748472,174.458020,4.315345,1.057165,0.021324,0.960924
-0.036884,0.017086,0.454162,2.356382,19.043653,9.947603,3.454466,2.765487,174.502564,4.201930,1.056620,0.020751,0.960413
-0.029725,0.016661,0.419121,3.008082,19.097628,11.500057,3.452813,2.762655,174.769422,4.342587,1.057299,0.021384,0.961031
-0.028852,0.017635,0.407947,2.486042,19.150665,11.500078,3.455860,2.742332,174.954367,4.379866,1.057500,0.021540,0.961188
-0.032004,0.016985,0.418003,2.413696,19.153822,10.846958,3.452067,2.742774,175.061377,4.064673,1.057419,0.020071,0.961123
-0.031710,0.016721,0.419246,2.112650,19.178762,10.740868,3.452795,2.741805,175.118934,4.061704,1.057442,0.020041,0.961130
-0.033784,0.017612,0.403774,2.567802,19.121215,10.161117,3.453601,2.761391,175.123300,4.015503,1.057223,0.019805,0.960922
-0.037482,0.016928,0.409370,2.443014,19.056110,9.531292,3.451466,2.750941,175.126511,3.955615,1.056911,0.019497,0.960657
-0.028771,0.017112,0.431989,2.939456,19.186428,10.846627,3.452986,2.750513,175.170148,4.048838,1.057405,0.019966,0.961064
-0.034652,0.016817,0.404365,2.866529,19.113677,10.164343,3.451983,2.747245,175.033875,3.986792,1.057098,0.019663,0.960807
-0.030332,0.017529,0.429660,2.367453,19.106002,11.500123,3.456774,2.745407,174.788425,4.335519,1.057204,0.021311,0.960975
-0.037414,0.016991,0.424061,2.376400,19.109862,10.176855,3.454304,2.738204,174.507898,4.170124,1.056526,0.020586,0.960277
-0.028890,0.017514,0.417451,2.459965,19.118827,10.935505,3.455320,2.733400,174.358919,4.198457,1.056556,0.020764,0.960341
-0.030804,0.017701,0.404530,2.473778,19.095130,11.583462,3.457385,2.736207,174.277411,4.512790,1.056598,0.022191,0.960392
-0.034820,0.016771,0.438613,2.396436,19.102408,10.875348,3.454230,2.754221,174.191043,4.438044,1.056251,0.021830,0.960050
-0.033780,0.017469,0.456295,2.238032,19.078023,11.037883,3.453898,2.738380,174.147050,4.429091,1.056191,0.021807,0.960018
-0.030298,0.017727,0.456645,2.396248,19.035950,11.583287,3.457385,2.743993,174.144892,4.449460,1.056315,0.021934,0.960137
-0.028580,0.017090,0.419416,2.061545,19.190792,11.413583,3.454403,2.738015,174.132621,4.421290,1.056271,0.021824,0.960023
-0.034037,0.017659,0.448800,2.602387,19.051797,10.640330,3.458569,2.746556,174.083875,4.359668,1.055885,0.021519,0.959745
-0.031274,0.017583,0.430004,2.240404,19.057182,11.583323,3.455230,2.747869,174.110974,4.408683,1.056173,0.021798,0.959998
-0.030056,0.017472,0.433516,2.389967,19.152918,11.583468,3.455593,2.737538,174.117232,4.406563,1.056207,0.021764,0.959978
-0.030966,0.017913,0.444580,2.412643,19.064012,11.315183,3.458409,2.761506,174.094873,4.383877,1.056046,0.021660,0.959865
-0.031499,0.017176,0.399435,2.573281,19.061712,11.059398,3.454516,2.747829,174.056462,4.354540,1.055872,0.021501,0.959707
-0.035277,0.018003,0.454890,2.375273,18.943113,10.338847,3.459583,2.745796,173.993457,4.279120,1.055486,0.021141,0.959366
-0.035528,0.017685,0.455086,2.387170,19.041585,10.426443,3.455533,2.738677,173.955894,4.260770,1.055438,0.021072,0.959289
-0.027372,0.017751,0.454509,2.367023,19.034827,11.583438,3.457868,2.757769,174.000182,4.344630,1.055782,0.021493,0.959662
-0.033289,0.017394,0.444662,2.092695,19.038250,10.737193,3.456512,2.720390,173.955337,4.275265,1.055486,0.021146,0.959355
-0.029643,0.016616,0.443009,2.181529,19.099508,11.583337,3.453966,2.729749,173.971076,4.326443,1.055711,0.021412,0.959568
-0.030159,0.017725,0.416962,2.573477,19.069515,11.431347,3.457848,2.742552,173.953471,4.312390,1.055621,0.021336,0.959500
-0.028978,0.017722,0.461583,2.321140,19.083223,11.583437,3.456433,2.746605,174.110032,4.322021,1.055705,0.021406,0.959573
-0.027896,0.016817,0.407647,2.372891,19.132425,11.583333,3.455682,2.741368,174.341791,4.348218,1.055892,0.021486,0.959727
-0.037014,0.016952,0.439436,2.482721,19.121027,10.742170,3.453093,2.753717,174.496815,4.342732,1.055758,0.021306,0.959580
-0.031905,0.017712,0.397631,2.841013,19.097187,11.085485,3.456233,2.739823,174.616644,4.376641,1.055928,0.021498,0.959773
-0.031387,0.017850,0.407012,2.390804,19.101105,10.288413,3.455181,2.726097,174.662945,4.024114,1.055720,0.019880,0.959562
-0.034953,0.017224,0.441647,2.775413,19.098065,10.222988,3.452128,2.746832,174.693274,4.012301,1.055672,0.019825,0.959528
-0.027794,0.017958,0.391208,2.401053,19.116748,11.062770,3.455737,2.745034,174.734533,4.078216,1.055968,0.020139,0.959797
-0.025215,0.017969,0.433669,2.434015,19.144097,11.454293,3.456303,2.741029,174.741218,4.095045,1.056105,0.020257,0.959920
-0.028248,0.016965,0.426362,2.369024,19.142532,11.297435,3.451721,2.761448,174.637758,4.075159,1.056020,0.020143,0.959825
-0.033227,0.016362,0.443616,2.459409,19.112248,11.058618,3.451321,2.756512,174.367642,4.319315,1.055642,0.021194,0.959509
-0.029925,0.017147,0.413351,2.462075,19.060090,11.306250,3.453655,2.734520,174.179983,4.274110,1.055448,0.021115,0.959363
-0.029236,0.017274,0.437464,2.265010,19.050038,11.583295,3.453900,2.736671,174.067470,4.259624,1.055354,0.021064,0.959274
-0.031912,0.017895,0.437606,2.306850,19.046303,11.550868,3.456472,2.739320,173.998956,4.534834,1.055207,0.022315,0.959125
-0.031853,0.017664,0.439315,2.291480,19.044183,11.381315,3.456850,2.739844,173.933805,4.510375,1.055073,0.022196,0.958987
-0.031712,0.017007,0.394473,2.359805,19.045890,11.139608,3.453171,2.723737,173.898120,4.479987,1.054896,0.022015,0.958837
-0.035119,0.017249,0.441283,2.699134,19.000917,10.518395,3.458407,2.737916,173.850808,4.411099,1.054546,0.021692,0.958541
-0.040119,0.017100,0.465384,2.294382,18.943417,9.963128,3.453381,2.766913,173.828978,4.337135,1.054248,0.021356,0.958249
-0.029174,0.016760,0.463133,2.257513,19.119758,11.666697,3.452552,2.739651,173.891847,4.457182,1.054875,0.021983,0.958788
-0.033147,0.017239,0.417247,2.461107,19.062640,11.130793,3.454163,2.726931,173.864607,4.426231,1.054696,0.021813,0.958644
-0.030150,0.017974,0.459821,2.434056,18.986573,11.015622,3.457606,2.756959,173.849357,4.409668,1.054585,0.021715,0.958562
-0.032333,0.017546,0.453495,2.336099,19.049090,10.736882,3.455996,2.742905,173.843942,4.374432,1.054445,0.021551,0.958405
-0.031775,0.017428,0.459989,1.984674,19.030085,10.792438,3.453623,2.743437,173.809886,4.368993,1.054387,0.021526,0.958382
-0.036642,0.017799,0.312745,2.424365,18.925085,10.299148,3.456000,2.736927,173.747924,4.307759,1.054064,0.021242,0.958129
-0.035650,0.017434,0.448873,2.222504,19.001823,10.393238,3.457044,2.741986,173.723981,4.290929,1.054046,0.021193,0.958048
-0.032068,0.018132,0.455671,2.241087,19.028732,10.797713,3.457433,2.732334,173.712823,4.315361,1.054128,0.021328,0.958142
-0.030222,0.017446,0.459869,2.277399,19.029302,11.125088,3.456357,2.728924,173.714294,4.323244,1.054208,0.021378,0.958227
-0.028695,0.018153,0.482059,2.155941,19.091277,11.666687,3.459420,2.743311,173.712311,4.360241,1.054356,0.021577,0.958360
-0.033401,0.018090,0.438156,2.872219,19.007425,10.379123,3.458602,2.747319,173.649805,4.259251,1.053836,0.021069,0.957885
-0.034213,0.017933,0.470826,2.469196,19.012727,10.302030,3.458394,2.763138,173.750508,4.246313,1.053759,0.020991,0.957819
-0.031515,0.018033,0.435170,2.172757,19.129468,11.616227,3.459549,2.732356,173.974230,4.354825,1.054379,0.021542,0.958374
-0.035058,0.017337,0.442716,2.286283,18.978222,10.432655,3.453615,2.748218,174.062453,4.316820,1.054034,0.021201,0.958087
-0.035952,0.016499,0.437798,2.227501,19.021543,10.364850,3.450886,2.752090,174.145312,4.307524,1.054086,0.021158,0.958084
-0.032706,0.017300,0.451089,2.273022,19.042095,10.529980,3.453725,2.752971,174.205374,4.335427,1.054179,0.021277,0.958165
-0.031060,0.017752,0.426571,2.250922,19.050595,10.579003,3.457657,2.755228,174.313642,4.049170,1.054316,0.020026,0.958284
-0.033779,0.017235,0.450274,2.596885,19.045127,10.247830,3.454244,2.725168,174.342815,4.028933,1.054219,0.019884,0.958208
-0.030786,0.016949,0.460409,2.292218,19.025128,10.537297,3.451627,2.748031,174.312742,4.032370,1.054255,0.019963,0.958258
-0.030306,0.016945,0.406337,2.359419,19.013620,10.540540,3.454127,2.748151,174.242507,4.032420,1.054146,0.019922,0.958180
-0.028604,0.017462,0.427744,2.338529,19.049767,11.666842,3.455106,2.746839,174.011632,4.352305,1.054281,0.021424,0.958311
-0.030403,0.017557,0.452523,2.051399,19.067090,11.257577,3.454539,2.732974,173.783070,4.267855,1.053873,0.021111,0.957943
-0.035683,0.017866,0.459601,2.337332,18.955795,10.433973,3.456238,2.758105,173.574023,4.475926,1.053287,0.021977,0.957430
-0.030229,0.018018,0.466695,2.291783,18.996067,11.507973,3.460021,2.749808,173.537590,4.514352,1.053568,0.022240,0.957650
-0.029040,0.017729,0.450882,2.163719,19.036368,11.750153,3.460484,2.738270,173.524254,4.518205,1.053615,0.022265,0.957674
-0.029372,0.017554,0.456431,2.402280,19.098447,11.750035,3.458049,2.752462,173.507271,4.513784,1.053582,0.022234,0.957632
-0.033752,0.017385,0.456063,2.304330,19.002905,10.830305,3.456204,2.726651,173.449149,4.438344,1.053196,0.021856,0.957295
-0.041537,0.017314,0.465083,2.204355,18.862067,9.222465,3.454919,2.765618,173.346694,4.268666,1.052372,0.021041,0.956541
-0.030036,0.018158,0.466909,2.549975,19.004500,11.410852,3.459520,2.739929,173.413058,4.427608,1.053180,0.021851,0.957281
-0.031294,0.018326,0.379068,2.213111,19.075982,11.388722,3.459858,2.742321,173.400019,4.426846,1.053206,0.021854,0.957264
-0.030142,0.017679,0.465643,2.176891,19.041915,11.324080,3.456802,2.735503,173.360722,4.410802,1.053114,0.021785,0.957229
-0.029828,0.017856,0.478759,2.447363,19.043960,11.481310,3.457127,2.721220,173.370998,4.419058,1.053123,0.021824,0.957235
-0.030934,0.017775,0.463849,2.423596,19.011088,11.340347,3.456416,2.728714,173.353565,4.397099,1.053026,0.021705,0.957156
-0.035049,0.017928,0.478171,2.048351,18.996223,10.391267,3.460047,2.740861,173.344376,4.305251,1.052596,0.021296,0.956744
-0.030631,0.017657,0.453966,2.153066,18.937785,10.805140,3.459138,2.740431,173.297114,4.323526,1.052598,0.021412,0.956804
-0.034347,0.017489,0.477419,2.169878,18.989030,10.733025,3.456714,2.739617,173.306241,4.316291,1.052592,0.021328,0.956726
-0.028922,0.017533,0.455574,2.381844,19.033587,11.750092,3.456189,2.734090,173.333877,4.386193,1.052922,0.021699,0.957054
-0.029477,0.018523,0.449416,2.256904,19.000068,11.491590,3.459418,2.737066,173.311088,4.355410,1.052829,0.021569,0.956967
-0.031570,0.017431,0.451896,2.256291,18.979863,10.707115,3.457565,2.738042,173.286938,4.289566,1.052508,0.021206,0.956642
-0.028830,0.018133,0.475316,2.066252,19.012293,11.750038,3.459208,2.744525,173.424422,4.364207,1.052827,0.021607,0.957000
-0.037462,0.017729,0.413209,2.453878,18.983978,10.315160,3.457617,2.731416,173.555808,4.291903,1.052498,0.021131,0.956631
-0.029080,0.017477,0.417689,2.326711,19.064813,11.750022,3.456378,2.738048,173.753774,4.417926,1.053085,0.021735,0.957195
-0.030470,0.017647,0.448677,2.480806,19.009278,11.043635,3.456164,2.736662,173.818312,4.387055,1.052888,0.021549,0.957052
-0.033171,0.017745,0.414697,2.284499,19.007957,10.363697,3.456859,2.739187,173.831213,4.328837,1.052649,0.021288,0.956802
-0.035188,0.017231,0.446636,2.406801,19.009383,10.215737,3.453456,2.726184,173.798503,4.311816,1.052495,0.021157,0.956683
-0.038762,0.016742,0.410770,2.435012,18.949545,9.287347,3.453245,2.749109,173.673092,4.206850,1.051957,0.020632,0.956185
-0.029614,0.017997,0.456699,2.192416,19.041283,10.983738,3.458626,2.737562,173.687915,4.302368,1.052514,0.021223,0.956705
-0.033548,0.017312,0.425071,2.285731,19.030090,10.924482,3.455266,2.738015,173.513661,4.281387,1.052449,0.021141,0.956604
-0.026118,0.018235,0.447060,2.363600,19.028700,11.750143,3.457394,2.739401,173.365607,4.310054,1.052507,0.021324,0.956700
-0.031130,0.017949,0.463941,1.936448,18.991343,11.529667,3.457393,2.746305,173.248851,4.563536,1.052316,0.022491,0.956502
-0.029640,0.017669,0.482634,2.508085,18.973467,11.749610,3.455665,2.725864,173.208864,4.559322,1.052280,0.022452,0.956468
-0.040515,0.018296,0.496167,2.166757,18.886903,10.536675,3.459483,2.737958,173.153867,4.460321,1.051765,0.021949,0.955997
-0.049549,0.017652,0.454954,2.555719,18.949288,8.829363,3.457786,2.757411,173.030303,4.283264,1.050935,0.021035,0.955170
-0.032992,0.017875,0.463879,2.175694,18.984605,10.844775,3.456790,2.755054,173.117556,4.435962,1.051698,0.021883,0.955926
-0.034462,0.018051,0.484768,2.177817,18.942820,10.885290,3.458622,2.748896,173.134361,4.437815,1.051672,0.021885,0.955928
-0.029544,0.017597,0.473031,2.248070,18.985762,11.508975,3.455509,2.723579,173.140587,4.475376,1.051890,0.022071,0.956106
-0.031278,0.017340,0.482241,2.207539,18.994760,11.419665,3.454521,2.738581,173.141198,4.466393,1.051822,0.022034,0.956070
-0.035185,0.017215,0.455071,2.155011,18.960588,10.138007,3.454250,2.726215,173.087680,4.348860,1.051263,0.021458,0.955527
-0.033844,0.017250,0.440247,1.978108,18.984063,10.849915,3.455773,2.740270,173.094482,4.393613,1.051468,0.021673,0.955730
-0.034617,0.018162,0.456790,2.358131,18.932777,10.477260,3.457038,2.744033,173.072524,4.351374,1.051270,0.021506,0.955562
-0.033336,0.017626,0.483790,2.256269,18.947982,10.983740,3.455592,2.752112,173.072566,4.379630,1.051404,0.021649,0.955680
-0.029787,0.018173,0.466055,2.848039,19.003410,11.086692,3.459382,2.734114,173.159276,4.389540,1.051482,0.021674,0.955725
-0.035946,0.018142,0.428191,2.413368,18.964125,10.178252,3.457236,2.747984,173.113980,4.325280,1.051126,0.021319,0.955426
-0.036196,0.018735,0.467536,2.413970,18.861245,9.725920,3.460519,2.750049,173.002688,4.257132,1.050771,0.021036,0.955108
-0.032135,0.018555,0.465768,2.463704,18.953165,10.442493,3.457023,2.742986,173.015132,4.298256,1.051009,0.021223,0.955288
-0.029000,0.018871,0.480168,2.062030,18.983683,11.833290,3.459812,2.748632,173.074263,4.395558,1.051468,0.021746,0.955754
-0.036133,0.018488,0.463328,2.222872,18.941353,10.537257,3.459970,2.741698,173.043060,4.298717,1.051000,0.021237,0.955294
-0.028005,0.017593,0.451061,2.148905,18.980622,11.833452,3.456847,2.733107,173.265805,4.397309,1.051462,0.021724,0.955756
-0.042366,0.017925,0.459612,2.576904,18.936438,9.939285,3.455793,2.751341,173.430256,4.303768,1.050986,0.021151,0.955270
-0.027683,0.017407,0.420080,2.246497,19.030758,11.749995,3.455092,2.733983,173.713609,4.166531,1.051890,0.020630,0.956064
-0.030959,0.017924,0.413158,2.228599,19.034875,11.211482,3.456669,2.739651,173.828127,4.159811,1.051826,0.020499,0.956018
-0.030658,0.018144,0.433538,2.322310,19.049837,10.533210,3.454766,2.740693,173.846577,4.115449,1.051632,0.020253,0.955833
-0.030415,0.017884,0.433102,2.150880,19.066233,10.868465,3.456100,2.744254,173.845883,4.128663,1.051691,0.020367,0.955913
-0.037638,0.018897,0.439597,2.351096,19.082822,10.074648,3.460380,2.757179,173.764696,4.059311,1.051369,0.020018,0.955581
-0.030150,0.017958,0.445245,2.226635,14.207405,10.463988,3.458146,2.931699,1284.343317,4.072658,1.033691,0.020105,0.955629
-0.031271,0.020294,0.550720,1.961582,18.106695,12.500068,3.463717,2.762485,172.627746,6.177804,1.047759,0.030720,0.952911
-0.027598,0.018447,0.461096,2.175193,18.664388,11.916688,3.457730,2.744437,173.036294,4.560006,1.050538,0.022645,0.955131
-0.036669,0.018785,0.472197,2.102195,18.771815,10.979698,3.461113,2.761324,173.064836,4.613797,1.050831,0.022720,0.955324
-0.034763,0.017676,0.467912,2.163308,18.824260,10.529262,3.455685,2.750500,173.073050,4.305858,1.050915,0.021328,0.955294
-0.028243,0.017920,0.467937,2.213961,18.967740,11.833365,3.458735,2.754371,173.145067,4.415932,1.051442,0.021837,0.955804
-0.035185,0.018798,0.490433,2.192225,18.910447,10.810120,3.459884,2.741108,173.099435,4.343955,1.051099,0.021492,0.955498
-0.033913,0.018475,0.474896,2.115930,18.873530,10.813293,3.460760,2.753118,173.084792,4.330092,1.051028,0.021442,0.955439
-0.027822,0.018312,0.449178,2.526848,18.991248,11.631513,3.459304,2.731936,173.122187,4.382395,1.051323,0.021722,0.955687
-0.033281,0.017890,0.474225,2.690427,18.863862,10.442520,3.456082,2.735342,173.045493,4.277253,1.050822,0.021194,0.955221
-0.031161,0.018243,0.494376,2.054355,18.975663,11.611703,3.457703,2.748065,173.172041,4.357596,1.051293,0.021603,0.955601
-0.032700,0.018244,0.458196,2.064672,18.939038,11.192860,3.455670,2.741951,173.172464,4.341667,1.051197,0.021448,0.955498
-0.035275,0.017501,0.465303,2.315366,19.011218,10.829335,3.452779,2.749970,173.064530,4.292946,1.050963,0.021241,0.955264
-0.029685,0.017994,0.477366,2.361730,19.007750,11.550795,3.460484,2.749410,173.067784,4.342216,1.051119,0.021482,0.955458
-0.029544,0.017994,0.460989,2.447542,18.883278,11.205203,3.457836,2.738675,173.039428,4.299815,1.050929,0.021292,0.955295
-0.040765,0.018031,0.475324,2.136590,18.915023,9.786190,3.457012,2.729546,172.975382,4.462456,1.050289,0.021953,0.954627
-0.034256,0.018621,0.482524,2.270073,18.886757,10.738330,3.457592,2.747409,173.063136,4.520597,1.050538,0.022264,0.954924
-0.032429,0.017907,0.476453,2.467092,18.927255,10.959312,3.456093,2.726296,173.326106,4.274049,1.050828,0.021104,0.955160
-0.038032,0.017288,0.434935,2.689478,18.950953,10.185195,3.454680,2.746749,173.521057,4.248929,1.050725,0.020904,0.955037
-0.037085,0.018313,0.462562,2.411290,19.032932,10.173220,3.456440,2.737803,173.646010,4.275107,1.050851,0.020982,0.955126
-0.034882,0.018773,0.450578,2.533533,19.033022,11.148552,3.459518,2.736995,173.789862,4.363244,1.051272,0.021444,0.955557
-0.034577,0.017955,0.442770,2.450497,19.014785,10.551045,3.453567,2.744532,173.815918,4.025060,1.051150,0.019899,0.955422
-0.034949,0.018293,0.456576,2.350177,19.055323,10.173498,3.454285,2.736129,173.797471,3.994197,1.051013,0.019725,0.955268
-0.031931,0.017965,0.420373,3.023132,19.033940,10.887518,3.456001,2.738135,173.780042,4.036922,1.051132,0.019951,0.955473
-0.038229,0.018412,0.448538,2.490152,19.035620,10.225250,3.456401,2.751100,173.605453,4.258332,1.050816,0.020927,0.955089
-0.036893,0.018395,0.464975,2.199856,18.945528,10.273677,3.459248,2.746818,173.262709,4.189933,1.050405,0.020676,0.954815
-0.031586,0.017604,0.457762,2.304240,18.981957,11.378482,3.454952,2.745177,173.056715,4.517087,1.050489,0.022252,0.954876
-0.033909,0.017787,0.491253,1.898248,18.935597,10.823535,3.457652,2.743539,172.895437,4.435734,1.050110,0.021846,0.954531
-0.035951,0.018084,0.491184,2.243075,18.916713,10.342455,3.457036,2.753250,172.857714,4.381672,1.049875,0.021575,0.954261
-0.027857,0.017651,0.463489,2.158890,19.000090,11.916758,3.457414,2.742568,172.899383,4.479694,1.050356,0.022097,0.954731
-0.036609,0.017623,0.455540,2.398711,18.920345,10.524475,3.456790,2.754831,172.855001,4.381676,1.049866,0.021580,0.954268
-0.033432,0.018386,0.472990,2.134019,18.919800,10.671678,3.457271,2.744021,172.823057,4.371834,1.049819,0.021545,0.954215
-0.031326,0.017779,0.459917,2.759441,18.952813,11.540328,3.456406,2.746760,172.845556,4.410810,1.050052,0.021799,0.954453
-0.029148,0.018619,0.500211,2.131932,18.952463,11.916710,3.459353,2.749405,172.847792,4.435776,1.050135,0.021895,0.954539
-0.029347,0.017869,0.486026,2.267005,18.985835,11.847303,3.456870,2.754548,172.858004,4.427123,1.050104,0.021838,0.954492
-0.029491,0.017767,0.474253,2.414577,19.008290,11.916805,3.455888,2.733873,172.847265,4.422586,1.050077,0.021844,0.954473
-0.034077,0.017987,0.455757,2.043561,18.938875,10.761213,3.456430,2.743269,172.793724,4.326718,1.049608,0.021367,0.954045
-0.034997,0.018123,0.480033,2.233251,18.896807,10.611927,3.456946,2.758117,172.800564,4.297985,1.049443,0.021219,0.953889
-0.030281,0.018436,0.497072,2.074667,18.966528,11.916657,3.457150,2.736363,172.988126,4.388871,1.049927,0.021698,0.954333
-0.032951,0.017686,0.414785,2.898573,18.911008,10.818680,3.456270,2.732914,172.978159,4.331162,1.049654,0.021334,0.954042
-0.035994,0.018350,0.491674,2.293426,18.885818,10.094177,3.458230,2.736265,172.859833,4.244905,1.049259,0.020936,0.953698
-0.031287,0.017885,0.492130,2.135674,18.953415,10.615490,3.457925,2.750467,172.799155,4.259288,1.049305,0.021053,0.953742
-0.030504,0.018707,0.490930,2.188873,18.950113,11.781210,3.458974,2.728875,172.774134,4.327749,1.049585,0.021423,0.954030
-0.032265,0.018230,0.487979,2.269018,18.972697,10.559915,3.456787,2.741443,172.720984,4.230588,1.049107,0.020931,0.953593
-0.030469,0.019152,0.478071,2.091824,19.001838,11.330815,3.459235,2.731799,172.801746,4.277184,1.049293,0.021184,0.953803
-0.034621,0.018003,0.472260,2.259287,18.926070,10.384900,3.456705,2.733667,173.069314,4.234814,1.049154,0.020904,0.953632
-0.035055,0.018449,0.461169,2.353807,19.046337,11.177710,3.457559,2.754889,173.417827,4.353457,1.049717,0.021380,0.954088
-0.028642,0.018254,0.435814,2.193638,19.022565,11.139637,3.455502,2.763403,173.642970,4.091226,1.049916,0.020175,0.954319
-0.037824,0.016978,0.460246,2.344240,18.979748,9.828312,3.451400,2.747724,173.758020,4.010859,1.049579,0.019712,0.953985
-0.037531,0.016800,0.445724,2.452337,19.058052,9.606692,3.451773,2.745995,173.829118,4.018845,1.049585,0.019677,0.953938
-0.033896,0.017498,0.459547,2.509389,19.113382,10.775478,3.453744,2.747545,173.964402,4.114289,1.050003,0.020164,0.954398
-0.028765,0.018069,0.435075,1.849283,19.176165,11.417103,3.456069,2.744505,174.020429,4.162541,1.050253,0.020406,0.954638
-0.037421,0.018088,0.455235,2.369490,19.019833,10.074890,3.455942,2.751893,173.938158,4.074895,1.049783,0.019959,0.954194
-0.032599,0.017861,0.426407,3.323414,19.053373,10.303238,3.455634,2.741907,173.596156,4.018342,1.049592,0.019775,0.953988
-0.030299,0.017948,0.477149,2.310501,19.044607,11.343182,3.457398,2.745495,173.279271,4.320742,1.049519,0.021237,0.953994
-0.033222,0.017760,0.471160,2.410028,18.968858,10.615875,3.455068,2.741528,172.972481,4.195219,1.048969,0.020700,0.953466
-0.033076,0.018605,0.486295,2.359521,18.960110,10.960057,3.459022,2.760842,172.816929,4.180154,1.048862,0.020694,0.953370
-0.027687,0.017692,0.492920,2.151063,19.001495,12.000028,3.454698,2.742722,172.779305,4.527742,1.049025,0.022317,0.953569
-0.038427,0.018510,0.475309,2.138611,18.938087,10.353085,3.458283,2.724802,172.685579,4.404406,1.048397,0.021612,0.952925
-0.031090,0.018341,0.450619,2.268651,19.012390,11.791172,3.458087,2.726690,172.641050,4.484527,1.048771,0.022046,0.953321
-0.028042,0.018306,0.486686,2.054588,19.012542,11.889653,3.455703,2.746475,172.763815,4.493521,1.048839,0.022093,0.953377
-0.031574,0.019305,0.471852,2.123689,18.998798,11.839882,3.460233,2.737278,172.769889,4.482196,1.048804,0.022045,0.953310
-0.037086,0.018199,0.477240,2.303505,19.051633,10.363727,3.457683,2.737301,172.699045,4.360112,1.048254,0.021416,0.952735
-0.032313,0.017859,0.503503,1.766319,18.975090,11.454068,3.455450,2.736633,172.742760,4.432312,1.048501,0.021786,0.953086
-0.029294,0.018305,0.473034,2.299955,19.007653,11.390063,3.456960,2.729867,172.499066,4.346876,1.048115,0.021428,0.952725
-0.034972,0.018042,0.499415,2.132556,18.897837,10.296307,3.457716,2.730087,172.106061,4.267257,1.047693,0.021041,0.952360
-0.030285,0.019962,0.527058,1.916803,18.802208,11.827797,3.465986,2.722203,170.013625,4.862196,1.046105,0.024089,0.950959
-0.029610,0.020125,0.569887,1.859571,18.738427,12.218703,3.470212,2.730836,170.865122,5.080452,1.045903,0.025227,0.950533
-0.031189,0.018941,0.502314,1.991561,18.985805,11.046733,3.458071,2.746578,171.940516,4.229912,1.047562,0.020931,0.952175
-0.033089,0.019570,0.554993,1.950607,18.757865,11.472998,3.462840,2.713794,170.099254,5.085499,1.045688,0.025108,0.950555
-0.030093,0.019697,0.557036,2.125953,18.776875,12.333405,3.467954,2.723599,170.195943,5.070969,1.045748,0.025165,0.950523
-0.030362,0.018223,0.460960,2.177372,18.915780,10.920523,3.458849,2.732029,172.288022,4.268728,1.047847,0.021106,0.952355
-0.033178,0.018846,0.562235,1.823568,18.799352,12.154827,3.461767,2.732359,169.955521,5.093430,1.045689,0.025164,0.950618
-0.030116,0.019589,0.563790,1.803908,18.789802,12.259878,3.465666,2.724575,170.253738,5.032904,1.045603,0.024992,0.950363
-0.029601,0.019446,0.516168,2.160351,18.937023,12.250102,3.464804,2.745748,172.447534,4.921131,1.046668,0.024447,0.951281
-0.027485,0.018835,0.487927,2.049541,18.942213,11.938087,3.459460,2.728430,171.196680,4.372123,1.046726,0.021640,0.951461
-0.026002,0.019981,0.557510,1.929669,18.814503,12.249985,3.465398,2.723266,170.608258,4.802591,1.045909,0.023817,0.950689
-0.029529,0.019423,0.510989,1.855219,18.884982,12.250085,3.462997,2.736321,171.242540,4.800577,1.046063,0.023792,0.950673
-0.034352,0.018920,0.485003,2.147795,18.859553,10.698440,3.461306,2.736011,171.796919,4.331584,1.046566,0.021404,0.951325
-0.029931,0.018822,0.539662,1.868713,18.853295,12.250053,3.460123,2.746632,170.739579,4.797004,1.045838,0.023732,0.950648
-0.030066,0.019181,0.563561,1.875276,18.861933,12.250153,3.464855,2.715344,170.889402,4.772298,1.045919,0.023693,0.950599
-0.037966,0.019092,0.462248,2.162349,18.904837,10.418883,3.460797,2.729690,172.097411,4.399756,1.046952,0.021623,0.951553
-0.028389,0.019429,0.556903,1.809942,18.862685,12.096492,3.460744,2.721842,170.181357,4.729637,1.045477,0.023488,0.950344
-0.034316,0.019423,0.592971,1.828913,18.855677,11.371402,3.465661,2.730796,169.891881,5.126880,1.044536,0.025359,0.949348
-0.028878,0.020070,0.594033,1.683476,18.881225,12.333432,3.471399,2.718944,171.950133,4.988325,1.045466,0.024784,0.950113
-0.027612,0.019675,0.510321,2.222047,18.959995,12.012672,3.461775,2.720109,170.201558,4.672374,1.045180,0.023168,0.950081
-0.030105,0.020051,0.547739,1.826284,18.748337,12.002682,3.466079,2.730503,169.741475,5.122869,1.044413,0.025359,0.949358
-0.028260,0.020337,0.565260,1.862589,18.832187,12.406850,3.468333,2.729168,169.518774,5.072947,1.044331,0.025188,0.949126
-0.029182,0.019196,0.506029,1.981256,18.820618,12.070175,3.460896,2.741397,170.426439,4.732564,1.045450,0.023333,0.950329
-0.034561,0.019630,0.575824,1.996800,18.722767,11.530775,3.466243,2.721623,169.859431,5.068619,1.044220,0.025069,0.949087
-0.029353,0.020290,0.573435,1.743912,18.791535,12.416727,3.468899,2.715123,169.213340,5.027520,1.043961,0.024981,0.948891
-0.033393,0.019442,0.542409,1.905623,18.735475,11.229247,3.467248,2.719049,170.170712,4.815625,1.044448,0.023856,0.949344
-0.029133,0.019993,0.578969,1.770711,18.825015,12.416687,3.468248,2.700251,169.626320,5.031104,1.044076,0.024997,0.948990
-0.029209,0.019903,0.571160,1.832160,18.830325,12.499957,3.468409,2.716261,168.941649,5.240181,1.043460,0.025967,0.948513
-0.029869,0.019876,0.621579,1.850641,18.852443,12.583283,3.467977,2.718428,169.562519,5.443705,1.043046,0.027000,0.948048
-0.031868,0.020288,0.597859,1.760797,18.871887,12.500047,3.465975,2.722298,169.805472,5.268182,1.043719,0.026056,0.948606
-0.033144,0.019813,0.555206,1.832813,18.826973,12.120500,3.465202,2.720801,170.436291,5.061610,1.044190,0.025034,0.949107
-0.033860,0.019692,0.540553,1.864612,18.927255,11.451927,3.463731,2.728150,170.729840,4.778617,1.044312,0.023586,0.949157
-0.030381,0.019264,0.533180,2.030272,18.896995,11.456078,3.461675,2.721174,171.130189,4.365360,1.045137,0.021506,0.950029
-0.033986,0.019046,0.537289,1.943738,18.851957,10.983618,3.460019,2.724657,170.817270,4.755440,1.044124,0.023456,0.949043
-0.029269,0.018785,0.525265,1.914092,18.947778,12.038353,3.461237,2.741160,171.261515,4.589092,1.044783,0.022712,0.949692
-0.035381,0.018643,0.463109,1.942679,18.895330,10.337152,3.460777,2.746949,171.784660,4.320634,1.044929,0.021216,0.949798
-0.031798,0.019868,0.500174,1.999138,18.833898,11.119345,3.462342,2.741710,170.889450,4.476249,1.044184,0.022142,0.949175
-0.028396,0.019620,0.531508,1.892506,18.935653,12.333353,3.463060,2.719865,171.026782,4.824429,1.044500,0.023788,0.949367
-0.035238,0.019530,0.526196,2.146075,18.875212,10.572993,3.462324,2.738515,171.876459,4.411501,1.043984,0.021851,0.948888
-0.035714,0.018699,0.533263,1.875926,18.930688,10.842920,3.458269,2.724320,171.131281,4.465681,1.044204,0.021975,0.949079
-0.031385,0.019162,0.535219,2.015972,18.881693,11.204238,3.462368,2.730498,170.485584,4.634847,1.043528,0.022946,0.948542
-0.030909,0.019931,0.561421,1.861493,18.844427,11.360442,3.466241,2.720033,170.645882,4.630751,1.043521,0.022951,0.948509
-0.034379,0.020143,0.517271,1.974567,18.909533,10.169692,3.462825,2.748446,171.595391,4.170243,1.044328,0.020580,0.949145
-0.032311,0.019130,0.563425,1.949186,18.870020,11.618995,3.460753,2.732356,170.152791,4.648082,1.043530,0.022965,0.948520
-0.029998,0.019918,0.587610,1.952008,18.850827,12.229508,3.465645,2.731754,169.773725,5.137990,1.043011,0.025363,0.947989
-0.029253,0.020198,0.530616,2.223655,18.913573,12.416652,3.468563,2.747949,172.119769,4.991561,1.043940,0.024743,0.948752
-0.033322,0.019632,0.546254,2.004308,18.901433,11.323960,3.462299,2.732765,170.750059,4.419202,1.043866,0.021808,0.948914
-0.029244,0.020007,0.582294,1.716747,18.926057,12.500025,3.466049,2.710387,169.554497,5.093242,1.042777,0.025193,0.947810
-0.031077,0.020315,0.564189,1.639128,18.835700,12.499932,3.468976,2.726844,170.515253,5.129347,1.043089,0.025323,0.947948
-0.036204,0.019370,0.505317,1.982216,18.840740,9.634963,3.461862,2.732022,170.846538,4.003057,1.043313,0.019780,0.948359
-0.036388,0.020038,0.554084,1.665087,18.815385,11.402177,3.466659,2.721743,169.706008,4.995736,1.042256,0.024658,0.947329
-0.027638,0.020486,0.596080,1.742792,18.964670,12.416710,3.468544,2.726145,170.282228,4.807419,1.042923,0.023844,0.947882
-0.031991,0.018031,0.469636,1.993950,18.921507,11.018465,3.455832,2.732747,171.379489,4.176009,1.044186,0.020525,0.949145
-0.027872,0.020312,0.560326,1.840798,18.916632,12.170235,3.464275,2.734084,169.877655,4.767231,1.042645,0.023652,0.947761
-0.034722,0.019405,0.553250,1.877603,18.868500,11.079485,3.464694,2.730577,170.164287,4.682064,1.042261,0.023232,0.947296
-0.029131,0.018902,0.554182,2.054839,18.994828,12.416853,3.462717,2.733921,171.761781,4.856733,1.043187,0.024015,0.948159
-0.032714,0.019244,0.560881,2.011693,18.845745,11.285082,3.460615,2.726640,169.987482,4.704805,1.042262,0.023211,0.947437
-0.027852,0.020229,0.567204,1.762908,18.859743,11.996028,3.468333,2.718581,169.753372,4.893649,1.041840,0.024308,0.946926
-0.032323,0.020171,0.568531,2.061173,19.007395,11.918638,3.466611,2.724747,170.217645,4.969187,1.042279,0.024523,0.947254
-0.029164,0.019000,0.549171,1.820989,18.910938,11.578870,3.459739,2.728233,170.718057,4.264694,1.043054,0.021092,0.948142
-0.027863,0.020124,0.567935,1.848270,18.833118,12.500005,3.465623,2.732712,169.713969,4.932670,1.042011,0.024458,0.947128
-0.037735,0.020487,0.579137,1.854449,18.777065,10.997428,3.468871,2.731632,170.209498,4.888766,1.041747,0.024100,0.946827
-0.034809,0.019063,0.521492,1.953668,18.898197,10.334610,3.462518,2.751047,171.380526,4.241280,1.043087,0.020939,0.948089
-0.028771,0.019724,0.553471,1.662929,18.906143,12.416762,3.462615,2.732505,170.369804,4.754311,1.042448,0.023444,0.947660
-0.032838,0.020660,0.537167,1.861338,18.907885,12.233608,3.467319,2.732464,170.457450,4.953552,1.042095,0.024467,0.947189
-0.029426,0.019681,0.551637,1.974945,18.940748,12.018633,3.465044,2.751488,171.558676,4.730218,1.042458,0.023283,0.947498
-0.028903,0.019999,0.552803,2.084976,18.962352,11.606420,3.459514,2.724581,170.836361,4.406604,1.042361,0.021768,0.947458
-0.031283,0.019646,0.580645,1.780499,18.936737,11.521577,3.462436,2.739255,170.322545,4.571162,1.041738,0.022644,0.946870
-0.029623,0.020189,0.551757,2.102907,18.895490,11.952577,3.465070,2.716817,170.536519,4.610105,1.041881,0.022818,0.946976
-0.034343,0.019648,0.534255,1.795857,18.946892,11.106088,3.461900,2.732996,170.991900,4.414487,1.042467,0.021766,0.947521
-0.035037,0.020555,0.569037,1.765382,18.878603,11.532062,3.466172,2.725252,170.036830,4.810863,1.041375,0.023738,0.946515
-0.029187,0.020869,0.576861,2.120337,18.857945,12.500073,3.468514,2.715981,169.632537,4.782275,1.041246,0.023724,0.946373
-0.029703,0.020151,0.594887,1.900959,18.978150,12.583340,3.467313,2.731958,171.052507,5.223897,1.042002,0.025836,0.947013
-0.032736,0.019620,0.556630,1.773711,18.851540,11.530140,3.461972,2.718319,169.491589,4.728995,1.040859,0.023330,0.946156
-0.032375,0.020692,0.608134,1.799109,18.852788,12.395285,3.468061,2.721286,169.175575,5.230950,1.040383,0.025868,0.945644
-0.034107,0.021250,0.616392,1.836107,18.805073,11.841553,3.468742,2.725007,169.584711,5.151742,1.040082,0.025498,0.945327
-0.026815,0.019836,0.586961,1.762883,18.830847,12.583497,3.462371,2.724536,169.427342,4.978778,1.040583,0.024563,0.945897
-0.032066,0.020097,0.597446,1.631984,18.938667,12.080687,3.465398,2.723177,169.973180,4.964878,1.040641,0.024494,0.945827
-0.032155,0.019683,0.545418,1.836313,18.953923,12.139485,3.461857,2.741830,170.357755,4.750752,1.041042,0.023429,0.946263
-0.039896,0.019698,0.514833,2.431012,18.893050,9.882103,3.457448,2.742304,170.923982,4.186053,1.041233,0.020540,0.946396
-0.028388,0.020721,0.567280,1.656354,18.835547,12.500017,3.467115,2.722838,169.426499,4.665634,1.040498,0.023112,0.945864
-0.042064,0.019122,0.483433,2.148989,18.948740,9.500460,3.461375,2.738294,171.407231,3.973835,1.041774,0.019444,0.946770
-0.032804,0.019277,0.520865,2.060048,18.879792,10.385788,3.459723,2.733927,171.163034,4.166375,1.041156,0.020591,0.946327
-0.033689,0.020293,0.533812,1.873212,18.891605,10.935385,3.464275,2.724573,171.151632,4.477442,1.041144,0.022025,0.946354
-0.033824,0.019667,0.518261,1.930662,18.961447,11.010190,3.463838,2.738529,171.081331,4.457466,1.041093,0.021916,0.946275
-0.030421,0.018916,0.536902,1.946248,18.955160,11.628962,3.458591,2.726406,171.093544,4.487043,1.041173,0.022066,0.946385
-0.030557,0.019609,0.558303,2.038477,18.967567,11.212200,3.460957,2.723655,171.136527,4.452523,1.041069,0.021895,0.946254
-0.029715,0.019921,0.536898,1.862115,18.968838,12.096142,3.462551,2.733932,171.188350,4.515540,1.041323,0.022207,0.946526
-0.039050,0.020097,0.533187,1.534346,18.866017,9.938983,3.461532,2.744160,171.121754,4.348455,1.040504,0.021352,0.945738
-0.036373,0.018726,0.533524,2.146362,18.880165,10.532180,3.458303,2.727360,171.124809,4.370563,1.040587,0.021477,0.945849
-0.038238,0.019034,0.551331,1.869800,18.931945,10.426173,3.457717,2.742631,171.086498,4.343729,1.040483,0.021378,0.945760
-0.035002,0.019018,0.528117,1.651926,18.899312,10.456773,3.460237,2.712328,170.945793,4.294697,1.040241,0.021199,0.945565
-0.029418,0.019767,0.551361,2.021806,19.007648,12.181030,3.462618,2.741065,170.957470,4.384336,1.040752,0.021688,0.945982
-0.034687,0.019964,0.555202,1.870113,18.888032,10.607928,3.462976,2.737523,170.913811,4.271781,1.040137,0.021099,0.945449
-0.033842,0.020013,0.549391,1.959441,18.932203,11.068428,3.462138,2.725876,170.946784,4.290778,1.040249,0.021179,0.945517
-0.033123,0.019122,0.533777,1.879349,18.868600,10.706245,3.459375,2.727189,170.941357,4.249579,1.040033,0.021004,0.945356
-0.033818,0.019568,0.541526,1.956658,18.895087,10.163857,3.462527,2.744801,170.902484,4.187690,1.039724,0.020679,0.945068
-0.034260,0.019862,0.536702,2.024213,18.834103,10.193285,3.461005,2.734618,170.877357,4.170726,1.039651,0.020629,0.944970
-0.036975,0.019328,0.548905,1.980963,18.837160,10.442577,3.460476,2.724582,170.856678,4.174076,1.039643,0.020650,0.944992
-0.040079,0.020635,0.530273,1.909499,18.927457,10.481645,3.462783,2.732137,170.915618,4.454240,1.039620,0.021913,0.944878
-0.033328,0.019705,0.550263,1.817879,18.903320,10.528845,3.460954,2.734139,170.962526,4.178928,1.039674,0.020687,0.945021
-0.027648,0.019580,0.535224,1.911359,18.954438,11.955817,3.461557,2.736295,171.012321,4.281851,1.040149,0.021181,0.945462
-0.033488,0.019911,0.539639,1.941588,18.857215,10.305162,3.463939,2.737139,170.967373,4.151168,1.039500,0.020515,0.944885
-0.031382,0.020081,0.545042,1.883802,18.865678,10.570232,3.462696,2.734992,170.952154,4.151437,1.039494,0.020530,0.944874
-0.036668,0.019137,0.507311,2.163666,18.827932,10.315547,3.458889,2.732497,170.906847,4.400360,1.039240,0.021663,0.944647
-0.032928,0.020041,0.535190,2.170441,18.909353,11.071507,3.461271,2.719268,170.905209,4.446447,1.039451,0.021874,0.944832
-0.032210,0.019876,0.521110,1.919002,18.964245,11.136255,3.463028,2.735981,170.892138,4.439313,1.039415,0.021831,0.944797
-0.039492,0.019302,0.552547,1.859332,18.858520,10.182310,3.458963,2.727335,170.839448,4.347998,1.038964,0.021382,0.944374
-0.034092,0.019575,0.538865,2.151555,18.874055,10.384827,3.460875,2.731129,170.820017,4.331141,1.038892,0.021312,0.944316
-0.033484,0.019137,0.553771,1.941066,18.935020,10.673268,3.458683,2.750608,170.832534,4.333532,1.038990,0.021354,0.944348
-0.033475,0.019877,0.552936,2.117701,18.941382,10.680350,3.461996,2.732813,170.783052,4.322744,1.038874,0.021299,0.944290
-0.036618,0.019701,0.561384,2.004756,18.846980,10.238690,3.459843,2.720261,170.732605,4.273358,1.038550,0.021045,0.944039
-0.034289,0.020096,0.552942,1.865625,18.815765,10.365208,3.461104,2.736271,170.683186,4.244832,1.038465,0.020966,0.943960
-0.033363,0.020175,0.518160,2.322954,18.830940,10.400957,3.463142,2.720895,170.610227,4.219569,1.038312,0.020851,0.943823
-0.028096,0.019511,0.532532,1.922457,18.907248,11.790288,3.459021,2.732340,170.659110,4.302962,1.038740,0.021267,0.944187
-0.030538,0.020458,0.562258,1.931809,18.892580,11.019557,3.463969,2.729451,170.655150,4.252140,1.038513,0.020994,0.943933
-0.032835,0.020348,0.526628,2.068920,18.831147,10.364303,3.464184,2.725875,170.649121,4.185464,1.038177,0.020700,0.943658
-0.032040,0.020030,0.553483,2.039987,19.059843,11.412672,3.461380,2.729606,170.737611,4.245059,1.038549,0.021011,0.943934
-0.035441,0.020696,0.535674,1.914994,18.836287,10.031963,3.463544,2.746124,170.687951,4.159016,1.038037,0.020531,0.943520
-0.032321,0.020302,0.558602,2.031019,18.990073,10.633908,3.464149,2.731462,170.647275,4.184842,1.038154,0.020698,0.943633
-0.029904,0.020463,0.561341,1.944852,18.956540,11.902235,3.464415,2.720863,170.601233,4.538243,1.038340,0.022338,0.943857
-0.032420,0.020265,0.566739,1.567911,18.897687,11.138248,3.462765,2.743863,170.540552,4.464302,1.037999,0.021952,0.943507
-0.031043,0.020155,0.540263,1.970811,18.918153,11.981815,3.462186,2.737948,170.552061,4.494600,1.038181,0.022123,0.943675
-0.031484,0.019990,0.550259,1.935742,18.905778,11.383840,3.460428,2.718995,170.519879,4.442436,1.037931,0.021864,0.943420
-0.035110,0.019957,0.522887,1.822584,18.822697,10.214158,3.460606,2.721297,170.451110,4.331584,1.037380,0.021317,0.942924
-0.030154,0.019927,0.557073,1.945407,18.877715,11.649870,3.461549,2.722991,170.493000,4.401358,1.037796,0.021736,0.943306
-0.038425,0.019868,0.564970,1.873526,18.869587,9.925283,3.460746,2.731708,170.421764,4.269281,1.037110,0.021025,0.942655
-0.033739,0.019632,0.533818,1.812136,18.823468,10.177127,3.459715,2.742499,170.430697,4.265661,1.037083,0.021042,0.942666
-0.032569,0.019694,0.568995,1.790158,18.915785,11.666517,3.461300,2.753647,170.576997,4.383643,1.037682,0.021640,0.943199
-0.035850,0.020587,0.549345,1.798741,18.884828,10.816327,3.463366,2.732847,170.605888,4.336305,1.037386,0.021352,0.942945
-0.036154,0.020274,0.575007,1.930369,18.885025,10.042070,3.462711,2.723904,170.564093,4.264255,1.037047,0.021002,0.942638
-0.040765,0.019731,0.525015,1.905218,18.828163,9.713672,3.459940,2.727142,170.514227,4.218015,1.036801,0.020756,0.942404
-0.031868,0.019935,0.548680,2.151304,18.998535,11.432340,3.460180,2.727004,170.584131,4.332265,1.037358,0.021344,0.942933
-0.038711,0.020092,0.517510,1.932109,18.804657,9.805703,3.463531,2.725584,170.448106,4.193931,1.036661,0.020672,0.942302
-0.036959,0.020396,0.551534,1.856356,18.925148,10.739047,3.463690,2.725900,170.510572,4.232765,1.036911,0.020895,0.942515
-0.033404,0.020668,0.560614,1.924263,18.847217,10.806258,3.466227,2.719781,170.450233,4.235362,1.036816,0.020893,0.942474
-0.033353,0.019775,0.512352,1.924719,18.881753,10.827878,3.462623,2.739257,170.428549,4.207610,1.036752,0.020810,0.942369
-0.033843,0.020354,0.500614,1.918291,18.867683,10.149312,3.464368,2.732857,170.368485,4.142994,1.036418,0.020461,0.942051
-0.029312,0.020637,0.540579,2.002432,18.923407,11.295998,3.462688,2.731094,170.407777,4.210614,1.036738,0.020815,0.942355
-0.031783,0.020941,0.536940,1.861992,18.899542,11.460340,3.466001,2.728366,170.385475,4.506114,1.036689,0.022180,0.942336
-0.039775,0.020189,0.566722,1.704143,18.783947,10.199433,3.461319,2.725359,170.338081,4.390818,1.036143,0.021600,0.941811
-0.038191,0.021257,0.552303,1.900609,18.852378,10.571193,3.465159,2.733324,170.296250,4.397597,1.036123,0.021590,0.941800
-0.036634,0.020450,0.587883,1.702683,18.799447,9.836575,3.461371,2.730369,170.189239,4.309178,1.035685,0.021166,0.941403
-0.031508,0.020510,0.563009,1.987599,18.856935,10.777170,3.461893,2.741496,170.232128,4.357596,1.035972,0.021432,0.941645
-0.032496,0.020771,0.564290,2.256200,18.905248,11.209475,3.464525,2.717110,170.266426,4.388930,1.036136,0.021610,0.941795
-0.028605,0.019881,0.541013,1.919942,18.939692,11.752115,3.462131,2.739938,170.336180,4.427315,1.036293,0.021770,0.941969
-0.028970,0.020300,0.512285,2.165318,18.871300,11.545948,3.460890,2.745981,170.323950,4.401214,1.036175,0.021648,0.941855
-0.040441,0.020594,0.551061,1.845324,18.778312,9.604900,3.463199,2.741926,170.235056,4.232729,1.035364,0.020828,0.941083
-0.033352,0.020024,0.548618,1.846311,18.848338,10.943837,3.461695,2.719275,170.195937,4.307874,1.035661,0.021227,0.941416
-0.036410,0.020514,0.560542,1.915685,18.822978,9.989473,3.463720,2.725601,170.082688,4.191109,1.035153,0.020687,0.940927
-0.027485,0.020776,0.572550,1.923677,18.922835,11.855688,3.466267,2.717743,170.201271,4.309543,1.035767,0.021333,0.941482
-0.037506,0.019889,0.554747,2.065574,18.797498,10.139495,3.459009,2.724057,170.191441,4.193852,1.035170,0.020678,0.940911
-0.035924,0.020196,0.570419,1.912027,18.834813,9.863502,3.463003,2.741763,170.233603,4.154039,1.034992,0.020476,0.940736
-0.035966,0.020982,0.532867,2.169296,18.798042,10.049417,3.465459,2.735911,170.228626,4.160041,1.034977,0.020493,0.940741
-0.031191,0.021123,0.566548,1.937649,18.873098,10.809650,3.464500,2.729561,170.218474,4.189313,1.035191,0.020705,0.940923
-0.029810,0.020418,0.570333,1.954987,18.854897,11.404583,3.461730,2.730967,170.283138,4.229846,1.035336,0.020893,0.941090
-0.036544,0.021286,0.541691,1.762625,18.833883,10.049058,3.463627,2.723267,170.158436,4.117654,1.034819,0.020325,0.940562
-0.034692,0.021494,0.555285,1.801115,18.887712,11.020503,3.465735,2.731300,170.072911,4.459610,1.034958,0.021923,0.940700
-0.035804,0.021085,0.555824,2.054310,18.865242,10.844863,3.465874,2.730081,170.106127,4.445471,1.034858,0.021850,0.940645
-0.034981,0.021124,0.568102,1.874005,18.929913,11.058230,3.464888,2.732997,170.096732,4.440937,1.034941,0.021869,0.940682
-0.038526,0.020661,0.570354,1.867959,18.811772,10.513765,3.464804,2.711548,170.055178,4.400436,1.034596,0.021639,0.940441
-0.038165,0.020704,0.550812,1.862830,18.793113,10.056973,3.461485,2.729723,169.999412,4.331839,1.034317,0.021280,0.940127
-0.042039,0.020530,0.593310,1.916514,18.767917,9.758875,3.463756,2.720128,169.966522,4.279978,1.034012,0.021040,0.939897
-0.031657,0.019783,0.563151,1.775389,18.878823,11.210802,3.460779,2.725901,170.020970,4.367254,1.034505,0.021505,0.940318
-0.045710,0.020037,0.548707,1.821669,18.779722,9.505350,3.460111,2.740314,169.940957,4.225317,1.033777,0.020787,0.939651
-0.027301,0.020779,0.596399,1.722424,18.993418,11.595648,3.464785,2.720428,170.001942,4.363545,1.034501,0.021497,0.940321
-0.032545,0.020215,0.594824,2.123653,18.864735,11.147553,3.463786,2.729463,169.987926,4.330078,1.034286,0.021320,0.940152
-0.038095,0.020019,0.565618,1.835023,18.818390,10.189900,3.460526,2.736456,169.919851,4.233171,1.033811,0.020861,0.939696
-0.037008,0.020543,0.556457,1.928067,18.778517,9.748808,3.461229,2.750874,169.878630,4.164132,1.033542,0.020555,0.939434
-0.034147,0.020279,0.551386,2.438892,18.781162,10.354663,3.461217,2.744792,169.891116,4.197982,1.033628,0.020715,0.939541
-0.035286,0.020333,0.550667,1.826407,18.800212,10.004280,3.462591,2.750019,169.831590,4.154998,1.033398,0.020503,0.939333
-0.031219,0.021024,0.573546,1.785071,18.946392,11.233272,3.465782,2.729284,169.838634,4.218699,1.033773,0.020864,0.939634
-0.030224,0.021166,0.587086,1.777039,18.890682,11.635960,3.465354,2.718655,169.866724,4.246972,1.033908,0.021015,0.939762
-0.034660,0.020007,0.601222,1.836881,18.848440,10.192145,3.459757,2.735423,169.826605,4.136106,1.033331,0.020431,0.939246
-0.031471,0.020759,0.566359,1.742421,18.857082,10.750905,3.461704,2.730052,169.860814,4.160321,1.033497,0.020595,0.939403
-0.038779,0.020790,0.582556,1.769835,18.795520,9.428118,3.463161,2.740549,169.804133,4.045574,1.032909,0.019991,0.938834
-0.037447,0.021282,0.506526,1.974051,18.814920,9.875633,3.465118,2.740647,169.806522,4.066739,1.032954,0.020085,0.938908
-0.032628,0.021133,0.562330,1.778779,18.831977,11.241465,3.463657,2.736224,169.798481,4.445459,1.033267,0.021877,0.939276
-0.035989,0.020434,0.593336,1.694712,18.814295,10.646630,3.462999,2.740335,169.718097,4.375816,1.032957,0.021494,0.938949
-0.037599,0.020654,0.590001,1.694666,18.832712,9.630903,3.461259,2.733464,169.645412,4.253569,1.032464,0.020925,0.938428
-0.028772,0.021140,0.581622,1.719259,18.893647,11.788943,3.466752,2.759355,169.737459,4.394765,1.033113,0.021692,0.939087
-0.033110,0.020510,0.590388,1.812810,18.780488,10.645683,3.462110,2.739561,169.650963,4.312888,1.032659,0.021230,0.938678
-0.034203,0.020732,0.566254,1.986564,18.790693,10.716660,3.463204,2.722497,169.644720,4.290833,1.032613,0.021147,0.938590
-0.036609,0.020720,0.600825,1.666457,18.780677,10.471443,3.463162,2.721799,169.627944,4.251626,1.032455,0.020969,0.938432
-0.036005,0.020369,0.552675,1.795145,18.893983,10.323493,3.458993,2.723503,169.609181,4.225489,1.032326,0.020825,0.938287
-0.040033,0.020838,0.609043,1.935591,18.748217,9.671008,3.461198,2.737686,169.578118,4.159755,1.031954,0.020518,0.937996
-0.031512,0.020590,0.549046,1.847964,18.824925,11.086283,3.462483,2.714923,169.719260,4.268867,1.032513,0.021076,0.938526
-0.031622,0.020049,0.595942,1.856355,18.883683,10.888252,3.458430,2.714856,169.730406,4.253113,1.032448,0.020974,0.938441
-0.040933,0.021230,0.574826,2.031883,18.749915,9.150092,3.464274,2.745504,169.678305,4.104048,1.031680,0.020239,0.937751
-0.043925,0.020226,0.593006,1.972052,18.729475,8.684638,3.460824,2.737114,169.579844,4.023975,1.031267,0.019850,0.937388
-0.035332,0.021316,0.593092,1.849267,18.893347,10.887745,3.465321,2.746962,169.663884,4.195799,1.032093,0.020717,0.938145
-0.041313,0.021636,0.597217,1.710384,18.811650,9.395838,3.468308,2.740551,169.631787,4.077349,1.031505,0.020104,0.937598
-0.040782,0.021230,0.543806,2.104332,18.731092,9.356270,3.462916,2.751349,169.593378,4.039818,1.031299,0.019952,0.937452
-0.038273,0.021028,0.601429,1.899826,18.699435,9.333890,3.462069,2.749951,169.610500,4.019992,1.031189,0.019833,0.937315
-0.035407,0.020954,0.567513,1.788697,18.802085,10.840502,3.464047,2.719672,169.607575,4.409804,1.031620,0.021700,0.937717
-0.034332,0.020749,0.568006,1.938931,18.818230,10.806355,3.460899,2.729764,169.580915,4.402925,1.031583,0.021638,0.937665
-0.037312,0.021453,0.605965,1.791213,18.819553,10.406763,3.464300,2.724474,169.561577,4.360106,1.031363,0.021412,0.937475
-0.036200,0.021882,0.594357,1.821913,18.844827,10.100828,3.466656,2.711897,169.547810,4.327735,1.031228,0.021239,0.937320
-0.044516,0.020977,0.608835,1.737040,18.706863,8.952923,3.460847,2.730145,169.473196,4.199033,1.030549,0.020616,0.936742
-0.030572,0.020543,0.605270,1.745161,18.797293,10.975453,3.462311,2.709175,169.494578,4.338906,1.031210,0.021331,0.937391
-0.039346,0.021025,0.604246,1.803908,18.733763,10.081603,3.463447,2.733047,169.409150,4.240563,1.030779,0.020865,0.936978
-0.039335,0.020859,0.540813,1.857898,18.764545,9.881172,3.465597,2.728313,169.393618,4.199747,1.030621,0.020674,0.936772
-0.033183,0.020444,0.585091,1.709147,18.813827,10.979392,3.462262,2.727767,169.476284,4.284506,1.030996,0.021076,0.937149
-0.049701,0.022101,0.608309,1.648268,18.672053,8.305418,3.467144,2.742312,169.337557,4.028333,1.029765,0.019829,0.936006
-0.037613,0.021858,0.606656,1.648402,18.878740,9.927720,3.464733,2.726039,169.415619,4.148653,1.030391,0.020462,0.936566
-0.043281,0.020513,0.581590,1.719472,18.726930,9.369157,3.462853,2.729511,169.422147,4.105854,1.030072,0.020220,0.936328
-0.047152,0.021404,0.566674,1.656040,18.692137,8.518952,3.464094,2.725375,169.275604,3.992805,1.029533,0.019687,0.935840
-0.036749,0.021504,0.624641,1.686411,18.796467,10.250940,3.463103,2.722278,169.278730,4.109857,1.030076,0.020305,0.936336
-0.038499,0.021753,0.577805,1.755558,18.759278,10.145397,3.463103,2.731181,169.234221,4.377505,1.029898,0.021508,0.936167
-0.038031,0.022301,0.610570,1.633807,18.782697,10.040462,3.465977,2.725718,169.200694,4.347782,1.029778,0.021366,0.936029
-0.047792,0.022534,0.588775,1.698511,18.630713,8.583997,3.468570,2.746827,169.097986,4.190321,1.028961,0.020570,0.935316
-0.032565,0.021593,0.615517,1.711720,18.807033,10.968220,3.465779,2.709183,169.186590,4.365529,1.029856,0.021462,0.936115
-0.051230,0.021467,0.631519,1.633523,18.629245,8.325655,3.464128,2.727587,169.044407,4.118426,1.028656,0.020238,0.935009
-0.050797,0.021811,0.611018,1.650796,18.660920,8.470767,3.465594,2.723721,169.027454,4.093376,1.028560,0.020137,0.934896
-0.037426,0.021752,0.568084,1.774479,18.703377,9.919080,3.463688,2.715797,169.066647,4.195522,1.029092,0.020704,0.935416
-0.030798,0.020988,0.605591,1.689902,18.827553,10.773873,3.461059,2.720616,169.166744,4.268395,1.029444,0.021019,0.935687
-0.033148,0.021620,0.617542,1.789045,18.779705,10.958552,3.465775,2.727295,169.258419,4.295353,1.029524,0.021181,0.935860
-0.039673,0.021617,0.591066,1.876308,18.742068,10.330413,3.461529,2.713004,169.239899,4.251628,1.029290,0.020914,0.935600
-0.038759,0.021950,0.621608,1.768081,18.769702,10.166848,3.465454,2.718819,169.211420,4.207106,1.029141,0.020701,0.935433
-0.040324,0.021549,0.603498,1.657383,18.757955,9.627438,3.466119,2.737701,169.178114,4.145201,1.028825,0.020421,0.935153
-0.035624,0.021089,0.596962,1.821378,18.762185,9.995095,3.463638,2.740609,169.173436,4.161699,1.028848,0.020498,0.935198
-0.046530,0.021099,0.608890,1.641883,18.635318,8.525365,3.459927,2.740205,169.068628,4.002588,1.028049,0.019702,0.934476
-0.046699,0.021244,0.589808,1.848200,18.680797,8.536423,3.461978,2.726926,169.033281,3.973308,1.027921,0.019581,0.934353
-0.034893,0.021350,0.601071,1.848270,18.715355,9.806293,3.464290,2.722183,169.046906,4.071246,1.028343,0.020088,0.934772
-0.041980,0.021642,0.610346,1.859259,18.664178,8.897882,3.465504,2.735466,169.003212,3.968545,1.027869,0.019584,0.934315
-0.045661,0.022705,0.606720,1.772594,18.664545,9.560680,3.467606,2.733986,169.018060,4.306173,1.027961,0.021122,0.934425
-0.038643,0.021498,0.597676,1.842594,18.728018,9.764973,3.464523,2.725796,169.023162,4.293017,1.027968,0.021068,0.934393
-0.033521,0.021671,0.613322,1.736454,18.812745,10.989622,3.462623,2.731722,169.042726,4.374863,1.028382,0.021501,0.934798
-0.044532,0.022682,0.598355,1.907951,18.709875,9.107792,3.469151,2.727634,168.950534,4.218090,1.027608,0.020707,0.934051
-0.036901,0.021532,0.632432,1.637386,18.801352,10.597852,3.464494,2.720500,168.995716,4.308269,1.027988,0.021137,0.934448
-0.039403,0.021381,0.590767,2.037977,18.749250,9.978447,3.460851,2.726300,168.941814,4.236765,1.027708,0.020828,0.934162
-0.031694,0.021952,0.603695,1.655979,18.746338,10.631272,3.463926,2.737069,168.950629,4.255793,1.027835,0.020971,0.934276
-0.038434,0.022194,0.616531,1.664242,18.818598,10.275158,3.469585,2.724549,168.946171,4.217836,1.027624,0.020756,0.934090
-0.039178,0.021749,0.612826,1.701270,18.751160,10.147010,3.466279,2.721437,168.932870,4.188041,1.027393,0.020606,0.933940
-0.032011,0.021414,0.624241,1.737600,18.786662,10.774055,3.466381,2.732049,168.932424,4.211586,1.027592,0.020783,0.934078
-0.034849,0.021625,0.617540,1.721298,18.856737,10.337958,3.462592,2.723546,168.919805,4.156798,1.027373,0.020517,0.933850
-0.038241,0.022009,0.618075,1.618110,18.683570,9.571622,3.466831,2.728546,168.799755,4.075270,1.026832,0.020126,0.933442
-0.031417,0.022474,0.608844,1.815107,18.819697,10.450255,3.465432,2.729069,168.764724,4.100409,1.026975,0.020268,0.933530
-0.035112,0.022237,0.609750,1.659952,18.723115,10.333945,3.466426,2.712444,168.703984,4.369896,1.026761,0.021465,0.933356
-0.041322,0.022274,0.606529,1.774458,18.714067,9.100477,3.466771,2.728478,168.619727,4.231520,1.026120,0.020767,0.932708
-0.031185,0.021615,0.646006,1.599016,18.794352,11.514815,3.463086,2.719497,168.686939,4.388823,1.026911,0.021608,0.933470
-0.045271,0.021497,0.631762,1.654804,18.723097,9.524217,3.464365,2.724299,168.618743,4.217464,1.026085,0.020733,0.932678
-0.039357,0.022077,0.613205,1.786038,18.722533,9.913308,3.465179,2.717530,168.578034,4.218489,1.026104,0.020761,0.932678
-0.040128,0.022191,0.623561,1.623160,18.695927,9.429485,3.467333,2.738323,168.537678,4.146818,1.025766,0.020430,0.932377
-0.042013,0.021586,0.642182,1.629717,18.709142,8.854498,3.464369,2.726520,168.491954,4.065126,1.025377,0.020024,0.932014
-0.035448,0.022819,0.647359,1.809773,18.746588,9.626212,3.466860,2.729172,168.606711,4.120048,1.025652,0.020329,0.932276
-0.038901,0.022310,0.626180,1.635341,18.709487,9.892558,3.466991,2.740739,168.661671,4.149817,1.025721,0.020429,0.932378
-0.030647,0.022338,0.642392,1.613652,18.848360,11.301450,3.463868,2.739017,168.699264,4.233445,1.026155,0.020881,0.932801
-0.034954,0.022419,0.638888,1.839364,18.765612,10.311093,3.465527,2.740462,168.660741,4.153152,1.025755,0.020490,0.932413
-0.034182,0.021941,0.641642,1.702412,18.792615,10.906545,3.462262,2.715332,168.681200,4.172156,1.025833,0.020575,0.932490
-0.047854,0.021600,0.641792,1.457607,18.628417,8.568412,3.461645,2.730961,168.552772,3.959844,1.024809,0.019514,0.931500
-0.029976,0.022183,0.630331,1.649692,18.794520,10.973558,3.464605,2.719243,168.624422,4.120501,1.025582,0.020335,0.932238
-0.034101,0.022097,0.617237,1.780459,18.786333,10.706778,3.465524,2.710499,168.584922,4.097858,1.025432,0.020224,0.932115
-0.034039,0.022220,0.631376,1.726646,18.816238,10.377943,3.464408,2.723576,168.539634,4.038469,1.025183,0.019973,0.931861
-0.036690,0.023156,0.619046,1.661067,18.732752,10.373400,3.467661,2.734620,168.527067,4.311826,1.024998,0.021209,0.931738
-0.040712,0.023194,0.593033,1.720543,18.768060,9.698730,3.470141,2.719688,168.449516,4.230728,1.024586,0.020769,0.931316
-0.033937,0.022396,0.644651,1.735842,18.788090,10.759098,3.467553,2.718735,168.463527,4.293832,1.024858,0.021081,0.931598
-0.035230,0.021951,0.657801,1.794945,18.728930,10.246307,3.464637,2.720744,168.420190,4.231805,1.024559,0.020784,0.931315
-0.035895,0.022548,0.628928,1.589650,18.753455,10.242680,3.467530,2.718820,168.393463,4.183505,1.024438,0.020609,0.931192
-0.040721,0.022597,0.652444,1.604393,18.694255,9.665438,3.467004,2.734483,168.272103,4.104228,1.024004,0.020247,0.930796
-0.033021,0.022933,0.647956,1.757238,18.836640,11.010218,3.470679,2.740444,168.307099,4.181438,1.024334,0.020619,0.931093
-0.036529,0.022744,0.667076,1.518602,18.809313,10.402890,3.466663,2.725269,168.370909,4.135085,1.024120,0.020396,0.930923
-0.035059,0.022752,0.642201,1.640052,18.800612,10.576245,3.468027,2.707470,168.367455,4.135983,1.024094,0.020369,0.930920
-0.040520,0.022907,0.589905,1.592248,18.793282,9.903497,3.468332,2.744768,168.359354,4.060471,1.023771,0.020016,0.930601
-0.032099,0.022270,0.625280,1.599199,18.824522,11.306755,3.466635,2.723931,168.380548,4.136641,1.024141,0.020443,0.930974
-0.033962,0.022361,0.617355,1.618590,18.743578,10.464192,3.467245,2.736190,168.313049,4.073058,1.023768,0.020080,0.930581
-0.036606,0.023576,0.640878,1.560238,18.759192,11.241318,3.470685,2.725035,168.239938,4.379737,1.023752,0.021527,0.930615
-0.034108,0.022723,0.649348,1.619412,18.773070,10.550363,3.467241,2.701074,168.148916,4.285440,1.023326,0.021025,0.930156
-0.030465,0.022540,0.660764,1.551831,18.837473,11.310677,3.465375,2.741973,168.126406,4.313677,1.023478,0.021202,0.930304
-0.041483,0.022253,0.625248,1.966349,18.786628,9.623063,3.466204,2.729680,168.056966,4.158882,1.022751,0.020461,0.929640
-0.041310,0.023051,0.655831,1.692798,18.733443,9.861880,3.468299,2.743897,168.032018,4.139177,1.022672,0.020414,0.929550
-0.030490,0.022246,0.631154,1.666729,18.816152,11.575587,3.462605,2.720291,168.090208,4.237199,1.023140,0.020885,0.929981
-0.029587,0.023206,0.666012,1.581451,18.822583,11.254850,3.466581,2.729859,168.053977,4.206948,1.022941,0.020746,0.929841
-0.045924,0.022812,0.637850,1.590065,18.703470,8.907275,3.465371,2.722842,167.975285,3.990573,1.021907,0.019677,0.928847
-0.030333,0.022998,0.656547,1.555906,18.752840,10.712660,3.466765,2.720801,168.070151,4.110105,1.022523,0.020323,0.929399
-0.043645,0.022488,0.646190,1.826335,18.694090,9.404215,3.463606,2.729252,168.079078,4.002061,1.022004,0.019751,0.928905
-0.041537,0.022670,0.675408,1.573819,18.699620,9.281625,3.464034,2.724369,168.088780,3.983806,1.021860,0.019671,0.928854
-0.040575,0.022591,0.635400,1.573714,18.648070,9.041987,3.465838,2.717265,168.048128,3.940981,1.021636,0.019416,0.928599
-0.034512,0.022220,0.637983,1.682550,18.789982,10.657768,3.462010,2.712383,168.117258,4.051449,1.022203,0.020010,0.929118
-0.036176,0.022941,0.671564,1.546841,18.726513,9.678837,3.465880,2.719379,168.030561,3.962884,1.021706,0.019582,0.928725
-0.035046,0.023147,0.644413,1.623818,18.811783,10.798293,3.468330,2.709540,168.034526,4.311252,1.021956,0.021194,0.928945
